timestamp,cpu_percent,load_1m,load_5m,load_15m,mem_total_mb,mem_used_mb,mem_percent,swap_total_mb,swap_used_mb,swap_percent,disk_total_gb,disk_used_gb,disk_percent,disk_read_mb,disk_write_mb,net_rx_mb,net_tx_mb,procs_total,procs_running
2026-05-16 04:36:42,5.2,20.29,51.66,39.49,1545545,38302,2.5,0,0,0.0,1007,474,50,1.17,4.05,0.56,1.92,2361,10
2026-05-16 04:37:43,5.6,28.28,48.22,39.06,1545545,84373,5.5,0,0,0.0,1007,474,50,1.04,78.67,0.59,2.73,2484,10
2026-05-16 04:38:43,5.5,22.29,42.91,37.81,1545545,87364,5.7,0,0,0.0,1007,474,50,1.03,78.40,0.68,1.99,2515,11
2026-05-16 04:39:43,1.8,15.90,37.45,36.26,1545545,87835,5.7,0,0,0.0,1007,474,50,1.03,12.42,1.66,2.82,2501,1
2026-05-16 04:40:44,1.6,12.47,32.52,34.63,1545545,87778,5.7,0,0,0.0,1007,474,50,1.03,3.41,0.64,2.22,2497,1
2026-05-16 04:41:44,1.6,11.78,28.65,33.17,1545545,87778,5.7,0,0,0.0,1007,474,50,1.03,3.11,0.62,1.94,2483,4
2026-05-16 04:42:44,1.3,17.47,26.85,32.24,1545545,19814,1.3,0,0,0.0,1007,474,50,1.03,12.02,14.11,11.19,2330,2
2026-05-16 04:43:45,1.0,12.61,23.73,30.83,1545545,26029,1.7,0,0,0.0,1007,474,50,1.03,7.07,0.57,1.92,2322,2
2026-05-16 04:44:45,1.0,10.75,21.17,29.50,1545545,33313,2.2,0,0,0.0,1007,474,50,1.03,3.80,0.57,1.92,2309,2
2026-05-16 04:45:45,6.2,15.09,20.38,28.70,1545545,37987,2.5,0,0,0.0,1007,474,50,1.06,4.88,1.11,2.52,2325,12
2026-05-16 04:46:46,5.0,17.12,19.96,28.03,1545545,42789,2.8,0,0,0.0,1007,474,50,1.03,3.16,0.50,1.88,2327,10
2026-05-16 04:47:46,5.8,21.01,20.84,27.84,1545545,84505,5.5,0,0,0.0,1007,474,50,1.03,50.05,0.52,1.94,2456,11
2026-05-16 04:48:46,5.6,19.21,20.34,27.23,1545545,87243,5.6,0,0,0.0,1007,474,50,1.03,84.77,0.74,2.03,2472,7
2026-05-16 04:49:47,1.8,14.48,18.79,26.23,1545545,87789,5.7,0,0,0.0,1007,474,50,1.03,5.59,1.43,2.67,2474,1
2026-05-16 04:50:47,1.5,12.15,17.33,25.26,1545545,87796,5.7,0,0,0.0,1007,474,50,1.03,3.50,0.71,2.43,2470,2
2026-05-16 04:51:47,1.5,11.22,16.11,24.34,1545545,87807,5.7,0,0,0.0,1007,474,50,1.03,2.91,0.51,1.88,2472,1
2026-05-16 04:52:48,1.3,10.87,15.12,23.48,1545545,87775,5.7,0,0,0.0,1007,474,50,1.03,3.06,0.55,1.92,2465,4
2026-05-16 04:53:48,2.0,10.60,14.27,22.67,1545545,87770,5.7,0,0,0.0,1007,474,50,1.03,3.09,0.57,1.90,2469,3
2026-05-16 04:54:48,1.4,10.33,13.54,21.89,1545545,87771,5.7,0,0,0.0,1007,474,50,1.03,2.92,0.52,1.90,2463,5
2026-05-16 04:55:49,1.5,10.21,12.91,21.15,1545545,87815,5.7,0,0,0.0,1007,474,50,1.03,3.38,1.09,2.54,2469,5
2026-05-16 04:56:49,3.1,11.79,12.79,20.58,1545545,87882,5.7,0,0,0.0,1007,474,50,1.03,3.08,2.47,3.92,2492,4
2026-05-16 04:57:49,1.5,11.13,12.46,19.98,1545545,87828,5.7,0,0,0.0,1007,474,50,1.03,3.16,6.17,7.06,2492,3
2026-05-16 04:58:50,1.6,10.92,12.14,19.40,1545545,87830,5.7,0,0,0.0,1007,474,50,1.03,2.94,4.95,5.96,2484,2
2026-05-16 04:59:50,1.7,11.44,12.06,18.91,1545545,87858,5.7,0,0,0.0,1007,474,50,1.03,2.80,6.29,7.59,2479,8
2026-05-16 05:00:50,1.9,11.69,12.02,18.47,1545545,87863,5.7,0,0,0.0,1007,474,50,1.03,3.42,7.12,8.05,2479,1
2026-05-16 05:01:51,2.8,11.69,11.95,18.04,1545545,87866,5.7,0,0,0.0,1007,474,50,1.03,50.32,0.74,2.12,2481,2
2026-05-16 05:02:51,1.5,10.86,11.68,17.56,1545545,87838,5.7,0,0,0.0,1007,474,50,1.03,3.05,0.54,1.91,2484,2
2026-05-16 05:03:51,2.0,10.57,11.46,17.12,1545545,87863,5.7,0,0,0.0,1007,474,50,1.03,2.98,5.96,6.81,2481,4
2026-05-16 05:04:52,11.4,10.41,11.25,16.69,1545545,87879,5.7,0,0,0.0,1007,474,50,1.03,3.13,2.14,3.35,2474,15
2026-05-16 05:05:52,1.4,10.57,11.21,16.34,1545545,87875,5.7,0,0,0.0,1007,474,50,1.03,3.42,2.45,3.98,2473,2
2026-05-16 05:06:52,1.9,11.13,11.23,15.99,1545545,87905,5.7,0,0,0.0,1007,474,50,1.03,3.05,2.61,3.80,2474,5
2026-05-16 05:07:53,2.9,13.38,11.99,15.96,1545545,87861,5.7,0,0,0.0,1007,474,50,1.03,2.82,3.37,4.75,2486,2
2026-05-16 05:08:53,1.5,11.85,11.81,15.65,1545545,87857,5.7,0,0,0.0,1007,474,50,1.03,3.11,0.64,1.95,2481,1
2026-05-16 05:09:53,1.7,11.85,11.80,15.40,1545545,87848,5.7,0,0,0.0,1007,474,50,1.03,2.95,0.57,1.91,2484,4
2026-05-16 05:10:54,1.7,12.04,11.84,15.19,1545545,87756,5.7,0,0,0.0,1007,474,50,1.03,3.28,0.69,2.17,2489,4
2026-05-16 05:11:54,1.7,12.15,11.92,15.00,1545545,87771,5.7,0,0,0.0,1007,474,50,1.03,3.20,0.57,2.13,2485,5
2026-05-16 05:12:54,2.2,12.28,11.97,14.82,1545545,87742,5.7,0,0,0.0,1007,474,50,1.03,3.23,0.70,1.99,2456,1
2026-05-16 05:13:55,1.7,12.17,11.98,14.64,1545545,87772,5.7,0,0,0.0,1007,474,50,1.03,2.83,3.72,4.83,2473,1
2026-05-16 05:14:55,1.3,11.33,11.79,14.41,1545545,87768,5.7,0,0,0.0,1007,474,50,1.03,3.13,2.56,3.73,2474,2
2026-05-16 05:15:55,1.4,10.75,11.53,14.15,1545545,87779,5.7,0,0,0.0,1007,474,50,1.03,3.43,1.38,2.83,2470,3
2026-05-16 05:16:56,1.8,11.81,11.64,14.02,1545545,87822,5.7,0,0,0.0,1007,474,50,1.03,3.14,9.21,9.88,2478,7
2026-05-16 05:17:56,2.3,10.93,11.42,13.80,1545545,87797,5.7,0,0,0.0,1007,474,50,1.03,3.00,8.50,9.13,2488,12
2026-05-16 05:18:56,10.4,10.53,11.26,13.59,1545545,87829,5.7,0,0,0.0,1007,474,50,1.03,3.41,5.74,6.63,2489,26
2026-05-16 05:19:57,1.5,12.43,11.82,13.65,1545545,87800,5.7,0,0,0.0,1007,474,50,1.03,3.28,4.29,5.75,2490,6
2026-05-16 05:20:57,1.7,11.79,11.77,13.52,1545545,87824,5.7,0,0,0.0,1007,474,50,1.03,3.26,0.55,2.20,2494,2
2026-05-16 05:21:57,2.5,11.68,11.75,13.40,1545545,87840,5.7,0,0,0.0,1007,474,50,1.03,3.20,6.71,7.63,2485,4
2026-05-16 05:22:58,1.8,10.51,11.41,13.18,1545545,87823,5.7,0,0,0.0,1007,474,50,1.03,3.18,2.81,3.96,2472,3
2026-05-16 05:23:58,2.0,10.25,11.18,12.98,1545545,87819,5.7,0,0,0.0,1007,474,50,1.03,3.14,7.49,8.18,2479,3
2026-05-16 05:24:58,1.7,10.97,11.21,12.87,1545545,87811,5.7,0,0,0.0,1007,474,50,1.03,2.92,5.25,6.46,2480,1
2026-05-16 05:25:59,1.5,11.12,11.20,12.76,1545545,87835,5.7,0,0,0.0,1007,474,50,1.03,3.38,5.09,6.19,2470,1
2026-05-16 05:26:59,2.0,11.11,11.19,12.66,1545545,87864,5.7,0,0,0.0,1007,474,50,1.21,3.30,7.00,7.89,2465,1
2026-05-16 05:27:59,1.5,13.46,11.80,12.77,1545545,87824,5.7,0,0,0.0,1007,474,50,1.03,3.13,7.18,8.33,2476,4
2026-05-16 05:29:00,1.5,18.71,13.46,13.27,1545545,87853,5.7,0,0,0.0,1007,474,50,1.03,3.00,5.26,6.34,2488,1
2026-05-16 05:30:00,1.4,14.66,13.38,13.26,1545545,87849,5.7,0,0,0.0,1007,474,50,1.03,3.14,1.82,3.02,2484,3
2026-05-16 05:31:00,3.4,16.98,14.09,13.50,1545545,87906,5.7,0,0,0.0,1007,474,50,1.03,3.43,4.11,5.27,2483,2
2026-05-16 05:32:01,3.5,15.52,14.07,13.52,1545545,87918,5.7,0,0,0.0,1007,474,50,1.03,3.18,2.28,3.76,2485,6
2026-05-16 05:33:01,1.2,16.46,14.62,13.75,1545545,87874,5.7,0,0,0.0,1007,474,50,1.03,3.25,5.22,6.30,2488,4
2026-05-16 05:34:01,1.5,15.14,14.62,13.80,1545545,87881,5.7,0,0,0.0,1007,474,50,1.03,3.21,5.04,6.73,2464,2
2026-05-16 05:35:02,1.7,16.44,15.22,14.07,1545545,87896,5.7,0,0,0.0,1007,474,50,1.03,3.15,4.20,5.17,2470,11
2026-05-16 05:36:02,1.3,13.47,14.63,13.94,1545545,87915,5.7,0,0,0.0,1007,474,50,1.03,3.37,6.61,7.49,2469,1
2026-05-16 05:37:02,1.3,10.99,13.70,13.66,1545545,87915,5.7,0,0,0.0,1007,474,50,1.03,2.79,0.62,2.22,2477,3
2026-05-16 05:38:03,1.4,10.97,13.23,13.50,1545545,87906,5.7,0,0,0.0,1007,474,50,1.03,3.08,3.31,4.43,2475,5
2026-05-16 05:39:03,1.8,11.10,12.86,13.35,1545545,87935,5.7,0,0,0.0,1007,474,50,1.03,3.11,2.63,3.77,2476,4
2026-05-16 05:40:03,4.8,10.40,12.33,13.14,1545545,87922,5.7,0,0,0.0,1007,474,50,1.03,2.98,7.02,7.71,2468,20
2026-05-16 05:41:04,1.3,10.30,11.96,12.96,1545545,87939,5.7,0,0,0.0,1007,474,50,1.03,3.28,1.06,2.31,2472,5
2026-05-16 05:42:04,1.2,10.32,11.70,12.81,1545545,87936,5.7,0,0,0.0,1007,474,50,1.03,3.17,4.22,5.46,2472,1
2026-05-16 05:43:04,2.4,10.21,11.42,12.64,1545545,87938,5.7,0,0,0.0,1007,474,50,1.03,3.39,3.51,4.70,2469,3
2026-05-16 05:44:05,1.2,10.16,11.20,12.49,1545545,87816,5.7,0,0,0.0,1007,474,50,1.03,3.00,5.16,6.07,2471,7
2026-05-16 05:45:05,3.3,12.84,11.69,12.57,1545545,87818,5.7,0,0,0.0,1007,474,50,1.03,3.16,9.15,10.06,2480,9
2026-05-16 05:46:05,1.5,12.00,11.71,12.52,1545545,87836,5.7,0,0,0.0,1007,474,50,1.03,3.27,3.30,4.66,2485,6
2026-05-16 05:47:06,2.8,12.51,11.74,12.47,1545545,87890,5.7,0,0,0.0,1007,474,50,1.03,3.19,6.20,7.50,2480,3
2026-05-16 05:48:06,2.1,11.39,11.54,12.35,1545545,87877,5.7,0,0,0.0,1007,474,50,1.03,3.25,2.49,3.78,2481,3
2026-05-16 05:49:06,3.2,11.32,11.45,12.27,1545545,87870,5.7,0,0,0.0,1007,474,50,1.03,3.14,9.23,10.47,2490,5
2026-05-16 05:50:07,1.6,12.47,11.76,12.32,1545545,87885,5.7,0,0,0.0,1007,474,50,1.03,3.09,8.76,9.51,2491,3
2026-05-16 05:51:07,1.5,11.55,11.63,12.24,1545545,87900,5.7,0,0,0.0,1007,474,50,1.09,3.20,4.89,6.04,2494,1
2026-05-16 05:52:07,1.2,10.20,11.24,12.07,1545545,87913,5.7,0,0,0.0,1007,474,50,1.27,3.30,1.42,2.88,2497,1
2026-05-16 05:53:08,1.5,13.72,12.46,12.46,1545545,87890,5.7,0,0,0.0,1007,474,50,1.03,3.20,1.77,3.21,2491,2
2026-05-16 05:54:08,1.8,11.89,12.14,12.35,1545545,87915,5.7,0,0,0.0,1007,474,50,1.03,3.01,4.51,5.49,2486,3
2026-05-16 05:55:08,6.9,11.48,12.08,12.32,1545545,87897,5.7,0,0,0.0,1007,474,50,1.03,3.18,7.92,9.25,2478,27
2026-05-16 05:56:09,1.5,11.64,12.12,12.32,1545545,87934,5.7,0,0,0.0,1007,474,50,1.03,3.25,7.66,8.72,2472,7
2026-05-16 05:57:09,1.1,10.70,11.76,12.18,1545545,87951,5.7,0,0,0.0,1007,474,50,1.03,3.21,0.93,2.45,2478,2
2026-05-16 05:58:09,1.2,9.99,11.36,12.02,1545545,87937,5.7,0,0,0.0,1007,474,50,1.03,3.07,0.66,2.14,2489,3
2026-05-16 05:59:10,3.2,10.81,11.31,11.96,1545545,87947,5.7,0,0,0.0,1007,474,50,1.03,3.14,5.61,6.79,2495,4
2026-05-16 06:00:10,1.9,11.42,11.35,11.92,1545545,87967,5.7,0,0,0.0,1007,474,50,1.03,3.05,12.13,12.75,2503,4
2026-05-16 06:01:10,1.2,10.63,11.15,11.82,1545545,87987,5.7,0,0,0.0,1007,474,50,1.03,49.67,0.86,2.18,2484,6
2026-05-16 06:02:11,3.1,12.03,11.38,11.85,1545545,88008,5.7,0,0,0.0,1007,474,50,1.03,3.27,8.92,10.31,2480,8
2026-05-16 06:03:11,1.3,13.42,11.70,11.92,1545545,87969,5.7,0,0,0.0,1007,474,50,1.03,2.95,3.43,5.24,2470,3
2026-05-16 06:04:11,1.4,12.29,11.69,11.90,1545545,87999,5.7,0,0,0.0,1007,474,50,1.03,3.12,0.90,2.25,2462,2
2026-05-16 06:05:12,1.2,11.30,11.53,11.83,1545545,88000,5.7,0,0,0.0,1007,474,50,1.03,3.21,0.58,1.92,2459,5
2026-05-16 06:06:12,1.3,17.60,12.77,12.21,1545545,88028,5.7,0,0,0.0,1007,474,50,1.03,3.25,0.53,1.98,2471,2
2026-05-16 06:07:12,2.0,13.98,12.64,12.20,1545545,88064,5.7,0,0,0.0,1007,474,50,1.09,3.23,5.33,6.48,2476,3
2026-05-16 06:08:13,3.4,13.30,12.67,12.24,1545545,88056,5.7,0,0,0.0,1007,474,50,1.03,3.37,11.85,13.64,2481,5
2026-05-16 06:09:13,1.2,11.32,12.27,12.13,1545545,88021,5.7,0,0,0.0,1007,474,50,1.03,3.20,1.58,2.91,2482,1
2026-05-16 06:10:13,5.9,10.10,11.72,11.95,1545545,88082,5.7,0,0,0.0,1007,474,50,1.03,2.95,2.36,3.56,2488,20
2026-05-16 06:11:14,1.9,12.09,12.02,12.04,1545545,88082,5.7,0,0,0.0,1007,474,50,1.03,3.22,10.79,12.07,2487,7
2026-05-16 06:12:14,1.2,10.49,11.59,11.89,1545545,88087,5.7,0,0,0.0,1007,474,50,1.03,3.27,2.29,3.63,2473,3
2026-05-16 06:13:14,1.6,10.20,11.30,11.77,1545545,88057,5.7,0,0,0.0,1007,474,50,1.03,3.39,0.62,2.13,2478,8
2026-05-16 06:14:15,3.4,10.67,11.22,11.71,1545545,88086,5.7,0,0,0.0,1007,474,50,1.03,3.11,3.97,5.03,2476,11
2026-05-16 06:15:15,1.0,9.76,10.89,11.57,1545545,88104,5.7,0,0,0.0,1007,474,50,1.03,3.15,3.52,4.74,2472,5
2026-05-16 06:16:15,1.3,10.76,10.91,11.53,1545545,88118,5.7,0,0,0.0,1007,474,50,1.03,3.34,7.08,8.49,2475,7
2026-05-16 06:17:16,1.6,12.90,11.89,11.85,1545545,88110,5.7,0,0,0.0,1007,474,50,1.03,3.20,7.48,8.32,2482,5
2026-05-16 06:18:16,1.5,11.38,11.67,11.78,1545545,87960,5.7,0,0,0.0,1007,474,50,1.03,3.16,4.51,5.69,2489,4
2026-05-16 06:19:16,1.4,9.88,11.21,11.61,1545545,88009,5.7,0,0,0.0,1007,474,50,1.03,3.16,1.34,2.64,2494,2
2026-05-16 06:20:17,2.0,11.05,11.29,11.61,1545545,88042,5.7,0,0,0.0,1007,474,50,1.03,3.22,10.87,11.81,2492,2
2026-05-16 06:21:17,0.9,10.22,11.01,11.49,1545545,88034,5.7,0,0,0.0,1007,474,50,1.03,3.10,4.93,5.91,2498,2
2026-05-16 06:22:17,2.4,10.71,11.01,11.46,1545545,88046,5.7,0,0,0.0,1007,474,50,1.16,3.03,6.16,7.22,2480,4
2026-05-16 06:23:18,1.2,11.50,11.14,11.47,1545545,88019,5.7,0,0,0.0,1007,474,50,1.03,2.98,2.59,3.96,2473,1
2026-05-16 06:24:18,2.5,11.47,11.18,11.46,1545545,88059,5.7,0,0,0.0,1007,474,50,2.07,3.21,10.16,11.04,2467,2
2026-05-16 06:25:18,2.5,11.89,11.38,11.52,1545545,88116,5.7,0,0,0.0,1007,474,50,1.03,3.16,10.16,11.20,2478,7
2026-05-16 06:26:19,1.5,10.78,11.14,11.43,1545545,88128,5.7,0,0,0.0,1007,474,50,1.03,3.10,5.51,6.40,2473,1
2026-05-16 06:27:19,1.9,11.03,11.11,11.39,1545545,88136,5.7,0,0,0.0,1007,474,50,1.03,3.23,7.49,8.63,2482,3
2026-05-16 06:28:19,3.3,11.69,11.25,11.42,1545545,88130,5.7,0,0,0.0,1007,474,50,0.00,3.12,10.78,12.30,2484,12
2026-05-16 06:29:20,1.5,12.20,11.55,11.52,1545545,88117,5.7,0,0,0.0,1007,474,50,2.07,2.98,6.49,8.45,2475,3
2026-05-16 06:30:20,1.1,10.75,11.26,11.42,1545545,88131,5.7,0,0,0.0,1007,474,50,1.03,3.27,0.53,1.91,2466,4
2026-05-16 06:31:20,1.5,10.80,11.21,11.39,1545545,88154,5.7,0,0,0.0,1007,474,50,1.03,3.16,0.63,1.93,2473,4
2026-05-16 06:32:21,1.7,11.05,11.19,11.37,1545545,88143,5.7,0,0,0.0,1007,474,50,1.03,3.32,0.59,2.16,2468,2
2026-05-16 06:33:21,1.7,11.72,11.33,11.41,1545545,88136,5.7,0,0,0.0,1007,474,50,1.03,3.22,5.76,7.49,2490,5
2026-05-16 06:34:21,1.2,12.15,11.50,11.46,1545545,88154,5.7,0,0,0.0,1007,474,50,1.03,3.33,7.44,8.30,2497,3
2026-05-16 06:35:22,1.6,11.95,11.49,11.45,1545545,88189,5.7,0,0,0.0,1007,474,50,1.03,3.19,5.76,6.64,2493,5
2026-05-16 06:36:22,1.3,10.75,11.25,11.37,1545545,88187,5.7,0,0,0.0,1007,474,50,1.03,3.00,0.97,2.37,2488,1
2026-05-16 06:37:22,1.5,10.76,11.13,11.32,1545545,88187,5.7,0,0,0.0,1007,474,50,1.03,3.15,2.60,3.83,2496,1
2026-05-16 06:38:23,2.2,10.72,11.09,11.30,1545545,88219,5.7,0,0,0.0,1007,474,50,1.03,3.31,2.97,4.26,2480,8
2026-05-16 06:39:23,1.3,10.68,11.01,11.26,1545545,88207,5.7,0,0,0.0,1007,474,50,1.03,3.20,3.81,5.00,2483,2
2026-05-16 06:40:23,1.5,10.92,11.01,11.24,1545545,88211,5.7,0,0,0.0,1007,474,50,1.03,3.07,1.66,2.97,2483,7
2026-05-16 06:41:24,2.1,10.76,10.93,11.19,1545545,88238,5.7,0,0,0.0,1007,474,50,1.03,3.23,6.06,6.80,2475,5
2026-05-16 06:42:24,1.3,10.84,10.95,11.19,1545545,88244,5.7,0,0,0.0,1007,474,50,1.03,3.12,8.83,9.55,2468,2
2026-05-16 06:43:24,1.8,10.64,10.84,11.13,1545545,88211,5.7,0,0,0.0,1007,474,50,1.03,3.32,3.78,5.04,2484,1
2026-05-16 06:44:25,1.8,12.07,11.16,11.22,1545545,88249,5.7,0,0,0.0,1007,474,50,1.03,3.03,6.17,7.09,2464,2
2026-05-16 06:45:25,3.0,13.30,11.58,11.35,1545545,88268,5.7,0,0,0.0,1007,474,50,1.03,3.36,4.64,6.01,2481,12
2026-05-16 06:46:25,3.1,12.57,11.65,11.39,1545545,88279,5.7,0,0,0.0,1007,474,50,1.03,3.05,9.34,10.98,2491,7
2026-05-16 06:47:26,2.0,11.49,11.50,11.35,1545545,88314,5.7,0,0,0.0,1007,474,50,1.03,2.57,5.52,6.88,2502,3
2026-05-16 06:48:26,3.4,11.57,11.52,11.37,1545545,88281,5.7,0,0,0.0,1007,474,50,1.03,3.38,9.10,10.50,2488,5
2026-05-16 06:49:26,1.1,13.01,12.14,11.60,1545545,88257,5.7,0,0,0.0,1007,474,50,1.04,3.13,7.40,8.90,2506,2
2026-05-16 06:50:27,1.8,10.93,11.70,11.49,1545545,88309,5.7,0,0,0.0,1007,474,50,1.03,3.28,1.16,2.52,2498,4
2026-05-16 06:51:27,2.0,11.88,11.73,11.50,1545545,88315,5.7,0,0,0.0,1007,474,50,1.03,2.89,4.01,5.34,2483,7
2026-05-16 06:52:27,3.3,11.35,11.55,11.46,1545545,88197,5.7,0,0,0.0,1007,474,50,1.03,3.20,8.25,9.42,2476,9
2026-05-16 06:53:28,1.3,14.97,12.90,11.94,1545545,88178,5.7,0,0,0.0,1007,474,50,1.03,3.07,10.92,12.52,2476,2
2026-05-16 06:54:28,1.2,13.19,12.81,11.98,1545545,88159,5.7,0,0,0.0,1007,474,50,1.03,3.27,6.08,7.44,2484,2
2026-05-16 06:55:28,2.0,11.23,12.30,11.85,1545545,88236,5.7,0,0,0.0,1007,474,50,1.03,3.20,2.58,3.78,2497,2
2026-05-16 06:56:29,1.2,11.72,12.16,11.83,1545545,88216,5.7,0,0,0.0,1007,474,50,1.03,3.14,3.00,4.06,2501,5
2026-05-16 06:57:29,1.1,10.09,11.62,11.66,1545545,88201,5.7,0,0,0.0,1007,474,50,1.03,3.12,0.58,1.96,2496,2
2026-05-16 06:58:29,1.1,10.03,11.32,11.55,1545545,88210,5.7,0,0,0.0,1007,474,50,1.03,3.17,0.56,2.10,2489,5
2026-05-16 06:59:30,1.9,9.82,11.03,11.44,1545545,88226,5.7,0,0,0.0,1007,474,50,1.03,3.15,1.28,2.75,2487,6
2026-05-16 07:00:30,1.8,10.95,11.11,11.44,1545545,88248,5.7,0,0,0.0,1007,474,50,1.03,3.18,10.98,12.41,2476,3
2026-05-16 07:01:30,1.2,10.46,10.94,11.36,1545545,88244,5.7,0,0,0.0,1007,474,50,1.03,49.78,4.23,5.29,2471,3
2026-05-16 07:02:31,2.7,11.93,11.17,11.41,1545545,88227,5.7,0,0,0.0,1007,474,50,1.03,3.05,9.35,10.00,2482,1
2026-05-16 07:03:31,1.9,10.37,10.86,11.29,1545545,88238,5.7,0,0,0.0,1007,474,50,1.03,3.31,1.14,2.60,2476,5
2026-05-16 07:04:31,1.1,11.95,11.16,11.36,1545545,88250,5.7,0,0,0.0,1007,474,50,1.03,3.22,9.73,11.27,2474,13
2026-05-16 07:05:32,1.3,10.41,10.86,11.24,1545545,88268,5.7,0,0,0.0,1007,474,50,1.03,3.33,2.16,3.35,2496,1
2026-05-16 07:06:32,1.6,11.06,10.94,11.24,1545545,88296,5.7,0,0,0.0,1007,474,50,1.03,3.05,10.76,11.71,2493,2
2026-05-16 07:07:32,1.6,10.72,10.87,11.20,1545545,88261,5.7,0,0,0.0,1007,474,50,1.03,3.16,4.59,5.54,2501,1
2026-05-16 07:08:33,1.9,10.15,10.67,11.10,1545545,88284,5.7,0,0,0.0,1007,474,50,1.03,3.29,3.76,4.94,2506,2
2026-05-16 07:09:33,1.3,10.50,10.66,11.07,1545545,88265,5.7,0,0,0.0,1007,474,50,1.03,3.18,3.43,4.71,2500,1
2026-05-16 07:10:33,1.2,10.36,10.59,11.02,1545545,88282,5.7,0,0,0.0,1007,474,50,1.03,2.70,5.86,7.41,2479,5
2026-05-16 07:11:34,1.2,11.95,11.04,11.15,1545545,88300,5.7,0,0,0.0,1007,474,50,1.03,3.09,7.10,7.76,2493,6
2026-05-16 07:12:34,3.8,15.97,12.19,11.52,1545545,88336,5.7,0,0,0.0,1007,474,50,1.03,3.13,2.82,3.97,2473,14
2026-05-16 07:13:34,2.6,18.32,13.64,12.07,1545545,88321,5.7,0,0,0.0,1007,474,50,1.03,3.15,10.11,11.25,2488,1
2026-05-16 07:14:35,1.3,13.18,13.02,11.95,1545545,88320,5.7,0,0,0.0,1007,474,50,1.03,3.29,0.54,1.99,2502,5
2026-05-16 07:15:35,1.2,12.19,12.80,11.95,1545545,88343,5.7,0,0,0.0,1007,474,50,1.03,3.38,1.38,2.71,2488,2
2026-05-16 07:16:35,1.2,10.70,12.25,11.81,1545545,88348,5.7,0,0,0.0,1007,474,50,1.03,3.05,0.58,1.94,2484,5
2026-05-16 07:17:36,2.9,18.50,14.57,12.66,1545545,88364,5.7,0,0,0.0,1007,474,50,1.03,2.93,9.11,10.19,2514,8
2026-05-16 07:18:36,2.0,13.56,13.90,12.55,1545545,88355,5.7,0,0,0.0,1007,474,50,1.03,3.22,5.52,7.26,2499,5
2026-05-16 07:19:36,1.4,14.44,14.18,12.73,1545545,88347,5.7,0,0,0.0,1007,474,50,1.03,3.23,8.57,10.00,2494,1
2026-05-16 07:20:37,1.5,11.62,13.42,12.56,1545545,88368,5.7,0,0,0.0,1007,474,50,1.03,3.18,0.63,2.15,2502,3
2026-05-16 07:21:37,1.3,10.65,12.80,12.40,1545545,88371,5.7,0,0,0.0,1007,474,50,1.03,3.03,6.54,7.44,2489,2
2026-05-16 07:22:37,1.9,10.46,12.35,12.27,1545545,88356,5.7,0,0,0.0,1007,474,50,1.03,3.10,0.61,1.94,2475,4
2026-05-16 07:23:38,2.5,11.68,12.30,12.25,1545545,88387,5.7,0,0,0.0,1007,474,50,1.03,3.18,3.68,4.95,2463,1
2026-05-16 07:24:38,2.8,13.63,12.78,12.42,1545545,88385,5.7,0,0,0.0,1007,474,50,1.03,3.11,8.15,9.20,2471,21
2026-05-16 07:25:38,1.4,11.11,12.21,12.25,1545545,88400,5.7,0,0,0.0,1007,474,50,1.03,3.31,1.60,3.16,2481,3
2026-05-16 07:26:39,2.6,10.53,11.84,12.12,1545545,88281,5.7,0,0,0.0,1007,474,50,1.03,3.12,0.65,1.98,2482,2
2026-05-16 07:27:39,1.6,10.61,11.62,12.02,1545545,88261,5.7,0,0,0.0,1007,474,50,1.03,3.13,5.39,6.27,2490,2
2026-05-16 07:28:39,2.0,10.69,11.43,11.93,1545545,88265,5.7,0,0,0.0,1007,474,50,1.03,3.17,0.71,2.05,2477,2
2026-05-16 07:29:40,1.8,12.44,11.86,12.05,1545545,88293,5.7,0,0,0.0,1007,474,50,1.03,2.98,8.28,9.97,2475,2
2026-05-16 07:30:40,1.3,11.37,11.66,11.96,1545545,88294,5.7,0,0,0.0,1007,474,50,1.03,3.39,4.39,5.49,2474,8
2026-05-16 07:31:40,1.2,11.70,11.75,11.98,1545545,88306,5.7,0,0,0.0,1007,474,50,1.03,3.15,6.06,8.00,2477,9
2026-05-16 07:32:41,1.7,11.27,11.64,11.93,1545545,88322,5.7,0,0,0.0,1007,474,50,1.03,3.20,4.55,5.61,2483,5
2026-05-16 07:33:41,1.7,12.05,11.83,11.98,1545545,88334,5.7,0,0,0.0,1007,474,50,1.03,2.82,7.81,8.81,2487,5
2026-05-16 07:34:41,1.8,12.07,11.97,12.02,1545545,88343,5.7,0,0,0.0,1007,474,50,1.03,3.20,6.97,8.01,2485,3
2026-05-16 07:35:42,1.2,10.87,11.68,11.92,1545545,88351,5.7,0,0,0.0,1007,474,50,1.03,3.46,0.81,2.27,2471,4
2026-05-16 07:36:42,1.3,11.13,11.63,11.89,1545545,88346,5.7,0,0,0.0,1007,474,50,1.03,3.09,6.52,7.42,2463,2
2026-05-16 07:37:42,1.5,11.38,11.62,11.87,1545545,88289,5.7,0,0,0.0,1007,474,50,1.03,3.09,7.76,8.55,2465,3
2026-05-16 07:38:43,1.3,10.58,11.37,11.77,1545545,88271,5.7,0,0,0.0,1007,474,50,1.03,2.96,2.96,4.08,2469,4
2026-05-16 07:39:43,1.3,9.82,11.01,11.62,1545545,88278,5.7,0,0,0.0,1007,474,50,1.03,3.32,1.03,2.53,2464,1
2026-05-16 07:40:43,1.3,10.35,10.95,11.56,1545545,88330,5.7,0,0,0.0,1007,474,50,1.03,3.39,9.65,10.71,2476,3
2026-05-16 07:41:44,1.2,9.75,10.66,11.42,1545545,88312,5.7,0,0,0.0,1007,474,50,1.03,3.16,0.61,1.92,2475,3
2026-05-16 07:42:44,1.2,9.84,10.50,11.31,1545545,88180,5.7,0,0,0.0,1007,474,50,1.03,2.94,0.60,1.91,2468,2
2026-05-16 07:43:44,1.7,9.63,10.34,11.20,1545545,88185,5.7,0,0,0.0,1007,474,50,1.03,3.23,2.13,3.40,2474,2
2026-05-16 07:44:45,1.9,11.95,10.84,11.32,1545545,88206,5.7,0,0,0.0,1007,474,50,1.03,3.16,10.40,12.26,2484,4
2026-05-16 07:45:45,1.4,11.96,11.11,11.38,1545545,88219,5.7,0,0,0.0,1007,474,50,1.03,3.32,11.58,12.87,2481,4
2026-05-16 07:46:45,1.9,10.77,10.91,11.30,1545545,88266,5.7,0,0,0.0,1007,474,50,1.03,3.19,1.30,2.59,2488,3
2026-05-16 07:47:46,1.6,12.35,11.30,11.40,1545545,88256,5.7,0,0,0.0,1007,474,50,1.03,3.14,6.60,7.37,2486,3
2026-05-16 07:48:46,2.2,11.28,11.16,11.35,1545545,88250,5.7,0,0,0.0,1007,474,50,1.03,3.17,1.13,2.42,2470,2
2026-05-16 07:49:46,2.9,12.95,11.68,11.52,1545545,88264,5.7,0,0,0.0,1007,474,50,1.03,3.00,11.55,13.30,2466,7
2026-05-16 07:50:47,1.3,16.68,12.90,11.94,1545545,88268,5.7,0,0,0.0,1007,474,50,1.03,3.37,4.49,6.06,2457,2
2026-05-16 07:51:47,1.9,12.94,12.55,11.88,1545545,88268,5.7,0,0,0.0,1007,474,50,1.03,2.73,4.89,6.05,2454,1
2026-05-16 07:52:47,3.9,11.50,12.17,11.79,1545545,88278,5.7,0,0,0.0,1007,474,50,1.03,2.95,2.68,4.01,2465,5
2026-05-16 07:53:48,1.2,12.79,12.51,11.94,1545545,88265,5.7,0,0,0.0,1007,474,50,1.03,3.08,10.81,12.12,2481,3
2026-05-16 07:54:48,1.9,12.30,12.37,11.92,1545545,88279,5.7,0,0,0.0,1007,474,50,1.03,3.25,4.96,6.10,2486,13
2026-05-16 07:55:48,1.2,10.96,11.99,11.82,1545545,88301,5.7,0,0,0.0,1007,474,50,1.03,3.40,5.16,6.89,2485,1
2026-05-16 07:56:49,1.4,9.95,11.51,11.66,1545545,88323,5.7,0,0,0.0,1007,474,50,1.03,2.92,4.55,5.63,2478,4
2026-05-16 07:57:49,1.1,10.79,11.47,11.64,1545545,88288,5.7,0,0,0.0,1007,474,50,1.03,3.09,4.13,5.28,2468,8
2026-05-16 07:58:49,1.2,10.20,11.16,11.52,1545545,88282,5.7,0,0,0.0,1007,474,50,1.03,3.12,0.54,1.91,2455,3
2026-05-16 07:59:50,1.2,10.41,11.04,11.45,1545545,88286,5.7,0,0,0.0,1007,474,50,1.03,3.23,0.58,2.14,2460,1
2026-05-16 08:00:50,1.7,11.77,11.30,11.51,1545545,88227,5.7,0,0,0.0,1007,474,50,1.03,3.27,6.68,8.00,2461,5
2026-05-16 08:01:50,1.0,10.45,11.04,11.41,1545545,88219,5.7,0,0,0.0,1007,474,50,1.03,51.68,5.41,6.62,2478,3
2026-05-16 08:02:51,2.0,9.75,10.71,11.27,1545545,88223,5.7,0,0,0.0,1007,474,50,1.03,3.07,2.11,3.34,2484,4
2026-05-16 08:03:51,1.2,10.37,10.70,11.23,1545545,88193,5.7,0,0,0.0,1007,474,50,1.03,3.14,2.45,3.97,2482,1
2026-05-16 08:04:51,3.0,12.36,11.06,11.31,1545545,88230,5.7,0,0,0.0,1007,474,50,1.03,3.11,8.03,9.72,2465,8
2026-05-16 08:05:52,1.3,12.14,11.19,11.34,1545545,88247,5.7,0,0,0.0,1007,474,50,1.03,3.29,11.57,12.01,2467,5
2026-05-16 08:06:52,2.3,11.10,11.10,11.30,1545545,88282,5.7,0,0,0.0,1007,474,50,1.03,3.27,2.46,3.76,2463,2
2026-05-16 08:07:52,1.4,11.22,11.25,11.35,1545545,88232,5.7,0,0,0.0,1007,474,50,1.03,3.04,3.74,5.17,2468,4
2026-05-16 08:08:53,1.1,10.61,11.06,11.27,1545545,88229,5.7,0,0,0.0,1007,474,50,1.03,2.96,3.34,4.40,2477,5
2026-05-16 08:09:53,1.8,10.56,10.95,11.22,1545545,88268,5.7,0,0,0.0,1007,474,50,1.15,3.16,1.51,2.89,2484,2
2026-05-16 08:10:53,1.6,10.98,10.99,11.22,1545545,88259,5.7,0,0,0.0,1007,474,50,1.03,2.87,4.77,6.07,2477,3
2026-05-16 08:11:54,2.0,10.33,10.80,11.13,1545545,88284,5.7,0,0,0.0,1007,474,50,1.03,3.09,2.68,3.98,2475,3
2026-05-16 08:12:54,1.8,10.90,10.97,11.18,1545545,88274,5.7,0,0,0.0,1007,474,50,1.03,3.09,6.52,7.25,2474,4
2026-05-16 08:13:54,4.4,11.41,11.16,11.23,1545545,88265,5.7,0,0,0.0,1007,474,50,1.03,3.20,9.98,10.68,2477,4
2026-05-16 08:14:55,1.2,12.14,11.51,11.36,1545545,88252,5.7,0,0,0.0,1007,474,50,1.03,2.94,5.52,7.31,2470,6
2026-05-16 08:15:55,3.2,12.32,11.55,11.37,1545545,88313,5.7,0,0,0.0,1007,474,50,1.03,3.34,8.37,9.72,2476,5
2026-05-16 08:16:55,1.2,10.73,11.27,11.29,1545545,88319,5.7,0,0,0.0,1007,474,50,1.03,3.25,2.46,3.97,2475,1
2026-05-16 08:17:56,1.2,10.08,10.99,11.19,1545545,88285,5.7,0,0,0.0,1007,474,50,1.03,3.05,0.54,1.92,2477,5
2026-05-16 08:18:56,3.5,10.78,10.99,11.17,1545545,88314,5.7,0,0,0.0,1007,474,50,1.03,2.99,5.79,7.48,2478,5
2026-05-16 08:19:56,1.1,11.75,11.33,11.28,1545545,88310,5.7,0,0,0.0,1007,474,50,1.03,3.00,6.57,8.38,2484,2
2026-05-16 08:20:57,1.2,10.84,11.09,11.20,1545545,88348,5.7,0,0,0.0,1007,474,50,1.03,3.34,2.17,3.52,2468,3
2026-05-16 08:21:57,1.2,9.86,10.79,11.09,1545545,88356,5.7,0,0,0.0,1007,474,50,1.03,3.11,0.63,2.25,2484,1
2026-05-16 08:22:57,1.2,10.32,10.74,11.05,1545545,88330,5.7,0,0,0.0,1007,474,50,1.03,2.89,2.90,4.08,2484,2
2026-05-16 08:23:58,3.1,11.69,11.05,11.14,1545545,88352,5.7,0,0,0.0,1007,474,50,1.03,3.11,11.69,13.09,2489,10
2026-05-16 08:24:58,1.0,11.82,11.26,11.21,1545545,88336,5.7,0,0,0.0,1007,474,50,1.03,3.05,7.30,9.20,2496,5
2026-05-16 08:25:58,2.3,12.15,11.40,11.26,1545545,88379,5.7,0,0,0.0,1007,474,50,1.03,3.29,6.76,8.20,2500,4
2026-05-16 08:26:59,3.3,10.92,11.14,11.17,1545545,88389,5.7,0,0,0.0,1007,474,50,1.03,3.22,6.14,7.44,2484,6
2026-05-16 08:27:59,1.7,11.17,11.22,11.20,1545545,88381,5.7,0,0,0.0,1007,474,50,1.03,3.05,12.41,13.12,2505,4
2026-05-16 08:28:59,1.2,10.12,10.93,11.10,1545545,88348,5.7,0,0,0.0,1007,474,50,1.03,2.98,1.78,3.05,2486,2
2026-05-16 08:30:00,1.4,10.70,10.92,11.08,1545545,88349,5.7,0,0,0.0,1007,474,50,1.03,2.90,5.41,6.24,2489,5
2026-05-16 08:31:00,1.1,9.84,10.63,10.97,1545545,88376,5.7,0,0,0.0,1007,474,50,1.03,3.36,0.56,2.10,2486,2
2026-05-16 08:32:00,1.1,9.46,10.39,10.87,1545545,88389,5.7,0,0,0.0,1007,474,50,1.03,3.11,3.01,4.28,2486,4
2026-05-16 08:33:01,2.4,9.31,10.15,10.76,1545545,88374,5.7,0,0,0.0,1007,474,50,1.03,3.15,1.73,3.03,2471,8
2026-05-16 08:34:01,1.7,9.50,10.06,10.69,1545545,88263,5.7,0,0,0.0,1007,474,50,1.03,2.56,1.10,2.39,2477,5
2026-05-16 08:35:01,3.0,10.44,10.23,10.71,1545545,88266,5.7,0,0,0.0,1007,474,50,1.03,3.16,6.97,8.05,2476,5
2026-05-16 08:36:02,1.1,10.96,10.44,10.75,1545545,88273,5.7,0,0,0.0,1007,474,50,1.03,3.32,3.25,5.16,2482,3
2026-05-16 08:37:02,1.7,11.69,10.69,10.81,1545545,88301,5.7,0,0,0.0,1007,474,50,1.03,3.14,7.35,8.59,2493,2
2026-05-16 08:38:02,1.9,10.64,10.58,10.77,1545545,88293,5.7,0,0,0.0,1007,474,50,1.03,2.92,6.47,7.30,2482,2
2026-05-16 08:39:03,1.9,11.75,10.93,10.88,1545545,88287,5.7,0,0,0.0,1007,474,50,1.03,2.99,11.99,13.12,2475,4
2026-05-16 08:40:03,1.2,10.55,10.77,10.83,1545545,88270,5.7,0,0,0.0,1007,474,50,1.03,2.95,1.64,2.90,2472,8
2026-05-16 08:41:03,1.6,11.40,10.97,10.89,1545545,88310,5.7,0,0,0.0,1007,474,50,1.05,3.34,7.00,8.18,2483,1
2026-05-16 08:42:04,1.1,11.35,11.04,10.92,1545545,88289,5.7,0,0,0.0,1007,474,50,1.03,2.96,6.17,7.15,2466,1
2026-05-16 08:43:04,4.2,11.07,11.01,10.92,1545545,88325,5.7,0,0,0.0,1007,474,50,1.03,3.02,6.41,7.31,2467,27
2026-05-16 08:44:04,1.7,10.63,10.96,10.91,1545545,88303,5.7,0,0,0.0,1007,474,50,1.03,3.09,4.61,5.79,2475,3
2026-05-16 08:45:05,1.7,10.02,10.77,10.85,1545545,88318,5.7,0,0,0.0,1007,474,50,1.03,3.02,5.22,6.14,2468,7
2026-05-16 08:46:05,1.5,10.06,10.71,10.82,1545545,88337,5.7,0,0,0.0,1007,474,50,1.03,3.28,9.02,9.89,2464,2
2026-05-16 08:47:05,1.8,9.60,10.48,10.74,1545545,88319,5.7,0,0,0.0,1007,474,50,1.03,3.18,5.50,6.53,2472,3
2026-05-16 08:48:06,2.0,10.64,10.63,10.78,1545545,88335,5.7,0,0,0.0,1007,474,50,1.03,3.07,4.96,5.98,2478,3
2026-05-16 08:49:06,1.5,10.25,10.53,10.73,1545545,88322,5.7,0,0,0.0,1007,474,50,1.03,2.95,8.50,9.23,2486,2
2026-05-16 08:50:06,1.4,9.74,10.34,10.65,1545545,88338,5.7,0,0,0.0,1007,474,50,1.03,3.00,1.36,2.64,2498,4
2026-05-16 08:51:07,2.0,12.04,10.76,10.77,1545545,88383,5.7,0,0,0.0,1007,474,50,1.03,3.29,7.35,8.85,2491,6
2026-05-16 08:52:07,1.1,11.31,10.86,10.81,1545545,88381,5.7,0,0,0.0,1007,474,50,1.03,3.16,8.24,9.70,2486,2
2026-05-16 08:53:07,1.3,10.60,10.75,10.77,1545545,88379,5.7,0,0,0.0,1007,474,50,1.03,3.07,5.75,6.64,2471,4
2026-05-16 08:54:08,1.0,11.63,11.04,10.87,1545545,88387,5.7,0,0,0.0,1007,474,50,1.03,2.98,7.71,8.55,2474,6
2026-05-16 08:55:08,1.1,10.69,10.88,10.83,1545545,88397,5.7,0,0,0.0,1007,474,50,1.03,3.07,6.21,6.97,2469,1
2026-05-16 08:56:08,8.2,14.58,11.85,11.16,1545545,88427,5.7,0,0,0.0,1007,474,50,1.03,3.19,7.27,8.74,2473,21
2026-05-16 08:57:09,1.9,16.23,12.86,11.55,1545545,88464,5.7,0,0,0.0,1007,474,50,1.03,2.70,10.41,11.75,2470,4
2026-05-16 08:58:09,1.0,14.17,12.82,11.62,1545545,88437,5.7,0,0,0.0,1007,474,50,1.03,3.09,3.61,4.75,2471,4
2026-05-16 08:59:09,1.5,16.13,13.71,12.01,1545545,88432,5.7,0,0,0.0,1007,474,50,1.03,3.03,8.00,9.11,2473,5
2026-05-16 09:00:10,1.5,12.20,13.05,11.88,1545545,88421,5.7,0,0,0.0,1007,474,50,1.03,2.99,0.53,1.87,2467,4
2026-05-16 09:01:10,1.8,14.74,13.42,12.07,1545545,88514,5.7,0,0,0.0,1007,474,50,1.03,49.93,3.76,5.17,2467,4
2026-05-16 09:02:10,1.7,11.90,12.87,11.97,1545545,88491,5.7,0,0,0.0,1007,474,50,1.03,3.08,4.48,5.66,2470,2
2026-05-16 09:03:11,1.3,10.17,12.19,11.79,1545545,88450,5.7,0,0,0.0,1007,474,50,1.03,3.16,0.66,2.09,2460,6
2026-05-16 09:04:11,1.1,9.47,11.63,11.62,1545545,88461,5.7,0,0,0.0,1007,474,50,1.03,3.08,1.30,2.64,2456,3
2026-05-16 09:05:11,1.1,10.99,11.77,11.67,1545545,88472,5.7,0,0,0.0,1007,474,50,1.03,3.04,6.30,7.77,2470,4
2026-05-16 09:06:12,1.2,11.26,11.70,11.66,1545545,88489,5.7,0,0,0.0,1007,474,50,1.03,3.41,4.97,5.98,2472,2
2026-05-16 09:07:12,1.5,11.38,11.78,11.69,1545545,88471,5.7,0,0,0.0,1007,474,50,1.03,3.07,7.81,9.67,2464,3
2026-05-16 09:08:12,1.9,10.51,11.47,11.59,1545545,88375,5.7,0,0,0.0,1007,474,50,1.03,3.25,4.58,5.69,2471,4
2026-05-16 09:09:13,2.2,11.76,11.86,11.73,1545545,88378,5.7,0,0,0.0,1007,474,50,1.03,3.17,5.06,6.00,2471,3
2026-05-16 09:10:13,1.1,10.53,11.50,11.61,1545545,88370,5.7,0,0,0.0,1007,474,50,1.03,2.96,10.04,10.58,2468,4
2026-05-16 09:11:13,2.0,11.07,11.38,11.56,1545545,88415,5.7,0,0,0.0,1007,474,50,1.03,3.19,2.05,3.31,2459,3
2026-05-16 09:12:14,1.7,12.70,11.82,11.70,1545545,88384,5.7,0,0,0.0,1007,474,50,1.03,3.13,10.44,12.18,2461,2
2026-05-16 09:13:14,1.8,10.92,11.50,11.60,1545545,88391,5.7,0,0,0.0,1007,474,50,1.03,3.14,1.75,3.17,2455,4
2026-05-16 09:14:14,1.7,9.78,11.05,11.43,1545545,88368,5.7,0,0,0.0,1007,474,50,1.03,3.12,5.70,6.53,2466,5
2026-05-16 09:15:15,1.9,9.83,10.85,11.34,1545545,88405,5.7,0,0,0.0,1007,474,50,1.03,2.98,1.16,2.50,2458,8
2026-05-16 09:16:15,2.0,10.02,10.75,11.28,1545545,88415,5.7,0,0,0.0,1007,474,50,1.03,3.31,5.83,6.71,2464,24
2026-05-16 09:17:15,1.1,10.61,10.81,11.26,1545545,88384,5.7,0,0,0.0,1007,474,50,1.03,3.18,6.96,9.05,2472,2
2026-05-16 09:18:16,1.3,10.80,10.85,11.25,1545545,88401,5.7,0,0,0.0,1007,474,50,1.03,2.99,1.02,2.50,2479,3
2026-05-16 09:19:16,1.3,11.40,10.99,11.27,1545545,88404,5.7,0,0,0.0,1007,474,50,1.16,3.14,4.13,5.18,2468,42
2026-05-16 09:20:16,1.3,10.24,10.76,11.18,1545545,88430,5.7,0,0,0.0,1007,474,50,1.03,2.86,4.61,5.56,2477,6
2026-05-16 09:21:17,1.9,11.68,11.06,11.25,1545545,88445,5.7,0,0,0.0,1007,474,50,1.03,3.08,5.99,6.84,2478,3
2026-05-16 09:22:17,1.2,12.16,11.36,11.35,1545545,88420,5.7,0,0,0.0,1007,474,50,1.03,2.96,10.13,11.36,2485,2
2026-05-16 09:23:17,2.0,11.00,11.17,11.28,1545545,88419,5.7,0,0,0.0,1007,474,50,1.03,3.18,3.42,4.72,2488,2
2026-05-16 09:24:18,1.8,10.28,10.95,11.20,1545545,88420,5.7,0,0,0.0,1007,474,50,1.03,3.20,1.70,2.97,2494,6
2026-05-16 09:25:18,1.8,10.09,10.81,11.14,1545545,88452,5.7,0,0,0.0,1007,474,50,1.03,3.10,6.19,7.06,2499,3
2026-05-16 09:26:18,1.8,11.07,10.97,11.17,1545545,88451,5.7,0,0,0.0,1007,474,50,2.07,3.04,8.13,9.24,2495,3
2026-05-16 09:27:19,2.4,11.40,11.05,11.18,1545545,88462,5.7,0,0,0.0,1007,474,50,1.12,3.12,6.44,7.87,2487,12
2026-05-16 09:28:19,1.4,11.54,11.19,11.22,1545545,88491,5.7,0,0,0.0,1007,474,50,1.03,3.25,5.76,6.77,2486,2
2026-05-16 09:29:19,1.1,10.69,11.02,11.16,1545545,88487,5.7,0,0,0.0,1007,474,50,1.03,2.96,4.26,5.91,2476,1
2026-05-16 09:30:20,1.8,10.30,10.83,11.09,1545545,88524,5.7,0,0,0.0,1007,474,50,1.03,3.04,7.13,7.96,2470,4
2026-05-16 09:31:20,3.0,11.34,11.06,11.15,1545545,88534,5.7,0,0,0.0,1007,474,50,1.03,3.08,7.99,8.84,2480,8
2026-05-16 09:32:20,1.3,11.22,11.12,11.17,1545545,88520,5.7,0,0,0.0,1007,474,50,1.03,3.40,5.44,7.37,2465,7
2026-05-16 09:33:21,1.9,10.72,10.95,11.10,1545545,88530,5.7,0,0,0.0,1007,474,50,1.03,3.28,6.91,8.18,2467,2
2026-05-16 09:34:21,1.8,10.49,10.86,11.06,1545545,88535,5.7,0,0,0.0,1007,474,50,1.03,2.71,11.36,12.47,2472,5
2026-05-16 09:35:21,3.2,12.02,11.15,11.14,1545545,88547,5.7,0,0,0.0,1007,474,50,1.03,3.21,6.46,7.60,2480,4
2026-05-16 09:36:22,1.8,12.78,11.56,11.29,1545545,88564,5.7,0,0,0.0,1007,474,50,1.03,3.06,6.14,7.67,2479,6
2026-05-16 09:37:22,1.3,12.42,11.76,11.37,1545545,88540,5.7,0,0,0.0,1007,474,50,1.03,3.15,7.75,9.42,2489,1
2026-05-16 09:38:22,1.4,12.67,11.89,11.44,1545545,88547,5.7,0,0,0.0,1007,474,50,1.03,3.10,7.76,9.72,2489,3
2026-05-16 09:39:23,1.3,10.73,11.51,11.34,1545545,88548,5.7,0,0,0.0,1007,474,50,1.03,3.05,0.55,1.93,2484,1
2026-05-16 09:40:23,1.6,10.38,11.23,11.25,1545545,88570,5.7,0,0,0.0,1007,474,50,1.03,3.09,7.49,8.88,2488,3
2026-05-16 09:41:23,1.3,11.36,11.40,11.31,1545545,88558,5.7,0,0,0.0,1007,474,50,1.03,3.18,5.33,6.49,2489,9
2026-05-16 09:42:24,1.4,11.83,11.44,11.32,1545545,88434,5.7,0,0,0.0,1007,474,50,1.03,3.13,5.99,7.53,2482,2
2026-05-16 09:43:24,1.6,11.39,11.33,11.29,1545545,88446,5.7,0,0,0.0,1007,474,50,1.03,3.21,5.32,6.96,2487,5
2026-05-16 09:44:24,1.5,10.76,11.17,11.24,1545545,88425,5.7,0,0,0.0,1007,474,50,1.03,3.09,4.73,5.69,2481,1
2026-05-16 09:45:25,1.5,10.68,11.04,11.18,1545545,88468,5.7,0,0,0.0,1007,474,50,1.03,3.28,1.76,3.01,2475,1
2026-05-16 09:46:25,1.7,10.17,10.84,11.11,1545545,88486,5.7,0,0,0.0,1007,474,50,1.16,3.01,2.57,3.76,2468,1
2026-05-16 09:47:25,3.2,11.34,11.05,11.16,1545545,88518,5.7,0,0,0.0,1007,474,50,1.03,3.70,11.57,13.04,2465,13
2026-05-16 09:48:26,2.0,11.79,11.33,11.26,1545545,88504,5.7,0,0,0.0,1007,474,50,1.03,3.25,10.60,11.64,2478,9
2026-05-16 09:49:26,1.6,10.86,11.16,11.20,1545545,88502,5.7,0,0,0.0,1007,474,50,1.03,3.15,4.50,5.74,2495,1
2026-05-16 09:50:26,1.6,11.68,11.37,11.27,1545545,88516,5.7,0,0,0.0,1007,474,50,1.04,3.06,6.10,8.02,2492,5
2026-05-16 09:51:27,1.4,14.33,12.02,11.49,1545545,88530,5.7,0,0,0.0,1007,474,50,1.03,3.03,5.40,6.28,2490,1
2026-05-16 09:52:27,1.2,11.90,11.75,11.43,1545545,88524,5.7,0,0,0.0,1007,474,50,1.03,3.32,0.55,2.08,2487,9
2026-05-16 09:53:27,1.6,10.81,11.46,11.35,1545545,88510,5.7,0,0,0.0,1007,474,50,1.03,2.98,3.08,4.39,2488,4
2026-05-16 09:54:28,1.3,11.07,11.42,11.35,1545545,88518,5.7,0,0,0.0,1007,474,50,1.03,3.15,5.25,6.33,2472,3
2026-05-16 09:55:28,2.9,10.42,11.12,11.24,1545545,88563,5.7,0,0,0.0,1007,474,50,1.03,3.16,3.31,4.88,2477,5
2026-05-16 09:56:28,9.4,11.21,11.22,11.27,1545545,88547,5.7,0,0,0.0,1007,474,50,1.03,3.12,6.99,8.43,2493,15
2026-05-16 09:57:29,1.2,11.39,11.21,11.26,1545545,88531,5.7,0,0,0.0,1007,474,50,1.03,2.66,5.73,6.72,2487,5
2026-05-16 09:58:29,1.9,12.05,11.34,11.30,1545545,88560,5.7,0,0,0.0,1007,474,50,1.03,3.19,3.92,5.19,2480,7
2026-05-16 09:59:29,1.3,12.46,11.69,11.42,1545545,88540,5.7,0,0,0.0,1007,474,50,1.03,3.13,4.97,6.62,2492,10
2026-05-16 10:00:30,1.2,10.67,11.31,11.31,1545545,88551,5.7,0,0,0.0,1007,474,50,1.03,3.20,2.91,4.09,2471,3
2026-05-16 10:01:30,1.1,11.00,11.23,11.28,1545545,88573,5.7,0,0,0.0,1007,474,50,1.03,49.46,0.55,1.88,2463,4
2026-05-16 10:02:30,1.2,10.17,10.97,11.18,1545545,88578,5.7,0,0,0.0,1007,474,50,1.03,2.99,1.78,3.13,2482,4
2026-05-16 10:03:31,2.5,11.09,11.08,11.21,1545545,88588,5.7,0,0,0.0,1007,474,50,1.03,3.22,8.63,9.58,2481,2
2026-05-16 10:04:31,1.4,10.84,11.00,11.17,1545545,88592,5.7,0,0,0.0,1007,474,50,1.03,3.16,6.92,7.80,2481,4
2026-05-16 10:05:31,1.1,10.40,10.83,11.10,1545545,88627,5.7,0,0,0.0,1007,474,50,1.03,3.28,6.12,6.94,2497,8
2026-05-16 10:06:32,2.1,11.06,10.87,11.09,1545545,88633,5.7,0,0,0.0,1007,474,50,1.03,2.92,8.77,10.05,2503,3
2026-05-16 10:07:32,3.0,11.43,11.00,11.12,1545545,88622,5.7,0,0,0.0,1007,474,50,1.03,3.53,12.57,13.65,2485,7
2026-05-16 10:08:32,1.6,11.54,11.10,11.14,1545545,88624,5.7,0,0,0.0,1007,474,50,1.03,3.15,12.75,13.82,2491,5
2026-05-16 10:09:33,1.4,11.68,11.10,11.13,1545545,88611,5.7,0,0,0.0,1007,474,50,1.03,2.95,4.14,5.24,2488,1
2026-05-16 10:10:33,1.7,10.52,10.87,11.05,1545545,88640,5.7,0,0,0.0,1007,474,50,1.03,3.20,2.51,3.70,2466,5
2026-05-16 10:11:33,1.4,10.04,10.73,10.99,1545545,88631,5.7,0,0,0.0,1007,474,50,1.03,3.00,5.49,6.40,2461,4
2026-05-16 10:12:34,11.2,10.40,10.71,10.97,1545545,88625,5.7,0,0,0.0,1007,474,50,1.03,3.09,6.66,7.47,2470,14
2026-05-16 10:13:34,1.2,11.04,10.90,11.03,1545545,88619,5.7,0,0,0.0,1007,474,50,1.03,3.21,7.02,8.70,2460,1
2026-05-16 10:14:34,2.1,9.90,10.59,10.91,1545545,88661,5.7,0,0,0.0,1007,474,50,1.03,3.30,3.73,4.92,2459,5
2026-05-16 10:15:35,1.3,9.54,10.36,10.81,1545545,88651,5.7,0,0,0.0,1007,474,50,1.03,3.20,2.28,3.49,2470,2
2026-05-16 10:16:35,1.7,11.42,10.71,10.90,1545545,88535,5.7,0,0,0.0,1007,474,50,1.03,3.06,6.79,7.96,2471,3
2026-05-16 10:17:35,1.9,10.80,10.69,10.88,1545545,88530,5.7,0,0,0.0,1007,474,50,1.03,3.00,12.85,13.42,2469,3
2026-05-16 10:18:36,1.8,10.71,10.74,10.89,1545545,88523,5.7,0,0,0.0,1007,474,50,1.03,3.19,3.81,5.02,2492,4
2026-05-16 10:19:36,2.3,11.39,10.93,10.95,1545545,88532,5.7,0,0,0.0,1007,474,50,1.03,3.19,6.85,8.31,2478,7
2026-05-16 10:20:36,1.2,11.15,10.93,10.94,1545545,88538,5.7,0,0,0.0,1007,474,50,1.03,3.30,1.58,2.84,2477,3
2026-05-16 10:21:37,1.3,12.14,11.25,11.05,1545545,88565,5.7,0,0,0.0,1007,474,50,1.03,3.02,11.42,11.86,2500,2
2026-05-16 10:22:37,1.8,11.67,11.24,11.06,1545545,88559,5.7,0,0,0.0,1007,474,50,1.03,2.98,3.57,4.73,2481,9
2026-05-16 10:23:37,3.0,10.51,11.02,11.00,1545545,88578,5.7,0,0,0.0,1007,474,50,1.03,3.19,5.73,6.82,2468,6
2026-05-16 10:24:38,1.1,10.18,10.84,10.94,1545545,88553,5.7,0,0,0.0,1007,474,50,1.03,3.23,3.56,4.96,2487,10
2026-05-16 10:25:38,1.2,9.78,10.61,10.85,1545545,88580,5.7,0,0,0.0,1007,474,50,1.03,2.79,0.53,1.87,2489,1
2026-05-16 10:26:38,2.0,10.73,10.72,10.87,1545545,88605,5.7,0,0,0.0,1007,474,50,1.03,3.02,3.09,4.19,2476,4
2026-05-16 10:27:39,1.0,10.20,10.58,10.81,1545545,88554,5.7,0,0,0.0,1007,474,50,1.03,3.11,2.99,4.08,2488,9
2026-05-16 10:28:39,2.1,10.87,10.67,10.83,1545545,88580,5.7,0,0,0.0,1007,474,50,1.03,3.09,6.96,7.88,2485,5
2026-05-16 10:29:39,1.2,12.49,11.20,11.00,1545545,88582,5.7,0,0,0.0,1007,474,50,1.03,3.18,10.29,11.79,2471,6
2026-05-16 10:30:40,2.1,10.87,10.96,10.93,1545545,88638,5.7,0,0,0.0,1007,474,50,1.03,3.21,1.80,3.08,2469,4
2026-05-16 10:31:40,3.0,12.84,11.47,11.11,1545545,88630,5.7,0,0,0.0,1007,474,50,1.03,3.11,10.16,11.75,2481,4
2026-05-16 10:32:40,1.2,11.37,11.33,11.08,1545545,88596,5.7,0,0,0.0,1007,474,50,1.03,3.06,7.69,8.50,2479,2
2026-05-16 10:33:41,4.1,10.30,11.00,10.98,1545545,88616,5.7,0,0,0.0,1007,474,50,1.03,3.28,3.06,4.41,2478,4
2026-05-16 10:34:41,3.0,11.05,11.07,11.01,1545545,88618,5.7,0,0,0.0,1007,474,50,1.03,3.31,12.39,13.65,2483,4
2026-05-16 10:35:41,1.8,12.04,11.42,11.14,1545545,88653,5.7,0,0,0.0,1007,474,50,1.03,3.12,11.47,12.76,2498,5
2026-05-16 10:36:42,1.7,11.57,11.36,11.13,1545545,88695,5.7,0,0,0.0,1007,474,50,1.03,3.03,5.48,6.54,2483,2
2026-05-16 10:37:42,1.3,10.80,11.18,11.08,1545545,88659,5.7,0,0,0.0,1007,474,50,1.03,3.14,3.33,4.51,2494,3
2026-05-16 10:38:42,1.2,10.73,11.08,11.05,1545545,88638,5.7,0,0,0.0,1007,474,50,1.03,3.18,0.58,2.12,2482,5
2026-05-16 10:39:43,1.4,10.14,10.87,10.98,1545545,88646,5.7,0,0,0.0,1007,474,50,1.03,3.17,4.60,5.89,2476,1
2026-05-16 10:40:43,1.1,12.69,11.51,11.19,1545545,88685,5.7,0,0,0.0,1007,474,50,1.03,3.17,4.10,5.12,2474,4
2026-05-16 10:41:43,1.4,12.60,11.82,11.33,1545545,88682,5.7,0,0,0.0,1007,474,50,1.03,3.02,3.87,4.84,2468,1
2026-05-16 10:42:44,11.7,15.28,12.60,11.62,1545545,88676,5.7,0,0,0.0,1007,474,50,1.03,3.06,5.48,6.31,2469,23
2026-05-16 10:43:44,1.5,14.40,13.09,11.87,1545545,88659,5.7,0,0,0.0,1007,474,50,1.03,2.73,4.14,5.50,2490,2
2026-05-16 10:44:44,2.0,14.43,13.16,11.96,1545545,88701,5.7,0,0,0.0,1007,474,50,1.03,3.21,1.73,3.09,2489,3
2026-05-16 10:45:45,1.4,11.69,12.58,11.83,1545545,88680,5.7,0,0,0.0,1007,474,50,1.03,3.43,0.57,2.01,2477,1
2026-05-16 10:46:45,1.9,16.20,13.55,12.20,1545545,88716,5.7,0,0,0.0,1007,474,50,1.03,2.90,6.52,7.56,2487,2
2026-05-16 10:47:45,1.2,15.09,13.93,12.43,1545545,88678,5.7,0,0,0.0,1007,474,50,1.03,3.12,8.14,9.74,2478,6
2026-05-16 10:48:46,1.8,12.01,13.24,12.28,1545545,88689,5.7,0,0,0.0,1007,474,50,1.03,3.10,3.42,4.68,2474,3
2026-05-16 10:49:46,1.4,14.03,13.91,12.59,1545545,88680,5.7,0,0,0.0,1007,474,50,1.03,3.32,5.45,7.05,2477,5
2026-05-16 10:50:46,1.3,11.72,13.26,12.45,1545545,88576,5.7,0,0,0.0,1007,474,50,1.03,3.11,5.40,6.46,2475,4
2026-05-16 10:51:47,1.7,11.58,13.02,12.42,1545545,88606,5.7,0,0,0.0,1007,474,50,1.03,3.09,6.91,8.11,2446,2
2026-05-16 10:52:47,2.8,13.74,13.42,12.60,1545545,88590,5.7,0,0,0.0,1007,474,50,1.03,3.15,11.37,12.86,2462,5
2026-05-16 10:53:47,2.0,11.71,12.94,12.49,1545545,88597,5.7,0,0,0.0,1007,474,50,1.03,3.29,2.44,3.93,2456,4
2026-05-16 10:54:48,1.6,12.71,12.91,12.50,1545545,88592,5.7,0,0,0.0,1007,474,50,1.03,3.06,8.08,8.88,2470,6
2026-05-16 10:55:48,1.1,11.48,12.51,12.38,1545545,88624,5.7,0,0,0.0,1007,474,50,1.03,3.46,7.44,8.58,2483,1
2026-05-16 10:56:48,1.2,11.28,12.20,12.28,1545545,88652,5.7,0,0,0.0,1007,474,50,1.03,3.18,0.94,2.26,2487,3
2026-05-16 10:57:49,11.2,10.99,11.91,12.17,1545545,88629,5.7,0,0,0.0,1007,474,50,1.03,2.89,6.60,7.81,2478,25
2026-05-16 10:58:49,5.6,11.53,11.97,12.18,1545545,88618,5.7,0,0,0.0,1007,474,50,1.03,3.19,7.58,8.76,2478,5
2026-05-16 10:59:49,1.8,15.11,12.87,12.48,1545545,88632,5.7,0,0,0.0,1007,474,50,1.03,3.09,12.25,13.70,2470,7
2026-05-16 11:00:50,2.4,12.45,12.52,12.38,1545545,88654,5.7,0,0,0.0,1007,474,50,1.03,3.41,3.26,4.49,2472,6
2026-05-16 11:01:50,1.1,11.58,12.23,12.28,1545545,88660,5.7,0,0,0.0,1007,474,50,1.03,51.62,7.14,8.22,2473,6
2026-05-16 11:02:50,1.0,10.66,11.83,12.14,1545545,88641,5.7,0,0,0.0,1007,474,50,1.03,2.60,1.33,2.62,2479,4
2026-05-16 11:03:51,1.2,11.28,11.87,12.14,1545545,88642,5.7,0,0,0.0,1007,474,50,1.03,3.27,3.42,4.67,2482,2
2026-05-16 11:04:51,1.1,12.21,12.01,12.16,1545545,88656,5.7,0,0,0.0,1007,474,50,1.03,3.26,7.50,8.79,2486,2
2026-05-16 11:05:51,1.0,10.80,11.64,12.03,1545545,88670,5.7,0,0,0.0,1007,474,50,1.03,3.14,4.22,5.36,2472,2
2026-05-16 11:06:52,1.0,10.43,11.36,11.90,1545545,88683,5.7,0,0,0.0,1007,474,50,1.03,3.21,0.59,1.92,2460,2
2026-05-16 11:07:52,1.5,10.77,11.29,11.85,1545545,88671,5.7,0,0,0.0,1007,474,50,1.03,3.16,7.02,8.72,2465,2
2026-05-16 11:08:52,1.8,11.66,11.37,11.83,1545545,88687,5.7,0,0,0.0,1007,474,50,1.03,2.99,7.73,9.27,2469,4
2026-05-16 11:09:53,1.4,10.99,11.31,11.79,1545545,88678,5.7,0,0,0.0,1007,474,50,1.03,3.03,4.96,6.14,2465,1
2026-05-16 11:10:53,1.2,9.86,10.91,11.62,1545545,88710,5.7,0,0,0.0,1007,474,50,1.03,3.44,0.72,2.16,2471,1
2026-05-16 11:11:53,1.7,11.55,11.27,11.70,1545545,88748,5.7,0,0,0.0,1007,474,50,1.03,3.07,11.03,11.83,2475,3
2026-05-16 11:12:54,1.2,10.30,10.96,11.57,1545545,88712,5.7,0,0,0.0,1007,474,50,1.03,2.96,3.92,4.99,2471,1
2026-05-16 11:13:54,2.7,11.16,10.96,11.52,1545545,88715,5.7,0,0,0.0,1007,474,50,1.03,3.14,2.64,4.00,2456,3
2026-05-16 11:14:54,1.3,11.03,10.99,11.50,1545545,88722,5.7,0,0,0.0,1007,474,50,1.03,3.20,10.33,11.18,2458,3
2026-05-16 11:15:55,1.4,9.97,10.71,11.37,1545545,88744,5.7,0,0,0.0,1007,474,50,1.03,3.43,3.40,4.62,2460,3
2026-05-16 11:16:55,1.1,9.70,10.50,11.26,1545545,88761,5.7,0,0,0.0,1007,474,50,1.03,2.91,0.94,2.28,2468,3
2026-05-16 11:17:55,1.0,10.51,10.56,11.22,1545545,88745,5.7,0,0,0.0,1007,474,50,1.03,3.26,5.59,6.91,2483,3
2026-05-16 11:18:56,1.3,11.43,10.88,11.30,1545545,88732,5.7,0,0,0.0,1007,474,50,1.03,3.25,4.48,5.69,2495,5
2026-05-16 11:19:56,1.3,10.04,10.57,11.16,1545545,88736,5.7,0,0,0.0,1007,474,50,1.03,3.20,0.52,2.08,2499,3
2026-05-16 11:20:56,1.7,9.95,10.41,11.07,1545545,88796,5.7,0,0,0.0,1007,474,50,1.03,3.11,3.28,4.51,2487,2
2026-05-16 11:21:57,0.9,9.86,10.31,10.99,1545545,88783,5.7,0,0,0.0,1007,474,50,1.03,3.06,3.06,4.17,2493,4
2026-05-16 11:22:57,1.9,10.91,10.55,11.03,1545545,88778,5.7,0,0,0.0,1007,474,50,1.03,2.98,8.33,9.06,2477,5
2026-05-16 11:23:57,1.4,11.00,10.62,11.02,1545545,88758,5.7,0,0,0.0,1007,474,50,1.03,3.07,5.16,6.21,2483,4
2026-05-16 11:24:58,1.4,10.70,10.60,10.98,1545545,88652,5.7,0,0,0.0,1007,474,50,1.03,3.19,3.81,4.97,2481,3
2026-05-16 11:25:58,3.3,13.08,11.11,11.13,1545545,88703,5.7,0,0,0.0,1007,474,50,1.03,3.39,5.40,6.90,2486,11
2026-05-16 11:26:58,1.0,16.58,12.76,11.71,1545545,88680,5.7,0,0,0.0,1007,474,50,1.03,3.04,7.58,8.46,2480,4
2026-05-16 11:27:59,2.0,12.55,12.29,11.61,1545545,88699,5.7,0,0,0.0,1007,474,50,1.03,2.88,4.84,5.74,2489,4
2026-05-16 11:28:59,1.1,11.78,12.12,11.60,1545545,88672,5.7,0,0,0.0,1007,474,50,1.03,3.15,10.01,11.32,2477,4
2026-05-16 11:29:59,1.2,10.64,11.74,11.50,1545545,88670,5.7,0,0,0.0,1007,474,50,1.03,2.77,1.36,2.81,2469,4
2026-05-16 11:31:00,1.2,10.33,11.46,11.42,1545545,88716,5.7,0,0,0.0,1007,474,50,1.03,3.21,5.81,6.78,2474,5
2026-05-16 11:32:00,2.0,10.07,11.22,11.33,1545545,88725,5.7,0,0,0.0,1007,474,50,1.03,3.11,1.57,2.86,2468,4
2026-05-16 11:33:00,1.7,10.21,11.00,11.25,1545545,88697,5.7,0,0,0.0,1007,474,50,1.03,3.26,6.32,7.12,2461,2
2026-05-16 11:34:01,3.0,10.82,10.96,11.21,1545545,88717,5.7,0,0,0.0,1007,474,50,1.03,3.15,4.27,5.41,2472,9
2026-05-16 11:35:01,3.0,12.20,11.31,11.32,1545545,88712,5.7,0,0,0.0,1007,474,50,1.08,3.08,12.33,13.84,2466,6
2026-05-16 11:36:01,2.9,12.18,11.52,11.39,1545545,88756,5.7,0,0,0.0,1007,474,50,1.03,3.44,5.77,7.36,2470,5
2026-05-16 11:37:02,1.0,10.99,11.32,11.34,1545545,88729,5.7,0,0,0.0,1007,474,50,1.03,3.14,2.33,3.70,2464,1
2026-05-16 11:38:02,2.2,9.98,10.97,11.21,1545545,88709,5.7,0,0,0.0,1007,474,50,1.03,3.02,2.18,3.43,2463,2
2026-05-16 11:39:02,1.8,11.54,11.25,11.29,1545545,88719,5.7,0,0,0.0,1007,474,50,1.03,2.87,9.84,10.50,2471,5
2026-05-16 11:40:03,1.1,10.88,11.16,11.26,1545545,88739,5.7,0,0,0.0,1007,474,50,1.03,3.20,9.96,11.07,2477,4
2026-05-16 11:41:03,1.1,14.61,12.26,11.63,1545545,88760,5.7,0,0,0.0,1007,474,50,1.03,3.43,6.26,7.23,2481,8
2026-05-16 11:42:03,1.7,11.40,11.74,11.49,1545545,88783,5.7,0,0,0.0,1007,474,50,1.03,3.05,1.89,3.13,2484,24
2026-05-16 11:43:04,3.2,12.74,12.08,11.62,1545545,88743,5.7,0,0,0.0,1007,474,50,1.03,3.05,9.86,11.50,2479,4
2026-05-16 11:44:04,1.1,10.95,11.72,11.53,1545545,88734,5.7,0,0,0.0,1007,474,50,1.03,3.07,3.62,5.14,2469,4
2026-05-16 11:45:04,1.1,10.29,11.39,11.43,1545545,88761,5.7,0,0,0.0,1007,474,50,1.03,3.20,2.59,3.89,2466,3
2026-05-16 11:46:05,3.3,9.91,11.06,11.31,1545545,88814,5.7,0,0,0.0,1007,474,50,1.03,3.51,2.30,3.54,2466,4
2026-05-16 11:47:05,1.2,9.64,10.79,11.20,1545545,88799,5.7,0,0,0.0,1007,474,50,1.03,2.96,3.25,4.42,2467,4
2026-05-16 11:48:05,1.2,10.48,10.81,11.18,1545545,88772,5.7,0,0,0.0,1007,474,50,1.03,3.02,2.93,4.14,2468,2
2026-05-16 11:49:06,1.2,9.41,10.44,11.03,1545545,88785,5.7,0,0,0.0,1007,474,50,1.03,2.71,0.52,1.91,2476,4
2026-05-16 11:50:06,1.9,9.43,10.22,10.91,1545545,88839,5.7,0,0,0.0,1007,474,50,1.03,3.13,3.53,4.77,2475,3
2026-05-16 11:51:06,1.7,9.82,10.20,10.86,1545545,88830,5.7,0,0,0.0,1007,474,50,1.03,3.29,5.80,6.72,2460,2
2026-05-16 11:52:07,1.5,10.77,10.54,10.95,1545545,88844,5.7,0,0,0.0,1007,474,50,1.03,3.07,6.45,7.29,2476,2
2026-05-16 11:53:07,2.3,10.69,10.48,10.89,1545545,88834,5.7,0,0,0.0,1007,474,50,1.03,3.10,3.20,4.44,2484,5
2026-05-16 11:54:07,1.0,9.95,10.31,10.81,1545545,88810,5.7,0,0,0.0,1007,474,50,1.03,2.95,2.66,3.83,2475,3
2026-05-16 11:55:08,1.1,10.20,10.34,10.79,1545545,88820,5.7,0,0,0.0,1007,474,50,1.03,3.18,3.71,5.12,2476,4
2026-05-16 11:56:08,3.1,10.67,10.40,10.78,1545545,88871,5.8,0,0,0.0,1007,474,50,1.03,3.31,4.40,5.40,2483,2
2026-05-16 11:57:08,3.2,12.59,10.91,10.92,1545545,88886,5.8,0,0,0.0,1007,474,50,1.03,3.24,11.05,11.91,2477,8
2026-05-16 11:58:09,9.7,12.02,11.06,10.97,1545545,88723,5.7,0,0,0.0,1007,474,50,1.03,3.02,9.25,10.44,2477,2
2026-05-16 11:59:09,1.8,12.07,11.20,11.02,1545545,88729,5.7,0,0,0.0,1007,474,50,1.03,3.08,12.36,13.46,2481,3
2026-05-16 12:00:09,1.1,11.60,11.17,11.02,1545545,88732,5.7,0,0,0.0,1007,474,50,1.03,3.16,7.58,8.45,2487,9
2026-05-16 12:01:10,1.0,9.84,10.75,10.88,1545545,88739,5.7,0,0,0.0,1007,474,50,1.03,52.19,1.72,2.97,2488,2
2026-05-16 12:02:10,1.9,17.16,12.44,11.44,1545545,88753,5.7,0,0,0.0,1007,474,50,1.03,3.22,0.89,2.37,2481,4
2026-05-16 12:03:10,1.3,13.25,12.26,11.45,1545545,88722,5.7,0,0,0.0,1007,474,50,1.03,2.67,10.65,11.17,2479,6
2026-05-16 12:04:11,3.3,10.80,11.74,11.32,1545545,88720,5.7,0,0,0.0,1007,474,50,1.03,3.15,1.78,3.02,2464,1
2026-05-16 12:05:11,1.2,10.34,11.46,11.25,1545545,88744,5.7,0,0,0.0,1007,474,50,1.03,3.03,0.95,2.49,2462,2
2026-05-16 12:06:11,3.1,10.94,11.37,11.23,1545545,88783,5.7,0,0,0.0,1007,474,50,1.03,3.40,6.10,7.18,2475,5
2026-05-16 12:07:12,1.1,10.67,11.22,11.18,1545545,88776,5.7,0,0,0.0,1007,474,50,1.03,3.38,4.82,6.32,2480,3
2026-05-16 12:08:12,1.1,10.33,11.04,11.12,1545545,88755,5.7,0,0,0.0,1007,474,50,1.03,2.99,1.35,2.71,2475,12
2026-05-16 12:09:12,1.1,10.54,11.05,11.12,1545545,88764,5.7,0,0,0.0,1007,474,50,1.03,3.05,0.96,2.31,2481,2
2026-05-16 12:10:13,1.4,10.03,10.82,11.04,1545545,88763,5.7,0,0,0.0,1007,474,50,1.03,3.30,0.55,1.90,2476,4
2026-05-16 12:11:13,1.0,10.07,10.67,10.97,1545545,88777,5.7,0,0,0.0,1007,474,50,1.03,3.32,5.04,6.11,2472,3
2026-05-16 12:12:13,1.0,9.41,10.39,10.86,1545545,88773,5.7,0,0,0.0,1007,474,50,1.03,2.99,0.61,2.12,2477,8
2026-05-16 12:13:14,1.3,9.45,10.23,10.77,1545545,88764,5.7,0,0,0.0,1007,474,50,1.03,3.09,2.12,3.35,2466,1
2026-05-16 12:14:14,1.1,9.49,10.09,10.69,1545545,88774,5.7,0,0,0.0,1007,474,50,1.03,3.09,4.63,5.55,2477,5
2026-05-16 12:15:14,1.1,10.56,10.32,10.73,1545545,88786,5.7,0,0,0.0,1007,474,50,1.48,3.38,9.31,9.96,2478,1
2026-05-16 12:16:15,1.5,9.96,10.23,10.67,1545545,88801,5.7,0,0,0.0,1007,474,50,1.03,3.31,7.76,8.63,2484,2
2026-05-16 12:17:15,1.0,10.42,10.33,10.68,1545545,88810,5.7,0,0,0.0,1007,474,50,1.03,2.85,6.98,7.87,2485,6
2026-05-16 12:18:15,1.2,9.86,10.22,10.62,1545545,88814,5.7,0,0,0.0,1007,474,50,1.03,3.16,2.10,3.40,2489,6
2026-05-16 12:19:16,0.9,10.06,10.25,10.61,1545545,88813,5.7,0,0,0.0,1007,474,50,1.03,2.95,3.43,4.42,2484,8
2026-05-16 12:20:16,1.1,9.88,10.16,10.56,1545545,88833,5.7,0,0,0.0,1007,474,50,1.03,3.30,0.52,1.87,2485,4
2026-05-16 12:21:16,1.0,10.57,10.27,10.57,1545545,88861,5.7,0,0,0.0,1007,474,50,1.03,3.07,5.02,6.11,2469,6
2026-05-16 12:22:17,2.3,10.08,10.22,10.53,1545545,88870,5.8,0,0,0.0,1007,474,50,1.03,3.22,1.99,3.39,2471,5
2026-05-16 12:23:17,1.2,10.51,10.32,10.55,1545545,88843,5.7,0,0,0.0,1007,474,50,1.03,3.02,6.61,7.71,2479,2
2026-05-16 12:24:17,1.1,11.66,10.66,10.65,1545545,88847,5.7,0,0,0.0,1007,474,50,1.03,3.09,4.31,5.91,2477,7
2026-05-16 12:25:18,2.2,16.03,11.89,11.06,1545545,88867,5.7,0,0,0.0,1007,474,50,1.03,3.33,7.00,7.72,2477,8
2026-05-16 12:26:18,2.1,15.25,12.48,11.32,1545545,88887,5.8,0,0,0.0,1007,474,50,2.09,3.29,3.12,4.31,2483,3
2026-05-16 12:27:18,2.8,11.38,11.90,11.19,1545545,88883,5.8,0,0,0.0,1007,474,50,1.04,2.96,0.57,2.08,2473,4
2026-05-16 12:28:19,1.2,12.92,12.33,11.39,1545545,88875,5.8,0,0,0.0,1007,474,50,1.03,3.15,6.01,7.24,2471,3
2026-05-16 12:29:19,1.1,11.17,11.92,11.31,1545545,88875,5.8,0,0,0.0,1007,474,50,1.03,3.01,0.58,1.95,2468,2
2026-05-16 12:30:19,2.5,13.97,12.75,11.64,1545545,88933,5.8,0,0,0.0,1007,474,50,1.03,3.13,5.95,6.97,2476,3
2026-05-16 12:31:20,1.5,14.65,13.47,11.98,1545545,88912,5.8,0,0,0.0,1007,474,50,1.03,3.04,8.20,9.50,2483,4
2026-05-16 12:32:20,1.3,11.09,12.65,11.79,1545545,88786,5.7,0,0,0.0,1007,474,50,1.03,3.27,0.57,2.28,2495,1
2026-05-16 12:33:20,3.1,13.29,12.88,11.91,1545545,88798,5.7,0,0,0.0,1007,474,50,1.03,3.18,6.79,8.18,2496,10
2026-05-16 12:34:21,2.5,12.08,12.75,11.94,1545545,88788,5.7,0,0,0.0,1007,474,50,1.03,3.00,5.55,7.68,2494,2
2026-05-16 12:35:21,2.1,12.22,12.67,11.96,1545545,88823,5.7,0,0,0.0,1007,474,50,1.03,3.25,9.91,11.29,2481,5
2026-05-16 12:36:21,1.9,11.00,12.24,11.86,1545545,88837,5.7,0,0,0.0,1007,474,50,1.03,3.43,7.19,8.05,2471,6
2026-05-16 12:37:22,2.9,13.15,12.60,12.00,1545545,88827,5.7,0,0,0.0,1007,474,50,1.03,2.73,10.35,11.53,2465,5
2026-05-16 12:38:22,1.2,12.03,12.51,12.02,1545545,88802,5.7,0,0,0.0,1007,474,50,1.03,3.07,6.86,8.36,2467,3
2026-05-16 12:39:22,1.9,10.42,11.97,11.86,1545545,88833,5.7,0,0,0.0,1007,474,50,1.03,3.07,4.85,5.83,2477,3
2026-05-16 12:40:23,1.2,11.16,11.91,11.85,1545545,88852,5.7,0,0,0.0,1007,474,50,1.03,3.14,8.73,9.20,2484,2
2026-05-16 12:41:23,1.2,9.89,11.41,11.68,1545545,88854,5.7,0,0,0.0,1007,474,50,1.03,3.07,1.49,2.91,2493,5
2026-05-16 12:42:23,1.2,11.13,11.45,11.67,1545545,88858,5.7,0,0,0.0,1007,474,50,1.03,3.18,6.11,7.34,2479,5
2026-05-16 12:43:24,2.0,11.20,11.37,11.62,1545545,88860,5.7,0,0,0.0,1007,474,50,1.03,3.20,4.83,5.79,2473,3
2026-05-16 12:44:24,2.3,12.15,11.61,11.69,1545545,88858,5.7,0,0,0.0,1007,474,50,1.03,3.02,12.36,12.91,2497,3
2026-05-16 12:45:24,3.0,10.34,11.20,11.54,1545545,88887,5.8,0,0,0.0,1007,474,50,1.03,3.20,3.35,4.43,2489,7
2026-05-16 12:46:25,1.3,11.87,11.58,11.66,1545545,88874,5.8,0,0,0.0,1007,474,50,1.03,3.30,5.06,6.63,2484,6
2026-05-16 12:47:25,3.2,11.52,11.52,11.63,1545545,88883,5.8,0,0,0.0,1007,474,50,1.03,3.17,6.69,7.51,2498,4
2026-05-16 12:48:25,1.9,10.86,11.36,11.57,1545545,88862,5.7,0,0,0.0,1007,474,50,1.03,3.22,5.13,6.23,2502,7
2026-05-16 12:49:26,1.2,10.33,11.10,11.46,1545545,88871,5.8,0,0,0.0,1007,474,50,1.03,2.96,1.10,2.38,2482,1
2026-05-16 12:50:26,1.2,9.73,10.78,11.33,1545545,88936,5.8,0,0,0.0,1007,474,50,1.03,3.36,1.75,3.02,2504,5
2026-05-16 12:51:26,1.4,10.88,10.90,11.33,1545545,88904,5.8,0,0,0.0,1007,474,50,1.03,3.13,5.32,6.54,2506,3
2026-05-16 12:52:27,1.8,10.86,10.90,11.31,1545545,88924,5.8,0,0,0.0,1007,474,50,1.03,3.00,1.98,3.22,2508,2
2026-05-16 12:53:27,1.1,10.40,10.78,11.24,1545545,88914,5.8,0,0,0.0,1007,474,50,1.03,3.09,6.86,7.79,2520,5
2026-05-16 12:54:27,1.1,10.60,10.74,11.19,1545545,88894,5.8,0,0,0.0,1007,474,50,1.03,3.21,2.83,4.26,2510,4
2026-05-16 12:55:28,1.4,12.77,11.40,11.39,1545545,88919,5.8,0,0,0.0,1007,474,50,1.03,3.34,6.49,7.52,2503,10
2026-05-16 12:56:28,0.9,10.81,11.10,11.29,1545545,88939,5.8,0,0,0.0,1007,474,50,1.03,3.08,2.26,3.59,2503,1
2026-05-16 12:57:28,2.0,9.99,10.80,11.17,1545545,88959,5.8,0,0,0.0,1007,474,50,1.03,3.18,2.71,3.89,2503,4
2026-05-16 12:58:29,8.3,9.71,10.61,11.08,1545545,88922,5.8,0,0,0.0,1007,474,50,1.03,2.78,5.63,6.73,2499,6
2026-05-16 12:59:29,1.1,9.52,10.44,11.00,1545545,88902,5.8,0,0,0.0,1007,474,50,1.03,3.15,2.12,3.35,2495,4
2026-05-16 13:00:29,3.0,10.72,10.54,10.99,1545545,88954,5.8,0,0,0.0,1007,474,50,1.03,3.03,4.72,5.98,2489,5
2026-05-16 13:01:30,2.8,10.81,10.58,10.98,1545545,88966,5.8,0,0,0.0,1007,474,50,1.03,49.63,6.26,7.61,2492,7
2026-05-16 13:02:30,1.8,11.51,10.77,11.01,1545545,88933,5.8,0,0,0.0,1007,474,50,1.03,3.06,9.44,10.31,2480,3
2026-05-16 13:03:30,2.9,13.71,11.28,11.16,1545545,88935,5.8,0,0,0.0,1007,474,50,1.03,3.02,4.69,6.01,2485,7
2026-05-16 13:04:31,2.3,12.82,11.45,11.22,1545545,88934,5.8,0,0,0.0,1007,474,50,1.03,3.12,9.89,11.10,2484,5
2026-05-16 13:05:31,2.2,10.91,11.10,11.11,1545545,88963,5.8,0,0,0.0,1007,474,50,1.03,3.34,2.15,3.34,2476,6
2026-05-16 13:06:31,1.8,10.20,10.87,11.03,1545545,88824,5.7,0,0,0.0,1007,474,50,1.03,3.29,2.17,3.43,2483,1
2026-05-16 13:07:32,1.0,10.13,10.74,10.98,1545545,88825,5.7,0,0,0.0,1007,474,50,1.03,4.80,4.54,5.58,2486,3
2026-05-16 13:08:32,1.0,9.70,10.50,10.88,1545545,88819,5.7,0,0,0.0,1007,474,50,1.13,3.21,0.55,2.20,2480,6
2026-05-16 13:09:32,1.0,9.79,10.34,10.79,1545545,88831,5.7,0,0,0.0,1007,474,50,1.12,3.43,0.54,1.94,2492,10
2026-05-16 13:10:33,1.2,12.20,10.99,11.00,1545545,88848,5.7,0,0,0.0,1007,474,50,1.03,3.19,7.84,9.42,2486,2
2026-05-16 13:11:33,1.1,9.92,10.56,10.85,1545545,88855,5.7,0,0,0.0,1007,474,50,1.03,3.07,0.66,2.02,2481,6
2026-05-16 13:12:33,1.2,10.91,10.70,10.87,1545545,88846,5.7,0,0,0.0,1007,474,50,1.03,3.05,9.68,11.45,2486,3
2026-05-16 13:13:34,1.1,10.00,10.49,10.79,1545545,88845,5.7,0,0,0.0,1007,474,50,1.03,3.17,0.56,2.08,2475,3
2026-05-16 13:14:34,1.1,9.97,10.40,10.74,1545545,88858,5.7,0,0,0.0,1007,474,50,1.03,3.12,2.11,3.36,2470,3
2026-05-16 13:15:34,1.1,10.14,10.38,10.71,1545545,88884,5.8,0,0,0.0,1007,474,50,1.04,3.32,4.23,5.18,2488,3
2026-05-16 13:16:35,1.2,9.50,10.16,10.61,1545545,88879,5.8,0,0,0.0,1007,474,50,1.03,2.85,2.15,3.34,2481,3
2026-05-16 13:17:35,1.7,9.09,9.95,10.52,1545545,88879,5.8,0,0,0.0,1007,474,50,1.03,3.04,1.25,2.74,2480,7
2026-05-16 13:18:35,3.1,9.62,9.94,10.48,1545545,88876,5.8,0,0,0.0,1007,474,50,1.03,3.04,3.35,4.65,2491,10
2026-05-16 13:19:36,1.2,11.67,10.50,10.63,1545545,88863,5.7,0,0,0.0,1007,474,50,1.03,3.09,9.21,10.32,2490,3
2026-05-16 13:20:36,1.4,12.11,10.88,10.76,1545545,88898,5.8,0,0,0.0,1007,474,50,1.03,3.32,4.21,5.22,2462,2
2026-05-16 13:21:36,2.1,11.33,10.94,10.79,1545545,88914,5.8,0,0,0.0,1007,474,50,1.03,3.03,9.62,10.23,2485,11
2026-05-16 13:22:37,1.3,10.36,10.72,10.72,1545545,88887,5.8,0,0,0.0,1007,474,50,1.03,3.07,3.49,4.72,2476,1
2026-05-16 13:23:37,1.1,9.90,10.50,10.65,1545545,88875,5.8,0,0,0.0,1007,474,50,1.03,3.23,3.02,4.44,2474,2
2026-05-16 13:24:37,1.0,9.17,10.18,10.53,1545545,88879,5.8,0,0,0.0,1007,474,50,1.03,3.04,3.31,4.39,2462,2
2026-05-16 13:25:38,2.0,10.30,10.34,10.56,1545545,88958,5.8,0,0,0.0,1007,474,50,1.03,3.12,9.00,9.75,2471,3
2026-05-16 13:26:38,1.9,15.08,11.90,11.09,1545545,88981,5.8,0,0,0.0,1007,474,50,1.03,3.16,6.78,7.45,2469,4
2026-05-16 13:27:38,3.0,14.22,12.29,11.28,1545545,88956,5.8,0,0,0.0,1007,474,50,1.03,3.18,11.65,13.56,2463,7
2026-05-16 13:28:39,1.2,13.04,12.42,11.40,1545545,88934,5.8,0,0,0.0,1007,474,50,1.03,3.14,5.97,8.04,2470,1
2026-05-16 13:29:39,2.1,11.16,11.99,11.31,1545545,88948,5.8,0,0,0.0,1007,474,50,1.03,3.09,6.46,7.21,2478,3
2026-05-16 13:30:39,1.3,10.68,11.73,11.26,1545545,88964,5.8,0,0,0.0,1007,474,50,1.03,3.21,4.59,5.60,2475,2
2026-05-16 13:31:40,1.2,10.81,11.54,11.23,1545545,88965,5.8,0,0,0.0,1007,474,50,1.03,3.02,6.53,7.35,2474,2
2026-05-16 13:32:40,1.9,9.98,11.17,11.12,1545545,88948,5.8,0,0,0.0,1007,474,50,1.03,3.34,8.62,9.25,2477,3
2026-05-16 13:33:40,1.1,11.12,11.34,11.18,1545545,88952,5.8,0,0,0.0,1007,474,50,1.03,3.05,7.87,8.56,2469,6
2026-05-16 13:34:41,1.1,10.19,11.02,11.08,1545545,88960,5.8,0,0,0.0,1007,474,50,1.03,2.70,1.73,3.15,2482,3
2026-05-16 13:35:41,0.9,10.53,10.98,11.06,1545545,88977,5.8,0,0,0.0,1007,474,50,1.03,3.30,6.48,7.38,2469,7
2026-05-16 13:36:41,1.1,9.71,10.69,10.95,1545545,89001,5.8,0,0,0.0,1007,474,50,1.03,3.24,2.54,3.77,2469,3
2026-05-16 13:37:42,2.9,10.81,10.75,10.96,1545545,88980,5.8,0,0,0.0,1007,474,50,1.03,3.13,8.82,10.28,2472,5
2026-05-16 13:38:42,1.8,11.33,10.98,11.02,1545545,88966,5.8,0,0,0.0,1007,474,50,1.03,3.16,11.06,12.34,2481,1
2026-05-16 13:39:42,1.1,9.99,10.65,10.90,1545545,88964,5.8,0,0,0.0,1007,474,50,1.03,3.12,6.25,7.10,2467,2
2026-05-16 13:40:43,2.6,12.73,11.37,11.14,1545545,88870,5.8,0,0,0.0,1007,474,50,1.03,3.21,2.45,3.69,2481,3
2026-05-16 13:41:43,3.3,11.69,11.23,11.10,1545545,88906,5.8,0,0,0.0,1007,474,50,1.03,3.02,4.45,5.57,2488,6
2026-05-16 13:42:43,1.1,11.07,11.17,11.09,1545545,88868,5.7,0,0,0.0,1007,474,50,1.03,3.07,6.92,8.55,2496,3
2026-05-16 13:43:44,1.1,9.69,10.76,10.95,1545545,88870,5.8,0,0,0.0,1007,474,50,1.03,3.33,0.60,2.00,2500,5
2026-05-16 13:44:44,1.1,9.49,10.51,10.85,1545545,88863,5.7,0,0,0.0,1007,474,50,1.03,3.02,0.53,1.99,2503,3
2026-05-16 13:45:44,1.4,9.57,10.33,10.76,1545545,88888,5.8,0,0,0.0,1007,474,50,1.03,3.28,4.15,5.18,2504,25
2026-05-16 13:46:45,1.9,9.93,10.31,10.73,1545545,88901,5.8,0,0,0.0,1007,474,50,1.03,3.08,7.21,8.32,2489,7
2026-05-16 13:47:45,1.1,10.26,10.34,10.71,1545545,88918,5.8,0,0,0.0,1007,474,50,1.03,3.29,3.38,4.51,2478,2
2026-05-16 13:48:45,1.0,12.43,10.97,10.91,1545545,88883,5.8,0,0,0.0,1007,474,50,1.03,3.07,6.13,7.50,2469,2
2026-05-16 13:49:46,2.0,10.99,10.81,10.86,1545545,88916,5.8,0,0,0.0,1007,474,50,1.03,3.01,0.98,2.39,2466,3
2026-05-16 13:50:46,2.7,10.13,10.62,10.79,1545545,88933,5.8,0,0,0.0,1007,474,50,1.16,3.37,6.44,7.22,2480,6
2026-05-16 13:51:46,1.1,10.77,10.82,10.86,1545545,88914,5.8,0,0,0.0,1007,474,50,1.03,3.12,5.95,7.33,2468,4
2026-05-16 13:52:47,2.1,10.14,10.61,10.78,1545545,88926,5.8,0,0,0.0,1007,474,50,1.03,3.07,4.42,5.45,2475,2
2026-05-16 13:53:47,1.1,14.00,11.58,11.10,1545545,88912,5.8,0,0,0.0,1007,474,50,1.03,3.12,5.61,6.67,2472,2
2026-05-16 13:54:47,3.0,13.74,11.85,11.22,1545545,88933,5.8,0,0,0.0,1007,474,50,1.03,3.14,5.15,7.03,2465,4
2026-05-16 13:55:48,1.0,11.94,11.67,11.19,1545545,88947,5.8,0,0,0.0,1007,474,50,1.03,3.32,3.57,4.86,2457,4
2026-05-16 13:56:48,1.0,11.97,11.79,11.27,1545545,88948,5.8,0,0,0.0,1007,474,50,1.03,2.96,7.95,9.17,2465,1
2026-05-16 13:57:48,1.2,10.64,11.45,11.18,1545545,88920,5.8,0,0,0.0,1007,474,50,1.03,3.16,4.56,5.56,2470,8
2026-05-16 13:58:49,6.2,9.79,11.05,11.06,1545545,88933,5.8,0,0,0.0,1007,474,50,1.03,2.84,5.80,6.70,2479,3
2026-05-16 13:59:49,0.9,9.61,10.79,10.97,1545545,88945,5.8,0,0,0.0,1007,474,50,1.03,3.09,4.26,5.35,2482,2
2026-05-16 14:00:49,1.9,10.37,10.75,10.94,1545545,88989,5.8,0,0,0.0,1007,474,50,1.03,3.06,5.49,6.33,2483,5
2026-05-16 14:01:50,1.0,9.94,10.56,10.86,1545545,89001,5.8,0,0,0.0,1007,474,50,1.03,49.76,2.84,3.99,2476,3
2026-05-16 14:02:50,1.3,9.83,10.42,10.79,1545545,88982,5.8,0,0,0.0,1007,474,50,1.03,3.22,5.36,6.39,2479,2
2026-05-16 14:03:50,1.7,10.38,10.46,10.79,1545545,88982,5.8,0,0,0.0,1007,474,50,1.03,2.92,4.09,5.14,2460,6
2026-05-16 14:04:51,2.8,10.42,10.47,10.77,1545545,88994,5.8,0,0,0.0,1007,474,50,1.03,3.26,8.29,9.04,2463,1
2026-05-16 14:05:51,1.1,9.38,10.17,10.64,1545545,89008,5.8,0,0,0.0,1007,474,50,1.03,3.37,5.36,6.23,2469,4
2026-05-16 14:06:51,2.7,9.93,10.18,10.62,1545545,89049,5.8,0,0,0.0,1007,474,50,1.03,3.22,2.54,3.65,2481,8
2026-05-16 14:07:52,1.7,10.21,10.18,10.59,1545545,89019,5.8,0,0,0.0,1007,474,50,1.03,3.22,3.81,4.79,2474,7
2026-05-16 14:08:52,1.9,13.27,10.94,10.82,1545545,89016,5.8,0,0,0.0,1007,474,50,1.03,3.00,5.25,6.45,2483,10
2026-05-16 14:09:52,1.2,13.61,11.53,11.03,1545545,89008,5.8,0,0,0.0,1007,474,50,1.03,3.24,8.38,9.05,2487,1
2026-05-16 14:10:53,1.1,12.91,11.77,11.15,1545545,89017,5.8,0,0,0.0,1007,474,50,1.03,3.25,2.26,3.40,2475,3
2026-05-16 14:11:53,1.1,12.49,11.70,11.16,1545545,89053,5.8,0,0,0.0,1007,474,50,1.03,2.92,0.99,2.32,2473,5
2026-05-16 14:12:53,3.4,14.26,12.19,11.35,1545545,89026,5.8,0,0,0.0,1007,474,50,1.03,3.21,2.15,3.36,2479,22
2026-05-16 14:13:54,1.3,15.00,13.13,11.75,1545545,89022,5.8,0,0,0.0,1007,474,50,1.03,3.12,8.88,9.86,2483,3
2026-05-16 14:14:54,1.0,12.58,12.90,11.76,1545545,88890,5.8,0,0,0.0,1007,474,50,1.03,3.04,1.01,2.50,2482,2
2026-05-16 14:15:54,1.5,10.28,12.19,11.59,1545545,88934,5.8,0,0,0.0,1007,474,50,1.03,3.58,0.69,2.05,2488,4
2026-05-16 14:16:55,2.4,13.14,12.79,11.84,1545545,88934,5.8,0,0,0.0,1007,474,50,1.03,3.05,10.95,11.21,2479,5
2026-05-16 14:17:55,1.8,12.40,12.50,11.79,1545545,88937,5.8,0,0,0.0,1007,474,50,1.03,2.58,0.80,2.18,2471,3
2026-05-16 14:18:55,3.3,14.59,12.89,11.96,1545545,88927,5.8,0,0,0.0,1007,474,50,1.03,3.13,9.31,10.36,2456,4
2026-05-16 14:19:56,1.0,12.33,12.66,11.94,1545545,88904,5.8,0,0,0.0,1007,474,50,1.03,3.29,5.72,7.95,2461,4
2026-05-16 14:20:56,1.9,11.19,12.22,11.83,1545545,88967,5.8,0,0,0.0,1007,474,50,1.03,3.41,3.19,4.30,2463,3
2026-05-16 14:21:56,2.9,10.63,11.83,11.72,1545545,88969,5.8,0,0,0.0,1007,474,50,1.03,3.09,8.26,8.96,2485,4
2026-05-16 14:22:57,1.1,10.71,11.65,11.67,1545545,88929,5.8,0,0,0.0,1007,474,50,1.03,3.02,8.69,9.17,2492,4
2026-05-16 14:23:57,2.0,10.47,11.41,11.58,1545545,88961,5.8,0,0,0.0,1007,474,50,1.03,3.30,6.53,7.52,2495,2
2026-05-16 14:24:57,1.1,10.36,11.24,11.51,1545545,88934,5.8,0,0,0.0,1007,474,50,1.03,3.19,6.26,7.20,2493,3
2026-05-16 14:25:58,2.4,9.91,10.96,11.40,1545545,88991,5.8,0,0,0.0,1007,474,50,1.03,3.25,5.75,6.47,2492,3
2026-05-16 14:26:58,3.3,11.72,11.16,11.43,1545545,89000,5.8,0,0,0.0,1007,474,50,1.03,2.96,6.68,7.67,2475,5
2026-05-16 14:27:58,2.5,15.17,11.98,11.68,1545545,88973,5.8,0,0,0.0,1007,474,50,1.03,3.16,6.97,8.55,2475,3
2026-05-16 14:28:59,1.1,12.24,11.70,11.60,1545545,88959,5.8,0,0,0.0,1007,474,50,1.03,3.19,2.22,3.59,2471,2
2026-05-16 14:29:59,1.1,10.83,11.39,11.50,1545545,88950,5.8,0,0,0.0,1007,474,50,1.03,3.19,3.00,4.24,2471,2
2026-05-16 14:30:59,1.2,16.53,12.91,12.02,1545545,88974,5.8,0,0,0.0,1007,474,50,1.03,2.86,0.52,1.90,2471,2
2026-05-16 14:32:00,1.9,14.24,13.01,12.12,1545545,89001,5.8,0,0,0.0,1007,474,50,1.03,3.09,5.32,6.28,2480,2
2026-05-16 14:33:00,2.9,12.55,12.70,12.06,1545545,88973,5.8,0,0,0.0,1007,474,50,1.03,3.29,5.39,6.63,2467,4
2026-05-16 14:34:00,1.4,11.57,12.42,12.01,1545545,88972,5.8,0,0,0.0,1007,474,50,1.03,3.12,11.64,12.37,2464,9
2026-05-16 14:35:01,1.6,11.42,12.20,11.95,1545545,89013,5.8,0,0,0.0,1007,474,50,1.03,3.30,8.89,10.07,2467,6
2026-05-16 14:36:01,0.9,10.00,11.65,11.78,1545545,89013,5.8,0,0,0.0,1007,474,50,1.03,3.36,1.24,2.58,2464,2
2026-05-16 14:37:01,1.3,9.33,11.15,11.60,1545545,89018,5.8,0,0,0.0,1007,474,50,1.03,3.11,0.53,1.89,2464,7
2026-05-16 14:38:02,1.2,9.68,10.92,11.49,1545545,89001,5.8,0,0,0.0,1007,474,50,1.03,3.02,5.79,6.59,2477,1
2026-05-16 14:39:02,1.0,9.57,10.68,11.37,1545545,89016,5.8,0,0,0.0,1007,474,50,1.03,3.18,6.74,7.67,2487,4
2026-05-16 14:40:02,1.1,9.63,10.48,11.25,1545545,89026,5.8,0,0,0.0,1007,474,50,1.03,3.19,1.00,2.47,2474,6
2026-05-16 14:41:03,1.0,9.08,10.16,11.10,1545545,89028,5.8,0,0,0.0,1007,474,50,1.03,3.11,1.43,2.66,2477,1
2026-05-16 14:42:03,1.1,9.63,10.12,11.02,1545545,89063,5.8,0,0,0.0,1007,474,50,1.03,3.15,8.77,9.74,2481,4
2026-05-16 14:43:03,2.0,10.10,10.17,10.98,1545545,89051,5.8,0,0,0.0,1007,474,50,1.03,3.09,6.55,7.25,2485,10
2026-05-16 14:44:04,0.9,9.33,9.94,10.85,1545545,89027,5.8,0,0,0.0,1007,474,50,1.03,3.27,0.67,2.17,2479,3
2026-05-16 14:45:04,1.9,9.64,9.91,10.78,1545545,89061,5.8,0,0,0.0,1007,474,50,1.03,3.11,3.41,4.68,2485,2
2026-05-16 14:46:04,1.4,12.34,10.70,11.00,1545545,89087,5.8,0,0,0.0,1007,474,50,1.03,3.39,9.81,12.23,2487,5
2026-05-16 14:47:05,1.7,11.06,10.63,10.96,1545545,89094,5.8,0,0,0.0,1007,474,50,1.03,2.98,2.71,3.91,2480,13
2026-05-16 14:48:05,1.1,11.49,10.85,11.01,1545545,89047,5.8,0,0,0.0,1007,474,50,1.03,3.11,7.82,8.73,2463,3
2026-05-16 14:49:05,1.2,10.54,10.72,10.96,1545545,88942,5.8,0,0,0.0,1007,474,50,1.03,3.16,2.62,3.94,2480,6
2026-05-16 14:50:06,3.2,11.09,10.73,10.94,1545545,88959,5.8,0,0,0.0,1007,474,50,1.03,3.16,3.89,5.27,2481,9
2026-05-16 14:51:06,1.3,10.47,10.60,10.88,1545545,88947,5.8,0,0,0.0,1007,474,50,1.03,2.98,1.97,3.32,2478,4
2026-05-16 14:52:06,1.1,9.94,10.41,10.80,1545545,88953,5.8,0,0,0.0,1007,474,50,1.03,3.18,0.47,1.85,2481,4
2026-05-16 14:53:07,1.0,13.07,11.50,11.16,1545545,88935,5.8,0,0,0.0,1007,474,50,1.03,2.98,0.59,1.95,2488,8
2026-05-16 14:54:07,1.1,11.25,11.27,11.10,1545545,88946,5.8,0,0,0.0,1007,474,50,1.03,3.16,1.78,3.17,2472,2
2026-05-16 14:55:07,2.6,9.74,10.85,10.97,1545545,88954,5.8,0,0,0.0,1007,474,50,1.03,3.30,1.72,3.04,2472,3
2026-05-16 14:56:08,1.6,11.53,11.09,11.04,1545545,88997,5.8,0,0,0.0,1007,474,50,1.03,3.27,7.76,8.54,2473,4
2026-05-16 14:57:08,2.6,11.76,11.33,11.13,1545545,88986,5.8,0,0,0.0,1007,474,50,1.03,3.13,7.29,8.73,2474,5
2026-05-16 14:58:08,2.0,9.90,10.87,10.98,1545545,88987,5.8,0,0,0.0,1007,474,50,1.03,3.05,1.96,3.20,2475,3
2026-05-16 14:59:09,1.5,10.64,10.91,10.99,1545545,88968,5.8,0,0,0.0,1007,474,50,1.03,3.19,5.06,6.32,2475,3
2026-05-16 15:00:09,1.2,10.49,10.80,10.95,1545545,88974,5.8,0,0,0.0,1007,474,50,1.03,3.07,5.33,6.28,2466,6
2026-05-16 15:01:09,1.9,10.70,10.86,10.96,1545545,89034,5.8,0,0,0.0,1007,474,50,1.03,49.65,4.89,6.43,2468,2
2026-05-16 15:02:10,2.0,10.41,10.81,10.94,1545545,89007,5.8,0,0,0.0,1007,474,50,1.03,3.22,3.15,4.28,2473,5
2026-05-16 15:03:10,1.8,12.17,11.16,11.05,1545545,88993,5.8,0,0,0.0,1007,474,50,1.03,3.12,5.46,6.30,2466,3
2026-05-16 15:04:10,1.0,12.73,11.45,11.15,1545545,88986,5.8,0,0,0.0,1007,474,50,1.03,2.99,6.28,7.00,2475,1
2026-05-16 15:05:11,1.1,11.89,11.51,11.19,1545545,88986,5.8,0,0,0.0,1007,474,50,1.03,3.26,5.81,6.78,2472,2
2026-05-16 15:06:11,1.7,11.25,11.43,11.18,1545545,89026,5.8,0,0,0.0,1007,474,50,1.03,3.37,8.55,9.20,2466,5
2026-05-16 15:07:11,3.1,12.70,11.83,11.34,1545545,89033,5.8,0,0,0.0,1007,474,50,1.03,3.12,11.92,14.11,2471,8
2026-05-16 15:08:12,1.1,11.29,11.54,11.27,1545545,88996,5.8,0,0,0.0,1007,474,50,1.03,3.15,1.31,2.67,2475,3
2026-05-16 15:09:12,3.0,11.96,11.51,11.26,1545545,89033,5.8,0,0,0.0,1007,474,50,1.03,2.81,3.16,4.62,2463,8
2026-05-16 15:10:12,1.4,10.68,11.25,11.19,1545545,89013,5.8,0,0,0.0,1007,474,50,1.03,3.20,3.20,4.93,2475,3
2026-05-16 15:11:13,2.8,10.72,11.13,11.15,1545545,89059,5.8,0,0,0.0,1007,474,50,1.03,3.18,4.10,5.76,2472,2
2026-05-16 15:12:13,1.2,10.02,10.86,11.06,1545545,89059,5.8,0,0,0.0,1007,474,50,1.03,3.09,1.31,2.64,2474,2
2026-05-16 15:13:13,1.4,10.65,10.90,11.06,1545545,89042,5.8,0,0,0.0,1007,474,50,1.03,3.14,4.65,5.56,2480,1
2026-05-16 15:14:14,2.9,10.29,10.71,10.98,1545545,89058,5.8,0,0,0.0,1007,474,50,1.03,3.00,2.56,3.82,2482,5
2026-05-16 15:15:14,1.8,12.18,11.23,11.14,1545545,89062,5.8,0,0,0.0,1007,474,50,1.03,3.26,11.29,12.53,2478,4
2026-05-16 15:16:14,1.5,10.32,10.88,11.03,1545545,89093,5.8,0,0,0.0,1007,474,50,1.03,3.49,2.35,3.70,2488,1
2026-05-16 15:17:15,1.0,9.92,10.68,10.95,1545545,89076,5.8,0,0,0.0,1007,474,50,1.03,3.02,0.51,1.88,2479,1
2026-05-16 15:18:15,0.9,9.51,10.39,10.83,1545545,89059,5.8,0,0,0.0,1007,474,50,1.03,2.96,0.60,1.92,2481,3
2026-05-16 15:19:15,1.1,10.17,10.38,10.80,1545545,89070,5.8,0,0,0.0,1007,474,50,1.03,2.99,6.99,8.72,2496,8
2026-05-16 15:20:16,1.2,10.13,10.35,10.76,1545545,89074,5.8,0,0,0.0,1007,474,50,1.03,3.41,4.92,6.09,2477,3
2026-05-16 15:21:16,1.6,9.67,10.19,10.68,1545545,89076,5.8,0,0,0.0,1007,474,50,1.03,3.30,4.21,5.32,2472,4
2026-05-16 15:22:16,1.2,11.82,10.78,10.86,1545545,88972,5.8,0,0,0.0,1007,474,50,1.03,2.99,7.67,8.51,2471,3
2026-05-16 15:23:17,3.2,10.30,10.54,10.77,1545545,88965,5.8,0,0,0.0,1007,474,50,1.03,3.16,2.45,3.76,2475,7
2026-05-16 15:24:17,1.7,13.30,11.39,11.05,1545545,88978,5.8,0,0,0.0,1007,474,50,1.03,3.09,11.83,13.13,2467,6
2026-05-16 15:25:17,1.3,11.57,11.30,11.04,1545545,88975,5.8,0,0,0.0,1007,474,50,1.03,3.33,8.77,11.17,2481,3
2026-05-16 15:26:18,1.9,10.07,10.91,10.92,1545545,89006,5.8,0,0,0.0,1007,474,50,1.03,3.28,0.70,2.17,2480,2
2026-05-16 15:27:18,2.0,9.74,10.70,10.85,1545545,89001,5.8,0,0,0.0,1007,474,50,2.07,3.02,4.53,5.52,2479,1
2026-05-16 15:28:18,6.6,9.93,10.56,10.79,1545545,88995,5.8,0,0,0.0,1007,474,50,1.03,3.20,0.57,1.94,2478,20
2026-05-16 15:29:19,1.1,9.61,10.36,10.71,1545545,89007,5.8,0,0,0.0,1007,474,50,0.00,3.07,2.09,3.36,2496,2
2026-05-16 15:30:19,1.2,9.68,10.25,10.65,1545545,88997,5.8,0,0,0.0,1007,474,50,2.07,3.41,2.63,3.94,2479,4
2026-05-16 15:31:19,2.9,10.26,10.27,10.63,1545545,89053,5.8,0,0,0.0,1007,474,50,1.03,3.14,5.35,7.06,2484,4
2026-05-16 15:32:20,1.5,10.43,10.33,10.62,1545545,89037,5.8,0,0,0.0,1007,474,50,1.03,2.78,7.35,8.70,2487,2
2026-05-16 15:33:20,0.9,11.45,10.62,10.71,1545545,89014,5.8,0,0,0.0,1007,474,50,1.03,3.20,4.15,5.16,2483,5
2026-05-16 15:34:20,1.3,10.81,10.60,10.69,1545545,89009,5.8,0,0,0.0,1007,474,50,1.03,3.05,2.91,4.08,2477,3
2026-05-16 15:35:21,1.1,10.21,10.45,10.63,1545545,89032,5.8,0,0,0.0,1007,474,50,1.03,3.45,0.65,2.16,2489,1
2026-05-16 15:36:21,1.0,9.56,10.19,10.53,1545545,89038,5.8,0,0,0.0,1007,474,50,1.03,3.48,0.61,2.14,2481,1
2026-05-16 15:37:21,1.8,10.03,10.16,10.50,1545545,89077,5.8,0,0,0.0,1007,474,50,1.03,2.93,7.31,7.99,2472,2
2026-05-16 15:38:22,1.9,10.47,10.27,10.51,1545545,89047,5.8,0,0,0.0,1007,474,50,1.03,3.21,5.26,6.15,2485,3
2026-05-16 15:39:22,1.2,11.16,10.58,10.61,1545545,89033,5.8,0,0,0.0,1007,474,50,1.03,3.04,9.60,10.10,2484,4
2026-05-16 15:40:22,1.8,11.59,10.72,10.65,1545545,89084,5.8,0,0,0.0,1007,474,50,1.03,3.32,9.69,11.43,2471,6
2026-05-16 15:41:23,1.2,10.37,10.52,10.59,1545545,89084,5.8,0,0,0.0,1007,474,50,1.03,3.05,1.19,2.66,2477,5
2026-05-16 15:42:23,1.8,10.95,10.61,10.61,1545545,89115,5.8,0,0,0.0,1007,474,50,1.03,3.16,6.64,7.49,2478,2
2026-05-16 15:43:23,1.5,10.48,10.55,10.59,1545545,89087,5.8,0,0,0.0,1007,474,50,1.03,3.17,9.89,10.67,2487,1
2026-05-16 15:44:24,1.1,9.74,10.34,10.52,1545545,89090,5.8,0,0,0.0,1007,474,50,1.03,3.14,4.99,5.90,2491,3
2026-05-16 15:45:24,1.3,9.89,10.23,10.46,1545545,89132,5.8,0,0,0.0,1007,474,50,1.03,3.29,4.19,5.31,2484,2
2026-05-16 15:46:24,2.0,10.11,10.22,10.44,1545545,89133,5.8,0,0,0.0,1007,474,50,1.03,3.11,1.58,3.03,2480,2
2026-05-16 15:47:25,2.9,10.37,10.27,10.45,1545545,89127,5.8,0,0,0.0,1007,474,50,1.03,3.07,12.48,12.68,2491,6
2026-05-16 15:48:25,3.1,11.16,10.55,10.54,1545545,89127,5.8,0,0,0.0,1007,474,50,1.03,3.02,12.32,13.35,2490,8
2026-05-16 15:49:25,0.9,11.41,10.79,10.63,1545545,89116,5.8,0,0,0.0,1007,474,50,1.03,3.12,6.38,7.40,2483,2
2026-05-16 15:50:26,1.1,10.19,10.54,10.55,1545545,89147,5.8,0,0,0.0,1007,474,50,1.03,3.27,1.72,3.09,2514,3
2026-05-16 15:51:26,1.6,10.21,10.46,10.52,1545545,89144,5.8,0,0,0.0,1007,474,50,1.03,3.48,0.98,2.60,2512,4
2026-05-16 15:52:26,1.2,12.06,10.94,10.68,1545545,89127,5.8,0,0,0.0,1007,474,50,1.03,2.95,8.65,10.08,2504,4
2026-05-16 15:53:27,1.2,13.78,11.57,10.91,1545545,89128,5.8,0,0,0.0,1007,474,50,1.03,3.12,3.63,4.93,2483,2
2026-05-16 15:54:27,1.0,13.80,12.11,11.14,1545545,89124,5.8,0,0,0.0,1007,474,50,1.03,3.16,3.26,4.76,2497,5
2026-05-16 15:55:27,1.3,15.09,12.80,11.44,1545545,89157,5.8,0,0,0.0,1007,474,50,1.03,3.16,4.39,5.84,2488,5
2026-05-16 15:56:28,1.3,16.75,13.86,11.90,1545545,89049,5.8,0,0,0.0,1007,474,50,1.03,3.46,7.55,9.41,2476,1
2026-05-16 15:57:28,1.3,16.21,14.42,12.22,1545545,89042,5.8,0,0,0.0,1007,474,50,1.03,3.01,7.41,8.95,2484,1
2026-05-16 15:58:28,11.7,14.89,14.59,12.43,1545545,89061,5.8,0,0,0.0,1007,474,50,1.03,3.16,7.33,8.18,2497,6
2026-05-16 15:59:29,1.3,11.66,13.66,12.25,1545545,89033,5.8,0,0,0.0,1007,474,50,1.03,2.96,1.78,3.00,2474,1
2026-05-16 16:00:29,1.9,11.23,13.18,12.17,1545545,89089,5.8,0,0,0.0,1007,474,50,1.03,3.33,6.43,7.13,2493,2
2026-05-16 16:01:29,1.9,15.52,13.91,12.48,1545545,89072,5.8,0,0,0.0,1007,474,50,1.03,52.07,7.66,8.87,2493,4
2026-05-16 16:02:30,0.9,12.58,13.37,12.38,1545545,89058,5.8,0,0,0.0,1007,474,50,1.03,3.11,2.72,3.95,2490,5
2026-05-16 16:03:30,1.1,11.70,12.94,12.29,1545545,89064,5.8,0,0,0.0,1007,474,50,1.05,3.12,6.18,6.95,2503,3
2026-05-16 16:04:30,4.3,11.73,12.66,12.23,1545545,89079,5.8,0,0,0.0,1007,474,50,1.03,3.09,6.74,8.38,2498,7
2026-05-16 16:05:31,1.1,15.00,13.50,12.55,1545545,89086,5.8,0,0,0.0,1007,474,50,1.03,2.93,10.77,12.39,2482,1
2026-05-16 16:06:31,1.2,13.61,13.33,12.55,1545545,89096,5.8,0,0,0.0,1007,474,50,1.03,3.25,7.48,9.26,2494,1
2026-05-16 16:07:31,1.0,12.57,13.15,12.54,1545545,89091,5.8,0,0,0.0,1007,474,50,1.03,3.39,8.85,9.69,2491,3
2026-05-16 16:08:32,1.4,11.59,12.71,12.42,1545545,89080,5.8,0,0,0.0,1007,474,50,1.03,3.12,2.92,4.14,2474,3
2026-05-16 16:09:32,1.7,12.82,12.68,12.42,1545545,89115,5.8,0,0,0.0,1007,474,50,1.03,3.04,3.27,4.52,2492,2
2026-05-16 16:10:32,1.2,10.65,12.10,12.24,1545545,89102,5.8,0,0,0.0,1007,474,50,1.03,3.21,6.25,7.05,2491,5
2026-05-16 16:11:33,1.7,11.40,11.99,12.18,1545545,89145,5.8,0,0,0.0,1007,474,50,1.03,3.24,7.41,8.57,2500,4
2026-05-16 16:12:33,1.9,12.85,12.21,12.24,1545545,89116,5.8,0,0,0.0,1007,474,50,1.03,3.14,7.31,9.07,2494,4
2026-05-16 16:13:33,3.4,14.29,13.01,12.53,1545545,89121,5.8,0,0,0.0,1007,474,50,1.03,3.09,10.56,11.39,2500,6
2026-05-16 16:14:34,1.1,11.62,12.51,12.39,1545545,89094,5.8,0,0,0.0,1007,474,50,1.03,2.96,3.11,4.61,2468,1
2026-05-16 16:15:34,1.7,11.89,12.41,12.36,1545545,89153,5.8,0,0,0.0,1007,474,50,1.03,3.34,7.68,8.64,2477,4
2026-05-16 16:16:35,3.6,12.19,12.49,12.40,1545545,89182,5.8,0,0,0.0,1007,474,50,1.03,3.37,8.26,9.03,2497,8
2026-05-16 16:17:35,1.7,10.99,12.10,12.27,1545545,89164,5.8,0,0,0.0,1007,474,50,1.14,3.16,6.75,7.82,2488,7
2026-05-16 16:18:35,2.1,12.46,12.32,12.33,1545545,89163,5.8,0,0,0.0,1007,474,50,1.03,3.19,10.83,11.72,2488,2
2026-05-16 16:19:36,1.8,11.41,12.08,12.25,1545545,89136,5.8,0,0,0.0,1007,474,50,1.03,2.99,4.25,5.25,2500,5
2026-05-16 16:20:36,2.1,11.38,11.95,12.19,1545545,89213,5.8,0,0,0.0,1007,474,50,1.03,3.37,7.46,8.89,2484,2
2026-05-16 16:21:36,1.2,10.56,11.62,12.06,1545545,89177,5.8,0,0,0.0,1007,474,50,1.03,3.09,8.22,8.98,2474,3
2026-05-16 16:22:37,1.0,10.39,11.37,11.95,1545545,89176,5.8,0,0,0.0,1007,474,50,1.03,3.09,1.76,3.20,2483,2
2026-05-16 16:23:37,1.1,9.66,10.97,11.77,1545545,89140,5.8,0,0,0.0,1007,474,50,1.03,3.16,1.34,2.77,2479,2
2026-05-16 16:24:37,1.8,9.87,10.79,11.66,1545545,89171,5.8,0,0,0.0,1007,474,50,1.03,3.18,6.23,7.16,2488,3
2026-05-16 16:25:38,1.1,9.42,10.49,11.50,1545545,89166,5.8,0,0,0.0,1007,474,50,1.03,3.16,0.86,2.13,2496,2
2026-05-16 16:26:38,1.0,11.07,10.79,11.54,1545545,89182,5.8,0,0,0.0,1007,474,50,1.03,3.39,8.43,9.99,2487,4
2026-05-16 16:27:38,1.3,11.11,10.83,11.50,1545545,89159,5.8,0,0,0.0,1007,474,50,1.03,2.84,8.95,10.69,2490,3
2026-05-16 16:28:39,1.3,11.22,10.94,11.50,1545545,89155,5.8,0,0,0.0,1007,474,50,1.03,2.99,4.16,5.13,2494,3
2026-05-16 16:29:39,3.2,10.55,10.77,11.40,1545545,89195,5.8,0,0,0.0,1007,474,50,1.03,2.98,3.57,4.95,2490,4
2026-05-16 16:30:39,1.3,11.27,10.95,11.43,1545545,89091,5.8,0,0,0.0,1007,474,50,1.03,3.28,9.46,10.87,2480,4
2026-05-16 16:31:40,1.1,10.62,10.81,11.34,1545545,89087,5.8,0,0,0.0,1007,474,50,1.03,3.03,6.69,7.57,2494,3
2026-05-16 16:32:40,1.0,10.00,10.59,11.23,1545545,89050,5.8,0,0,0.0,1007,474,50,1.03,3.41,0.94,2.48,2503,2
2026-05-16 16:33:40,1.9,10.48,10.59,11.19,1545545,89057,5.8,0,0,0.0,1007,474,50,1.03,3.14,5.61,6.44,2496,6
2026-05-16 16:34:41,2.9,9.92,10.41,11.09,1545545,89060,5.8,0,0,0.0,1007,474,50,1.03,3.11,3.43,4.57,2474,4
2026-05-16 16:35:41,1.1,10.05,10.34,11.02,1545545,89081,5.8,0,0,0.0,1007,474,50,1.03,3.14,0.59,1.93,2478,2
2026-05-16 16:36:41,1.9,12.89,11.32,11.32,1545545,89110,5.8,0,0,0.0,1007,474,50,1.03,3.38,4.17,5.48,2469,5
2026-05-16 16:37:42,3.1,11.34,11.14,11.26,1545545,89107,5.8,0,0,0.0,1007,474,50,1.03,3.18,6.61,7.67,2461,4
2026-05-16 16:38:42,1.1,10.84,11.06,11.23,1545545,89081,5.8,0,0,0.0,1007,474,50,1.03,3.05,6.02,7.24,2482,4
2026-05-16 16:39:42,1.0,9.84,10.73,11.10,1545545,89086,5.8,0,0,0.0,1007,474,50,1.03,2.97,0.54,1.94,2489,1
2026-05-16 16:40:43,3.2,11.75,11.09,11.20,1545545,89138,5.8,0,0,0.0,1007,474,50,1.03,3.36,9.72,10.94,2482,5
2026-05-16 16:41:43,1.1,12.11,11.41,11.31,1545545,89139,5.8,0,0,0.0,1007,474,50,1.03,3.18,8.37,9.32,2483,6
2026-05-16 16:42:43,1.1,10.37,11.04,11.19,1545545,89125,5.8,0,0,0.0,1007,474,50,1.03,3.07,3.42,4.70,2476,3
2026-05-16 16:43:44,1.3,10.38,10.90,11.13,1545545,89127,5.8,0,0,0.0,1007,474,50,1.03,3.23,2.47,3.81,2466,3
2026-05-16 16:44:44,1.0,9.81,10.66,11.03,1545545,89125,5.8,0,0,0.0,1007,474,50,1.03,3.07,1.68,3.00,2470,7
2026-05-16 16:45:44,5.4,10.38,10.61,10.99,1545545,89160,5.8,0,0,0.0,1007,474,50,1.03,3.30,6.60,7.45,2471,15
2026-05-16 16:46:45,1.2,10.34,10.60,10.96,1545545,89151,5.8,0,0,0.0,1007,474,50,1.03,3.08,7.81,9.58,2472,1
2026-05-16 16:47:45,1.0,9.99,10.49,10.91,1545545,89130,5.8,0,0,0.0,1007,474,50,1.03,3.32,2.18,3.57,2474,2
2026-05-16 16:48:45,1.4,11.70,10.82,10.99,1545545,89135,5.8,0,0,0.0,1007,474,50,1.03,3.08,5.83,6.63,2472,4
2026-05-16 16:49:46,0.9,9.91,10.48,10.86,1545545,89138,5.8,0,0,0.0,1007,474,50,1.03,2.99,0.50,1.90,2476,2
2026-05-16 16:50:46,1.2,9.52,10.28,10.77,1545545,89187,5.8,0,0,0.0,1007,474,50,1.03,3.27,2.54,3.73,2473,1
2026-05-16 16:51:46,1.0,9.78,10.22,10.71,1545545,89199,5.8,0,0,0.0,1007,474,50,1.03,2.82,6.08,7.23,2462,2
2026-05-16 16:52:47,1.9,10.57,10.32,10.71,1545545,89200,5.8,0,0,0.0,1007,474,50,1.03,3.12,5.98,7.31,2476,2
2026-05-16 16:53:47,3.1,10.40,10.28,10.67,1545545,89185,5.8,0,0,0.0,1007,474,50,1.03,3.06,5.16,6.19,2477,7
2026-05-16 16:54:47,1.7,10.47,10.31,10.66,1545545,89196,5.8,0,0,0.0,1007,474,50,1.03,3.03,5.50,6.72,2469,2
2026-05-16 16:55:48,0.9,10.08,10.30,10.64,1545545,89214,5.8,0,0,0.0,1007,474,50,1.03,3.38,7.95,8.45,2479,1
2026-05-16 16:56:48,1.8,10.39,10.28,10.60,1545545,89248,5.8,0,0,0.0,1007,474,50,1.03,3.00,4.67,5.84,2489,7
2026-05-16 16:57:48,1.1,9.80,10.13,10.53,1545545,89213,5.8,0,0,0.0,1007,474,50,1.03,3.24,0.86,2.47,2480,2
2026-05-16 16:58:49,8.8,9.83,10.10,10.50,1545545,89226,5.8,0,0,0.0,1007,474,50,1.03,3.12,1.90,3.16,2482,15
2026-05-16 16:59:49,1.1,10.29,10.24,10.52,1545545,89202,5.8,0,0,0.0,1007,474,50,1.03,3.16,4.19,5.70,2480,4
2026-05-16 17:00:49,1.1,9.80,10.11,10.46,1545545,89219,5.8,0,0,0.0,1007,474,50,1.03,3.01,0.57,1.93,2468,3
2026-05-16 17:01:50,1.1,9.67,10.02,10.41,1545545,89240,5.8,0,0,0.0,1007,474,50,1.03,49.87,0.57,2.02,2455,1
2026-05-16 17:02:50,1.8,9.67,9.94,10.35,1545545,89226,5.8,0,0,0.0,1007,474,50,1.03,3.39,2.92,4.32,2450,2
2026-05-16 17:03:50,1.0,9.79,9.97,10.34,1545545,89199,5.8,0,0,0.0,1007,474,50,1.03,3.13,5.82,6.62,2454,2
2026-05-16 17:04:51,1.5,9.62,9.88,10.28,1545545,89097,5.8,0,0,0.0,1007,474,50,1.03,3.07,0.96,2.33,2456,3
2026-05-16 17:05:51,0.8,9.52,9.81,10.23,1545545,89115,5.8,0,0,0.0,1007,474,50,1.03,3.28,3.00,4.11,2468,1
2026-05-16 17:06:51,1.1,9.10,9.63,10.14,1545545,89108,5.8,0,0,0.0,1007,474,50,1.03,3.32,0.54,1.86,2472,1
2026-05-16 17:07:52,1.1,9.42,9.62,10.11,1545545,89099,5.8,0,0,0.0,1007,474,50,1.03,3.28,1.41,2.96,2481,1
2026-05-16 17:08:52,2.0,10.74,9.92,10.17,1545545,89127,5.8,0,0,0.0,1007,474,50,1.03,3.23,1.67,3.09,2469,3
2026-05-16 17:09:52,1.3,10.58,10.07,10.21,1545545,89116,5.8,0,0,0.0,1007,474,50,1.03,3.06,8.63,9.16,2477,3
2026-05-16 17:10:53,1.2,9.99,10.01,10.18,1545545,89135,5.8,0,0,0.0,1007,474,50,1.03,2.86,0.73,2.00,2473,2
2026-05-16 17:11:53,1.0,9.37,9.82,10.10,1545545,89155,5.8,0,0,0.0,1007,474,50,1.03,2.98,1.34,2.62,2480,2
2026-05-16 17:12:53,1.3,9.42,9.75,10.06,1545545,89137,5.8,0,0,0.0,1007,474,50,1.03,3.17,4.22,5.41,2475,2
2026-05-16 17:13:54,1.2,9.31,9.66,10.01,1545545,89130,5.8,0,0,0.0,1007,474,50,1.03,3.26,2.53,3.87,2485,2
2026-05-16 17:14:54,1.1,9.51,9.68,9.99,1545545,89131,5.8,0,0,0.0,1007,474,50,1.03,3.11,0.49,1.92,2465,2
2026-05-16 17:15:54,3.0,11.73,10.11,10.11,1545545,89181,5.8,0,0,0.0,1007,474,50,1.03,3.16,2.88,4.17,2470,9
2026-05-16 17:16:55,3.0,11.24,10.24,10.15,1545545,89187,5.8,0,0,0.0,1007,474,50,1.03,3.11,9.60,10.49,2462,6
2026-05-16 17:17:55,3.0,13.95,11.23,10.50,1545545,89159,5.8,0,0,0.0,1007,474,50,1.03,3.41,12.14,14.32,2478,4
2026-05-16 17:18:55,1.1,12.90,11.43,10.62,1545545,89146,5.8,0,0,0.0,1007,474,50,1.03,3.15,10.66,11.55,2476,4
2026-05-16 17:19:56,3.0,13.14,11.65,10.74,1545545,89146,5.8,0,0,0.0,1007,474,50,1.03,2.91,4.22,5.59,2496,9
2026-05-16 17:20:56,1.4,10.84,11.28,10.67,1545545,89171,5.8,0,0,0.0,1007,474,50,1.03,3.36,4.19,5.48,2494,6
2026-05-16 17:21:56,1.2,10.03,10.97,10.60,1545545,89173,5.8,0,0,0.0,1007,474,50,1.03,3.11,0.59,1.91,2484,1
2026-05-16 17:22:57,1.0,10.48,10.92,10.61,1545545,89149,5.8,0,0,0.0,1007,474,50,1.03,3.19,2.23,3.55,2479,2
2026-05-16 17:23:57,1.1,10.47,10.84,10.60,1545545,89162,5.8,0,0,0.0,1007,474,50,1.03,3.19,0.56,2.19,2467,2
2026-05-16 17:24:57,2.0,9.88,10.60,10.53,1545545,89203,5.8,0,0,0.0,1007,474,50,1.03,3.12,3.33,4.50,2461,1
2026-05-16 17:25:58,3.1,10.81,10.68,10.56,1545545,89234,5.8,0,0,0.0,1007,474,50,1.03,3.29,10.01,11.30,2460,4
2026-05-16 17:26:58,1.1,10.09,10.52,10.52,1545545,89215,5.8,0,0,0.0,1007,474,50,1.03,2.95,5.67,6.54,2471,2
2026-05-16 17:27:58,1.2,9.64,10.32,10.45,1545545,89193,5.8,0,0,0.0,1007,474,50,1.03,3.29,0.64,2.11,2468,4
2026-05-16 17:28:59,2.8,9.88,10.24,10.41,1545545,89212,5.8,0,0,0.0,1007,474,50,1.03,3.15,3.42,5.01,2475,4
2026-05-16 17:29:59,1.0,10.22,10.28,10.41,1545545,89196,5.8,0,0,0.0,1007,474,50,1.03,3.04,4.21,5.59,2472,3
2026-05-16 17:30:59,2.8,10.25,10.28,10.40,1545545,89224,5.8,0,0,0.0,1007,474,50,1.03,3.24,7.67,8.61,2480,4
2026-05-16 17:32:00,2.3,10.53,10.40,10.44,1545545,89243,5.8,0,0,0.0,1007,474,50,1.03,3.08,5.48,6.55,2475,7
2026-05-16 17:33:00,1.6,11.31,10.77,10.57,1545545,89226,5.8,0,0,0.0,1007,474,50,1.03,3.13,10.14,10.78,2481,4
2026-05-16 17:34:00,1.1,10.00,10.49,10.49,1545545,89208,5.8,0,0,0.0,1007,474,50,1.03,3.09,1.66,3.08,2474,9
2026-05-16 17:35:01,2.4,9.50,10.26,10.41,1545545,89213,5.8,0,0,0.0,1007,474,50,1.03,3.16,2.09,3.39,2471,4
2026-05-16 17:36:01,1.2,11.77,10.79,10.58,1545545,89243,5.8,0,0,0.0,1007,474,50,1.03,3.37,7.28,8.00,2461,2
2026-05-16 17:37:01,1.5,13.08,11.40,10.80,1545545,89261,5.8,0,0,0.0,1007,474,50,1.03,3.20,8.98,10.07,2463,6
2026-05-16 17:38:02,1.1,15.71,12.32,11.15,1545545,89219,5.8,0,0,0.0,1007,474,50,1.03,3.05,5.19,6.25,2459,6
2026-05-16 17:39:02,1.1,13.37,12.25,11.20,1545545,89102,5.8,0,0,0.0,1007,474,50,1.03,3.24,0.71,2.30,2466,10
2026-05-16 17:40:02,1.2,18.34,14.05,11.89,1545545,89114,5.8,0,0,0.0,1007,474,50,1.03,3.08,10.15,11.55,2483,1
2026-05-16 17:41:03,2.3,17.93,14.52,12.18,1545545,89161,5.8,0,0,0.0,1007,474,50,1.03,3.29,6.10,7.36,2480,3
2026-05-16 17:42:03,1.2,13.82,14.07,12.18,1545545,89155,5.8,0,0,0.0,1007,474,50,1.03,2.98,2.89,4.02,2474,2
2026-05-16 17:43:03,1.4,13.14,13.84,12.22,1545545,89151,5.8,0,0,0.0,1007,474,50,1.03,3.15,6.95,7.97,2484,2
2026-05-16 17:44:04,1.0,10.85,13.05,12.04,1545545,89126,5.8,0,0,0.0,1007,474,50,1.03,3.22,0.60,2.12,2485,1
2026-05-16 17:45:04,1.0,11.16,12.70,11.99,1545545,89156,5.8,0,0,0.0,1007,474,50,1.03,3.17,5.39,6.26,2474,1
2026-05-16 17:46:04,1.1,13.52,13.03,12.14,1545545,89193,5.8,0,0,0.0,1007,474,50,1.03,3.20,8.29,9.47,2486,2
2026-05-16 17:47:05,1.4,12.51,12.77,12.10,1545545,89201,5.8,0,0,0.0,1007,474,50,1.03,3.20,6.10,7.09,2480,5
2026-05-16 17:48:05,3.1,11.86,12.45,12.03,1545545,89172,5.8,0,0,0.0,1007,474,50,1.03,2.80,5.22,6.65,2471,7
2026-05-16 17:49:05,3.0,11.02,12.10,11.93,1545545,89176,5.8,0,0,0.0,1007,474,50,1.03,3.14,3.99,5.68,2469,11
2026-05-16 17:50:06,1.3,12.12,12.34,12.03,1545545,89167,5.8,0,0,0.0,1007,474,50,1.03,3.15,10.27,11.54,2480,2
2026-05-16 17:51:06,3.5,11.45,12.08,11.96,1545545,89208,5.8,0,0,0.0,1007,474,50,1.03,3.32,7.23,7.99,2469,4
2026-05-16 17:52:06,3.2,12.74,12.51,12.13,1545545,89212,5.8,0,0,0.0,1007,474,50,1.03,3.09,6.86,8.16,2473,5
2026-05-16 17:53:07,1.0,12.08,12.46,12.14,1545545,89164,5.8,0,0,0.0,1007,474,50,1.03,3.07,8.35,9.73,2482,4
2026-05-16 17:54:07,1.6,12.07,12.33,12.11,1545545,89188,5.8,0,0,0.0,1007,474,50,1.03,3.24,6.89,7.95,2472,4
2026-05-16 17:55:07,1.0,10.52,11.84,11.95,1545545,89184,5.8,0,0,0.0,1007,474,50,1.03,3.15,1.02,2.43,2466,1
2026-05-16 17:56:08,1.9,11.01,11.69,11.89,1545545,89237,5.8,0,0,0.0,1007,474,50,1.03,3.27,4.40,5.30,2468,7
2026-05-16 17:57:08,3.0,13.15,12.22,12.06,1545545,89237,5.8,0,0,0.0,1007,474,50,1.03,2.93,12.11,13.13,2475,9
2026-05-16 17:58:08,1.5,12.48,12.21,12.07,1545545,89201,5.8,0,0,0.0,1007,474,50,1.03,3.14,6.53,7.83,2462,3
2026-05-16 17:59:09,1.7,11.64,11.99,12.00,1545545,89237,5.8,0,0,0.0,1007,474,50,1.03,3.19,4.61,5.71,2462,3
2026-05-16 18:00:09,0.9,10.93,11.72,11.90,1545545,89214,5.8,0,0,0.0,1007,474,50,1.03,3.08,2.53,3.78,2467,3
2026-05-16 18:01:09,1.1,10.40,11.43,11.79,1545545,89246,5.8,0,0,0.0,1007,474,50,1.03,49.92,6.58,7.35,2472,2
2026-05-16 18:02:10,1.2,11.63,11.63,11.84,1545545,89242,5.8,0,0,0.0,1007,474,50,1.03,3.12,7.20,8.37,2475,2
2026-05-16 18:03:10,3.1,11.21,11.49,11.77,1545545,89245,5.8,0,0,0.0,1007,474,50,1.03,3.20,5.21,6.28,2469,6
2026-05-16 18:04:10,1.2,11.66,11.72,11.85,1545545,89214,5.8,0,0,0.0,1007,474,50,1.03,3.07,4.31,6.28,2483,7
2026-05-16 18:05:11,1.4,12.48,11.84,11.87,1545545,89231,5.8,0,0,0.0,1007,474,50,1.03,3.22,6.56,7.60,2477,3
2026-05-16 18:06:11,1.1,11.20,11.61,11.79,1545545,89245,5.8,0,0,0.0,1007,474,50,1.03,3.28,6.44,7.52,2474,7
2026-05-16 18:07:11,3.1,11.34,11.51,11.74,1545545,89278,5.8,0,0,0.0,1007,474,50,1.03,3.20,5.72,6.75,2473,9
2026-05-16 18:08:12,1.2,10.96,11.42,11.70,1545545,89241,5.8,0,0,0.0,1007,474,50,1.03,3.16,6.78,9.01,2470,1
2026-05-16 18:09:12,1.2,11.10,11.36,11.66,1545545,89252,5.8,0,0,0.0,1007,474,50,1.03,3.28,4.67,6.57,2470,2
2026-05-16 18:10:12,1.9,13.59,11.98,11.85,1545545,89268,5.8,0,0,0.0,1007,474,50,1.03,3.14,11.04,12.00,2486,6
2026-05-16 18:11:13,1.4,12.61,12.03,11.88,1545545,89277,5.8,0,0,0.0,1007,474,50,1.03,2.83,9.70,10.04,2481,5
2026-05-16 18:12:13,1.0,12.32,12.07,11.90,1545545,89272,5.8,0,0,0.0,1007,474,50,1.03,3.06,5.39,6.22,2470,4
2026-05-16 18:13:13,1.2,10.22,11.51,11.71,1545545,89118,5.8,0,0,0.0,1007,474,50,1.03,3.05,0.59,1.93,2483,4
2026-05-16 18:14:14,1.1,10.31,11.29,11.63,1545545,89142,5.8,0,0,0.0,1007,474,50,1.03,3.25,4.18,5.36,2477,4
2026-05-16 18:15:14,1.1,11.52,11.38,11.63,1545545,89143,5.8,0,0,0.0,1007,474,50,1.03,3.11,2.54,3.92,2470,1
2026-05-16 18:16:14,2.4,11.46,11.42,11.63,1545545,89177,5.8,0,0,0.0,1007,474,50,1.03,3.37,7.15,7.80,2475,68
2026-05-16 18:17:15,1.8,17.81,13.12,12.19,1545545,89182,5.8,0,0,0.0,1007,474,50,1.03,3.11,8.55,9.10,2461,3
2026-05-16 18:18:15,1.7,13.35,12.73,12.12,1545545,89156,5.8,0,0,0.0,1007,474,50,1.03,3.12,9.45,10.05,2450,3
2026-05-16 18:19:15,1.4,12.00,12.42,12.05,1545545,89152,5.8,0,0,0.0,1007,474,50,1.03,3.04,6.25,7.53,2464,1
2026-05-16 18:20:16,1.1,11.47,12.25,12.02,1545545,89174,5.8,0,0,0.0,1007,474,50,1.03,3.36,8.20,8.95,2470,2
2026-05-16 18:21:16,2.5,10.39,11.79,11.87,1545545,89186,5.8,0,0,0.0,1007,474,50,1.03,3.24,1.71,2.99,2464,5
2026-05-16 18:22:16,1.2,9.81,11.37,11.72,1545545,89192,5.8,0,0,0.0,1007,474,50,1.03,2.99,1.79,3.02,2483,6
2026-05-16 18:23:17,0.9,10.16,11.22,11.65,1545545,89175,5.8,0,0,0.0,1007,474,50,1.03,3.11,4.16,5.16,2475,3
2026-05-16 18:24:17,1.2,10.49,11.18,11.61,1545545,89167,5.8,0,0,0.0,1007,474,50,1.03,3.23,7.87,9.73,2469,5
2026-05-16 18:25:17,1.7,9.81,10.84,11.46,1545545,89180,5.8,0,0,0.0,1007,474,50,1.03,3.49,0.57,2.13,2468,2
2026-05-16 18:26:18,3.4,11.47,11.08,11.50,1545545,89225,5.8,0,0,0.0,1007,474,50,1.03,2.95,8.13,9.02,2480,6
2026-05-16 18:27:18,1.9,11.36,11.09,11.48,1545545,89224,5.8,0,0,0.0,1007,474,50,2.07,3.07,9.58,10.55,2474,5
2026-05-16 18:28:18,1.6,10.55,10.92,11.39,1545545,89221,5.8,0,0,0.0,1007,474,50,0.00,3.21,4.92,5.82,2469,1
2026-05-16 18:29:19,1.0,9.74,10.61,11.26,1545545,89200,5.8,0,0,0.0,1007,474,50,2.07,3.08,1.39,2.89,2474,1
2026-05-16 18:30:19,1.3,11.15,10.80,11.28,1545545,89210,5.8,0,0,0.0,1007,474,50,1.03,3.39,4.23,5.45,2476,3
2026-05-16 18:31:19,1.2,11.30,10.96,11.30,1545545,89224,5.8,0,0,0.0,1007,474,50,1.03,3.17,9.23,9.96,2487,9
2026-05-16 18:32:20,2.4,11.33,11.05,11.31,1545545,89263,5.8,0,0,0.0,1007,474,50,1.03,3.07,4.44,5.84,2485,2
2026-05-16 18:33:20,1.0,11.31,11.05,11.29,1545545,89257,5.8,0,0,0.0,1007,474,50,1.03,3.10,6.86,7.90,2504,5
2026-05-16 18:34:20,2.1,10.57,10.86,11.21,1545545,89269,5.8,0,0,0.0,1007,474,50,1.03,2.81,0.60,2.12,2500,3
2026-05-16 18:35:21,2.0,11.34,11.05,11.25,1545545,89277,5.8,0,0,0.0,1007,474,50,1.11,3.47,6.60,7.98,2504,20
2026-05-16 18:36:21,1.6,12.92,11.53,11.40,1545545,89318,5.8,0,0,0.0,1007,474,50,1.03,3.34,12.64,13.27,2488,2
2026-05-16 18:37:21,1.3,10.78,11.16,11.28,1545545,89299,5.8,0,0,0.0,1007,474,50,1.03,3.00,0.60,1.98,2486,4
2026-05-16 18:38:22,1.9,11.00,11.16,11.27,1545545,89281,5.8,0,0,0.0,1007,474,50,1.03,3.08,7.16,7.79,2478,2
2026-05-16 18:39:22,1.2,10.09,10.84,11.15,1545545,89285,5.8,0,0,0.0,1007,474,50,1.03,3.23,3.29,4.65,2480,1
2026-05-16 18:40:22,1.9,10.24,10.71,11.09,1545545,89309,5.8,0,0,0.0,1007,474,50,1.03,3.41,4.50,5.66,2478,3
2026-05-16 18:41:23,1.7,10.65,10.74,11.07,1545545,89306,5.8,0,0,0.0,1007,474,50,1.03,3.05,8.89,10.00,2480,25
2026-05-16 18:42:23,1.8,11.34,10.91,11.11,1545545,89308,5.8,0,0,0.0,1007,474,50,1.03,3.16,6.52,7.51,2494,4
2026-05-16 18:43:23,5.1,10.84,10.82,11.06,1545545,89309,5.8,0,0,0.0,1007,474,50,1.03,3.21,3.92,4.99,2490,18
2026-05-16 18:44:24,11.0,11.48,11.02,11.12,1545545,89301,5.8,0,0,0.0,1007,474,50,1.03,3.03,9.94,11.88,2487,5
2026-05-16 18:45:24,1.2,10.59,10.86,11.05,1545545,89302,5.8,0,0,0.0,1007,474,50,1.03,3.42,4.27,5.83,2486,4
2026-05-16 18:46:24,1.6,11.46,11.05,11.11,1545545,89200,5.8,0,0,0.0,1007,474,50,1.03,3.40,8.20,8.89,2489,2
2026-05-16 18:47:25,3.0,10.32,10.78,11.00,1545545,89216,5.8,0,0,0.0,1007,474,50,1.16,3.05,5.17,6.34,2482,5
2026-05-16 18:48:25,2.1,10.49,10.79,11.00,1545545,89198,5.8,0,0,0.0,1007,474,50,1.03,2.66,7.21,8.41,2483,3
2026-05-16 18:49:25,1.2,9.88,10.57,10.91,1545545,89185,5.8,0,0,0.0,1007,474,50,1.03,3.29,0.68,2.08,2483,1
2026-05-16 18:50:26,1.0,9.56,10.34,10.81,1545545,89214,5.8,0,0,0.0,1007,474,50,1.03,3.29,3.72,4.99,2479,2
2026-05-16 18:51:26,1.5,9.70,10.23,10.74,1545545,89206,5.8,0,0,0.0,1007,474,50,1.03,3.27,4.10,5.41,2479,3
2026-05-16 18:52:26,1.1,9.49,10.07,10.65,1545545,89192,5.8,0,0,0.0,1007,474,50,1.03,2.93,0.61,1.93,2481,6
2026-05-16 18:53:27,1.6,10.02,10.09,10.62,1545545,89218,5.8,0,0,0.0,1007,474,50,1.03,3.18,3.83,4.98,2469,3
2026-05-16 18:54:27,0.9,11.45,10.62,10.77,1545545,89216,5.8,0,0,0.0,1007,474,50,1.03,3.14,6.36,7.69,2476,11
2026-05-16 18:55:27,1.5,9.97,10.35,10.67,1545545,89220,5.8,0,0,0.0,1007,474,50,1.03,3.38,3.27,4.44,2478,1
2026-05-16 18:56:28,1.4,11.69,10.78,10.80,1545545,89231,5.8,0,0,0.0,1007,474,50,1.03,3.21,10.46,11.74,2480,3
2026-05-16 18:57:28,1.7,10.79,10.69,10.77,1545545,89229,5.8,0,0,0.0,1007,474,50,1.03,3.04,5.10,6.00,2486,8
2026-05-16 18:58:28,1.6,9.68,10.38,10.65,1545545,89200,5.8,0,0,0.0,1007,474,50,1.03,3.11,1.26,2.51,2498,1
2026-05-16 18:59:29,1.1,11.38,10.80,10.78,1545545,89206,5.8,0,0,0.0,1007,474,50,1.03,2.98,5.56,7.03,2486,1
2026-05-16 19:00:29,8.7,10.35,10.58,10.71,1545545,89263,5.8,0,0,0.0,1007,474,50,1.03,3.46,4.66,5.68,2498,20
2026-05-16 19:01:29,3.0,11.34,10.78,10.76,1545545,89265,5.8,0,0,0.0,1007,474,50,1.03,49.68,7.57,8.94,2496,27
2026-05-16 19:02:30,1.0,11.99,11.14,10.90,1545545,89235,5.8,0,0,0.0,1007,474,50,1.03,2.99,6.91,8.51,2501,8
2026-05-16 19:03:30,1.4,10.79,10.94,10.84,1545545,89225,5.8,0,0,0.0,1007,474,50,1.03,3.19,3.87,4.84,2492,3
2026-05-16 19:04:30,1.8,10.65,10.91,10.84,1545545,89245,5.8,0,0,0.0,1007,474,50,1.03,3.11,3.50,4.74,2508,3
2026-05-16 19:05:31,1.7,11.04,10.95,10.85,1545545,89275,5.8,0,0,0.0,1007,474,50,1.03,3.57,10.31,10.90,2505,17
2026-05-16 19:06:31,2.7,11.57,11.18,10.95,1545545,89300,5.8,0,0,0.0,1007,474,50,1.03,3.28,7.85,8.59,2493,2
2026-05-16 19:07:31,1.4,10.43,10.88,10.85,1545545,89283,5.8,0,0,0.0,1007,474,50,1.03,3.02,2.09,3.35,2503,1
2026-05-16 19:08:32,2.1,11.43,11.10,10.93,1545545,89291,5.8,0,0,0.0,1007,474,50,1.03,2.74,3.30,4.41,2492,7
2026-05-16 19:09:32,2.9,11.45,11.11,10.94,1545545,89289,5.8,0,0,0.0,1007,474,50,1.03,3.31,8.54,9.99,2478,6
2026-05-16 19:10:32,1.3,10.54,10.92,10.89,1545545,89287,5.8,0,0,0.0,1007,474,50,1.03,3.32,1.48,3.09,2479,4
2026-05-16 19:11:33,1.3,10.17,10.72,10.82,1545545,89295,5.8,0,0,0.0,1007,474,50,1.03,3.02,0.69,2.21,2469,3
2026-05-16 19:12:33,1.7,10.73,10.78,10.83,1545545,89297,5.8,0,0,0.0,1007,474,50,1.03,3.00,8.64,9.12,2461,17
2026-05-16 19:13:33,1.3,11.10,10.91,10.87,1545545,89271,5.8,0,0,0.0,1007,474,50,1.03,3.15,6.08,8.07,2485,3
2026-05-16 19:14:34,1.2,10.47,10.75,10.82,1545545,89275,5.8,0,0,0.0,1007,474,50,1.03,3.00,0.57,1.90,2479,3
2026-05-16 19:15:34,1.3,10.08,10.58,10.76,1545545,89299,5.8,0,0,0.0,1007,474,50,1.03,3.31,3.32,4.75,2479,2
2026-05-16 19:16:34,2.9,12.00,11.01,10.89,1545545,89303,5.8,0,0,0.0,1007,474,50,1.03,3.34,6.10,8.20,2496,3
2026-05-16 19:17:35,1.2,10.49,10.75,10.80,1545545,89297,5.8,0,0,0.0,1007,474,50,1.03,3.05,0.52,1.88,2491,1
2026-05-16 19:18:35,1.2,9.91,10.55,10.73,1545545,89300,5.8,0,0,0.0,1007,474,50,1.03,3.05,0.60,1.93,2482,2
2026-05-16 19:19:35,1.8,10.22,10.48,10.70,1545545,89319,5.8,0,0,0.0,1007,474,50,1.03,3.08,2.83,3.97,2485,4
2026-05-16 19:20:36,1.5,14.15,11.51,11.03,1545545,89215,5.8,0,0,0.0,1007,474,50,1.03,3.52,11.40,13.25,2496,2
2026-05-16 19:21:36,1.0,13.24,11.91,11.21,1545545,89208,5.8,0,0,0.0,1007,474,50,1.03,3.09,1.75,3.15,2465,1
2026-05-16 19:22:37,1.3,17.97,13.42,11.77,1545545,89218,5.8,0,0,0.0,1007,474,50,1.03,3.12,9.79,11.16,2468,2
2026-05-16 19:23:37,3.9,20.61,14.92,12.38,1545545,89211,5.8,0,0,0.0,1007,474,50,1.03,3.03,10.11,10.90,2487,6
2026-05-16 19:24:37,1.1,14.01,14.13,12.28,1545545,89190,5.8,0,0,0.0,1007,474,50,1.03,3.12,3.82,5.59,2488,1
2026-05-16 19:25:37,1.1,16.29,14.96,12.69,1545545,89216,5.8,0,0,0.0,1007,474,50,1.03,3.28,7.31,8.43,2484,2
2026-05-16 19:26:38,1.0,15.00,14.96,12.84,1545545,89205,5.8,0,0,0.0,1007,474,50,1.03,3.29,3.84,5.18,2501,1
2026-05-16 19:27:38,1.1,11.18,13.86,12.59,1545545,89200,5.8,0,0,0.0,1007,474,50,1.03,3.07,4.10,5.11,2477,6
2026-05-16 19:28:38,1.3,10.20,13.11,12.41,1545545,89209,5.8,0,0,0.0,1007,474,50,1.03,3.15,0.56,1.91,2467,2
2026-05-16 19:29:39,1.8,11.76,12.88,12.37,1545545,89231,5.8,0,0,0.0,1007,474,50,1.03,3.01,6.81,7.69,2495,5
2026-05-16 19:30:39,1.9,13.58,13.34,12.57,1545545,89242,5.8,0,0,0.0,1007,474,50,1.03,3.04,10.71,12.44,2482,2
2026-05-16 19:31:39,1.0,14.08,13.76,12.78,1545545,89239,5.8,0,0,0.0,1007,474,50,1.03,3.23,7.39,8.86,2473,6
2026-05-16 19:32:40,3.1,11.45,13.03,12.59,1545545,89233,5.8,0,0,0.0,1007,474,50,1.03,3.05,2.73,4.10,2485,8
2026-05-16 19:33:40,1.0,11.25,12.73,12.51,1545545,89233,5.8,0,0,0.0,1007,474,50,1.03,3.08,12.08,12.94,2479,6
2026-05-16 19:34:41,2.3,10.54,12.24,12.35,1545545,89247,5.8,0,0,0.0,1007,474,50,1.03,3.11,7.59,8.40,2470,22
2026-05-16 19:35:41,1.0,10.46,11.95,12.25,1545545,89260,5.8,0,0,0.0,1007,474,50,1.03,3.43,6.03,7.78,2485,8
2026-05-16 19:36:41,0.8,10.19,11.58,12.10,1545545,89269,5.8,0,0,0.0,1007,474,50,1.03,3.20,0.52,1.88,2478,1
2026-05-16 19:37:42,1.7,9.90,11.21,11.94,1545545,89277,5.8,0,0,0.0,1007,474,50,1.03,3.29,2.74,4.07,2479,2
2026-05-16 19:38:42,1.0,10.48,11.18,11.88,1545545,89256,5.8,0,0,0.0,1007,474,50,1.03,3.12,7.04,8.23,2483,5
2026-05-16 19:39:42,2.4,10.36,11.01,11.78,1545545,89265,5.8,0,0,0.0,1007,474,50,1.03,2.98,0.66,1.95,2474,2
2026-05-16 19:40:43,3.4,11.84,11.19,11.78,1545545,89333,5.8,0,0,0.0,1007,474,50,1.03,3.47,4.89,6.45,2474,7
2026-05-16 19:41:43,1.6,11.09,11.10,11.72,1545545,89348,5.8,0,0,0.0,1007,474,50,1.03,3.18,4.62,5.68,2492,6
2026-05-16 19:42:43,1.0,11.57,11.30,11.75,1545545,89296,5.8,0,0,0.0,1007,474,50,1.03,3.25,8.38,9.58,2488,8
2026-05-16 19:43:44,1.2,10.66,11.08,11.64,1545545,89293,5.8,0,0,0.0,1007,474,50,1.03,2.69,1.69,2.96,2485,2
2026-05-16 19:44:44,9.5,11.22,11.11,11.62,1545545,89316,5.8,0,0,0.0,1007,474,50,1.03,2.98,4.28,5.64,2485,14
2026-05-16 19:45:44,1.0,13.87,12.23,11.99,1545545,89326,5.8,0,0,0.0,1007,474,50,1.03,3.50,7.70,9.10,2481,2
2026-05-16 19:46:45,4.7,11.36,11.79,11.85,1545545,89343,5.8,0,0,0.0,1007,474,50,1.03,3.29,1.70,2.98,2474,5
2026-05-16 19:47:45,0.9,10.40,11.48,11.74,1545545,89299,5.8,0,0,0.0,1007,474,50,1.03,3.21,4.81,6.45,2484,8
2026-05-16 19:48:45,1.1,10.46,11.35,11.68,1545545,89311,5.8,0,0,0.0,1007,474,50,1.09,3.03,5.66,6.78,2488,4
2026-05-16 19:49:46,1.0,9.71,10.98,11.53,1545545,89302,5.8,0,0,0.0,1007,474,50,1.03,3.15,0.64,1.95,2461,3
2026-05-16 19:50:46,1.3,11.17,11.17,11.56,1545545,89381,5.8,0,0,0.0,1007,474,50,1.03,3.32,7.46,9.06,2472,4
2026-05-16 19:51:46,1.2,10.44,10.97,11.47,1545545,89371,5.8,0,0,0.0,1007,474,50,1.03,3.05,6.13,6.90,2469,2
2026-05-16 19:52:47,1.2,10.30,10.83,11.39,1545545,89325,5.8,0,0,0.0,1007,474,50,1.03,3.20,5.44,6.47,2461,1
2026-05-16 19:53:47,1.0,11.24,11.08,11.44,1545545,89336,5.8,0,0,0.0,1007,474,50,1.03,3.21,7.66,9.56,2462,6
2026-05-16 19:54:47,1.3,10.98,11.02,11.40,1545545,89221,5.8,0,0,0.0,1007,474,50,1.03,2.99,8.97,9.69,2479,3
2026-05-16 19:55:48,1.1,12.71,11.45,11.52,1545545,89256,5.8,0,0,0.0,1007,474,50,1.03,3.50,8.88,10.83,2477,5
2026-05-16 19:56:48,1.1,10.63,11.07,11.38,1545545,89260,5.8,0,0,0.0,1007,474,50,1.03,3.16,0.62,1.92,2485,4
2026-05-16 19:57:48,1.1,9.41,10.63,11.21,1545545,89239,5.8,0,0,0.0,1007,474,50,1.03,2.82,0.60,2.11,2484,1
2026-05-16 19:58:49,1.1,9.96,10.55,11.14,1545545,89225,5.8,0,0,0.0,1007,474,50,1.03,2.95,1.71,3.03,2487,2
2026-05-16 19:59:49,1.6,9.70,10.39,11.05,1545545,89243,5.8,0,0,0.0,1007,474,50,1.03,3.17,2.63,3.70,2472,5
2026-05-16 20:00:49,1.1,10.01,10.39,11.01,1545545,89251,5.8,0,0,0.0,1007,474,50,1.03,3.43,3.76,4.96,2465,3
2026-05-16 20:01:50,1.9,13.58,11.64,11.42,1545545,89292,5.8,0,0,0.0,1007,474,50,1.03,54.12,0.77,2.22,2454,5
2026-05-16 20:02:50,2.9,13.68,11.93,11.53,1545545,89274,5.8,0,0,0.0,1007,474,50,1.03,3.09,8.48,9.88,2467,13
2026-05-16 20:03:50,1.0,11.10,11.55,11.42,1545545,89265,5.8,0,0,0.0,1007,474,50,1.03,3.17,2.80,4.34,2480,1
2026-05-16 20:04:51,0.9,10.81,11.42,11.39,1545545,89257,5.8,0,0,0.0,1007,474,50,1.07,3.11,7.38,9.20,2478,2
2026-05-16 20:05:51,0.9,11.17,11.35,11.36,1545545,89298,5.8,0,0,0.0,1007,474,50,1.03,3.21,7.00,8.80,2476,5
2026-05-16 20:06:51,3.1,10.12,11.00,11.24,1545545,89315,5.8,0,0,0.0,1007,474,50,1.03,3.30,2.07,3.49,2479,7
2026-05-16 20:07:52,3.3,11.36,11.22,11.30,1545545,89308,5.8,0,0,0.0,1007,474,50,1.03,3.46,9.65,10.58,2463,5
2026-05-16 20:08:52,1.0,10.31,10.96,11.20,1545545,89296,5.8,0,0,0.0,1007,474,50,1.03,3.12,2.59,3.82,2453,3
2026-05-16 20:09:52,1.0,9.61,10.65,11.08,1545545,89288,5.8,0,0,0.0,1007,474,50,1.03,2.99,2.21,3.49,2472,1
2026-05-16 20:10:52,1.1,9.79,10.53,11.01,1545545,89308,5.8,0,0,0.0,1007,474,50,1.03,3.29,6.69,7.34,2487,3
2026-05-16 20:11:53,1.0,12.99,11.25,11.22,1545545,89323,5.8,0,0,0.0,1007,474,50,1.03,2.80,10.25,11.72,2498,3
2026-05-16 20:12:53,1.2,11.60,11.22,11.22,1545545,89292,5.8,0,0,0.0,1007,474,50,1.03,3.05,6.16,7.19,2488,3
2026-05-16 20:13:53,9.3,10.20,10.89,11.10,1545545,89296,5.8,0,0,0.0,1007,474,50,1.03,3.05,0.93,2.27,2496,2
2026-05-16 20:14:54,2.5,10.18,10.77,11.05,1545545,89322,5.8,0,0,0.0,1007,474,50,1.03,3.18,6.64,7.37,2483,2
2026-05-16 20:15:54,1.1,10.18,10.65,10.99,1545545,89342,5.8,0,0,0.0,1007,474,50,1.03,3.44,0.87,2.19,2467,5
2026-05-16 20:16:55,1.8,10.99,10.77,11.00,1545545,89370,5.8,0,0,0.0,1007,474,50,1.03,3.12,8.69,9.35,2473,1
2026-05-16 20:17:55,2.1,11.03,10.90,11.04,1545545,89357,5.8,0,0,0.0,1007,474,50,1.03,3.27,5.00,6.10,2489,2
2026-05-16 20:18:55,3.2,9.98,10.63,10.94,1545545,89375,5.8,0,0,0.0,1007,474,50,1.03,3.16,3.46,4.66,2478,4
2026-05-16 20:19:56,2.0,14.19,12.02,11.41,1545545,89354,5.8,0,0,0.0,1007,474,50,1.03,3.03,9.91,10.52,2480,2
2026-05-16 20:20:56,1.3,12.22,11.95,11.43,1545545,89398,5.8,0,0,0.0,1007,474,50,1.03,3.32,6.55,7.32,2481,7
2026-05-16 20:21:56,1.0,10.34,11.43,11.29,1545545,89380,5.8,0,0,0.0,1007,474,50,1.14,3.23,2.66,3.97,2464,2
2026-05-16 20:22:57,1.0,10.04,11.13,11.19,1545545,89362,5.8,0,0,0.0,1007,474,50,1.03,3.24,4.57,5.77,2461,2
2026-05-16 20:23:57,1.1,9.86,10.87,11.09,1545545,89356,5.8,0,0,0.0,1007,474,50,1.03,3.12,0.51,1.98,2465,3
2026-05-16 20:24:57,2.9,10.67,10.87,11.08,1545545,89392,5.8,0,0,0.0,1007,474,50,1.03,2.93,4.29,5.41,2468,7
2026-05-16 20:25:58,1.3,11.18,10.97,11.10,1545545,89411,5.8,0,0,0.0,1007,474,50,1.03,3.36,9.90,10.79,2473,2
2026-05-16 20:26:58,1.1,11.03,10.95,11.08,1545545,89397,5.8,0,0,0.0,1007,474,50,1.03,3.15,3.79,5.04,2485,1
2026-05-16 20:27:58,3.0,11.40,11.13,11.14,1545545,89390,5.8,0,0,0.0,1007,474,50,1.03,3.07,7.06,7.85,2475,27
2026-05-16 20:28:59,1.1,10.42,10.91,11.06,1545545,89264,5.8,0,0,0.0,1007,474,50,1.03,3.27,4.04,5.30,2479,6
2026-05-16 20:29:59,1.7,9.69,10.61,10.95,1545545,89265,5.8,0,0,0.0,1007,474,50,1.03,3.06,3.84,4.86,2500,11
2026-05-16 20:30:59,1.8,10.50,10.69,10.95,1545545,89307,5.8,0,0,0.0,1007,474,50,1.03,3.25,10.33,10.86,2495,5
2026-05-16 20:32:00,1.1,10.42,10.68,10.93,1545545,89293,5.8,0,0,0.0,1007,474,50,1.03,3.03,7.39,8.52,2495,7
2026-05-16 20:33:00,2.1,9.97,10.48,10.85,1545545,89279,5.8,0,0,0.0,1007,474,50,1.03,3.32,0.92,2.41,2496,6
2026-05-16 20:34:00,2.7,10.02,10.38,10.79,1545545,89272,5.8,0,0,0.0,1007,474,50,1.03,3.13,7.43,8.14,2493,3
2026-05-16 20:35:01,1.0,9.24,10.10,10.67,1545545,89282,5.8,0,0,0.0,1007,474,50,1.03,3.11,0.55,1.89,2484,1
2026-05-16 20:36:01,3.0,11.72,10.47,10.75,1545545,89325,5.8,0,0,0.0,1007,474,50,1.03,2.79,5.88,6.76,2491,4
2026-05-16 20:37:01,1.3,12.40,10.81,10.85,1545545,89332,5.8,0,0,0.0,1007,474,50,1.03,3.43,8.17,9.69,2485,3
2026-05-16 20:38:02,1.0,13.30,11.51,11.09,1545545,89286,5.8,0,0,0.0,1007,474,50,1.03,3.17,0.59,2.10,2473,2
2026-05-16 20:39:02,1.1,10.90,11.14,10.99,1545545,89291,5.8,0,0,0.0,1007,474,50,1.03,3.16,2.21,3.51,2464,6
2026-05-16 20:40:02,1.2,10.07,10.87,10.90,1545545,89291,5.8,0,0,0.0,1007,474,50,1.03,2.96,2.94,4.02,2463,5
2026-05-16 20:41:03,1.8,9.75,10.61,10.81,1545545,89347,5.8,0,0,0.0,1007,474,50,1.03,3.25,4.49,5.43,2472,5
2026-05-16 20:42:03,3.1,10.19,10.57,10.79,1545545,89351,5.8,0,0,0.0,1007,474,50,1.03,3.18,9.48,10.45,2487,8
2026-05-16 20:43:03,6.5,11.27,10.77,10.84,1545545,89332,5.8,0,0,0.0,1007,474,50,1.03,3.25,8.10,9.97,2491,28
2026-05-16 20:44:04,11.2,11.00,10.81,10.85,1545545,89335,5.8,0,0,0.0,1007,474,50,1.03,3.02,5.41,6.66,2493,4
2026-05-16 20:45:04,1.8,10.20,10.60,10.78,1545545,89336,5.8,0,0,0.0,1007,474,50,1.03,3.06,3.49,4.62,2489,2
2026-05-16 20:46:04,1.2,10.08,10.52,10.74,1545545,89370,5.8,0,0,0.0,1007,474,50,1.03,3.36,1.82,3.03,2481,2
2026-05-16 20:47:05,1.0,9.42,10.27,10.64,1545545,89338,5.8,0,0,0.0,1007,474,50,1.03,3.23,0.58,2.11,2473,3
2026-05-16 20:48:05,1.1,9.60,10.15,10.57,1545545,89323,5.8,0,0,0.0,1007,474,50,1.03,3.22,0.53,1.99,2462,1
2026-05-16 20:49:05,1.9,12.11,10.83,10.78,1545545,89368,5.8,0,0,0.0,1007,474,50,1.03,2.93,8.99,10.81,2472,4
2026-05-16 20:50:06,1.0,10.61,10.68,10.74,1545545,89356,5.8,0,0,0.0,1007,474,50,1.03,3.12,5.60,6.51,2472,3
2026-05-16 20:51:06,2.3,10.70,10.67,10.73,1545545,89401,5.8,0,0,0.0,1007,474,50,1.03,3.42,5.95,6.73,2476,3
2026-05-16 20:52:06,0.9,10.60,10.67,10.73,1545545,89384,5.8,0,0,0.0,1007,474,50,1.03,3.21,3.28,4.52,2465,1
2026-05-16 20:53:07,1.0,10.06,10.55,10.68,1545545,89370,5.8,0,0,0.0,1007,474,50,1.03,3.04,0.94,2.27,2469,1
2026-05-16 20:54:07,1.1,9.29,10.23,10.56,1545545,89365,5.8,0,0,0.0,1007,474,50,1.03,3.16,1.30,2.89,2460,7
2026-05-16 20:55:07,0.9,9.25,10.07,10.49,1545545,89370,5.8,0,0,0.0,1007,474,50,1.03,2.88,0.49,1.89,2470,5
2026-05-16 20:56:08,0.9,9.53,10.03,10.45,1545545,89421,5.8,0,0,0.0,1007,474,50,1.03,3.15,4.36,5.26,2466,1
2026-05-16 20:57:08,1.0,9.89,10.04,10.42,1545545,89420,5.8,0,0,0.0,1007,474,50,1.03,3.16,3.73,5.18,2478,5
2026-05-16 20:58:08,1.3,10.30,10.13,10.43,1545545,89409,5.8,0,0,0.0,1007,474,50,1.03,3.26,9.92,10.95,2478,2
2026-05-16 20:59:09,0.9,9.51,9.93,10.34,1545545,89389,5.8,0,0,0.0,1007,474,50,1.03,3.17,0.91,2.46,2488,1
2026-05-16 21:00:09,3.3,11.29,10.22,10.41,1545545,89422,5.8,0,0,0.0,1007,474,50,1.03,2.95,6.81,7.72,2477,6
2026-05-16 21:01:09,1.9,10.52,10.23,10.40,1545545,89462,5.8,0,0,0.0,1007,474,50,1.03,50.07,6.08,7.24,2487,2
2026-05-16 21:02:10,0.8,10.10,10.20,10.38,1545545,89431,5.8,0,0,0.0,1007,474,50,1.03,3.18,4.67,5.65,2484,8
2026-05-16 21:03:10,0.8,10.16,10.20,10.37,1545545,89292,5.8,0,0,0.0,1007,474,50,1.03,3.08,4.17,5.24,2483,1
2026-05-16 21:04:10,0.9,9.27,9.96,10.27,1545545,89280,5.8,0,0,0.0,1007,474,50,1.03,3.14,0.56,2.12,2483,1
2026-05-16 21:05:11,2.3,11.48,10.51,10.44,1545545,89281,5.8,0,0,0.0,1007,474,50,1.03,3.21,2.48,3.71,2481,5
2026-05-16 21:06:11,1.6,13.47,11.06,10.62,1545545,89341,5.8,0,0,0.0,1007,474,50,1.03,3.36,4.19,5.19,2467,11
2026-05-16 21:07:11,1.0,14.54,11.87,10.93,1545545,89332,5.8,0,0,0.0,1007,474,50,1.03,3.30,8.12,9.16,2472,7
2026-05-16 21:08:12,0.8,12.93,11.94,11.02,1545545,89315,5.8,0,0,0.0,1007,474,50,1.03,3.18,2.12,3.44,2459,1
2026-05-16 21:09:12,1.1,12.83,12.29,11.21,1545545,89308,5.8,0,0,0.0,1007,474,50,1.03,3.15,4.16,5.44,2460,1
2026-05-16 21:10:12,1.0,16.17,13.16,11.56,1545545,89332,5.8,0,0,0.0,1007,474,50,1.03,3.03,5.42,7.02,2474,5
2026-05-16 21:11:13,3.6,15.21,13.15,11.64,1545545,89362,5.8,0,0,0.0,1007,474,50,1.03,3.37,4.20,5.38,2469,6
2026-05-16 21:12:13,0.9,11.83,12.55,11.53,1545545,89359,5.8,0,0,0.0,1007,474,50,1.03,3.03,3.73,4.94,2464,1
2026-05-16 21:13:13,5.1,22.12,15.42,12.58,1545545,89339,5.8,0,0,0.0,1007,474,50,1.03,3.22,10.01,11.52,2478,24
2026-05-16 21:14:14,1.2,16.61,15.36,12.76,1545545,89306,5.8,0,0,0.0,1007,474,50,1.03,3.27,5.90,7.35,2474,3
2026-05-16 21:15:14,1.1,12.42,14.38,12.59,1545545,89352,5.8,0,0,0.0,1007,474,50,1.03,3.21,4.49,5.52,2478,2
2026-05-16 21:16:14,1.1,11.11,13.74,12.49,1545545,89361,5.8,0,0,0.0,1007,474,50,1.03,3.26,4.94,5.85,2486,2
2026-05-16 21:17:15,4.1,11.66,13.54,12.50,1545545,89373,5.8,0,0,0.0,1007,474,50,1.03,3.14,6.21,7.10,2501,7
2026-05-16 21:18:15,1.6,13.14,13.60,12.59,1545545,89345,5.8,0,0,0.0,1007,474,50,1.03,3.16,11.90,13.21,2493,4
2026-05-16 21:19:15,3.0,13.16,13.51,12.62,1545545,89362,5.8,0,0,0.0,1007,474,50,1.03,3.28,10.37,11.80,2487,5
2026-05-16 21:20:16,1.2,11.71,13.07,12.53,1545545,89349,5.8,0,0,0.0,1007,474,50,1.03,3.19,9.02,10.16,2486,1
2026-05-16 21:21:16,1.5,10.68,12.54,12.38,1545545,89362,5.8,0,0,0.0,1007,474,50,1.03,3.16,0.92,2.24,2486,2
2026-05-16 21:22:16,1.1,10.32,12.11,12.24,1545545,89382,5.8,0,0,0.0,1007,474,50,1.03,2.84,4.62,5.52,2471,4
2026-05-16 21:23:17,1.3,9.83,11.64,12.07,1545545,89394,5.8,0,0,0.0,1007,474,50,1.03,3.21,2.25,3.60,2474,4
2026-05-16 21:24:17,2.8,10.15,11.32,11.93,1545545,89419,5.8,0,0,0.0,1007,474,50,1.03,3.10,2.22,3.72,2472,21
2026-05-16 21:25:17,3.4,11.67,11.42,11.92,1545545,89418,5.8,0,0,0.0,1007,474,50,1.03,3.26,7.13,8.53,2467,13
2026-05-16 21:26:18,3.5,12.09,11.59,11.94,1545545,89446,5.8,0,0,0.0,1007,474,50,1.03,3.17,11.81,13.33,2474,9
2026-05-16 21:27:18,2.3,11.89,11.62,11.93,1545545,89450,5.8,0,0,0.0,1007,474,50,2.07,3.07,8.51,10.91,2480,2
2026-05-16 21:28:18,1.3,11.13,11.46,11.85,1545545,89411,5.8,0,0,0.0,1007,474,50,1.03,3.21,1.78,3.22,2484,4
2026-05-16 21:29:19,1.2,11.36,11.44,11.82,1545545,89425,5.8,0,0,0.0,1007,474,50,1.03,3.18,7.88,8.63,2477,8
2026-05-16 21:30:19,1.8,10.57,11.18,11.71,1545545,89444,5.8,0,0,0.0,1007,474,50,1.03,3.21,4.07,5.13,2473,5
2026-05-16 21:31:19,1.3,10.57,11.03,11.62,1545545,89446,5.8,0,0,0.0,1007,474,50,1.03,2.93,4.09,5.17,2468,6
2026-05-16 21:32:20,2.2,11.21,11.03,11.58,1545545,89466,5.8,0,0,0.0,1007,474,50,1.03,3.07,4.91,5.88,2468,2
2026-05-16 21:33:20,0.9,10.04,10.79,11.46,1545545,89434,5.8,0,0,0.0,1007,474,50,1.03,3.44,4.78,5.87,2471,7
2026-05-16 21:34:20,2.0,9.67,10.52,11.32,1545545,89460,5.8,0,0,0.0,1007,474,50,1.03,3.20,4.03,5.30,2491,3
2026-05-16 21:35:21,1.0,10.39,10.65,11.32,1545545,89443,5.8,0,0,0.0,1007,474,50,1.03,3.21,6.16,7.26,2498,2
2026-05-16 21:36:21,2.0,10.47,10.61,11.26,1545545,89472,5.8,0,0,0.0,1007,474,50,1.03,3.03,7.19,8.58,2496,4
2026-05-16 21:37:21,1.1,9.60,10.36,11.13,1545545,89345,5.8,0,0,0.0,1007,474,50,1.03,3.28,4.89,5.79,2487,5
2026-05-16 21:38:22,1.8,9.37,10.15,11.01,1545545,89353,5.8,0,0,0.0,1007,474,50,1.03,3.26,2.07,3.42,2479,2
2026-05-16 21:39:22,1.9,11.79,10.68,11.14,1545545,89336,5.8,0,0,0.0,1007,474,50,1.03,3.04,10.44,11.82,2474,10
2026-05-16 21:40:22,1.9,10.37,10.48,11.04,1545545,89327,5.8,0,0,0.0,1007,474,50,1.03,3.34,4.96,5.85,2481,4
2026-05-16 21:41:23,3.2,10.18,10.35,10.96,1545545,89397,5.8,0,0,0.0,1007,474,50,1.03,2.79,4.76,6.19,2486,3
2026-05-16 21:42:23,2.1,11.40,10.69,11.04,1545545,89385,5.8,0,0,0.0,1007,474,50,1.03,3.02,8.70,9.62,2478,7
2026-05-16 21:43:23,9.9,11.20,10.78,11.04,1545545,89370,5.8,0,0,0.0,1007,474,50,1.03,3.27,7.26,8.58,2493,27
2026-05-16 21:44:24,1.1,10.06,10.57,10.96,1545545,89346,5.8,0,0,0.0,1007,474,50,1.03,3.05,5.93,6.99,2493,3
2026-05-16 21:45:24,0.8,9.95,10.43,10.88,1545545,89349,5.8,0,0,0.0,1007,474,50,1.03,3.34,0.50,1.97,2484,1
2026-05-16 21:46:24,1.5,15.38,12.29,11.52,1545545,89382,5.8,0,0,0.0,1007,474,50,1.03,3.30,10.44,11.38,2490,2
2026-05-16 21:47:25,1.1,11.71,11.81,11.40,1545545,89385,5.8,0,0,0.0,1007,474,50,1.03,2.95,6.24,6.95,2479,5
2026-05-16 21:48:25,3.2,10.81,11.50,11.32,1545545,89362,5.8,0,0,0.0,1007,474,50,1.09,3.31,5.09,6.32,2485,5
2026-05-16 21:49:25,2.1,15.44,12.75,11.76,1545545,89353,5.8,0,0,0.0,1007,474,50,1.03,3.22,3.57,4.81,2480,1
2026-05-16 21:50:26,1.0,12.32,12.35,11.69,1545545,89383,5.8,0,0,0.0,1007,474,50,1.03,3.30,4.89,6.08,2476,4
2026-05-16 21:51:26,2.1,10.51,11.79,11.53,1545545,89405,5.8,0,0,0.0,1007,474,50,1.03,3.05,2.57,3.73,2465,2
2026-05-16 21:52:26,1.7,10.18,11.44,11.42,1545545,89411,5.8,0,0,0.0,1007,474,50,1.03,3.09,4.31,5.26,2490,5
2026-05-16 21:53:27,2.8,11.50,11.58,11.47,1545545,89398,5.8,0,0,0.0,1007,474,50,1.03,3.19,9.26,9.98,2491,5
2026-05-16 21:54:27,1.9,11.63,11.63,11.50,1545545,89391,5.8,0,0,0.0,1007,474,50,1.03,3.09,11.56,12.46,2494,6
2026-05-16 21:55:27,2.0,14.39,12.59,11.85,1545545,89409,5.8,0,0,0.0,1007,474,50,1.03,3.38,12.17,14.42,2510,8
2026-05-16 21:56:28,1.0,12.85,12.67,11.93,1545545,89415,5.8,0,0,0.0,1007,474,50,1.03,3.11,8.38,8.88,2504,5
2026-05-16 21:57:28,1.1,13.44,12.93,12.07,1545545,89441,5.8,0,0,0.0,1007,474,50,1.03,3.12,8.26,9.79,2489,1
2026-05-16 21:58:28,1.4,10.68,12.24,11.89,1545545,89436,5.8,0,0,0.0,1007,474,50,1.15,3.12,2.25,3.58,2512,2
2026-05-16 21:59:29,0.9,9.44,11.60,11.69,1545545,89420,5.8,0,0,0.0,1007,474,50,1.03,3.29,0.50,1.88,2506,6
2026-05-16 22:00:29,3.2,11.10,11.64,11.69,1545545,89466,5.8,0,0,0.0,1007,474,50,1.03,3.34,3.89,5.24,2500,26
2026-05-16 22:01:29,1.2,13.45,12.23,11.89,1545545,89453,5.8,0,0,0.0,1007,474,50,1.03,49.83,9.50,11.10,2515,2
2026-05-16 22:02:30,1.9,10.97,11.73,11.74,1545545,89484,5.8,0,0,0.0,1007,474,50,1.03,3.48,3.43,4.46,2511,6
2026-05-16 22:03:30,2.0,11.05,11.55,11.67,1545545,89444,5.8,0,0,0.0,1007,474,50,1.03,3.18,7.55,8.81,2482,8
2026-05-16 22:04:30,1.1,10.22,11.26,11.57,1545545,89420,5.8,0,0,0.0,1007,474,50,1.03,2.77,7.84,8.59,2496,1
2026-05-16 22:05:31,0.9,10.49,11.16,11.51,1545545,89451,5.8,0,0,0.0,1007,474,50,1.03,3.30,8.63,10.21,2477,2
2026-05-16 22:06:31,0.8,10.42,11.02,11.44,1545545,89449,5.8,0,0,0.0,1007,474,50,1.03,3.21,4.89,5.87,2460,1
2026-05-16 22:07:31,1.8,10.73,11.05,11.43,1545545,89497,5.8,0,0,0.0,1007,474,50,1.03,3.23,4.25,5.62,2488,2
2026-05-16 22:08:32,0.9,10.45,10.87,11.34,1545545,89452,5.8,0,0,0.0,1007,474,50,1.03,3.19,4.81,5.71,2490,2
2026-05-16 22:09:32,1.0,10.14,10.68,11.24,1545545,89468,5.8,0,0,0.0,1007,474,50,1.03,3.04,3.78,5.15,2475,2
2026-05-16 22:10:32,2.0,9.69,10.44,11.12,1545545,89375,5.8,0,0,0.0,1007,474,50,1.03,3.31,4.73,5.85,2482,2
2026-05-16 22:11:33,3.3,10.68,10.54,11.11,1545545,89357,5.8,0,0,0.0,1007,474,50,1.03,3.12,8.81,10.29,2493,10
2026-05-16 22:12:33,1.9,11.48,10.84,11.18,1545545,89356,5.8,0,0,0.0,1007,474,50,1.03,3.12,6.08,7.17,2473,3
2026-05-16 22:13:33,10.2,10.01,10.55,11.05,1545545,89331,5.8,0,0,0.0,1007,474,50,1.03,3.00,2.20,3.43,2469,4
2026-05-16 22:14:34,1.9,11.26,10.87,11.14,1545545,89351,5.8,0,0,0.0,1007,474,50,1.03,3.17,10.35,11.57,2489,5
2026-05-16 22:15:34,2.4,10.27,10.60,11.02,1545545,89379,5.8,0,0,0.0,1007,474,50,1.03,3.55,3.91,5.08,2485,6
2026-05-16 22:16:34,2.5,10.13,10.53,10.97,1545545,89354,5.8,0,0,0.0,1007,474,50,1.03,3.01,4.53,6.16,2483,1
2026-05-16 22:17:35,1.1,9.39,10.26,10.85,1545545,89347,5.8,0,0,0.0,1007,474,50,1.03,3.04,0.51,1.92,2484,2
2026-05-16 22:18:35,0.9,9.23,10.05,10.74,1545545,89334,5.8,0,0,0.0,1007,474,50,1.03,3.15,3.01,4.10,2476,2
2026-05-16 22:19:35,1.0,9.17,9.87,10.63,1545545,89345,5.8,0,0,0.0,1007,474,50,1.03,3.10,1.40,2.84,2469,5
2026-05-16 22:20:36,0.9,8.88,9.68,10.52,1545545,89377,5.8,0,0,0.0,1007,474,50,1.03,3.32,0.60,2.12,2478,5
2026-05-16 22:21:36,1.1,9.34,9.65,10.45,1545545,89374,5.8,0,0,0.0,1007,474,50,1.03,3.13,4.91,5.81,2469,5
2026-05-16 22:22:36,3.2,10.96,9.91,10.48,1545545,89411,5.8,0,0,0.0,1007,474,50,1.03,3.17,4.76,6.23,2479,6
2026-05-16 22:23:37,1.0,10.51,10.01,10.48,1545545,89358,5.8,0,0,0.0,1007,474,50,1.03,3.05,6.03,8.14,2480,5
2026-05-16 22:24:37,1.2,9.88,9.88,10.40,1545545,89389,5.8,0,0,0.0,1007,474,50,1.03,3.09,4.20,5.53,2467,2
2026-05-16 22:25:37,2.2,9.88,9.91,10.38,1545545,89414,5.8,0,0,0.0,1007,474,50,1.03,3.33,8.67,9.36,2465,2
2026-05-16 22:26:38,1.1,9.27,9.73,10.29,1545545,89404,5.8,0,0,0.0,1007,474,50,1.03,3.16,2.17,3.34,2480,1
2026-05-16 22:27:38,0.8,9.36,9.67,10.23,1545545,89392,5.8,0,0,0.0,1007,474,50,1.03,2.96,1.31,2.65,2466,1
2026-05-16 22:28:38,1.1,9.43,9.63,10.18,1545545,89383,5.8,0,0,0.0,1007,474,50,1.03,3.10,5.75,6.68,2485,1
2026-05-16 22:29:39,0.8,9.44,9.58,10.12,1545545,89379,5.8,0,0,0.0,1007,474,50,1.03,3.35,0.61,2.15,2493,5
2026-05-16 22:30:39,0.9,9.77,9.65,10.11,1545545,89432,5.8,0,0,0.0,1007,474,50,1.03,3.43,3.35,4.69,2479,5
2026-05-16 22:31:39,1.0,9.89,9.72,10.10,1545545,89432,5.8,0,0,0.0,1007,474,50,1.03,2.64,6.97,7.67,2476,3
2026-05-16 22:32:40,0.8,9.74,9.72,10.08,1545545,89448,5.8,0,0,0.0,1007,474,50,1.03,3.09,1.72,2.97,2472,1
2026-05-16 22:33:40,1.9,9.77,9.70,10.05,1545545,89420,5.8,0,0,0.0,1007,474,50,1.03,3.23,5.55,6.56,2471,5
2026-05-16 22:34:40,1.1,9.70,9.68,10.02,1545545,89412,5.8,0,0,0.0,1007,474,50,1.03,3.22,2.00,3.41,2472,4
2026-05-16 22:35:41,1.1,9.56,9.62,9.97,1545545,89440,5.8,0,0,0.0,1007,474,50,1.03,3.27,0.56,2.08,2470,6
2026-05-16 22:36:41,1.1,11.03,10.09,10.12,1545545,89467,5.8,0,0,0.0,1007,474,50,1.03,3.32,6.58,7.33,2491,2
2026-05-16 22:37:41,1.9,10.39,10.06,10.10,1545545,89454,5.8,0,0,0.0,1007,474,50,1.03,3.21,1.03,2.35,2496,3
2026-05-16 22:38:42,2.1,11.76,10.51,10.25,1545545,89477,5.8,0,0,0.0,1007,474,50,1.03,2.90,12.34,12.50,2490,2
2026-05-16 22:39:42,0.9,10.46,10.40,10.23,1545545,89445,5.8,0,0,0.0,1007,474,50,1.03,3.18,1.64,3.14,2486,5
2026-05-16 22:40:42,3.1,10.10,10.28,10.20,1545545,89489,5.8,0,0,0.0,1007,474,50,1.13,3.32,4.51,6.22,2481,6
2026-05-16 22:41:43,1.0,11.37,10.61,10.32,1545545,89479,5.8,0,0,0.0,1007,474,50,1.03,3.24,11.88,12.60,2474,2
2026-05-16 22:42:43,1.0,10.09,10.38,10.26,1545545,89456,5.8,0,0,0.0,1007,474,50,1.03,2.88,0.59,1.93,2470,2
2026-05-16 22:43:43,1.6,9.60,10.19,10.20,1545545,89443,5.8,0,0,0.0,1007,474,50,1.03,3.15,6.55,7.46,2458,6
2026-05-16 22:44:44,8.5,9.61,10.09,10.16,1545545,89349,5.8,0,0,0.0,1007,474,50,1.03,3.22,3.51,4.70,2487,8
2026-05-16 22:45:44,1.9,9.83,10.12,10.17,1545545,89366,5.8,0,0,0.0,1007,474,50,1.16,3.43,6.90,8.23,2480,12
2026-05-16 22:46:44,1.5,9.28,9.95,10.11,1545545,89365,5.8,0,0,0.0,1007,474,50,1.03,3.09,5.84,6.91,2477,1
2026-05-16 22:47:45,0.9,10.58,10.21,10.19,1545545,89350,5.8,0,0,0.0,1007,474,50,1.03,3.27,5.79,7.49,2467,3
2026-05-16 22:48:45,0.9,10.83,10.45,10.28,1545545,89340,5.8,0,0,0.0,1007,474,50,1.03,3.05,3.38,4.56,2479,1
2026-05-16 22:49:45,2.9,16.61,12.12,10.86,1545545,89360,5.8,0,0,0.0,1007,474,50,1.03,3.21,9.62,11.02,2480,4
2026-05-16 22:50:46,0.8,15.12,12.67,11.14,1545545,89365,5.8,0,0,0.0,1007,474,50,1.03,2.90,6.99,8.56,2484,5
2026-05-16 22:51:46,1.0,16.43,13.18,11.39,1545545,89358,5.8,0,0,0.0,1007,474,50,1.03,3.30,0.52,1.98,2485,3
2026-05-16 22:52:46,0.9,13.99,12.96,11.42,1545545,89374,5.8,0,0,0.0,1007,474,50,1.03,3.02,1.73,2.98,2495,3
2026-05-16 22:53:47,3.2,13.03,12.69,11.41,1545545,89394,5.8,0,0,0.0,1007,474,50,1.03,2.98,2.33,3.52,2499,4
2026-05-16 22:54:47,0.9,12.12,12.63,11.48,1545545,89373,5.8,0,0,0.0,1007,474,50,1.03,3.21,4.80,6.20,2473,4
2026-05-16 22:55:47,2.8,10.17,11.97,11.32,1545545,89432,5.8,0,0,0.0,1007,474,50,1.03,3.46,2.43,3.70,2482,5
2026-05-16 22:56:48,0.9,9.23,11.39,11.16,1545545,89413,5.8,0,0,0.0,1007,474,50,1.03,3.11,3.57,4.76,2486,3
2026-05-16 22:57:48,3.5,11.42,11.47,11.20,1545545,89416,5.8,0,0,0.0,1007,474,50,1.03,2.96,3.86,5.18,2479,8
2026-05-16 22:58:48,9.8,14.75,12.62,11.62,1545545,89396,5.8,0,0,0.0,1007,474,50,1.03,3.10,11.28,12.52,2484,3
2026-05-16 22:59:49,0.9,11.44,12.13,11.53,1545545,89388,5.8,0,0,0.0,1007,474,50,1.03,3.25,5.33,6.38,2489,3
2026-05-16 23:00:49,1.0,10.09,11.60,11.38,1545545,89420,5.8,0,0,0.0,1007,474,50,1.03,3.12,0.93,2.40,2482,2
2026-05-16 23:01:49,1.8,12.95,12.20,11.60,1545545,89440,5.8,0,0,0.0,1007,474,50,1.03,49.91,11.55,12.83,2484,3
2026-05-16 23:02:50,3.1,12.94,12.25,11.65,1545545,89412,5.8,0,0,0.0,1007,474,50,1.03,3.11,7.49,9.35,2493,7
2026-05-16 23:03:50,1.0,11.79,12.00,11.60,1545545,89401,5.8,0,0,0.0,1007,474,50,1.03,3.11,7.41,9.16,2483,6
2026-05-16 23:04:50,1.2,9.67,11.37,11.41,1545545,89424,5.8,0,0,0.0,1007,474,50,1.03,2.96,0.66,2.06,2481,1
2026-05-16 23:05:51,1.0,9.23,10.94,11.26,1545545,89444,5.8,0,0,0.0,1007,474,50,1.03,3.33,0.94,2.38,2489,7
2026-05-16 23:06:51,2.9,10.43,10.89,11.21,1545545,89476,5.8,0,0,0.0,1007,474,50,1.03,3.40,3.25,4.63,2477,4
2026-05-16 23:07:51,1.6,9.95,10.69,11.12,1545545,89468,5.8,0,0,0.0,1007,474,50,1.03,3.27,4.76,5.80,2468,4
2026-05-16 23:08:52,0.9,9.71,10.49,11.03,1545545,89446,5.8,0,0,0.0,1007,474,50,1.03,2.57,5.91,6.76,2478,3
2026-05-16 23:09:52,0.8,9.81,10.38,10.96,1545545,89444,5.8,0,0,0.0,1007,474,50,1.03,3.21,3.36,4.56,2481,6
2026-05-16 23:10:52,2.0,9.21,10.09,10.82,1545545,89490,5.8,0,0,0.0,1007,474,50,1.03,3.33,1.59,2.94,2482,3
2026-05-16 23:11:53,2.0,10.79,10.31,10.85,1545545,89491,5.8,0,0,0.0,1007,474,50,1.03,3.12,6.53,7.45,2483,6
2026-05-16 23:12:53,3.2,12.58,10.99,11.05,1545545,89476,5.8,0,0,0.0,1007,474,50,1.03,3.17,9.90,10.65,2472,19
2026-05-16 23:13:53,3.1,13.50,11.70,11.30,1545545,89482,5.8,0,0,0.0,1007,474,50,1.03,3.04,11.21,12.27,2469,6
2026-05-16 23:14:54,1.2,12.54,11.75,11.34,1545545,89452,5.8,0,0,0.0,1007,474,50,1.03,3.12,5.80,6.69,2467,2
2026-05-16 23:15:54,0.9,10.03,11.18,11.17,1545545,89474,5.8,0,0,0.0,1007,474,50,1.03,3.25,0.62,2.13,2480,5
2026-05-16 23:16:54,2.4,10.10,11.00,11.11,1545545,89518,5.8,0,0,0.0,1007,474,50,1.03,3.43,5.20,6.29,2480,6
2026-05-16 23:17:55,2.3,10.27,10.85,11.05,1545545,89493,5.8,0,0,0.0,1007,474,50,1.03,3.11,8.92,9.52,2487,3
2026-05-16 23:18:55,2.0,10.99,11.04,11.10,1545545,89370,5.8,0,0,0.0,1007,474,50,1.03,3.02,6.72,7.44,2484,2
2026-05-16 23:19:55,1.9,18.72,12.66,11.62,1545545,89373,5.8,0,0,0.0,1007,474,50,1.03,3.13,6.37,7.59,2480,4
2026-05-16 23:20:56,0.9,12.95,12.10,11.50,1545545,89368,5.8,0,0,0.0,1007,474,50,1.03,3.38,0.61,2.12,2470,9
2026-05-16 23:21:56,1.1,10.55,11.58,11.35,1545545,89393,5.8,0,0,0.0,1007,474,50,1.03,3.24,3.43,4.65,2471,4
2026-05-16 23:22:56,1.0,10.46,11.34,11.28,1545545,89371,5.8,0,0,0.0,1007,474,50,1.03,2.99,4.09,5.17,2476,1
2026-05-16 23:23:57,1.0,10.23,11.13,11.21,1545545,89349,5.8,0,0,0.0,1007,474,50,1.03,3.07,5.26,6.29,2477,1
2026-05-16 23:24:57,3.3,10.35,10.95,11.14,1545545,89378,5.8,0,0,0.0,1007,474,50,1.03,3.08,4.04,5.18,2478,8
2026-05-16 23:25:57,1.2,10.54,10.90,11.11,1545545,89390,5.8,0,0,0.0,1007,474,50,1.03,3.34,6.70,7.97,2485,2
2026-05-16 23:26:58,0.9,9.70,10.60,10.99,1545545,89394,5.8,0,0,0.0,1007,474,50,1.03,3.23,2.25,3.51,2494,1
2026-05-16 23:27:58,1.7,11.66,11.01,11.11,1545545,89418,5.8,0,0,0.0,1007,474,50,1.03,2.74,12.27,13.24,2475,3
2026-05-16 23:28:58,1.9,17.06,12.70,11.68,1545545,89412,5.8,0,0,0.0,1007,474,50,1.03,3.09,6.30,7.35,2479,7
2026-05-16 23:29:59,1.0,13.54,12.53,11.69,1545545,89392,5.8,0,0,0.0,1007,474,50,1.03,3.11,6.58,7.70,2480,5
2026-05-16 23:30:59,3.0,11.16,12.02,11.57,1545545,89423,5.8,0,0,0.0,1007,474,50,1.03,3.37,3.68,4.93,2471,5
2026-05-16 23:31:59,1.0,10.49,11.67,11.47,1545545,89391,5.8,0,0,0.0,1007,474,50,1.03,3.07,6.75,8.36,2466,2
2026-05-16 23:33:00,0.8,9.90,11.27,11.35,1545545,89397,5.8,0,0,0.0,1007,474,50,1.03,3.24,3.36,4.51,2476,2
2026-05-16 23:34:00,4.3,9.78,10.99,11.24,1545545,89413,5.8,0,0,0.0,1007,474,50,1.03,3.18,1.85,3.17,2464,9
2026-05-16 23:35:00,1.9,13.02,11.67,11.46,1545545,89413,5.8,0,0,0.0,1007,474,50,1.03,3.24,11.67,13.76,2464,2
2026-05-16 23:36:01,1.1,12.99,11.99,11.58,1545545,89424,5.8,0,0,0.0,1007,474,50,1.03,3.20,11.54,13.77,2474,2
2026-05-16 23:37:01,0.9,11.69,11.84,11.56,1545545,89428,5.8,0,0,0.0,1007,474,50,1.03,3.28,6.11,6.90,2473,3
2026-05-16 23:38:01,1.9,9.89,11.30,11.39,1545545,89408,5.8,0,0,0.0,1007,474,50,1.03,3.21,1.39,2.85,2471,2
2026-05-16 23:39:02,1.0,9.54,10.93,11.25,1545545,89432,5.8,0,0,0.0,1007,474,50,1.03,2.98,4.61,5.56,2478,1
2026-05-16 23:40:02,1.8,9.69,10.77,11.18,1545545,89458,5.8,0,0,0.0,1007,474,50,1.03,3.04,4.86,6.12,2478,3
2026-05-16 23:41:02,1.0,9.55,10.51,11.06,1545545,89466,5.8,0,0,0.0,1007,474,50,1.03,3.38,2.26,3.53,2464,1
2026-05-16 23:42:03,1.1,9.53,10.33,10.97,1545545,89479,5.8,0,0,0.0,1007,474,50,1.03,3.04,4.55,5.60,2469,9
2026-05-16 23:43:03,3.0,10.64,10.48,10.98,1545545,89476,5.8,0,0,0.0,1007,474,50,1.03,3.28,9.21,10.06,2462,3
2026-05-16 23:44:03,1.2,10.53,10.52,10.96,1545545,89444,5.8,0,0,0.0,1007,474,50,1.03,3.07,6.55,7.65,2465,5
2026-05-16 23:45:04,0.9,11.32,10.76,11.02,1545545,89459,5.8,0,0,0.0,1007,474,50,1.03,3.16,4.87,6.18,2468,2
2026-05-16 23:46:04,1.7,10.60,10.65,10.96,1545545,89472,5.8,0,0,0.0,1007,474,50,1.03,3.32,3.50,4.65,2480,4
2026-05-16 23:47:04,1.3,10.70,10.66,10.94,1545545,89488,5.8,0,0,0.0,1007,474,50,1.03,3.29,8.03,8.70,2483,7
2026-05-16 23:48:05,2.7,9.92,10.43,10.84,1545545,89479,5.8,0,0,0.0,1007,474,50,1.03,3.21,1.70,3.13,2479,11
2026-05-16 23:49:05,1.5,10.72,10.68,10.91,1545545,89484,5.8,0,0,0.0,1007,474,50,1.03,3.11,11.01,11.99,2471,5
2026-05-16 23:50:05,1.0,10.09,10.50,10.83,1545545,89480,5.8,0,0,0.0,1007,474,50,1.03,3.00,8.77,9.31,2477,2
2026-05-16 23:51:06,2.9,10.11,10.41,10.78,1545545,89507,5.8,0,0,0.0,1007,474,50,1.03,2.86,5.50,6.66,2469,7
2026-05-16 23:52:06,1.2,9.98,10.37,10.75,1545545,89495,5.8,0,0,0.0,1007,474,50,1.03,3.28,2.14,3.84,2478,1
2026-05-16 23:53:06,0.9,11.93,10.92,10.91,1545545,89354,5.8,0,0,0.0,1007,474,50,1.03,3.25,4.46,5.92,2486,1
2026-05-16 23:54:07,2.0,10.30,10.63,10.81,1545545,89387,5.8,0,0,0.0,1007,474,50,1.03,2.96,1.22,2.51,2487,2
2026-05-16 23:55:07,1.0,10.00,10.51,10.76,1545545,89366,5.8,0,0,0.0,1007,474,50,1.03,3.14,0.72,2.11,2474,2
2026-05-16 23:56:07,1.0,9.93,10.36,10.69,1545545,89415,5.8,0,0,0.0,1007,474,50,1.03,3.43,3.85,4.93,2479,2
2026-05-16 23:57:08,2.8,12.10,10.86,10.84,1545545,89433,5.8,0,0,0.0,1007,474,50,1.03,3.12,11.07,12.57,2480,4
2026-05-16 23:58:08,1.1,11.50,10.99,10.89,1545545,89381,5.8,0,0,0.0,1007,474,50,1.03,3.08,6.23,7.91,2474,4
2026-05-16 23:59:08,1.1,10.21,10.73,10.80,1545545,89376,5.8,0,0,0.0,1007,474,50,1.03,3.10,2.49,3.69,2472,1
2026-05-17 00:00:09,1.5,9.62,10.49,10.72,1545545,89381,5.8,0,0,0.0,1007,474,50,1.03,3.19,3.53,4.52,2467,2
2026-05-17 00:01:09,1.0,8.93,10.14,10.58,1545545,89412,5.8,0,0,0.0,1007,474,50,1.05,52.16,2.10,3.28,2464,1
2026-05-17 00:02:09,0.9,9.28,10.03,10.52,1545545,89421,5.8,0,0,0.0,1007,474,50,1.03,3.32,3.78,5.01,2467,2
2026-05-17 00:03:10,1.2,13.06,10.95,10.80,1545545,89423,5.8,0,0,0.0,1007,474,50,1.03,3.20,10.40,12.36,2485,2
2026-05-17 00:04:10,0.9,10.53,10.62,10.70,1545545,89399,5.8,0,0,0.0,1007,474,50,1.03,3.08,1.28,2.62,2487,4
2026-05-17 00:05:10,2.0,10.49,10.56,10.67,1545545,89428,5.8,0,0,0.0,1007,474,50,1.03,3.00,7.93,9.38,2489,3
2026-05-17 00:06:11,0.8,9.85,10.38,10.60,1545545,89426,5.8,0,0,0.0,1007,474,50,1.03,3.33,3.67,4.71,2487,2
2026-05-17 00:07:11,0.9,9.56,10.17,10.51,1545545,89465,5.8,0,0,0.0,1007,474,50,1.03,3.45,4.26,5.39,2482,1
2026-05-17 00:08:11,0.9,9.54,10.04,10.44,1545545,89419,5.8,0,0,0.0,1007,474,50,1.03,3.22,2.98,4.26,2476,2
2026-05-17 00:09:12,0.9,8.86,9.74,10.31,1545545,89428,5.8,0,0,0.0,1007,474,50,1.03,2.46,0.87,2.23,2470,1
2026-05-17 00:10:12,1.0,12.34,10.59,10.57,1545545,89425,5.8,0,0,0.0,1007,474,50,1.03,3.14,9.69,10.44,2462,1
2026-05-17 00:11:12,1.3,10.93,10.50,10.54,1545545,89443,5.8,0,0,0.0,1007,474,50,1.03,3.24,4.29,5.21,2459,3
2026-05-17 00:12:13,2.1,10.03,10.30,10.47,1545545,89475,5.8,0,0,0.0,1007,474,50,1.03,3.24,4.42,5.55,2458,4
2026-05-17 00:13:13,0.9,10.19,10.30,10.45,1545545,89461,5.8,0,0,0.0,1007,474,50,1.03,3.25,9.05,10.22,2460,5
2026-05-17 00:14:13,11.4,11.20,10.53,10.52,1545545,89466,5.8,0,0,0.0,1007,474,50,1.03,2.98,6.60,8.04,2470,5
2026-05-17 00:15:14,0.8,12.65,11.26,10.79,1545545,89462,5.8,0,0,0.0,1007,474,50,1.03,3.15,6.63,8.19,2474,4
2026-05-17 00:16:14,3.4,11.60,11.17,10.79,1545545,89487,5.8,0,0,0.0,1007,474,50,1.03,3.32,7.19,8.33,2478,8
2026-05-17 00:17:14,2.0,10.59,11.01,10.75,1545545,89501,5.8,0,0,0.0,1007,474,50,1.03,3.29,5.62,6.65,2483,2
2026-05-17 00:18:15,0.9,10.15,10.85,10.72,1545545,89471,5.8,0,0,0.0,1007,474,50,1.03,3.00,4.37,5.63,2480,3
2026-05-17 00:19:15,1.0,9.48,10.51,10.61,1545545,89466,5.8,0,0,0.0,1007,474,50,1.03,3.14,0.47,1.87,2478,1
2026-05-17 00:20:15,1.0,10.37,10.60,10.63,1545545,89468,5.8,0,0,0.0,1007,474,50,1.03,3.12,6.17,6.98,2468,4
2026-05-17 00:21:16,1.9,11.20,10.86,10.72,1545545,89516,5.8,0,0,0.0,1007,474,50,1.20,3.14,6.30,7.04,2494,4
2026-05-17 00:22:16,1.2,10.00,10.60,10.64,1545545,89502,5.8,0,0,0.0,1007,474,50,1.03,3.23,2.51,3.87,2483,1
2026-05-17 00:23:16,1.6,9.12,10.25,10.52,1545545,89481,5.8,0,0,0.0,1007,474,50,1.03,3.11,0.52,1.91,2465,2
2026-05-17 00:24:17,2.0,8.91,9.95,10.39,1545545,89516,5.8,0,0,0.0,1007,474,50,1.03,3.15,2.39,3.71,2479,20
2026-05-17 00:25:17,1.0,10.29,10.22,10.46,1545545,89498,5.8,0,0,0.0,1007,474,50,1.03,3.13,10.70,11.31,2480,8
2026-05-17 00:26:17,1.7,9.52,10.01,10.37,1545545,89532,5.8,0,0,0.0,1007,474,50,1.03,3.23,2.28,3.51,2459,2
2026-05-17 00:27:18,1.6,8.97,9.76,10.26,1545545,89399,5.8,0,0,0.0,1007,474,50,1.03,3.26,0.60,2.11,2470,8
2026-05-17 00:28:18,3.2,11.62,10.37,10.44,1545545,89409,5.8,0,0,0.0,1007,474,50,2.07,3.14,8.33,9.43,2474,6
2026-05-17 00:29:18,11.8,11.19,10.43,10.46,1545545,89404,5.8,0,0,0.0,1007,474,50,1.03,3.14,5.51,6.63,2472,22
2026-05-17 00:30:19,0.9,9.94,10.24,10.39,1545545,89393,5.8,0,0,0.0,1007,474,50,1.03,3.25,4.35,5.58,2484,2
2026-05-17 00:31:19,2.0,10.97,10.44,10.44,1545545,89430,5.8,0,0,0.0,1007,474,50,0.00,3.09,7.70,8.32,2488,3
2026-05-17 00:32:19,3.4,12.52,10.96,10.62,1545545,89447,5.8,0,0,0.0,1007,474,50,2.07,3.04,10.58,12.19,2492,8
2026-05-17 00:33:20,1.2,10.68,10.71,10.56,1545545,89411,5.8,0,0,0.0,1007,474,50,1.03,2.97,2.18,3.75,2494,5
2026-05-17 00:34:20,3.3,17.71,12.62,11.22,1545545,89430,5.8,0,0,0.0,1007,474,50,1.03,3.21,9.63,10.57,2486,8
2026-05-17 00:35:20,1.2,17.23,13.71,11.70,1545545,89406,5.8,0,0,0.0,1007,474,50,1.03,3.21,6.72,8.29,2480,1
2026-05-17 00:36:21,1.2,15.92,14.08,11.96,1545545,89439,5.8,0,0,0.0,1007,474,50,1.03,3.05,5.47,7.22,2488,1
2026-05-17 00:37:21,1.2,13.51,13.76,11.98,1545545,89464,5.8,0,0,0.0,1007,474,50,1.03,3.36,2.15,3.58,2477,2
2026-05-17 00:38:21,1.2,15.58,14.19,12.23,1545545,89444,5.8,0,0,0.0,1007,474,50,1.03,3.21,6.69,8.06,2475,5
2026-05-17 00:39:22,1.0,11.43,13.24,12.02,1545545,89430,5.8,0,0,0.0,1007,474,50,1.03,3.10,1.04,2.53,2467,5
2026-05-17 00:40:22,1.0,11.40,12.91,11.98,1545545,89435,5.8,0,0,0.0,1007,474,50,1.03,3.34,6.15,7.05,2481,3
2026-05-17 00:41:22,1.0,9.67,12.15,11.78,1545545,89454,5.8,0,0,0.0,1007,474,50,1.03,3.14,0.75,2.02,2473,2
2026-05-17 00:42:23,1.2,13.42,12.99,12.11,1545545,89484,5.8,0,0,0.0,1007,474,50,1.03,3.27,9.54,10.91,2473,2
2026-05-17 00:43:23,0.8,10.64,12.27,11.91,1545545,89449,5.8,0,0,0.0,1007,474,50,1.03,2.91,0.49,1.89,2472,5
2026-05-17 00:44:23,1.2,9.33,11.60,11.70,1545545,89457,5.8,0,0,0.0,1007,474,50,1.03,3.14,0.58,2.07,2475,4
2026-05-17 00:45:24,1.2,9.76,11.32,11.60,1545545,89431,5.8,0,0,0.0,1007,474,50,1.03,3.37,6.04,7.14,2479,3
2026-05-17 00:46:24,2.9,11.77,11.52,11.64,1545545,89485,5.8,0,0,0.0,1007,474,50,1.03,3.19,8.25,9.39,2489,5
2026-05-17 00:47:24,1.4,11.76,11.82,11.76,1545545,89488,5.8,0,0,0.0,1007,474,50,1.03,3.16,5.34,7.09,2492,3
2026-05-17 00:48:25,1.7,10.34,11.41,11.62,1545545,89488,5.8,0,0,0.0,1007,474,50,1.03,3.26,0.76,2.18,2479,3
2026-05-17 00:49:25,1.1,9.99,11.14,11.51,1545545,89475,5.8,0,0,0.0,1007,474,50,1.03,3.21,1.50,2.94,2484,1
2026-05-17 00:50:25,3.4,11.85,11.32,11.54,1545545,89491,5.8,0,0,0.0,1007,474,50,1.03,3.24,3.83,5.13,2471,6
2026-05-17 00:51:26,1.0,10.98,11.20,11.49,1545545,89495,5.8,0,0,0.0,1007,474,50,1.03,2.95,3.58,4.76,2481,3
2026-05-17 00:52:26,1.0,9.93,10.86,11.35,1545545,89504,5.8,0,0,0.0,1007,474,50,1.03,3.34,3.06,4.30,2483,3
2026-05-17 00:53:26,1.0,9.51,10.56,11.22,1545545,89475,5.8,0,0,0.0,1007,474,50,1.03,3.16,1.70,2.94,2490,7
2026-05-17 00:54:27,1.1,9.66,10.43,11.13,1545545,89492,5.8,0,0,0.0,1007,474,50,1.03,3.16,2.98,4.24,2491,3
2026-05-17 00:55:27,1.0,9.67,10.29,11.04,1545545,89507,5.8,0,0,0.0,1007,474,50,1.03,2.93,3.25,4.59,2494,2
2026-05-17 00:56:27,1.0,10.22,10.32,11.00,1545545,89522,5.8,0,0,0.0,1007,474,50,1.03,3.25,6.77,7.39,2478,4
2026-05-17 00:57:28,1.0,10.19,10.28,10.94,1545545,89540,5.8,0,0,0.0,1007,474,50,1.03,3.23,1.46,2.75,2471,2
2026-05-17 00:58:28,1.0,9.50,10.06,10.82,1545545,89510,5.8,0,0,0.0,1007,474,50,1.03,3.04,0.89,2.38,2487,1
2026-05-17 00:59:28,1.8,10.62,10.25,10.84,1545545,89531,5.8,0,0,0.0,1007,474,50,1.03,3.20,7.60,8.55,2478,2
2026-05-17 01:00:29,0.9,9.87,10.11,10.75,1545545,89520,5.8,0,0,0.0,1007,474,50,1.03,3.38,1.81,3.10,2486,2
2026-05-17 01:01:29,2.0,13.69,10.97,11.00,1545545,89431,5.8,0,0,0.0,1007,474,50,1.03,49.43,8.87,10.24,2478,2
2026-05-17 01:02:29,3.3,10.90,10.68,10.90,1545545,89450,5.8,0,0,0.0,1007,474,50,1.03,3.32,3.23,4.42,2493,10
2026-05-17 01:03:30,3.1,12.66,11.21,11.06,1545545,89410,5.8,0,0,0.0,1007,474,50,1.03,3.24,12.08,13.24,2482,6
2026-05-17 01:04:30,2.8,10.80,10.93,10.97,1545545,89424,5.8,0,0,0.0,1007,474,50,1.03,3.07,6.15,7.36,2479,3
2026-05-17 01:05:30,1.4,11.98,11.15,11.04,1545545,89431,5.8,0,0,0.0,1007,474,50,1.03,3.18,4.44,5.92,2496,2
2026-05-17 01:06:31,0.9,10.30,10.80,10.92,1545545,89418,5.8,0,0,0.0,1007,474,50,1.03,3.21,1.42,2.66,2489,3
2026-05-17 01:07:31,0.9,9.63,10.55,10.83,1545545,89438,5.8,0,0,0.0,1007,474,50,1.03,3.48,0.97,2.38,2479,4
2026-05-17 01:08:31,1.8,9.76,10.43,10.77,1545545,89427,5.8,0,0,0.0,1007,474,50,1.03,3.07,7.64,8.34,2492,14
2026-05-17 01:09:32,0.9,9.74,10.32,10.71,1545545,89414,5.8,0,0,0.0,1007,474,50,1.03,3.03,8.34,8.97,2491,2
2026-05-17 01:10:32,1.6,9.36,10.07,10.60,1545545,89469,5.8,0,0,0.0,1007,474,50,1.03,2.98,1.31,2.78,2485,8
2026-05-17 01:11:32,1.1,10.66,10.40,10.69,1545545,89447,5.8,0,0,0.0,1007,474,50,1.03,3.17,6.82,8.31,2493,6
2026-05-17 01:12:33,1.1,17.12,12.49,11.40,1545545,89456,5.8,0,0,0.0,1007,474,50,1.03,3.11,0.59,1.91,2492,3
2026-05-17 01:13:33,1.0,12.11,11.87,11.25,1545545,89432,5.8,0,0,0.0,1007,474,50,1.03,3.10,3.71,5.01,2468,3
2026-05-17 01:14:33,2.1,11.03,11.60,11.19,1545545,89461,5.8,0,0,0.0,1007,474,50,1.03,3.20,6.76,7.62,2484,13
2026-05-17 01:15:34,1.6,11.43,11.63,11.23,1545545,89441,5.8,0,0,0.0,1007,474,50,1.03,3.35,11.04,12.02,2470,4
2026-05-17 01:16:34,1.7,10.38,11.28,11.13,1545545,89477,5.8,0,0,0.0,1007,474,50,1.03,3.11,4.37,5.37,2480,3
2026-05-17 01:17:34,3.9,11.05,11.24,11.12,1545545,89491,5.8,0,0,0.0,1007,474,50,1.03,3.15,6.15,6.99,2499,6
2026-05-17 01:18:35,1.0,11.24,11.42,11.20,1545545,89444,5.8,0,0,0.0,1007,474,50,1.03,3.11,1.82,3.46,2497,2
2026-05-17 01:19:35,0.9,11.21,11.26,11.15,1545545,89454,5.8,0,0,0.0,1007,474,50,1.03,3.09,1.30,2.65,2482,1
2026-05-17 01:20:36,1.9,10.02,10.88,11.02,1545545,89485,5.8,0,0,0.0,1007,474,50,1.03,3.20,2.19,3.56,2492,2
2026-05-17 01:21:36,1.0,9.51,10.58,10.91,1545545,89510,5.8,0,0,0.0,1007,474,50,1.03,3.23,6.14,6.96,2480,8
2026-05-17 01:22:36,1.7,9.75,10.43,10.84,1545545,89512,5.8,0,0,0.0,1007,474,50,1.03,3.04,6.17,7.06,2463,3
2026-05-17 01:23:37,1.0,9.86,10.34,10.78,1545545,89481,5.8,0,0,0.0,1007,474,50,1.03,3.27,3.79,4.96,2468,6
2026-05-17 01:24:37,0.9,9.26,10.08,10.66,1545545,89474,5.8,0,0,0.0,1007,474,50,1.03,2.99,0.49,1.97,2479,3
2026-05-17 01:25:37,0.9,9.08,9.88,10.55,1545545,89502,5.8,0,0,0.0,1007,474,50,1.03,3.37,0.63,2.14,2477,3
2026-05-17 01:26:38,0.9,9.32,9.79,10.48,1545545,89508,5.8,0,0,0.0,1007,474,50,1.03,3.09,1.83,3.05,2462,1
2026-05-17 01:27:38,1.7,9.13,9.64,10.38,1545545,89494,5.8,0,0,0.0,1007,474,50,1.03,3.20,2.59,3.70,2470,2
2026-05-17 01:28:38,1.1,10.34,9.86,10.41,1545545,89486,5.8,0,0,0.0,1007,474,50,1.03,2.64,5.96,7.54,2472,6
2026-05-17 01:29:39,8.2,10.53,10.04,10.44,1545545,89488,5.8,0,0,0.0,1007,474,50,1.03,3.06,4.45,5.69,2466,4
2026-05-17 01:30:39,0.7,11.68,10.55,10.59,1545545,89509,5.8,0,0,0.0,1007,474,50,1.03,3.31,7.66,8.76,2473,4
2026-05-17 01:31:39,2.9,10.96,10.49,10.56,1545545,89539,5.8,0,0,0.0,1007,474,50,1.03,3.09,8.44,9.47,2472,5
2026-05-17 01:32:40,1.7,10.37,10.39,10.52,1545545,89514,5.8,0,0,0.0,1007,474,50,1.03,3.03,3.68,5.13,2471,4
2026-05-17 01:33:40,2.0,10.39,10.38,10.51,1545545,89520,5.8,0,0,0.0,1007,474,50,1.03,3.18,7.25,8.10,2474,3
2026-05-17 01:34:40,2.0,10.75,10.54,10.56,1545545,89385,5.8,0,0,0.0,1007,474,50,1.03,3.10,5.81,6.67,2472,2
2026-05-17 01:35:41,0.9,9.70,10.26,10.46,1545545,89410,5.8,0,0,0.0,1007,474,50,1.03,3.32,1.78,3.18,2466,5
2026-05-17 01:36:41,1.8,10.91,10.45,10.51,1545545,89433,5.8,0,0,0.0,1007,474,50,1.03,3.06,5.35,6.18,2471,2
2026-05-17 01:37:41,0.9,11.24,10.67,10.58,1545545,89420,5.8,0,0,0.0,1007,474,50,1.03,3.08,10.44,11.36,2472,3
2026-05-17 01:38:42,0.9,10.51,10.55,10.55,1545545,89392,5.8,0,0,0.0,1007,474,50,1.03,3.12,2.99,4.28,2463,4
2026-05-17 01:39:42,2.7,11.04,10.67,10.59,1545545,89426,5.8,0,0,0.0,1007,474,50,1.03,3.16,9.02,10.25,2488,4
2026-05-17 01:40:42,1.7,11.09,10.69,10.59,1545545,89441,5.8,0,0,0.0,1007,474,50,1.03,3.13,6.59,7.66,2470,7
2026-05-17 01:41:43,2.3,10.16,10.49,10.53,1545545,89445,5.8,0,0,0.0,1007,474,50,1.03,3.23,1.45,2.69,2475,7
2026-05-17 01:42:43,0.9,10.25,10.42,10.50,1545545,89423,5.8,0,0,0.0,1007,474,50,1.03,3.10,5.05,5.99,2474,2
2026-05-17 01:43:43,1.1,10.33,10.40,10.48,1545545,89413,5.8,0,0,0.0,1007,474,50,1.03,3.00,5.89,7.61,2483,2
2026-05-17 01:44:44,3.2,10.98,10.50,10.51,1545545,89446,5.8,0,0,0.0,1007,474,50,1.03,3.05,7.27,8.19,2466,5
2026-05-17 01:45:44,0.8,10.12,10.41,10.48,1545545,89454,5.8,0,0,0.0,1007,474,50,1.03,3.50,6.77,7.90,2482,4
2026-05-17 01:46:44,1.8,9.22,10.09,10.37,1545545,89455,5.8,0,0,0.0,1007,474,50,1.03,3.30,1.11,2.50,2484,4
2026-05-17 01:47:45,3.8,9.75,10.07,10.34,1545545,89472,5.8,0,0,0.0,1007,474,50,1.03,2.67,8.49,9.22,2478,7
2026-05-17 01:48:45,2.0,9.85,10.05,10.32,1545545,89455,5.8,0,0,0.0,1007,474,50,1.03,3.09,2.85,4.14,2476,4
2026-05-17 01:49:45,1.2,10.08,10.12,10.33,1545545,89440,5.8,0,0,0.0,1007,474,50,1.03,3.07,2.59,3.76,2482,1
2026-05-17 01:50:46,1.1,10.58,10.26,10.37,1545545,89473,5.8,0,0,0.0,1007,474,50,1.03,3.31,3.41,4.62,2482,3
2026-05-17 01:51:46,1.8,12.72,10.90,10.57,1545545,89511,5.8,0,0,0.0,1007,474,50,1.03,2.98,11.36,13.15,2488,2
2026-05-17 01:52:46,1.9,10.58,10.60,10.49,1545545,89470,5.8,0,0,0.0,1007,474,50,1.03,3.08,5.37,6.21,2499,2
2026-05-17 01:53:47,1.1,12.40,11.27,10.74,1545545,89473,5.8,0,0,0.0,1007,474,50,1.03,3.18,3.63,4.85,2488,2
2026-05-17 01:54:47,1.3,10.79,11.04,10.69,1545545,89495,5.8,0,0,0.0,1007,474,50,1.03,3.01,5.29,6.33,2490,3
2026-05-17 01:55:47,3.1,10.86,10.97,10.69,1545545,89548,5.8,0,0,0.0,1007,474,50,1.03,3.34,7.39,8.39,2484,10
2026-05-17 01:56:48,2.9,10.52,10.88,10.68,1545545,89562,5.8,0,0,0.0,1007,474,50,1.03,3.31,4.58,6.01,2475,6
2026-05-17 01:57:48,1.9,11.11,10.95,10.71,1545545,89532,5.8,0,0,0.0,1007,474,50,1.03,3.06,6.10,7.62,2470,3
2026-05-17 01:58:48,3.5,11.09,11.09,10.79,1545545,89497,5.8,0,0,0.0,1007,474,50,1.03,3.10,2.98,4.19,2493,21
2026-05-17 01:59:49,1.2,10.06,10.81,10.71,1545545,89505,5.8,0,0,0.0,1007,474,50,1.03,3.20,2.59,3.82,2481,2
2026-05-17 02:00:49,1.9,9.41,10.51,10.61,1545545,89522,5.8,0,0,0.0,1007,474,50,1.03,3.36,1.01,2.40,2481,2
2026-05-17 02:01:49,1.0,9.70,10.41,10.57,1545545,89530,5.8,0,0,0.0,1007,474,50,1.03,49.48,5.10,6.53,2484,2
2026-05-17 02:02:50,2.8,10.97,10.54,10.60,1545545,89526,5.8,0,0,0.0,1007,474,50,1.03,3.14,4.13,5.47,2475,5
2026-05-17 02:03:50,2.8,10.98,10.69,10.65,1545545,89527,5.8,0,0,0.0,1007,474,50,1.03,3.23,4.09,5.71,2468,7
2026-05-17 02:04:50,3.3,11.33,10.79,10.68,1545545,89523,5.8,0,0,0.0,1007,474,50,1.03,3.10,9.07,9.94,2469,6
2026-05-17 02:05:51,0.9,10.41,10.64,10.64,1545545,89545,5.8,0,0,0.0,1007,474,50,1.03,2.84,3.79,4.83,2466,1
2026-05-17 02:06:51,0.9,9.19,10.24,10.50,1545545,89536,5.8,0,0,0.0,1007,474,50,1.03,3.27,0.57,2.09,2469,1
2026-05-17 02:07:51,2.9,14.49,11.32,10.84,1545545,89538,5.8,0,0,0.0,1007,474,50,1.03,3.36,8.49,10.28,2476,6
2026-05-17 02:08:52,1.2,11.76,11.22,10.84,1545545,89398,5.8,0,0,0.0,1007,474,50,1.03,3.11,5.34,6.27,2476,1
2026-05-17 02:09:52,0.8,10.13,10.85,10.74,1545545,89398,5.8,0,0,0.0,1007,474,50,1.03,3.11,0.59,2.19,2482,2
2026-05-17 02:10:52,1.2,9.49,10.56,10.64,1545545,89426,5.8,0,0,0.0,1007,474,50,1.03,3.05,0.65,1.96,2488,2
2026-05-17 02:11:53,1.0,9.45,10.37,10.57,1545545,89445,5.8,0,0,0.0,1007,474,50,1.03,3.25,0.57,2.13,2486,4
2026-05-17 02:12:53,2.8,10.32,10.39,10.57,1545545,89432,5.8,0,0,0.0,1007,474,50,1.03,3.12,7.85,8.66,2479,5
2026-05-17 02:13:53,3.0,11.76,10.84,10.71,1545545,89432,5.8,0,0,0.0,1007,474,50,1.03,3.02,6.81,8.35,2469,6
2026-05-17 02:14:54,2.2,11.97,11.14,10.83,1545545,89443,5.8,0,0,0.0,1007,474,50,1.03,3.21,10.23,12.63,2468,2
2026-05-17 02:15:54,1.0,10.76,10.96,10.79,1545545,89452,5.8,0,0,0.0,1007,474,50,1.03,3.27,9.85,10.28,2468,5
2026-05-17 02:16:54,1.7,11.50,11.01,10.81,1545545,89443,5.8,0,0,0.0,1007,474,50,1.03,3.15,0.77,2.27,2469,6
2026-05-17 02:17:55,1.3,13.51,11.85,11.12,1545545,89438,5.8,0,0,0.0,1007,474,50,1.03,3.24,8.32,10.16,2477,1
2026-05-17 02:18:55,1.0,12.82,12.07,11.25,1545545,89442,5.8,0,0,0.0,1007,474,50,1.03,3.04,4.13,5.07,2490,1
2026-05-17 02:19:55,0.9,12.86,12.24,11.35,1545545,89432,5.8,0,0,0.0,1007,474,50,1.03,3.07,1.40,2.88,2490,2
2026-05-17 02:20:56,1.0,14.95,13.22,11.76,1545545,89451,5.8,0,0,0.0,1007,474,50,1.03,3.23,8.13,9.66,2484,2
2026-05-17 02:21:56,2.1,12.12,12.65,11.65,1545545,89481,5.8,0,0,0.0,1007,474,50,1.03,3.23,3.27,4.48,2481,2
2026-05-17 02:22:56,1.2,11.25,12.27,11.58,1545545,89444,5.8,0,0,0.0,1007,474,50,1.03,3.09,5.19,6.07,2480,6
2026-05-17 02:23:57,0.9,10.18,11.76,11.45,1545545,89445,5.8,0,0,0.0,1007,474,50,1.03,3.02,1.72,2.96,2476,3
2026-05-17 02:24:57,1.0,9.27,11.22,11.28,1545545,89452,5.8,0,0,0.0,1007,474,50,1.03,2.80,1.77,3.30,2465,3
2026-05-17 02:25:57,0.9,9.00,10.79,11.13,1545545,89472,5.8,0,0,0.0,1007,474,50,1.03,3.35,1.02,2.31,2469,4
2026-05-17 02:26:58,2.8,14.35,11.98,11.52,1545545,89505,5.8,0,0,0.0,1007,474,50,1.03,3.15,12.30,13.46,2476,5
2026-05-17 02:27:58,2.8,16.38,13.16,11.96,1545545,89493,5.8,0,0,0.0,1007,474,50,1.03,3.14,12.26,13.36,2480,8
2026-05-17 02:28:58,1.0,12.89,12.77,11.90,1545545,89481,5.8,0,0,0.0,1007,474,50,1.03,2.96,6.16,7.01,2480,4
2026-05-17 02:29:59,0.9,11.02,12.27,11.79,1545545,89485,5.8,0,0,0.0,1007,474,50,1.03,3.16,3.76,4.98,2486,8
2026-05-17 02:30:59,0.9,11.76,12.32,11.84,1545545,89513,5.8,0,0,0.0,1007,474,50,1.03,3.30,5.15,6.47,2484,4
2026-05-17 02:31:59,0.9,10.31,11.81,11.69,1545545,89513,5.8,0,0,0.0,1007,474,50,1.03,3.27,1.77,3.20,2486,6
2026-05-17 02:33:00,0.9,9.52,11.32,11.53,1545545,89499,5.8,0,0,0.0,1007,474,50,1.03,3.02,4.24,5.20,2476,3
2026-05-17 02:34:00,0.8,9.41,10.97,11.40,1545545,89499,5.8,0,0,0.0,1007,474,50,1.03,3.09,1.74,2.95,2475,7
2026-05-17 02:35:00,1.0,9.55,10.73,11.29,1545545,89503,5.8,0,0,0.0,1007,474,50,1.03,3.24,0.95,2.52,2469,4
2026-05-17 02:36:01,0.7,9.69,10.54,11.18,1545545,89515,5.8,0,0,0.0,1007,474,50,1.03,3.37,3.31,4.41,2473,5
2026-05-17 02:37:01,1.0,9.46,10.32,11.06,1545545,89529,5.8,0,0,0.0,1007,474,50,1.03,3.25,1.42,2.85,2470,2
2026-05-17 02:38:01,2.4,10.24,10.37,11.03,1545545,89522,5.8,0,0,0.0,1007,474,50,1.03,3.07,10.22,10.55,2463,5
2026-05-17 02:39:02,0.9,9.76,10.25,10.95,1545545,89510,5.8,0,0,0.0,1007,474,50,1.03,3.14,4.62,5.58,2471,6
2026-05-17 02:40:02,0.9,9.38,10.06,10.84,1545545,89520,5.8,0,0,0.0,1007,474,50,1.03,3.06,0.57,2.21,2473,2
2026-05-17 02:41:02,0.9,10.82,10.40,10.91,1545545,89547,5.8,0,0,0.0,1007,474,50,1.03,3.24,6.97,8.80,2476,8
2026-05-17 02:42:03,0.9,14.15,11.44,11.24,1545545,89560,5.8,0,0,0.0,1007,474,50,1.03,3.18,9.80,11.43,2479,5
2026-05-17 02:43:03,1.9,11.05,11.06,11.12,1545545,89440,5.8,0,0,0.0,1007,474,50,1.03,3.00,1.50,2.75,2469,2
2026-05-17 02:44:03,1.8,14.88,12.40,11.59,1545545,89438,5.8,0,0,0.0,1007,474,50,1.03,3.12,4.15,5.13,2477,3
2026-05-17 02:45:04,3.1,11.81,11.96,11.49,1545545,89417,5.8,0,0,0.0,1007,474,50,1.03,3.15,7.68,8.59,2476,11
2026-05-17 02:46:04,0.9,11.75,11.94,11.52,1545545,89457,5.8,0,0,0.0,1007,474,50,1.03,3.37,11.03,12.13,2475,2
2026-05-17 02:47:04,2.2,10.50,11.54,11.41,1545545,89455,5.8,0,0,0.0,1007,474,50,1.03,3.08,4.36,5.53,2474,5
2026-05-17 02:48:05,3.1,13.04,12.16,11.63,1545545,89435,5.8,0,0,0.0,1007,474,50,1.03,2.91,12.43,13.46,2479,6
2026-05-17 02:49:05,0.9,10.55,11.63,11.49,1545545,89419,5.8,0,0,0.0,1007,474,50,1.03,2.98,3.32,4.50,2470,5
2026-05-17 02:50:05,1.9,10.56,11.35,11.39,1545545,89450,5.8,0,0,0.0,1007,474,50,1.03,3.33,2.82,4.05,2463,5
2026-05-17 02:51:06,1.0,11.62,11.53,11.45,1545545,89464,5.8,0,0,0.0,1007,474,50,1.03,3.18,9.96,10.43,2470,1
2026-05-17 02:52:06,1.3,10.12,11.11,11.31,1545545,89471,5.8,0,0,0.0,1007,474,50,1.03,3.23,2.97,4.27,2476,2
2026-05-17 02:53:06,1.7,10.98,11.11,11.29,1545545,89460,5.8,0,0,0.0,1007,474,50,1.03,3.19,8.20,9.00,2482,2
2026-05-17 02:54:07,0.9,10.33,10.90,11.21,1545545,89440,5.8,0,0,0.0,1007,474,50,1.03,2.96,2.05,3.29,2487,4
2026-05-17 02:55:07,1.0,9.93,10.68,11.11,1545545,89441,5.8,0,0,0.0,1007,474,50,1.03,3.12,0.57,2.01,2486,4
2026-05-17 02:56:07,0.8,12.08,11.27,11.29,1545545,89487,5.8,0,0,0.0,1007,474,50,1.03,3.32,2.29,3.60,2477,2
2026-05-17 02:57:08,3.1,10.48,10.92,11.16,1545545,89509,5.8,0,0,0.0,1007,474,50,1.03,3.32,4.39,5.69,2477,3
2026-05-17 02:58:08,1.0,10.22,10.76,11.09,1545545,89465,5.8,0,0,0.0,1007,474,50,1.03,3.04,9.86,10.41,2477,5
2026-05-17 02:59:08,1.7,9.76,10.53,10.99,1545545,89489,5.8,0,0,0.0,1007,474,50,1.03,3.11,2.54,3.67,2476,3
2026-05-17 03:00:09,1.1,10.44,10.57,10.98,1545545,89454,5.8,0,0,0.0,1007,474,50,1.03,3.24,3.73,4.83,2480,2
2026-05-17 03:01:09,1.0,9.89,10.42,10.90,1545545,89488,5.8,0,0,0.0,1007,474,50,1.03,49.44,2.64,3.94,2475,2
2026-05-17 03:02:09,2.0,11.78,10.68,10.95,1545545,89520,5.8,0,0,0.0,1007,474,50,1.03,3.24,5.70,7.05,2472,2
2026-05-17 03:03:10,0.9,10.32,10.51,10.88,1545545,89503,5.8,0,0,0.0,1007,474,50,1.03,3.05,1.21,2.60,2474,1
2026-05-17 03:04:10,1.8,11.17,10.69,10.91,1545545,89523,5.8,0,0,0.0,1007,474,50,1.03,3.17,10.98,11.18,2481,14
2026-05-17 03:05:10,1.0,10.24,10.55,10.85,1545545,89508,5.8,0,0,0.0,1007,474,50,1.03,3.09,4.77,6.31,2472,5
2026-05-17 03:06:11,1.0,9.96,10.41,10.78,1545545,89533,5.8,0,0,0.0,1007,474,50,1.03,2.89,5.02,6.10,2474,2
2026-05-17 03:07:11,1.8,10.11,10.35,10.74,1545545,89574,5.8,0,0,0.0,1007,474,50,1.03,3.32,4.93,6.04,2479,5
2026-05-17 03:08:11,2.5,9.38,10.10,10.63,1545545,89520,5.8,0,0,0.0,1007,474,50,1.03,3.42,2.54,3.79,2462,2
2026-05-17 03:09:12,1.8,10.24,10.17,10.61,1545545,89522,5.8,0,0,0.0,1007,474,50,1.03,2.97,5.50,6.79,2470,4
2026-05-17 03:10:12,2.0,11.90,10.67,10.76,1545545,89521,5.8,0,0,0.0,1007,474,50,1.03,3.06,7.08,7.83,2475,8
2026-05-17 03:11:12,1.9,10.72,10.56,10.71,1545545,89566,5.8,0,0,0.0,1007,474,50,1.03,3.37,7.26,8.40,2477,2
2026-05-17 03:12:13,2.0,11.12,10.72,10.76,1545545,89577,5.8,0,0,0.0,1007,474,50,1.03,3.20,8.48,10.13,2478,6
2026-05-17 03:13:13,1.7,12.18,10.97,10.84,1545545,89543,5.8,0,0,0.0,1007,474,50,1.03,3.05,3.98,5.08,2485,5
2026-05-17 03:14:13,3.1,13.58,11.48,11.01,1545545,89555,5.8,0,0,0.0,1007,474,50,1.03,3.05,10.08,11.09,2480,8
2026-05-17 03:15:14,2.1,12.22,11.51,11.06,1545545,89549,5.8,0,0,0.0,1007,474,50,1.03,3.20,9.29,9.91,2486,2
2026-05-17 03:16:14,1.0,11.06,11.33,11.02,1545545,89545,5.8,0,0,0.0,1007,474,50,1.03,3.19,7.21,8.20,2468,7
2026-05-17 03:17:14,2.1,10.16,11.04,10.94,1545545,89463,5.8,0,0,0.0,1007,474,50,1.03,3.28,6.02,6.89,2477,4
2026-05-17 03:18:15,3.4,9.77,10.78,10.86,1545545,89428,5.8,0,0,0.0,1007,474,50,1.03,3.27,8.05,8.78,2480,3
2026-05-17 03:19:15,2.0,10.76,10.92,10.91,1545545,89427,5.8,0,0,0.0,1007,474,50,1.03,3.16,8.22,9.20,2477,3
2026-05-17 03:20:15,1.1,9.62,10.56,10.78,1545545,89414,5.8,0,0,0.0,1007,474,50,1.03,2.89,1.03,2.36,2480,8
2026-05-17 03:21:16,1.8,10.49,10.58,10.77,1545545,89457,5.8,0,0,0.0,1007,474,50,1.03,3.35,6.54,8.14,2486,2
2026-05-17 03:22:16,2.2,11.49,10.84,10.85,1545545,89464,5.8,0,0,0.0,1007,474,50,1.03,3.24,9.94,11.33,2478,2
2026-05-17 03:23:16,2.7,11.25,10.89,10.87,1545545,89452,5.8,0,0,0.0,1007,474,50,1.03,3.31,7.42,8.62,2468,5
2026-05-17 03:24:17,1.3,10.45,10.76,10.82,1545545,89444,5.8,0,0,0.0,1007,474,50,1.03,2.93,1.64,3.05,2471,6
2026-05-17 03:25:17,1.1,9.44,10.39,10.69,1545545,89460,5.8,0,0,0.0,1007,474,50,1.03,3.30,0.92,2.35,2463,3
2026-05-17 03:26:17,1.1,10.10,10.48,10.71,1545545,89482,5.8,0,0,0.0,1007,474,50,1.03,3.30,9.04,9.80,2480,4
2026-05-17 03:27:18,1.9,9.46,10.21,10.60,1545545,89508,5.8,0,0,0.0,1007,474,50,1.03,3.02,1.35,2.68,2471,4
2026-05-17 03:28:18,1.2,9.51,10.11,10.54,1545545,89462,5.8,0,0,0.0,1007,474,50,2.07,3.21,0.62,2.11,2478,6
2026-05-17 03:29:18,2.1,9.04,9.87,10.43,1545545,89484,5.8,0,0,0.0,1007,474,50,1.03,3.18,1.39,2.67,2478,1
2026-05-17 03:30:19,1.1,9.97,9.99,10.43,1545545,89465,5.8,0,0,0.0,1007,474,50,1.03,3.14,2.96,4.11,2470,7
2026-05-17 03:31:19,1.1,9.35,9.79,10.33,1545545,89492,5.8,0,0,0.0,1007,474,50,1.03,3.06,3.28,4.59,2473,4
2026-05-17 03:32:19,1.8,9.58,9.81,10.31,1545545,89526,5.8,0,0,0.0,1007,474,50,0.00,3.18,7.32,8.14,2470,3
2026-05-17 03:33:20,1.2,9.87,9.88,10.30,1545545,89486,5.8,0,0,0.0,1007,474,50,2.07,3.00,4.19,5.67,2475,6
2026-05-17 03:34:20,1.1,9.93,9.86,10.27,1545545,89477,5.8,0,0,0.0,1007,474,50,1.03,3.03,0.62,1.76,2474,2
2026-05-17 03:35:20,2.0,9.99,9.87,10.24,1545545,89506,5.8,0,0,0.0,1007,474,50,1.03,3.17,6.53,7.51,2481,5
2026-05-17 03:36:21,0.9,9.09,9.63,10.13,1545545,89517,5.8,0,0,0.0,1007,474,50,1.03,3.42,0.57,2.06,2475,4
2026-05-17 03:37:21,1.7,8.75,9.44,10.03,1545545,89560,5.8,0,0,0.0,1007,474,50,1.03,3.25,1.09,2.51,2480,2
2026-05-17 03:38:21,1.0,9.10,9.44,10.00,1545545,89523,5.8,0,0,0.0,1007,474,50,1.03,3.43,4.88,5.95,2475,1
2026-05-17 03:39:22,1.9,10.73,9.91,10.13,1545545,89541,5.8,0,0,0.0,1007,474,50,1.03,2.89,6.39,7.80,2480,4
2026-05-17 03:40:22,0.9,10.20,9.99,10.15,1545545,89513,5.8,0,0,0.0,1007,474,50,1.03,3.26,2.20,3.43,2479,1
2026-05-17 03:41:22,1.2,9.40,9.81,10.07,1545545,89571,5.8,0,0,0.0,1007,474,50,1.03,3.11,1.77,3.04,2485,1
2026-05-17 03:42:23,1.3,9.22,9.66,10.00,1545545,89560,5.8,0,0,0.0,1007,474,50,1.03,3.25,0.60,2.11,2481,1
2026-05-17 03:43:23,1.2,10.06,9.82,10.03,1545545,89532,5.8,0,0,0.0,1007,474,50,1.03,3.06,3.78,5.01,2481,2
2026-05-17 03:44:23,1.0,9.74,9.76,9.99,1545545,89541,5.8,0,0,0.0,1007,474,50,1.03,3.18,0.99,2.28,2479,2
2026-05-17 03:45:24,2.7,9.37,9.67,9.95,1545545,89547,5.8,0,0,0.0,1007,474,50,1.03,3.24,0.61,1.99,2472,5
2026-05-17 03:46:24,0.8,9.88,9.82,9.99,1545545,89580,5.8,0,0,0.0,1007,474,50,1.03,5.16,7.72,9.18,2471,5
2026-05-17 03:47:24,2.0,10.60,9.96,10.02,1545545,89640,5.8,0,0,0.0,1007,474,50,1.03,3.51,6.45,7.82,2478,9
2026-05-17 03:48:25,1.1,10.55,10.16,10.09,1545545,89561,5.8,0,0,0.0,1007,474,50,1.03,2.89,5.68,6.62,2482,4
2026-05-17 03:49:25,1.5,10.31,10.14,10.09,1545545,89577,5.8,0,0,0.0,1007,474,50,1.03,3.14,2.70,3.93,2482,11
2026-05-17 03:50:25,2.2,10.38,10.14,10.09,1545545,89560,5.8,0,0,0.0,1007,474,50,1.03,3.07,4.38,5.60,2508,5
2026-05-17 03:51:26,1.1,9.80,9.98,10.03,1545545,89448,5.8,0,0,0.0,1007,474,50,1.03,3.27,2.96,4.08,2514,5
2026-05-17 03:52:26,1.3,9.38,9.83,9.98,1545545,89464,5.8,0,0,0.0,1007,474,50,1.03,3.19,1.39,2.83,2499,2
2026-05-17 03:53:26,1.2,8.82,9.58,9.88,1545545,89434,5.8,0,0,0.0,1007,474,50,1.03,3.04,0.52,1.88,2490,9
2026-05-17 03:54:27,0.8,9.18,9.53,9.84,1545545,89445,5.8,0,0,0.0,1007,474,50,1.03,3.27,0.94,2.45,2490,1
2026-05-17 03:55:27,3.1,10.09,9.73,9.89,1545545,89465,5.8,0,0,0.0,1007,474,50,1.03,3.21,6.75,7.61,2465,16
2026-05-17 03:56:27,1.0,12.63,10.62,10.20,1545545,89476,5.8,0,0,0.0,1007,474,50,1.03,3.23,8.73,9.72,2475,3
2026-05-17 03:57:28,1.1,12.61,10.82,10.28,1545545,89506,5.8,0,0,0.0,1007,474,50,1.03,2.96,6.54,7.65,2476,2
2026-05-17 03:58:28,1.8,10.14,10.45,10.19,1545545,89486,5.8,0,0,0.0,1007,474,50,1.03,3.22,2.66,3.84,2468,8
2026-05-17 03:59:28,2.2,10.37,10.43,10.20,1545545,89489,5.8,0,0,0.0,1007,474,50,1.03,3.18,6.28,7.51,2477,2
2026-05-17 04:00:29,10.5,13.82,11.13,10.44,1545545,89499,5.8,0,0,0.0,1007,474,50,1.03,3.24,7.65,8.29,2477,5
2026-05-17 04:01:29,1.3,14.46,11.77,10.70,1545545,89504,5.8,0,0,0.0,1007,474,50,1.03,51.96,7.36,8.52,2459,6
2026-05-17 04:02:29,1.0,14.01,12.06,10.86,1545545,89514,5.8,0,0,0.0,1007,474,50,1.03,3.23,1.82,3.20,2469,2
2026-05-17 04:03:30,3.1,16.23,12.82,11.18,1545545,89500,5.8,0,0,0.0,1007,474,50,1.03,3.21,4.19,5.38,2484,7
2026-05-17 04:04:30,2.2,17.93,13.98,11.69,1545545,89467,5.8,0,0,0.0,1007,474,50,1.03,3.03,7.62,8.58,2495,2
2026-05-17 04:05:30,3.0,17.31,14.37,11.96,1545545,89524,5.8,0,0,0.0,1007,474,50,1.03,3.22,5.35,6.69,2501,7
2026-05-17 04:06:31,0.9,12.91,13.66,11.86,1545545,89494,5.8,0,0,0.0,1007,474,50,1.03,3.18,2.28,3.79,2496,2
2026-05-17 04:07:31,1.0,10.28,12.75,11.66,1545545,89513,5.8,0,0,0.0,1007,474,50,1.03,3.30,0.58,2.09,2484,1
2026-05-17 04:08:31,0.9,9.47,12.07,11.49,1545545,89488,5.8,0,0,0.0,1007,474,50,1.03,2.80,1.36,2.64,2497,5
2026-05-17 04:09:32,1.1,9.35,11.56,11.35,1545545,89484,5.8,0,0,0.0,1007,474,50,1.05,3.25,2.97,4.28,2480,2
2026-05-17 04:10:32,2.4,13.69,12.54,11.71,1545545,89541,5.8,0,0,0.0,1007,474,50,1.03,3.25,11.13,12.34,2469,4
2026-05-17 04:11:32,1.0,12.98,12.58,11.78,1545545,89532,5.8,0,0,0.0,1007,474,50,1.03,3.07,1.38,2.62,2475,4
2026-05-17 04:12:33,1.1,11.54,12.36,11.76,1545545,89547,5.8,0,0,0.0,1007,474,50,1.03,3.07,5.71,6.99,2485,3
2026-05-17 04:13:33,0.9,10.15,11.81,11.60,1545545,89526,5.8,0,0,0.0,1007,474,50,1.03,3.20,3.36,4.43,2483,3
2026-05-17 04:14:33,1.2,9.35,11.28,11.43,1545545,89515,5.8,0,0,0.0,1007,474,50,1.03,3.23,0.58,2.11,2483,2
2026-05-17 04:15:34,8.7,11.58,11.57,11.52,1545545,89576,5.8,0,0,0.0,1007,474,50,1.03,3.40,10.92,11.65,2492,5
2026-05-17 04:16:34,3.0,13.59,12.07,11.69,1545545,89575,5.8,0,0,0.0,1007,474,50,1.03,2.91,6.80,8.27,2487,6
2026-05-17 04:17:34,1.4,12.06,11.99,11.69,1545545,89536,5.8,0,0,0.0,1007,474,50,1.03,3.31,1.92,3.49,2475,4
2026-05-17 04:18:35,0.9,12.01,11.99,11.71,1545545,89552,5.8,0,0,0.0,1007,474,50,1.03,3.14,6.91,8.68,2483,4
2026-05-17 04:19:35,1.0,11.31,11.81,11.66,1545545,89543,5.8,0,0,0.0,1007,474,50,1.03,3.19,4.65,5.74,2474,4
2026-05-17 04:20:35,1.1,13.18,12.27,11.84,1545545,89575,5.8,0,0,0.0,1007,474,50,1.03,3.20,8.84,9.82,2474,6
2026-05-17 04:21:36,1.1,12.11,12.12,11.81,1545545,89576,5.8,0,0,0.0,1007,474,50,1.03,3.12,5.23,6.43,2484,5
2026-05-17 04:22:36,1.4,10.52,11.66,11.67,1545545,89578,5.8,0,0,0.0,1007,474,50,1.03,3.36,2.52,3.99,2486,6
2026-05-17 04:23:36,3.0,13.45,12.25,11.87,1545545,89596,5.8,0,0,0.0,1007,474,50,1.03,3.02,10.04,11.45,2480,7
2026-05-17 04:24:37,0.9,12.18,12.11,11.85,1545545,89569,5.8,0,0,0.0,1007,474,50,1.03,3.13,5.44,6.89,2483,6
2026-05-17 04:25:37,1.2,13.52,12.49,11.99,1545545,89474,5.8,0,0,0.0,1007,474,50,1.03,3.36,9.88,11.12,2480,1
2026-05-17 04:26:37,1.1,16.69,13.52,12.37,1545545,89466,5.8,0,0,0.0,1007,474,50,1.03,3.01,5.37,6.50,2484,3
2026-05-17 04:27:38,0.8,18.26,14.25,12.67,1545545,89477,5.8,0,0,0.0,1007,474,50,1.03,3.17,3.76,4.83,2498,3
2026-05-17 04:28:38,1.8,14.48,13.89,12.65,1545545,89482,5.8,0,0,0.0,1007,474,50,1.03,3.16,8.56,9.71,2494,3
2026-05-17 04:29:38,1.3,11.93,13.27,12.51,1545545,89460,5.8,0,0,0.0,1007,474,50,1.03,3.24,2.39,3.77,2489,2
2026-05-17 04:30:39,0.9,11.45,12.94,12.45,1545545,89481,5.8,0,0,0.0,1007,474,50,1.03,3.14,3.78,4.78,2489,8
2026-05-17 04:31:39,1.0,10.73,12.47,12.31,1545545,89509,5.8,0,0,0.0,1007,474,50,1.03,3.04,6.58,7.44,2477,9
2026-05-17 04:32:39,0.8,9.83,11.89,12.12,1545545,89484,5.8,0,0,0.0,1007,474,50,1.03,3.14,4.55,5.59,2465,2
2026-05-17 04:33:40,0.9,10.20,11.64,12.02,1545545,89476,5.8,0,0,0.0,1007,474,50,1.03,3.27,8.57,9.21,2466,2
2026-05-17 04:34:40,1.1,9.16,11.04,11.79,1545545,89481,5.8,0,0,0.0,1007,474,50,1.03,2.84,0.57,2.14,2476,4
2026-05-17 04:35:40,2.9,12.94,11.70,11.96,1545545,89526,5.8,0,0,0.0,1007,474,50,1.03,3.21,10.97,12.89,2475,6
2026-05-17 04:36:41,0.9,11.45,11.48,11.87,1545545,89510,5.8,0,0,0.0,1007,474,50,1.03,3.22,6.73,7.62,2469,4
2026-05-17 04:37:41,0.8,9.97,11.06,11.70,1545545,89533,5.8,0,0,0.0,1007,474,50,1.03,3.24,4.92,5.86,2475,1
2026-05-17 04:38:41,2.2,16.65,12.64,12.19,1545545,89508,5.8,0,0,0.0,1007,474,50,1.03,3.19,5.06,6.15,2476,2
2026-05-17 04:39:42,1.0,12.09,12.09,12.03,1545545,89500,5.8,0,0,0.0,1007,474,50,1.03,3.05,6.08,7.05,2475,1
2026-05-17 04:40:42,0.9,10.22,11.52,11.83,1545545,89513,5.8,0,0,0.0,1007,474,50,1.03,3.35,0.60,2.06,2484,3
2026-05-17 04:41:42,1.0,9.55,11.08,11.66,1545545,89524,5.8,0,0,0.0,1007,474,50,1.03,3.00,0.73,2.04,2485,2
2026-05-17 04:42:43,1.2,9.06,10.67,11.49,1545545,89498,5.8,0,0,0.0,1007,474,50,1.03,3.42,2.92,4.09,2487,4
2026-05-17 04:43:43,0.8,8.74,10.29,11.30,1545545,89487,5.8,0,0,0.0,1007,474,50,1.03,3.17,0.58,2.08,2486,1
2026-05-17 04:44:43,1.2,9.64,10.26,11.22,1545545,89525,5.8,0,0,0.0,1007,474,50,1.03,3.38,6.14,7.06,2485,1
2026-05-17 04:45:44,8.5,10.64,10.41,11.21,1545545,89586,5.8,0,0,0.0,1007,474,50,1.03,3.40,9.23,9.97,2477,4
2026-05-17 04:46:44,1.8,10.22,10.39,11.16,1545545,89586,5.8,0,0,0.0,1007,474,50,1.03,3.09,3.30,4.67,2472,6
2026-05-17 04:47:44,2.3,9.72,10.20,11.05,1545545,89556,5.8,0,0,0.0,1007,474,50,1.03,3.54,0.83,2.11,2475,3
2026-05-17 04:48:45,2.8,12.01,10.61,11.12,1545545,89547,5.8,0,0,0.0,1007,474,50,1.03,3.14,7.05,8.47,2474,8
2026-05-17 04:49:45,3.0,11.42,10.72,11.13,1545545,89561,5.8,0,0,0.0,1007,474,50,1.03,3.20,6.16,7.30,2479,4
2026-05-17 04:50:45,1.0,10.94,10.77,11.13,1545545,89574,5.8,0,0,0.0,1007,474,50,1.03,3.25,4.67,6.11,2464,2
2026-05-17 04:51:46,2.9,10.74,10.68,11.07,1545545,89588,5.8,0,0,0.0,1007,474,50,1.03,3.09,5.04,6.56,2470,6
2026-05-17 04:52:46,1.1,10.04,10.53,10.99,1545545,89551,5.8,0,0,0.0,1007,474,50,1.03,3.24,3.65,5.29,2459,3
2026-05-17 04:53:46,1.1,9.09,10.15,10.83,1545545,89549,5.8,0,0,0.0,1007,474,50,1.03,3.14,0.58,2.10,2460,1
2026-05-17 04:54:47,0.8,8.75,9.85,10.68,1545545,89551,5.8,0,0,0.0,1007,474,50,1.03,3.24,1.72,3.00,2457,1
2026-05-17 04:55:47,0.8,9.30,9.83,10.62,1545545,89585,5.8,0,0,0.0,1007,474,50,1.03,3.38,2.55,4.00,2464,2
2026-05-17 04:56:47,0.8,10.18,9.93,10.60,1545545,89602,5.8,0,0,0.0,1007,474,50,1.03,3.12,4.67,5.61,2457,4
2026-05-17 04:57:48,1.8,10.01,9.89,10.54,1545545,89608,5.8,0,0,0.0,1007,474,50,1.03,3.07,3.74,4.80,2465,3
2026-05-17 04:58:48,1.0,10.37,10.09,10.58,1545545,89476,5.8,0,0,0.0,1007,474,50,1.03,3.11,4.12,5.60,2471,2
2026-05-17 04:59:48,9.6,9.64,9.95,10.50,1545545,89447,5.8,0,0,0.0,1007,474,50,1.03,3.21,4.10,5.14,2476,3
2026-05-17 05:00:49,1.0,9.39,9.84,10.43,1545545,89486,5.8,0,0,0.0,1007,474,50,1.03,2.80,4.58,5.67,2478,5
2026-05-17 05:01:49,1.6,9.21,9.73,10.35,1545545,89490,5.8,0,0,0.0,1007,474,50,1.03,51.85,0.72,2.09,2477,3
2026-05-17 05:02:49,2.0,10.97,10.08,10.43,1545545,89493,5.8,0,0,0.0,1007,474,50,1.03,3.06,9.44,9.93,2478,8
2026-05-17 05:03:50,0.9,10.25,10.04,10.39,1545545,89471,5.8,0,0,0.0,1007,474,50,1.03,3.20,5.81,7.29,2485,4
2026-05-17 05:04:50,3.8,9.99,10.00,10.35,1545545,89478,5.8,0,0,0.0,1007,474,50,1.03,3.14,1.72,3.03,2484,4
2026-05-17 05:05:50,1.0,9.73,9.98,10.33,1545545,89488,5.8,0,0,0.0,1007,474,50,1.03,3.38,2.87,4.42,2486,3
2026-05-17 05:06:51,1.8,10.70,10.15,10.36,1545545,89518,5.8,0,0,0.0,1007,474,50,1.03,3.04,5.97,7.17,2495,4
2026-05-17 05:07:51,0.9,9.74,10.01,10.30,1545545,89483,5.8,0,0,0.0,1007,474,50,1.03,3.29,4.99,6.00,2487,7
2026-05-17 05:08:51,1.8,11.78,10.52,10.45,1545545,89517,5.8,0,0,0.0,1007,474,50,1.03,3.15,6.26,7.43,2479,6
2026-05-17 05:09:52,1.0,10.56,10.42,10.42,1545545,89497,5.8,0,0,0.0,1007,474,50,1.03,3.20,9.23,9.74,2484,8
2026-05-17 05:10:52,0.9,9.29,10.09,10.31,1545545,89506,5.8,0,0,0.0,1007,474,50,1.03,3.31,0.67,2.25,2476,2
2026-05-17 05:11:52,1.8,9.35,9.94,10.24,1545545,89550,5.8,0,0,0.0,1007,474,50,1.03,3.20,2.52,3.65,2480,3
2026-05-17 05:12:53,2.8,10.58,10.10,10.27,1545545,89532,5.8,0,0,0.0,1007,474,50,1.03,2.98,4.82,6.13,2479,6
2026-05-17 05:13:53,0.9,9.85,9.97,10.22,1545545,89495,5.8,0,0,0.0,1007,474,50,1.03,3.05,2.25,3.63,2482,3
2026-05-17 05:14:53,3.2,10.57,10.10,10.24,1545545,89540,5.8,0,0,0.0,1007,474,50,1.03,3.00,5.53,6.81,2469,13
2026-05-17 05:15:54,1.2,10.88,10.35,10.32,1545545,89545,5.8,0,0,0.0,1007,474,50,1.03,3.54,7.70,8.90,2475,2
2026-05-17 05:16:54,0.9,9.86,10.16,10.26,1545545,89538,5.8,0,0,0.0,1007,474,50,1.03,2.67,2.58,3.71,2469,3
2026-05-17 05:17:54,1.2,9.55,10.01,10.20,1545545,89523,5.8,0,0,0.0,1007,474,50,1.03,3.22,2.15,3.35,2476,1
2026-05-17 05:18:55,0.9,10.27,10.11,10.22,1545545,89568,5.8,0,0,0.0,1007,474,50,1.03,3.20,6.27,7.96,2475,1
2026-05-17 05:19:55,0.9,9.70,9.95,10.16,1545545,89578,5.8,0,0,0.0,1007,474,50,1.03,3.20,3.67,4.84,2472,5
2026-05-17 05:20:55,0.8,9.07,9.71,10.06,1545545,89580,5.8,0,0,0.0,1007,474,50,1.03,3.29,0.62,2.12,2459,2
2026-05-17 05:21:56,2.9,10.47,9.91,10.10,1545545,89611,5.8,0,0,0.0,1007,474,50,1.03,3.15,7.27,8.71,2471,6
2026-05-17 05:22:56,2.5,9.88,9.87,10.07,1545545,89563,5.8,0,0,0.0,1007,474,50,1.03,2.99,2.70,4.02,2473,5
2026-05-17 05:23:57,0.9,9.93,9.88,10.06,1545545,89556,5.8,0,0,0.0,1007,474,50,1.03,3.16,6.04,7.21,2469,2
2026-05-17 05:24:57,0.9,9.19,9.66,9.97,1545545,89554,5.8,0,0,0.0,1007,474,50,1.03,3.16,0.55,1.99,2467,1
2026-05-17 05:25:57,0.8,9.53,9.69,9.97,1545545,89573,5.8,0,0,0.0,1007,474,50,1.03,3.29,5.90,6.93,2472,2
2026-05-17 05:26:57,1.2,9.98,9.76,9.97,1545545,89585,5.8,0,0,0.0,1007,474,50,1.03,3.21,0.97,2.27,2467,1
2026-05-17 05:27:58,1.0,10.74,10.09,10.07,1545545,89566,5.8,0,0,0.0,1007,474,50,1.03,3.15,5.03,5.92,2472,1
2026-05-17 05:28:58,1.7,10.17,10.00,10.04,1545545,89591,5.8,0,0,0.0,1007,474,50,1.03,3.11,4.76,5.80,2480,4
2026-05-17 05:29:58,1.1,9.98,10.00,10.04,1545545,89571,5.8,0,0,0.0,1007,474,50,1.03,3.01,10.22,10.94,2493,4
2026-05-17 05:30:59,1.1,9.33,9.83,9.97,1545545,89585,5.8,0,0,0.0,1007,474,50,1.03,3.33,0.57,2.10,2495,4
2026-05-17 05:31:59,0.9,10.06,9.96,10.01,1545545,89598,5.8,0,0,0.0,1007,474,50,1.03,3.10,2.97,4.08,2489,2
2026-05-17 05:32:59,1.7,9.75,9.88,9.98,1545545,89474,5.8,0,0,0.0,1007,474,50,1.03,3.15,2.92,4.02,2483,2
2026-05-17 05:34:00,0.9,10.16,10.00,10.02,1545545,89459,5.8,0,0,0.0,1007,474,50,1.03,3.21,2.98,4.11,2479,8
2026-05-17 05:35:00,2.6,9.91,9.99,10.01,1545545,89461,5.8,0,0,0.0,1007,474,50,1.03,3.18,5.78,6.82,2480,5
2026-05-17 05:36:00,1.1,9.47,9.87,9.97,1545545,89489,5.8,0,0,0.0,1007,474,50,1.03,3.43,3.80,4.87,2483,3
2026-05-17 05:37:01,1.9,9.27,9.75,9.92,1545545,89505,5.8,0,0,0.0,1007,474,50,1.03,3.00,5.63,6.56,2488,4
2026-05-17 05:38:01,1.8,11.59,10.23,10.07,1545545,89491,5.8,0,0,0.0,1007,474,50,1.03,3.15,9.59,10.05,2481,4
2026-05-17 05:39:01,0.9,10.30,10.13,10.05,1545545,89469,5.8,0,0,0.0,1007,474,50,1.03,3.12,8.96,9.56,2480,2
2026-05-17 05:40:02,2.0,9.16,9.85,9.95,1545545,89508,5.8,0,0,0.0,1007,474,50,1.03,3.04,1.26,2.64,2468,5
2026-05-17 05:41:02,2.9,10.30,10.03,10.01,1545545,89525,5.8,0,0,0.0,1007,474,50,1.03,3.34,10.03,10.76,2469,6
2026-05-17 05:42:02,1.0,10.38,10.15,10.06,1545545,89522,5.8,0,0,0.0,1007,474,50,1.03,3.11,10.71,11.49,2469,2
2026-05-17 05:43:03,1.0,9.51,9.91,9.98,1545545,89496,5.8,0,0,0.0,1007,474,50,1.03,2.99,0.58,1.94,2474,6
2026-05-17 05:44:03,1.0,9.14,9.71,9.90,1545545,89498,5.8,0,0,0.0,1007,474,50,1.03,3.16,0.92,2.27,2481,2
2026-05-17 05:45:03,1.2,9.81,9.86,9.95,1545545,89488,5.8,0,0,0.0,1007,474,50,1.03,2.80,0.98,2.44,2469,1
2026-05-17 05:46:04,2.2,14.51,11.26,10.43,1545545,89552,5.8,0,0,0.0,1007,474,50,1.03,3.39,7.69,8.58,2478,3
2026-05-17 05:47:04,1.0,14.31,12.01,10.75,1545545,89530,5.8,0,0,0.0,1007,474,50,1.03,3.25,8.09,9.98,2487,1
2026-05-17 05:48:04,1.8,14.92,12.50,10.99,1545545,89509,5.8,0,0,0.0,1007,474,50,1.03,3.09,2.99,4.12,2479,3
2026-05-17 05:49:05,1.0,11.77,12.07,10.94,1545545,89512,5.8,0,0,0.0,1007,474,50,1.03,3.11,0.60,1.94,2474,4
2026-05-17 05:50:05,2.0,12.74,12.36,11.11,1545545,89549,5.8,0,0,0.0,1007,474,50,1.03,3.13,8.58,9.28,2493,2
2026-05-17 05:51:05,4.4,15.43,12.88,11.35,1545545,89574,5.8,0,0,0.0,1007,474,50,1.03,3.40,4.25,5.56,2483,6
2026-05-17 05:52:06,1.6,11.91,12.43,11.30,1545545,89571,5.8,0,0,0.0,1007,474,50,1.03,3.08,4.32,5.78,2473,4
2026-05-17 05:53:06,1.1,16.46,13.76,11.83,1545545,89543,5.8,0,0,0.0,1007,474,50,1.03,3.11,6.04,7.93,2480,2
2026-05-17 05:54:06,0.9,11.38,12.79,11.62,1545545,89544,5.8,0,0,0.0,1007,474,50,1.03,3.09,0.54,1.86,2476,6
2026-05-17 05:55:07,1.3,10.66,12.40,11.56,1545545,89559,5.8,0,0,0.0,1007,474,50,1.03,3.30,6.67,7.59,2481,5
2026-05-17 05:56:07,1.0,9.58,11.78,11.40,1545545,89588,5.8,0,0,0.0,1007,474,50,1.03,3.28,0.99,2.38,2485,1
2026-05-17 05:57:07,1.0,9.01,11.22,11.23,1545545,89603,5.8,0,0,0.0,1007,474,50,1.03,3.23,0.61,2.10,2481,3
2026-05-17 05:58:08,1.7,11.33,11.40,11.28,1545545,89585,5.8,0,0,0.0,1007,474,50,1.03,3.15,9.24,10.41,2481,3
2026-05-17 05:59:08,3.4,10.80,11.22,11.23,1545545,89584,5.8,0,0,0.0,1007,474,50,1.03,2.64,6.37,7.38,2483,22
2026-05-17 06:00:08,2.8,11.10,11.22,11.22,1545545,89564,5.8,0,0,0.0,1007,474,50,1.03,3.31,7.19,8.86,2477,2
2026-05-17 06:01:09,1.2,10.95,11.16,11.20,1545545,89597,5.8,0,0,0.0,1007,474,50,1.03,49.87,3.69,4.78,2480,6
2026-05-17 06:02:09,2.2,10.68,11.06,11.16,1545545,89606,5.8,0,0,0.0,1007,474,50,1.03,3.16,6.73,7.61,2485,4
2026-05-17 06:03:09,1.0,10.97,11.22,11.22,1545545,89579,5.8,0,0,0.0,1007,474,50,1.03,3.01,6.66,7.93,2496,4
2026-05-17 06:04:10,1.8,11.33,11.19,11.20,1545545,89607,5.8,0,0,0.0,1007,474,50,1.03,3.02,3.37,4.44,2495,4
2026-05-17 06:05:10,2.9,11.27,11.16,11.19,1545545,89601,5.8,0,0,0.0,1007,474,50,1.03,3.31,11.12,12.21,2491,8
2026-05-17 06:06:10,1.0,11.04,11.18,11.20,1545545,89599,5.8,0,0,0.0,1007,474,50,1.03,3.11,9.65,10.54,2491,1
2026-05-17 06:07:11,0.9,9.69,10.77,11.06,1545545,89489,5.8,0,0,0.0,1007,474,50,1.03,3.21,1.39,2.82,2486,3
2026-05-17 06:08:11,1.9,9.26,10.46,10.93,1545545,89511,5.8,0,0,0.0,1007,474,50,1.03,3.34,1.17,2.44,2489,3
2026-05-17 06:09:11,3.0,15.01,11.64,11.29,1545545,89501,5.8,0,0,0.0,1007,474,50,1.03,3.10,8.64,10.18,2488,6
2026-05-17 06:10:12,3.4,12.42,11.59,11.30,1545545,89504,5.8,0,0,0.0,1007,474,50,1.03,3.03,6.65,8.06,2481,4
2026-05-17 06:11:12,1.0,11.34,11.54,11.31,1545545,89501,5.8,0,0,0.0,1007,474,50,1.03,3.26,5.44,7.11,2465,3
2026-05-17 06:12:12,1.2,11.77,11.67,11.37,1545545,89509,5.8,0,0,0.0,1007,474,50,1.03,3.20,7.65,8.94,2483,4
2026-05-17 06:13:13,2.0,10.81,11.36,11.28,1545545,89511,5.8,0,0,0.0,1007,474,50,1.03,3.21,4.02,5.01,2475,3
2026-05-17 06:14:13,2.8,12.43,11.62,11.36,1545545,89509,5.8,0,0,0.0,1007,474,50,1.03,2.90,9.81,10.93,2482,4
2026-05-17 06:15:13,1.1,12.14,11.83,11.46,1545545,89485,5.8,0,0,0.0,1007,474,50,1.03,3.30,5.28,7.14,2484,3
2026-05-17 06:16:14,8.9,11.47,11.63,11.41,1545545,89547,5.8,0,0,0.0,1007,474,50,1.03,3.38,6.41,7.34,2486,24
2026-05-17 06:17:14,1.7,10.86,11.52,11.39,1545545,89526,5.8,0,0,0.0,1007,474,50,1.03,2.88,2.75,4.32,2478,5
2026-05-17 06:18:14,2.8,11.98,11.75,11.48,1545545,89516,5.8,0,0,0.0,1007,474,50,1.03,3.05,11.64,12.04,2482,2
2026-05-17 06:19:15,1.7,10.66,11.37,11.36,1545545,89496,5.8,0,0,0.0,1007,474,50,1.03,3.09,3.52,4.55,2476,8
2026-05-17 06:20:15,1.6,10.19,11.06,11.25,1545545,89535,5.8,0,0,0.0,1007,474,50,1.03,3.20,4.61,5.80,2484,21
2026-05-17 06:21:15,1.5,10.57,11.02,11.22,1545545,89528,5.8,0,0,0.0,1007,474,50,1.03,3.20,9.87,10.37,2486,2
2026-05-17 06:22:16,0.9,12.68,11.78,11.49,1545545,89535,5.8,0,0,0.0,1007,474,50,1.03,3.00,0.62,2.12,2480,2
2026-05-17 06:23:16,2.1,11.26,11.47,11.40,1545545,89529,5.8,0,0,0.0,1007,474,50,1.03,3.34,3.66,4.70,2475,5
2026-05-17 06:24:16,1.4,9.82,10.99,11.23,1545545,89520,5.8,0,0,0.0,1007,474,50,1.03,3.09,2.30,3.51,2491,3
2026-05-17 06:25:17,0.9,9.82,10.78,11.14,1545545,89541,5.8,0,0,0.0,1007,474,50,1.03,3.09,3.35,4.62,2478,2
2026-05-17 06:26:17,0.9,12.94,11.91,11.53,1545545,89550,5.8,0,0,0.0,1007,474,50,1.03,3.17,3.79,4.93,2475,2
2026-05-17 06:27:17,2.6,10.87,11.50,11.41,1545545,89601,5.8,0,0,0.0,1007,474,50,1.03,3.26,3.70,4.91,2472,3
2026-05-17 06:28:18,1.8,11.56,11.54,11.43,1545545,89597,5.8,0,0,0.0,1007,474,50,2.07,3.10,9.12,9.93,2472,21
2026-05-17 06:29:18,2.3,13.87,12.18,11.65,1545545,89596,5.8,0,0,0.0,1007,474,50,1.03,2.98,11.21,11.93,2467,2
2026-05-17 06:30:18,2.0,11.56,11.82,11.56,1545545,89589,5.8,0,0,0.0,1007,474,50,0.00,3.33,9.95,10.53,2475,7
2026-05-17 06:31:19,1.9,9.99,11.36,11.42,1545545,89596,5.8,0,0,0.0,1007,474,50,2.07,3.18,4.35,5.34,2478,4
2026-05-17 06:32:19,2.4,11.08,11.42,11.44,1545545,89633,5.8,0,0,0.0,1007,474,50,1.03,2.99,13.02,13.67,2485,6
2026-05-17 06:33:19,3.1,11.68,11.50,11.46,1545545,89600,5.8,0,0,0.0,1007,474,50,1.03,3.27,12.29,12.67,2478,5
2026-05-17 06:34:20,1.9,10.46,11.21,11.37,1545545,89596,5.8,0,0,0.0,1007,474,50,1.03,3.19,3.93,5.45,2477,6
2026-05-17 06:35:20,1.1,10.49,11.13,11.33,1545545,89593,5.8,0,0,0.0,1007,474,50,1.03,3.28,7.59,9.22,2473,3
2026-05-17 06:36:20,0.9,9.29,10.68,11.16,1545545,89607,5.8,0,0,0.0,1007,474,50,1.03,2.68,0.56,1.99,2471,6
2026-05-17 06:37:21,1.2,10.17,10.73,11.15,1545545,89639,5.8,0,0,0.0,1007,474,50,1.03,3.29,6.57,7.57,2475,6
2026-05-17 06:38:21,0.9,10.63,10.75,11.13,1545545,89589,5.8,0,0,0.0,1007,474,50,1.03,3.34,4.96,5.81,2476,6
2026-05-17 06:39:21,1.8,12.24,11.20,11.26,1545545,89630,5.8,0,0,0.0,1007,474,50,1.03,3.04,8.90,10.24,2480,2
2026-05-17 06:40:22,1.9,10.36,10.83,11.13,1545545,89629,5.8,0,0,0.0,1007,474,50,1.03,3.16,3.56,4.73,2469,7
2026-05-17 06:41:22,1.0,10.60,10.78,11.09,1545545,89499,5.8,0,0,0.0,1007,474,50,1.03,3.18,6.36,7.28,2483,1
2026-05-17 06:42:22,3.0,13.08,11.37,11.27,1545545,89533,5.8,0,0,0.0,1007,474,50,1.03,3.15,10.16,11.04,2477,5
2026-05-17 06:43:23,1.5,13.09,11.80,11.43,1545545,89482,5.8,0,0,0.0,1007,474,50,1.47,3.17,7.00,9.31,2486,4
2026-05-17 06:44:23,1.0,10.62,11.38,11.31,1545545,89499,5.8,0,0,0.0,1007,474,50,1.03,2.93,0.63,1.92,2495,1
2026-05-17 06:45:23,2.0,9.94,11.06,11.21,1545545,89525,5.8,0,0,0.0,1007,474,50,1.03,3.34,6.98,7.75,2479,10
2026-05-17 06:46:24,1.0,10.10,10.96,11.16,1545545,89499,5.8,0,0,0.0,1007,474,50,1.03,3.22,6.50,7.61,2467,4
2026-05-17 06:47:24,1.8,9.42,10.59,11.02,1545545,89528,5.8,0,0,0.0,1007,474,50,1.03,3.26,1.88,3.20,2468,9
2026-05-17 06:48:24,1.7,9.63,10.42,10.93,1545545,89517,5.8,0,0,0.0,1007,474,50,1.03,3.13,7.61,8.38,2473,3
2026-05-17 06:49:25,1.1,9.20,10.19,10.82,1545545,89509,5.8,0,0,0.0,1007,474,50,1.03,3.11,3.02,4.12,2469,2
2026-05-17 06:50:25,2.1,8.98,9.95,10.70,1545545,89538,5.8,0,0,0.0,1007,474,50,1.03,3.21,2.93,4.17,2476,5
2026-05-17 06:51:26,1.1,9.26,9.85,10.62,1545545,89545,5.8,0,0,0.0,1007,474,50,1.05,3.05,5.42,6.43,2469,6
2026-05-17 06:52:26,3.3,16.10,11.67,11.19,1545545,89583,5.8,0,0,0.0,1007,474,50,1.03,3.38,7.73,9.30,2478,9
2026-05-17 06:53:26,1.1,12.58,11.51,11.16,1545545,89516,5.8,0,0,0.0,1007,474,50,1.03,3.14,2.48,4.15,2489,2
2026-05-17 06:54:27,1.0,10.96,11.20,11.08,1545545,89511,5.8,0,0,0.0,1007,474,50,1.03,3.15,6.03,7.25,2480,5
2026-05-17 06:55:27,0.9,9.61,10.80,10.95,1545545,89535,5.8,0,0,0.0,1007,474,50,1.03,3.14,2.52,3.78,2490,4
2026-05-17 06:56:27,1.0,9.38,10.51,10.84,1545545,89558,5.8,0,0,0.0,1007,474,50,1.03,3.79,6.75,7.62,2483,5
2026-05-17 06:57:28,1.2,9.67,10.37,10.77,1545545,89587,5.8,0,0,0.0,1007,474,50,1.03,3.15,4.06,5.18,2473,3
2026-05-17 06:58:28,0.9,9.36,10.19,10.68,1545545,89559,5.8,0,0,0.0,1007,474,50,1.03,3.18,7.37,8.32,2470,4
2026-05-17 06:59:28,2.2,9.37,10.02,10.59,1545545,89567,5.8,0,0,0.0,1007,474,50,1.03,2.63,3.96,5.03,2474,22
2026-05-17 07:00:29,1.2,9.92,10.10,10.58,1545545,89544,5.8,0,0,0.0,1007,474,50,1.03,3.18,5.68,7.22,2470,3
2026-05-17 07:01:29,1.1,9.78,9.98,10.51,1545545,89598,5.8,0,0,0.0,1007,474,50,1.03,49.64,0.62,2.10,2466,1
2026-05-17 07:02:29,2.8,9.34,9.82,10.42,1545545,89634,5.8,0,0,0.0,1007,474,50,1.03,2.95,3.38,4.49,2475,6
2026-05-17 07:03:30,0.9,10.07,9.99,10.44,1545545,89572,5.8,0,0,0.0,1007,474,50,1.03,3.25,5.47,7.27,2483,3
2026-05-17 07:04:30,1.1,11.34,10.46,10.58,1545545,89584,5.8,0,0,0.0,1007,474,50,1.03,3.00,7.06,8.59,2486,4
2026-05-17 07:05:30,1.0,17.41,12.53,11.29,1545545,89589,5.8,0,0,0.0,1007,474,50,1.03,3.24,4.76,6.12,2471,2
2026-05-17 07:06:31,0.9,13.04,12.13,11.23,1545545,89626,5.8,0,0,0.0,1007,474,50,1.03,3.21,7.03,7.94,2495,1
2026-05-17 07:07:31,1.0,11.72,11.90,11.21,1545545,89634,5.8,0,0,0.0,1007,474,50,1.03,3.21,7.06,8.52,2497,6
2026-05-17 07:08:31,2.0,10.91,11.62,11.15,1545545,89624,5.8,0,0,0.0,1007,474,50,1.03,3.46,9.44,10.67,2495,7
2026-05-17 07:09:32,0.9,9.74,11.17,11.02,1545545,89599,5.8,0,0,0.0,1007,474,50,1.03,2.89,3.12,4.20,2494,2
2026-05-17 07:10:32,0.9,9.37,10.79,10.90,1545545,89613,5.8,0,0,0.0,1007,474,50,1.03,3.37,0.58,2.01,2482,4
2026-05-17 07:11:32,1.1,9.63,10.62,10.84,1545545,89633,5.8,0,0,0.0,1007,474,50,1.03,3.22,3.06,4.30,2461,6
2026-05-17 07:12:33,1.9,9.87,10.48,10.77,1545545,89653,5.8,0,0,0.0,1007,474,50,1.03,3.05,5.70,6.59,2478,8
2026-05-17 07:13:33,1.0,9.48,10.23,10.66,1545545,89605,5.8,0,0,0.0,1007,474,50,1.03,3.18,1.88,3.23,2466,5
2026-05-17 07:14:33,0.9,9.48,10.07,10.58,1545545,89609,5.8,0,0,0.0,1007,474,50,1.03,3.07,3.71,4.80,2462,12
2026-05-17 07:15:34,11.1,10.60,10.21,10.59,1545545,89528,5.8,0,0,0.0,1007,474,50,1.03,3.24,7.49,8.58,2485,18
2026-05-17 07:16:34,0.9,10.29,10.23,10.57,1545545,89514,5.8,0,0,0.0,1007,474,50,1.03,3.21,6.23,7.33,2487,5
2026-05-17 07:17:34,1.0,10.00,10.14,10.52,1545545,89529,5.8,0,0,0.0,1007,474,50,1.03,3.16,4.89,5.92,2480,8
2026-05-17 07:18:35,1.4,9.42,9.97,10.44,1545545,89493,5.8,0,0,0.0,1007,474,50,1.03,2.88,1.79,3.20,2489,7
2026-05-17 07:19:35,3.0,10.00,9.98,10.41,1545545,89506,5.8,0,0,0.0,1007,474,50,1.03,3.20,7.87,8.73,2484,7
2026-05-17 07:20:35,1.7,10.32,10.16,10.45,1545545,89531,5.8,0,0,0.0,1007,474,50,1.03,3.03,6.06,7.64,2467,4
2026-05-17 07:21:36,0.9,12.08,10.62,10.58,1545545,89551,5.8,0,0,0.0,1007,474,50,1.03,3.40,11.26,13.04,2472,2
2026-05-17 07:22:36,1.2,10.48,10.40,10.51,1545545,89565,5.8,0,0,0.0,1007,474,50,1.03,3.12,3.73,4.79,2490,2
2026-05-17 07:23:36,0.9,10.04,10.26,10.45,1545545,89519,5.8,0,0,0.0,1007,474,50,1.03,3.12,3.41,4.65,2491,4
2026-05-17 07:24:37,0.9,10.27,10.28,10.44,1545545,89539,5.8,0,0,0.0,1007,474,50,1.03,3.07,2.95,4.13,2468,2
2026-05-17 07:25:37,2.8,10.45,10.33,10.45,1545545,89562,5.8,0,0,0.0,1007,474,50,1.03,3.16,5.47,6.60,2472,7
2026-05-17 07:26:37,0.8,10.53,10.41,10.47,1545545,89543,5.8,0,0,0.0,1007,474,50,1.03,3.34,5.64,6.83,2472,6
2026-05-17 07:27:38,2.1,11.21,10.53,10.50,1545545,89598,5.8,0,0,0.0,1007,474,50,1.03,3.00,7.27,8.45,2469,8
2026-05-17 07:28:38,1.8,13.40,11.10,10.69,1545545,89558,5.8,0,0,0.0,1007,474,50,1.03,3.21,9.08,9.71,2480,18
2026-05-17 07:29:38,5.3,17.18,12.52,11.20,1545545,89555,5.8,0,0,0.0,1007,474,50,1.03,3.16,9.02,10.20,2487,27
2026-05-17 07:30:39,1.9,13.96,12.34,11.21,1545545,89590,5.8,0,0,0.0,1007,474,50,1.03,3.25,2.93,4.03,2467,9
2026-05-17 07:31:39,1.0,16.64,13.45,11.67,1545545,89578,5.8,0,0,0.0,1007,474,50,1.03,3.10,8.54,9.55,2477,8
2026-05-17 07:32:39,0.8,15.23,13.54,11.81,1545545,89575,5.8,0,0,0.0,1007,474,50,1.03,3.11,1.77,3.10,2462,8
2026-05-17 07:33:40,0.9,13.34,13.29,11.83,1545545,89538,5.8,0,0,0.0,1007,474,50,1.03,3.26,3.70,4.73,2457,3
2026-05-17 07:34:40,1.0,10.75,12.52,11.65,1545545,89547,5.8,0,0,0.0,1007,474,50,1.03,3.18,0.61,2.09,2464,5
2026-05-17 07:35:40,4.5,13.72,12.90,11.83,1545545,89613,5.8,0,0,0.0,1007,474,50,1.03,3.29,8.03,9.47,2468,4
2026-05-17 07:36:41,1.1,13.07,12.77,11.84,1545545,89605,5.8,0,0,0.0,1007,474,50,1.03,2.79,7.80,9.21,2472,1
2026-05-17 07:37:41,0.9,10.12,11.99,11.63,1545545,89588,5.8,0,0,0.0,1007,474,50,1.03,3.16,0.54,2.00,2491,4
2026-05-17 07:38:41,1.0,10.06,11.65,11.54,1545545,89584,5.8,0,0,0.0,1007,474,50,1.03,3.19,1.69,2.98,2485,1
2026-05-17 07:39:42,0.8,9.19,11.11,11.35,1545545,89596,5.8,0,0,0.0,1007,474,50,1.03,3.05,1.41,2.85,2489,1
2026-05-17 07:40:42,0.8,8.74,10.62,11.17,1545545,89602,5.8,0,0,0.0,1007,474,50,1.03,3.28,0.62,2.05,2491,2
2026-05-17 07:41:42,0.8,8.43,10.18,10.98,1545545,89611,5.8,0,0,0.0,1007,474,50,1.03,3.02,0.72,2.06,2474,5
2026-05-17 07:42:43,1.1,10.30,10.51,11.05,1545545,89602,5.8,0,0,0.0,1007,474,50,1.03,3.23,7.04,8.69,2472,4
2026-05-17 07:43:43,0.9,9.50,10.22,10.91,1545545,89600,5.8,0,0,0.0,1007,474,50,1.03,3.14,0.47,1.87,2470,1
2026-05-17 07:44:43,0.9,9.29,10.03,10.80,1545545,89595,5.8,0,0,0.0,1007,474,50,1.03,3.21,1.39,2.81,2467,3
2026-05-17 07:45:44,2.1,10.13,10.04,10.75,1545545,89637,5.8,0,0,0.0,1007,474,50,1.03,3.11,5.16,6.03,2471,4
2026-05-17 07:46:44,1.8,9.68,9.95,10.68,1545545,89638,5.8,0,0,0.0,1007,474,50,1.03,3.26,3.35,4.46,2463,4
2026-05-17 07:47:44,1.0,10.67,10.18,10.71,1545545,89619,5.8,0,0,0.0,1007,474,50,1.03,3.16,6.91,7.79,2467,8
2026-05-17 07:48:45,2.3,9.81,10.02,10.62,1545545,89619,5.8,0,0,0.0,1007,474,50,1.03,3.33,3.92,4.97,2454,8
2026-05-17 07:49:45,2.0,11.64,10.42,10.71,1545545,89503,5.8,0,0,0.0,1007,474,50,1.03,3.00,10.34,11.15,2460,3
2026-05-17 07:50:45,1.0,11.08,10.53,10.73,1545545,89512,5.8,0,0,0.0,1007,474,50,1.03,3.28,7.34,8.01,2451,3
2026-05-17 07:51:46,1.1,9.41,10.15,10.59,1545545,89514,5.8,0,0,0.0,1007,474,50,1.03,3.09,0.58,1.93,2459,4
2026-05-17 07:52:46,1.4,10.33,10.25,10.60,1545545,89499,5.8,0,0,0.0,1007,474,50,1.03,3.20,4.65,5.75,2454,6
2026-05-17 07:53:46,3.3,11.79,10.71,10.73,1545545,89518,5.8,0,0,0.0,1007,474,50,1.03,3.05,9.94,10.90,2465,6
2026-05-17 07:54:47,1.0,11.19,10.77,10.75,1545545,89505,5.8,0,0,0.0,1007,474,50,1.03,3.25,5.31,6.43,2456,2
2026-05-17 07:55:47,0.9,10.69,10.70,10.73,1545545,89548,5.8,0,0,0.0,1007,474,50,1.03,3.34,1.76,3.13,2460,5
2026-05-17 07:56:47,1.8,10.11,10.52,10.66,1545545,89568,5.8,0,0,0.0,1007,474,50,1.03,3.01,3.51,4.53,2469,7
2026-05-17 07:57:48,0.8,10.72,10.82,10.77,1545545,89520,5.8,0,0,0.0,1007,474,50,1.05,3.23,2.84,4.48,2470,4
2026-05-17 07:58:48,3.2,13.32,11.41,10.97,1545545,89556,5.8,0,0,0.0,1007,474,50,1.03,3.12,11.07,12.21,2469,4
2026-05-17 07:59:48,8.1,12.74,11.64,11.08,1545545,89526,5.8,0,0,0.0,1007,474,50,1.03,2.78,7.98,9.31,2479,23
2026-05-17 08:00:49,1.0,10.69,11.28,10.99,1545545,89547,5.8,0,0,0.0,1007,474,50,1.03,3.29,0.95,2.26,2480,2
2026-05-17 08:01:49,3.0,11.21,11.27,11.00,1545545,89578,5.8,0,0,0.0,1007,474,50,1.03,52.00,6.81,7.95,2468,5
2026-05-17 08:02:49,3.0,14.00,12.09,11.30,1545545,89553,5.8,0,0,0.0,1007,474,50,1.03,3.37,8.76,10.35,2464,32
2026-05-17 08:03:50,1.0,11.94,11.96,11.31,1545545,89526,5.8,0,0,0.0,1007,474,50,1.03,2.94,6.41,8.35,2470,1
2026-05-17 08:04:50,1.2,11.43,11.75,11.28,1545545,89546,5.8,0,0,0.0,1007,474,50,1.03,3.16,5.22,6.72,2467,3
2026-05-17 08:05:50,1.9,10.62,11.46,11.21,1545545,89586,5.8,0,0,0.0,1007,474,50,1.03,3.32,4.41,5.38,2466,4
2026-05-17 08:06:51,0.9,10.52,11.32,11.18,1545545,89568,5.8,0,0,0.0,1007,474,50,1.03,3.18,8.48,9.62,2480,4
2026-05-17 08:07:51,2.1,10.61,11.22,11.15,1545545,89589,5.8,0,0,0.0,1007,474,50,1.03,3.25,9.95,11.15,2492,2
2026-05-17 08:08:51,1.7,10.05,11.02,11.09,1545545,89605,5.8,0,0,0.0,1007,474,50,1.03,3.14,6.34,7.13,2486,2
2026-05-17 08:09:52,2.8,10.20,10.86,11.03,1545545,89605,5.8,0,0,0.0,1007,474,50,1.03,3.28,9.07,9.93,2486,5
2026-05-17 08:10:52,0.8,10.24,10.80,11.00,1545545,89621,5.8,0,0,0.0,1007,474,50,1.03,3.28,7.51,8.38,2474,2
2026-05-17 08:11:52,1.1,10.09,10.65,10.93,1545545,89598,5.8,0,0,0.0,1007,474,50,1.03,2.94,5.59,6.93,2478,2
2026-05-17 08:12:53,2.0,10.25,10.62,10.90,1545545,89596,5.8,0,0,0.0,1007,474,50,1.03,3.25,2.94,4.24,2474,3
2026-05-17 08:13:53,0.8,10.06,10.50,10.85,1545545,89582,5.8,0,0,0.0,1007,474,50,1.03,2.73,2.57,3.76,2485,2
2026-05-17 08:14:53,2.0,10.14,10.45,10.81,1545545,89623,5.8,0,0,0.0,1007,474,50,1.03,3.02,8.33,9.39,2474,9
2026-05-17 08:15:54,4.1,10.14,10.40,10.77,1545545,89620,5.8,0,0,0.0,1007,474,50,1.03,3.28,4.23,5.55,2468,2
2026-05-17 08:16:54,0.9,9.86,10.31,10.72,1545545,89615,5.8,0,0,0.0,1007,474,50,1.03,3.18,4.13,5.13,2455,6
2026-05-17 08:17:54,2.2,10.02,10.26,10.67,1545545,89614,5.8,0,0,0.0,1007,474,50,1.03,3.36,8.22,8.95,2460,7
2026-05-17 08:18:55,1.3,10.60,10.44,10.71,1545545,89587,5.8,0,0,0.0,1007,474,50,1.03,3.02,4.32,5.77,2467,2
2026-05-17 08:19:55,0.9,11.31,10.67,10.77,1545545,89594,5.8,0,0,0.0,1007,474,50,1.03,3.25,7.06,8.78,2467,2
2026-05-17 08:20:55,3.1,10.69,10.61,10.74,1545545,89633,5.8,0,0,0.0,1007,474,50,1.03,3.32,7.98,8.61,2475,6
2026-05-17 08:21:56,1.4,12.72,11.29,10.97,1545545,89635,5.8,0,0,0.0,1007,474,50,1.03,3.08,10.14,12.33,2471,3
2026-05-17 08:22:56,1.7,12.81,11.41,11.03,1545545,89500,5.8,0,0,0.0,1007,474,50,1.03,3.14,5.04,6.84,2476,1
2026-05-17 08:23:56,1.1,10.60,11.03,10.92,1545545,89492,5.8,0,0,0.0,1007,474,50,1.03,3.13,0.54,1.97,2466,3
2026-05-17 08:24:57,1.0,11.02,11.11,10.95,1545545,89492,5.8,0,0,0.0,1007,474,50,1.03,3.12,6.85,7.96,2456,2
2026-05-17 08:25:57,1.8,13.68,11.78,11.19,1545545,89538,5.8,0,0,0.0,1007,474,50,1.03,3.23,10.25,10.80,2469,6
2026-05-17 08:26:57,1.1,12.79,11.90,11.27,1545545,89514,5.8,0,0,0.0,1007,474,50,1.03,3.15,10.97,11.73,2485,4
2026-05-17 08:27:58,1.0,11.78,11.84,11.29,1545545,89503,5.8,0,0,0.0,1007,474,50,1.03,3.25,9.08,10.46,2478,1
2026-05-17 08:28:58,0.9,13.04,12.10,11.41,1545545,89492,5.8,0,0,0.0,1007,474,50,1.03,3.08,7.48,8.99,2481,4
2026-05-17 08:29:58,2.0,12.28,11.95,11.40,1545545,89528,5.8,0,0,0.0,1007,474,50,1.03,2.98,4.36,5.71,2488,2
2026-05-17 08:30:59,1.0,10.57,11.50,11.27,1545545,89527,5.8,0,0,0.0,1007,474,50,1.03,3.35,3.00,4.35,2480,2
2026-05-17 08:31:59,0.8,9.49,11.03,11.12,1545545,89528,5.8,0,0,0.0,1007,474,50,1.03,3.03,1.00,2.30,2462,4
2026-05-17 08:32:59,2.8,10.33,10.93,11.08,1545545,89541,5.8,0,0,0.0,1007,474,50,1.03,3.22,8.10,9.37,2474,6
2026-05-17 08:34:00,1.0,10.62,10.92,11.07,1545545,89526,5.8,0,0,0.0,1007,474,50,1.03,3.16,7.28,8.90,2481,2
2026-05-17 08:35:00,1.2,9.65,10.60,10.95,1545545,89516,5.8,0,0,0.0,1007,474,50,1.03,3.19,0.53,2.02,2484,2
2026-05-17 08:36:00,1.0,9.38,10.38,10.85,1545545,89559,5.8,0,0,0.0,1007,474,50,1.03,3.34,0.92,2.36,2485,2
2026-05-17 08:37:01,2.9,11.28,10.63,10.90,1545545,89581,5.8,0,0,0.0,1007,474,50,1.03,2.60,6.62,8.14,2493,9
2026-05-17 08:38:01,1.2,12.57,11.16,11.07,1545545,89541,5.8,0,0,0.0,1007,474,50,1.03,3.23,10.34,12.76,2476,2
2026-05-17 08:39:01,0.9,11.01,10.99,11.01,1545545,89551,5.8,0,0,0.0,1007,474,50,1.03,3.21,4.77,6.39,2482,1
2026-05-17 08:40:02,0.9,9.69,10.62,10.89,1545545,89536,5.8,0,0,0.0,1007,474,50,1.03,3.05,0.52,1.88,2469,2
2026-05-17 08:41:02,0.8,9.04,10.27,10.75,1545545,89549,5.8,0,0,0.0,1007,474,50,1.03,3.35,0.66,2.21,2461,4
2026-05-17 08:42:02,1.9,10.36,10.47,10.79,1545545,89584,5.8,0,0,0.0,1007,474,50,1.03,2.95,12.47,13.28,2469,4
2026-05-17 08:43:03,1.1,11.70,10.85,10.90,1545545,89572,5.8,0,0,0.0,1007,474,50,1.03,3.17,8.84,9.60,2472,3
2026-05-17 08:44:03,0.9,9.89,10.48,10.77,1545545,89576,5.8,0,0,0.0,1007,474,50,1.03,3.20,0.60,2.11,2463,2
2026-05-17 08:45:03,5.4,9.33,10.22,10.66,1545545,89568,5.8,0,0,0.0,1007,474,50,1.03,3.04,4.10,5.16,2471,27
2026-05-17 08:46:04,2.0,9.35,10.07,10.58,1545545,89626,5.8,0,0,0.0,1007,474,50,1.03,3.35,6.63,7.53,2484,2
2026-05-17 08:47:04,1.0,11.02,10.36,10.64,1545545,89615,5.8,0,0,0.0,1007,474,50,1.03,3.06,6.95,7.67,2468,2
2026-05-17 08:48:04,1.9,10.73,10.42,10.65,1545545,89603,5.8,0,0,0.0,1007,474,50,1.03,3.20,9.92,10.39,2461,4
2026-05-17 08:49:05,1.3,9.53,10.14,10.54,1545545,89583,5.8,0,0,0.0,1007,474,50,1.03,3.07,0.97,2.38,2467,4
2026-05-17 08:50:05,1.0,10.57,10.28,10.56,1545545,89575,5.8,0,0,0.0,1007,474,50,1.03,3.14,8.11,8.71,2463,3
2026-05-17 08:51:05,1.0,9.86,10.14,10.49,1545545,89614,5.8,0,0,0.0,1007,474,50,1.03,3.34,3.79,5.00,2467,3
2026-05-17 08:52:06,1.1,9.44,9.93,10.40,1545545,89634,5.8,0,0,0.0,1007,474,50,1.03,2.99,2.57,3.70,2471,1
2026-05-17 08:53:06,1.1,9.74,9.93,10.36,1545545,89627,5.8,0,0,0.0,1007,474,50,1.03,3.34,1.42,2.77,2469,2
2026-05-17 08:54:06,0.9,9.76,9.90,10.32,1545545,89606,5.8,0,0,0.0,1007,474,50,1.03,3.02,6.87,7.87,2446,3
2026-05-17 08:55:07,0.9,9.96,9.91,10.30,1545545,89604,5.8,0,0,0.0,1007,474,50,1.03,3.12,5.32,6.28,2460,1
2026-05-17 08:56:07,0.9,10.00,10.01,10.31,1545545,89639,5.8,0,0,0.0,1007,474,50,1.03,2.84,7.16,8.03,2470,1
2026-05-17 08:57:07,3.2,9.84,9.94,10.27,1545545,89528,5.8,0,0,0.0,1007,474,50,1.03,3.10,2.66,3.97,2472,5
2026-05-17 08:58:08,0.9,11.74,10.66,10.50,1545545,89496,5.8,0,0,0.0,1007,474,50,1.03,3.26,8.61,9.75,2482,2
2026-05-17 08:59:08,1.7,11.15,10.69,10.52,1545545,89520,5.8,0,0,0.0,1007,474,50,1.03,3.15,7.57,8.35,2484,5
2026-05-17 09:00:08,0.9,12.01,11.10,10.68,1545545,89496,5.8,0,0,0.0,1007,474,50,1.03,2.97,8.82,10.40,2474,2
2026-05-17 09:01:09,2.0,11.32,11.07,10.70,1545545,89550,5.8,0,0,0.0,1007,474,50,1.03,50.14,9.07,10.35,2468,6
2026-05-17 09:02:09,2.0,11.27,11.10,10.74,1545545,89532,5.8,0,0,0.0,1007,474,50,1.03,3.00,11.84,12.40,2480,2
2026-05-17 09:03:09,3.1,10.94,11.03,10.73,1545545,89520,5.8,0,0,0.0,1007,474,50,1.03,3.02,8.81,9.49,2471,3
2026-05-17 09:04:10,1.0,11.59,11.35,10.87,1545545,89520,5.8,0,0,0.0,1007,474,50,1.03,3.12,6.67,8.54,2479,1
2026-05-17 09:05:10,1.7,10.15,10.97,10.77,1545545,89528,5.8,0,0,0.0,1007,474,50,1.03,3.13,1.20,2.53,2480,2
2026-05-17 09:06:10,1.8,10.18,10.89,10.76,1545545,89574,5.8,0,0,0.0,1007,474,50,1.03,3.38,5.94,6.90,2480,3
2026-05-17 09:07:11,1.7,9.90,10.66,10.68,1545545,89573,5.8,0,0,0.0,1007,474,50,1.03,2.93,7.25,7.95,2482,6
2026-05-17 09:08:11,2.1,11.39,10.91,10.77,1545545,89563,5.8,0,0,0.0,1007,474,50,1.03,3.04,9.40,10.20,2494,5
2026-05-17 09:09:11,0.9,11.41,10.99,10.81,1545545,89534,5.8,0,0,0.0,1007,474,50,1.03,3.23,7.33,8.36,2481,2
2026-05-17 09:10:12,0.8,10.15,10.74,10.73,1545545,89551,5.8,0,0,0.0,1007,474,50,1.03,2.94,6.96,7.66,2480,2
2026-05-17 09:11:12,1.0,10.06,10.62,10.69,1545545,89555,5.8,0,0,0.0,1007,474,50,1.03,3.37,6.07,7.69,2481,1
2026-05-17 09:12:12,1.7,10.04,10.54,10.66,1545545,89585,5.8,0,0,0.0,1007,474,50,1.03,3.09,5.71,6.74,2480,3
2026-05-17 09:13:12,1.3,11.14,10.83,10.76,1545545,89553,5.8,0,0,0.0,1007,474,50,1.03,3.27,10.40,11.40,2475,2
2026-05-17 09:14:13,0.9,10.13,10.63,10.70,1545545,89561,5.8,0,0,0.0,1007,474,50,1.03,3.02,0.55,2.07,2475,7
2026-05-17 09:15:13,1.0,13.27,11.58,11.03,1545545,89551,5.8,0,0,0.0,1007,474,50,1.03,3.04,6.24,7.78,2480,2
2026-05-17 09:16:13,9.4,14.01,11.87,11.15,1545545,89603,5.8,0,0,0.0,1007,474,50,1.03,3.41,1.61,3.03,2479,25
2026-05-17 09:17:14,1.9,16.09,12.68,11.47,1545545,89613,5.8,0,0,0.0,1007,474,50,1.03,3.12,5.29,6.15,2478,4
2026-05-17 09:18:14,1.7,17.18,13.61,11.86,1545545,89621,5.8,0,0,0.0,1007,474,50,1.03,3.03,10.14,11.62,2480,2
2026-05-17 09:19:15,2.4,15.86,13.93,12.08,1545545,89599,5.8,0,0,0.0,1007,474,50,1.03,3.24,7.76,9.13,2481,5
2026-05-17 09:20:15,0.9,11.69,13.08,11.91,1545545,89601,5.8,0,0,0.0,1007,474,50,1.03,3.12,3.88,4.93,2477,1
2026-05-17 09:21:15,1.0,9.75,12.26,11.70,1545545,89620,5.8,0,0,0.0,1007,474,50,1.03,3.28,0.98,2.49,2474,1
2026-05-17 09:22:15,1.9,10.71,11.99,11.63,1545545,89646,5.8,0,0,0.0,1007,474,50,1.03,2.94,5.44,6.25,2462,4
2026-05-17 09:23:16,1.0,11.31,11.86,11.60,1545545,89632,5.8,0,0,0.0,1007,474,50,1.03,2.82,3.76,4.78,2456,3
2026-05-17 09:24:16,0.9,9.46,11.24,11.41,1545545,89617,5.8,0,0,0.0,1007,474,50,1.03,3.21,0.59,2.11,2456,8
2026-05-17 09:25:16,2.0,8.93,10.77,11.23,1545545,89634,5.8,0,0,0.0,1007,474,50,1.03,3.06,0.91,2.29,2461,1
2026-05-17 09:26:17,1.0,10.80,10.98,11.27,1545545,89638,5.8,0,0,0.0,1007,474,50,1.03,3.21,9.08,10.64,2455,4
2026-05-17 09:27:17,1.1,9.36,10.54,11.10,1545545,89651,5.8,0,0,0.0,1007,474,50,1.03,3.16,0.56,2.08,2469,1
2026-05-17 09:28:17,1.5,9.57,10.40,11.02,1545545,89636,5.8,0,0,0.0,1007,474,50,1.03,3.07,4.26,5.27,2475,4
2026-05-17 09:29:18,2.1,9.68,10.27,10.93,1545545,89653,5.8,0,0,0.0,1007,474,50,1.03,2.98,4.88,5.94,2471,17
2026-05-17 09:30:18,4.7,10.25,10.37,10.93,1545545,89656,5.8,0,0,0.0,1007,474,50,2.07,3.23,4.02,5.13,2482,25
2026-05-17 09:31:19,1.7,10.86,10.51,10.94,1545545,89560,5.8,0,0,0.0,1007,474,50,1.03,3.30,10.01,11.43,2490,1
2026-05-17 09:32:19,2.0,10.49,10.51,10.92,1545545,89578,5.8,0,0,0.0,1007,474,50,1.03,3.08,3.62,4.78,2463,6
2026-05-17 09:33:19,3.1,12.01,10.90,11.02,1545545,89540,5.8,0,0,0.0,1007,474,50,1.03,3.14,6.67,7.77,2477,3
2026-05-17 09:34:20,1.1,12.58,11.43,11.20,1545545,89554,5.8,0,0,0.0,1007,474,50,1.03,3.13,6.25,8.16,2477,2
2026-05-17 09:35:20,2.7,10.67,11.06,11.09,1545545,89570,5.8,0,0,0.0,1007,474,50,1.03,3.26,2.57,3.93,2476,4
2026-05-17 09:36:20,1.1,9.60,10.73,10.98,1545545,89560,5.8,0,0,0.0,1007,474,50,1.03,3.06,4.86,6.00,2479,4
2026-05-17 09:37:21,0.9,10.10,10.71,10.96,1545545,89567,5.8,0,0,0.0,1007,474,50,1.03,3.15,2.94,4.12,2495,2
2026-05-17 09:38:21,1.1,10.53,10.72,10.94,1545545,89552,5.8,0,0,0.0,1007,474,50,1.03,3.09,3.40,4.58,2487,1
2026-05-17 09:39:21,1.0,10.80,10.78,10.95,1545545,89556,5.8,0,0,0.0,1007,474,50,1.03,3.26,3.48,4.82,2478,2
2026-05-17 09:40:22,2.1,10.56,10.67,10.90,1545545,89581,5.8,0,0,0.0,1007,474,50,1.03,3.14,3.98,5.02,2468,5
2026-05-17 09:41:22,1.1,10.30,10.55,10.84,1545545,89569,5.8,0,0,0.0,1007,474,50,1.03,3.14,3.92,4.93,2468,3
2026-05-17 09:42:22,0.9,9.85,10.32,10.74,1545545,89592,5.8,0,0,0.0,1007,474,50,1.03,3.19,0.98,2.57,2462,2
2026-05-17 09:43:23,2.0,9.78,10.18,10.66,1545545,89581,5.8,0,0,0.0,1007,474,50,1.03,2.61,5.90,6.86,2471,5
2026-05-17 09:44:23,1.9,9.97,10.13,10.61,1545545,89587,5.8,0,0,0.0,1007,474,50,1.03,3.08,5.31,6.14,2481,2
2026-05-17 09:45:23,1.8,9.87,10.07,10.56,1545545,89596,5.8,0,0,0.0,1007,474,50,1.03,3.32,6.70,7.71,2499,5
2026-05-17 09:46:24,6.3,9.94,10.05,10.53,1545545,89594,5.8,0,0,0.0,1007,474,50,1.03,3.19,5.10,6.03,2500,6
2026-05-17 09:47:24,1.1,9.45,9.95,10.46,1545545,89605,5.8,0,0,0.0,1007,474,50,1.03,3.05,2.97,4.26,2508,5
2026-05-17 09:48:24,1.7,11.75,10.45,10.60,1545545,89578,5.8,0,0,0.0,1007,474,50,1.03,3.07,4.73,5.71,2496,2
2026-05-17 09:49:25,2.5,11.33,10.64,10.66,1545545,89579,5.8,0,0,0.0,1007,474,50,1.03,3.23,6.82,7.54,2496,1
2026-05-17 09:50:25,2.8,10.95,10.62,10.65,1545545,89606,5.8,0,0,0.0,1007,474,50,1.03,3.23,6.78,8.41,2492,4
2026-05-17 09:51:25,1.1,10.38,10.56,10.63,1545545,89623,5.8,0,0,0.0,1007,474,50,1.03,2.96,6.29,7.59,2502,1
2026-05-17 09:52:26,1.0,10.33,10.56,10.62,1545545,89644,5.8,0,0,0.0,1007,474,50,1.03,3.21,9.32,10.28,2502,2
2026-05-17 09:53:26,1.2,9.50,10.28,10.53,1545545,89634,5.8,0,0,0.0,1007,474,50,1.03,3.21,0.95,2.25,2495,2
2026-05-17 09:54:26,0.9,8.98,9.97,10.40,1545545,89617,5.8,0,0,0.0,1007,474,50,1.03,3.02,0.53,1.92,2498,6
2026-05-17 09:55:27,0.9,9.07,9.81,10.32,1545545,89623,5.8,0,0,0.0,1007,474,50,1.03,3.23,1.41,2.89,2492,3
2026-05-17 09:56:27,1.1,10.97,10.18,10.41,1545545,89671,5.8,0,0,0.0,1007,474,50,1.03,3.14,8.07,9.31,2463,3
2026-05-17 09:57:27,1.7,10.57,10.21,10.40,1545545,89678,5.8,0,0,0.0,1007,474,50,1.03,3.27,7.75,8.54,2472,13
2026-05-17 09:58:28,1.6,10.31,10.27,10.42,1545545,89637,5.8,0,0,0.0,1007,474,50,1.03,2.90,1.81,3.06,2477,3
2026-05-17 09:59:28,3.1,10.77,10.35,10.43,1545545,89651,5.8,0,0,0.0,1007,474,50,1.03,3.08,7.08,8.52,2470,4
2026-05-17 10:00:28,6.2,12.39,10.88,10.61,1545545,89634,5.8,0,0,0.0,1007,474,50,1.03,2.95,8.10,10.18,2480,22
2026-05-17 10:01:29,11.7,11.30,10.85,10.62,1545545,89690,5.8,0,0,0.0,1007,474,50,1.03,49.84,9.02,9.60,2486,3
2026-05-17 10:02:29,1.0,10.76,10.84,10.63,1545545,89669,5.8,0,0,0.0,1007,474,50,1.03,2.95,9.56,10.77,2475,3
2026-05-17 10:03:29,1.0,9.47,10.45,10.51,1545545,89643,5.8,0,0,0.0,1007,474,50,1.03,3.19,1.33,2.62,2481,3
2026-05-17 10:04:30,0.8,9.34,10.21,10.42,1545545,89642,5.8,0,0,0.0,1007,474,50,1.03,3.03,0.53,1.88,2486,2
2026-05-17 10:05:30,3.2,9.77,10.14,10.38,1545545,89561,5.8,0,0,0.0,1007,474,50,1.03,3.21,5.15,6.24,2481,4
2026-05-17 10:06:30,3.0,12.26,10.66,10.54,1545545,89579,5.8,0,0,0.0,1007,474,50,1.03,3.13,7.79,9.77,2485,7
2026-05-17 10:07:31,3.2,11.32,10.65,10.54,1545545,89604,5.8,0,0,0.0,1007,474,50,1.03,3.38,9.33,10.73,2500,8
2026-05-17 10:08:31,0.9,10.36,10.56,10.52,1545545,89547,5.8,0,0,0.0,1007,474,50,1.03,3.25,5.54,6.59,2495,4
2026-05-17 10:09:31,3.1,9.78,10.34,10.44,1545545,89564,5.8,0,0,0.0,1007,474,50,1.03,3.25,2.09,3.38,2492,4
2026-05-17 10:10:32,1.0,12.69,11.21,10.75,1545545,89541,5.8,0,0,0.0,1007,474,50,1.03,3.21,8.01,9.40,2492,4
2026-05-17 10:11:32,3.3,15.90,12.28,11.14,1545545,89603,5.8,0,0,0.0,1007,474,50,1.03,3.12,10.68,11.50,2484,6
2026-05-17 10:12:32,1.4,12.09,11.86,11.06,1545545,89586,5.8,0,0,0.0,1007,474,50,1.03,3.18,5.67,6.68,2472,4
2026-05-17 10:13:33,1.2,10.45,11.46,10.98,1545545,89556,5.8,0,0,0.0,1007,474,50,1.03,3.05,3.76,4.74,2470,4
2026-05-17 10:14:33,1.4,9.59,11.03,10.86,1545545,89568,5.8,0,0,0.0,1007,474,50,1.03,3.18,0.55,1.93,2464,3
2026-05-17 10:15:33,6.4,12.10,11.52,11.04,1545545,89585,5.8,0,0,0.0,1007,474,50,1.03,3.35,11.55,12.49,2477,22
2026-05-17 10:16:34,1.0,13.13,12.04,11.25,1545545,89592,5.8,0,0,0.0,1007,474,50,1.03,3.09,8.23,9.91,2487,6
2026-05-17 10:17:34,1.1,11.97,11.86,11.24,1545545,89599,5.8,0,0,0.0,1007,474,50,1.03,3.05,7.46,9.04,2467,2
2026-05-17 10:18:34,1.1,10.61,11.49,11.15,1545545,89603,5.8,0,0,0.0,1007,474,50,1.03,3.26,1.02,2.39,2473,7
2026-05-17 10:19:35,1.0,9.98,11.18,11.06,1545545,89587,5.8,0,0,0.0,1007,474,50,1.03,2.68,4.95,5.87,2483,1
2026-05-17 10:20:35,1.0,10.09,10.98,11.00,1545545,89591,5.8,0,0,0.0,1007,474,50,1.03,3.34,4.59,5.71,2475,6
2026-05-17 10:21:35,0.9,10.13,10.82,10.94,1545545,89608,5.8,0,0,0.0,1007,474,50,1.03,2.88,0.88,2.28,2480,3
2026-05-17 10:22:36,1.3,11.32,11.00,10.99,1545545,89612,5.8,0,0,0.0,1007,474,50,1.03,3.10,5.87,7.45,2489,6
2026-05-17 10:23:36,1.6,10.59,10.81,10.93,1545545,89579,5.8,0,0,0.0,1007,474,50,1.03,3.20,0.57,2.04,2483,4
2026-05-17 10:24:36,1.0,10.50,10.72,10.89,1545545,89599,5.8,0,0,0.0,1007,474,50,1.03,3.01,6.26,6.99,2487,4
2026-05-17 10:25:37,1.5,9.51,10.38,10.76,1545545,89664,5.8,0,0,0.0,1007,474,50,1.03,3.29,3.29,4.54,2494,4
2026-05-17 10:26:37,0.9,9.63,10.31,10.71,1545545,89649,5.8,0,0,0.0,1007,474,50,1.03,3.12,3.93,5.15,2478,4
2026-05-17 10:27:37,1.0,9.28,10.07,10.60,1545545,89653,5.8,0,0,0.0,1007,474,50,1.03,3.18,0.53,1.97,2479,4
2026-05-17 10:28:38,1.0,8.84,9.79,10.47,1545545,89629,5.8,0,0,0.0,1007,474,50,1.03,3.07,0.96,2.38,2490,4
2026-05-17 10:29:38,3.0,9.53,9.78,10.42,1545545,89660,5.8,0,0,0.0,1007,474,50,1.03,2.99,6.22,7.59,2471,13
2026-05-17 10:30:38,10.3,10.12,10.02,10.47,1545545,89662,5.8,0,0,0.0,1007,474,50,1.03,3.37,5.95,7.85,2467,4
2026-05-17 10:31:39,10.3,10.44,10.15,10.49,1545545,89677,5.8,0,0,0.0,1007,474,50,1.03,3.09,9.19,9.78,2477,5
2026-05-17 10:32:39,1.0,12.55,10.94,10.75,1545545,89664,5.8,0,0,0.0,1007,474,50,1.03,3.08,8.89,10.19,2483,6
2026-05-17 10:33:39,2.7,12.25,11.09,10.80,1545545,89664,5.8,0,0,0.0,1007,474,50,1.03,3.30,7.83,8.77,2488,2
2026-05-17 10:34:40,3.0,10.95,10.91,10.76,1545545,89663,5.8,0,0,0.0,1007,474,50,1.03,3.09,8.86,9.36,2492,9
2026-05-17 10:35:40,2.0,10.28,10.77,10.72,1545545,89664,5.8,0,0,0.0,1007,474,50,1.03,3.14,6.22,8.10,2494,4
2026-05-17 10:36:40,0.9,9.33,10.40,10.60,1545545,89675,5.8,0,0,0.0,1007,474,50,1.03,2.94,0.95,2.37,2488,1
2026-05-17 10:37:41,1.1,11.76,10.86,10.74,1545545,89686,5.8,0,0,0.0,1007,474,50,1.03,3.08,7.44,8.81,2477,6
2026-05-17 10:38:41,3.2,13.82,11.55,10.98,1545545,89675,5.8,0,0,0.0,1007,474,50,1.03,3.18,10.82,11.93,2476,8
2026-05-17 10:39:41,1.6,12.65,11.63,11.04,1545545,89558,5.8,0,0,0.0,1007,474,50,1.03,2.94,11.81,12.88,2482,3
2026-05-17 10:40:42,1.7,11.22,11.39,11.00,1545545,89592,5.8,0,0,0.0,1007,474,50,1.03,3.20,2.69,3.84,2468,5
2026-05-17 10:41:42,1.0,13.34,12.22,11.32,1545545,89563,5.8,0,0,0.0,1007,474,50,1.03,3.15,7.83,9.83,2466,7
2026-05-17 10:42:42,1.0,11.63,11.96,11.29,1545545,89558,5.8,0,0,0.0,1007,474,50,1.03,3.26,6.17,7.02,2465,3
2026-05-17 10:43:43,1.3,10.35,11.53,11.19,1545545,89552,5.8,0,0,0.0,1007,474,50,1.03,3.06,6.16,7.02,2474,3
2026-05-17 10:44:43,0.8,9.69,11.10,11.06,1545545,89546,5.8,0,0,0.0,1007,474,50,1.03,3.10,0.89,2.27,2470,3
2026-05-17 10:45:43,1.1,11.38,11.38,11.16,1545545,89574,5.8,0,0,0.0,1007,474,50,1.03,3.41,6.37,7.74,2474,3
2026-05-17 10:46:44,0.9,12.94,11.81,11.32,1545545,89583,5.8,0,0,0.0,1007,474,50,1.03,3.17,7.64,9.05,2476,1
2026-05-17 10:47:44,3.1,10.95,11.39,11.20,1545545,89594,5.8,0,0,0.0,1007,474,50,1.03,2.92,3.44,4.71,2481,9
2026-05-17 10:48:44,1.0,10.04,11.11,11.12,1545545,89593,5.8,0,0,0.0,1007,474,50,1.03,3.28,6.82,7.78,2464,2
2026-05-17 10:49:45,1.0,9.80,10.85,11.02,1545545,89565,5.8,0,0,0.0,1007,474,50,1.03,3.02,0.95,2.26,2457,1
2026-05-17 10:50:45,0.9,9.43,10.55,10.91,1545545,89593,5.8,0,0,0.0,1007,474,50,1.03,3.12,2.97,4.08,2477,7
2026-05-17 10:51:45,1.0,9.06,10.25,10.78,1545545,89613,5.8,0,0,0.0,1007,474,50,1.03,3.12,0.61,2.10,2462,1
2026-05-17 10:52:46,0.9,12.35,10.96,10.99,1545545,89593,5.8,0,0,0.0,1007,474,50,1.03,3.22,7.75,9.47,2469,1
2026-05-17 10:53:46,1.3,10.30,10.60,10.87,1545545,89592,5.8,0,0,0.0,1007,474,50,1.03,3.32,0.97,2.45,2482,4
2026-05-17 10:54:46,0.8,9.44,10.31,10.75,1545545,89606,5.8,0,0,0.0,1007,474,50,1.03,2.89,0.90,2.26,2490,1
2026-05-17 10:55:47,1.3,9.19,10.04,10.63,1545545,89624,5.8,0,0,0.0,1007,474,50,1.03,3.40,1.36,2.65,2479,5
2026-05-17 10:56:47,0.9,11.50,10.43,10.72,1545545,89654,5.8,0,0,0.0,1007,474,50,1.03,2.85,7.11,8.05,2483,2
2026-05-17 10:57:47,2.0,14.83,11.57,11.09,1545545,89641,5.8,0,0,0.0,1007,474,50,1.03,3.05,7.02,8.63,2478,2
2026-05-17 10:58:48,0.9,11.31,11.16,10.98,1545545,89632,5.8,0,0,0.0,1007,474,50,1.03,3.20,0.98,2.47,2465,2
2026-05-17 10:59:48,1.6,12.38,11.46,11.09,1545545,89665,5.8,0,0,0.0,1007,474,50,1.03,3.19,5.49,6.36,2464,5
2026-05-17 11:00:48,5.9,12.61,11.59,11.16,1545545,89680,5.8,0,0,0.0,1007,474,50,1.03,3.26,4.07,5.06,2464,26
2026-05-17 11:01:49,0.8,14.98,12.67,11.57,1545545,89659,5.8,0,0,0.0,1007,474,50,1.03,49.33,6.73,8.17,2458,2
2026-05-17 11:02:49,0.9,11.81,12.25,11.50,1545545,89630,5.8,0,0,0.0,1007,474,50,1.03,3.13,4.56,5.52,2467,1
2026-05-17 11:03:49,0.8,12.74,12.60,11.67,1545545,89638,5.8,0,0,0.0,1007,474,50,1.03,3.22,5.33,6.65,2479,9
2026-05-17 11:04:50,2.8,18.58,14.41,12.36,1545545,89663,5.8,0,0,0.0,1007,474,50,1.03,3.14,10.14,11.06,2474,5
2026-05-17 11:05:50,2.4,16.83,14.49,12.50,1545545,89684,5.8,0,0,0.0,1007,474,50,1.03,3.21,6.25,7.30,2485,3
2026-05-17 11:06:50,2.1,15.24,14.46,12.62,1545545,89692,5.8,0,0,0.0,1007,474,50,1.03,3.21,12.80,13.14,2485,6
2026-05-17 11:07:51,0.8,12.32,13.75,12.49,1545545,89666,5.8,0,0,0.0,1007,474,50,1.03,3.32,4.75,5.74,2491,1
2026-05-17 11:08:51,3.3,13.71,13.94,12.64,1545545,89670,5.8,0,0,0.0,1007,474,50,1.03,2.76,11.82,13.30,2488,9
2026-05-17 11:09:51,1.9,12.55,13.59,12.60,1545545,89678,5.8,0,0,0.0,1007,474,50,1.03,3.23,5.82,6.85,2488,2
2026-05-17 11:10:52,0.8,10.37,12.79,12.38,1545545,89678,5.8,0,0,0.0,1007,474,50,1.03,3.13,1.35,2.59,2480,4
2026-05-17 11:11:52,3.1,10.13,12.26,12.22,1545545,89716,5.8,0,0,0.0,1007,474,50,1.03,3.30,6.14,7.25,2484,5
2026-05-17 11:12:52,1.1,11.75,12.45,12.30,1545545,89551,5.8,0,0,0.0,1007,474,50,1.03,2.97,8.04,8.99,2480,1
2026-05-17 11:13:53,0.9,10.33,11.93,12.13,1545545,89549,5.8,0,0,0.0,1007,474,50,1.03,3.07,1.01,2.48,2469,5
2026-05-17 11:14:53,1.8,11.01,11.76,12.05,1545545,89576,5.8,0,0,0.0,1007,474,50,1.03,3.23,3.60,4.65,2463,2
2026-05-17 11:15:53,1.8,10.60,11.55,11.96,1545545,89599,5.8,0,0,0.0,1007,474,50,1.03,3.09,6.36,7.07,2475,5
2026-05-17 11:16:54,1.0,10.28,11.24,11.83,1545545,89591,5.8,0,0,0.0,1007,474,50,1.03,3.22,2.20,3.57,2472,2
2026-05-17 11:17:54,1.9,10.77,11.15,11.75,1545545,89580,5.8,0,0,0.0,1007,474,50,1.03,3.27,6.14,6.99,2472,2
2026-05-17 11:18:54,1.0,10.72,11.11,11.70,1545545,89565,5.8,0,0,0.0,1007,474,50,1.03,3.14,7.51,8.66,2481,2
2026-05-17 11:19:55,2.1,10.82,11.04,11.63,1545545,89599,5.8,0,0,0.0,1007,474,50,1.03,3.13,8.90,9.83,2486,3
2026-05-17 11:20:55,0.8,9.71,10.70,11.48,1545545,89600,5.8,0,0,0.0,1007,474,50,1.03,3.20,2.31,3.47,2476,1
2026-05-17 11:21:55,0.8,9.97,10.60,11.40,1545545,89609,5.8,0,0,0.0,1007,474,50,1.03,3.23,0.54,1.99,2462,2
2026-05-17 11:22:56,1.8,13.55,11.38,11.61,1545545,89626,5.8,0,0,0.0,1007,474,50,1.03,3.11,10.31,10.99,2458,2
2026-05-17 11:23:56,1.2,10.69,10.97,11.45,1545545,89624,5.8,0,0,0.0,1007,474,50,1.03,3.11,5.56,6.48,2461,4
2026-05-17 11:24:56,0.9,10.90,11.00,11.43,1545545,89599,5.8,0,0,0.0,1007,474,50,1.03,3.13,3.73,4.93,2460,2
2026-05-17 11:25:57,1.7,12.40,11.37,11.53,1545545,89634,5.8,0,0,0.0,1007,474,50,1.03,3.32,8.11,9.21,2461,2
2026-05-17 11:26:57,3.1,11.99,11.50,11.57,1545545,89640,5.8,0,0,0.0,1007,474,50,1.03,3.13,9.31,11.29,2475,5
2026-05-17 11:27:57,0.8,11.44,11.55,11.59,1545545,89601,5.8,0,0,0.0,1007,474,50,1.03,2.99,5.76,7.60,2479,7
2026-05-17 11:28:58,3.0,10.90,11.32,11.50,1545545,89621,5.8,0,0,0.0,1007,474,50,1.03,2.77,7.52,8.58,2481,4
2026-05-17 11:29:58,0.9,10.00,11.02,11.39,1545545,89605,5.8,0,0,0.0,1007,474,50,1.03,3.12,6.01,7.50,2490,2
2026-05-17 11:30:58,2.0,10.03,10.85,11.31,1545545,89650,5.8,0,0,0.0,1007,474,50,1.03,3.10,6.42,7.16,2488,5
2026-05-17 11:31:59,2.9,13.52,11.57,11.52,1545545,89657,5.8,0,0,0.0,1007,474,50,1.03,3.02,8.35,10.22,2482,9
2026-05-17 11:32:59,0.9,11.11,11.26,11.41,1545545,89634,5.8,0,0,0.0,1007,474,50,1.03,3.24,4.28,5.92,2481,5
2026-05-17 11:33:59,0.9,10.16,10.96,11.30,1545545,89638,5.8,0,0,0.0,1007,474,50,1.03,3.20,1.66,2.96,2469,1
2026-05-17 11:35:00,0.9,9.53,10.63,11.16,1545545,89636,5.8,0,0,0.0,1007,474,50,1.03,3.03,0.57,2.08,2469,1
2026-05-17 11:36:00,2.4,9.36,10.37,11.04,1545545,89651,5.8,0,0,0.0,1007,474,50,1.03,3.27,0.58,1.95,2460,1
2026-05-17 11:37:00,0.9,9.64,10.24,10.95,1545545,89683,5.8,0,0,0.0,1007,474,50,1.03,3.11,5.35,6.31,2465,3
2026-05-17 11:38:01,1.8,9.50,10.09,10.85,1545545,89673,5.8,0,0,0.0,1007,474,50,1.03,3.20,5.98,7.03,2467,2
2026-05-17 11:39:01,1.7,12.65,10.70,11.00,1545545,89675,5.8,0,0,0.0,1007,474,50,1.03,2.95,6.05,7.00,2484,3
2026-05-17 11:40:01,2.0,13.00,11.08,11.11,1545545,89674,5.8,0,0,0.0,1007,474,50,1.03,3.29,7.33,8.45,2477,3
2026-05-17 11:41:02,0.9,12.54,11.29,11.17,1545545,89700,5.8,0,0,0.0,1007,474,50,1.03,3.41,10.24,11.16,2491,1
2026-05-17 11:42:02,1.0,10.12,10.83,11.02,1545545,89665,5.8,0,0,0.0,1007,474,50,1.03,3.02,0.56,2.01,2477,2
2026-05-17 11:43:02,0.8,9.09,10.39,10.86,1545545,89646,5.8,0,0,0.0,1007,474,50,1.03,3.12,1.46,2.88,2470,10
2026-05-17 11:44:03,1.0,9.40,10.23,10.77,1545545,89668,5.8,0,0,0.0,1007,474,50,1.03,3.07,2.10,3.33,2465,4
2026-05-17 11:45:03,1.0,10.25,10.36,10.79,1545545,89668,5.8,0,0,0.0,1007,474,50,1.03,3.18,5.80,6.80,2474,1
2026-05-17 11:46:03,0.8,9.34,10.08,10.66,1545545,89689,5.8,0,0,0.0,1007,474,50,1.03,3.39,0.55,1.90,2466,2
2026-05-17 11:47:04,1.1,9.79,10.06,10.62,1545545,89578,5.8,0,0,0.0,1007,474,50,1.03,2.99,0.51,1.86,2471,2
2026-05-17 11:48:04,1.0,9.20,9.84,10.50,1545545,89549,5.8,0,0,0.0,1007,474,50,1.03,3.22,1.05,2.55,2479,6
2026-05-17 11:49:04,0.8,11.67,10.45,10.67,1545545,89568,5.8,0,0,0.0,1007,474,50,1.03,3.12,8.61,10.06,2484,3
2026-05-17 11:50:05,1.3,10.37,10.31,10.61,1545545,89565,5.8,0,0,0.0,1007,474,50,1.03,3.14,5.77,6.87,2474,1
2026-05-17 11:51:05,0.9,10.22,10.27,10.58,1545545,89578,5.8,0,0,0.0,1007,474,50,1.03,3.25,4.15,5.18,2478,2
2026-05-17 11:52:05,1.7,10.37,10.22,10.54,1545545,89608,5.8,0,0,0.0,1007,474,50,1.03,2.58,5.81,6.97,2482,3
2026-05-17 11:53:06,0.8,11.92,10.75,10.70,1545545,89571,5.8,0,0,0.0,1007,474,50,1.03,3.30,6.06,7.05,2476,2
2026-05-17 11:54:06,1.8,10.83,10.66,10.67,1545545,89593,5.8,0,0,0.0,1007,474,50,1.03,3.00,3.38,4.40,2472,4
2026-05-17 11:55:06,1.6,12.18,11.12,10.83,1545545,89578,5.8,0,0,0.0,1007,474,50,1.03,3.14,3.37,4.65,2480,4
2026-05-17 11:56:07,0.8,10.76,10.94,10.79,1545545,89628,5.8,0,0,0.0,1007,474,50,1.03,3.28,3.06,4.11,2480,4
2026-05-17 11:57:07,0.9,10.87,10.98,10.82,1545545,89633,5.8,0,0,0.0,1007,474,50,1.03,2.98,8.35,9.56,2486,6
2026-05-17 11:58:07,0.9,9.85,10.68,10.72,1545545,89604,5.8,0,0,0.0,1007,474,50,1.03,3.28,5.87,6.80,2487,2
2026-05-17 11:59:08,1.0,9.96,10.58,10.69,1545545,89605,5.8,0,0,0.0,1007,474,50,1.03,3.04,4.55,5.51,2487,3
2026-05-17 12:00:08,1.8,9.82,10.40,10.62,1545545,89617,5.8,0,0,0.0,1007,474,50,1.03,3.19,7.18,7.93,2473,2
2026-05-17 12:01:08,1.1,10.16,10.43,10.62,1545545,89639,5.8,0,0,0.0,1007,474,50,1.03,52.41,7.18,8.14,2462,2
2026-05-17 12:02:09,1.2,14.33,11.35,10.91,1545545,89647,5.8,0,0,0.0,1007,474,50,1.03,3.24,4.84,6.06,2444,2
2026-05-17 12:03:09,2.9,11.52,11.04,10.82,1545545,89629,5.8,0,0,0.0,1007,474,50,1.03,3.24,7.82,8.96,2449,6
2026-05-17 12:04:09,1.8,11.81,11.19,10.89,1545545,89632,5.8,0,0,0.0,1007,474,50,1.03,3.06,8.98,10.10,2452,3
2026-05-17 12:05:10,1.0,10.06,10.84,10.79,1545545,89611,5.8,0,0,0.0,1007,474,50,1.03,3.00,0.55,1.89,2455,3
2026-05-17 12:06:10,1.9,10.73,10.86,10.80,1545545,89643,5.8,0,0,0.0,1007,474,50,1.03,3.37,4.65,5.79,2459,1
2026-05-17 12:07:10,2.9,11.15,10.90,10.81,1545545,89690,5.8,0,0,0.0,1007,474,50,1.03,3.17,7.92,9.40,2472,8
2026-05-17 12:08:11,2.8,10.02,10.64,10.73,1545545,89683,5.8,0,0,0.0,1007,474,50,1.03,3.21,7.75,8.70,2474,2
2026-05-17 12:09:11,1.6,9.92,10.50,10.68,1545545,89683,5.8,0,0,0.0,1007,474,50,1.03,3.14,5.80,6.65,2470,3
2026-05-17 12:10:11,0.9,9.99,10.44,10.64,1545545,89661,5.8,0,0,0.0,1007,474,50,1.03,3.18,8.19,9.33,2462,8
2026-05-17 12:11:11,1.0,9.60,10.27,10.58,1545545,89684,5.8,0,0,0.0,1007,474,50,1.03,2.98,2.75,4.01,2461,1
2026-05-17 12:12:12,0.9,9.55,10.11,10.50,1545545,89685,5.8,0,0,0.0,1007,474,50,1.03,2.97,3.36,4.44,2467,2
2026-05-17 12:13:12,1.6,9.43,9.97,10.42,1545545,89682,5.8,0,0,0.0,1007,474,50,1.03,3.18,3.64,4.95,2469,4
2026-05-17 12:14:12,2.0,9.53,9.90,10.37,1545545,89696,5.8,0,0,0.0,1007,474,50,1.03,3.09,6.86,7.60,2472,5
2026-05-17 12:15:13,1.0,8.84,9.63,10.24,1545545,89679,5.8,0,0,0.0,1007,474,50,1.03,3.41,1.11,2.45,2475,1
2026-05-17 12:16:13,3.2,12.06,10.50,10.51,1545545,89714,5.8,0,0,0.0,1007,474,50,1.03,3.16,12.57,13.31,2475,7
2026-05-17 12:17:14,8.4,10.76,10.42,10.48,1545545,89719,5.8,0,0,0.0,1007,474,50,1.03,3.02,6.37,7.57,2466,4
2026-05-17 12:18:14,1.0,11.15,10.58,10.53,1545545,89690,5.8,0,0,0.0,1007,474,50,1.03,3.26,10.20,11.79,2462,2
2026-05-17 12:19:14,1.1,9.87,10.33,10.45,1545545,89667,5.8,0,0,0.0,1007,474,50,1.03,2.99,0.52,1.90,2464,3
2026-05-17 12:20:15,1.3,9.20,10.04,10.34,1545545,89674,5.8,0,0,0.0,1007,474,50,1.03,3.16,2.48,3.67,2467,1
2026-05-17 12:21:15,3.2,9.45,9.94,10.29,1545545,89595,5.8,0,0,0.0,1007,474,50,1.03,3.33,4.94,6.16,2457,9
2026-05-17 12:22:15,1.0,10.34,10.18,10.35,1545545,89589,5.8,0,0,0.0,1007,474,50,1.03,3.14,4.76,6.41,2470,5
2026-05-17 12:23:15,1.0,10.69,10.38,10.41,1545545,89557,5.8,0,0,0.0,1007,474,50,1.03,2.99,6.98,7.78,2478,3
2026-05-17 12:24:16,3.2,11.83,10.77,10.55,1545545,89597,5.8,0,0,0.0,1007,474,50,1.03,3.20,8.80,10.37,2476,6
2026-05-17 12:25:16,2.1,12.30,10.96,10.62,1545545,89588,5.8,0,0,0.0,1007,474,50,1.03,3.25,8.04,8.72,2477,5
2026-05-17 12:26:17,1.4,11.41,10.96,10.64,1545545,89593,5.8,0,0,0.0,1007,474,50,1.03,3.41,8.39,9.52,2485,1
2026-05-17 12:27:17,0.9,9.95,10.64,10.55,1545545,89606,5.8,0,0,0.0,1007,474,50,1.03,2.91,1.41,2.65,2474,2
2026-05-17 12:28:17,2.0,9.62,10.44,10.49,1545545,89589,5.8,0,0,0.0,1007,474,50,1.03,3.16,0.58,2.12,2459,1
2026-05-17 12:29:18,2.0,9.53,10.29,10.43,1545545,89600,5.8,0,0,0.0,1007,474,50,1.03,3.12,0.58,2.05,2458,3
2026-05-17 12:30:18,3.7,10.22,10.30,10.43,1545545,89635,5.8,0,0,0.0,1007,474,50,2.07,3.08,5.45,6.45,2463,5
2026-05-17 12:31:18,2.7,10.09,10.27,10.41,1545545,89660,5.8,0,0,0.0,1007,474,50,1.03,3.24,9.43,10.65,2471,3
2026-05-17 12:32:18,6.6,9.53,10.07,10.33,1545545,89650,5.8,0,0,0.0,1007,474,50,1.03,3.11,0.99,2.31,2480,3
2026-05-17 12:33:19,1.8,9.24,9.91,10.26,1545545,89619,5.8,0,0,0.0,1007,474,50,0.00,3.18,5.89,7.41,2495,18
2026-05-17 12:34:19,2.0,8.96,9.69,10.16,1545545,89626,5.8,0,0,0.0,1007,474,50,2.07,3.18,1.90,3.19,2490,2
2026-05-17 12:35:20,1.2,9.36,9.66,10.12,1545545,89620,5.8,0,0,0.0,1007,474,50,1.03,3.25,2.44,3.76,2488,1
2026-05-17 12:36:20,3.6,9.40,9.57,10.05,1545545,89649,5.8,0,0,0.0,1007,474,50,1.03,3.29,0.89,2.45,2475,3
2026-05-17 12:37:20,1.9,10.19,9.75,10.08,1545545,89682,5.8,0,0,0.0,1007,474,50,1.03,3.11,2.22,3.43,2467,3
2026-05-17 12:38:21,3.0,10.49,9.88,10.10,1545545,89643,5.8,0,0,0.0,1007,474,50,1.03,3.03,8.63,9.86,2461,5
2026-05-17 12:39:21,1.8,11.07,10.04,10.14,1545545,89647,5.8,0,0,0.0,1007,474,50,1.03,2.87,5.30,6.38,2471,2
2026-05-17 12:40:21,0.9,10.12,10.03,10.13,1545545,89627,5.8,0,0,0.0,1007,474,50,1.03,3.30,2.44,3.62,2479,2
2026-05-17 12:41:22,0.9,9.37,9.83,10.06,1545545,89674,5.8,0,0,0.0,1007,474,50,1.03,3.12,4.29,5.39,2474,1
2026-05-17 12:42:22,1.1,9.30,9.72,10.00,1545545,89699,5.8,0,0,0.0,1007,474,50,1.03,3.12,0.57,2.04,2482,2
2026-05-17 12:43:22,1.0,12.81,10.55,10.27,1545545,89675,5.8,0,0,0.0,1007,474,50,1.03,3.14,2.89,4.07,2471,5
2026-05-17 12:44:23,3.1,13.82,11.11,10.47,1545545,89700,5.8,0,0,0.0,1007,474,50,1.03,3.12,4.35,5.81,2470,6
2026-05-17 12:45:23,1.0,12.48,11.25,10.56,1545545,89685,5.8,0,0,0.0,1007,474,50,1.03,3.15,2.47,4.14,2473,2
2026-05-17 12:46:23,0.9,10.70,11.00,10.52,1545545,89693,5.8,0,0,0.0,1007,474,50,1.03,3.18,0.58,2.10,2477,3
2026-05-17 12:47:24,11.8,16.81,12.69,11.13,1545545,89726,5.8,0,0,0.0,1007,474,50,1.03,3.15,10.35,11.56,2486,8
2026-05-17 12:48:24,1.2,13.38,12.48,11.15,1545545,89676,5.8,0,0,0.0,1007,474,50,1.03,3.04,6.03,6.93,2493,3
2026-05-17 12:49:24,1.0,11.53,12.12,11.11,1545545,89692,5.8,0,0,0.0,1007,474,50,1.03,3.13,3.42,4.73,2488,4
2026-05-17 12:50:25,2.0,10.20,11.61,11.00,1545545,89686,5.8,0,0,0.0,1007,474,50,1.03,3.29,2.56,3.71,2486,1
2026-05-17 12:51:25,3.0,13.84,12.26,11.25,1545545,89725,5.8,0,0,0.0,1007,474,50,1.03,3.31,10.40,11.54,2493,5
2026-05-17 12:52:25,1.3,12.19,12.05,11.24,1545545,89727,5.8,0,0,0.0,1007,474,50,1.03,3.07,3.88,5.48,2491,7
2026-05-17 12:53:26,1.0,10.14,11.49,11.10,1545545,89694,5.8,0,0,0.0,1007,474,50,1.03,2.89,0.93,2.28,2483,1
2026-05-17 12:54:26,1.3,9.20,10.99,10.95,1545545,89703,5.8,0,0,0.0,1007,474,50,1.03,3.31,0.60,2.10,2475,4
2026-05-17 12:55:26,1.8,10.01,10.91,10.93,1545545,89621,5.8,0,0,0.0,1007,474,50,1.03,3.17,7.51,8.17,2486,2
2026-05-17 12:56:27,1.9,9.62,10.63,10.83,1545545,89629,5.8,0,0,0.0,1007,474,50,1.03,3.21,6.40,7.19,2493,3
2026-05-17 12:57:27,0.9,9.03,10.29,10.70,1545545,89621,5.8,0,0,0.0,1007,474,50,1.03,3.10,1.92,3.31,2493,7
2026-05-17 12:58:27,1.0,9.04,10.07,10.59,1545545,89617,5.8,0,0,0.0,1007,474,50,1.03,3.01,3.35,4.44,2495,6
2026-05-17 12:59:28,1.1,10.74,10.34,10.65,1545545,89604,5.8,0,0,0.0,1007,474,50,1.03,3.20,8.80,9.98,2500,2
2026-05-17 13:00:28,0.9,10.22,10.26,10.61,1545545,89613,5.8,0,0,0.0,1007,474,50,1.03,3.01,4.12,5.17,2483,3
2026-05-17 13:01:28,1.1,9.92,10.21,10.57,1545545,89641,5.8,0,0,0.0,1007,474,50,1.03,49.74,3.04,4.20,2501,5
2026-05-17 13:02:29,0.9,11.43,10.53,10.65,1545545,89642,5.8,0,0,0.0,1007,474,50,1.03,3.08,4.99,5.99,2491,2
2026-05-17 13:03:29,1.8,10.93,10.60,10.67,1545545,89617,5.8,0,0,0.0,1007,474,50,1.03,2.92,4.67,5.61,2473,5
2026-05-17 13:04:29,1.0,12.20,10.95,10.78,1545545,89622,5.8,0,0,0.0,1007,474,50,1.03,3.23,10.87,11.40,2497,1
2026-05-17 13:05:30,3.1,12.80,11.16,10.85,1545545,89634,5.8,0,0,0.0,1007,474,50,1.03,3.18,2.97,4.29,2502,5
2026-05-17 13:06:30,0.9,11.89,11.26,10.91,1545545,89628,5.8,0,0,0.0,1007,474,50,1.03,3.32,6.94,8.50,2468,3
2026-05-17 13:07:30,0.9,13.80,12.00,11.19,1545545,89660,5.8,0,0,0.0,1007,474,50,1.03,3.42,6.32,8.02,2475,4
2026-05-17 13:08:31,1.0,12.10,11.84,11.19,1545545,89621,5.8,0,0,0.0,1007,474,50,1.03,3.98,4.47,5.60,2470,6
2026-05-17 13:09:31,3.1,13.28,12.22,11.36,1545545,89638,5.8,0,0,0.0,1007,474,50,1.03,3.23,10.30,11.34,2455,4
2026-05-17 13:10:31,0.8,11.46,11.96,11.33,1545545,89615,5.8,0,0,0.0,1007,474,50,1.03,3.20,4.27,6.17,2464,4
2026-05-17 13:11:32,0.9,9.98,11.45,11.19,1545545,89652,5.8,0,0,0.0,1007,474,50,1.03,3.01,2.16,3.38,2468,1
2026-05-17 13:12:32,3.0,10.43,11.21,11.12,1545545,89683,5.8,0,0,0.0,1007,474,50,1.03,3.12,3.17,4.59,2475,6
2026-05-17 13:13:32,1.7,10.59,11.14,11.10,1545545,89651,5.8,0,0,0.0,1007,474,50,1.03,3.16,7.34,8.19,2491,9
2026-05-17 13:14:33,0.9,9.47,10.71,10.95,1545545,89640,5.8,0,0,0.0,1007,474,50,1.03,3.14,1.22,2.66,2491,2
2026-05-17 13:15:33,0.9,10.70,10.99,11.04,1545545,89675,5.8,0,0,0.0,1007,474,50,1.03,3.11,0.48,1.91,2473,3
2026-05-17 13:16:33,5.3,10.18,10.77,10.96,1545545,89704,5.8,0,0,0.0,1007,474,50,1.03,3.20,3.29,4.42,2490,19
2026-05-17 13:17:34,0.9,10.59,10.74,10.94,1545545,89689,5.8,0,0,0.0,1007,474,50,1.03,3.27,5.39,6.50,2489,1
2026-05-17 13:18:34,1.8,11.58,10.88,10.96,1545545,89690,5.8,0,0,0.0,1007,474,50,1.03,2.93,5.46,6.49,2483,3
2026-05-17 13:19:34,0.9,9.94,10.54,10.84,1545545,89692,5.8,0,0,0.0,1007,474,50,1.03,3.18,4.92,6.01,2495,6
2026-05-17 13:20:35,1.3,10.10,10.46,10.79,1545545,89676,5.8,0,0,0.0,1007,474,50,1.03,3.25,5.33,6.24,2495,4
2026-05-17 13:21:35,1.8,10.74,10.59,10.81,1545545,89709,5.8,0,0,0.0,1007,474,50,1.03,3.07,5.98,6.98,2488,4
2026-05-17 13:22:35,0.9,10.22,10.53,10.78,1545545,89703,5.8,0,0,0.0,1007,474,50,1.03,3.17,5.10,6.17,2467,3
2026-05-17 13:23:36,1.0,9.53,10.28,10.68,1545545,89683,5.8,0,0,0.0,1007,474,50,1.03,3.05,0.56,1.89,2486,9
2026-05-17 13:24:36,1.2,8.96,9.98,10.55,1545545,89709,5.8,0,0,0.0,1007,474,50,1.03,3.32,0.63,2.11,2483,3
2026-05-17 13:25:36,2.2,9.76,9.99,10.51,1545545,89719,5.8,0,0,0.0,1007,474,50,1.03,3.11,7.16,7.84,2481,6
2026-05-17 13:26:37,3.0,11.84,10.52,10.66,1545545,89729,5.8,0,0,0.0,1007,474,50,1.03,3.26,11.28,12.89,2491,4
2026-05-17 13:27:37,1.9,13.91,11.29,10.92,1545545,89736,5.8,0,0,0.0,1007,474,50,1.03,2.83,12.06,13.50,2486,2
2026-05-17 13:28:37,1.0,11.96,11.25,10.93,1545545,89694,5.8,0,0,0.0,1007,474,50,1.03,3.07,4.93,6.02,2471,5
2026-05-17 13:29:38,1.4,11.24,11.18,10.93,1545545,89567,5.8,0,0,0.0,1007,474,50,1.03,3.18,6.96,7.97,2479,2
2026-05-17 13:30:38,1.1,9.81,10.79,10.81,1545545,89599,5.8,0,0,0.0,1007,474,50,1.03,3.22,1.79,3.07,2481,1
2026-05-17 13:31:38,1.1,9.58,10.53,10.71,1545545,89618,5.8,0,0,0.0,1007,474,50,1.03,3.15,4.92,5.90,2481,6
2026-05-17 13:32:39,5.2,9.51,10.38,10.65,1545545,89617,5.8,0,0,0.0,1007,474,50,1.03,3.20,3.06,4.32,2497,2
2026-05-17 13:33:39,1.0,10.15,10.41,10.65,1545545,89586,5.8,0,0,0.0,1007,474,50,1.03,3.00,9.22,9.99,2493,3
2026-05-17 13:34:39,1.7,9.79,10.28,10.59,1545545,89586,5.8,0,0,0.0,1007,474,50,1.03,3.17,6.46,7.59,2479,1
2026-05-17 13:35:40,1.0,10.86,10.58,10.67,1545545,89621,5.8,0,0,0.0,1007,474,50,1.03,3.23,3.36,4.77,2478,1
2026-05-17 13:36:40,3.3,10.15,10.37,10.60,1545545,89642,5.8,0,0,0.0,1007,474,50,1.03,3.18,6.02,6.87,2470,3
2026-05-17 13:37:40,0.9,10.14,10.30,10.55,1545545,89644,5.8,0,0,0.0,1007,474,50,1.03,3.10,3.87,5.09,2453,1
2026-05-17 13:38:40,1.3,10.38,10.31,10.54,1545545,89618,5.8,0,0,0.0,1007,474,50,1.03,3.13,0.54,1.90,2470,5
2026-05-17 13:39:41,3.1,13.11,10.91,10.72,1545545,89646,5.8,0,0,0.0,1007,474,50,1.03,3.05,8.96,10.75,2471,20
2026-05-17 13:40:41,0.9,12.03,11.08,10.80,1545545,89634,5.8,0,0,0.0,1007,474,50,1.03,3.47,8.03,9.34,2472,3
2026-05-17 13:41:41,3.0,11.82,11.02,10.79,1545545,89656,5.8,0,0,0.0,1007,474,50,1.03,2.98,3.14,4.36,2480,4
2026-05-17 13:42:42,0.9,10.45,10.85,10.74,1545545,89644,5.8,0,0,0.0,1007,474,50,1.03,3.28,3.88,5.44,2486,5
2026-05-17 13:43:42,0.9,9.30,10.45,10.61,1545545,89624,5.8,0,0,0.0,1007,474,50,1.03,3.09,1.72,3.07,2474,2
2026-05-17 13:44:42,1.0,9.52,10.31,10.56,1545545,89630,5.8,0,0,0.0,1007,474,50,1.03,3.02,0.93,2.25,2463,7
2026-05-17 13:45:43,2.0,11.09,10.50,10.59,1545545,89679,5.8,0,0,0.0,1007,474,50,1.03,2.98,4.35,5.50,2470,3
2026-05-17 13:46:43,0.9,9.80,10.23,10.49,1545545,89661,5.8,0,0,0.0,1007,474,50,1.03,3.17,0.86,2.15,2463,3
2026-05-17 13:47:43,9.0,9.99,10.18,10.46,1545545,89647,5.8,0,0,0.0,1007,474,50,1.03,3.27,2.57,3.96,2473,2
2026-05-17 13:48:44,0.8,9.53,9.99,10.37,1545545,89643,5.8,0,0,0.0,1007,474,50,1.03,2.89,0.92,2.23,2474,2
2026-05-17 13:49:44,1.1,10.91,10.34,10.47,1545545,89671,5.8,0,0,0.0,1007,474,50,1.03,3.09,6.98,7.67,2476,3
2026-05-17 13:50:44,1.5,9.71,10.12,10.38,1545545,89694,5.8,0,0,0.0,1007,474,50,1.03,3.44,0.96,2.49,2473,3
2026-05-17 13:51:45,0.8,9.72,10.01,10.33,1545545,89698,5.8,0,0,0.0,1007,474,50,1.03,3.07,4.88,6.06,2483,2
2026-05-17 13:52:45,0.9,9.01,9.75,10.22,1545545,89678,5.8,0,0,0.0,1007,474,50,1.03,3.21,5.41,6.41,2478,1
2026-05-17 13:53:45,1.6,9.56,9.72,10.17,1545545,89710,5.8,0,0,0.0,1007,474,50,1.03,3.10,4.16,5.13,2473,4
2026-05-17 13:54:46,1.0,9.94,9.76,10.16,1545545,89692,5.8,0,0,0.0,1007,474,50,1.03,3.12,6.55,7.32,2478,3
2026-05-17 13:55:46,1.4,10.72,10.02,10.22,1545545,89711,5.8,0,0,0.0,1007,474,50,1.03,3.41,7.72,8.77,2488,2
2026-05-17 13:56:46,1.1,10.18,9.97,10.19,1545545,89714,5.8,0,0,0.0,1007,474,50,1.03,3.05,0.64,1.95,2473,5
2026-05-17 13:57:47,1.0,10.18,10.04,10.19,1545545,89709,5.8,0,0,0.0,1007,474,50,1.03,3.27,5.88,6.85,2470,1
2026-05-17 13:58:47,1.4,9.69,9.92,10.14,1545545,89703,5.8,0,0,0.0,1007,474,50,1.03,3.14,5.77,6.68,2472,4
2026-05-17 13:59:47,3.6,10.26,9.96,10.14,1545545,89739,5.8,0,0,0.0,1007,474,50,1.03,3.10,5.90,6.80,2481,3
2026-05-17 14:00:48,3.0,11.57,10.23,10.21,1545545,89756,5.8,0,0,0.0,1007,474,50,1.03,3.21,6.46,7.84,2477,31
2026-05-17 14:01:48,2.0,10.47,10.19,10.20,1545545,89754,5.8,0,0,0.0,1007,474,50,1.03,51.70,4.31,5.85,2485,11
2026-05-17 14:02:48,1.3,12.38,10.85,10.43,1545545,89587,5.8,0,0,0.0,1007,474,50,1.03,3.23,10.10,11.43,2488,1
2026-05-17 14:03:49,1.6,10.43,10.57,10.35,1545545,89581,5.8,0,0,0.0,1007,474,50,1.03,2.92,3.90,4.98,2490,3
2026-05-17 14:04:49,0.9,9.70,10.33,10.28,1545545,89593,5.8,0,0,0.0,1007,474,50,1.03,3.17,3.28,4.39,2472,5
2026-05-17 14:05:49,2.9,11.47,10.70,10.41,1545545,89627,5.8,0,0,0.0,1007,474,50,1.03,3.44,10.46,12.16,2483,8
2026-05-17 14:06:50,2.5,11.13,10.75,10.45,1545545,89612,5.8,0,0,0.0,1007,474,50,1.03,3.15,4.49,5.86,2477,9
2026-05-17 14:07:50,1.9,10.25,10.52,10.38,1545545,89626,5.8,0,0,0.0,1007,474,50,1.03,3.02,3.40,4.56,2472,2
2026-05-17 14:08:50,1.7,10.17,10.50,10.39,1545545,89590,5.8,0,0,0.0,1007,474,50,1.03,3.32,6.08,7.32,2474,3
2026-05-17 14:09:51,1.8,11.80,10.76,10.48,1545545,89641,5.8,0,0,0.0,1007,474,50,1.03,3.05,6.78,7.90,2484,10
2026-05-17 14:10:51,2.9,11.58,10.85,10.52,1545545,89642,5.8,0,0,0.0,1007,474,50,1.03,3.55,5.77,7.14,2473,11
2026-05-17 14:11:51,0.9,10.02,10.54,10.44,1545545,89622,5.8,0,0,0.0,1007,474,50,1.03,2.50,0.97,2.26,2473,2
2026-05-17 14:12:52,0.9,9.88,10.40,10.39,1545545,89631,5.8,0,0,0.0,1007,474,50,1.03,3.32,2.48,3.68,2479,1
2026-05-17 14:13:52,0.7,9.28,10.12,10.30,1545545,89612,5.8,0,0,0.0,1007,474,50,1.03,3.11,1.04,2.59,2483,3
2026-05-17 14:14:52,1.0,9.44,10.04,10.25,1545545,89613,5.8,0,0,0.0,1007,474,50,1.03,2.91,0.57,1.92,2477,4
2026-05-17 14:15:53,1.9,9.94,10.06,10.25,1545545,89665,5.8,0,0,0.0,1007,474,50,1.03,3.56,5.57,6.55,2477,17
2026-05-17 14:16:53,0.9,13.61,11.10,10.60,1545545,89646,5.8,0,0,0.0,1007,474,50,1.03,3.13,8.45,10.00,2480,1
2026-05-17 14:17:53,1.8,11.82,11.09,10.62,1545545,89640,5.8,0,0,0.0,1007,474,50,1.03,3.16,9.30,9.91,2490,5
2026-05-17 14:18:54,0.8,9.71,10.62,10.49,1545545,89608,5.8,0,0,0.0,1007,474,50,1.03,3.05,2.58,3.89,2491,1
2026-05-17 14:19:54,2.0,9.39,10.38,10.42,1545545,89621,5.8,0,0,0.0,1007,474,50,1.03,3.17,0.74,2.07,2488,3
2026-05-17 14:20:54,2.5,9.44,10.24,10.37,1545545,89638,5.8,0,0,0.0,1007,474,50,1.03,3.36,2.46,3.76,2484,3
2026-05-17 14:21:55,1.9,10.22,10.33,10.39,1545545,89672,5.8,0,0,0.0,1007,474,50,1.03,3.05,6.99,8.38,2482,7
2026-05-17 14:22:55,3.2,13.04,11.14,10.66,1545545,89689,5.8,0,0,0.0,1007,474,50,1.03,3.11,10.49,11.50,2473,6
2026-05-17 14:23:55,1.2,11.25,11.01,10.65,1545545,89688,5.8,0,0,0.0,1007,474,50,1.03,3.21,7.55,8.67,2469,1
2026-05-17 14:24:56,0.9,9.79,10.64,10.55,1545545,89669,5.8,0,0,0.0,1007,474,50,1.03,3.07,0.52,1.89,2473,6
2026-05-17 14:25:56,1.3,9.17,10.30,10.43,1545545,89697,5.8,0,0,0.0,1007,474,50,1.03,3.35,0.78,2.20,2483,3
2026-05-17 14:26:56,1.1,12.73,11.27,10.77,1545545,89690,5.8,0,0,0.0,1007,474,50,1.03,3.20,6.78,8.01,2495,1
2026-05-17 14:27:57,0.9,11.74,11.25,10.79,1545545,89674,5.8,0,0,0.0,1007,474,50,1.03,3.12,5.33,6.18,2482,5
2026-05-17 14:28:57,1.8,15.24,12.05,11.08,1545545,89686,5.8,0,0,0.0,1007,474,50,1.03,3.12,3.67,4.96,2480,3
2026-05-17 14:29:57,2.2,15.38,12.49,11.28,1545545,89690,5.8,0,0,0.0,1007,474,50,1.03,3.16,8.78,9.25,2475,4
2026-05-17 14:30:58,1.6,19.43,14.13,11.92,1545545,89723,5.8,0,0,0.0,1007,474,50,1.03,3.33,12.56,13.99,2467,2
2026-05-17 14:31:58,1.2,17.11,14.48,12.18,1545545,89731,5.8,0,0,0.0,1007,474,50,1.03,3.07,10.60,12.01,2473,6
2026-05-17 14:32:58,1.6,17.33,14.66,12.37,1545545,89688,5.8,0,0,0.0,1007,474,50,1.03,2.93,3.60,4.92,2487,1
2026-05-17 14:33:59,1.0,12.51,13.79,12.22,1545545,89701,5.8,0,0,0.0,1007,474,50,1.03,3.34,2.98,4.24,2494,2
2026-05-17 14:34:59,1.1,13.95,14.00,12.39,1545545,89696,5.8,0,0,0.0,1007,474,50,1.03,2.79,7.96,9.13,2502,2
2026-05-17 14:35:59,0.9,12.74,13.72,12.40,1545545,89719,5.8,0,0,0.0,1007,474,50,1.03,3.28,8.19,9.00,2501,1
2026-05-17 14:37:00,2.2,10.70,12.94,12.21,1545545,89618,5.8,0,0,0.0,1007,474,50,1.03,3.21,3.31,4.39,2482,4
2026-05-17 14:38:00,4.5,12.03,12.90,12.25,1545545,89590,5.8,0,0,0.0,1007,474,50,1.03,3.18,8.21,9.68,2480,6
2026-05-17 14:39:00,1.0,12.96,13.01,12.32,1545545,89585,5.8,0,0,0.0,1007,474,50,1.03,3.22,9.87,10.71,2488,1
2026-05-17 14:40:01,1.3,10.92,12.41,12.16,1545545,89584,5.8,0,0,0.0,1007,474,50,1.03,2.90,6.14,6.95,2480,3
2026-05-17 14:41:01,1.0,10.79,12.10,12.07,1545545,89621,5.8,0,0,0.0,1007,474,50,1.03,3.43,7.92,8.52,2484,5
2026-05-17 14:42:01,1.4,9.52,11.50,11.86,1545545,89613,5.8,0,0,0.0,1007,474,50,1.03,3.09,0.57,2.02,2481,2
2026-05-17 14:43:02,2.1,9.67,11.17,11.72,1545545,89607,5.8,0,0,0.0,1007,474,50,1.03,3.14,6.51,7.24,2482,5
2026-05-17 14:44:02,2.2,12.18,11.77,11.90,1545545,89624,5.8,0,0,0.0,1007,474,50,1.03,3.07,10.92,13.58,2473,22
2026-05-17 14:45:02,3.3,11.58,11.64,11.85,1545545,89628,5.8,0,0,0.0,1007,474,50,1.03,3.14,6.51,7.56,2463,4
2026-05-17 14:46:03,1.0,10.92,11.48,11.78,1545545,89638,5.8,0,0,0.0,1007,474,50,1.03,3.34,8.93,9.84,2456,6
2026-05-17 14:47:03,0.9,9.58,10.98,11.59,1545545,89627,5.8,0,0,0.0,1007,474,50,1.03,3.16,0.58,2.03,2463,21
2026-05-17 14:48:03,1.2,11.70,11.50,11.74,1545545,89612,5.8,0,0,0.0,1007,474,50,1.03,2.98,7.98,9.15,2459,4
2026-05-17 14:49:04,0.9,9.85,11.01,11.56,1545545,89616,5.8,0,0,0.0,1007,474,50,1.03,3.17,0.56,1.99,2468,1
2026-05-17 14:50:04,1.6,11.55,11.25,11.60,1545545,89633,5.8,0,0,0.0,1007,474,50,1.03,3.17,5.63,6.91,2472,6
2026-05-17 14:51:04,3.4,11.50,11.25,11.58,1545545,89661,5.8,0,0,0.0,1007,474,50,1.03,3.43,3.14,4.52,2467,11
2026-05-17 14:52:05,1.8,10.72,11.21,11.55,1545545,89661,5.8,0,0,0.0,1007,474,50,1.03,2.75,4.26,6.13,2480,2
2026-05-17 14:53:05,1.1,10.83,11.10,11.48,1545545,89646,5.8,0,0,0.0,1007,474,50,1.03,3.15,5.03,6.07,2481,3
2026-05-17 14:54:05,1.7,11.32,11.19,11.49,1545545,89648,5.8,0,0,0.0,1007,474,50,1.03,3.14,7.26,8.25,2468,2
2026-05-17 14:55:06,0.9,11.05,11.12,11.45,1545545,89638,5.8,0,0,0.0,1007,474,50,1.03,3.05,8.99,9.81,2470,2
2026-05-17 14:56:06,1.3,11.13,11.10,11.41,1545545,89671,5.8,0,0,0.0,1007,474,50,1.03,3.41,5.88,6.63,2469,5
2026-05-17 14:57:06,0.8,9.72,10.69,11.25,1545545,89700,5.8,0,0,0.0,1007,474,50,1.03,3.11,0.60,2.11,2465,1
2026-05-17 14:58:07,3.1,11.19,10.87,11.27,1545545,89694,5.8,0,0,0.0,1007,474,50,1.03,3.26,8.51,9.52,2468,5
2026-05-17 14:59:07,1.0,13.95,12.26,11.76,1545545,89672,5.8,0,0,0.0,1007,474,50,1.03,2.95,7.47,8.81,2470,4
2026-05-17 15:00:07,0.9,11.04,11.73,11.61,1545545,89680,5.8,0,0,0.0,1007,474,50,1.03,3.22,5.84,6.80,2472,6
2026-05-17 15:01:08,0.8,10.58,11.51,11.54,1545545,89724,5.8,0,0,0.0,1007,474,50,1.03,49.94,6.57,7.33,2485,1
2026-05-17 15:02:08,1.8,11.41,11.54,11.54,1545545,89737,5.8,0,0,0.0,1007,474,50,1.03,3.14,7.60,9.44,2478,5
2026-05-17 15:03:08,8.9,10.38,11.23,11.44,1545545,89705,5.8,0,0,0.0,1007,474,50,1.03,2.96,7.02,7.68,2484,22
2026-05-17 15:04:09,1.3,10.27,11.09,11.38,1545545,89695,5.8,0,0,0.0,1007,474,50,1.03,3.05,5.29,6.70,2482,4
2026-05-17 15:05:09,1.0,10.80,11.05,11.34,1545545,89699,5.8,0,0,0.0,1007,474,50,1.03,3.21,8.48,9.67,2476,3
2026-05-17 15:06:09,1.5,9.85,10.71,11.21,1545545,89735,5.8,0,0,0.0,1007,474,50,1.03,3.13,2.21,3.42,2469,5
2026-05-17 15:07:10,1.0,10.07,10.66,11.16,1545545,89715,5.8,0,0,0.0,1007,474,50,1.03,3.27,10.09,11.85,2471,3
2026-05-17 15:08:10,1.9,10.25,10.57,11.09,1545545,89732,5.8,0,0,0.0,1007,474,50,1.03,3.24,6.03,6.80,2463,5
2026-05-17 15:09:10,1.7,11.35,10.89,11.17,1545545,89720,5.8,0,0,0.0,1007,474,50,1.03,3.14,8.89,10.47,2478,15
2026-05-17 15:10:11,1.4,10.31,10.71,11.09,1545545,89717,5.8,0,0,0.0,1007,474,50,1.13,3.04,5.87,7.57,2491,5
2026-05-17 15:11:11,0.8,10.85,10.86,11.12,1545545,89591,5.8,0,0,0.0,1007,474,50,1.03,3.30,8.08,8.60,2487,2
2026-05-17 15:12:11,0.9,9.80,10.56,11.00,1545545,89621,5.8,0,0,0.0,1007,474,50,1.03,2.92,2.63,3.95,2486,5
2026-05-17 15:13:12,1.8,10.51,10.58,10.98,1545545,89608,5.8,0,0,0.0,1007,474,50,1.03,3.01,9.24,10.11,2477,8
2026-05-17 15:14:12,0.9,9.39,10.27,10.85,1545545,89599,5.8,0,0,0.0,1007,474,50,1.03,3.08,2.06,3.39,2466,7
2026-05-17 15:15:12,1.7,9.73,10.20,10.79,1545545,89619,5.8,0,0,0.0,1007,474,50,1.03,3.18,2.43,3.70,2458,3
2026-05-17 15:16:13,2.2,10.22,10.31,10.79,1545545,89652,5.8,0,0,0.0,1007,474,50,1.03,3.48,8.56,9.10,2472,2
2026-05-17 15:17:13,1.0,11.16,10.58,10.85,1545545,89638,5.8,0,0,0.0,1007,474,50,1.03,3.07,9.55,10.62,2475,2
2026-05-17 15:18:13,1.1,9.86,10.29,10.74,1545545,89622,5.8,0,0,0.0,1007,474,50,1.03,3.06,0.54,1.85,2473,3
2026-05-17 15:19:14,0.9,9.32,10.07,10.63,1545545,89627,5.8,0,0,0.0,1007,474,50,1.03,3.10,0.49,1.91,2479,4
2026-05-17 15:20:14,1.7,11.30,10.57,10.77,1545545,89660,5.8,0,0,0.0,1007,474,50,1.03,3.13,9.52,11.33,2483,6
2026-05-17 15:21:14,1.2,10.23,10.44,10.72,1545545,89656,5.8,0,0,0.0,1007,474,50,1.03,3.21,7.94,8.74,2474,5
2026-05-17 15:22:15,0.9,21.23,12.87,11.49,1545545,89651,5.8,0,0,0.0,1007,474,50,1.03,3.21,0.65,2.13,2475,6
2026-05-17 15:23:15,0.9,16.50,13.04,11.64,1545545,89639,5.8,0,0,0.0,1007,474,50,1.03,3.16,10.96,12.43,2471,1
2026-05-17 15:24:15,3.3,13.38,12.75,11.63,1545545,89649,5.8,0,0,0.0,1007,474,50,1.03,3.04,5.45,6.64,2458,9
2026-05-17 15:25:16,1.0,10.83,12.14,11.49,1545545,89631,5.8,0,0,0.0,1007,474,50,1.03,3.30,2.11,3.79,2459,3
2026-05-17 15:26:16,2.2,10.19,11.70,11.38,1545545,89690,5.8,0,0,0.0,1007,474,50,1.03,3.26,3.26,4.38,2455,3
2026-05-17 15:27:16,0.9,10.92,11.70,11.40,1545545,89666,5.8,0,0,0.0,1007,474,50,1.03,3.22,6.36,7.70,2464,3
2026-05-17 15:28:17,1.0,10.63,11.50,11.35,1545545,89641,5.8,0,0,0.0,1007,474,50,1.03,3.07,6.19,6.96,2462,2
2026-05-17 15:29:17,3.1,12.12,11.61,11.39,1545545,89671,5.8,0,0,0.0,1007,474,50,1.03,3.10,5.82,6.83,2475,5
2026-05-17 15:30:17,1.6,10.34,11.24,11.28,1545545,89667,5.8,0,0,0.0,1007,474,50,1.03,3.32,4.36,5.63,2477,4
2026-05-17 15:31:18,1.6,9.59,10.85,11.14,1545545,89706,5.8,0,0,0.0,1007,474,50,1.03,2.67,0.57,2.12,2482,3
2026-05-17 15:32:18,2.1,9.11,10.48,10.99,1545545,89729,5.8,0,0,0.0,1007,474,50,2.07,3.22,0.61,2.12,2470,4
2026-05-17 15:33:18,3.1,10.62,10.58,10.99,1545545,89724,5.8,0,0,0.0,1007,474,50,1.03,3.11,8.22,9.14,2475,5
2026-05-17 15:34:19,1.1,10.81,10.67,10.99,1545545,89698,5.8,0,0,0.0,1007,474,50,1.03,3.21,8.94,10.26,2471,4
2026-05-17 15:35:19,3.4,10.50,10.54,10.93,1545545,89743,5.8,0,0,0.0,1007,474,50,1.03,3.09,5.81,6.84,2476,3
2026-05-17 15:36:19,1.0,9.98,10.44,10.87,1545545,89757,5.8,0,0,0.0,1007,474,50,0.00,3.21,4.31,5.95,2483,4
2026-05-17 15:37:20,2.9,9.67,10.28,10.79,1545545,89771,5.8,0,0,0.0,1007,474,50,2.07,3.81,3.42,4.81,2484,5
2026-05-17 15:38:20,1.8,9.65,10.15,10.71,1545545,89731,5.8,0,0,0.0,1007,474,50,1.03,3.12,3.34,4.44,2477,5
2026-05-17 15:39:20,1.9,11.66,10.53,10.80,1545545,89755,5.8,0,0,0.0,1007,474,50,1.03,3.04,6.73,7.72,2475,2
2026-05-17 15:40:21,1.9,11.87,10.77,10.87,1545545,89754,5.8,0,0,0.0,1007,474,50,1.03,3.27,10.76,11.09,2472,3
2026-05-17 15:41:21,2.2,11.60,10.84,10.88,1545545,89774,5.8,0,0,0.0,1007,474,50,1.03,3.27,6.52,7.45,2464,5
2026-05-17 15:42:21,1.4,11.78,11.03,10.94,1545545,89777,5.8,0,0,0.0,1007,474,50,1.03,3.17,7.37,8.95,2479,7
2026-05-17 15:43:22,0.9,10.97,10.92,10.91,1545545,89759,5.8,0,0,0.0,1007,474,50,1.03,3.03,1.33,2.63,2488,2
2026-05-17 15:44:22,1.7,10.28,10.66,10.82,1545545,89768,5.8,0,0,0.0,1007,474,50,1.03,3.10,3.75,4.93,2487,3
2026-05-17 15:45:22,1.2,9.23,10.29,10.68,1545545,89621,5.8,0,0,0.0,1007,474,50,1.03,3.21,0.50,1.88,2498,3
2026-05-17 15:46:23,1.8,9.00,10.02,10.56,1545545,89674,5.8,0,0,0.0,1007,474,50,1.03,3.09,1.94,3.32,2494,3
2026-05-17 15:47:23,1.1,9.38,9.93,10.49,1545545,89668,5.8,0,0,0.0,1007,474,50,1.03,3.15,6.72,8.04,2473,1
2026-05-17 15:48:23,1.6,11.18,10.27,10.57,1545545,89625,5.8,0,0,0.0,1007,474,50,1.03,3.24,2.45,3.82,2467,5
2026-05-17 15:49:24,2.0,9.70,9.99,10.45,1545545,89633,5.8,0,0,0.0,1007,474,50,1.03,2.77,1.86,3.10,2471,6
2026-05-17 15:50:24,0.9,10.10,10.09,10.46,1545545,89626,5.8,0,0,0.0,1007,474,50,1.03,3.46,7.25,8.99,2475,8
2026-05-17 15:51:24,1.6,10.33,10.16,10.45,1545545,89668,5.8,0,0,0.0,1007,474,50,1.03,3.34,8.16,9.18,2476,3
2026-05-17 15:52:25,1.7,11.18,10.38,10.51,1545545,89691,5.8,0,0,0.0,1007,474,50,1.03,3.21,8.77,9.68,2495,11
2026-05-17 15:53:25,1.9,11.40,10.51,10.54,1545545,89672,5.8,0,0,0.0,1007,474,50,1.03,3.25,8.81,10.01,2496,7
2026-05-17 15:54:25,1.0,10.22,10.29,10.46,1545545,89676,5.8,0,0,0.0,1007,474,50,1.03,2.91,3.75,4.80,2494,2
2026-05-17 15:55:26,1.2,12.05,10.83,10.64,1545545,89674,5.8,0,0,0.0,1007,474,50,1.03,3.17,6.99,7.65,2493,3
2026-05-17 15:56:26,2.2,11.13,10.74,10.61,1545545,89718,5.8,0,0,0.0,1007,474,50,1.03,3.44,8.55,9.27,2496,4
2026-05-17 15:57:26,1.7,10.18,10.51,10.54,1545545,89727,5.8,0,0,0.0,1007,474,50,1.03,3.15,6.21,7.07,2479,2
2026-05-17 15:58:27,0.9,11.11,10.71,10.61,1545545,89667,5.8,0,0,0.0,1007,474,50,1.03,3.13,9.27,10.49,2493,7
2026-05-17 15:59:27,2.3,10.63,10.60,10.57,1545545,89660,5.8,0,0,0.0,1007,474,50,1.03,2.88,5.36,6.33,2495,4
2026-05-17 16:00:27,2.9,10.63,10.61,10.57,1545545,89682,5.8,0,0,0.0,1007,474,50,1.03,3.24,8.86,9.46,2483,6
2026-05-17 16:01:28,2.1,10.31,10.56,10.56,1545545,89700,5.8,0,0,0.0,1007,474,50,1.03,52.06,9.05,10.75,2499,1
2026-05-17 16:02:28,1.0,9.75,10.35,10.49,1545545,89690,5.8,0,0,0.0,1007,474,50,1.03,3.11,0.59,2.01,2486,1
2026-05-17 16:03:28,11.5,8.93,10.01,10.36,1545545,89680,5.8,0,0,0.0,1007,474,50,1.03,2.77,1.95,3.26,2463,20
2026-05-17 16:04:29,1.4,10.78,10.38,10.47,1545545,89685,5.8,0,0,0.0,1007,474,50,1.03,3.08,11.06,11.55,2463,2
2026-05-17 16:05:29,0.9,10.94,10.52,10.52,1545545,89695,5.8,0,0,0.0,1007,474,50,1.03,3.21,6.83,7.98,2464,3
2026-05-17 16:06:29,2.9,11.29,10.66,10.56,1545545,89747,5.8,0,0,0.0,1007,474,50,1.03,3.13,9.15,10.06,2455,7
2026-05-17 16:07:30,2.5,11.52,10.88,10.65,1545545,89763,5.8,0,0,0.0,1007,474,50,1.03,3.19,7.34,8.94,2480,2
2026-05-17 16:08:30,0.9,9.97,10.58,10.56,1545545,89696,5.8,0,0,0.0,1007,474,50,1.03,3.31,2.53,3.83,2485,1
2026-05-17 16:09:30,1.3,10.59,10.59,10.56,1545545,89734,5.8,0,0,0.0,1007,474,50,1.03,3.13,4.51,5.61,2484,1
2026-05-17 16:10:31,1.8,19.59,12.95,11.36,1545545,89740,5.8,0,0,0.0,1007,474,50,1.03,3.14,3.53,4.59,2488,4
2026-05-17 16:11:31,3.1,16.23,13.03,11.48,1545545,89750,5.8,0,0,0.0,1007,474,50,1.03,3.25,7.56,8.37,2498,8
2026-05-17 16:12:31,1.0,12.92,12.75,11.48,1545545,89743,5.8,0,0,0.0,1007,474,50,1.03,3.15,5.50,7.44,2480,3
2026-05-17 16:13:32,3.3,14.14,12.94,11.62,1545545,89738,5.8,0,0,0.0,1007,474,50,1.03,3.03,5.28,6.41,2483,5
2026-05-17 16:14:32,1.0,15.49,13.61,11.93,1545545,89711,5.8,0,0,0.0,1007,474,50,1.03,3.11,6.46,7.79,2501,5
2026-05-17 16:15:32,1.4,13.91,13.57,12.03,1545545,89741,5.8,0,0,0.0,1007,474,50,1.03,3.21,6.47,7.29,2491,5
2026-05-17 16:16:33,1.9,13.09,13.26,12.01,1545545,89768,5.8,0,0,0.0,1007,474,50,1.03,3.23,6.94,7.77,2490,1
2026-05-17 16:17:33,0.9,11.20,12.70,11.89,1545545,89772,5.8,0,0,0.0,1007,474,50,1.03,3.13,1.83,3.12,2507,3
2026-05-17 16:18:33,3.1,14.88,13.22,12.11,1545545,89743,5.8,0,0,0.0,1007,474,50,1.03,3.13,6.26,8.00,2493,5
2026-05-17 16:19:34,0.9,12.93,12.96,12.09,1545545,89612,5.8,0,0,0.0,1007,474,50,1.03,3.06,5.52,7.04,2484,2
2026-05-17 16:20:34,1.7,12.55,12.87,12.11,1545545,89638,5.8,0,0,0.0,1007,474,50,1.03,3.20,6.20,7.73,2496,4
2026-05-17 16:21:34,2.9,10.61,12.30,11.97,1545545,89640,5.8,0,0,0.0,1007,474,50,1.03,3.18,4.13,5.18,2475,5
2026-05-17 16:22:35,0.9,9.76,11.78,11.81,1545545,89660,5.8,0,0,0.0,1007,474,50,1.03,2.64,1.79,3.13,2462,3
2026-05-17 16:23:35,1.8,10.90,11.84,11.83,1545545,89640,5.8,0,0,0.0,1007,474,50,1.03,3.25,6.64,7.75,2476,3
2026-05-17 16:24:35,0.9,10.84,11.67,11.77,1545545,89622,5.8,0,0,0.0,1007,474,50,1.03,3.06,4.47,5.44,2467,4
2026-05-17 16:25:36,2.2,11.57,11.68,11.77,1545545,89672,5.8,0,0,0.0,1007,474,50,1.03,3.09,9.34,9.83,2463,3
2026-05-17 16:26:36,1.2,13.22,12.14,11.92,1545545,89670,5.8,0,0,0.0,1007,474,50,1.03,3.30,11.44,12.01,2487,2
2026-05-17 16:27:36,3.0,13.39,12.24,11.96,1545545,89684,5.8,0,0,0.0,1007,474,50,1.03,3.34,8.93,9.74,2493,4
2026-05-17 16:28:37,0.9,12.13,12.10,11.93,1545545,89653,5.8,0,0,0.0,1007,474,50,1.03,3.05,10.76,12.04,2498,5
2026-05-17 16:29:37,0.8,9.96,11.47,11.72,1545545,89640,5.8,0,0,0.0,1007,474,50,1.03,3.09,1.78,3.10,2505,6
2026-05-17 16:30:37,1.9,10.16,11.23,11.62,1545545,89664,5.8,0,0,0.0,1007,474,50,1.03,3.29,5.00,5.89,2482,5
2026-05-17 16:31:38,1.1,10.41,11.12,11.56,1545545,89667,5.8,0,0,0.0,1007,474,50,1.03,3.08,7.15,8.14,2471,4
2026-05-17 16:32:38,0.9,9.50,10.71,11.39,1545545,89680,5.8,0,0,0.0,1007,474,50,1.03,3.01,1.00,2.48,2477,1
2026-05-17 16:33:38,2.1,9.90,10.56,11.29,1545545,89663,5.8,0,0,0.0,1007,474,50,1.03,3.17,2.68,3.98,2461,4
2026-05-17 16:34:39,1.7,11.13,10.69,11.28,1545545,89671,5.8,0,0,0.0,1007,474,50,1.03,3.32,5.42,6.28,2469,5
2026-05-17 16:35:39,0.9,12.99,11.61,11.59,1545545,89652,5.8,0,0,0.0,1007,474,50,1.03,3.25,0.84,2.20,2471,1
2026-05-17 16:36:39,3.2,12.25,11.60,11.58,1545545,89701,5.8,0,0,0.0,1007,474,50,1.03,3.05,9.56,10.96,2486,6
2026-05-17 16:37:40,1.1,10.27,11.16,11.43,1545545,89692,5.8,0,0,0.0,1007,474,50,1.03,3.17,0.79,2.32,2479,8
2026-05-17 16:38:40,1.9,11.48,11.34,11.47,1545545,89696,5.8,0,0,0.0,1007,474,50,1.12,3.20,9.03,10.44,2477,4
2026-05-17 16:39:40,0.9,10.44,11.10,11.38,1545545,89682,5.8,0,0,0.0,1007,474,50,1.03,2.98,5.96,6.75,2478,5
2026-05-17 16:40:41,0.8,10.49,10.99,11.32,1545545,89716,5.8,0,0,0.0,1007,474,50,1.03,2.73,6.19,6.99,2493,5
2026-05-17 16:41:41,0.9,10.42,10.87,11.26,1545545,89697,5.8,0,0,0.0,1007,474,50,1.03,3.14,0.61,1.92,2479,5
2026-05-17 16:42:41,1.0,10.46,10.76,11.19,1545545,89698,5.8,0,0,0.0,1007,474,50,1.03,3.29,5.42,6.42,2496,2
2026-05-17 16:43:42,1.0,9.99,10.58,11.10,1545545,89694,5.8,0,0,0.0,1007,474,50,1.03,3.12,5.74,6.95,2486,2
2026-05-17 16:44:42,1.0,9.11,10.22,10.94,1545545,89707,5.8,0,0,0.0,1007,474,50,1.03,3.16,0.92,2.35,2483,6
2026-05-17 16:45:42,3.0,12.31,10.78,11.08,1545545,89742,5.8,0,0,0.0,1007,474,50,1.03,3.29,9.74,10.51,2477,8
2026-05-17 16:46:43,1.1,10.61,10.69,11.04,1545545,89743,5.8,0,0,0.0,1007,474,50,1.03,3.10,3.48,4.95,2471,1
2026-05-17 16:47:43,1.0,9.64,10.41,10.92,1545545,89723,5.8,0,0,0.0,1007,474,50,1.03,3.13,1.77,3.20,2465,5
2026-05-17 16:48:43,1.7,9.93,10.32,10.86,1545545,89729,5.8,0,0,0.0,1007,474,50,1.03,3.34,5.72,6.66,2478,4
2026-05-17 16:49:44,1.7,11.65,10.68,10.94,1545545,89737,5.8,0,0,0.0,1007,474,50,1.03,2.94,11.53,12.98,2480,6
2026-05-17 16:50:44,1.7,10.70,10.61,10.90,1545545,89764,5.8,0,0,0.0,1007,474,50,1.03,3.18,6.41,7.24,2475,4
2026-05-17 16:51:44,2.1,9.94,10.40,10.81,1545545,89766,5.8,0,0,0.0,1007,474,50,1.03,3.29,4.14,5.09,2484,2
2026-05-17 16:52:45,1.6,10.09,10.34,10.76,1545545,89739,5.8,0,0,0.0,1007,474,50,1.03,3.14,4.22,5.42,2475,4
2026-05-17 16:53:45,0.9,9.82,10.25,10.71,1545545,89591,5.8,0,0,0.0,1007,474,50,1.03,3.25,7.07,7.88,2463,3
2026-05-17 16:54:45,1.0,9.08,9.94,10.57,1545545,89610,5.8,0,0,0.0,1007,474,50,1.03,2.90,0.88,2.27,2463,3
2026-05-17 16:55:46,2.0,9.30,9.84,10.49,1545545,89654,5.8,0,0,0.0,1007,474,50,1.03,3.26,2.21,3.43,2471,4
2026-05-17 16:56:46,3.2,11.50,10.39,10.64,1545545,89678,5.8,0,0,0.0,1007,474,50,1.03,3.18,12.20,13.78,2459,4
2026-05-17 16:57:46,3.0,12.16,10.82,10.78,1545545,89664,5.8,0,0,0.0,1007,474,50,1.03,3.24,11.66,14.46,2461,6
2026-05-17 16:58:47,2.8,12.88,11.25,10.93,1545545,89649,5.8,0,0,0.0,1007,474,50,1.03,3.02,11.42,14.54,2464,4
2026-05-17 16:59:47,3.1,15.68,12.41,11.35,1545545,89661,5.8,0,0,0.0,1007,474,50,1.03,3.20,11.06,13.83,2459,9
2026-05-17 17:00:47,3.2,17.04,13.46,11.78,1545545,89679,5.8,0,0,0.0,1007,474,50,1.03,3.27,11.07,14.06,2457,7
2026-05-17 17:01:48,2.9,14.20,13.30,11.83,1545545,89675,5.8,0,0,0.0,1007,474,50,1.03,49.62,11.03,13.05,2469,8
2026-05-17 17:02:48,2.8,13.74,13.44,11.98,1545545,89666,5.8,0,0,0.0,1007,474,50,1.03,3.20,11.42,14.05,2480,5
2026-05-17 17:03:48,9.9,14.57,13.75,12.18,1545545,89660,5.8,0,0,0.0,1007,474,50,1.03,2.92,11.26,14.11,2474,18
2026-05-17 17:04:49,3.1,13.57,13.58,12.22,1545545,89662,5.8,0,0,0.0,1007,474,50,1.03,2.99,11.13,13.88,2481,4
2026-05-17 17:05:49,3.0,14.14,13.72,12.35,1545545,89707,5.8,0,0,0.0,1007,474,50,1.03,3.11,11.24,14.03,2478,4
2026-05-17 17:06:49,3.0,15.10,13.99,12.53,1545545,89703,5.8,0,0,0.0,1007,474,50,1.03,3.23,11.14,14.10,2475,9
2026-05-17 17:07:50,4.6,16.67,14.55,12.81,1545545,89688,5.8,0,0,0.0,1007,474,50,1.03,3.38,11.13,14.15,2472,10
2026-05-17 17:08:50,3.0,16.50,14.84,13.01,1545545,89679,5.8,0,0,0.0,1007,474,50,1.03,3.10,11.13,13.79,2478,4
2026-05-17 17:09:50,2.8,14.96,14.76,13.10,1545545,89691,5.8,0,0,0.0,1007,474,50,1.03,3.22,10.96,13.55,2465,6
2026-05-17 17:10:51,3.0,13.64,14.43,13.09,1545545,89709,5.8,0,0,0.0,1007,474,50,1.03,3.29,11.19,13.78,2482,7
2026-05-17 17:11:51,2.9,13.89,14.36,13.16,1545545,89707,5.8,0,0,0.0,1007,474,50,1.03,3.23,11.37,13.17,2476,7
2026-05-17 17:12:51,3.0,15.01,14.61,13.32,1545545,89702,5.8,0,0,0.0,1007,474,50,1.03,3.08,11.22,13.97,2470,3
2026-05-17 17:13:52,2.9,13.78,14.35,13.31,1545545,89725,5.8,0,0,0.0,1007,474,50,1.03,3.07,11.10,13.66,2492,10
2026-05-17 17:14:52,3.1,14.37,14.47,13.42,1545545,89730,5.8,0,0,0.0,1007,474,50,1.03,3.17,10.98,14.06,2495,8
2026-05-17 17:15:52,3.0,14.79,14.54,13.51,1545545,89757,5.8,0,0,0.0,1007,474,50,1.03,3.18,11.09,13.80,2487,8
2026-05-17 17:16:53,2.9,14.29,14.46,13.55,1545545,89747,5.8,0,0,0.0,1007,474,50,1.03,3.02,10.89,13.39,2488,9
2026-05-17 17:17:53,2.9,13.52,14.19,13.51,1545545,89736,5.8,0,0,0.0,1007,474,50,1.03,3.20,11.10,13.91,2481,5
2026-05-17 17:18:53,3.2,13.35,14.01,13.49,1545545,89726,5.8,0,0,0.0,1007,474,50,1.03,3.14,11.11,13.61,2469,6
2026-05-17 17:19:54,3.1,14.03,14.10,13.55,1545545,89730,5.8,0,0,0.0,1007,474,50,1.03,3.07,11.15,13.64,2463,6
2026-05-17 17:20:54,0.9,12.37,13.69,13.45,1545545,89742,5.8,0,0,0.0,1007,474,50,1.03,3.14,8.19,10.42,2484,2
2026-05-17 17:21:54,2.1,10.93,13.01,13.23,1545545,89759,5.8,0,0,0.0,1007,474,50,1.03,3.13,3.29,4.41,2474,3
2026-05-17 17:22:55,1.0,11.86,12.84,13.15,1545545,89727,5.8,0,0,0.0,1007,474,50,1.03,3.05,5.48,7.14,2485,1
2026-05-17 17:23:55,0.9,10.37,12.24,12.92,1545545,89733,5.8,0,0,0.0,1007,474,50,1.03,2.82,2.16,3.44,2480,1
2026-05-17 17:24:55,0.9,9.52,11.66,12.68,1545545,89730,5.8,0,0,0.0,1007,474,50,1.03,3.18,0.67,2.16,2482,1
2026-05-17 17:25:56,1.0,9.37,11.23,12.47,1545545,89749,5.8,0,0,0.0,1007,474,50,1.03,3.16,4.70,5.57,2462,4
2026-05-17 17:26:56,1.5,9.62,10.95,12.29,1545545,89635,5.8,0,0,0.0,1007,474,50,1.03,3.23,5.66,6.54,2471,1
2026-05-17 17:27:56,2.2,9.02,10.53,12.06,1545545,89645,5.8,0,0,0.0,1007,474,50,1.03,3.13,2.29,3.58,2472,4
2026-05-17 17:28:57,1.8,11.63,11.11,12.17,1545545,89643,5.8,0,0,0.0,1007,474,50,1.03,3.15,11.42,12.16,2471,4
2026-05-17 17:29:57,1.0,10.83,11.05,12.08,1545545,89630,5.8,0,0,0.0,1007,474,50,1.03,3.19,4.72,5.91,2475,6
2026-05-17 17:30:57,1.0,10.01,10.77,11.91,1545545,89646,5.8,0,0,0.0,1007,474,50,1.03,3.34,3.01,4.12,2467,4
2026-05-17 17:31:58,3.0,11.94,10.98,11.90,1545545,89679,5.8,0,0,0.0,1007,474,50,1.03,3.03,7.43,8.20,2468,3
2026-05-17 17:32:58,2.9,11.01,10.89,11.81,1545545,89656,5.8,0,0,0.0,1007,474,50,1.03,3.19,10.66,11.32,2472,4
2026-05-17 17:33:58,3.5,11.74,11.07,11.81,1545545,89660,5.8,0,0,0.0,1007,474,50,1.03,3.25,5.96,7.31,2462,7
2026-05-17 17:34:59,0.9,10.12,10.75,11.66,1545545,89639,5.8,0,0,0.0,1007,474,50,1.03,3.14,6.65,7.89,2472,2
2026-05-17 17:35:59,1.0,9.99,10.58,11.54,1545545,89654,5.8,0,0,0.0,1007,474,50,1.03,3.31,0.58,1.89,2477,5
2026-05-17 17:36:59,0.9,10.05,10.53,11.46,1545545,89672,5.8,0,0,0.0,1007,474,50,1.03,3.04,5.29,6.24,2473,1
2026-05-17 17:38:00,1.9,9.61,10.33,11.34,1545545,89665,5.8,0,0,0.0,1007,474,50,1.03,3.04,8.03,8.64,2473,4
2026-05-17 17:39:00,0.9,12.14,11.03,11.52,1545545,89658,5.8,0,0,0.0,1007,474,50,1.03,3.09,7.62,9.30,2474,6
2026-05-17 17:40:00,1.0,10.30,10.71,11.38,1545545,89669,5.8,0,0,0.0,1007,474,50,1.03,3.13,5.03,6.13,2471,3
2026-05-17 17:41:01,0.8,9.67,10.45,11.25,1545545,89677,5.8,0,0,0.0,1007,474,50,1.03,3.11,1.43,2.69,2469,3
2026-05-17 17:42:01,1.7,9.73,10.31,11.15,1545545,89704,5.8,0,0,0.0,1007,474,50,1.03,3.15,2.21,3.38,2472,4
2026-05-17 17:43:01,1.6,10.56,10.46,11.15,1545545,89696,5.8,0,0,0.0,1007,474,50,1.03,3.11,4.33,5.35,2465,3
2026-05-17 17:44:02,1.8,10.72,10.67,11.19,1545545,89690,5.8,0,0,0.0,1007,474,50,1.03,3.14,5.33,6.66,2456,2
2026-05-17 17:45:02,1.0,9.69,10.41,11.06,1545545,89671,5.8,0,0,0.0,1007,474,50,1.03,3.26,3.11,4.48,2447,3
2026-05-17 17:46:02,1.9,9.66,10.31,10.99,1545545,89726,5.8,0,0,0.0,1007,474,50,1.03,3.11,3.38,4.50,2463,3
2026-05-17 17:47:03,1.9,10.40,10.42,10.99,1545545,89740,5.8,0,0,0.0,1007,474,50,1.03,2.80,11.94,12.76,2463,20
2026-05-17 17:48:03,1.8,9.66,10.20,10.87,1545545,89734,5.8,0,0,0.0,1007,474,50,1.03,3.11,3.10,4.16,2469,3
2026-05-17 17:49:03,3.3,10.02,10.17,10.82,1545545,89742,5.8,0,0,0.0,1007,474,50,1.03,3.10,7.20,8.55,2474,6
2026-05-17 17:50:04,1.4,9.95,10.18,10.79,1545545,89726,5.8,0,0,0.0,1007,474,50,1.03,3.26,7.55,9.52,2486,2
2026-05-17 17:51:04,0.9,11.84,10.81,10.97,1545545,89736,5.8,0,0,0.0,1007,474,50,1.03,3.22,4.13,5.12,2475,1
2026-05-17 17:52:04,2.3,9.80,10.42,10.82,1545545,89746,5.8,0,0,0.0,1007,474,50,1.03,3.13,0.48,1.87,2476,2
2026-05-17 17:53:05,0.9,9.23,10.16,10.71,1545545,89718,5.8,0,0,0.0,1007,474,50,1.03,2.91,3.00,4.08,2471,1
2026-05-17 17:54:05,1.8,10.67,10.29,10.71,1545545,89747,5.8,0,0,0.0,1007,474,50,1.03,3.18,2.01,3.36,2463,7
2026-05-17 17:55:05,1.0,11.31,10.53,10.77,1545545,89737,5.8,0,0,0.0,1007,474,50,1.03,3.22,5.22,6.29,2457,3
2026-05-17 17:56:06,0.9,14.21,11.80,11.21,1545545,89760,5.8,0,0,0.0,1007,474,50,1.03,3.14,7.82,8.54,2470,2
2026-05-17 17:57:06,1.1,13.34,11.96,11.30,1545545,89775,5.8,0,0,0.0,1007,474,50,1.03,3.20,4.48,5.48,2467,3
2026-05-17 17:58:06,0.9,12.94,12.13,11.40,1545545,89761,5.8,0,0,0.0,1007,474,50,1.03,3.10,1.71,2.99,2466,3
2026-05-17 17:59:07,0.9,11.92,12.15,11.46,1545545,89752,5.8,0,0,0.0,1007,474,50,1.03,3.12,2.67,3.92,2466,2
2026-05-17 18:00:07,1.0,13.20,12.42,11.60,1545545,89770,5.8,0,0,0.0,1007,474,50,1.03,3.10,5.84,6.96,2460,2
2026-05-17 18:01:07,0.9,10.81,11.87,11.46,1545545,89660,5.8,0,0,0.0,1007,474,50,1.03,50.11,1.70,2.99,2452,1
2026-05-17 18:02:08,2.8,15.83,12.86,11.81,1545545,89681,5.8,0,0,0.0,1007,474,50,1.03,3.08,7.29,8.39,2449,8
2026-05-17 18:03:08,0.9,12.50,12.57,11.78,1545545,89633,5.8,0,0,0.0,1007,474,50,1.03,3.08,4.02,5.00,2445,4
2026-05-17 18:04:08,1.1,10.35,11.95,11.61,1545545,89638,5.8,0,0,0.0,1007,474,50,1.03,3.07,0.98,2.49,2465,8
2026-05-17 18:05:09,0.9,9.32,11.35,11.43,1545545,89633,5.8,0,0,0.0,1007,474,50,1.03,3.21,1.12,2.55,2465,1
2026-05-17 18:06:09,1.8,9.71,11.10,11.34,1545545,89682,5.8,0,0,0.0,1007,474,50,1.03,3.25,1.78,3.01,2459,3
2026-05-17 18:07:09,3.1,10.68,11.05,11.30,1545545,89681,5.8,0,0,0.0,1007,474,50,1.03,3.00,2.85,4.03,2459,7
2026-05-17 18:08:10,1.2,10.10,10.86,11.22,1545545,89656,5.8,0,0,0.0,1007,474,50,1.03,3.20,4.46,5.60,2465,5
2026-05-17 18:09:10,0.8,9.49,10.56,11.10,1545545,89656,5.8,0,0,0.0,1007,474,50,1.03,2.77,3.72,4.91,2461,3
2026-05-17 18:10:10,1.8,9.52,10.36,10.99,1545545,89677,5.8,0,0,0.0,1007,474,50,1.03,3.07,3.71,4.83,2460,3
2026-05-17 18:11:11,1.7,10.92,10.65,11.05,1545545,89703,5.8,0,0,0.0,1007,474,50,1.03,3.29,12.23,13.53,2467,10
2026-05-17 18:12:11,1.0,10.08,10.46,10.96,1545545,89698,5.8,0,0,0.0,1007,474,50,1.03,3.09,4.39,5.36,2469,3
2026-05-17 18:13:11,3.3,10.60,10.51,10.95,1545545,89684,5.8,0,0,0.0,1007,474,50,1.03,3.11,7.36,8.41,2467,6
2026-05-17 18:14:12,1.1,11.01,10.70,10.99,1545545,89668,5.8,0,0,0.0,1007,474,50,1.03,3.03,6.34,8.27,2472,2
2026-05-17 18:15:12,2.9,10.91,10.72,10.98,1545545,89674,5.8,0,0,0.0,1007,474,50,1.03,3.19,8.69,10.15,2464,26
2026-05-17 18:16:13,1.2,12.54,11.28,11.16,1545545,89687,5.8,0,0,0.0,1007,474,50,1.03,3.49,8.63,9.61,2464,4
2026-05-17 18:17:13,1.0,11.91,11.45,11.23,1545545,89696,5.8,0,0,0.0,1007,474,50,1.03,3.13,6.71,8.05,2471,1
2026-05-17 18:18:13,1.7,13.72,12.02,11.44,1545545,89695,5.8,0,0,0.0,1007,474,50,1.03,2.88,8.40,9.36,2470,3
2026-05-17 18:19:14,4.1,12.12,11.99,11.47,1545545,89681,5.8,0,0,0.0,1007,474,50,1.03,3.06,3.66,4.73,2470,2
2026-05-17 18:20:14,0.9,11.77,11.84,11.45,1545545,89693,5.8,0,0,0.0,1007,474,50,1.03,3.29,1.35,2.83,2484,1
2026-05-17 18:21:14,1.7,11.43,11.67,11.41,1545545,89737,5.8,0,0,0.0,1007,474,50,1.03,3.25,5.78,6.74,2483,5
2026-05-17 18:22:15,1.5,11.37,11.63,11.41,1545545,89737,5.8,0,0,0.0,1007,474,50,1.03,3.03,9.88,10.30,2476,1
2026-05-17 18:23:15,3.4,18.60,12.98,11.85,1545545,89728,5.8,0,0,0.0,1007,474,50,1.03,3.06,3.53,4.63,2478,6
2026-05-17 18:24:15,0.9,13.18,12.45,11.74,1545545,89729,5.8,0,0,0.0,1007,474,50,1.03,3.07,6.58,7.60,2477,4
2026-05-17 18:25:16,2.8,14.73,12.76,11.88,1545545,89745,5.8,0,0,0.0,1007,474,50,1.03,3.23,6.98,8.39,2471,25
2026-05-17 18:26:16,1.1,11.20,12.14,11.72,1545545,89778,5.8,0,0,0.0,1007,474,50,1.03,3.49,6.00,7.35,2481,6
2026-05-17 18:27:16,1.0,10.02,11.65,11.58,1545545,89748,5.8,0,0,0.0,1007,474,50,1.03,2.95,1.82,3.01,2480,4
2026-05-17 18:28:17,1.4,9.48,11.17,11.42,1545545,89726,5.8,0,0,0.0,1007,474,50,1.03,2.80,2.89,4.06,2461,4
2026-05-17 18:29:17,3.2,9.83,10.91,11.30,1545545,89751,5.8,0,0,0.0,1007,474,50,1.03,3.05,4.19,5.43,2459,6
2026-05-17 18:30:17,0.8,10.66,11.03,11.33,1545545,89733,5.8,0,0,0.0,1007,474,50,1.03,3.32,8.81,10.69,2464,4
2026-05-17 18:31:18,1.7,9.73,10.70,11.19,1545545,89758,5.8,0,0,0.0,1007,474,50,1.03,3.24,7.08,7.96,2473,5
2026-05-17 18:32:18,2.3,9.81,10.58,11.12,1545545,89768,5.8,0,0,0.0,1007,474,50,2.07,3.05,4.95,5.84,2467,4
2026-05-17 18:33:18,1.6,10.85,10.66,11.11,1545545,89765,5.8,0,0,0.0,1007,474,50,1.03,3.06,6.68,7.36,2473,10
2026-05-17 18:34:19,1.1,11.91,11.05,11.21,1545545,89747,5.8,0,0,0.0,1007,474,50,1.03,3.00,5.64,6.54,2484,4
2026-05-17 18:35:19,1.7,10.45,10.79,11.12,1545545,89652,5.8,0,0,0.0,1007,474,50,1.03,3.50,1.77,3.19,2476,2
2026-05-17 18:36:19,1.1,10.46,10.77,11.09,1545545,89656,5.8,0,0,0.0,1007,474,50,1.03,3.25,9.48,10.09,2483,2
2026-05-17 18:37:20,3.1,9.57,10.44,10.95,1545545,89701,5.8,0,0,0.0,1007,474,50,1.03,3.05,2.17,3.56,2485,2
2026-05-17 18:38:20,3.1,11.64,10.77,11.02,1545545,89676,5.8,0,0,0.0,1007,474,50,1.03,3.02,7.92,9.28,2486,7
2026-05-17 18:39:20,2.1,12.08,11.07,11.11,1545545,89671,5.8,0,0,0.0,1007,474,50,1.03,3.06,5.59,7.03,2478,2
2026-05-17 18:40:21,3.0,14.01,11.80,11.36,1545545,89661,5.8,0,0,0.0,1007,474,50,1.03,3.39,10.04,11.76,2476,10
2026-05-17 18:41:21,0.8,11.37,11.45,11.27,1545545,89663,5.8,0,0,0.0,1007,474,50,1.03,3.33,4.56,6.15,2466,2
2026-05-17 18:42:21,1.9,10.24,11.08,11.15,1545545,89708,5.8,0,0,0.0,1007,474,50,1.03,2.98,2.20,3.42,2462,3
2026-05-17 18:43:22,2.0,9.30,10.65,11.00,1545545,89697,5.8,0,0,0.0,1007,474,50,1.03,3.05,2.29,3.49,2473,7
2026-05-17 18:44:22,1.0,9.09,10.36,10.87,1545545,89677,5.8,0,0,0.0,1007,474,50,1.03,2.98,3.92,5.00,2475,5
2026-05-17 18:45:22,2.0,10.82,10.62,10.93,1545545,89703,5.8,0,0,0.0,1007,474,50,1.03,3.34,7.41,8.25,2475,3
2026-05-17 18:46:23,3.0,10.94,10.65,10.92,1545545,89726,5.8,0,0,0.0,1007,474,50,1.03,2.84,9.45,10.11,2475,24
2026-05-17 18:47:23,1.0,11.33,10.91,11.00,1545545,89705,5.8,0,0,0.0,1007,474,50,1.03,3.17,4.67,6.25,2481,7
2026-05-17 18:48:23,1.2,11.28,10.96,11.01,1545545,89705,5.8,0,0,0.0,1007,474,50,1.03,2.98,12.53,12.65,2471,3
2026-05-17 18:49:24,1.0,9.75,10.59,10.87,1545545,89680,5.8,0,0,0.0,1007,474,50,1.03,2.97,0.57,1.90,2482,1
2026-05-17 18:50:24,1.9,9.18,10.27,10.74,1545545,89693,5.8,0,0,0.0,1007,474,50,1.03,3.38,1.55,2.97,2479,5
2026-05-17 18:51:24,2.2,9.71,10.24,10.71,1545545,89761,5.8,0,0,0.0,1007,474,50,1.03,3.30,7.64,8.44,2487,4
2026-05-17 18:52:25,1.2,11.99,10.77,10.86,1545545,89718,5.8,0,0,0.0,1007,474,50,1.03,3.11,5.63,7.03,2485,3
2026-05-17 18:53:25,1.1,10.45,10.55,10.77,1545545,89690,5.8,0,0,0.0,1007,474,50,1.03,3.00,0.49,1.88,2475,4
2026-05-17 18:54:25,1.1,9.12,10.17,10.63,1545545,89695,5.8,0,0,0.0,1007,474,50,1.03,3.07,0.50,1.91,2480,2
2026-05-17 18:55:26,1.0,11.19,10.52,10.72,1545545,89735,5.8,0,0,0.0,1007,474,50,1.03,3.27,7.92,8.54,2481,2
2026-05-17 18:56:26,2.5,10.37,10.44,10.68,1545545,89766,5.8,0,0,0.0,1007,474,50,1.03,3.33,3.89,5.15,2473,2
2026-05-17 18:57:26,1.0,9.25,10.08,10.54,1545545,89781,5.8,0,0,0.0,1007,474,50,1.03,3.21,2.16,3.36,2475,4
2026-05-17 18:58:27,0.9,9.16,9.90,10.44,1545545,89736,5.8,0,0,0.0,1007,474,50,1.03,3.02,2.10,3.32,2482,4
2026-05-17 18:59:27,0.9,9.82,9.91,10.41,1545545,89739,5.8,0,0,0.0,1007,474,50,1.03,3.12,4.35,5.87,2474,5
2026-05-17 19:00:27,0.9,9.73,9.87,10.36,1545545,89759,5.8,0,0,0.0,1007,474,50,1.03,3.15,3.38,4.64,2475,5
2026-05-17 19:01:28,1.9,9.35,9.73,10.28,1545545,89794,5.8,0,0,0.0,1007,474,50,1.03,50.11,1.61,3.01,2477,5
2026-05-17 19:02:28,1.1,9.40,9.68,10.23,1545545,89810,5.8,0,0,0.0,1007,474,50,1.03,3.07,6.47,7.23,2491,3
2026-05-17 19:03:28,11.6,9.24,9.58,10.16,1545545,89765,5.8,0,0,0.0,1007,474,50,1.03,2.66,5.33,6.22,2490,4
2026-05-17 19:04:29,1.0,8.98,9.46,10.08,1545545,89761,5.8,0,0,0.0,1007,474,50,1.03,3.02,1.68,2.92,2475,4
2026-05-17 19:05:29,2.1,9.90,9.64,10.10,1545545,89777,5.8,0,0,0.0,1007,474,50,1.03,3.30,6.17,7.15,2479,2
2026-05-17 19:06:29,1.9,9.76,9.64,10.07,1545545,89795,5.8,0,0,0.0,1007,474,50,1.03,3.37,8.30,9.05,2482,7
2026-05-17 19:07:30,2.9,10.41,9.77,10.08,1545545,89807,5.8,0,0,0.0,1007,474,50,1.03,2.99,5.28,6.23,2472,5
2026-05-17 19:08:30,0.9,11.33,10.14,10.19,1545545,89773,5.8,0,0,0.0,1007,474,50,1.03,3.34,12.30,12.44,2482,2
2026-05-17 19:09:30,0.9,9.84,9.93,10.11,1545545,89641,5.8,0,0,0.0,1007,474,50,1.03,3.03,1.68,2.96,2476,1
2026-05-17 19:10:31,0.9,9.31,9.77,10.04,1545545,89658,5.8,0,0,0.0,1007,474,50,1.03,3.39,1.36,2.73,2484,4
2026-05-17 19:11:31,1.0,9.64,9.77,10.02,1545545,89679,5.8,0,0,0.0,1007,474,50,1.03,3.11,2.32,3.60,2501,3
2026-05-17 19:12:31,0.9,11.45,10.17,10.14,1545545,89697,5.8,0,0,0.0,1007,474,50,1.03,3.26,8.29,9.87,2493,4
2026-05-17 19:13:32,1.0,10.19,10.03,10.09,1545545,89639,5.8,0,0,0.0,1007,474,50,1.03,3.00,2.09,3.37,2478,2
2026-05-17 19:14:32,0.9,9.61,9.88,10.03,1545545,89643,5.8,0,0,0.0,1007,474,50,1.03,3.17,0.50,1.97,2477,9
2026-05-17 19:15:32,2.1,9.45,9.75,9.98,1545545,89681,5.8,0,0,0.0,1007,474,50,1.03,3.18,3.27,4.46,2480,4
2026-05-17 19:16:33,1.0,10.80,10.08,10.07,1545545,89696,5.8,0,0,0.0,1007,474,50,1.03,3.31,10.89,11.82,2465,1
2026-05-17 19:17:33,1.0,10.24,10.07,10.07,1545545,89705,5.8,0,0,0.0,1007,474,50,1.03,3.12,5.63,7.26,2482,1
2026-05-17 19:18:33,1.1,9.28,9.84,9.99,1545545,89681,5.8,0,0,0.0,1007,474,50,1.03,3.11,0.55,1.91,2485,3
2026-05-17 19:19:34,1.1,10.47,10.07,10.06,1545545,89676,5.8,0,0,0.0,1007,474,50,1.03,2.90,6.39,7.52,2491,4
2026-05-17 19:20:34,0.9,11.81,10.46,10.19,1545545,89681,5.8,0,0,0.0,1007,474,50,1.03,3.30,6.01,7.18,2500,6
2026-05-17 19:21:34,1.4,10.78,10.42,10.19,1545545,89707,5.8,0,0,0.0,1007,474,50,1.03,3.38,4.21,5.37,2488,3
2026-05-17 19:22:35,4.2,11.43,10.64,10.28,1545545,89739,5.8,0,0,0.0,1007,474,50,1.03,3.18,12.23,13.17,2470,8
2026-05-17 19:23:35,1.1,9.87,10.35,10.20,1545545,89690,5.8,0,0,0.0,1007,474,50,1.03,3.00,3.49,4.87,2463,1
2026-05-17 19:24:35,2.1,10.19,10.36,10.21,1545545,89698,5.8,0,0,0.0,1007,474,50,1.03,3.10,6.47,7.36,2473,3
2026-05-17 19:25:36,1.9,11.30,10.72,10.35,1545545,89717,5.8,0,0,0.0,1007,474,50,1.03,3.26,9.00,10.26,2466,2
2026-05-17 19:26:36,2.1,10.70,10.66,10.36,1545545,89731,5.8,0,0,0.0,1007,474,50,1.03,3.16,5.05,6.13,2456,6
2026-05-17 19:27:36,1.2,11.61,10.98,10.49,1545545,89713,5.8,0,0,0.0,1007,474,50,1.03,3.18,7.02,8.13,2463,2
2026-05-17 19:28:37,1.7,10.32,10.69,10.41,1545545,89710,5.8,0,0,0.0,1007,474,50,1.03,2.78,2.36,3.59,2459,3
2026-05-17 19:29:37,0.9,9.88,10.51,10.37,1545545,89724,5.8,0,0,0.0,1007,474,50,1.03,2.99,8.40,9.03,2466,2
2026-05-17 19:30:37,0.9,10.31,10.50,10.38,1545545,89741,5.8,0,0,0.0,1007,474,50,1.03,3.20,7.74,8.38,2488,4
2026-05-17 19:31:38,0.9,9.77,10.28,10.30,1545545,89752,5.8,0,0,0.0,1007,474,50,1.03,3.22,0.58,2.10,2487,5
2026-05-17 19:32:38,1.1,10.05,10.24,10.29,1545545,89741,5.8,0,0,0.0,1007,474,50,1.03,3.25,4.25,5.38,2469,4
2026-05-17 19:33:38,1.9,9.44,10.01,10.20,1545545,89769,5.8,0,0,0.0,1007,474,50,1.03,2.99,1.62,2.89,2481,2
2026-05-17 19:34:39,0.8,10.08,10.07,10.21,1545545,89745,5.8,0,0,0.0,1007,474,50,1.03,3.11,6.75,7.42,2472,2
2026-05-17 19:35:39,1.8,9.90,10.03,10.18,1545545,89748,5.8,0,0,0.0,1007,474,50,1.03,3.20,2.25,3.50,2463,5
2026-05-17 19:36:39,2.7,9.67,9.93,10.14,1545545,89793,5.8,0,0,0.0,1007,474,50,1.03,3.40,5.58,6.60,2483,3
2026-05-17 19:37:40,1.0,9.23,9.78,10.07,1545545,89746,5.8,0,0,0.0,1007,474,50,1.03,3.03,2.31,3.67,2485,2
2026-05-17 19:38:40,0.9,10.09,9.93,10.10,1545545,89740,5.8,0,0,0.0,1007,474,50,1.03,3.18,2.94,4.03,2482,4
2026-05-17 19:39:40,1.1,11.18,10.38,10.25,1545545,89747,5.8,0,0,0.0,1007,474,50,1.03,3.00,4.14,5.22,2476,1
2026-05-17 19:40:41,2.5,11.91,10.58,10.32,1545545,89776,5.8,0,0,0.0,1007,474,50,1.03,3.10,3.08,4.15,2476,4
2026-05-17 19:41:41,1.0,12.95,11.22,10.56,1545545,89775,5.8,0,0,0.0,1007,474,50,1.03,3.16,3.81,4.93,2459,3
2026-05-17 19:42:41,1.0,12.57,11.35,10.64,1545545,89760,5.8,0,0,0.0,1007,474,50,1.03,3.31,3.04,4.33,2466,2
2026-05-17 19:43:42,1.7,14.45,11.97,10.89,1545545,89649,5.8,0,0,0.0,1007,474,50,1.03,2.80,10.29,10.86,2478,2
2026-05-17 19:44:42,1.0,12.45,11.94,10.96,1545545,89637,5.8,0,0,0.0,1007,474,50,1.03,2.94,6.03,7.65,2476,3
2026-05-17 19:45:42,2.9,14.89,12.57,11.22,1545545,89681,5.8,0,0,0.0,1007,474,50,1.03,3.16,5.60,6.90,2475,4
2026-05-17 19:46:43,3.1,19.68,14.34,11.92,1545545,89692,5.8,0,0,0.0,1007,474,50,1.03,3.28,11.53,13.38,2474,8
2026-05-17 19:47:43,0.9,14.77,13.97,11.95,1545545,89655,5.8,0,0,0.0,1007,474,50,1.03,3.39,10.37,11.09,2475,5
2026-05-17 19:48:43,1.0,11.37,13.12,11.78,1545545,89652,5.8,0,0,0.0,1007,474,50,1.03,2.87,3.35,4.42,2460,1
2026-05-17 19:49:44,0.9,9.58,12.28,11.57,1545545,89661,5.8,0,0,0.0,1007,474,50,1.03,3.13,0.49,1.90,2463,1
2026-05-17 19:50:44,1.0,9.72,11.84,11.47,1545545,89693,5.8,0,0,0.0,1007,474,50,1.03,3.20,4.49,5.48,2468,2
2026-05-17 19:51:44,2.0,10.67,11.73,11.45,1545545,89715,5.8,0,0,0.0,1007,474,50,1.03,3.17,5.92,7.09,2476,4
2026-05-17 19:52:45,1.1,9.25,11.15,11.27,1545545,89682,5.8,0,0,0.0,1007,474,50,1.03,3.10,2.10,3.56,2482,3
2026-05-17 19:53:45,1.0,9.55,10.86,11.16,1545545,89688,5.8,0,0,0.0,1007,474,50,1.03,3.17,5.16,6.53,2479,2
2026-05-17 19:54:45,2.2,9.89,10.67,11.07,1545545,89696,5.8,0,0,0.0,1007,474,50,1.08,3.02,5.90,7.14,2485,4
2026-05-17 19:55:46,1.8,9.61,10.44,10.97,1545545,89726,5.8,0,0,0.0,1007,474,50,1.03,3.14,0.96,2.28,2471,3
2026-05-17 19:56:46,1.3,9.62,10.27,10.88,1545545,89724,5.8,0,0,0.0,1007,474,50,1.03,3.39,2.17,3.47,2458,4
2026-05-17 19:57:46,0.9,9.15,10.03,10.75,1545545,89703,5.8,0,0,0.0,1007,474,50,1.03,3.29,0.78,2.30,2465,3
2026-05-17 19:58:47,0.9,9.27,9.95,10.68,1545545,89695,5.8,0,0,0.0,1007,474,50,1.03,3.06,7.71,8.39,2473,3
2026-05-17 19:59:47,1.0,10.87,10.29,10.75,1545545,89691,5.8,0,0,0.0,1007,474,50,1.03,2.91,6.69,8.12,2467,4
2026-05-17 20:00:47,1.0,9.73,10.05,10.64,1545545,89716,5.8,0,0,0.0,1007,474,50,1.03,3.21,0.49,1.87,2489,1
2026-05-17 20:01:48,1.0,9.63,9.95,10.57,1545545,89713,5.8,0,0,0.0,1007,474,50,1.03,52.24,0.56,2.00,2494,5
2026-05-17 20:02:48,0.9,10.08,10.00,10.54,1545545,89711,5.8,0,0,0.0,1007,474,50,1.03,3.00,2.31,3.79,2483,5
2026-05-17 20:03:48,11.4,13.08,10.67,10.73,1545545,89750,5.8,0,0,0.0,1007,474,50,1.03,3.13,5.90,7.07,2475,24
2026-05-17 20:04:49,1.7,11.30,10.67,10.73,1545545,89753,5.8,0,0,0.0,1007,474,50,1.03,3.09,8.14,8.94,2473,3
2026-05-17 20:05:49,0.8,12.21,11.09,10.87,1545545,89756,5.8,0,0,0.0,1007,474,50,1.03,2.71,9.05,10.38,2458,4
2026-05-17 20:06:49,1.7,13.22,11.56,11.04,1545545,89775,5.8,0,0,0.0,1007,474,50,1.03,3.05,9.90,11.31,2470,4
2026-05-17 20:07:50,3.1,18.26,12.97,11.54,1545545,89779,5.8,0,0,0.0,1007,474,50,1.03,3.48,5.45,6.59,2472,8
2026-05-17 20:08:50,1.4,13.55,12.70,11.55,1545545,89744,5.8,0,0,0.0,1007,474,50,1.03,3.19,5.69,6.86,2471,3
2026-05-17 20:09:50,0.9,10.52,12.00,11.38,1545545,89747,5.8,0,0,0.0,1007,474,50,1.03,2.96,0.87,2.23,2468,3
2026-05-17 20:10:51,0.8,9.38,11.42,11.22,1545545,89769,5.8,0,0,0.0,1007,474,50,1.03,3.06,0.50,1.86,2466,2
2026-05-17 20:11:51,1.8,9.38,11.02,11.09,1545545,89789,5.8,0,0,0.0,1007,474,50,1.03,3.31,1.57,2.80,2453,3
2026-05-17 20:12:51,1.9,10.72,11.24,11.17,1545545,89774,5.8,0,0,0.0,1007,474,50,1.03,3.34,6.79,7.90,2457,3
2026-05-17 20:13:52,3.5,11.72,11.48,11.26,1545545,89779,5.8,0,0,0.0,1007,474,50,1.03,3.05,7.36,8.07,2454,4
2026-05-17 20:14:52,1.9,11.11,11.31,11.21,1545545,89775,5.8,0,0,0.0,1007,474,50,1.03,3.03,7.35,8.32,2462,3
2026-05-17 20:15:52,1.0,9.50,10.82,11.05,1545545,89777,5.8,0,0,0.0,1007,474,50,1.03,3.38,1.02,2.38,2463,3
2026-05-17 20:16:53,1.3,12.54,11.36,11.21,1545545,89769,5.8,0,0,0.0,1007,474,50,1.03,3.10,4.10,5.16,2466,2
2026-05-17 20:17:53,2.0,10.63,11.02,11.10,1545545,89669,5.8,0,0,0.0,1007,474,50,1.03,3.32,6.49,7.53,2480,26
2026-05-17 20:18:53,1.3,11.82,11.37,11.22,1545545,89647,5.8,0,0,0.0,1007,474,50,1.03,3.04,7.38,8.61,2486,1
2026-05-17 20:19:54,1.3,10.54,11.05,11.12,1545545,89660,5.8,0,0,0.0,1007,474,50,1.03,2.65,6.13,7.08,2476,1
2026-05-17 20:20:54,1.9,12.75,11.60,11.30,1545545,89673,5.8,0,0,0.0,1007,474,50,1.03,3.27,3.03,4.13,2474,7
2026-05-17 20:21:54,3.2,11.78,11.45,11.26,1545545,89712,5.8,0,0,0.0,1007,474,50,1.03,3.14,9.83,10.82,2475,5
2026-05-17 20:22:55,1.2,10.90,11.40,11.27,1545545,89675,5.8,0,0,0.0,1007,474,50,1.03,3.36,2.42,4.16,2456,3
2026-05-17 20:23:55,1.3,10.72,11.23,11.21,1545545,89696,5.8,0,0,0.0,1007,474,50,1.03,3.16,5.76,6.82,2462,3
2026-05-17 20:24:55,1.2,9.51,10.80,11.06,1545545,89680,5.8,0,0,0.0,1007,474,50,1.03,2.98,2.15,3.37,2474,2
2026-05-17 20:25:56,2.3,12.01,11.63,11.35,1545545,89717,5.8,0,0,0.0,1007,474,50,1.03,3.07,1.15,2.40,2469,2
2026-05-17 20:26:56,1.4,10.26,11.22,11.23,1545545,89700,5.8,0,0,0.0,1007,474,50,1.03,3.29,2.79,3.91,2468,5
2026-05-17 20:27:56,2.2,11.89,11.52,11.33,1545545,89700,5.8,0,0,0.0,1007,474,50,1.03,3.25,5.95,7.04,2479,5
2026-05-17 20:28:57,2.0,10.13,11.09,11.20,1545545,89691,5.8,0,0,0.0,1007,474,50,1.03,3.01,4.05,5.11,2471,3
2026-05-17 20:29:57,0.9,9.36,10.75,11.07,1545545,89685,5.8,0,0,0.0,1007,474,50,1.03,3.12,5.44,6.39,2471,6
2026-05-17 20:30:57,1.1,9.16,10.44,10.95,1545545,89718,5.8,0,0,0.0,1007,474,50,1.03,3.19,2.56,3.70,2477,3
2026-05-17 20:31:58,1.2,9.11,10.21,10.83,1545545,89715,5.8,0,0,0.0,1007,474,50,1.03,3.05,0.50,1.87,2474,4
2026-05-17 20:32:58,0.8,9.89,10.28,10.82,1545545,89704,5.8,0,0,0.0,1007,474,50,1.03,3.15,9.32,10.30,2472,2
2026-05-17 20:33:58,7.5,9.42,10.07,10.71,1545545,89701,5.8,0,0,0.0,1007,474,50,1.03,3.29,1.47,2.88,2470,3
2026-05-17 20:34:59,0.8,10.45,10.23,10.73,1545545,89698,5.8,0,0,0.0,1007,474,50,1.03,3.04,4.00,5.30,2467,10
2026-05-17 20:35:59,1.8,12.32,10.70,10.85,1545545,89752,5.8,0,0,0.0,1007,474,50,1.03,3.10,4.93,5.86,2472,4
2026-05-17 20:36:59,2.1,11.38,10.79,10.88,1545545,89769,5.8,0,0,0.0,1007,474,50,1.03,3.21,6.40,7.14,2462,2
2026-05-17 20:38:00,3.0,13.26,11.41,11.09,1545545,89750,5.8,0,0,0.0,1007,474,50,1.03,3.35,8.11,9.52,2453,5
2026-05-17 20:39:00,1.2,12.28,11.55,11.16,1545545,89730,5.8,0,0,0.0,1007,474,50,1.03,3.13,6.97,8.39,2461,4
2026-05-17 20:40:00,2.4,11.18,11.38,11.12,1545545,89741,5.8,0,0,0.0,1007,474,50,1.03,3.00,8.50,9.09,2472,3
2026-05-17 20:41:01,2.7,11.90,11.45,11.16,1545545,89785,5.8,0,0,0.0,1007,474,50,1.03,3.23,4.31,5.61,2461,6
2026-05-17 20:42:01,1.0,11.37,11.46,11.18,1545545,89774,5.8,0,0,0.0,1007,474,50,1.03,3.15,8.56,10.55,2470,3
2026-05-17 20:43:01,1.0,11.95,11.56,11.23,1545545,89770,5.8,0,0,0.0,1007,474,50,1.03,3.15,3.39,4.77,2474,4
2026-05-17 20:44:02,1.0,10.13,11.10,11.09,1545545,89750,5.8,0,0,0.0,1007,474,50,1.03,3.17,1.05,2.50,2460,1
2026-05-17 20:45:02,1.9,9.56,10.78,10.98,1545545,89778,5.8,0,0,0.0,1007,474,50,1.03,2.98,1.19,2.60,2443,3
2026-05-17 20:46:02,1.3,11.28,11.15,11.10,1545545,89787,5.8,0,0,0.0,1007,474,50,1.03,3.22,10.47,13.17,2458,1
2026-05-17 20:47:03,1.8,10.08,10.87,11.01,1545545,89780,5.8,0,0,0.0,1007,474,50,1.03,3.11,4.87,5.82,2454,2
2026-05-17 20:48:03,1.2,9.91,10.66,10.93,1545545,89771,5.8,0,0,0.0,1007,474,50,1.03,2.79,0.70,2.18,2453,1
2026-05-17 20:49:03,7.6,10.36,10.64,10.90,1545545,89763,5.8,0,0,0.0,1007,474,50,1.03,3.22,4.32,5.45,2462,4
2026-05-17 20:50:04,4.8,10.93,10.72,10.91,1545545,89781,5.8,0,0,0.0,1007,474,50,1.03,3.12,10.28,11.60,2480,8
2026-05-17 20:51:04,3.3,11.71,11.02,11.01,1545545,89686,5.8,0,0,0.0,1007,474,50,1.03,3.23,10.91,13.08,2495,13
2026-05-17 20:52:04,2.5,10.55,10.84,10.94,1545545,89705,5.8,0,0,0.0,1007,474,50,1.03,3.05,10.74,11.07,2488,14
2026-05-17 20:53:05,2.0,10.47,10.82,10.94,1545545,89673,5.8,0,0,0.0,1007,474,50,1.03,3.19,8.34,9.13,2488,5
2026-05-17 20:54:05,2.3,9.39,10.48,10.81,1545545,89653,5.8,0,0,0.0,1007,474,50,1.03,3.16,4.41,5.52,2486,1
2026-05-17 20:55:05,3.6,15.56,11.62,11.16,1545545,89654,5.8,0,0,0.0,1007,474,50,1.03,3.11,0.92,2.27,2482,1
2026-05-17 20:56:06,1.1,11.31,11.13,11.02,1545545,89702,5.8,0,0,0.0,1007,474,50,1.03,3.20,0.97,2.29,2469,5
2026-05-17 20:57:06,1.2,17.23,12.63,11.52,1545545,89695,5.8,0,0,0.0,1007,474,50,1.03,3.05,2.90,4.05,2466,1
2026-05-17 20:58:06,1.1,12.63,12.11,11.41,1545545,89694,5.8,0,0,0.0,1007,474,50,1.03,3.36,6.16,7.06,2460,2
2026-05-17 20:59:07,1.1,9.97,11.45,11.23,1545545,89691,5.8,0,0,0.0,1007,474,50,1.03,3.29,0.75,2.28,2469,3
2026-05-17 21:00:07,1.3,9.34,10.97,11.07,1545545,89686,5.8,0,0,0.0,1007,474,50,1.03,2.93,1.38,2.74,2466,5
2026-05-17 21:01:07,3.6,10.31,11.03,11.09,1545545,89747,5.8,0,0,0.0,1007,474,50,1.03,50.03,7.91,8.84,2475,3
2026-05-17 21:02:08,1.1,11.49,11.33,11.20,1545545,89726,5.8,0,0,0.0,1007,474,50,1.03,3.19,10.90,11.64,2484,1
2026-05-17 21:03:08,0.9,9.61,10.81,11.03,1545545,89697,5.8,0,0,0.0,1007,474,50,1.03,3.07,3.33,4.40,2484,1
2026-05-17 21:04:09,4.0,9.89,10.67,10.96,1545545,89702,5.8,0,0,0.0,1007,474,50,1.03,3.21,5.23,7.31,2479,5
2026-05-17 21:05:09,1.0,10.36,10.63,10.93,1545545,89694,5.8,0,0,0.0,1007,474,50,1.03,3.17,2.62,3.74,2464,4
2026-05-17 21:06:09,1.8,10.20,10.54,10.88,1545545,89746,5.8,0,0,0.0,1007,474,50,1.03,3.11,1.71,2.98,2451,4
2026-05-17 21:07:10,1.0,10.83,10.72,10.92,1545545,89725,5.8,0,0,0.0,1007,474,50,1.03,3.15,9.06,10.19,2462,2
2026-05-17 21:08:10,1.9,11.47,10.87,10.96,1545545,89741,5.8,0,0,0.0,1007,474,50,1.03,3.31,2.79,4.08,2471,3
2026-05-17 21:09:10,1.1,9.85,10.54,10.84,1545545,89713,5.8,0,0,0.0,1007,474,50,1.03,3.29,5.96,6.97,2476,5
2026-05-17 21:10:11,3.2,14.16,11.59,11.18,1545545,89738,5.8,0,0,0.0,1007,474,50,1.03,2.96,11.95,13.37,2481,10
2026-05-17 21:11:11,3.1,13.00,11.67,11.23,1545545,89777,5.8,0,0,0.0,1007,474,50,1.03,2.90,9.92,11.41,2486,8
2026-05-17 21:12:11,2.3,11.02,11.36,11.15,1545545,89784,5.8,0,0,0.0,1007,474,50,1.03,3.25,2.28,3.68,2475,3
2026-05-17 21:13:12,1.2,9.60,10.90,11.00,1545545,89752,5.8,0,0,0.0,1007,474,50,1.03,3.16,2.79,3.97,2471,5
2026-05-17 21:14:12,3.1,9.39,10.60,10.89,1545545,89764,5.8,0,0,0.0,1007,474,50,1.03,3.18,1.07,2.79,2474,2
2026-05-17 21:15:12,2.1,9.12,10.30,10.77,1545545,89782,5.8,0,0,0.0,1007,474,50,1.03,3.09,4.23,5.19,2471,3
2026-05-17 21:16:13,1.1,9.44,10.24,10.72,1545545,89778,5.8,0,0,0.0,1007,474,50,1.03,3.42,4.98,5.84,2463,10
2026-05-17 21:17:13,2.0,9.08,9.98,10.60,1545545,89801,5.8,0,0,0.0,1007,474,50,1.03,2.95,1.85,3.09,2466,5
2026-05-17 21:18:13,1.1,9.05,9.84,10.51,1545545,89766,5.8,0,0,0.0,1007,474,50,1.03,3.12,2.69,3.91,2478,3
2026-05-17 21:19:14,1.1,8.94,9.69,10.42,1545545,89756,5.8,0,0,0.0,1007,474,50,1.03,3.40,1.09,2.70,2475,8
2026-05-17 21:20:14,3.0,9.65,9.73,10.38,1545545,89795,5.8,0,0,0.0,1007,474,50,1.03,3.04,9.55,10.18,2469,4
2026-05-17 21:21:14,1.9,10.82,9.97,10.42,1545545,89788,5.8,0,0,0.0,1007,474,50,1.03,3.05,4.39,5.74,2471,3
2026-05-17 21:22:15,1.5,9.44,9.74,10.31,1545545,89791,5.8,0,0,0.0,1007,474,50,1.03,3.16,0.72,2.08,2464,3
2026-05-17 21:23:15,2.9,12.81,10.56,10.55,1545545,89795,5.8,0,0,0.0,1007,474,50,1.03,3.12,5.76,7.29,2463,4
2026-05-17 21:24:15,3.6,17.27,11.99,11.03,1545545,89794,5.8,0,0,0.0,1007,474,50,1.03,3.24,7.80,9.25,2467,7
2026-05-17 21:25:16,0.8,13.75,12.16,11.16,1545545,89652,5.8,0,0,0.0,1007,474,50,1.03,2.96,3.49,5.19,2470,3
2026-05-17 21:26:16,2.3,14.28,12.59,11.37,1545545,89698,5.8,0,0,0.0,1007,474,50,1.03,3.42,7.86,8.41,2469,2
2026-05-17 21:27:16,1.0,11.92,12.25,11.33,1545545,89693,5.8,0,0,0.0,1007,474,50,1.03,3.15,3.36,4.43,2477,3
2026-05-17 21:28:17,1.4,11.00,11.92,11.27,1545545,89678,5.8,0,0,0.0,1007,474,50,1.03,2.95,3.33,4.41,2476,2
2026-05-17 21:29:17,1.9,9.71,11.38,11.13,1545545,89709,5.8,0,0,0.0,1007,474,50,1.03,3.24,2.67,4.22,2478,22
2026-05-17 21:30:17,2.3,11.61,11.68,11.25,1545545,89707,5.8,0,0,0.0,1007,474,50,1.03,3.32,10.76,11.32,2472,9
2026-05-17 21:31:18,2.8,14.82,12.57,11.58,1545545,89719,5.8,0,0,0.0,1007,474,50,1.03,3.11,11.22,12.44,2480,9
2026-05-17 21:32:18,3.4,15.72,13.18,11.85,1545545,89739,5.8,0,0,0.0,1007,474,50,2.07,2.96,11.56,12.31,2484,6
2026-05-17 21:33:18,10.9,11.58,12.50,11.70,1545545,89697,5.8,0,0,0.0,1007,474,50,1.03,3.12,3.40,4.46,2479,5
2026-05-17 21:34:19,1.8,12.51,12.70,11.83,1545545,89697,5.8,0,0,0.0,1007,474,50,1.03,3.14,8.60,9.97,2478,3
2026-05-17 21:35:19,1.9,10.38,12.07,11.67,1545545,89715,5.8,0,0,0.0,1007,474,50,1.03,3.10,4.64,5.64,2482,5
2026-05-17 21:36:19,1.2,9.25,11.46,11.48,1545545,89729,5.8,0,0,0.0,1007,474,50,1.03,3.14,4.39,5.36,2471,2
2026-05-17 21:37:20,2.4,12.02,11.67,11.54,1545545,89762,5.8,0,0,0.0,1007,474,50,1.03,3.24,3.81,4.96,2471,2
2026-05-17 21:38:20,3.2,11.73,11.58,11.52,1545545,89736,5.8,0,0,0.0,1007,474,50,1.03,3.10,5.12,6.28,2473,5
2026-05-17 21:39:20,1.3,11.59,11.55,11.51,1545545,89731,5.8,0,0,0.0,1007,474,50,1.03,3.10,9.35,10.73,2463,6
2026-05-17 21:40:21,1.9,10.98,11.39,11.45,1545545,89731,5.8,0,0,0.0,1007,474,50,1.03,3.30,5.11,6.05,2471,4
2026-05-17 21:41:21,1.1,11.02,11.27,11.41,1545545,89730,5.8,0,0,0.0,1007,474,50,1.03,3.25,8.91,9.51,2475,7
2026-05-17 21:42:21,1.0,9.30,10.74,11.22,1545545,89739,5.8,0,0,0.0,1007,474,50,1.03,2.96,0.45,1.88,2466,9
2026-05-17 21:43:22,2.0,11.60,11.15,11.33,1545545,89731,5.8,0,0,0.0,1007,474,50,1.03,3.13,9.35,9.80,2479,12
2026-05-17 21:44:22,1.0,10.29,10.89,11.22,1545545,89732,5.8,0,0,0.0,1007,474,50,1.03,3.14,3.49,4.86,2488,2
2026-05-17 21:45:22,1.0,9.46,10.55,11.09,1545545,89761,5.8,0,0,0.0,1007,474,50,1.03,2.92,1.40,2.76,2481,1
2026-05-17 21:46:23,1.0,9.14,10.25,10.95,1545545,89784,5.8,0,0,0.0,1007,474,50,1.03,3.25,2.93,4.03,2493,9
2026-05-17 21:47:23,1.6,10.24,10.41,10.96,1545545,89802,5.8,0,0,0.0,1007,474,50,1.03,2.95,5.20,6.36,2499,25
2026-05-17 21:48:23,1.1,11.46,10.72,11.03,1545545,89783,5.8,0,0,0.0,1007,474,50,1.03,3.10,6.49,7.35,2489,1
2026-05-17 21:49:24,6.1,10.15,10.45,10.92,1545545,89814,5.8,0,0,0.0,1007,474,50,1.03,3.21,4.75,5.92,2477,7
2026-05-17 21:50:24,1.0,10.15,10.44,10.89,1545545,89806,5.8,0,0,0.0,1007,474,50,1.03,3.35,8.21,8.96,2475,5
2026-05-17 21:51:24,1.4,9.96,10.33,10.82,1545545,89804,5.8,0,0,0.0,1007,474,50,1.03,3.03,0.53,1.86,2477,5
2026-05-17 21:52:25,1.2,10.47,10.33,10.78,1545545,89813,5.8,0,0,0.0,1007,474,50,1.03,3.08,4.88,5.82,2468,3
2026-05-17 21:53:25,1.9,14.47,11.50,11.15,1545545,89819,5.8,0,0,0.0,1007,474,50,1.03,3.02,6.04,6.90,2479,7
2026-05-17 21:54:25,0.9,10.85,11.01,11.00,1545545,89795,5.8,0,0,0.0,1007,474,50,1.03,3.18,0.98,2.45,2485,2
2026-05-17 21:55:26,0.9,11.18,11.12,11.05,1545545,89797,5.8,0,0,0.0,1007,474,50,1.03,3.41,6.96,8.38,2480,3
2026-05-17 21:56:26,1.5,10.20,10.82,10.94,1545545,89846,5.8,0,0,0.0,1007,474,50,1.03,3.21,3.89,4.86,2479,2
2026-05-17 21:57:26,1.9,11.23,10.96,10.98,1545545,89862,5.8,0,0,0.0,1007,474,50,1.03,3.15,9.76,10.45,2482,6
2026-05-17 21:58:27,1.0,10.34,10.80,10.93,1545545,89799,5.8,0,0,0.0,1007,474,50,1.03,2.98,6.34,7.34,2488,3
2026-05-17 21:59:27,2.4,10.35,10.64,10.86,1545545,89683,5.8,0,0,0.0,1007,474,50,1.03,3.22,0.91,2.28,2486,3
2026-05-17 22:00:27,1.1,10.17,10.55,10.81,1545545,89712,5.8,0,0,0.0,1007,474,50,1.03,3.34,9.91,10.78,2491,1
2026-05-17 22:01:28,1.2,9.71,10.32,10.72,1545545,89717,5.8,0,0,0.0,1007,474,50,1.03,49.78,0.68,1.96,2474,1
2026-05-17 22:02:28,1.1,10.84,10.60,10.79,1545545,89725,5.8,0,0,0.0,1007,474,50,1.03,2.64,7.32,8.04,2490,3
2026-05-17 22:03:28,2.0,11.52,10.82,10.86,1545545,89717,5.8,0,0,0.0,1007,474,50,1.03,2.91,7.21,7.87,2474,3
2026-05-17 22:04:29,0.9,10.30,10.62,10.78,1545545,89695,5.8,0,0,0.0,1007,474,50,1.03,3.23,5.85,6.68,2473,1
2026-05-17 22:05:29,2.1,10.64,10.65,10.79,1545545,89725,5.8,0,0,0.0,1007,474,50,1.03,3.30,5.01,6.25,2481,6
2026-05-17 22:06:29,1.7,9.95,10.47,10.71,1545545,89736,5.8,0,0,0.0,1007,474,50,1.03,3.13,2.87,4.17,2479,2
2026-05-17 22:07:30,2.8,12.78,11.23,10.96,1545545,89757,5.8,0,0,0.0,1007,474,50,1.03,3.09,10.24,12.03,2471,6
2026-05-17 22:08:30,0.9,12.71,11.57,11.10,1545545,89741,5.8,0,0,0.0,1007,474,50,1.03,3.30,10.12,11.41,2481,4
2026-05-17 22:09:30,1.0,10.23,11.04,10.95,1545545,89717,5.8,0,0,0.0,1007,474,50,1.03,3.09,0.49,1.87,2465,2
2026-05-17 22:10:31,0.9,10.35,10.88,10.90,1545545,89716,5.8,0,0,0.0,1007,474,50,1.03,3.37,1.90,3.42,2469,10
2026-05-17 22:11:31,0.9,10.69,10.84,10.88,1545545,89772,5.8,0,0,0.0,1007,474,50,1.03,3.18,6.68,7.47,2470,3
2026-05-17 22:12:31,1.0,10.27,10.73,10.84,1545545,89755,5.8,0,0,0.0,1007,474,50,1.03,2.98,5.35,6.25,2497,1
2026-05-17 22:13:32,1.8,9.93,10.53,10.76,1545545,89749,5.8,0,0,0.0,1007,474,50,1.03,3.04,2.17,3.48,2479,3
2026-05-17 22:14:32,0.9,9.36,10.26,10.65,1545545,89719,5.8,0,0,0.0,1007,474,50,1.03,3.06,3.99,5.12,2482,1
2026-05-17 22:15:32,1.1,9.64,10.17,10.60,1545545,89738,5.8,0,0,0.0,1007,474,50,1.03,3.45,4.66,6.03,2489,7
2026-05-17 22:16:33,2.1,10.82,10.35,10.63,1545545,89775,5.8,0,0,0.0,1007,474,50,1.03,3.05,4.33,5.32,2478,3
2026-05-17 22:17:33,2.1,10.27,10.27,10.58,1545545,89791,5.8,0,0,0.0,1007,474,50,1.03,3.16,8.34,8.92,2468,2
2026-05-17 22:18:33,1.2,9.52,10.05,10.49,1545545,89751,5.8,0,0,0.0,1007,474,50,1.03,3.09,2.61,3.76,2488,1
2026-05-17 22:19:34,1.5,10.85,10.31,10.55,1545545,89796,5.8,0,0,0.0,1007,474,50,1.03,3.12,6.48,7.47,2479,6
2026-05-17 22:20:34,1.0,10.46,10.31,10.53,1545545,89777,5.8,0,0,0.0,1007,474,50,1.03,3.28,1.46,3.10,2465,8
2026-05-17 22:21:34,2.2,10.21,10.30,10.52,1545545,89794,5.8,0,0,0.0,1007,474,50,1.03,3.19,2.18,3.33,2483,1
2026-05-17 22:22:35,1.0,9.75,10.17,10.46,1545545,89808,5.8,0,0,0.0,1007,474,50,1.03,2.76,5.34,6.19,2483,6
2026-05-17 22:23:35,0.9,9.13,9.91,10.35,1545545,89783,5.8,0,0,0.0,1007,474,50,1.03,3.14,0.95,2.35,2478,6
2026-05-17 22:24:35,1.0,12.13,10.57,10.54,1545545,89790,5.8,0,0,0.0,1007,474,50,1.03,2.95,8.84,10.42,2482,2
2026-05-17 22:25:36,1.1,11.82,10.70,10.58,1545545,89781,5.8,0,0,0.0,1007,474,50,1.03,3.33,5.23,7.04,2481,9
2026-05-17 22:26:36,2.0,10.41,10.45,10.50,1545545,89818,5.8,0,0,0.0,1007,474,50,1.03,3.34,2.35,3.45,2476,4
2026-05-17 22:27:36,1.0,10.28,10.50,10.52,1545545,89808,5.8,0,0,0.0,1007,474,50,1.03,2.99,4.46,5.49,2484,2
2026-05-17 22:28:37,1.8,10.01,10.42,10.50,1545545,89804,5.8,0,0,0.0,1007,474,50,1.03,3.11,7.97,9.16,2477,2
2026-05-17 22:29:37,2.0,11.11,10.63,10.56,1545545,89808,5.8,0,0,0.0,1007,474,50,1.03,3.25,9.91,11.15,2476,3
2026-05-17 22:30:37,2.0,11.21,10.74,10.60,1545545,89825,5.8,0,0,0.0,1007,474,50,1.03,3.51,12.67,13.05,2482,3
2026-05-17 22:31:38,1.0,10.32,10.60,10.56,1545545,89816,5.8,0,0,0.0,1007,474,50,1.03,3.05,2.65,3.85,2464,7
2026-05-17 22:32:38,2.9,10.64,10.64,10.58,1545545,89812,5.8,0,0,0.0,1007,474,50,1.03,2.94,6.16,6.98,2458,19
2026-05-17 22:33:38,1.1,9.82,10.44,10.52,1545545,89671,5.8,0,0,0.0,1007,474,50,1.03,3.12,6.88,7.67,2470,3
2026-05-17 22:34:39,2.2,10.11,10.40,10.50,1545545,89700,5.8,0,0,0.0,1007,474,50,1.03,3.10,4.55,5.55,2475,6
2026-05-17 22:35:39,1.0,12.38,10.97,10.68,1545545,89709,5.8,0,0,0.0,1007,474,50,1.03,3.42,11.99,13.36,2476,3
2026-05-17 22:36:39,1.8,10.90,10.78,10.63,1545545,89735,5.8,0,0,0.0,1007,474,50,1.03,3.18,7.62,8.36,2484,4
2026-05-17 22:37:40,2.9,11.57,10.88,10.67,1545545,89737,5.8,0,0,0.0,1007,474,50,1.03,3.16,8.03,9.37,2493,7
2026-05-17 22:38:40,0.9,9.83,10.53,10.56,1545545,89692,5.8,0,0,0.0,1007,474,50,1.03,3.02,3.72,4.84,2468,10
2026-05-17 22:39:40,1.0,9.44,10.27,10.47,1545545,89714,5.8,0,0,0.0,1007,474,50,1.03,2.68,0.99,2.33,2454,3
2026-05-17 22:40:41,1.6,9.62,10.16,10.42,1545545,89742,5.8,0,0,0.0,1007,474,50,1.03,3.32,4.62,5.60,2451,7
2026-05-17 22:41:41,0.8,9.48,10.07,10.37,1545545,89742,5.8,0,0,0.0,1007,474,50,1.03,3.25,3.63,4.85,2446,1
2026-05-17 22:42:41,0.9,9.91,10.05,10.35,1545545,89750,5.8,0,0,0.0,1007,474,50,1.03,2.92,6.79,7.93,2447,5
2026-05-17 22:43:42,1.0,10.09,10.07,10.34,1545545,89714,5.8,0,0,0.0,1007,474,50,1.03,3.08,8.66,9.85,2468,2
2026-05-17 22:44:42,2.9,10.06,10.10,10.33,1545545,89729,5.8,0,0,0.0,1007,474,50,1.03,3.06,7.00,7.98,2473,23
2026-05-17 22:45:42,1.0,10.28,10.28,10.39,1545545,89723,5.8,0,0,0.0,1007,474,50,1.03,3.29,5.51,6.89,2470,1
2026-05-17 22:46:43,1.3,14.75,11.40,10.75,1545545,89753,5.8,0,0,0.0,1007,474,50,1.03,3.38,9.11,10.88,2484,2
2026-05-17 22:47:43,3.0,12.30,11.24,10.73,1545545,89747,5.8,0,0,0.0,1007,474,50,1.03,3.08,5.28,6.97,2471,20
2026-05-17 22:48:43,1.0,10.77,10.98,10.67,1545545,89736,5.8,0,0,0.0,1007,474,50,1.03,3.01,6.56,7.57,2470,1
2026-05-17 22:49:44,0.9,10.41,10.83,10.64,1545545,89744,5.8,0,0,0.0,1007,474,50,1.03,3.09,0.52,1.89,2484,4
2026-05-17 22:50:44,1.8,9.73,10.55,10.55,1545545,89765,5.8,0,0,0.0,1007,474,50,1.03,3.18,2.82,4.03,2484,5
2026-05-17 22:51:44,2.2,9.80,10.43,10.51,1545545,89789,5.8,0,0,0.0,1007,474,50,1.03,3.43,4.80,5.93,2470,2
2026-05-17 22:52:45,0.9,9.48,10.22,10.43,1545545,89761,5.8,0,0,0.0,1007,474,50,1.03,3.02,1.91,3.15,2483,3
2026-05-17 22:53:45,0.9,9.00,9.95,10.33,1545545,89782,5.8,0,0,0.0,1007,474,50,1.03,2.53,0.86,2.24,2467,1
2026-05-17 22:54:45,0.9,9.80,10.01,10.32,1545545,89774,5.8,0,0,0.0,1007,474,50,1.03,3.08,7.32,8.00,2462,2
2026-05-17 22:55:46,1.9,11.20,10.30,10.40,1545545,89817,5.8,0,0,0.0,1007,474,50,1.03,3.36,6.23,7.45,2475,4
2026-05-17 22:56:46,1.3,9.91,10.10,10.32,1545545,89798,5.8,0,0,0.0,1007,474,50,1.03,3.38,3.44,4.66,2478,2
2026-05-17 22:57:46,0.8,9.56,9.97,10.26,1545545,89791,5.8,0,0,0.0,1007,474,50,1.03,2.95,4.19,5.18,2471,3
2026-05-17 22:58:47,0.9,10.40,10.13,10.30,1545545,89790,5.8,0,0,0.0,1007,474,50,1.03,3.04,5.86,7.32,2477,4
2026-05-17 22:59:47,0.9,11.00,10.37,10.37,1545545,89776,5.8,0,0,0.0,1007,474,50,1.03,3.12,4.91,5.92,2472,2
2026-05-17 23:00:47,1.8,10.59,10.36,10.36,1545545,89808,5.8,0,0,0.0,1007,474,50,1.03,3.11,4.98,5.97,2461,1
2026-05-17 23:01:48,0.9,9.87,10.21,10.31,1545545,89816,5.8,0,0,0.0,1007,474,50,1.03,52.14,0.69,2.20,2471,6
2026-05-17 23:02:48,1.1,10.47,10.30,10.33,1545545,89789,5.8,0,0,0.0,1007,474,50,1.03,3.01,3.08,4.15,2474,5
2026-05-17 23:03:48,1.4,10.43,10.29,10.33,1545545,89791,5.8,0,0,0.0,1007,474,50,1.03,3.00,4.89,5.90,2464,4
2026-05-17 23:04:49,1.9,10.38,10.29,10.32,1545545,89814,5.8,0,0,0.0,1007,474,50,1.03,2.87,6.43,7.20,2461,5
2026-05-17 23:05:49,2.2,11.80,10.71,10.46,1545545,89816,5.8,0,0,0.0,1007,474,50,1.03,3.25,7.93,8.52,2462,2
2026-05-17 23:06:49,0.8,9.98,10.42,10.38,1545545,89814,5.8,0,0,0.0,1007,474,50,1.03,3.27,4.12,5.35,2463,9
2026-05-17 23:07:50,1.0,12.82,11.04,10.59,1545545,89710,5.8,0,0,0.0,1007,474,50,1.03,3.05,1.43,2.80,2460,2
2026-05-17 23:08:50,1.8,15.10,11.95,10.93,1545545,89722,5.8,0,0,0.0,1007,474,50,1.03,3.00,7.21,7.81,2468,5
2026-05-17 23:09:50,1.0,14.55,12.36,11.14,1545545,89701,5.8,0,0,0.0,1007,474,50,1.03,3.13,7.67,8.90,2474,3
2026-05-17 23:10:51,1.0,11.52,11.89,11.05,1545545,89707,5.8,0,0,0.0,1007,474,50,1.03,3.23,0.49,1.87,2471,4
2026-05-17 23:11:51,1.8,11.25,11.70,11.03,1545545,89732,5.8,0,0,0.0,1007,474,50,1.03,3.20,3.49,4.71,2477,2
2026-05-17 23:12:51,2.1,13.02,12.22,11.26,1545545,89708,5.8,0,0,0.0,1007,474,50,1.03,3.17,10.40,11.58,2479,7
2026-05-17 23:13:52,1.0,10.90,11.74,11.15,1545545,89700,5.8,0,0,0.0,1007,474,50,1.03,3.09,1.01,2.32,2465,1
2026-05-17 23:14:52,1.0,9.70,11.24,11.01,1545545,89710,5.8,0,0,0.0,1007,474,50,1.03,3.02,3.31,4.48,2460,2
2026-05-17 23:15:52,1.0,9.29,10.82,10.88,1545545,89732,5.8,0,0,0.0,1007,474,50,1.03,3.15,0.49,1.88,2465,2
2026-05-17 23:16:53,2.9,13.44,11.46,11.08,1545545,89764,5.8,0,0,0.0,1007,474,50,1.03,3.17,7.58,8.88,2464,6
2026-05-17 23:17:53,3.2,14.52,12.05,11.30,1545545,89742,5.8,0,0,0.0,1007,474,50,1.03,3.25,9.59,11.06,2449,4
2026-05-17 23:18:53,8.0,12.08,11.82,11.27,1545545,89723,5.8,0,0,0.0,1007,474,50,1.03,2.98,7.35,8.01,2473,4
2026-05-17 23:19:54,0.9,11.86,11.77,11.28,1545545,89719,5.8,0,0,0.0,1007,474,50,1.03,3.14,7.34,8.03,2477,3
2026-05-17 23:20:54,1.0,10.25,11.37,11.18,1545545,89724,5.8,0,0,0.0,1007,474,50,1.03,3.18,3.16,4.60,2477,1
2026-05-17 23:21:54,3.7,10.44,11.21,11.13,1545545,89741,5.8,0,0,0.0,1007,474,50,1.03,2.80,3.64,4.84,2482,2
2026-05-17 23:22:55,1.0,10.07,10.95,11.05,1545545,89743,5.8,0,0,0.0,1007,474,50,1.03,3.17,4.49,5.56,2495,2
2026-05-17 23:23:55,0.9,9.53,10.64,10.93,1545545,89727,5.8,0,0,0.0,1007,474,50,1.03,3.08,0.89,2.25,2472,1
2026-05-17 23:24:55,1.1,9.48,10.43,10.84,1545545,89724,5.8,0,0,0.0,1007,474,50,1.03,2.93,2.14,3.36,2476,1
2026-05-17 23:25:56,3.1,11.65,10.84,10.95,1545545,89775,5.8,0,0,0.0,1007,474,50,1.03,3.13,6.46,7.43,2477,2
2026-05-17 23:26:56,3.3,12.17,11.02,11.00,1545545,89773,5.8,0,0,0.0,1007,474,50,1.03,3.61,5.47,6.84,2463,8
2026-05-17 23:27:56,1.2,13.92,11.77,11.26,1545545,89772,5.8,0,0,0.0,1007,474,50,1.03,3.12,5.79,7.70,2464,3
2026-05-17 23:28:57,0.9,11.52,11.48,11.19,1545545,89759,5.8,0,0,0.0,1007,474,50,1.03,3.03,2.51,3.69,2465,2
2026-05-17 23:29:57,1.3,10.28,11.17,11.10,1545545,89766,5.8,0,0,0.0,1007,474,50,1.03,3.03,4.90,5.96,2462,5
2026-05-17 23:30:57,1.0,9.85,10.90,11.02,1545545,89784,5.8,0,0,0.0,1007,474,50,1.03,3.17,0.52,1.89,2460,1
2026-05-17 23:31:58,0.8,10.24,10.84,10.99,1545545,89790,5.8,0,0,0.0,1007,474,50,1.03,3.19,2.98,4.27,2463,2
2026-05-17 23:32:58,0.9,10.04,10.67,10.92,1545545,89785,5.8,0,0,0.0,1007,474,50,1.03,3.18,5.52,6.53,2460,3
2026-05-17 23:33:58,1.1,10.94,10.81,10.95,1545545,89770,5.8,0,0,0.0,1007,474,50,1.03,3.07,5.17,6.46,2471,1
2026-05-17 23:34:59,2.1,19.29,13.46,11.86,1545545,89805,5.8,0,0,0.0,1007,474,50,1.03,3.24,1.99,3.25,2483,4
2026-05-17 23:35:59,3.1,15.07,13.27,11.90,1545545,89810,5.8,0,0,0.0,1007,474,50,1.03,2.78,10.83,11.25,2489,6
2026-05-17 23:36:59,1.1,14.69,13.60,12.10,1545545,89803,5.8,0,0,0.0,1007,474,50,1.03,3.21,12.31,12.81,2492,1
2026-05-17 23:38:00,1.2,12.17,13.14,12.05,1545545,89778,5.8,0,0,0.0,1007,474,50,1.03,3.34,5.58,6.64,2488,3
2026-05-17 23:39:00,1.6,11.10,12.62,11.93,1545545,89801,5.8,0,0,0.0,1007,474,50,1.03,3.08,7.70,8.44,2482,2
2026-05-17 23:40:00,3.1,10.50,12.13,11.81,1545545,89817,5.8,0,0,0.0,1007,474,50,1.03,2.95,6.74,8.03,2475,7
2026-05-17 23:41:01,0.9,9.84,11.68,11.68,1545545,89684,5.8,0,0,0.0,1007,474,50,1.03,3.16,4.04,5.27,2467,7
2026-05-17 23:42:01,2.2,11.35,11.78,11.71,1545545,89710,5.8,0,0,0.0,1007,474,50,1.03,3.09,3.84,4.95,2466,4
2026-05-17 23:43:01,1.1,11.51,11.73,11.69,1545545,89691,5.8,0,0,0.0,1007,474,50,1.03,3.29,11.18,11.58,2475,2
2026-05-17 23:44:02,0.9,10.20,11.31,11.55,1545545,89674,5.8,0,0,0.0,1007,474,50,1.03,3.07,0.50,1.88,2467,6
2026-05-17 23:45:02,3.3,9.61,10.91,11.39,1545545,89689,5.8,0,0,0.0,1007,474,50,1.03,2.91,4.97,6.18,2471,4
2026-05-17 23:46:02,0.9,9.62,10.73,11.30,1545545,89691,5.8,0,0,0.0,1007,474,50,1.03,3.19,6.39,8.00,2470,3
2026-05-17 23:47:03,1.1,9.93,10.65,11.24,1545545,89700,5.8,0,0,0.0,1007,474,50,1.03,3.16,6.42,7.70,2475,3
2026-05-17 23:48:03,2.0,9.32,10.36,11.10,1545545,89691,5.8,0,0,0.0,1007,474,50,1.03,3.20,0.76,2.30,2468,26
2026-05-17 23:49:03,2.6,10.42,10.55,11.12,1545545,89700,5.8,0,0,0.0,1007,474,50,1.03,3.01,7.25,8.22,2484,4
2026-05-17 23:50:04,0.8,9.11,10.15,10.95,1545545,89696,5.8,0,0,0.0,1007,474,50,1.03,3.04,1.24,2.59,2481,2
2026-05-17 23:51:04,0.8,10.36,10.27,10.94,1545545,89725,5.8,0,0,0.0,1007,474,50,1.03,3.24,4.88,5.83,2485,2
2026-05-17 23:52:04,3.3,10.37,10.25,10.88,1545545,89750,5.8,0,0,0.0,1007,474,50,1.03,3.07,3.77,4.95,2476,8
2026-05-17 23:53:05,0.9,9.48,10.04,10.77,1545545,89702,5.8,0,0,0.0,1007,474,50,1.03,3.27,1.91,3.37,2474,2
2026-05-17 23:54:05,2.9,10.72,10.27,10.80,1545545,89735,5.8,0,0,0.0,1007,474,50,1.03,2.69,6.95,8.41,2473,5
2026-05-17 23:55:05,1.7,14.02,11.29,11.12,1545545,89738,5.8,0,0,0.0,1007,474,50,1.03,2.93,8.69,10.17,2480,3
2026-05-17 23:56:06,1.0,12.88,11.65,11.27,1545545,89734,5.8,0,0,0.0,1007,474,50,1.03,3.18,9.55,10.55,2468,2
2026-05-17 23:57:06,1.4,10.02,11.06,11.09,1545545,89755,5.8,0,0,0.0,1007,474,50,1.03,3.20,0.89,2.23,2480,2
2026-05-17 23:58:06,3.1,10.81,11.00,11.06,1545545,89747,5.8,0,0,0.0,1007,474,50,1.03,3.29,5.20,6.98,2472,8
2026-05-17 23:59:07,3.1,10.98,11.05,11.07,1545545,89743,5.8,0,0,0.0,1007,474,50,1.03,2.98,6.28,7.20,2479,5
2026-05-18 00:00:07,1.0,11.10,11.17,11.12,1545545,89729,5.8,0,0,0.0,1007,474,50,1.03,3.06,9.34,10.97,2478,1
2026-05-18 00:01:07,0.8,11.86,11.63,11.29,1545545,89787,5.8,0,0,0.0,1007,474,50,1.03,52.18,6.11,6.89,2478,4
2026-05-18 00:02:08,0.9,9.80,11.08,11.13,1545545,89788,5.8,0,0,0.0,1007,474,50,1.03,3.06,0.49,1.87,2467,1
2026-05-18 00:03:08,1.2,10.15,10.94,11.07,1545545,89769,5.8,0,0,0.0,1007,474,50,1.03,3.05,3.10,4.46,2479,3
2026-05-18 00:04:08,2.2,11.11,11.12,11.13,1545545,89749,5.8,0,0,0.0,1007,474,50,1.03,3.07,3.86,4.92,2467,2
2026-05-18 00:05:09,1.5,12.63,11.48,11.25,1545545,89794,5.8,0,0,0.0,1007,474,50,1.03,3.04,9.67,10.03,2473,2
2026-05-18 00:06:09,0.8,10.01,10.95,11.08,1545545,89788,5.8,0,0,0.0,1007,474,50,1.03,3.29,1.80,3.05,2469,3
2026-05-18 00:07:09,1.1,10.30,10.93,11.07,1545545,89790,5.8,0,0,0.0,1007,474,50,1.03,3.03,6.93,7.62,2486,4
2026-05-18 00:08:10,1.0,9.27,10.51,10.91,1545545,89774,5.8,0,0,0.0,1007,474,50,1.03,3.40,0.69,2.27,2487,3
2026-05-18 00:09:10,0.9,10.74,10.74,10.97,1545545,89784,5.8,0,0,0.0,1007,474,50,1.03,3.22,5.59,7.08,2480,8
2026-05-18 00:10:10,0.9,9.61,10.43,10.85,1545545,89779,5.8,0,0,0.0,1007,474,50,1.03,2.87,0.97,2.31,2464,4
2026-05-18 00:11:11,0.9,9.73,10.33,10.79,1545545,89831,5.8,0,0,0.0,1007,474,50,1.03,3.21,2.95,4.08,2462,2
2026-05-18 00:12:11,1.0,9.07,10.04,10.66,1545545,89807,5.8,0,0,0.0,1007,474,50,1.03,3.12,0.48,1.88,2464,3
2026-05-18 00:13:11,2.2,11.33,10.46,10.75,1545545,89796,5.8,0,0,0.0,1007,474,50,1.03,3.33,6.29,8.29,2460,4
2026-05-18 00:14:12,0.9,10.90,10.45,10.73,1545545,89810,5.8,0,0,0.0,1007,474,50,1.03,3.02,7.55,8.99,2474,6
2026-05-18 00:15:12,3.0,11.17,10.57,10.75,1545545,89699,5.8,0,0,0.0,1007,474,50,1.03,3.13,8.20,9.91,2483,7
2026-05-18 00:16:12,1.0,10.86,10.67,10.78,1545545,89699,5.8,0,0,0.0,1007,474,50,1.03,3.26,10.41,11.18,2480,2
2026-05-18 00:17:13,1.3,10.94,10.76,10.80,1545545,89721,5.8,0,0,0.0,1007,474,50,1.03,2.68,8.09,8.77,2480,6
2026-05-18 00:18:13,0.9,9.79,10.50,10.71,1545545,89693,5.8,0,0,0.0,1007,474,50,1.03,3.19,2.52,3.88,2481,4
2026-05-18 00:19:13,1.9,9.88,10.37,10.65,1545545,89712,5.8,0,0,0.0,1007,474,50,1.03,3.19,4.98,6.13,2481,6
2026-05-18 00:20:14,2.8,10.86,10.63,10.73,1545545,89718,5.8,0,0,0.0,1007,474,50,1.03,3.16,11.38,11.88,2463,2
2026-05-18 00:21:14,1.8,10.56,10.50,10.67,1545545,89727,5.8,0,0,0.0,1007,474,50,1.03,3.10,3.13,4.19,2472,6
2026-05-18 00:22:14,3.3,12.30,11.03,10.85,1545545,89742,5.8,0,0,0.0,1007,474,50,1.03,3.12,12.05,13.67,2475,5
2026-05-18 00:23:15,0.9,11.61,11.17,10.91,1545545,89707,5.8,0,0,0.0,1007,474,50,1.03,3.18,6.50,8.05,2479,2
2026-05-18 00:24:15,3.1,12.02,11.25,10.95,1545545,89740,5.8,0,0,0.0,1007,474,50,1.03,3.20,6.82,8.58,2473,8
2026-05-18 00:25:15,1.7,10.97,11.08,10.91,1545545,89736,5.8,0,0,0.0,1007,474,50,1.03,2.89,5.91,6.68,2480,6
2026-05-18 00:26:16,2.0,9.77,10.72,10.79,1545545,89757,5.8,0,0,0.0,1007,474,50,1.03,3.24,3.35,4.42,2471,3
2026-05-18 00:27:16,1.3,9.85,10.53,10.72,1545545,89764,5.8,0,0,0.0,1007,474,50,1.03,3.24,7.59,8.42,2464,6
2026-05-18 00:28:16,1.9,9.30,10.24,10.61,1545545,89743,5.8,0,0,0.0,1007,474,50,1.03,3.04,2.66,3.94,2468,3
2026-05-18 00:29:17,1.0,11.76,10.56,10.68,1545545,89736,5.8,0,0,0.0,1007,474,50,1.03,3.23,3.76,5.18,2459,5
2026-05-18 00:30:17,1.0,10.57,10.45,10.64,1545545,89732,5.8,0,0,0.0,1007,474,50,1.03,3.26,5.74,6.63,2467,3
2026-05-18 00:31:17,2.6,10.25,10.39,10.60,1545545,89767,5.8,0,0,0.0,1007,474,50,1.03,3.11,7.66,8.37,2474,4
2026-05-18 00:32:18,1.5,11.66,10.76,10.72,1545545,89758,5.8,0,0,0.0,1007,474,50,1.03,2.89,10.71,11.87,2479,4
2026-05-18 00:33:18,2.0,10.84,10.62,10.67,1545545,89760,5.8,0,0,0.0,1007,474,50,2.07,3.15,3.93,4.95,2473,4
2026-05-18 00:34:18,1.1,9.78,10.37,10.58,1545545,89739,5.8,0,0,0.0,1007,474,50,1.03,3.36,1.00,2.61,2471,9
2026-05-18 00:35:19,0.9,9.80,10.26,10.53,1545545,89770,5.8,0,0,0.0,1007,474,50,1.03,3.20,0.89,2.28,2473,3
2026-05-18 00:36:19,1.8,10.20,10.24,10.50,1545545,89809,5.8,0,0,0.0,1007,474,50,1.03,3.05,4.77,5.78,2466,3
2026-05-18 00:37:19,1.8,10.86,10.51,10.58,1545545,89833,5.8,0,0,0.0,1007,474,50,1.03,3.11,7.74,9.13,2472,7
2026-05-18 00:38:20,1.6,10.17,10.33,10.51,1545545,89811,5.8,0,0,0.0,1007,474,50,1.03,3.24,5.55,6.68,2474,1
2026-05-18 00:39:20,1.9,9.93,10.21,10.45,1545545,89812,5.8,0,0,0.0,1007,474,50,1.03,3.08,3.60,4.91,2483,3
2026-05-18 00:40:20,3.0,9.84,10.11,10.40,1545545,89820,5.8,0,0,0.0,1007,474,50,1.03,2.82,3.39,4.64,2473,7
2026-05-18 00:41:21,3.2,11.33,10.49,10.52,1545545,89830,5.8,0,0,0.0,1007,474,50,1.03,3.16,11.62,13.12,2484,5
2026-05-18 00:42:21,1.1,10.07,10.30,10.45,1545545,89818,5.8,0,0,0.0,1007,474,50,1.03,3.13,3.12,4.87,2485,7
2026-05-18 00:43:21,2.0,9.33,10.04,10.35,1545545,89837,5.8,0,0,0.0,1007,474,50,1.03,3.51,1.17,2.49,2478,5
2026-05-18 00:44:22,1.1,9.50,9.96,10.30,1545545,89812,5.8,0,0,0.0,1007,474,50,1.03,3.18,3.69,5.00,2482,1
2026-05-18 00:45:22,1.9,9.51,9.87,10.25,1545545,89831,5.8,0,0,0.0,1007,474,50,1.03,3.19,1.75,3.08,2475,3
2026-05-18 00:46:22,3.0,9.72,9.85,10.22,1545545,89849,5.8,0,0,0.0,1007,474,50,1.03,3.10,5.60,6.73,2472,6
2026-05-18 00:47:23,1.0,9.67,9.84,10.19,1545545,89840,5.8,0,0,0.0,1007,474,50,1.03,2.97,5.19,6.35,2472,8
2026-05-18 00:48:23,1.2,9.62,9.79,10.15,1545545,89819,5.8,0,0,0.0,1007,474,50,1.03,3.16,2.50,3.71,2478,8
2026-05-18 00:49:23,1.1,9.29,9.68,10.08,1545545,89695,5.8,0,0,0.0,1007,474,50,1.03,3.19,0.82,2.40,2467,6
2026-05-18 00:50:24,1.0,10.02,9.92,10.15,1545545,89699,5.8,0,0,0.0,1007,474,50,1.03,3.08,5.06,6.71,2492,2
2026-05-18 00:51:24,2.0,9.59,9.81,10.09,1545545,89719,5.8,0,0,0.0,1007,474,50,1.03,3.15,0.50,1.94,2490,4
2026-05-18 00:52:24,1.5,9.64,9.79,10.07,1545545,89727,5.8,0,0,0.0,1007,474,50,1.03,3.18,0.50,1.84,2475,2
2026-05-18 00:53:25,2.0,11.49,10.10,10.14,1545545,89720,5.8,0,0,0.0,1007,474,50,1.03,3.08,0.75,2.18,2486,4
2026-05-18 00:54:25,1.1,12.11,10.46,10.26,1545545,89724,5.8,0,0,0.0,1007,474,50,1.03,2.78,4.83,6.01,2476,6
2026-05-18 00:55:25,1.8,12.90,10.99,10.46,1545545,89741,5.8,0,0,0.0,1007,474,50,1.03,3.25,4.87,5.76,2472,5
2026-05-18 00:56:26,0.8,10.50,10.69,10.39,1545545,89737,5.8,0,0,0.0,1007,474,50,1.03,3.12,1.98,3.17,2478,4
2026-05-18 00:57:26,2.2,9.79,10.43,10.32,1545545,89771,5.8,0,0,0.0,1007,474,50,1.03,3.30,2.94,4.13,2485,2
2026-05-18 00:58:26,1.0,10.28,10.43,10.32,1545545,89736,5.8,0,0,0.0,1007,474,50,1.03,2.87,5.65,6.50,2485,4
2026-05-18 00:59:27,2.0,9.44,10.14,10.23,1545545,89774,5.8,0,0,0.0,1007,474,50,1.03,3.28,3.94,5.18,2500,5
2026-05-18 01:00:27,1.0,11.33,10.59,10.38,1545545,89734,5.8,0,0,0.0,1007,474,50,1.03,3.23,6.56,7.69,2494,5
2026-05-18 01:01:27,2.3,11.12,10.64,10.41,1545545,89791,5.8,0,0,0.0,1007,474,50,1.03,49.49,6.36,7.13,2498,3
2026-05-18 01:02:28,1.8,13.42,11.52,10.73,1545545,89794,5.8,0,0,0.0,1007,474,50,1.03,3.07,10.77,11.84,2491,2
2026-05-18 01:03:28,0.8,12.01,11.41,10.74,1545545,89746,5.8,0,0,0.0,1007,474,50,1.03,3.06,3.38,4.46,2509,2
2026-05-18 01:04:28,1.6,12.28,11.63,10.86,1545545,89753,5.8,0,0,0.0,1007,474,50,1.03,3.25,10.41,11.70,2503,1
2026-05-18 01:05:29,1.0,11.96,11.60,10.90,1545545,89775,5.8,0,0,0.0,1007,474,50,1.03,3.27,5.79,6.80,2496,1
2026-05-18 01:06:29,1.0,11.30,11.56,10.94,1545545,89785,5.8,0,0,0.0,1007,474,50,1.03,3.09,8.05,9.05,2507,6
2026-05-18 01:07:29,2.2,10.35,11.26,10.87,1545545,89776,5.8,0,0,0.0,1007,474,50,1.03,3.11,6.10,6.92,2497,3
2026-05-18 01:08:30,1.9,10.37,11.08,10.83,1545545,89791,5.8,0,0,0.0,1007,474,50,1.03,3.26,5.34,6.57,2486,3
2026-05-18 01:09:30,1.0,9.16,10.62,10.69,1545545,89775,5.8,0,0,0.0,1007,474,50,1.03,3.14,2.50,3.88,2496,1
2026-05-18 01:10:30,0.9,8.98,10.29,10.57,1545545,89784,5.8,0,0,0.0,1007,474,50,1.03,3.29,0.61,2.01,2490,2
2026-05-18 01:11:31,1.8,9.03,10.06,10.47,1545545,89810,5.8,0,0,0.0,1007,474,50,1.03,3.13,1.59,2.84,2470,2
2026-05-18 01:12:31,1.1,9.67,10.03,10.43,1545545,89826,5.8,0,0,0.0,1007,474,50,1.03,3.25,7.63,8.29,2489,5
2026-05-18 01:13:32,1.5,9.78,10.01,10.40,1545545,89817,5.8,0,0,0.0,1007,474,50,1.03,2.60,5.96,6.86,2482,3
2026-05-18 01:14:32,1.0,9.59,9.93,10.35,1545545,89791,5.8,0,0,0.0,1007,474,50,1.03,3.34,4.83,6.06,2473,2
2026-05-18 01:15:32,1.7,10.23,10.00,10.34,1545545,89817,5.8,0,0,0.0,1007,474,50,1.03,3.32,3.67,4.81,2487,5
2026-05-18 01:16:33,0.9,10.20,10.05,10.34,1545545,89826,5.8,0,0,0.0,1007,474,50,1.03,3.18,1.83,3.07,2494,4
2026-05-18 01:17:33,3.2,10.98,10.24,10.38,1545545,89856,5.8,0,0,0.0,1007,474,50,1.03,2.94,4.36,5.70,2476,11
2026-05-18 01:18:33,0.9,11.67,10.59,10.50,1545545,89827,5.8,0,0,0.0,1007,474,50,1.03,2.80,8.21,9.84,2488,4
2026-05-18 01:19:34,1.1,11.10,10.56,10.49,1545545,89827,5.8,0,0,0.0,1007,474,50,1.03,3.24,4.25,5.34,2484,2
2026-05-18 01:20:34,0.9,10.79,10.51,10.47,1545545,89820,5.8,0,0,0.0,1007,474,50,1.03,3.31,1.88,3.22,2477,8
2026-05-18 01:21:34,1.8,11.01,10.59,10.50,1545545,89837,5.8,0,0,0.0,1007,474,50,1.03,3.02,2.13,3.36,2473,2
2026-05-18 01:22:35,4.8,9.74,10.26,10.39,1545545,89864,5.8,0,0,0.0,1007,474,50,1.03,3.23,2.50,3.68,2489,8
2026-05-18 01:23:35,0.9,9.77,10.21,10.36,1545545,89695,5.8,0,0,0.0,1007,474,50,1.03,3.00,1.69,3.04,2480,2
2026-05-18 01:24:35,1.5,11.22,10.54,10.47,1545545,89725,5.8,0,0,0.0,1007,474,50,1.03,3.16,9.16,10.89,2472,3
2026-05-18 01:25:36,2.0,10.79,10.54,10.47,1545545,89740,5.8,0,0,0.0,1007,474,50,1.03,3.23,9.11,9.67,2484,6
2026-05-18 01:26:36,2.2,10.29,10.45,10.44,1545545,89784,5.8,0,0,0.0,1007,474,50,1.03,3.27,4.83,5.87,2473,3
2026-05-18 01:27:36,3.3,10.06,10.31,10.39,1545545,89756,5.8,0,0,0.0,1007,474,50,1.03,2.96,5.66,6.84,2473,5
2026-05-18 01:28:37,1.7,11.46,10.66,10.51,1545545,89728,5.8,0,0,0.0,1007,474,50,1.03,3.07,11.03,11.62,2488,4
2026-05-18 01:29:37,3.2,10.24,10.47,10.45,1545545,89736,5.8,0,0,0.0,1007,474,50,1.03,3.31,7.85,8.68,2478,4
2026-05-18 01:30:37,1.0,11.76,10.98,10.63,1545545,89729,5.8,0,0,0.0,1007,474,50,1.03,3.40,8.79,9.64,2475,3
2026-05-18 01:31:38,2.0,10.35,10.69,10.56,1545545,89763,5.8,0,0,0.0,1007,474,50,1.03,2.97,2.40,3.59,2475,6
2026-05-18 01:32:38,0.9,10.49,10.64,10.54,1545545,89763,5.8,0,0,0.0,1007,474,50,1.03,2.98,5.87,6.74,2481,2
2026-05-18 01:33:38,9.6,9.85,10.42,10.47,1545545,89737,5.8,0,0,0.0,1007,474,50,1.03,3.20,4.90,5.86,2478,5
2026-05-18 01:34:39,10.6,12.09,11.08,10.71,1545545,89761,5.8,0,0,0.0,1007,474,50,1.03,3.04,7.40,8.96,2481,7
2026-05-18 01:35:39,0.9,11.79,11.22,10.78,1545545,89737,5.8,0,0,0.0,1007,474,50,1.03,3.45,9.46,11.53,2478,1
2026-05-18 01:36:39,3.2,12.71,11.42,10.87,1545545,89785,5.8,0,0,0.0,1007,474,50,1.03,3.11,8.97,9.59,2478,4
2026-05-18 01:37:40,2.2,11.47,11.32,10.87,1545545,89803,5.8,0,0,0.0,1007,474,50,1.03,3.13,3.34,4.48,2474,9
2026-05-18 01:38:40,1.5,12.37,11.59,10.99,1545545,89765,5.8,0,0,0.0,1007,474,50,1.03,2.95,12.12,12.61,2451,6
2026-05-18 01:39:40,1.8,10.31,11.14,10.88,1545545,89767,5.8,0,0,0.0,1007,474,50,1.03,3.15,3.28,4.54,2466,2
2026-05-18 01:40:41,2.9,10.41,10.95,10.82,1545545,89775,5.8,0,0,0.0,1007,474,50,1.03,3.45,7.71,9.34,2483,5
2026-05-18 01:41:41,2.0,10.48,10.89,10.81,1545545,89794,5.8,0,0,0.0,1007,474,50,1.03,2.91,6.80,8.05,2482,2
2026-05-18 01:42:41,2.8,10.62,10.83,10.79,1545545,89812,5.8,0,0,0.0,1007,474,50,1.03,3.12,10.33,11.41,2486,3
2026-05-18 01:43:42,1.7,10.37,10.81,10.80,1545545,89805,5.8,0,0,0.0,1007,474,50,1.03,3.05,3.56,5.10,2477,4
2026-05-18 01:44:42,2.1,11.00,10.89,10.82,1545545,89789,5.8,0,0,0.0,1007,474,50,1.03,3.04,6.99,8.08,2473,3
2026-05-18 01:45:42,1.8,9.52,10.49,10.69,1545545,89809,5.8,0,0,0.0,1007,474,50,1.03,2.92,2.39,3.75,2458,8
2026-05-18 01:46:43,1.1,10.21,10.63,10.73,1545545,89825,5.8,0,0,0.0,1007,474,50,1.03,3.24,8.38,9.33,2466,4
2026-05-18 01:47:43,0.9,9.76,10.40,10.64,1545545,89838,5.8,0,0,0.0,1007,474,50,1.03,3.23,4.12,5.13,2480,2
2026-05-18 01:48:43,0.9,10.65,10.55,10.68,1545545,89798,5.8,0,0,0.0,1007,474,50,1.03,3.07,6.13,6.90,2483,4
2026-05-18 01:49:44,9.3,11.93,10.91,10.80,1545545,89824,5.8,0,0,0.0,1007,474,50,1.03,3.04,7.54,8.88,2481,13
2026-05-18 01:50:44,1.0,10.19,10.62,10.70,1545545,89822,5.8,0,0,0.0,1007,474,50,1.03,3.21,4.21,5.54,2500,3
2026-05-18 01:51:44,0.9,13.60,11.43,10.97,1545545,89870,5.8,0,0,0.0,1007,474,50,1.03,3.19,10.01,11.24,2487,5
2026-05-18 01:52:45,1.8,11.13,11.12,10.89,1545545,89869,5.8,0,0,0.0,1007,474,50,1.03,3.12,2.39,3.58,2481,4
2026-05-18 01:53:45,1.1,10.43,10.88,10.82,1545545,89826,5.8,0,0,0.0,1007,474,50,1.03,3.02,5.28,6.54,2479,3
2026-05-18 01:54:45,1.0,9.99,10.68,10.76,1545545,89813,5.8,0,0,0.0,1007,474,50,1.03,3.08,0.52,1.96,2486,1
2026-05-18 01:55:46,1.7,9.94,10.51,10.69,1545545,89842,5.8,0,0,0.0,1007,474,50,1.03,3.48,7.49,8.39,2473,4
2026-05-18 01:56:46,2.2,10.43,10.49,10.67,1545545,89876,5.8,0,0,0.0,1007,474,50,1.03,3.19,5.84,6.88,2485,4
2026-05-18 01:57:46,1.0,10.49,10.50,10.66,1545545,89744,5.8,0,0,0.0,1007,474,50,1.03,3.02,9.05,10.27,2474,4
2026-05-18 01:58:47,0.8,9.91,10.33,10.59,1545545,89710,5.8,0,0,0.0,1007,474,50,1.03,3.02,1.69,2.97,2469,7
2026-05-18 01:59:47,2.8,10.71,10.43,10.60,1545545,89726,5.8,0,0,0.0,1007,474,50,1.03,2.75,8.06,9.16,2471,5
2026-05-18 02:00:47,1.8,10.51,10.44,10.60,1545545,89756,5.8,0,0,0.0,1007,474,50,1.03,3.24,6.89,7.89,2466,5
2026-05-18 02:01:48,1.0,9.87,10.25,10.52,1545545,89740,5.8,0,0,0.0,1007,474,50,1.03,49.70,3.10,4.33,2475,5
2026-05-18 02:02:48,2.0,10.64,10.37,10.55,1545545,89754,5.8,0,0,0.0,1007,474,50,1.03,3.08,2.65,3.76,2459,3
2026-05-18 02:03:48,10.5,9.49,10.11,10.45,1545545,89737,5.8,0,0,0.0,1007,474,50,1.03,3.10,2.85,4.02,2463,3
2026-05-18 02:04:49,1.2,9.44,9.96,10.37,1545545,89746,5.8,0,0,0.0,1007,474,50,1.03,2.80,3.17,4.57,2465,2
2026-05-18 02:05:49,0.9,11.66,10.52,10.54,1545545,89761,5.8,0,0,0.0,1007,474,50,1.03,3.39,7.62,9.03,2477,1
2026-05-18 02:06:49,1.1,9.94,10.22,10.43,1545545,89778,5.8,0,0,0.0,1007,474,50,1.03,3.24,1.85,3.23,2458,4
2026-05-18 02:07:50,1.8,10.16,10.19,10.40,1545545,89792,5.8,0,0,0.0,1007,474,50,1.03,3.32,2.99,4.08,2461,9
2026-05-18 02:08:50,0.9,10.10,10.13,10.37,1545545,89738,5.8,0,0,0.0,1007,474,50,1.03,3.03,4.89,5.82,2465,2
2026-05-18 02:09:50,0.8,11.66,10.53,10.49,1545545,89771,5.8,0,0,0.0,1007,474,50,1.03,3.11,8.72,9.81,2461,1
2026-05-18 02:10:51,1.0,11.44,10.62,10.52,1545545,89774,5.8,0,0,0.0,1007,474,50,1.03,3.50,7.19,8.69,2457,10
2026-05-18 02:11:51,1.2,10.08,10.38,10.44,1545545,89768,5.8,0,0,0.0,1007,474,50,1.03,3.21,0.78,2.19,2454,9
2026-05-18 02:12:51,0.9,11.96,10.73,10.55,1545545,89801,5.8,0,0,0.0,1007,474,50,1.03,3.17,5.76,6.58,2463,4
2026-05-18 02:13:52,0.8,9.84,10.35,10.43,1545545,89753,5.8,0,0,0.0,1007,474,50,1.03,2.93,0.56,1.92,2454,4
2026-05-18 02:14:52,0.9,10.10,10.31,10.40,1545545,89757,5.8,0,0,0.0,1007,474,50,1.03,3.22,6.51,7.33,2459,6
2026-05-18 02:15:52,0.9,9.33,10.03,10.30,1545545,89781,5.8,0,0,0.0,1007,474,50,1.03,3.26,0.62,2.12,2465,4
2026-05-18 02:16:53,2.2,9.74,10.00,10.27,1545545,89813,5.8,0,0,0.0,1007,474,50,1.03,3.25,4.63,5.68,2478,4
2026-05-18 02:17:53,0.9,9.92,9.98,10.25,1545545,89806,5.8,0,0,0.0,1007,474,50,1.03,3.29,2.95,4.12,2476,5
2026-05-18 02:18:53,1.0,9.40,9.83,10.17,1545545,89803,5.8,0,0,0.0,1007,474,50,1.03,2.57,1.72,2.99,2489,7
2026-05-18 02:19:54,1.0,10.99,10.22,10.29,1545545,89801,5.8,0,0,0.0,1007,474,50,1.03,2.94,7.20,8.34,2489,5
2026-05-18 02:20:54,0.9,12.22,10.73,10.46,1545545,89814,5.8,0,0,0.0,1007,474,50,1.03,3.32,3.80,4.99,2486,4
2026-05-18 02:21:54,1.7,10.10,10.39,10.36,1545545,89850,5.8,0,0,0.0,1007,474,50,1.03,3.41,2.30,3.64,2479,4
2026-05-18 02:22:55,3.4,10.72,10.48,10.39,1545545,89829,5.8,0,0,0.0,1007,474,50,1.03,2.96,6.64,7.71,2472,3
2026-05-18 02:23:55,1.8,9.82,10.27,10.32,1545545,89822,5.8,0,0,0.0,1007,474,50,1.03,3.07,3.29,4.38,2482,2
2026-05-18 02:24:55,1.0,9.47,10.09,10.26,1545545,89811,5.8,0,0,0.0,1007,474,50,1.03,3.12,2.75,3.83,2464,1
2026-05-18 02:25:56,1.3,8.87,9.80,10.14,1545545,89819,5.8,0,0,0.0,1007,474,50,1.03,3.31,0.71,2.17,2470,1
2026-05-18 02:26:56,1.4,9.67,9.86,10.14,1545545,89828,5.8,0,0,0.0,1007,474,50,1.03,3.34,7.08,7.92,2473,1
2026-05-18 02:27:56,2.0,9.37,9.73,10.08,1545545,89844,5.8,0,0,0.0,1007,474,50,1.03,3.17,2.59,3.76,2475,4
2026-05-18 02:28:57,1.2,10.40,9.93,10.12,1545545,89819,5.8,0,0,0.0,1007,474,50,1.03,3.11,9.14,9.92,2480,3
2026-05-18 02:29:57,0.8,9.56,9.78,10.06,1545545,89807,5.8,0,0,0.0,1007,474,50,1.03,3.01,0.47,1.99,2489,3
2026-05-18 02:30:57,1.1,11.07,10.12,10.16,1545545,89734,5.8,0,0,0.0,1007,474,50,1.03,3.18,6.11,7.49,2486,1
2026-05-18 02:31:58,3.0,11.20,10.40,10.25,1545545,89737,5.8,0,0,0.0,1007,474,50,1.03,3.35,6.73,8.13,2482,6
2026-05-18 02:32:58,3.2,10.25,10.31,10.23,1545545,89725,5.8,0,0,0.0,1007,474,50,1.03,3.12,6.97,8.27,2482,16
2026-05-18 02:33:58,2.0,11.49,10.57,10.32,1545545,89727,5.8,0,0,0.0,1007,474,50,1.03,2.95,10.15,10.83,2477,4
2026-05-18 02:34:59,2.1,14.65,11.48,10.64,1545545,89739,5.8,0,0,0.0,1007,474,50,1.03,3.19,3.80,4.91,2481,9
2026-05-18 02:35:59,2.9,14.41,11.76,10.78,1545545,89752,5.8,0,0,0.0,1007,474,50,1.03,3.32,3.02,4.25,2478,4
2026-05-18 02:36:59,1.0,12.58,11.81,10.86,1545545,89741,5.8,0,0,0.0,1007,474,50,1.03,2.98,8.87,10.33,2485,2
2026-05-18 02:38:00,1.6,13.54,12.15,11.03,1545545,89746,5.8,0,0,0.0,1007,474,50,1.03,3.04,2.96,4.12,2478,3
2026-05-18 02:39:00,1.9,12.40,12.01,11.05,1545545,89748,5.8,0,0,0.0,1007,474,50,1.03,3.07,2.21,3.41,2471,3
2026-05-18 02:40:00,1.8,12.66,12.04,11.11,1545545,89753,5.8,0,0,0.0,1007,474,50,1.03,3.14,6.42,7.21,2463,2
2026-05-18 02:41:01,1.5,13.53,12.67,11.40,1545545,89785,5.8,0,0,0.0,1007,474,50,1.03,3.29,11.35,11.88,2456,6
2026-05-18 02:42:01,3.1,14.63,13.17,11.65,1545545,89788,5.8,0,0,0.0,1007,474,50,1.03,3.16,10.78,12.39,2469,6
2026-05-18 02:43:01,1.8,13.88,13.19,11.76,1545545,89763,5.8,0,0,0.0,1007,474,50,1.03,3.20,7.06,8.02,2476,2
2026-05-18 02:44:02,1.8,11.61,12.66,11.66,1545545,89774,5.8,0,0,0.0,1007,474,50,1.03,3.10,5.34,6.25,2484,2
2026-05-18 02:45:02,0.8,9.46,11.85,11.44,1545545,89742,5.8,0,0,0.0,1007,474,50,1.03,2.85,0.72,2.19,2480,1
2026-05-18 02:46:02,0.9,9.01,11.29,11.28,1545545,89765,5.8,0,0,0.0,1007,474,50,1.03,3.31,0.90,2.26,2485,3
2026-05-18 02:47:03,0.9,9.44,11.04,11.19,1545545,89801,5.8,0,0,0.0,1007,474,50,1.03,3.38,4.71,5.93,2467,5
2026-05-18 02:48:03,1.8,8.96,10.61,11.03,1545545,89783,5.8,0,0,0.0,1007,474,50,1.03,3.15,1.65,2.85,2469,2
2026-05-18 02:49:03,1.9,11.97,11.16,11.19,1545545,89769,5.8,0,0,0.0,1007,474,50,1.03,3.15,12.75,13.49,2480,2
2026-05-18 02:50:04,1.1,10.40,10.89,11.10,1545545,89769,5.8,0,0,0.0,1007,474,50,1.03,2.92,5.13,6.04,2485,5
2026-05-18 02:51:04,0.9,9.74,10.59,10.97,1545545,89815,5.8,0,0,0.0,1007,474,50,1.03,2.87,2.45,3.72,2489,2
2026-05-18 02:52:04,2.3,10.35,10.61,10.96,1545545,89849,5.8,0,0,0.0,1007,474,50,1.03,3.29,1.98,3.51,2488,3
2026-05-18 02:53:05,1.0,10.75,10.80,11.01,1545545,89802,5.8,0,0,0.0,1007,474,50,1.03,3.12,8.35,9.59,2492,2
2026-05-18 02:54:05,1.8,9.63,10.46,10.88,1545545,89809,5.8,0,0,0.0,1007,474,50,1.03,3.11,0.89,2.23,2488,3
2026-05-18 02:55:05,2.9,10.00,10.41,10.83,1545545,89823,5.8,0,0,0.0,1007,474,50,1.03,3.04,9.32,9.91,2491,2
2026-05-18 02:56:06,0.9,11.95,10.86,10.96,1545545,89861,5.8,0,0,0.0,1007,474,50,1.03,3.29,8.81,9.83,2495,6
2026-05-18 02:57:06,2.3,12.03,10.99,10.99,1545545,89845,5.8,0,0,0.0,1007,474,50,1.03,3.23,4.30,5.59,2502,2
2026-05-18 02:58:06,3.2,16.75,12.73,11.60,1545545,89843,5.8,0,0,0.0,1007,474,50,1.03,3.18,5.98,6.80,2501,7
2026-05-18 02:59:07,1.6,12.58,12.31,11.53,1545545,89828,5.8,0,0,0.0,1007,474,50,1.03,3.09,6.13,7.64,2490,4
2026-05-18 03:00:07,0.9,11.05,11.93,11.45,1545545,89817,5.8,0,0,0.0,1007,474,50,1.03,3.01,1.30,2.68,2480,4
2026-05-18 03:01:07,1.0,12.03,12.02,11.51,1545545,89846,5.8,0,0,0.0,1007,474,50,1.03,49.95,3.30,4.39,2474,2
2026-05-18 03:02:08,0.9,10.71,11.66,11.42,1545545,89853,5.8,0,0,0.0,1007,474,50,1.03,3.16,1.44,2.96,2481,2
2026-05-18 03:03:08,0.8,15.54,13.00,11.89,1545545,89839,5.8,0,0,0.0,1007,474,50,1.03,3.20,5.83,6.70,2480,3
2026-05-18 03:04:08,1.2,11.16,12.20,11.69,1545545,89830,5.8,0,0,0.0,1007,474,50,1.03,2.91,0.61,1.94,2478,2
2026-05-18 03:05:09,5.2,11.99,12.12,11.68,1545545,89726,5.8,0,0,0.0,1007,474,50,1.03,3.05,6.04,7.11,2483,3
2026-05-18 03:06:09,0.9,10.17,11.60,11.54,1545545,89731,5.8,0,0,0.0,1007,474,50,1.03,3.22,3.64,4.76,2481,2
2026-05-18 03:07:09,3.2,10.35,11.39,11.46,1545545,89750,5.8,0,0,0.0,1007,474,50,1.03,3.44,6.75,7.83,2471,5
2026-05-18 03:08:10,1.6,10.80,11.29,11.42,1545545,89743,5.8,0,0,0.0,1007,474,50,1.03,3.20,7.98,8.88,2473,2
2026-05-18 03:09:10,1.1,10.86,11.27,11.41,1545545,89735,5.8,0,0,0.0,1007,474,50,1.03,3.12,9.38,9.85,2471,4
2026-05-18 03:10:10,0.9,11.85,11.47,11.47,1545545,89744,5.8,0,0,0.0,1007,474,50,1.03,3.23,8.30,9.60,2477,1
2026-05-18 03:11:11,0.9,10.80,11.22,11.38,1545545,89757,5.8,0,0,0.0,1007,474,50,1.03,3.04,5.75,6.70,2469,3
2026-05-18 03:12:11,3.1,11.42,11.20,11.36,1545545,89781,5.8,0,0,0.0,1007,474,50,1.03,3.27,4.37,5.98,2472,5
2026-05-18 03:13:11,0.8,12.09,11.29,11.37,1545545,89763,5.8,0,0,0.0,1007,474,50,1.03,3.21,4.93,6.37,2479,5
2026-05-18 03:14:12,1.6,11.14,11.11,11.30,1545545,89755,5.8,0,0,0.0,1007,474,50,1.03,5.34,8.44,8.98,2468,3
2026-05-18 03:15:12,1.7,11.42,11.16,11.30,1545545,89769,5.8,0,0,0.0,1007,474,50,1.03,3.45,8.82,10.02,2472,4
2026-05-18 03:16:12,1.1,11.30,11.21,11.31,1545545,89773,5.8,0,0,0.0,1007,474,50,1.03,3.25,4.93,5.90,2477,2
2026-05-18 03:17:13,2.0,11.77,11.37,11.36,1545545,89805,5.8,0,0,0.0,1007,474,50,1.03,3.34,6.63,7.85,2469,4
2026-05-18 03:18:13,0.9,9.71,10.86,11.18,1545545,89768,5.8,0,0,0.0,1007,474,50,1.03,3.33,1.71,3.10,2469,7
2026-05-18 03:19:13,1.1,9.97,10.71,11.10,1545545,89758,5.8,0,0,0.0,1007,474,50,1.03,2.57,4.54,5.48,2489,5
2026-05-18 03:20:14,1.3,9.89,10.56,11.03,1545545,89750,5.8,0,0,0.0,1007,474,50,1.03,3.09,4.52,5.49,2482,2
2026-05-18 03:21:14,2.1,10.35,10.59,11.01,1545545,89801,5.8,0,0,0.0,1007,474,50,1.03,3.24,7.85,8.73,2480,4
2026-05-18 03:22:14,2.0,13.04,11.28,11.22,1545545,89810,5.8,0,0,0.0,1007,474,50,1.03,3.25,12.31,13.73,2492,2
2026-05-18 03:23:15,0.8,11.42,11.25,11.22,1545545,89764,5.8,0,0,0.0,1007,474,50,1.03,3.13,5.67,6.65,2484,4
2026-05-18 03:24:15,0.9,9.88,10.83,11.07,1545545,89764,5.8,0,0,0.0,1007,474,50,1.03,3.10,0.86,2.24,2475,6
2026-05-18 03:25:15,1.7,13.70,11.65,11.33,1545545,89812,5.8,0,0,0.0,1007,474,50,1.03,3.14,8.75,10.34,2473,4
2026-05-18 03:26:16,3.0,15.74,12.45,11.62,1545545,89854,5.8,0,0,0.0,1007,474,50,1.03,3.10,11.89,14.11,2484,20
2026-05-18 03:27:16,2.1,12.82,12.12,11.55,1545545,89858,5.8,0,0,0.0,1007,474,50,1.03,3.34,4.73,6.00,2480,6
2026-05-18 03:28:16,2.1,11.80,11.93,11.52,1545545,89828,5.8,0,0,0.0,1007,474,50,1.03,3.25,10.70,11.92,2481,4
2026-05-18 03:29:17,3.2,11.27,11.72,11.47,1545545,89834,5.8,0,0,0.0,1007,474,50,1.03,3.09,10.84,11.21,2484,3
2026-05-18 03:30:17,1.8,11.10,11.69,11.48,1545545,89834,5.8,0,0,0.0,1007,474,50,1.03,3.12,7.79,9.40,2483,3
2026-05-18 03:31:17,2.7,11.64,11.72,11.50,1545545,89859,5.8,0,0,0.0,1007,474,50,1.03,3.11,8.57,9.28,2476,5
2026-05-18 03:32:18,1.9,11.43,11.63,11.49,1545545,89864,5.8,0,0,0.0,1007,474,50,1.03,3.22,10.34,10.88,2483,7
2026-05-18 03:33:18,6.0,10.84,11.40,11.41,1545545,89842,5.8,0,0,0.0,1007,474,50,2.07,3.12,3.86,5.00,2489,20
2026-05-18 03:34:18,2.1,11.82,11.67,11.51,1545545,89846,5.8,0,0,0.0,1007,474,50,1.03,3.19,10.43,11.21,2488,2
2026-05-18 03:35:19,2.9,11.37,11.53,11.47,1545545,89865,5.8,0,0,0.0,1007,474,50,0.00,3.26,8.88,9.99,2495,5
2026-05-18 03:36:19,1.1,10.53,11.31,11.40,1545545,89868,5.8,0,0,0.0,1007,474,50,2.07,3.12,5.51,6.52,2493,1
2026-05-18 03:37:19,1.9,9.38,10.82,11.22,1545545,89879,5.8,0,0,0.0,1007,474,50,1.03,3.04,1.01,2.65,2486,5
2026-05-18 03:38:20,0.9,10.06,10.76,11.17,1545545,89849,5.8,0,0,0.0,1007,474,50,1.03,2.90,3.92,5.06,2486,3
2026-05-18 03:39:20,1.3,11.07,10.85,11.17,1545545,89731,5.8,0,0,0.0,1007,474,50,1.03,3.20,5.41,6.29,2485,3
2026-05-18 03:40:20,0.9,10.10,10.61,11.07,1545545,89742,5.8,0,0,0.0,1007,474,50,1.03,3.20,2.83,4.21,2471,4
2026-05-18 03:41:21,1.0,9.72,10.46,10.99,1545545,89753,5.8,0,0,0.0,1007,474,50,1.03,2.98,6.22,7.04,2480,2
2026-05-18 03:42:21,1.0,9.25,10.18,10.86,1545545,89772,5.8,0,0,0.0,1007,474,50,1.03,3.25,1.74,3.08,2479,5
2026-05-18 03:43:21,1.6,9.25,9.99,10.75,1545545,89781,5.8,0,0,0.0,1007,474,50,1.03,3.31,1.32,2.75,2481,5
2026-05-18 03:44:22,3.2,11.35,10.38,10.83,1545545,89758,5.8,0,0,0.0,1007,474,50,1.03,2.99,10.00,11.55,2485,7
2026-05-18 03:45:22,1.0,10.11,10.20,10.74,1545545,89750,5.8,0,0,0.0,1007,474,50,1.03,3.17,4.00,5.30,2484,2
2026-05-18 03:46:22,2.0,10.02,10.17,10.70,1545545,89808,5.8,0,0,0.0,1007,474,50,1.03,3.18,7.76,8.48,2481,5
2026-05-18 03:47:23,1.2,9.85,10.17,10.67,1545545,89803,5.8,0,0,0.0,1007,474,50,1.03,3.13,4.82,5.78,2490,2
2026-05-18 03:48:23,6.5,11.63,10.62,10.79,1545545,89785,5.8,0,0,0.0,1007,474,50,1.03,3.13,9.95,11.26,2487,19
2026-05-18 03:49:24,3.6,12.29,11.01,10.92,1545545,89792,5.8,0,0,0.0,1007,474,50,1.03,3.08,11.10,12.46,2493,5
2026-05-18 03:50:24,1.7,10.40,10.70,10.82,1545545,89790,5.8,0,0,0.0,1007,474,50,1.03,3.22,5.03,5.93,2493,8
2026-05-18 03:51:24,1.1,10.37,10.64,10.79,1545545,89784,5.8,0,0,0.0,1007,474,50,1.03,2.98,7.63,8.53,2486,1
2026-05-18 03:52:25,1.5,10.30,10.53,10.74,1545545,89795,5.8,0,0,0.0,1007,474,50,1.03,3.26,6.91,7.60,2470,7
2026-05-18 03:53:25,0.9,9.75,10.35,10.66,1545545,89782,5.8,0,0,0.0,1007,474,50,1.03,3.31,2.28,3.65,2467,3
2026-05-18 03:54:25,1.1,9.59,10.21,10.59,1545545,89777,5.8,0,0,0.0,1007,474,50,1.03,3.15,0.61,2.03,2469,3
2026-05-18 03:55:26,2.3,9.44,10.03,10.51,1545545,89792,5.8,0,0,0.0,1007,474,50,1.03,3.16,1.78,3.06,2467,5
2026-05-18 03:56:26,1.9,9.72,9.98,10.45,1545545,89853,5.8,0,0,0.0,1007,474,50,1.03,3.02,4.97,5.86,2473,5
2026-05-18 03:57:26,1.2,12.14,10.52,10.61,1545545,89834,5.8,0,0,0.0,1007,474,50,1.03,3.17,8.70,9.79,2478,4
2026-05-18 03:58:26,1.1,11.21,10.56,10.61,1545545,89814,5.8,0,0,0.0,1007,474,50,1.03,2.95,3.83,4.96,2490,6
2026-05-18 03:59:27,0.9,10.64,10.52,10.60,1545545,89834,5.8,0,0,0.0,1007,474,50,1.03,3.05,7.83,8.75,2478,6
2026-05-18 04:00:27,3.2,13.03,11.20,10.82,1545545,89874,5.8,0,0,0.0,1007,474,50,1.03,3.30,10.99,12.81,2482,9
2026-05-18 04:01:27,1.0,11.39,11.11,10.82,1545545,89865,5.8,0,0,0.0,1007,474,50,1.03,51.70,7.79,9.90,2483,2
2026-05-18 04:02:28,0.9,10.80,10.96,10.78,1545545,89870,5.8,0,0,0.0,1007,474,50,1.03,3.06,2.49,3.67,2482,5
2026-05-18 04:03:28,1.6,10.50,10.80,10.74,1545545,89876,5.8,0,0,0.0,1007,474,50,1.03,3.10,6.61,7.63,2490,1
2026-05-18 04:04:28,2.2,10.64,10.76,10.73,1545545,89867,5.8,0,0,0.0,1007,474,50,1.03,3.28,9.94,10.43,2499,3
2026-05-18 04:05:29,1.9,10.83,10.77,10.73,1545545,89872,5.8,0,0,0.0,1007,474,50,1.03,3.19,7.16,7.82,2498,4
2026-05-18 04:06:29,0.9,9.60,10.43,10.61,1545545,89882,5.8,0,0,0.0,1007,474,50,1.03,2.96,0.76,2.07,2495,1
2026-05-18 04:07:29,2.3,10.51,10.55,10.64,1545545,89900,5.8,0,0,0.0,1007,474,50,1.03,3.19,9.99,11.27,2506,5
2026-05-18 04:08:30,1.8,9.89,10.34,10.56,1545545,89884,5.8,0,0,0.0,1007,474,50,1.03,3.38,4.93,6.00,2501,7
2026-05-18 04:09:30,0.8,9.78,10.24,10.52,1545545,89871,5.8,0,0,0.0,1007,474,50,1.03,3.22,4.47,5.61,2501,4
2026-05-18 04:10:30,1.5,9.65,10.11,10.45,1545545,89895,5.8,0,0,0.0,1007,474,50,1.03,3.00,6.55,7.32,2495,4
2026-05-18 04:11:31,1.2,10.15,10.19,10.46,1545545,89878,5.8,0,0,0.0,1007,474,50,1.03,3.11,4.27,5.17,2495,3
2026-05-18 04:12:31,1.0,9.39,9.97,10.36,1545545,89883,5.8,0,0,0.0,1007,474,50,1.03,3.10,1.69,2.98,2471,6
2026-05-18 04:13:31,1.8,10.36,10.13,10.39,1545545,89767,5.8,0,0,0.0,1007,474,50,1.03,3.18,8.53,9.56,2494,2
2026-05-18 04:14:32,1.9,10.66,10.29,10.43,1545545,89774,5.8,0,0,0.0,1007,474,50,1.03,3.23,5.38,6.44,2490,5
2026-05-18 04:15:32,1.0,11.66,10.68,10.56,1545545,89750,5.8,0,0,0.0,1007,474,50,1.03,3.14,7.57,8.88,2477,4
2026-05-18 04:16:32,1.1,11.16,10.61,10.54,1545545,89791,5.8,0,0,0.0,1007,474,50,1.03,3.16,6.28,7.73,2489,7
2026-05-18 04:17:33,1.2,10.14,10.46,10.49,1545545,89781,5.8,0,0,0.0,1007,474,50,1.03,3.08,2.97,4.08,2491,6
2026-05-18 04:18:33,1.1,12.34,11.17,10.74,1545545,89748,5.8,0,0,0.0,1007,474,50,1.03,3.06,10.21,11.76,2476,5
2026-05-18 04:19:33,4.4,16.07,12.31,11.15,1545545,89769,5.8,0,0,0.0,1007,474,50,1.03,2.94,3.79,5.19,2487,5
2026-05-18 04:20:34,0.9,14.16,12.46,11.28,1545545,89788,5.8,0,0,0.0,1007,474,50,1.03,3.16,8.10,8.68,2478,2
2026-05-18 04:21:34,2.1,15.80,13.12,11.57,1545545,89815,5.8,0,0,0.0,1007,474,50,1.03,3.10,5.27,6.20,2466,2
2026-05-18 04:22:34,4.2,16.76,13.88,11.93,1545545,89841,5.8,0,0,0.0,1007,474,50,1.03,2.98,8.81,10.21,2498,5
2026-05-18 04:23:35,1.0,15.89,14.08,12.11,1545545,89786,5.8,0,0,0.0,1007,474,50,1.03,3.17,5.43,7.03,2496,5
2026-05-18 04:24:35,3.3,14.52,13.85,12.15,1545545,89813,5.8,0,0,0.0,1007,474,50,1.03,3.20,4.19,5.44,2496,4
2026-05-18 04:25:35,0.9,13.38,13.71,12.21,1545545,89806,5.8,0,0,0.0,1007,474,50,1.03,3.12,8.65,10.13,2503,2
2026-05-18 04:26:36,1.8,15.24,14.04,12.41,1545545,89847,5.8,0,0,0.0,1007,474,50,1.03,3.21,8.16,8.79,2492,8
2026-05-18 04:27:36,1.0,12.12,13.46,12.32,1545545,89819,5.8,0,0,0.0,1007,474,50,1.03,3.23,4.56,5.55,2486,3
2026-05-18 04:28:37,2.0,10.23,12.65,12.11,1545545,89794,5.8,0,0,0.0,1007,474,50,1.03,3.13,0.64,2.05,2493,7
2026-05-18 04:29:37,1.0,9.06,11.88,11.87,1545545,89807,5.8,0,0,0.0,1007,474,50,1.03,3.17,1.50,3.15,2481,1
2026-05-18 04:30:37,3.2,10.01,11.58,11.77,1545545,89833,5.8,0,0,0.0,1007,474,50,1.03,3.20,3.45,4.46,2491,7
2026-05-18 04:31:38,1.3,11.11,11.62,11.77,1545545,89821,5.8,0,0,0.0,1007,474,50,1.03,3.09,7.41,8.67,2490,2
2026-05-18 04:32:38,1.0,11.36,11.52,11.72,1545545,89845,5.8,0,0,0.0,1007,474,50,1.03,3.05,5.39,7.01,2500,4
2026-05-18 04:33:38,1.0,11.15,11.41,11.67,1545545,89828,5.8,0,0,0.0,1007,474,50,1.03,2.69,3.29,4.48,2492,4
2026-05-18 04:34:39,11.7,11.33,11.33,11.61,1545545,89860,5.8,0,0,0.0,1007,474,50,1.03,3.47,5.26,6.52,2491,7
2026-05-18 04:35:39,3.0,10.60,11.12,11.53,1545545,89858,5.8,0,0,0.0,1007,474,50,1.03,3.32,4.76,6.23,2495,5
2026-05-18 04:36:39,0.9,10.65,11.13,11.51,1545545,89849,5.8,0,0,0.0,1007,474,50,1.03,3.02,3.01,4.50,2483,7
2026-05-18 04:37:40,3.1,10.56,10.95,11.42,1545545,89896,5.8,0,0,0.0,1007,474,50,1.03,3.09,3.60,5.01,2475,4
2026-05-18 04:38:40,1.1,12.37,11.37,11.53,1545545,89857,5.8,0,0,0.0,1007,474,50,1.03,3.06,8.45,10.21,2494,6
2026-05-18 04:39:40,1.1,11.30,11.28,11.49,1545545,89848,5.8,0,0,0.0,1007,474,50,1.03,3.31,8.74,9.83,2487,2
2026-05-18 04:40:41,1.5,10.82,11.09,11.41,1545545,89874,5.8,0,0,0.0,1007,474,50,1.03,3.21,4.10,5.22,2481,4
2026-05-18 04:41:41,1.2,11.04,11.15,11.42,1545545,89881,5.8,0,0,0.0,1007,474,50,1.03,3.15,8.60,10.36,2479,1
2026-05-18 04:42:41,0.9,11.05,11.11,11.38,1545545,89903,5.8,0,0,0.0,1007,474,50,1.03,3.26,9.69,10.15,2479,4
2026-05-18 04:43:42,3.1,12.42,11.35,11.44,1545545,89892,5.8,0,0,0.0,1007,474,50,1.03,3.07,8.73,10.32,2467,6
2026-05-18 04:44:42,1.8,11.63,11.34,11.44,1545545,89886,5.8,0,0,0.0,1007,474,50,1.03,3.36,5.17,6.41,2477,4
2026-05-18 04:45:42,1.0,10.63,11.12,11.35,1545545,89867,5.8,0,0,0.0,1007,474,50,1.03,3.34,4.33,5.38,2474,3
2026-05-18 04:46:43,1.1,10.05,10.86,11.25,1545545,89891,5.8,0,0,0.0,1007,474,50,1.03,3.26,4.88,5.90,2484,2
2026-05-18 04:47:43,1.1,12.78,11.71,11.53,1545545,89772,5.8,0,0,0.0,1007,474,50,1.03,3.25,6.29,7.61,2496,5
2026-05-18 04:48:43,9.5,10.79,11.32,11.41,1545545,89756,5.8,0,0,0.0,1007,474,50,1.03,3.11,2.51,3.69,2498,6
2026-05-18 04:49:44,1.7,9.80,10.94,11.27,1545545,89769,5.8,0,0,0.0,1007,474,50,1.03,3.29,5.04,6.19,2484,3
2026-05-18 04:50:44,0.8,9.38,10.64,11.14,1545545,89758,5.8,0,0,0.0,1007,474,50,1.03,3.38,2.71,3.89,2487,3
2026-05-18 04:51:44,1.0,9.06,10.32,11.00,1545545,89782,5.8,0,0,0.0,1007,474,50,1.03,2.91,4.14,5.14,2491,2
2026-05-18 04:52:45,1.8,9.35,10.13,10.89,1545545,89811,5.8,0,0,0.0,1007,474,50,1.03,2.75,3.97,4.99,2472,11
2026-05-18 04:53:45,2.9,10.00,10.16,10.85,1545545,89798,5.8,0,0,0.0,1007,474,50,1.03,3.17,4.13,5.22,2470,17
2026-05-18 04:54:45,2.0,10.39,10.29,10.85,1545545,89786,5.8,0,0,0.0,1007,474,50,1.03,3.13,7.67,8.74,2489,6
2026-05-18 04:55:46,1.6,10.14,10.19,10.78,1545545,89790,5.8,0,0,0.0,1007,474,50,1.03,3.24,3.36,4.57,2476,3
2026-05-18 04:56:46,1.1,9.98,10.17,10.74,1545545,89812,5.8,0,0,0.0,1007,474,50,1.03,3.21,8.53,8.96,2477,1
2026-05-18 04:57:46,0.8,9.37,9.98,10.64,1545545,89822,5.8,0,0,0.0,1007,474,50,1.03,3.17,2.52,3.65,2484,6
2026-05-18 04:58:47,2.5,11.26,10.34,10.72,1545545,89802,5.8,0,0,0.0,1007,474,50,1.03,2.92,8.27,9.23,2485,4
2026-05-18 04:59:47,1.2,11.86,10.75,10.84,1545545,89792,5.8,0,0,0.0,1007,474,50,1.03,3.22,8.84,10.48,2471,5
2026-05-18 05:00:47,1.8,12.01,10.94,10.90,1545545,89812,5.8,0,0,0.0,1007,474,50,1.03,3.47,6.18,7.54,2497,2
2026-05-18 05:01:48,1.5,11.58,10.96,10.90,1545545,89839,5.8,0,0,0.0,1007,474,50,1.03,49.66,5.21,6.14,2500,5
2026-05-18 05:02:48,2.9,9.92,10.57,10.77,1545545,89845,5.8,0,0,0.0,1007,474,50,1.03,3.07,4.37,5.39,2487,15
2026-05-18 05:03:48,1.1,11.12,10.89,10.87,1545545,89805,5.8,0,0,0.0,1007,474,50,1.03,3.12,7.55,9.17,2499,2
2026-05-18 05:04:49,1.0,10.45,10.76,10.83,1545545,89800,5.8,0,0,0.0,1007,474,50,1.03,3.29,4.17,5.42,2493,2
2026-05-18 05:05:49,1.6,9.88,10.58,10.76,1545545,89820,5.8,0,0,0.0,1007,474,50,1.03,3.36,6.81,7.67,2493,7
2026-05-18 05:06:49,3.3,10.07,10.48,10.72,1545545,89846,5.8,0,0,0.0,1007,474,50,1.03,2.92,5.53,6.43,2499,8
2026-05-18 05:07:50,2.0,10.56,10.52,10.71,1545545,89890,5.8,0,0,0.0,1007,474,50,1.03,3.21,6.75,7.69,2505,3
2026-05-18 05:08:50,2.9,11.50,10.78,10.79,1545545,89869,5.8,0,0,0.0,1007,474,50,1.03,3.38,11.80,14.31,2496,8
2026-05-18 05:09:50,2.4,10.85,10.85,10.82,1545545,89840,5.8,0,0,0.0,1007,474,50,1.03,3.07,6.79,8.10,2498,1
2026-05-18 05:10:51,1.0,10.68,10.80,10.81,1545545,89862,5.8,0,0,0.0,1007,474,50,1.03,3.39,6.84,8.49,2477,3
2026-05-18 05:11:51,1.7,9.67,10.47,10.69,1545545,89887,5.8,0,0,0.0,1007,474,50,1.03,3.25,1.58,2.82,2469,3
2026-05-18 05:12:51,0.9,8.85,10.10,10.55,1545545,89889,5.8,0,0,0.0,1007,474,50,1.03,3.09,1.94,3.20,2473,7
2026-05-18 05:13:52,1.0,10.05,10.18,10.55,1545545,89860,5.8,0,0,0.0,1007,474,50,1.03,2.92,5.70,6.69,2461,1
2026-05-18 05:14:52,0.9,9.30,9.93,10.44,1545545,89856,5.8,0,0,0.0,1007,474,50,1.03,3.18,1.73,3.05,2466,5
2026-05-18 05:15:52,1.0,9.31,9.85,10.38,1545545,89876,5.8,0,0,0.0,1007,474,50,1.03,3.06,4.74,6.00,2471,2
2026-05-18 05:16:53,2.1,12.19,10.49,10.56,1545545,89896,5.8,0,0,0.0,1007,474,50,1.03,3.12,10.97,11.30,2473,3
2026-05-18 05:17:53,1.0,11.36,10.56,10.58,1545545,89922,5.8,0,0,0.0,1007,474,50,1.03,3.10,6.14,6.97,2470,3
2026-05-18 05:18:53,0.8,9.78,10.26,10.47,1545545,89862,5.8,0,0,0.0,1007,474,50,1.03,3.12,1.73,2.98,2481,3
2026-05-18 05:19:54,1.0,10.86,10.54,10.56,1545545,89868,5.8,0,0,0.0,1007,474,50,1.03,3.17,6.48,7.44,2471,2
2026-05-18 05:20:54,1.3,11.20,10.68,10.60,1545545,89901,5.8,0,0,0.0,1007,474,50,1.10,3.34,5.94,7.07,2461,6
2026-05-18 05:21:54,1.1,9.89,10.41,10.52,1545545,89774,5.8,0,0,0.0,1007,474,50,1.03,3.10,2.52,3.69,2467,5
2026-05-18 05:22:55,1.0,9.97,10.31,10.47,1545545,89781,5.8,0,0,0.0,1007,474,50,1.03,3.36,3.26,4.55,2471,1
2026-05-18 05:23:55,0.8,9.74,10.18,10.41,1545545,89743,5.8,0,0,0.0,1007,474,50,1.03,3.04,7.27,8.00,2467,1
2026-05-18 05:24:55,1.8,11.86,10.61,10.54,1545545,89780,5.8,0,0,0.0,1007,474,50,1.03,2.99,9.80,11.12,2486,2
2026-05-18 05:25:56,0.9,10.17,10.35,10.45,1545545,89787,5.8,0,0,0.0,1007,474,50,1.03,3.41,5.65,6.69,2484,3
2026-05-18 05:26:56,1.2,9.97,10.28,10.43,1545545,89787,5.8,0,0,0.0,1007,474,50,1.03,3.35,5.95,7.39,2484,1
2026-05-18 05:27:56,1.7,9.12,9.99,10.32,1545545,89821,5.8,0,0,0.0,1007,474,50,1.03,3.13,2.24,3.43,2478,9
2026-05-18 05:28:57,3.1,10.68,10.23,10.38,1545545,89811,5.8,0,0,0.0,1007,474,50,1.03,2.98,5.89,7.26,2479,6
2026-05-18 05:29:57,1.0,10.08,10.16,10.34,1545545,89778,5.8,0,0,0.0,1007,474,50,1.03,3.20,3.07,4.76,2461,4
2026-05-18 05:30:57,0.9,9.33,9.93,10.25,1545545,89812,5.8,0,0,0.0,1007,474,50,1.03,3.44,1.54,3.00,2470,4
2026-05-18 05:31:58,1.0,9.48,9.87,10.21,1545545,89823,5.8,0,0,0.0,1007,474,50,1.03,3.02,0.93,2.33,2468,3
2026-05-18 05:32:58,1.9,9.23,9.71,10.13,1545545,89821,5.8,0,0,0.0,1007,474,50,1.03,3.10,3.90,4.98,2464,6
2026-05-18 05:33:58,1.7,9.68,9.76,10.12,1545545,89816,5.8,0,0,0.0,1007,474,50,1.03,3.07,7.68,8.31,2469,4
2026-05-18 05:34:59,0.9,9.91,9.81,10.11,1545545,89816,5.8,0,0,0.0,1007,474,50,1.03,3.27,6.34,7.28,2477,1
2026-05-18 05:35:59,8.5,9.64,9.76,10.08,1545545,89846,5.8,0,0,0.0,1007,474,50,1.03,3.26,4.93,6.05,2484,4
2026-05-18 05:36:59,0.9,10.72,10.13,10.19,1545545,89843,5.8,0,0,0.0,1007,474,50,1.03,3.24,6.72,7.84,2482,4
2026-05-18 05:38:00,2.0,10.38,10.12,10.18,1545545,89835,5.8,0,0,0.0,1007,474,50,1.03,3.11,4.30,5.52,2470,6
2026-05-18 05:39:00,0.9,10.22,10.20,10.20,1545545,89818,5.8,0,0,0.0,1007,474,50,1.03,2.65,5.56,6.37,2468,5
2026-05-18 05:40:00,2.0,10.19,10.14,10.18,1545545,89843,5.8,0,0,0.0,1007,474,50,1.03,3.07,5.46,6.31,2468,9
2026-05-18 05:41:01,0.8,9.33,9.95,10.12,1545545,89843,5.8,0,0,0.0,1007,474,50,1.03,3.42,3.13,4.37,2465,3
2026-05-18 05:42:01,0.9,9.48,9.86,10.07,1545545,89875,5.8,0,0,0.0,1007,474,50,1.03,3.10,5.45,6.37,2473,2
2026-05-18 05:43:01,1.8,9.47,9.77,10.02,1545545,89879,5.8,0,0,0.0,1007,474,50,1.03,3.21,3.39,4.50,2474,4
2026-05-18 05:44:02,0.9,9.41,9.71,9.99,1545545,89853,5.8,0,0,0.0,1007,474,50,1.03,2.95,4.00,5.07,2463,1
2026-05-18 05:45:02,1.0,8.98,9.53,9.91,1545545,89851,5.8,0,0,0.0,1007,474,50,1.03,3.07,0.48,1.96,2470,1
2026-05-18 05:46:02,0.8,9.90,9.68,9.94,1545545,89873,5.8,0,0,0.0,1007,474,50,1.03,3.43,0.68,2.24,2486,1
2026-05-18 05:47:03,1.0,9.81,9.76,9.95,1545545,89896,5.8,0,0,0.0,1007,474,50,1.03,3.17,0.64,2.04,2482,2
2026-05-18 05:48:03,0.9,9.93,9.78,9.94,1545545,89881,5.8,0,0,0.0,1007,474,50,1.03,3.05,3.73,4.76,2487,2
2026-05-18 05:49:03,2.0,9.52,9.67,9.89,1545545,89892,5.8,0,0,0.0,1007,474,50,1.03,3.11,1.98,3.24,2492,3
2026-05-18 05:50:04,0.9,10.00,9.85,9.94,1545545,89865,5.8,0,0,0.0,1007,474,50,1.03,3.09,1.50,2.80,2482,4
2026-05-18 05:51:04,1.1,9.40,9.72,9.89,1545545,89895,5.8,0,0,0.0,1007,474,50,1.03,3.32,1.06,2.50,2477,2
2026-05-18 05:52:04,1.8,10.32,9.91,9.95,1545545,89923,5.8,0,0,0.0,1007,474,50,1.03,3.20,7.01,8.09,2475,11
2026-05-18 05:53:05,2.0,11.49,10.34,10.09,1545545,89902,5.8,0,0,0.0,1007,474,50,1.03,3.15,10.69,11.02,2472,3
2026-05-18 05:54:05,3.0,11.09,10.44,10.14,1545545,89893,5.8,0,0,0.0,1007,474,50,1.03,2.94,11.57,12.27,2462,6
2026-05-18 05:55:05,1.0,12.30,10.98,10.35,1545545,89775,5.8,0,0,0.0,1007,474,50,1.03,3.09,7.10,8.07,2464,2
2026-05-18 05:56:06,1.2,10.06,10.58,10.26,1545545,89802,5.8,0,0,0.0,1007,474,50,1.03,3.30,3.11,4.33,2468,1
2026-05-18 05:57:06,1.1,10.10,10.55,10.27,1545545,89825,5.8,0,0,0.0,1007,474,50,1.03,2.79,5.86,6.80,2469,4
2026-05-18 05:58:06,0.8,9.27,10.24,10.18,1545545,89767,5.8,0,0,0.0,1007,474,50,1.03,3.16,3.75,4.82,2474,4
2026-05-18 05:59:07,3.1,9.04,9.98,10.09,1545545,89799,5.8,0,0,0.0,1007,474,50,1.03,3.12,2.58,3.83,2474,8
2026-05-18 06:00:07,0.4,11.17,10.45,10.25,1545545,17909,1.2,0,0,0.0,1007,474,50,1.53,10.13,9.55,10.25,2349,1
2026-05-18 06:01:07,0.4,9.16,10.00,10.10,1545545,17665,1.1,0,0,0.0,1007,474,50,1.03,50.36,0.72,1.89,2335,2
2026-05-18 06:02:08,0.5,8.46,9.65,9.97,1545545,17653,1.1,0,0,0.0,1007,474,50,1.03,2.45,0.63,1.85,2332,1
2026-05-18 06:03:08,0.4,8.38,9.42,9.87,1545545,17635,1.1,0,0,0.0,1007,474,50,1.03,2.84,0.52,1.67,2318,1
2026-05-18 06:04:08,0.4,8.18,9.17,9.76,1545545,17614,1.1,0,0,0.0,1007,474,50,1.03,2.68,0.60,1.69,2312,1
2026-05-18 06:05:08,0.6,8.12,8.97,9.65,1545545,17612,1.1,0,0,0.0,1007,474,50,1.03,2.80,0.48,1.64,2254,1
2026-05-18 06:06:09,0.4,8.04,8.79,9.54,1545545,17634,1.1,0,0,0.0,1007,474,50,1.03,2.83,0.52,1.72,2255,1
2026-05-18 06:07:09,0.4,8.55,8.79,9.49,1545545,17628,1.1,0,0,0.0,1007,474,50,1.03,2.96,0.68,1.96,2259,1
2026-05-18 06:08:09,0.5,8.84,8.83,9.45,1545545,17629,1.1,0,0,0.0,1007,474,50,1.03,2.86,0.51,1.66,2261,1
2026-05-18 06:09:10,0.4,8.41,8.72,9.38,1545545,17611,1.1,0,0,0.0,1007,474,50,1.03,2.62,0.51,1.66,2269,1
2026-05-18 06:10:10,0.4,8.29,8.64,9.31,1545545,17599,1.1,0,0,0.0,1007,474,50,1.03,2.74,0.59,1.67,2279,2
2026-05-18 06:11:10,0.5,8.10,8.52,9.22,1545545,17625,1.1,0,0,0.0,1007,474,50,1.03,3.02,0.68,1.83,2276,1
2026-05-18 06:12:11,0.4,8.28,8.47,9.16,1545545,17629,1.1,0,0,0.0,1007,474,50,1.03,2.96,0.67,1.95,2282,1
2026-05-18 06:13:11,0.5,8.10,8.39,9.08,1545545,17622,1.1,0,0,0.0,1007,474,50,1.03,2.56,0.52,1.64,2286,1
2026-05-18 06:14:11,0.5,8.04,8.31,9.01,1545545,17602,1.1,0,0,0.0,1007,474,50,1.03,2.81,0.52,1.68,2284,1
2026-05-18 06:15:12,0.4,8.18,8.30,8.96,1545545,17612,1.1,0,0,0.0,1007,474,50,1.03,2.72,0.53,1.65,2287,1
2026-05-18 06:16:12,0.4,8.26,8.32,8.93,1545545,17652,1.1,0,0,0.0,1007,474,50,1.03,3.05,0.57,1.84,2285,1
2026-05-18 06:17:12,0.4,8.14,8.27,8.87,1545545,17668,1.1,0,0,0.0,1007,474,50,1.03,2.88,0.67,1.94,2275,4
2026-05-18 06:18:13,0.6,8.14,8.25,8.83,1545545,17797,1.2,0,0,0.0,1007,474,50,1.03,5.10,0.83,3.94,2273,1
