timestamp,cpu_percent,load_1m,load_5m,load_15m,mem_total_mb,mem_used_mb,mem_percent,swap_total_mb,swap_used_mb,swap_percent,disk_total_gb,disk_used_gb,disk_percent,disk_read_mb,disk_write_mb,net_rx_mb,net_tx_mb,procs_total,procs_running
2026-05-16 04:34:42,1.2,35.40,53.95,35.64,1545545,28522,1.8,0,0,0.0,1007,474,50,15.78,6.57,0.95,3.39,2367,3
2026-05-16 04:35:42,6.0,19.24,45.93,34.02,1545545,38388,2.5,0,0,0.0,1007,474,50,18.01,3.80,1.21,3.02,2366,9
2026-05-16 04:36:42,5.3,18.59,40.89,33.03,1545545,38703,2.5,0,0,0.0,1007,474,50,9.98,4.20,0.96,2.71,2355,12
2026-05-16 04:37:43,1.8,31.21,39.57,33.02,1545545,84662,5.5,0,0,0.0,1007,474,50,14.02,54.23,0.91,2.54,2460,3
2026-05-16 04:38:43,6.1,22.27,35.28,31.98,1545545,88689,5.7,0,0,0.0,1007,474,50,14.69,18.90,0.94,2.62,2472,10
2026-05-16 04:39:43,1.9,17.50,31.65,30.94,1545545,88656,5.7,0,0,0.0,1007,474,50,11.64,86.80,1.08,4.28,2471,3
2026-05-16 04:40:44,1.5,13.61,27.97,29.72,1545545,88668,5.7,0,0,0.0,1007,474,50,20.28,3.18,1.32,7.53,2484,3
2026-05-16 04:41:44,1.6,12.31,24.98,28.58,1545545,88669,5.7,0,0,0.0,1007,474,50,12.44,2.91,1.12,7.58,2484,4
2026-05-16 04:42:44,1.7,15.10,23.77,27.95,1545545,18003,1.2,0,0,0.0,1007,474,50,12.69,21.07,4.77,5.84,2347,2
2026-05-16 04:43:45,1.1,11.66,21.19,26.80,1545545,24256,1.6,0,0,0.0,1007,474,50,23.93,7.10,0.91,2.55,2358,2
2026-05-16 04:44:45,2.2,10.37,19.07,25.72,1545545,31222,2.0,0,0,0.0,1007,474,50,16.52,4.96,1.01,2.61,2339,3
2026-05-16 04:45:45,5.0,13.05,18.12,24.97,1545545,38486,2.5,0,0,0.0,1007,474,50,17.71,3.70,1.20,3.04,2335,10
2026-05-16 04:46:46,4.9,15.21,17.81,24.43,1545545,38802,2.5,0,0,0.0,1007,474,50,15.49,3.76,0.98,2.79,2347,11
2026-05-16 04:47:46,5.6,30.91,21.79,25.37,1545545,85330,5.5,0,0,0.0,1007,474,50,9.72,134.11,0.90,2.50,2464,11
2026-05-16 04:48:46,5.8,21.19,20.68,24.77,1545545,87931,5.7,0,0,0.0,1007,474,50,12.12,77.57,0.96,2.66,2502,10
2026-05-16 04:49:47,2.0,16.46,19.53,24.12,1545545,88719,5.7,0,0,0.0,1007,474,50,17.57,12.66,1.30,5.41,2471,2
2026-05-16 04:50:47,1.6,13.60,18.13,23.35,1545545,88750,5.7,0,0,0.0,1007,474,50,13.25,3.23,1.04,7.45,2479,5
2026-05-16 04:51:47,1.4,12.18,16.91,22.60,1545545,88759,5.7,0,0,0.0,1007,474,50,14.09,2.88,1.09,7.67,2476,10
2026-05-16 04:52:48,1.8,11.18,15.75,21.85,1545545,88732,5.7,0,0,0.0,1007,474,50,18.41,3.04,1.03,7.41,2460,3
2026-05-16 04:53:48,1.3,11.57,15.00,21.20,1545545,88745,5.7,0,0,0.0,1007,474,50,18.21,3.01,1.00,7.40,2461,1
2026-05-16 04:54:48,1.4,11.32,14.30,20.57,1545545,88743,5.7,0,0,0.0,1007,474,50,16.21,2.97,1.04,7.47,2445,1
2026-05-16 04:55:49,1.2,10.15,13.41,19.87,1545545,88756,5.7,0,0,0.0,1007,474,50,13.39,2.97,1.04,7.41,2442,5
2026-05-16 04:56:49,1.3,9.88,12.66,19.17,1545545,88834,5.7,0,0,0.0,1007,474,50,18.90,3.05,1.51,7.91,2473,7
2026-05-16 04:57:49,1.6,12.75,13.01,18.88,1545545,88788,5.7,0,0,0.0,1007,474,50,15.69,3.10,7.74,14.91,2468,1
2026-05-16 04:58:50,3.3,12.22,12.73,18.41,1545545,88817,5.7,0,0,0.0,1007,474,50,16.02,2.80,3.39,10.30,2465,4
2026-05-16 04:59:50,3.2,12.04,12.63,18.02,1545545,88808,5.7,0,0,0.0,1007,474,50,18.07,3.03,4.90,11.81,2469,4
2026-05-16 05:00:50,1.3,12.79,12.74,17.72,1545545,88830,5.7,0,0,0.0,1007,474,50,15.77,3.02,10.27,17.52,2476,3
2026-05-16 05:01:51,1.7,11.72,12.39,17.28,1545545,88844,5.7,0,0,0.0,1007,474,50,16.07,45.40,1.08,7.72,2470,2
2026-05-16 05:02:51,1.5,12.02,12.34,16.96,1545545,88805,5.7,0,0,0.0,1007,474,50,21.03,2.77,1.05,7.69,2487,2
2026-05-16 05:03:51,3.3,10.96,11.95,16.53,1545545,88844,5.7,0,0,0.0,1007,474,50,16.06,3.03,2.65,9.45,2474,7
2026-05-16 05:04:51,1.7,11.12,11.86,16.21,1545545,88799,5.7,0,0,0.0,1007,474,50,16.98,2.94,4.84,11.86,2467,1
2026-05-16 05:05:52,1.5,11.03,11.72,15.89,1545545,88696,5.7,0,0,0.0,1007,474,50,17.83,3.16,3.58,10.41,2470,3
2026-05-16 05:06:52,2.0,11.60,11.74,15.63,1545545,88723,5.7,0,0,0.0,1007,474,50,11.51,2.62,1.00,7.60,2465,6
2026-05-16 05:07:52,1.7,11.89,11.80,15.41,1545545,88707,5.7,0,0,0.0,1007,474,50,20.39,3.29,5.68,12.58,2467,4
2026-05-16 05:08:53,1.5,11.50,11.68,15.14,1545545,88707,5.7,0,0,0.0,1007,474,50,20.54,2.92,1.00,7.60,2471,2
2026-05-16 05:09:53,2.1,11.55,11.63,14.90,1545545,88712,5.7,0,0,0.0,1007,474,50,14.59,2.84,1.03,7.61,2480,1
2026-05-16 05:10:53,1.6,11.08,11.50,14.65,1545545,88736,5.7,0,0,0.0,1007,474,50,19.59,3.12,0.97,7.67,2482,1
2026-05-16 05:11:54,3.0,10.65,11.33,14.39,1545545,88752,5.7,0,0,0.0,1007,474,50,16.35,2.98,1.08,7.60,2471,1
2026-05-16 05:12:54,1.7,11.58,11.47,14.25,1545545,88732,5.7,0,0,0.0,1007,474,50,12.66,3.03,1.12,7.80,2467,3
2026-05-16 05:13:54,1.7,11.46,11.46,14.07,1545545,88739,5.7,0,0,0.0,1007,474,50,16.06,2.86,1.00,7.74,2470,4
2026-05-16 05:14:55,1.7,11.61,11.51,13.91,1545545,88758,5.7,0,0,0.0,1007,474,50,18.35,3.20,5.43,12.45,2464,1
2026-05-16 05:15:55,1.6,10.89,11.33,13.69,1545545,88761,5.7,0,0,0.0,1007,474,50,12.06,2.88,2.10,8.79,2472,2
2026-05-16 05:16:55,2.1,12.36,11.62,13.64,1545545,88806,5.7,0,0,0.0,1007,474,50,16.71,2.84,6.46,13.74,2475,4
2026-05-16 05:17:56,3.1,11.89,11.61,13.51,1545545,88760,5.7,0,0,0.0,1007,474,50,15.93,3.15,8.28,15.78,2460,5
2026-05-16 05:18:56,1.5,12.45,11.83,13.47,1545545,88762,5.7,0,0,0.0,1007,474,50,9.79,2.95,6.23,13.29,2471,1
2026-05-16 05:19:56,1.5,11.86,11.85,13.37,1545545,88791,5.7,0,0,0.0,1007,474,50,11.32,3.84,6.78,13.51,2474,7
2026-05-16 05:20:57,1.6,11.54,11.74,13.24,1545545,88794,5.7,0,0,0.0,1007,474,50,12.16,2.88,0.99,7.59,2458,6
2026-05-16 05:21:57,3.1,14.29,12.29,13.32,1545545,88835,5.7,0,0,0.0,1007,474,50,15.65,2.89,3.31,10.17,2467,7
2026-05-16 05:22:57,1.5,12.62,12.31,13.27,1545545,88770,5.7,0,0,0.0,1007,474,50,17.62,3.04,4.60,11.75,2455,6
2026-05-16 05:23:58,3.8,14.02,12.81,13.38,1545545,88811,5.7,0,0,0.0,1007,474,50,16.23,3.08,6.96,14.23,2475,8
2026-05-16 05:24:58,3.3,16.21,13.72,13.67,1545545,88825,5.7,0,0,0.0,1007,474,50,13.74,3.09,6.61,13.42,2477,19
2026-05-16 05:25:58,1.6,17.20,14.31,13.86,1545545,88847,5.7,0,0,0.0,1007,474,50,19.09,2.86,6.12,13.28,2479,1
2026-05-16 05:26:59,3.1,15.63,14.26,13.87,1545545,88893,5.8,0,0,0.0,1007,474,50,17.53,2.91,3.66,10.49,2471,4
2026-05-16 05:27:59,2.2,19.75,15.37,14.25,1545545,88886,5.8,0,0,0.0,1007,474,50,16.42,3.04,9.80,17.01,2478,4
2026-05-16 05:28:59,3.3,18.33,15.74,14.45,1545545,88873,5.8,0,0,0.0,1007,474,50,16.98,2.97,4.12,11.22,2461,2
2026-05-16 05:30:00,1.5,17.23,16.18,14.70,1545545,88902,5.8,0,0,0.0,1007,474,50,17.85,2.91,4.44,11.16,2464,1
2026-05-16 05:31:00,3.4,14.68,15.51,14.55,1545545,88939,5.8,0,0,0.0,1007,474,50,20.46,2.95,1.94,8.68,2461,5
2026-05-16 05:32:00,1.8,18.58,16.91,15.12,1545545,88916,5.8,0,0,0.0,1007,474,50,17.72,2.96,4.48,11.45,2482,4
2026-05-16 05:33:01,3.3,16.95,16.68,15.15,1545545,88909,5.8,0,0,0.0,1007,474,50,16.20,3.10,5.14,12.25,2465,4
2026-05-16 05:34:01,1.4,13.85,15.81,14.95,1545545,88914,5.8,0,0,0.0,1007,474,50,14.50,2.95,6.60,12.87,2466,4
2026-05-16 05:35:01,3.2,12.28,14.97,14.71,1545545,88962,5.8,0,0,0.0,1007,474,50,12.18,2.80,2.18,9.00,2468,6
2026-05-16 05:36:02,1.4,12.76,14.61,14.60,1545545,88959,5.8,0,0,0.0,1007,474,50,17.18,2.92,8.51,15.96,2475,2
2026-05-16 05:37:02,3.3,11.29,13.85,14.34,1545545,88976,5.8,0,0,0.0,1007,474,50,19.54,3.10,1.00,7.60,2456,1
2026-05-16 05:38:02,3.4,11.50,13.40,14.15,1545545,88983,5.8,0,0,0.0,1007,474,50,15.51,3.00,3.33,10.37,2468,5
2026-05-16 05:39:03,1.2,10.66,12.86,13.91,1545545,88964,5.8,0,0,0.0,1007,474,50,15.25,2.96,1.31,7.92,2473,4
2026-05-16 05:40:03,3.4,11.86,12.78,13.82,1545545,89009,5.8,0,0,0.0,1007,474,50,12.82,2.98,6.02,13.23,2476,6
2026-05-16 05:41:03,1.6,11.38,12.53,13.67,1545545,88988,5.8,0,0,0.0,1007,474,50,18.81,2.96,4.06,10.97,2483,1
2026-05-16 05:42:04,1.7,11.90,12.42,13.56,1545545,88889,5.8,0,0,0.0,1007,474,50,14.37,2.93,4.26,11.27,2483,2
2026-05-16 05:43:04,1.4,11.80,12.26,13.43,1545545,88857,5.7,0,0,0.0,1007,474,50,19.62,3.19,1.84,8.63,2465,7
2026-05-16 05:44:04,1.6,12.44,12.41,13.41,1545545,88859,5.7,0,0,0.0,1007,474,50,19.14,2.85,7.21,14.67,2468,7
2026-05-16 05:45:05,3.1,11.69,12.15,13.25,1545545,88927,5.8,0,0,0.0,1007,474,50,14.39,3.04,5.99,12.87,2465,5
2026-05-16 05:46:05,9.8,12.00,12.18,13.19,1545545,88907,5.8,0,0,0.0,1007,474,50,10.53,3.02,6.63,13.38,2459,20
2026-05-16 05:47:05,3.7,11.64,12.00,13.06,1545545,88931,5.8,0,0,0.0,1007,474,50,16.68,2.90,3.32,10.24,2454,3
2026-05-16 05:48:06,1.3,11.81,12.04,13.02,1545545,88887,5.8,0,0,0.0,1007,474,50,17.03,3.02,4.76,11.58,2467,2
2026-05-16 05:49:06,3.0,14.61,12.66,13.16,1545545,88931,5.8,0,0,0.0,1007,474,50,10.43,2.73,7.53,14.68,2466,4
2026-05-16 05:50:06,1.8,14.02,12.99,13.25,1545545,88957,5.8,0,0,0.0,1007,474,50,15.37,3.07,9.61,16.35,2466,3
2026-05-16 05:51:07,3.2,13.21,12.96,13.22,1545545,88982,5.8,0,0,0.0,1007,474,50,16.46,2.88,6.57,13.69,2477,7
2026-05-16 05:52:07,1.5,11.72,12.58,13.07,1545545,88992,5.8,0,0,0.0,1007,474,50,13.54,2.94,2.80,9.52,2472,2
2026-05-16 05:53:07,1.6,11.39,12.29,12.94,1545545,88970,5.8,0,0,0.0,1007,474,50,16.29,3.12,1.11,7.86,2459,2
2026-05-16 05:54:08,1.7,11.19,12.08,12.82,1545545,88976,5.8,0,0,0.0,1007,474,50,19.40,3.05,3.94,10.89,2464,1
2026-05-16 05:55:08,3.3,13.27,12.55,12.94,1545545,89024,5.8,0,0,0.0,1007,474,50,13.28,3.03,9.82,16.65,2462,5
2026-05-16 05:56:08,1.5,15.47,13.24,13.15,1545545,89023,5.8,0,0,0.0,1007,474,50,13.85,3.01,8.18,15.14,2472,16
2026-05-16 05:57:09,1.5,12.96,12.94,13.05,1545545,89038,5.8,0,0,0.0,1007,474,50,12.53,2.96,1.00,7.60,2478,5
2026-05-16 05:58:09,1.5,12.01,12.68,12.95,1545545,88993,5.8,0,0,0.0,1007,474,50,17.24,3.16,1.43,8.09,2486,5
2026-05-16 05:59:09,3.5,11.90,12.52,12.88,1545545,89030,5.8,0,0,0.0,1007,474,50,24.22,2.98,2.76,9.74,2483,6
2026-05-16 06:00:10,1.9,12.12,12.49,12.85,1545545,89022,5.8,0,0,0.0,1007,474,50,16.00,3.03,12.03,19.20,2483,3
2026-05-16 06:01:10,1.7,11.71,12.33,12.77,1545545,89043,5.8,0,0,0.0,1007,474,50,16.51,47.19,4.35,11.24,2469,4
2026-05-16 06:02:10,3.4,12.05,12.26,12.72,1545545,89070,5.8,0,0,0.0,1007,474,50,18.55,2.77,5.75,12.75,2471,5
2026-05-16 06:03:11,1.5,11.34,12.06,12.62,1545545,89044,5.8,0,0,0.0,1007,474,50,16.76,2.94,7.20,13.38,2468,7
2026-05-16 06:04:11,1.5,13.14,12.32,12.67,1545545,89063,5.8,0,0,0.0,1007,474,50,15.26,3.09,1.85,8.59,2459,4
2026-05-16 06:05:11,1.6,11.86,12.11,12.57,1545545,89070,5.8,0,0,0.0,1007,474,50,17.76,3.07,1.02,7.68,2445,5
2026-05-16 06:06:12,1.8,11.66,12.04,12.52,1545545,89048,5.8,0,0,0.0,1007,474,50,16.48,2.82,1.03,7.59,2449,2
2026-05-16 06:07:12,1.6,12.07,12.05,12.49,1545545,89072,5.8,0,0,0.0,1007,474,50,13.86,3.05,4.63,11.68,2455,3
2026-05-16 06:08:12,4.7,14.19,12.65,12.67,1545545,89089,5.8,0,0,0.0,1007,474,50,15.49,3.11,9.85,16.58,2453,14
2026-05-16 06:09:13,1.3,12.18,12.41,12.59,1545545,89095,5.8,0,0,0.0,1007,474,50,16.75,2.89,5.56,12.10,2466,6
2026-05-16 06:10:13,1.2,11.28,12.13,12.48,1545545,89112,5.8,0,0,0.0,1007,474,50,17.72,2.98,0.99,7.61,2467,4
2026-05-16 06:11:13,2.8,13.25,12.57,12.61,1545545,89102,5.8,0,0,0.0,1007,474,50,16.04,2.93,10.01,16.65,2471,9
2026-05-16 06:12:14,1.2,11.97,12.42,12.56,1545545,89094,5.8,0,0,0.0,1007,474,50,13.93,2.63,5.41,12.46,2476,7
2026-05-16 06:13:14,1.2,11.19,12.12,12.45,1545545,89106,5.8,0,0,0.0,1007,474,50,13.25,2.84,1.03,7.61,2465,7
2026-05-16 06:14:14,1.4,11.00,11.89,12.35,1545545,89144,5.8,0,0,0.0,1007,474,50,12.75,3.07,2.20,9.08,2471,3
2026-05-16 06:15:15,1.5,12.01,12.12,12.40,1545545,89142,5.8,0,0,0.0,1007,474,50,16.49,3.04,5.90,12.95,2478,4
2026-05-16 06:16:15,3.4,12.95,12.28,12.43,1545545,89152,5.8,0,0,0.0,1007,474,50,13.65,2.84,5.91,12.55,2465,9
2026-05-16 06:17:15,1.6,12.53,12.28,12.43,1545545,89134,5.8,0,0,0.0,1007,474,50,18.04,2.98,8.52,15.75,2462,1
2026-05-16 06:18:15,1.5,12.71,12.36,12.44,1545545,89029,5.8,0,0,0.0,1007,474,50,15.88,3.03,5.02,12.15,2470,2
2026-05-16 06:19:16,1.3,11.54,12.10,12.35,1545545,89022,5.8,0,0,0.0,1007,474,50,14.74,3.10,1.47,8.21,2464,9
2026-05-16 06:20:16,3.2,14.12,12.57,12.49,1545545,89105,5.8,0,0,0.0,1007,474,50,12.95,2.88,8.04,14.76,2457,6
2026-05-16 06:21:16,1.4,12.32,12.39,12.43,1545545,89090,5.8,0,0,0.0,1007,474,50,13.79,2.98,8.20,15.73,2462,2
2026-05-16 06:22:17,3.1,11.53,12.10,12.33,1545545,89113,5.8,0,0,0.0,1007,474,50,14.82,2.93,2.77,9.56,2469,4
2026-05-16 06:23:17,1.3,12.52,12.39,12.42,1545545,89095,5.8,0,0,0.0,1007,474,50,23.94,3.04,6.15,13.31,2469,4
2026-05-16 06:24:17,3.1,13.15,12.57,12.47,1545545,89118,5.8,0,0,0.0,1007,474,50,16.50,2.95,8.09,15.21,2479,6
2026-05-16 06:25:18,3.3,12.82,12.59,12.49,1545545,89126,5.8,0,0,0.0,1007,474,50,18.40,2.75,9.15,16.38,2482,5
2026-05-16 06:26:18,1.3,14.33,13.22,12.72,1545545,89075,5.8,0,0,0.0,1007,474,50,13.11,3.11,8.85,15.77,2481,2
2026-05-16 06:27:18,1.9,13.65,13.14,12.72,1545545,89107,5.8,0,0,0.0,1007,474,50,16.69,2.93,5.52,12.45,2470,4
2026-05-16 06:28:19,3.2,14.34,13.38,12.83,1545545,89055,5.8,0,0,0.0,1007,474,50,16.46,2.77,9.68,16.90,2456,4
2026-05-16 06:29:19,1.7,13.55,13.35,12.85,1545545,89067,5.8,0,0,0.0,1007,474,50,13.96,3.01,9.95,16.10,2447,4
2026-05-16 06:30:19,1.2,10.72,12.61,12.63,1545545,89140,5.8,0,0,0.0,1007,474,50,15.42,2.99,2.09,8.74,2450,10
2026-05-16 06:31:20,1.1,10.79,12.27,12.51,1545545,89097,5.8,0,0,0.0,1007,474,50,19.21,2.82,1.05,7.63,2460,5
2026-05-16 06:32:20,2.0,10.37,11.91,12.37,1545545,89058,5.8,0,0,0.0,1007,474,50,20.70,3.00,1.05,7.67,2466,3
2026-05-16 06:33:20,1.5,12.34,12.14,12.41,1545545,89075,5.8,0,0,0.0,1007,474,50,23.83,3.03,6.60,13.04,2474,3
2026-05-16 06:34:21,2.8,12.07,12.04,12.36,1545545,89162,5.8,0,0,0.0,1007,474,50,17.25,3.11,7.09,14.46,2484,5
2026-05-16 06:35:21,1.3,11.71,11.97,12.32,1545545,89164,5.8,0,0,0.0,1007,474,50,12.78,2.96,4.48,11.47,2476,3
2026-05-16 06:36:21,1.5,10.53,11.61,12.17,1545545,89134,5.8,0,0,0.0,1007,474,50,13.52,2.96,2.88,9.72,2472,3
2026-05-16 06:37:22,1.3,10.81,11.43,12.07,1545545,89113,5.8,0,0,0.0,1007,474,50,13.80,2.97,2.88,9.65,2460,2
2026-05-16 06:38:22,3.1,10.65,11.28,11.98,1545545,89056,5.8,0,0,0.0,1007,474,50,15.29,3.02,2.08,8.84,2460,7
2026-05-16 06:39:22,1.2,11.29,11.37,11.96,1545545,89181,5.8,0,0,0.0,1007,474,50,23.55,2.54,5.03,12.22,2465,1
2026-05-16 06:40:23,1.2,10.54,11.08,11.82,1545545,89213,5.8,0,0,0.0,1007,474,50,24.98,3.04,2.14,8.93,2466,1
2026-05-16 06:41:23,3.9,10.62,10.98,11.74,1545545,89207,5.8,0,0,0.0,1007,474,50,13.72,2.89,2.60,9.33,2456,7
2026-05-16 06:42:23,3.2,12.24,11.43,11.85,1545545,89168,5.8,0,0,0.0,1007,474,50,14.50,2.79,10.17,17.89,2471,6
2026-05-16 06:43:24,3.4,11.69,11.51,11.85,1545545,89171,5.8,0,0,0.0,1007,474,50,15.18,2.92,4.49,11.26,2460,8
2026-05-16 06:44:24,3.3,11.50,11.52,11.84,1545545,89257,5.8,0,0,0.0,1007,474,50,14.73,3.04,4.06,10.97,2467,10
2026-05-16 06:45:24,1.9,10.28,11.20,11.71,1545545,89221,5.8,0,0,0.0,1007,474,50,21.97,3.04,5.18,12.57,2470,2
2026-05-16 06:46:25,3.1,11.73,11.45,11.77,1545545,89244,5.8,0,0,0.0,1007,474,50,20.69,2.84,9.80,16.39,2473,3
2026-05-16 06:47:25,1.9,11.71,11.60,11.80,1545545,89212,5.8,0,0,0.0,1007,474,50,9.78,2.94,7.32,13.35,2469,2
2026-05-16 06:48:25,2.3,13.61,12.18,11.99,1545545,89160,5.8,0,0,0.0,1007,474,50,14.75,2.90,11.03,18.10,2476,4
2026-05-16 06:49:26,1.3,14.74,12.78,12.21,1545545,89125,5.8,0,0,0.0,1007,474,50,10.56,2.84,8.52,15.21,2470,4
2026-05-16 06:50:26,1.1,12.01,12.33,12.09,1545545,89244,5.8,0,0,0.0,1007,474,50,10.43,3.11,1.08,7.81,2472,2
2026-05-16 06:51:26,1.1,11.18,12.04,12.00,1545545,89236,5.8,0,0,0.0,1007,474,50,12.87,2.88,3.32,10.09,2474,5
2026-05-16 06:52:27,3.0,12.53,12.26,12.08,1545545,89280,5.8,0,0,0.0,1007,474,50,10.48,2.88,6.87,13.78,2474,4
2026-05-16 06:53:27,3.3,13.33,12.73,12.26,1545545,89236,5.8,0,0,0.0,1007,474,50,9.61,2.80,12.58,19.18,2476,8
2026-05-16 06:54:27,2.1,13.75,13.04,12.41,1545545,89193,5.8,0,0,0.0,1007,474,50,15.94,3.12,8.65,15.58,2477,4
2026-05-16 06:55:28,2.9,12.76,12.89,12.39,1545545,89092,5.8,0,0,0.0,1007,474,50,14.43,3.31,1.08,7.79,2470,2
2026-05-16 06:56:28,3.1,11.58,12.54,12.30,1545545,89218,5.8,0,0,0.0,1007,474,50,16.35,2.61,5.10,12.11,2471,7
2026-05-16 06:57:28,1.1,10.93,12.18,12.19,1545545,89182,5.8,0,0,0.0,1007,474,50,19.37,2.99,1.05,7.70,2473,2
2026-05-16 06:58:29,1.5,10.87,11.94,12.11,1545545,89175,5.8,0,0,0.0,1007,474,50,24.54,2.75,0.99,7.67,2471,7
2026-05-16 06:59:29,1.4,9.74,11.44,11.92,1545545,89128,5.8,0,0,0.0,1007,474,50,17.41,2.88,1.40,8.03,2470,1
2026-05-16 07:00:29,3.7,11.40,11.52,11.92,1545545,89248,5.8,0,0,0.0,1007,474,50,12.52,3.18,8.98,15.89,2475,6
2026-05-16 07:01:30,2.3,11.52,11.55,11.90,1545545,89242,5.8,0,0,0.0,1007,474,50,16.22,44.52,7.30,14.40,2485,2
2026-05-16 07:02:30,3.2,12.83,11.85,11.98,1545545,89248,5.8,0,0,0.0,1007,474,50,16.89,3.05,6.45,13.53,2474,13
2026-05-16 07:03:30,1.8,11.93,11.80,11.96,1545545,89190,5.8,0,0,0.0,1007,474,50,18.94,2.93,3.69,10.51,2476,1
2026-05-16 07:04:31,3.1,11.69,11.74,11.92,1545545,89231,5.8,0,0,0.0,1007,474,50,18.58,2.98,7.58,14.63,2479,6
2026-05-16 07:05:31,1.4,10.82,11.50,11.83,1545545,89276,5.8,0,0,0.0,1007,474,50,10.28,3.09,5.31,11.99,2473,1
2026-05-16 07:06:31,3.5,11.91,11.70,11.88,1545545,89293,5.8,0,0,0.0,1007,474,50,18.39,2.91,7.80,14.71,2466,8
2026-05-16 07:07:32,3.0,13.11,12.03,11.98,1545545,89277,5.8,0,0,0.0,1007,474,50,26.31,3.04,6.71,13.92,2482,10
2026-05-16 07:08:32,2.0,12.45,12.02,11.98,1545545,89239,5.8,0,0,0.0,1007,474,50,19.62,3.02,3.39,10.31,2480,2
2026-05-16 07:09:32,1.3,13.07,12.40,12.12,1545545,89211,5.8,0,0,0.0,1007,474,50,15.93,2.92,5.35,12.50,2483,1
2026-05-16 07:10:33,1.8,14.11,12.68,12.22,1545545,89315,5.8,0,0,0.0,1007,474,50,17.48,3.19,5.69,12.34,2474,17
2026-05-16 07:11:33,1.7,15.48,13.27,12.45,1545545,89332,5.8,0,0,0.0,1007,474,50,13.03,2.96,7.81,14.97,2476,6
2026-05-16 07:12:33,1.6,15.14,13.32,12.50,1545545,89317,5.8,0,0,0.0,1007,474,50,13.96,2.83,2.13,8.95,2484,1
2026-05-16 07:13:34,3.3,21.41,15.22,13.20,1545545,89262,5.8,0,0,0.0,1007,474,50,14.20,2.84,9.66,16.63,2493,6
2026-05-16 07:14:34,1.4,15.79,14.84,13.20,1545545,89214,5.8,0,0,0.0,1007,474,50,15.91,2.96,2.52,9.27,2498,2
2026-05-16 07:15:34,1.3,14.65,14.65,13.23,1545545,89271,5.8,0,0,0.0,1007,474,50,16.18,3.27,1.83,8.79,2499,4
2026-05-16 07:16:35,1.8,12.28,13.97,13.09,1545545,89298,5.8,0,0,0.0,1007,474,50,12.91,2.88,1.03,7.66,2484,2
2026-05-16 07:17:35,9.1,14.66,14.23,13.22,1545545,89228,5.8,0,0,0.0,1007,474,50,12.45,2.80,5.76,12.92,2483,22
2026-05-16 07:18:35,1.5,12.56,13.79,13.14,1545545,89320,5.8,0,0,0.0,1007,474,50,15.69,2.61,8.32,14.37,2468,1
2026-05-16 07:19:36,3.1,14.43,14.01,13.25,1545545,89360,5.8,0,0,0.0,1007,474,50,17.57,2.95,9.77,16.56,2477,8
2026-05-16 07:20:36,1.3,11.79,13.31,13.06,1545545,89319,5.8,0,0,0.0,1007,474,50,17.10,3.10,1.86,8.62,2475,3
2026-05-16 07:21:36,3.4,12.30,13.12,13.01,1545545,89402,5.8,0,0,0.0,1007,474,50,13.53,2.95,5.97,13.28,2471,8
2026-05-16 07:22:37,1.6,11.17,12.64,12.85,1545545,89380,5.8,0,0,0.0,1007,474,50,17.44,2.92,1.51,8.10,2476,3
2026-05-16 07:23:37,1.2,10.56,12.19,12.68,1545545,89384,5.8,0,0,0.0,1007,474,50,16.57,2.86,1.41,8.05,2477,1
2026-05-16 07:24:37,1.4,14.43,13.15,12.99,1545545,89391,5.8,0,0,0.0,1007,474,50,16.73,3.07,7.93,15.33,2466,5
2026-05-16 07:25:38,1.5,11.86,12.68,12.83,1545545,89299,5.8,0,0,0.0,1007,474,50,12.18,3.35,5.00,11.55,2486,2
2026-05-16 07:26:38,1.2,10.85,12.23,12.67,1545545,89401,5.8,0,0,0.0,1007,474,50,16.50,2.91,1.08,7.71,2490,5
2026-05-16 07:27:38,1.4,10.87,12.00,12.57,1545545,89400,5.8,0,0,0.0,1007,474,50,11.38,2.91,5.39,12.57,2482,5
2026-05-16 07:28:39,1.2,10.26,11.65,12.41,1545545,89408,5.8,0,0,0.0,1007,474,50,18.12,2.90,1.04,7.63,2487,1
2026-05-16 07:29:39,1.1,10.59,11.47,12.30,1545545,89416,5.8,0,0,0.0,1007,474,50,18.01,2.94,7.73,14.15,2484,1
2026-05-16 07:30:39,1.5,12.62,11.92,12.40,1545545,89412,5.8,0,0,0.0,1007,474,50,14.48,3.04,5.79,13.27,2479,1
2026-05-16 07:31:40,1.4,11.47,11.67,12.28,1545545,89297,5.8,0,0,0.0,1007,474,50,17.36,2.99,7.10,13.22,2487,3
2026-05-16 07:32:40,1.4,11.40,11.61,12.22,1545545,89192,5.8,0,0,0.0,1007,474,50,18.87,3.06,3.98,10.83,2489,2
2026-05-16 07:33:40,1.3,13.88,12.10,12.34,1545545,89290,5.8,0,0,0.0,1007,474,50,14.51,2.88,8.20,15.23,2484,5
2026-05-16 07:34:41,1.4,12.66,12.05,12.30,1545545,89214,5.8,0,0,0.0,1007,474,50,16.76,2.97,6.84,14.03,2487,4
2026-05-16 07:35:41,1.2,11.06,11.72,12.17,1545545,89221,5.8,0,0,0.0,1007,474,50,15.36,3.18,1.74,8.43,2482,1
2026-05-16 07:36:41,1.5,13.14,12.11,12.27,1545545,89225,5.8,0,0,0.0,1007,474,50,12.01,2.87,6.50,13.97,2467,3
2026-05-16 07:37:42,4.2,14.23,12.46,12.37,1545545,89190,5.8,0,0,0.0,1007,474,50,17.24,2.82,6.52,13.70,2477,4
2026-05-16 07:38:42,1.8,12.67,12.34,12.34,1545545,89180,5.8,0,0,0.0,1007,474,50,18.90,3.07,4.36,11.19,2480,4
2026-05-16 07:39:42,3.1,11.17,11.98,12.21,1545545,89120,5.8,0,0,0.0,1007,474,50,20.12,2.53,1.03,7.69,2470,1
2026-05-16 07:40:43,3.2,12.44,12.17,12.26,1545545,89164,5.8,0,0,0.0,1007,474,50,16.07,3.04,6.74,13.97,2476,5
2026-05-16 07:41:43,1.2,11.88,12.11,12.24,1545545,89169,5.8,0,0,0.0,1007,474,50,12.60,3.02,4.36,11.03,2495,1
2026-05-16 07:42:43,1.4,12.05,12.08,12.22,1545545,89114,5.8,0,0,0.0,1007,474,50,13.19,2.95,1.02,7.73,2492,1
2026-05-16 07:43:44,1.5,10.88,11.74,12.09,1545545,89084,5.8,0,0,0.0,1007,474,50,19.15,3.00,2.12,8.86,2481,2
2026-05-16 07:44:44,3.5,11.62,11.75,12.07,1545545,89164,5.8,0,0,0.0,1007,474,50,13.59,2.84,8.24,14.48,2496,6
2026-05-16 07:45:44,3.3,13.91,12.28,12.23,1545545,89193,5.8,0,0,0.0,1007,474,50,11.41,3.21,12.78,19.65,2488,4
2026-05-16 07:46:45,1.7,12.25,12.09,12.16,1545545,89173,5.8,0,0,0.0,1007,474,50,18.17,2.91,3.82,10.90,2464,3
2026-05-16 07:47:45,1.5,12.52,12.14,12.17,1545545,89135,5.8,0,0,0.0,1007,474,50,22.92,3.00,6.47,13.75,2474,2
2026-05-16 07:48:45,1.6,11.58,11.94,12.10,1545545,89072,5.8,0,0,0.0,1007,474,50,12.51,2.75,1.39,8.11,2473,3
2026-05-16 07:49:46,3.1,15.69,12.97,12.44,1545545,89191,5.8,0,0,0.0,1007,474,50,17.27,2.88,9.46,16.04,2460,6
2026-05-16 07:50:46,1.2,13.35,12.86,12.44,1545545,89171,5.8,0,0,0.0,1007,474,50,12.67,3.00,8.25,14.77,2472,3
2026-05-16 07:51:46,2.2,12.66,12.65,12.39,1545545,89224,5.8,0,0,0.0,1007,474,50,15.67,3.03,4.61,11.82,2481,2
2026-05-16 07:52:47,1.3,11.64,12.38,12.31,1545545,89226,5.8,0,0,0.0,1007,474,50,22.10,2.88,1.97,8.62,2483,3
2026-05-16 07:53:47,3.2,11.81,12.27,12.27,1545545,89243,5.8,0,0,0.0,1007,474,50,16.29,2.88,10.94,17.55,2493,7
2026-05-16 07:54:47,3.5,12.99,12.54,12.37,1545545,89261,5.8,0,0,0.0,1007,474,50,16.50,3.14,4.54,11.56,2483,6
2026-05-16 07:55:48,1.7,11.83,12.30,12.30,1545545,89259,5.8,0,0,0.0,1007,474,50,13.89,3.02,8.39,14.93,2479,6
2026-05-16 07:56:48,1.3,12.10,12.33,12.31,1545545,89289,5.8,0,0,0.0,1007,474,50,12.72,2.83,4.83,11.86,2481,7
2026-05-16 07:57:48,1.2,11.14,12.02,12.20,1545545,89274,5.8,0,0,0.0,1007,474,50,13.11,2.88,4.35,11.31,2469,1
2026-05-16 07:58:49,1.2,10.02,11.56,12.03,1545545,89259,5.8,0,0,0.0,1007,474,50,18.60,2.85,1.03,7.64,2467,1
2026-05-16 07:59:49,1.1,9.94,11.27,11.90,1545545,89258,5.8,0,0,0.0,1007,474,50,14.07,2.92,1.03,7.64,2482,1
2026-05-16 08:00:49,1.4,12.88,11.70,12.00,1545545,89314,5.8,0,0,0.0,1007,474,50,15.46,2.99,6.39,13.23,2480,7
2026-05-16 08:01:50,1.3,13.67,12.15,12.14,1545545,89324,5.8,0,0,0.0,1007,474,50,12.96,47.47,6.40,13.48,2481,6
2026-05-16 08:02:50,1.0,11.73,11.87,12.04,1545545,89295,5.8,0,0,0.0,1007,474,50,20.57,2.78,1.02,7.67,2467,8
2026-05-16 08:03:50,1.3,10.63,11.54,11.91,1545545,89298,5.8,0,0,0.0,1007,474,50,16.09,2.91,4.47,11.22,2463,5
2026-05-16 08:04:51,3.2,11.85,11.63,11.92,1545545,89316,5.8,0,0,0.0,1007,474,50,19.18,3.05,4.88,11.84,2455,7
2026-05-16 08:05:51,3.3,15.12,12.74,12.29,1545545,89338,5.8,0,0,0.0,1007,474,50,19.05,3.04,11.52,18.38,2446,3
2026-05-16 08:06:51,1.1,12.94,12.63,12.28,1545545,89320,5.8,0,0,0.0,1007,474,50,19.09,2.96,4.37,11.56,2461,5
2026-05-16 08:07:52,1.3,11.77,12.41,12.23,1545545,89195,5.8,0,0,0.0,1007,474,50,18.16,3.11,5.97,12.75,2465,2
2026-05-16 08:08:52,4.7,12.03,12.28,12.19,1545545,89202,5.8,0,0,0.0,1007,474,50,18.24,3.07,3.22,10.13,2475,5
2026-05-16 08:09:52,1.3,10.78,11.88,12.06,1545545,89190,5.8,0,0,0.0,1007,474,50,12.53,2.95,1.34,8.02,2477,4
2026-05-16 08:10:53,1.3,11.35,11.84,12.03,1545545,89236,5.8,0,0,0.0,1007,474,50,19.15,2.95,5.53,12.39,2470,3
2026-05-16 08:11:53,1.3,10.95,11.65,11.96,1545545,89259,5.8,0,0,0.0,1007,474,50,17.35,2.95,1.53,8.16,2469,1
2026-05-16 08:12:53,2.4,16.66,13.61,12.64,1545545,89231,5.8,0,0,0.0,1007,474,50,15.86,2.69,7.20,14.70,2476,3
2026-05-16 08:13:54,1.5,14.48,13.57,12.68,1545545,89117,5.8,0,0,0.0,1007,474,50,17.73,2.77,8.77,16.04,2470,5
2026-05-16 08:14:54,1.4,14.09,13.72,12.80,1545545,89220,5.8,0,0,0.0,1007,474,50,15.98,3.04,8.45,14.97,2484,4
2026-05-16 08:15:54,3.5,14.31,13.79,12.88,1545545,89256,5.8,0,0,0.0,1007,474,50,12.68,2.86,5.25,12.32,2483,4
2026-05-16 08:16:55,1.7,12.88,13.57,12.86,1545545,89261,5.8,0,0,0.0,1007,474,50,23.85,3.01,6.47,13.00,2481,4
2026-05-16 08:17:55,1.2,11.10,12.93,12.69,1545545,89206,5.8,0,0,0.0,1007,474,50,21.04,2.87,1.03,7.72,2464,3
2026-05-16 08:18:55,11.7,10.53,12.42,12.52,1545545,89207,5.8,0,0,0.0,1007,474,50,28.76,2.86,2.96,9.59,2473,25
2026-05-16 08:19:56,7.3,10.81,12.18,12.44,1545545,89147,5.8,0,0,0.0,1007,474,50,19.21,3.14,10.49,16.37,2475,7
2026-05-16 08:20:56,1.1,10.89,11.99,12.35,1545545,89127,5.8,0,0,0.0,1007,474,50,17.16,2.85,3.14,9.98,2464,1
2026-05-16 08:21:56,3.2,10.60,11.71,12.24,1545545,89268,5.8,0,0,0.0,1007,474,50,17.43,2.93,1.07,7.75,2471,2
2026-05-16 08:22:57,1.2,12.25,12.03,12.31,1545545,89256,5.8,0,0,0.0,1007,474,50,19.85,2.91,2.51,9.44,2482,2
2026-05-16 08:23:57,3.1,12.04,11.95,12.26,1545545,89261,5.8,0,0,0.0,1007,474,50,20.04,2.98,9.29,16.19,2470,17
2026-05-16 08:24:57,1.6,11.88,11.92,12.24,1545545,89217,5.8,0,0,0.0,1007,474,50,21.96,3.01,11.99,17.89,2451,2
2026-05-16 08:25:58,3.7,11.50,11.80,12.17,1545545,89253,5.8,0,0,0.0,1007,474,50,19.29,3.09,3.60,10.46,2460,9
2026-05-16 08:26:58,2.3,11.91,11.88,12.18,1545545,89202,5.8,0,0,0.0,1007,474,50,17.77,2.68,6.83,13.65,2458,3
2026-05-16 08:27:58,3.1,12.58,12.10,12.23,1545545,89282,5.8,0,0,0.0,1007,474,50,15.65,2.93,12.16,19.19,2460,21
2026-05-16 08:28:59,1.6,11.47,11.94,12.17,1545545,89260,5.8,0,0,0.0,1007,474,50,17.99,2.78,4.94,12.07,2462,4
2026-05-16 08:29:59,1.4,11.22,11.72,12.08,1545545,89318,5.8,0,0,0.0,1007,474,50,15.06,3.08,5.75,12.87,2469,1
2026-05-16 08:30:59,1.1,10.41,11.37,11.93,1545545,89275,5.8,0,0,0.0,1007,474,50,14.07,2.88,1.01,7.65,2461,2
2026-05-16 08:31:59,3.2,10.40,11.17,11.82,1545545,89290,5.8,0,0,0.0,1007,474,50,19.09,2.88,2.74,9.79,2467,10
2026-05-16 08:33:00,1.2,9.79,10.86,11.68,1545545,89214,5.8,0,0,0.0,1007,474,50,17.38,3.07,1.54,8.30,2457,2
2026-05-16 08:34:00,1.4,10.89,10.94,11.65,1545545,89303,5.8,0,0,0.0,1007,474,50,28.72,2.84,2.11,8.85,2466,7
2026-05-16 08:35:00,10.9,11.40,11.11,11.67,1545545,89325,5.8,0,0,0.0,1007,474,50,21.75,3.12,4.74,11.78,2467,8
2026-05-16 08:36:01,1.2,10.64,11.01,11.60,1545545,89317,5.8,0,0,0.0,1007,474,50,21.18,2.85,7.02,13.28,2475,7
2026-05-16 08:37:01,3.0,11.46,11.14,11.60,1545545,89326,5.8,0,0,0.0,1007,474,50,26.25,3.07,3.99,10.74,2475,4
2026-05-16 08:38:01,1.5,11.78,11.32,11.64,1545545,89264,5.8,0,0,0.0,1007,474,50,15.80,2.89,9.21,16.80,2467,7
2026-05-16 08:39:02,2.6,12.84,11.67,11.74,1545545,89225,5.8,0,0,0.0,1007,474,50,26.10,2.86,9.95,17.09,2465,5
2026-05-16 08:40:02,1.7,19.40,13.78,12.45,1545545,89228,5.8,0,0,0.0,1007,474,50,20.14,2.89,4.59,11.11,2464,5
2026-05-16 08:41:02,3.3,14.46,13.38,12.40,1545545,89377,5.8,0,0,0.0,1007,474,50,15.48,3.07,6.58,13.47,2464,4
2026-05-16 08:42:03,3.3,18.02,14.76,12.95,1545545,89383,5.8,0,0,0.0,1007,474,50,17.77,2.91,6.11,13.31,2459,4
2026-05-16 08:43:03,3.0,14.56,14.34,12.91,1545545,89319,5.8,0,0,0.0,1007,474,50,25.15,3.05,6.02,13.23,2452,1
2026-05-16 08:44:03,1.2,13.23,14.03,12.90,1545545,89247,5.8,0,0,0.0,1007,474,50,30.30,2.91,6.32,13.36,2453,4
2026-05-16 08:45:04,1.4,14.95,14.34,13.07,1545545,89151,5.8,0,0,0.0,1007,474,50,20.77,2.67,5.08,12.08,2453,1
2026-05-16 08:46:04,1.2,14.82,14.32,13.14,1545545,89282,5.8,0,0,0.0,1007,474,50,16.61,2.99,8.39,15.66,2455,3
2026-05-16 08:47:04,4.0,11.99,13.56,12.94,1545545,89287,5.8,0,0,0.0,1007,474,50,19.77,2.92,5.34,12.60,2469,7
2026-05-16 08:48:05,3.4,11.31,13.04,12.80,1545545,89271,5.8,0,0,0.0,1007,474,50,14.45,3.00,4.52,11.61,2482,4
2026-05-16 08:49:05,1.5,13.22,13.26,12.89,1545545,89264,5.8,0,0,0.0,1007,474,50,12.55,2.87,9.76,17.21,2480,4
2026-05-16 08:50:05,1.6,11.56,12.77,12.75,1545545,89208,5.8,0,0,0.0,1007,474,50,34.01,2.88,1.77,8.52,2482,6
2026-05-16 08:51:06,3.2,11.45,12.46,12.64,1545545,89245,5.8,0,0,0.0,1007,474,50,19.65,2.83,4.31,11.06,2467,7
2026-05-16 08:52:06,3.0,14.33,13.04,12.83,1545545,89248,5.8,0,0,0.0,1007,474,50,19.89,2.97,10.70,17.29,2475,4
2026-05-16 08:53:06,3.2,14.94,13.38,12.95,1545545,89308,5.8,0,0,0.0,1007,474,50,19.30,3.00,4.07,11.22,2462,5
2026-05-16 08:54:07,1.5,18.58,14.96,13.54,1545545,89301,5.8,0,0,0.0,1007,474,50,23.32,2.82,10.79,18.28,2464,3
2026-05-16 08:55:07,1.5,15.66,14.79,13.57,1545545,89332,5.8,0,0,0.0,1007,474,50,17.67,3.04,6.09,13.27,2464,3
2026-05-16 08:56:07,2.0,15.62,14.81,13.64,1545545,89361,5.8,0,0,0.0,1007,474,50,23.04,3.10,5.56,12.19,2462,3
2026-05-16 08:57:08,3.7,18.81,15.95,14.11,1545545,89379,5.8,0,0,0.0,1007,474,50,18.25,2.98,9.28,16.25,2454,4
2026-05-16 08:58:08,1.2,15.13,15.59,14.11,1545545,89341,5.8,0,0,0.0,1007,474,50,14.18,3.12,5.64,12.42,2463,2
2026-05-16 08:59:08,3.1,16.89,16.01,14.35,1545545,89362,5.8,0,0,0.0,1007,474,50,18.50,2.41,6.76,13.99,2452,6
2026-05-16 09:00:09,1.3,14.54,15.57,14.31,1545545,89350,5.8,0,0,0.0,1007,474,50,18.00,3.08,4.28,10.88,2448,4
2026-05-16 09:01:09,1.0,12.56,14.82,14.13,1545545,89353,5.8,0,0,0.0,1007,474,50,16.47,44.98,1.02,7.65,2454,6
2026-05-16 09:02:09,1.2,14.46,15.28,14.35,1545545,89305,5.8,0,0,0.0,1007,474,50,17.07,2.72,6.62,13.71,2455,6
2026-05-16 09:03:10,1.6,12.94,14.79,14.24,1545545,89341,5.8,0,0,0.0,1007,474,50,15.11,3.00,2.22,9.10,2448,1
2026-05-16 09:04:10,1.5,10.94,13.88,13.96,1545545,89345,5.8,0,0,0.0,1007,474,50,13.90,2.97,1.02,7.66,2464,1
2026-05-16 09:05:10,1.4,12.15,13.72,13.90,1545545,89352,5.8,0,0,0.0,1007,474,50,17.34,3.05,7.63,14.29,2469,2
2026-05-16 09:06:11,1.5,11.06,13.08,13.67,1545545,89363,5.8,0,0,0.0,1007,474,50,18.44,2.88,3.93,10.87,2467,2
2026-05-16 09:07:11,3.5,12.31,13.02,13.61,1545545,89356,5.8,0,0,0.0,1007,474,50,19.14,2.93,7.90,14.26,2462,6
2026-05-16 09:08:11,3.1,12.74,12.96,13.54,1545545,89336,5.8,0,0,0.0,1007,474,50,20.41,3.34,4.82,11.95,2471,4
2026-05-16 09:09:12,1.9,11.96,12.72,13.42,1545545,89250,5.8,0,0,0.0,1007,474,50,13.56,2.89,5.58,12.72,2464,4
2026-05-16 09:10:12,3.4,13.77,13.05,13.49,1545545,89442,5.8,0,0,0.0,1007,474,50,21.59,3.08,10.21,17.81,2465,25
2026-05-16 09:11:12,1.8,11.71,12.62,13.32,1545545,89397,5.8,0,0,0.0,1007,474,50,20.94,2.91,2.11,8.81,2467,5
2026-05-16 09:12:13,1.9,12.71,12.69,13.29,1545545,89415,5.8,0,0,0.0,1007,474,50,21.89,2.98,9.49,15.83,2462,4
2026-05-16 09:13:13,2.1,11.58,12.39,13.15,1545545,89333,5.8,0,0,0.0,1007,474,50,15.29,2.86,3.89,10.77,2470,2
2026-05-16 09:14:13,1.3,11.01,12.13,13.01,1545545,89338,5.8,0,0,0.0,1007,474,50,16.68,2.89,5.42,12.69,2482,4
2026-05-16 09:15:14,1.3,11.14,11.97,12.91,1545545,89383,5.8,0,0,0.0,1007,474,50,17.41,3.02,2.50,9.25,2475,5
2026-05-16 09:16:14,1.3,11.43,11.86,12.80,1545545,89381,5.8,0,0,0.0,1007,474,50,21.26,3.00,5.80,12.89,2467,11
2026-05-16 09:17:14,1.5,11.79,11.87,12.75,1545545,89377,5.8,0,0,0.0,1007,474,50,23.78,2.78,8.25,14.47,2465,3
2026-05-16 09:18:15,1.3,12.06,11.91,12.71,1545545,89401,5.8,0,0,0.0,1007,474,50,17.50,2.97,1.07,7.83,2461,6
2026-05-16 09:19:15,1.2,11.96,11.85,12.63,1545545,89438,5.8,0,0,0.0,1007,474,50,18.37,2.93,4.69,11.77,2462,1
2026-05-16 09:20:15,10.7,12.11,11.94,12.61,1545545,89444,5.8,0,0,0.0,1007,474,50,20.68,3.04,4.32,11.37,2469,18
2026-05-16 09:21:16,3.1,11.72,11.85,12.54,1545545,89353,5.8,0,0,0.0,1007,474,50,22.29,2.76,5.18,12.31,2473,6
2026-05-16 09:22:16,3.5,13.07,12.21,12.62,1545545,89362,5.8,0,0,0.0,1007,474,50,20.09,2.55,10.42,17.50,2472,5
2026-05-16 09:23:16,1.4,12.70,12.27,12.62,1545545,89266,5.8,0,0,0.0,1007,474,50,19.41,3.02,4.47,11.54,2473,1
2026-05-16 09:24:17,1.5,11.09,11.87,12.45,1545545,89300,5.8,0,0,0.0,1007,474,50,36.80,2.88,2.19,9.06,2457,4
2026-05-16 09:25:17,1.5,12.19,12.05,12.48,1545545,89334,5.8,0,0,0.0,1007,474,50,13.12,3.10,6.15,13.27,2457,8
2026-05-16 09:26:17,3.0,12.83,12.19,12.50,1545545,89361,5.8,0,0,0.0,1007,474,50,18.23,2.94,6.30,12.90,2467,5
2026-05-16 09:27:18,3.7,13.38,12.36,12.53,1545545,89393,5.8,0,0,0.0,1007,474,50,27.42,3.05,7.54,14.66,2467,4
2026-05-16 09:28:18,3.2,11.47,11.99,12.39,1545545,89360,5.8,0,0,0.0,1007,474,50,14.39,2.87,3.86,10.60,2467,5
2026-05-16 09:29:18,1.4,11.45,11.99,12.37,1545545,89358,5.8,0,0,0.0,1007,474,50,17.45,2.87,8.21,15.11,2471,1
2026-05-16 09:30:19,3.0,12.35,12.06,12.36,1545545,89401,5.8,0,0,0.0,1007,474,50,15.87,3.09,4.52,11.60,2471,7
2026-05-16 09:31:19,1.5,12.00,12.06,12.34,1545545,89393,5.8,0,0,0.0,1007,474,50,16.82,2.75,8.18,15.38,2450,4
2026-05-16 09:32:19,1.4,11.46,11.94,12.29,1545545,89405,5.8,0,0,0.0,1007,474,50,12.78,3.04,7.39,13.80,2461,5
2026-05-16 09:33:20,3.2,12.40,12.10,12.32,1545545,89401,5.8,0,0,0.0,1007,474,50,14.62,3.04,4.75,11.86,2454,10
2026-05-16 09:34:20,3.3,14.42,12.64,12.49,1545545,89407,5.8,0,0,0.0,1007,474,50,15.10,2.99,11.64,18.36,2457,5
2026-05-16 09:35:20,3.6,13.53,12.79,12.56,1545545,89447,5.8,0,0,0.0,1007,474,50,17.53,2.86,6.75,14.07,2447,5
2026-05-16 09:36:21,1.4,12.65,12.72,12.55,1545545,89430,5.8,0,0,0.0,1007,474,50,18.84,2.98,8.51,14.84,2448,9
2026-05-16 09:37:21,1.8,14.60,13.24,12.74,1545545,89448,5.8,0,0,0.0,1007,474,50,15.23,2.96,9.64,16.38,2445,2
2026-05-16 09:38:21,1.9,13.00,12.98,12.67,1545545,89443,5.8,0,0,0.0,1007,474,50,10.68,2.90,5.44,12.13,2460,2
2026-05-16 09:39:22,1.2,12.15,12.73,12.60,1545545,89436,5.8,0,0,0.0,1007,474,50,8.57,2.87,4.48,10.85,2452,2
2026-05-16 09:40:22,2.3,14.24,12.98,12.69,1545545,89471,5.8,0,0,0.0,1007,474,50,16.15,3.08,5.03,12.02,2463,4
2026-05-16 09:41:22,1.3,13.23,12.85,12.66,1545545,89454,5.8,0,0,0.0,1007,474,50,15.07,2.95,8.58,14.99,2470,2
2026-05-16 09:42:23,3.1,11.57,12.46,12.54,1545545,89470,5.8,0,0,0.0,1007,474,50,11.46,2.77,3.32,10.19,2465,4
2026-05-16 09:43:23,2.2,13.28,12.74,12.62,1545545,89482,5.8,0,0,0.0,1007,474,50,14.26,2.91,5.64,12.04,2460,7
2026-05-16 09:44:23,2.4,12.53,12.63,12.59,1545545,89488,5.8,0,0,0.0,1007,474,50,14.71,3.05,8.37,15.55,2472,1
2026-05-16 09:45:24,1.5,12.22,12.48,12.54,1545545,89520,5.8,0,0,0.0,1007,474,50,11.29,2.71,1.36,8.06,2468,2
2026-05-16 09:46:24,1.3,11.93,12.35,12.50,1545545,89526,5.8,0,0,0.0,1007,474,50,13.98,2.80,3.59,10.45,2461,1
2026-05-16 09:47:24,1.9,13.21,12.60,12.57,1545545,89471,5.8,0,0,0.0,1007,474,50,19.94,2.85,8.21,15.42,2467,3
2026-05-16 09:48:25,1.4,12.79,12.65,12.59,1545545,89501,5.8,0,0,0.0,1007,474,50,18.47,2.93,11.16,17.58,2471,2
2026-05-16 09:49:25,1.2,11.78,12.45,12.53,1545545,89504,5.8,0,0,0.0,1007,474,50,20.84,3.05,7.72,14.99,2456,2
2026-05-16 09:50:25,1.5,12.21,12.41,12.51,1545545,89542,5.8,0,0,0.0,1007,474,50,16.19,2.96,7.50,13.73,2461,6
2026-05-16 09:51:26,1.1,12.36,12.34,12.47,1545545,89559,5.8,0,0,0.0,1007,474,50,15.14,3.11,3.60,10.73,2466,7
2026-05-16 09:52:26,2.0,11.62,12.20,12.42,1545545,89534,5.8,0,0,0.0,1007,474,50,17.94,2.98,2.89,9.68,2455,2
2026-05-16 09:53:26,1.4,10.72,11.86,12.29,1545545,89532,5.8,0,0,0.0,1007,474,50,13.27,2.99,3.22,10.18,2459,3
2026-05-16 09:54:27,2.2,11.36,11.83,12.25,1545545,89564,5.8,0,0,0.0,1007,474,50,17.93,2.84,5.42,12.54,2469,2
2026-05-16 09:55:27,1.1,10.88,11.63,12.15,1545545,89568,5.8,0,0,0.0,1007,474,50,15.83,3.11,1.13,7.76,2467,2
2026-05-16 09:56:27,2.1,13.96,12.30,12.35,1545545,89619,5.8,0,0,0.0,1007,474,50,15.25,3.06,10.17,16.58,2472,4
2026-05-16 09:57:28,4.2,12.09,12.08,12.27,1545545,89601,5.8,0,0,0.0,1007,474,50,24.61,2.98,5.22,12.27,2476,10
2026-05-16 09:58:28,1.5,11.53,11.95,12.21,1545545,89444,5.8,0,0,0.0,1007,474,50,22.81,2.88,1.91,8.60,2477,4
2026-05-16 09:59:28,1.7,11.33,11.87,12.17,1545545,89462,5.8,0,0,0.0,1007,474,50,15.39,3.04,8.75,15.58,2475,7
2026-05-16 10:00:29,1.6,11.08,11.67,12.08,1545545,89518,5.8,0,0,0.0,1007,474,50,19.34,3.05,2.88,9.76,2484,6
2026-05-16 10:01:29,1.2,10.63,11.41,11.97,1545545,89500,5.8,0,0,0.0,1007,474,50,15.34,44.77,1.40,8.08,2474,10
2026-05-16 10:02:29,1.7,10.80,11.34,11.91,1545545,89485,5.8,0,0,0.0,1007,474,50,17.43,3.07,2.13,9.06,2481,5
2026-05-16 10:03:30,2.0,14.13,12.04,12.10,1545545,89504,5.8,0,0,0.0,1007,474,50,20.03,2.86,8.36,15.68,2474,1
2026-05-16 10:04:30,3.1,12.92,12.00,12.08,1545545,89494,5.8,0,0,0.0,1007,474,50,16.19,2.95,4.84,12.07,2478,8
2026-05-16 10:05:30,3.2,11.42,11.74,11.99,1545545,89534,5.8,0,0,0.0,1007,474,50,17.18,3.13,5.08,12.16,2481,9
2026-05-16 10:06:31,1.9,11.47,11.69,11.96,1545545,89540,5.8,0,0,0.0,1007,474,50,19.73,2.91,9.13,16.25,2486,2
2026-05-16 10:07:31,3.4,11.99,11.81,11.98,1545545,89495,5.8,0,0,0.0,1007,474,50,15.20,3.00,12.31,19.47,2479,12
2026-05-16 10:08:31,3.4,13.59,12.36,12.16,1545545,89511,5.8,0,0,0.0,1007,474,50,15.82,2.52,12.73,19.93,2485,8
2026-05-16 10:09:32,3.3,11.69,12.08,12.08,1545545,89527,5.8,0,0,0.0,1007,474,50,18.64,3.03,4.74,11.37,2479,5
2026-05-16 10:10:32,1.8,10.94,11.90,12.03,1545545,89555,5.8,0,0,0.0,1007,474,50,21.54,3.20,4.12,11.18,2465,1
2026-05-16 10:11:32,3.3,12.03,12.12,12.10,1545545,89590,5.8,0,0,0.0,1007,474,50,20.41,2.90,6.66,13.79,2478,7
2026-05-16 10:12:33,1.4,12.37,12.15,12.10,1545545,89549,5.8,0,0,0.0,1007,474,50,17.09,2.77,5.40,12.46,2494,1
2026-05-16 10:13:33,1.4,12.12,12.14,12.10,1545545,89518,5.8,0,0,0.0,1007,474,50,14.05,3.03,9.17,15.84,2489,5
2026-05-16 10:14:33,1.4,10.71,11.76,11.97,1545545,89520,5.8,0,0,0.0,1007,474,50,12.26,3.00,2.10,8.94,2477,3
2026-05-16 10:15:34,1.5,11.85,11.98,12.04,1545545,89566,5.8,0,0,0.0,1007,474,50,11.10,3.03,4.71,11.86,2485,2
2026-05-16 10:16:34,2.2,11.26,11.75,11.95,1545545,89586,5.8,0,0,0.0,1007,474,50,21.74,3.01,3.68,10.39,2480,7
2026-05-16 10:17:34,3.5,13.16,12.26,12.12,1545545,89586,5.8,0,0,0.0,1007,474,50,15.18,2.95,12.70,20.08,2484,5
2026-05-16 10:18:35,1.5,12.34,12.25,12.13,1545545,89554,5.8,0,0,0.0,1007,474,50,9.07,2.97,6.07,13.35,2484,8
2026-05-16 10:19:35,1.2,11.65,12.08,12.08,1545545,89575,5.8,0,0,0.0,1007,474,50,22.19,2.88,7.89,14.66,2481,6
2026-05-16 10:20:35,1.2,10.49,11.66,11.93,1545545,89608,5.8,0,0,0.0,1007,474,50,20.36,3.00,2.52,9.47,2486,6
2026-05-16 10:21:36,3.2,12.23,11.90,12.00,1545545,89649,5.8,0,0,0.0,1007,474,50,22.68,2.94,8.11,15.40,2470,3
2026-05-16 10:22:36,2.9,11.57,11.82,11.96,1545545,89612,5.8,0,0,0.0,1007,474,50,21.08,2.82,4.67,11.73,2470,4
2026-05-16 10:23:36,1.2,12.37,12.01,12.02,1545545,89596,5.8,0,0,0.0,1007,474,50,18.69,2.84,6.00,13.22,2467,7
2026-05-16 10:24:37,1.5,12.60,12.21,12.09,1545545,89634,5.8,0,0,0.0,1007,474,50,13.41,3.05,5.53,12.43,2475,3
2026-05-16 10:25:37,1.8,11.47,11.95,12.01,1545545,89635,5.8,0,0,0.0,1007,474,50,18.08,3.17,1.10,7.84,2490,1
2026-05-16 10:26:37,2.2,10.39,11.56,11.87,1545545,89670,5.8,0,0,0.0,1007,474,50,14.09,2.96,1.45,8.09,2495,4
2026-05-16 10:27:38,2.6,10.66,11.48,11.82,1545545,89620,5.8,0,0,0.0,1007,474,50,15.60,2.56,5.04,12.15,2489,1
2026-05-16 10:28:38,3.5,12.41,11.67,11.86,1545545,89630,5.8,0,0,0.0,1007,474,50,16.46,2.82,5.31,12.45,2497,4
2026-05-16 10:29:38,3.5,12.09,11.69,11.85,1545545,89643,5.8,0,0,0.0,1007,474,50,13.22,2.88,10.63,17.35,2499,5
2026-05-16 10:30:39,1.3,11.80,11.78,11.88,1545545,89637,5.8,0,0,0.0,1007,474,50,19.88,3.07,2.58,9.55,2485,4
2026-05-16 10:31:39,3.0,11.56,11.76,11.87,1545545,89692,5.8,0,0,0.0,1007,474,50,14.79,2.84,8.64,15.29,2486,7
2026-05-16 10:32:39,1.3,14.29,12.52,12.12,1545545,89629,5.8,0,0,0.0,1007,474,50,12.93,3.05,11.06,18.11,2487,4
2026-05-16 10:33:40,1.2,11.36,12.00,11.97,1545545,89620,5.8,0,0,0.0,1007,474,50,15.71,2.99,1.03,7.78,2491,8
2026-05-16 10:34:40,3.6,12.34,12.14,12.02,1545545,89505,5.8,0,0,0.0,1007,474,50,14.23,2.86,11.39,18.74,2484,22
2026-05-16 10:35:40,3.1,12.48,12.23,12.06,1545545,89528,5.8,0,0,0.0,1007,474,50,15.73,3.12,12.11,18.44,2502,4
2026-05-16 10:36:41,11.2,12.32,12.21,12.06,1545545,89472,5.8,0,0,0.0,1007,474,50,15.89,2.85,5.59,12.75,2485,4
2026-05-16 10:37:41,1.5,12.50,12.43,12.15,1545545,89441,5.8,0,0,0.0,1007,474,50,16.24,2.87,6.91,13.99,2483,2
2026-05-16 10:38:41,1.1,11.02,12.04,12.04,1545545,89509,5.8,0,0,0.0,1007,474,50,17.91,2.82,1.05,7.67,2491,2
2026-05-16 10:39:42,1.4,14.39,12.76,12.28,1545545,89526,5.8,0,0,0.0,1007,474,50,17.15,2.92,4.72,11.72,2485,4
2026-05-16 10:40:42,2.5,15.32,13.27,12.48,1545545,89559,5.8,0,0,0.0,1007,474,50,17.57,2.65,4.30,11.48,2470,3
2026-05-16 10:41:42,1.6,13.14,13.07,12.46,1545545,89542,5.8,0,0,0.0,1007,474,50,17.66,2.94,3.96,10.85,2482,5
2026-05-16 10:42:43,1.4,13.76,13.19,12.54,1545545,89509,5.8,0,0,0.0,1007,474,50,13.50,2.84,3.57,10.56,2481,2
2026-05-16 10:43:43,1.3,16.09,14.18,12.93,1545545,89470,5.8,0,0,0.0,1007,474,50,24.19,2.98,6.24,13.28,2469,2
2026-05-16 10:44:43,1.2,12.99,13.62,12.81,1545545,89548,5.8,0,0,0.0,1007,474,50,30.82,2.92,1.08,7.73,2477,8
2026-05-16 10:45:43,1.3,12.74,13.54,12.84,1545545,89568,5.8,0,0,0.0,1007,474,50,18.84,3.03,2.17,9.12,2471,1
2026-05-16 10:46:44,2.9,16.09,14.02,13.03,1545545,89585,5.8,0,0,0.0,1007,474,50,20.84,2.90,3.44,10.15,2473,4
2026-05-16 10:47:44,1.3,20.72,15.84,13.73,1545545,89554,5.8,0,0,0.0,1007,474,50,20.77,2.93,12.12,18.84,2486,1
2026-05-16 10:48:44,1.4,15.21,15.10,13.60,1545545,89542,5.8,0,0,0.0,1007,474,50,11.90,2.89,3.22,10.23,2486,7
2026-05-16 10:49:45,1.3,14.34,14.91,13.63,1545545,89435,5.8,0,0,0.0,1007,474,50,17.50,2.75,6.56,13.01,2488,4
2026-05-16 10:50:45,3.3,14.01,14.60,13.60,1545545,89480,5.8,0,0,0.0,1007,474,50,18.86,3.02,3.69,10.74,2498,4
2026-05-16 10:51:45,1.6,17.01,15.71,14.06,1545545,89604,5.8,0,0,0.0,1007,474,50,9.56,2.95,7.40,14.33,2495,2
2026-05-16 10:52:46,5.6,16.22,15.59,14.12,1545545,89583,5.8,0,0,0.0,1007,474,50,14.61,2.99,9.69,16.64,2484,6
2026-05-16 10:53:46,1.3,12.70,14.76,13.93,1545545,89532,5.8,0,0,0.0,1007,474,50,13.39,2.86,5.89,12.28,2475,3
2026-05-16 10:54:46,3.7,14.27,14.73,13.97,1545545,89585,5.8,0,0,0.0,1007,474,50,14.17,2.99,6.03,13.29,2459,23
2026-05-16 10:55:47,3.0,14.15,14.70,14.01,1545545,89571,5.8,0,0,0.0,1007,474,50,16.84,3.11,8.98,16.17,2456,5
2026-05-16 10:56:47,1.2,11.80,13.93,13.79,1545545,89560,5.8,0,0,0.0,1007,474,50,20.38,3.04,2.35,9.00,2452,6
2026-05-16 10:57:47,1.3,12.53,13.70,13.71,1545545,89629,5.8,0,0,0.0,1007,474,50,15.29,2.89,4.56,11.20,2466,6
2026-05-16 10:58:48,2.1,13.06,13.70,13.71,1545545,89628,5.8,0,0,0.0,1007,474,50,24.06,3.02,8.49,15.59,2472,1
2026-05-16 10:59:48,1.9,14.00,13.97,13.82,1545545,89657,5.8,0,0,0.0,1007,474,50,17.82,2.91,11.27,17.95,2474,3
2026-05-16 11:00:48,1.5,11.89,13.41,13.63,1545545,89646,5.8,0,0,0.0,1007,474,50,19.81,2.97,5.70,12.68,2496,6
2026-05-16 11:01:49,3.7,11.99,13.20,13.55,1545545,89624,5.8,0,0,0.0,1007,474,50,18.14,44.86,6.30,13.30,2487,6
2026-05-16 11:02:49,1.4,11.69,12.89,13.42,1545545,89544,5.8,0,0,0.0,1007,474,50,21.26,2.88,3.29,10.13,2479,1
2026-05-16 11:03:49,1.5,11.26,12.58,13.28,1545545,89646,5.8,0,0,0.0,1007,474,50,22.61,2.75,4.26,11.46,2487,5
2026-05-16 11:04:50,3.3,11.51,12.38,13.16,1545545,89658,5.8,0,0,0.0,1007,474,50,20.77,2.93,4.90,11.75,2471,7
2026-05-16 11:05:50,3.1,12.83,12.61,13.19,1545545,89680,5.8,0,0,0.0,1007,474,50,24.08,3.14,6.25,13.07,2466,12
2026-05-16 11:06:50,1.2,11.52,12.30,13.05,1545545,89652,5.8,0,0,0.0,1007,474,50,19.25,2.55,2.14,9.06,2470,8
2026-05-16 11:07:51,2.5,11.79,12.18,12.96,1545545,89611,5.8,0,0,0.0,1007,474,50,27.89,2.92,6.06,12.64,2469,2
2026-05-16 11:08:51,2.2,12.82,12.32,12.95,1545545,89543,5.8,0,0,0.0,1007,474,50,17.32,2.88,7.73,14.06,2463,3
2026-05-16 11:09:51,3.4,12.07,12.23,12.88,1545545,89552,5.8,0,0,0.0,1007,474,50,15.00,2.92,7.00,14.09,2463,7
2026-05-16 11:10:52,1.2,10.48,11.75,12.67,1545545,89537,5.8,0,0,0.0,1007,474,50,17.66,2.95,1.44,8.11,2459,4
2026-05-16 11:11:52,3.8,12.35,12.01,12.70,1545545,89565,5.8,0,0,0.0,1007,474,50,17.69,3.05,8.18,15.18,2459,8
2026-05-16 11:12:52,1.3,11.76,11.92,12.63,1545545,89539,5.8,0,0,0.0,1007,474,50,16.63,2.82,6.99,14.32,2461,3
2026-05-16 11:13:53,1.2,10.82,11.64,12.49,1545545,89485,5.8,0,0,0.0,1007,474,50,14.67,2.90,1.00,7.61,2465,1
2026-05-16 11:14:53,3.6,11.76,11.72,12.46,1545545,89476,5.8,0,0,0.0,1007,474,50,27.76,2.81,9.67,16.77,2460,5
2026-05-16 11:15:53,1.3,11.74,11.76,12.43,1545545,89461,5.8,0,0,0.0,1007,474,50,19.08,3.21,6.09,13.40,2458,7
2026-05-16 11:16:54,1.1,11.04,11.55,12.31,1545545,89567,5.8,0,0,0.0,1007,474,50,24.65,3.07,1.11,7.86,2452,5
2026-05-16 11:17:54,2.0,12.66,11.88,12.37,1545545,89570,5.8,0,0,0.0,1007,474,50,19.54,2.86,4.38,11.24,2456,2
2026-05-16 11:18:54,1.2,12.88,12.09,12.41,1545545,89552,5.8,0,0,0.0,1007,474,50,17.72,2.73,6.83,13.60,2447,6
2026-05-16 11:19:55,1.2,11.11,11.71,12.26,1545545,89513,5.8,0,0,0.0,1007,474,50,28.17,3.05,1.03,7.64,2449,4
2026-05-16 11:20:55,1.7,9.95,11.26,12.07,1545545,89495,5.8,0,0,0.0,1007,474,50,19.02,2.86,0.99,7.67,2451,2
2026-05-16 11:21:55,1.3,11.52,11.51,12.10,1545545,89503,5.8,0,0,0.0,1007,474,50,13.55,2.90,5.76,13.16,2465,7
2026-05-16 11:22:56,10.3,11.21,11.38,12.02,1545545,89571,5.8,0,0,0.0,1007,474,50,19.80,2.80,4.76,11.69,2464,21
2026-05-16 11:23:56,3.2,11.76,11.53,12.03,1545545,89590,5.8,0,0,0.0,1007,474,50,20.93,2.97,6.54,13.71,2466,8
2026-05-16 11:24:56,1.4,12.07,11.61,12.02,1545545,89612,5.8,0,0,0.0,1007,474,50,17.12,3.13,6.04,13.33,2465,9
2026-05-16 11:25:57,3.5,12.86,11.99,12.13,1545545,89595,5.8,0,0,0.0,1007,474,50,18.82,2.83,2.19,9.00,2474,11
2026-05-16 11:26:57,1.9,13.70,12.42,12.27,1545545,89621,5.8,0,0,0.0,1007,474,50,18.46,2.64,11.27,18.32,2461,1
2026-05-16 11:27:57,1.4,12.29,12.19,12.20,1545545,89591,5.8,0,0,0.0,1007,474,50,11.28,2.95,3.92,10.96,2458,8
2026-05-16 11:28:58,3.6,11.84,12.06,12.15,1545545,89584,5.8,0,0,0.0,1007,474,50,27.10,2.99,9.39,16.24,2464,10
2026-05-16 11:29:58,1.9,12.64,12.21,12.20,1545545,89597,5.8,0,0,0.0,1007,474,50,17.03,2.80,3.52,10.17,2463,16
2026-05-16 11:30:58,1.2,12.34,12.17,12.18,1545545,89611,5.8,0,0,0.0,1007,474,50,14.00,2.93,5.91,13.22,2454,6
2026-05-16 11:31:59,1.4,11.83,12.12,12.17,1545545,89630,5.8,0,0,0.0,1007,474,50,18.27,2.90,1.82,8.63,2452,4
2026-05-16 11:32:59,3.1,11.74,12.01,12.12,1545545,89649,5.8,0,0,0.0,1007,474,50,17.48,3.25,3.42,10.33,2456,5
2026-05-16 11:33:59,1.1,12.86,12.33,12.23,1545545,89655,5.8,0,0,0.0,1007,474,50,27.91,2.75,6.28,13.58,2453,3
2026-05-16 11:35:00,3.3,12.75,12.36,12.24,1545545,89675,5.8,0,0,0.0,1007,474,50,21.19,3.07,10.51,17.38,2467,4
2026-05-16 11:36:00,1.1,12.25,12.37,12.26,1545545,89569,5.8,0,0,0.0,1007,474,50,15.51,2.99,7.52,13.67,2472,1
2026-05-16 11:37:00,1.5,11.67,12.18,12.20,1545545,89539,5.8,0,0,0.0,1007,474,50,14.77,2.91,5.17,12.28,2480,4
2026-05-16 11:38:01,7.0,10.58,11.76,12.05,1545545,89628,5.8,0,0,0.0,1007,474,50,26.00,2.96,1.07,7.74,2470,6
2026-05-16 11:39:01,3.4,12.09,11.91,12.08,1545545,89651,5.8,0,0,0.0,1007,474,50,20.55,2.89,7.55,14.71,2469,8
2026-05-16 11:40:01,1.6,13.44,12.34,12.22,1545545,89638,5.8,0,0,0.0,1007,474,50,18.10,3.04,11.19,18.44,2462,5
2026-05-16 11:41:02,1.5,14.36,12.80,12.38,1545545,89656,5.8,0,0,0.0,1007,474,50,18.02,2.73,7.54,14.91,2464,2
2026-05-16 11:42:02,1.7,12.07,12.46,12.29,1545545,89614,5.8,0,0,0.0,1007,474,50,23.28,3.32,2.25,9.04,2470,4
2026-05-16 11:43:02,3.1,12.37,12.48,12.31,1545545,89631,5.8,0,0,0.0,1007,474,50,24.75,2.91,7.94,14.62,2471,3
2026-05-16 11:44:03,1.5,11.76,12.33,12.27,1545545,89680,5.8,0,0,0.0,1007,474,50,26.07,3.01,7.88,14.27,2464,4
2026-05-16 11:45:03,1.3,11.72,12.23,12.24,1545545,89673,5.8,0,0,0.0,1007,474,50,17.48,2.96,2.82,9.69,2461,2
2026-05-16 11:46:03,1.5,10.63,11.82,12.10,1545545,89605,5.8,0,0,0.0,1007,474,50,15.82,2.93,1.40,8.13,2449,3
2026-05-16 11:47:04,1.2,10.81,11.69,12.03,1545545,89702,5.8,0,0,0.0,1007,474,50,19.57,3.02,4.67,11.88,2446,2
2026-05-16 11:48:04,1.0,10.12,11.32,11.88,1545545,89589,5.8,0,0,0.0,1007,474,50,14.13,2.88,3.26,10.07,2464,7
2026-05-16 11:49:04,1.5,9.99,11.10,11.77,1545545,89564,5.8,0,0,0.0,1007,474,50,26.12,3.04,1.01,7.78,2469,1
2026-05-16 11:50:05,1.0,9.58,10.80,11.63,1545545,89605,5.8,0,0,0.0,1007,474,50,25.34,2.93,1.40,8.06,2465,3
2026-05-16 11:51:05,1.3,10.67,10.98,11.64,1545545,89601,5.8,0,0,0.0,1007,474,50,20.12,2.47,5.38,12.51,2472,19
2026-05-16 11:52:05,12.4,10.41,10.86,11.56,1545545,89530,5.8,0,0,0.0,1007,474,50,16.22,2.89,5.84,13.17,2470,23
2026-05-16 11:53:06,1.3,14.78,12.16,11.97,1545545,89569,5.8,0,0,0.0,1007,474,50,19.82,2.99,4.22,11.27,2457,6
2026-05-16 11:54:06,2.1,11.83,11.83,11.87,1545545,89559,5.8,0,0,0.0,1007,474,50,18.20,2.91,5.44,12.50,2461,4
2026-05-16 11:55:06,1.6,13.75,12.29,12.02,1545545,89633,5.8,0,0,0.0,1007,474,50,17.63,3.03,4.03,10.89,2459,2
2026-05-16 11:56:07,3.1,12.38,12.06,11.95,1545545,89648,5.8,0,0,0.0,1007,474,50,16.80,2.83,2.19,8.89,2450,21
2026-05-16 11:57:07,3.1,13.28,12.45,12.10,1545545,89662,5.8,0,0,0.0,1007,474,50,16.70,3.15,9.89,17.45,2457,4
2026-05-16 11:58:07,3.1,13.53,12.73,12.22,1545545,89668,5.8,0,0,0.0,1007,474,50,13.33,3.06,10.69,17.54,2459,8
2026-05-16 11:59:08,3.8,12.73,12.63,12.21,1545545,89659,5.8,0,0,0.0,1007,474,50,17.74,3.06,11.00,18.44,2462,5
2026-05-16 12:00:08,3.2,11.83,12.38,12.15,1545545,89673,5.8,0,0,0.0,1007,474,50,20.65,2.96,8.16,14.82,2462,5
2026-05-16 12:01:08,1.4,12.24,12.39,12.17,1545545,89622,5.8,0,0,0.0,1007,474,50,21.73,47.33,5.13,12.27,2475,8
2026-05-16 12:02:09,1.0,10.25,11.81,11.98,1545545,89585,5.8,0,0,0.0,1007,474,50,24.22,3.09,1.05,7.75,2469,1
2026-05-16 12:03:09,1.2,11.56,11.81,11.96,1545545,89564,5.8,0,0,0.0,1007,474,50,34.96,2.93,9.07,16.60,2473,4
2026-05-16 12:04:09,1.4,10.37,11.45,11.83,1545545,89621,5.8,0,0,0.0,1007,474,50,28.09,2.49,3.63,10.61,2461,8
2026-05-16 12:05:10,1.1,10.06,11.18,11.72,1545545,89660,5.8,0,0,0.0,1007,474,50,24.00,3.12,1.39,8.03,2467,1
2026-05-16 12:06:10,3.0,11.61,11.33,11.72,1545545,89687,5.8,0,0,0.0,1007,474,50,15.49,2.90,2.87,9.74,2468,6
2026-05-16 12:07:10,1.6,11.56,11.36,11.71,1545545,89693,5.8,0,0,0.0,1007,474,50,11.40,2.87,8.68,15.48,2458,2
2026-05-16 12:08:11,1.2,10.52,11.08,11.59,1545545,89664,5.8,0,0,0.0,1007,474,50,11.62,3.14,1.07,7.84,2449,4
2026-05-16 12:09:11,1.2,10.46,10.97,11.52,1545545,89696,5.8,0,0,0.0,1007,474,50,12.79,2.85,2.14,8.85,2460,4
2026-05-16 12:10:11,1.4,10.95,10.99,11.49,1545545,89727,5.8,0,0,0.0,1007,474,50,11.58,3.04,0.97,7.73,2463,1
2026-05-16 12:11:12,3.2,10.93,10.97,11.45,1545545,89744,5.8,0,0,0.0,1007,474,50,33.43,2.78,4.55,11.56,2462,6
2026-05-16 12:12:12,3.2,9.99,10.70,11.33,1545545,89747,5.8,0,0,0.0,1007,474,50,25.36,3.00,1.50,8.17,2465,4
2026-05-16 12:13:12,1.4,9.78,10.53,11.22,1545545,89709,5.8,0,0,0.0,1007,474,50,15.19,3.03,2.54,9.53,2452,8
2026-05-16 12:14:13,3.1,9.79,10.36,11.12,1545545,89742,5.8,0,0,0.0,1007,474,50,17.29,2.82,2.45,9.24,2454,13
2026-05-16 12:15:13,3.5,11.92,10.75,11.20,1545545,89758,5.8,0,0,0.0,1007,474,50,18.54,3.11,8.53,15.88,2462,4
2026-05-16 12:16:13,1.5,11.99,10.99,11.25,1545545,89760,5.8,0,0,0.0,1007,474,50,12.53,2.97,10.35,18.02,2469,5
2026-05-16 12:17:14,1.2,11.81,11.14,11.29,1545545,89749,5.8,0,0,0.0,1007,474,50,15.21,2.91,4.63,11.69,2460,1
2026-05-16 12:18:14,1.9,11.34,11.13,11.27,1545545,89750,5.8,0,0,0.0,1007,474,50,19.47,2.93,4.75,11.84,2467,4
2026-05-16 12:19:14,1.2,10.53,10.96,11.21,1545545,89669,5.8,0,0,0.0,1007,474,50,18.97,2.85,3.51,10.65,2462,1
2026-05-16 12:20:15,1.3,10.71,10.96,11.19,1545545,89667,5.8,0,0,0.0,1007,474,50,18.09,2.98,1.02,7.64,2448,7
2026-05-16 12:21:15,3.5,11.20,11.05,11.20,1545545,89730,5.8,0,0,0.0,1007,474,50,22.06,2.87,1.90,8.65,2446,7
2026-05-16 12:22:15,1.7,10.61,10.99,11.18,1545545,89719,5.8,0,0,0.0,1007,474,50,21.75,2.76,4.09,11.19,2455,3
2026-05-16 12:23:16,5.2,13.08,11.46,11.32,1545545,89751,5.8,0,0,0.0,1007,474,50,20.59,2.57,6.35,13.50,2463,5
2026-05-16 12:24:16,4.1,14.44,12.14,11.56,1545545,89665,5.8,0,0,0.0,1007,474,50,17.34,3.00,3.78,10.69,2461,4
2026-05-16 12:25:16,2.2,13.60,12.29,11.65,1545545,89624,5.8,0,0,0.0,1007,474,50,16.74,3.07,8.69,15.65,2471,1
2026-05-16 12:26:17,1.8,16.62,13.50,12.11,1545545,89574,5.8,0,0,0.0,1007,474,50,15.64,2.84,4.25,11.16,2466,2
2026-05-16 12:27:17,0.9,12.44,12.85,11.97,1545545,89533,5.8,0,0,0.0,1007,474,50,15.88,3.03,1.10,7.73,2458,2
2026-05-16 12:28:17,3.2,15.60,13.47,12.23,1545545,89660,5.8,0,0,0.0,1007,474,50,21.66,3.03,5.26,12.26,2453,9
2026-05-16 12:29:18,1.7,12.92,13.13,12.19,1545545,89607,5.8,0,0,0.0,1007,474,50,17.94,2.90,2.13,8.85,2453,1
2026-05-16 12:30:18,1.7,14.64,13.64,12.43,1545545,89627,5.8,0,0,0.0,1007,474,50,21.98,3.04,5.15,12.03,2447,3
2026-05-16 12:31:18,1.6,16.73,14.52,12.81,1545545,89654,5.8,0,0,0.0,1007,474,50,18.82,2.90,9.37,16.44,2456,2
2026-05-16 12:32:19,1.1,12.43,13.71,12.64,1545545,89610,5.8,0,0,0.0,1007,474,50,15.93,2.89,0.98,7.65,2472,3
2026-05-16 12:33:19,3.1,14.15,13.80,12.73,1545545,89549,5.8,0,0,0.0,1007,474,50,17.05,3.02,3.66,10.53,2474,9
2026-05-16 12:34:19,1.0,12.97,13.65,12.75,1545545,89658,5.8,0,0,0.0,1007,474,50,23.15,2.96,10.49,16.43,2466,4
2026-05-16 12:35:20,2.9,14.00,13.77,12.85,1545545,89699,5.8,0,0,0.0,1007,474,50,23.54,3.07,7.71,14.32,2478,3
2026-05-16 12:36:20,1.1,12.39,13.43,12.79,1545545,89666,5.8,0,0,0.0,1007,474,50,24.48,2.96,7.21,14.32,2479,3
2026-05-16 12:37:20,3.3,14.16,13.76,12.94,1545545,89680,5.8,0,0,0.0,1007,474,50,20.69,2.84,9.52,16.74,2474,16
2026-05-16 12:38:21,1.6,14.00,13.79,13.01,1545545,89631,5.8,0,0,0.0,1007,474,50,13.34,2.97,10.77,17.49,2483,1
2026-05-16 12:39:21,2.9,12.51,13.37,12.91,1545545,89589,5.8,0,0,0.0,1007,474,50,19.84,2.93,3.00,10.01,2487,2
2026-05-16 12:40:21,3.2,14.00,13.66,13.04,1545545,89621,5.8,0,0,0.0,1007,474,50,21.15,2.84,7.78,15.33,2474,4
2026-05-16 12:41:22,1.4,12.48,13.24,12.93,1545545,89716,5.8,0,0,0.0,1007,474,50,19.70,2.87,4.26,11.17,2478,3
2026-05-16 12:42:22,4.4,11.76,12.88,12.82,1545545,89720,5.8,0,0,0.0,1007,474,50,21.71,2.73,4.03,10.83,2474,5
2026-05-16 12:43:22,3.3,11.26,12.51,12.70,1545545,89679,5.8,0,0,0.0,1007,474,50,16.23,3.06,3.76,10.62,2476,7
2026-05-16 12:44:23,3.1,14.55,13.25,12.94,1545545,89665,5.8,0,0,0.0,1007,474,50,17.55,2.88,12.09,19.99,2481,3
2026-05-16 12:45:23,1.1,11.72,12.69,12.77,1545545,89686,5.8,0,0,0.0,1007,474,50,21.82,3.08,6.15,13.06,2478,3
2026-05-16 12:46:23,1.0,12.16,12.69,12.77,1545545,89662,5.8,0,0,0.0,1007,474,50,23.79,3.01,6.44,13.25,2465,5
2026-05-16 12:47:24,3.0,11.76,12.45,12.68,1545545,89774,5.8,0,0,0.0,1007,474,50,18.30,2.82,3.48,10.40,2460,7
2026-05-16 12:48:24,1.1,12.42,12.62,12.72,1545545,89771,5.8,0,0,0.0,1007,474,50,27.14,2.94,8.08,15.37,2460,3
2026-05-16 12:49:24,1.2,10.64,12.07,12.53,1545545,89685,5.8,0,0,0.0,1007,474,50,17.87,2.96,1.79,8.82,2465,3
2026-05-16 12:50:25,1.3,9.67,11.52,12.31,1545545,89766,5.8,0,0,0.0,1007,474,50,15.54,3.05,1.05,7.65,2466,6
2026-05-16 12:51:25,3.1,10.98,11.51,12.25,1545545,89739,5.8,0,0,0.0,1007,474,50,20.97,2.75,5.55,12.55,2465,10
2026-05-16 12:52:25,1.5,12.59,11.75,12.28,1545545,89717,5.8,0,0,0.0,1007,474,50,17.25,2.88,2.80,9.66,2461,3
2026-05-16 12:53:26,1.2,12.37,11.84,12.28,1545545,89749,5.8,0,0,0.0,1007,474,50,21.68,3.00,5.34,12.51,2447,4
2026-05-16 12:54:26,1.9,11.66,11.73,12.21,1545545,89783,5.8,0,0,0.0,1007,474,50,23.09,2.99,5.03,11.98,2445,9
2026-05-16 12:55:26,2.9,12.72,12.00,12.27,1545545,89802,5.8,0,0,0.0,1007,474,50,24.03,2.90,5.77,12.83,2453,9
2026-05-16 12:56:27,1.6,11.68,11.82,12.19,1545545,89810,5.8,0,0,0.0,1007,474,50,17.23,3.01,3.60,10.34,2458,1
2026-05-16 12:57:27,1.6,11.17,11.62,12.09,1545545,89798,5.8,0,0,0.0,1007,474,50,17.32,2.99,2.14,8.84,2456,6
2026-05-16 12:58:27,2.1,12.11,11.86,12.15,1545545,89798,5.8,0,0,0.0,1007,474,50,16.34,2.96,6.53,13.79,2465,3
2026-05-16 12:59:28,2.4,11.31,11.71,12.08,1545545,89797,5.8,0,0,0.0,1007,474,50,22.13,2.93,2.54,9.45,2463,10
2026-05-16 13:00:28,4.2,10.48,11.40,11.95,1545545,89844,5.8,0,0,0.0,1007,474,50,19.00,2.71,1.55,8.25,2465,7
2026-05-16 13:01:28,1.3,14.82,12.49,12.29,1545545,89682,5.8,0,0,0.0,1007,474,50,14.30,44.89,6.92,13.83,2460,2
2026-05-16 13:02:29,3.0,15.27,13.08,12.51,1545545,89675,5.8,0,0,0.0,1007,474,50,24.42,2.72,9.44,16.76,2467,4
2026-05-16 13:03:29,1.3,12.78,12.79,12.45,1545545,89621,5.8,0,0,0.0,1007,474,50,26.14,2.89,4.99,11.63,2462,6
2026-05-16 13:04:29,1.7,12.60,12.81,12.48,1545545,89696,5.8,0,0,0.0,1007,474,50,20.00,3.09,10.05,16.92,2458,4
2026-05-16 13:05:30,1.4,13.77,13.50,12.76,1545545,89722,5.8,0,0,0.0,1007,474,50,19.89,3.03,5.38,12.67,2474,2
2026-05-16 13:06:30,2.9,11.16,12.80,12.57,1545545,89735,5.8,0,0,0.0,1007,474,50,19.41,2.76,1.77,8.46,2474,24
2026-05-16 13:07:30,11.6,11.07,12.50,12.48,1545545,89715,5.8,0,0,0.0,1007,474,50,24.65,3.69,5.34,12.62,2471,25
2026-05-16 13:08:31,1.6,10.32,12.05,12.32,1545545,89719,5.8,0,0,0.0,1007,474,50,17.99,3.62,1.35,8.05,2479,4
2026-05-16 13:09:31,1.5,10.53,11.82,12.23,1545545,89591,5.8,0,0,0.0,1007,474,50,17.53,2.84,1.07,7.79,2469,2
2026-05-16 13:10:32,1.5,12.31,12.01,12.26,1545545,89606,5.8,0,0,0.0,1007,474,50,23.87,3.06,8.55,15.05,2461,3
2026-05-16 13:11:32,1.3,11.72,11.86,12.19,1545545,89715,5.8,0,0,0.0,1007,474,50,15.53,3.04,1.05,7.64,2461,4
2026-05-16 13:12:32,3.5,12.38,11.99,12.21,1545545,89720,5.8,0,0,0.0,1007,474,50,15.65,2.96,7.12,13.94,2451,4
2026-05-16 13:13:33,1.4,11.24,11.75,12.12,1545545,89727,5.8,0,0,0.0,1007,474,50,14.52,2.99,4.34,10.63,2453,6
2026-05-16 13:14:33,1.4,11.84,11.86,12.13,1545545,89737,5.8,0,0,0.0,1007,474,50,13.69,2.85,2.18,9.02,2450,1
2026-05-16 13:15:33,1.4,13.31,12.17,12.21,1545545,89768,5.8,0,0,0.0,1007,474,50,16.01,3.08,4.66,11.73,2460,3
2026-05-16 13:16:34,1.3,12.19,11.97,12.13,1545545,89789,5.8,0,0,0.0,1007,474,50,18.84,2.61,2.47,9.37,2447,2
2026-05-16 13:17:34,1.3,11.77,11.87,12.09,1545545,89714,5.8,0,0,0.0,1007,474,50,12.14,2.80,1.01,7.61,2446,2
2026-05-16 13:18:34,1.4,11.33,11.73,12.03,1545545,89731,5.8,0,0,0.0,1007,474,50,20.33,2.89,2.08,8.86,2448,2
2026-05-16 13:19:35,1.3,14.05,12.48,12.27,1545545,89762,5.8,0,0,0.0,1007,474,50,18.91,2.94,10.90,18.27,2473,2
2026-05-16 13:20:35,3.2,12.09,12.15,12.16,1545545,89783,5.8,0,0,0.0,1007,474,50,12.09,2.98,4.35,11.41,2479,15
2026-05-16 13:21:35,2.9,12.29,12.11,12.15,1545545,89773,5.8,0,0,0.0,1007,474,50,22.07,2.91,7.33,14.36,2487,4
2026-05-16 13:22:36,1.3,12.88,12.43,12.26,1545545,89743,5.8,0,0,0.0,1007,474,50,19.67,2.98,6.39,13.73,2486,3
2026-05-16 13:23:36,3.6,11.18,12.00,12.12,1545545,89803,5.8,0,0,0.0,1007,474,50,14.10,2.88,2.04,8.82,2487,6
2026-05-16 13:24:36,1.1,11.38,11.91,12.08,1545545,89779,5.8,0,0,0.0,1007,474,50,20.91,2.87,4.72,11.92,2485,3
2026-05-16 13:25:37,3.3,12.00,11.89,12.06,1545545,89808,5.8,0,0,0.0,1007,474,50,15.42,3.14,7.47,14.72,2461,10
2026-05-16 13:26:37,2.0,18.67,13.99,12.77,1545545,89735,5.8,0,0,0.0,1007,474,50,15.18,2.91,6.73,13.90,2468,2
2026-05-16 13:27:37,2.8,14.57,13.63,12.73,1545545,89745,5.8,0,0,0.0,1007,474,50,15.40,3.07,9.98,16.78,2474,4
2026-05-16 13:28:38,1.2,14.11,13.69,12.80,1545545,89807,5.8,0,0,0.0,1007,474,50,17.23,2.83,10.00,15.69,2471,2
2026-05-16 13:29:38,1.2,12.72,13.34,12.74,1545545,89798,5.8,0,0,0.0,1007,474,50,15.42,2.98,6.06,13.51,2481,4
2026-05-16 13:30:38,1.4,12.81,13.30,12.76,1545545,89843,5.8,0,0,0.0,1007,474,50,14.15,3.00,5.00,12.06,2484,1
2026-05-16 13:31:38,3.2,11.86,12.90,12.66,1545545,89860,5.8,0,0,0.0,1007,474,50,12.57,2.94,4.52,11.60,2469,15
2026-05-16 13:32:39,1.2,11.40,12.57,12.56,1545545,89810,5.8,0,0,0.0,1007,474,50,24.27,2.90,8.83,16.28,2469,2
2026-05-16 13:33:39,1.1,12.54,12.71,12.61,1545545,89736,5.8,0,0,0.0,1007,474,50,23.75,2.63,9.33,16.96,2462,2
2026-05-16 13:34:39,1.7,11.31,12.31,12.47,1545545,89748,5.8,0,0,0.0,1007,474,50,21.75,3.05,2.16,9.12,2460,3
2026-05-16 13:35:40,3.0,11.51,12.14,12.40,1545545,89862,5.8,0,0,0.0,1007,474,50,24.40,3.13,6.50,13.68,2464,19
2026-05-16 13:36:40,1.5,12.15,12.17,12.39,1545545,89851,5.8,0,0,0.0,1007,474,50,18.60,2.88,2.95,9.73,2456,2
2026-05-16 13:37:40,11.9,11.62,11.93,12.29,1545545,89752,5.8,0,0,0.0,1007,474,50,16.39,2.84,6.17,13.01,2443,23
2026-05-16 13:38:41,3.2,12.68,12.20,12.36,1545545,89751,5.8,0,0,0.0,1007,474,50,18.90,2.91,11.94,18.85,2449,6
2026-05-16 13:39:41,3.3,12.24,12.12,12.32,1545545,89715,5.8,0,0,0.0,1007,474,50,23.07,2.88,6.18,13.10,2453,5
2026-05-16 13:40:41,3.1,12.98,12.28,12.36,1545545,89754,5.8,0,0,0.0,1007,474,50,21.41,3.03,4.80,12.19,2460,4
2026-05-16 13:41:42,3.4,10.97,11.83,12.20,1545545,89744,5.8,0,0,0.0,1007,474,50,18.23,2.91,2.01,8.64,2467,7
2026-05-16 13:42:42,2.7,12.91,12.24,12.32,1545545,89740,5.8,0,0,0.0,1007,474,50,15.48,3.09,10.85,17.53,2470,4
2026-05-16 13:43:42,1.2,11.79,12.02,12.23,1545545,89738,5.8,0,0,0.0,1007,474,50,21.08,2.71,1.05,7.72,2470,4
2026-05-16 13:44:43,1.3,10.94,11.71,12.11,1545545,89765,5.8,0,0,0.0,1007,474,50,22.07,2.98,1.06,7.73,2450,2
2026-05-16 13:45:43,5.0,11.68,11.66,12.06,1545545,89811,5.8,0,0,0.0,1007,474,50,14.69,3.07,3.46,10.58,2475,9
2026-05-16 13:46:43,3.3,11.68,11.71,12.06,1545545,89816,5.8,0,0,0.0,1007,474,50,22.72,2.80,6.59,13.63,2464,5
2026-05-16 13:47:44,1.2,11.64,11.83,12.08,1545545,89784,5.8,0,0,0.0,1007,474,50,15.97,2.84,4.18,11.01,2468,4
2026-05-16 13:48:44,1.6,12.31,11.92,12.10,1545545,89797,5.8,0,0,0.0,1007,474,50,17.59,2.86,7.46,14.38,2481,1
2026-05-16 13:49:44,1.1,12.81,12.47,12.29,1545545,89774,5.8,0,0,0.0,1007,474,50,14.72,2.94,1.04,7.78,2462,7
2026-05-16 13:50:45,1.4,12.25,12.37,12.27,1545545,89803,5.8,0,0,0.0,1007,474,50,13.33,2.93,5.01,12.28,2452,4
2026-05-16 13:51:45,1.3,12.81,12.55,12.34,1545545,89811,5.8,0,0,0.0,1007,474,50,12.37,2.84,8.22,15.06,2467,2
2026-05-16 13:52:45,11.8,10.99,12.08,12.19,1545545,89796,5.8,0,0,0.0,1007,474,50,16.98,2.82,1.05,7.82,2462,20
2026-05-16 13:53:46,7.0,13.29,12.69,12.40,1545545,89797,5.8,0,0,0.0,1007,474,50,16.28,2.87,7.15,14.58,2459,4
2026-05-16 13:54:46,2.0,12.35,12.51,12.36,1545545,89780,5.8,0,0,0.0,1007,474,50,16.53,2.85,3.81,10.72,2469,3
2026-05-16 13:55:46,1.4,11.31,12.18,12.25,1545545,89725,5.8,0,0,0.0,1007,474,50,22.11,3.22,8.02,14.38,2454,2
2026-05-16 13:56:47,1.1,11.86,12.21,12.26,1545545,89762,5.8,0,0,0.0,1007,474,50,20.27,2.73,8.34,15.06,2466,8
2026-05-16 13:57:47,1.5,10.90,11.82,12.12,1545545,89820,5.8,0,0,0.0,1007,474,50,18.28,2.80,4.61,11.71,2481,3
2026-05-16 13:58:47,3.3,11.10,11.67,12.05,1545545,89864,5.8,0,0,0.0,1007,474,50,25.54,2.90,3.60,10.70,2463,7
2026-05-16 13:59:48,1.6,10.95,11.57,11.99,1545545,89856,5.8,0,0,0.0,1007,474,50,19.19,2.90,5.94,13.19,2465,5
2026-05-16 14:00:48,1.0,11.83,11.64,11.98,1545545,89887,5.8,0,0,0.0,1007,474,50,18.42,3.30,2.92,9.86,2480,8
2026-05-16 14:01:48,1.4,11.29,11.56,11.93,1545545,89878,5.8,0,0,0.0,1007,474,50,17.93,44.90,6.08,13.36,2460,1
2026-05-16 14:02:49,3.4,11.46,11.47,11.87,1545545,89888,5.8,0,0,0.0,1007,474,50,23.96,3.02,2.59,9.46,2452,7
2026-05-16 14:03:49,1.5,11.95,11.79,11.97,1545545,89857,5.8,0,0,0.0,1007,474,50,21.61,2.95,3.79,10.71,2462,9
2026-05-16 14:04:49,1.9,13.14,12.27,12.13,1545545,89884,5.8,0,0,0.0,1007,474,50,19.45,2.91,10.71,18.73,2467,2
2026-05-16 14:05:50,1.2,13.01,12.25,12.12,1545545,89889,5.8,0,0,0.0,1007,474,50,13.43,3.05,5.81,13.05,2458,4
2026-05-16 14:06:50,1.4,11.16,11.83,11.98,1545545,89911,5.8,0,0,0.0,1007,474,50,17.53,2.93,1.41,8.06,2465,6
2026-05-16 14:07:50,1.5,11.33,11.76,11.95,1545545,89892,5.8,0,0,0.0,1007,474,50,14.19,2.95,2.77,9.77,2477,4
2026-05-16 14:08:51,1.1,11.18,11.68,11.91,1545545,89906,5.8,0,0,0.0,1007,474,50,18.41,2.91,5.30,12.50,2469,3
2026-05-16 14:09:51,3.4,14.06,12.43,12.16,1545545,89912,5.8,0,0,0.0,1007,474,50,15.21,2.42,7.89,15.30,2462,7
2026-05-16 14:10:51,1.4,13.92,12.70,12.27,1545545,89919,5.8,0,0,0.0,1007,474,50,15.23,3.17,5.08,12.38,2469,2
2026-05-16 14:11:52,1.4,12.15,12.39,12.19,1545545,89920,5.8,0,0,0.0,1007,474,50,26.17,2.90,1.11,7.65,2464,2
2026-05-16 14:12:52,1.7,14.62,12.98,12.40,1545545,89905,5.8,0,0,0.0,1007,474,50,43.94,2.82,2.10,8.88,2462,6
2026-05-16 14:13:52,3.5,18.33,14.42,12.93,1545545,89806,5.8,0,0,0.0,1007,474,50,24.79,2.91,8.17,15.44,2463,11
2026-05-16 14:14:53,1.2,14.56,14.27,12.99,1545545,89776,5.8,0,0,0.0,1007,474,50,17.60,2.98,2.74,9.57,2451,2
2026-05-16 14:15:53,1.5,11.25,13.37,12.76,1545545,89814,5.8,0,0,0.0,1007,474,50,12.62,3.13,1.07,7.83,2452,2
2026-05-16 14:16:53,3.3,14.32,13.93,12.99,1545545,89842,5.8,0,0,0.0,1007,474,50,23.28,2.85,9.05,16.70,2459,6
2026-05-16 14:17:54,1.3,12.16,13.46,12.89,1545545,89817,5.8,0,0,0.0,1007,474,50,17.39,2.97,2.46,9.23,2438,5
2026-05-16 14:18:54,3.0,14.82,13.95,13.09,1545545,89836,5.8,0,0,0.0,1007,474,50,14.92,2.87,5.90,13.14,2463,8
2026-05-16 14:19:54,1.3,13.62,13.89,13.13,1545545,89807,5.8,0,0,0.0,1007,474,50,31.33,2.88,10.55,16.54,2469,5
2026-05-16 14:20:55,1.3,10.60,12.98,12.87,1545545,89846,5.8,0,0,0.0,1007,474,50,22.16,3.04,1.09,7.85,2475,2
2026-05-16 14:21:55,1.5,12.57,13.17,12.94,1545545,89854,5.8,0,0,0.0,1007,474,50,13.43,3.00,7.13,14.51,2473,19
2026-05-16 14:22:55,1.5,13.83,13.41,13.04,1545545,89791,5.8,0,0,0.0,1007,474,50,20.69,2.91,11.63,19.40,2495,1
2026-05-16 14:23:56,8.9,13.50,13.39,13.05,1545545,89793,5.8,0,0,0.0,1007,474,50,18.18,2.73,5.32,12.53,2467,18
2026-05-16 14:24:56,1.1,13.73,13.50,13.12,1545545,89789,5.8,0,0,0.0,1007,474,50,12.93,3.11,7.13,14.50,2468,2
2026-05-16 14:25:56,3.3,11.97,13.02,12.97,1545545,89772,5.8,0,0,0.0,1007,474,50,19.25,2.94,2.21,9.20,2461,8
2026-05-16 14:26:57,3.1,12.86,13.08,13.00,1545545,89840,5.8,0,0,0.0,1007,474,50,16.09,3.00,6.89,14.27,2449,4
2026-05-16 14:27:57,3.4,13.24,13.25,13.07,1545545,89833,5.8,0,0,0.0,1007,474,50,9.76,2.91,7.17,13.86,2444,6
2026-05-16 14:28:57,1.6,12.68,13.11,13.03,1545545,89836,5.8,0,0,0.0,1007,474,50,17.32,2.73,6.05,12.60,2455,4
2026-05-16 14:29:58,1.8,12.30,12.93,12.97,1545545,89840,5.8,0,0,0.0,1007,474,50,21.03,2.92,3.51,10.50,2465,4
2026-05-16 14:30:58,1.1,10.97,12.43,12.79,1545545,89856,5.8,0,0,0.0,1007,474,50,18.67,2.96,1.09,7.81,2472,4
2026-05-16 14:31:58,3.2,11.20,12.20,12.69,1545545,89901,5.8,0,0,0.0,1007,474,50,19.41,2.93,1.93,8.83,2477,10
2026-05-16 14:32:59,1.9,12.75,12.57,12.79,1545545,89877,5.8,0,0,0.0,1007,474,50,20.06,3.19,5.98,12.95,2470,3
2026-05-16 14:33:59,3.1,14.58,13.20,13.00,1545545,89869,5.8,0,0,0.0,1007,474,50,16.59,2.75,12.02,19.17,2475,8
2026-05-16 14:34:59,3.3,13.56,13.13,12.99,1545545,89868,5.8,0,0,0.0,1007,474,50,20.51,2.94,8.25,15.51,2466,5
2026-05-16 14:36:00,1.0,12.54,13.08,12.99,1545545,89912,5.8,0,0,0.0,1007,474,50,13.44,3.02,4.95,12.00,2473,2
2026-05-16 14:37:00,1.1,11.12,12.60,12.83,1545545,89918,5.8,0,0,0.0,1007,474,50,18.19,3.03,1.05,7.74,2471,7
2026-05-16 14:38:00,3.4,10.90,12.22,12.68,1545545,89926,5.8,0,0,0.0,1007,474,50,15.15,2.81,3.76,10.82,2469,4
2026-05-16 14:39:01,1.5,12.76,12.51,12.75,1545545,89912,5.8,0,0,0.0,1007,474,50,15.07,2.86,8.38,15.90,2467,3
2026-05-16 14:40:01,1.3,10.59,11.92,12.53,1545545,89914,5.8,0,0,0.0,1007,474,50,17.12,3.04,1.03,7.64,2456,5
2026-05-16 14:41:01,1.1,10.25,11.58,12.38,1545545,89931,5.8,0,0,0.0,1007,474,50,13.90,2.97,2.14,9.06,2449,3
2026-05-16 14:42:02,3.2,11.78,11.66,12.34,1545545,89955,5.8,0,0,0.0,1007,474,50,16.76,2.88,6.05,12.84,2445,8
2026-05-16 14:43:02,2.5,13.15,12.20,12.49,1545545,89913,5.8,0,0,0.0,1007,474,50,16.83,3.00,6.49,13.73,2466,1
2026-05-16 14:44:02,1.3,12.16,12.11,12.44,1545545,89917,5.8,0,0,0.0,1007,474,50,14.33,2.87,3.95,11.02,2461,6
2026-05-16 14:45:03,2.3,11.40,11.85,12.33,1545545,89912,5.8,0,0,0.0,1007,474,50,19.09,3.07,2.47,9.24,2473,3
2026-05-16 14:46:03,1.9,11.85,11.91,12.32,1545545,89953,5.8,0,0,0.0,1007,474,50,13.60,3.02,11.00,16.92,2477,4
2026-05-16 14:47:03,2.1,12.84,12.14,12.37,1545545,89976,5.8,0,0,0.0,1007,474,50,11.36,2.91,4.00,10.90,2475,2
2026-05-16 14:48:04,1.3,12.85,12.35,12.43,1545545,89869,5.8,0,0,0.0,1007,474,50,14.86,2.84,8.38,15.46,2462,3
2026-05-16 14:49:04,1.6,14.31,12.89,12.61,1545545,89818,5.8,0,0,0.0,1007,474,50,22.65,2.89,1.74,8.46,2459,4
2026-05-16 14:50:04,1.4,11.75,12.42,12.47,1545545,89822,5.8,0,0,0.0,1007,474,50,21.38,2.65,2.10,9.03,2458,4
2026-05-16 14:51:05,1.3,11.11,12.15,12.37,1545545,89813,5.8,0,0,0.0,1007,474,50,20.69,3.05,5.61,12.37,2452,2
2026-05-16 14:52:05,1.1,10.81,11.89,12.27,1545545,89823,5.8,0,0,0.0,1007,474,50,22.38,2.87,1.07,7.83,2459,4
2026-05-16 14:53:05,1.3,9.99,11.46,12.09,1545545,89782,5.8,0,0,0.0,1007,474,50,22.58,2.85,1.05,7.73,2451,3
2026-05-16 14:54:06,1.3,9.56,11.06,11.91,1545545,89749,5.8,0,0,0.0,1007,474,50,27.33,2.95,1.04,7.68,2449,1
2026-05-16 14:55:06,1.3,10.21,11.01,11.84,1545545,89827,5.8,0,0,0.0,1007,474,50,30.37,2.97,3.16,10.08,2452,6
2026-05-16 14:56:06,2.7,10.89,11.04,11.80,1545545,89799,5.8,0,0,0.0,1007,474,50,22.97,2.96,4.02,10.91,2455,4
2026-05-16 14:57:07,1.3,12.56,11.51,11.92,1545545,89804,5.8,0,0,0.0,1007,474,50,20.81,2.87,11.33,18.52,2448,2
2026-05-16 14:58:07,1.7,11.56,11.42,11.86,1545545,89844,5.8,0,0,0.0,1007,474,50,16.17,3.01,1.41,8.05,2465,3
2026-05-16 14:59:07,3.6,11.30,11.39,11.82,1545545,89870,5.8,0,0,0.0,1007,474,50,29.61,2.92,5.69,12.74,2464,6
2026-05-16 15:00:08,3.2,13.39,11.81,11.93,1545545,89849,5.8,0,0,0.0,1007,474,50,23.82,3.04,4.85,11.91,2462,10
2026-05-16 15:01:08,1.2,12.16,11.74,11.90,1545545,89831,5.8,0,0,0.0,1007,474,50,30.81,46.93,5.24,11.82,2471,2
2026-05-16 15:02:09,1.6,11.51,11.65,11.86,1545545,89822,5.8,0,0,0.0,1007,474,50,24.11,3.06,4.40,11.57,2464,12
2026-05-16 15:03:09,1.5,10.48,11.38,11.76,1545545,89754,5.8,0,0,0.0,1007,474,50,18.34,2.97,2.50,9.27,2456,3
2026-05-16 15:04:09,3.1,12.58,11.74,11.85,1545545,89869,5.8,0,0,0.0,1007,474,50,24.30,2.94,7.79,15.33,2452,7
2026-05-16 15:05:10,1.5,15.75,12.70,12.17,1545545,89861,5.8,0,0,0.0,1007,474,50,22.52,2.96,7.13,14.72,2440,2
2026-05-16 15:06:10,1.2,14.53,12.92,12.28,1545545,89863,5.8,0,0,0.0,1007,474,50,18.60,2.87,6.76,14.13,2438,1
2026-05-16 15:07:10,3.1,14.22,13.09,12.38,1545545,89872,5.8,0,0,0.0,1007,474,50,36.40,3.06,10.88,17.33,2456,8
2026-05-16 15:08:11,1.3,12.51,12.91,12.37,1545545,89800,5.8,0,0,0.0,1007,474,50,27.05,3.23,5.56,11.91,2461,3
2026-05-16 15:09:11,1.0,10.79,12.34,12.20,1545545,89758,5.8,0,0,0.0,1007,474,50,44.33,2.74,1.00,7.66,2465,1
2026-05-16 15:10:11,1.6,11.35,12.32,12.21,1545545,89762,5.8,0,0,0.0,1007,474,50,19.13,2.74,6.51,12.99,2462,3
2026-05-16 15:11:12,3.3,11.40,12.13,12.15,1545545,89921,5.8,0,0,0.0,1007,474,50,19.43,2.93,1.26,7.99,2472,7
2026-05-16 15:12:12,1.2,10.99,11.93,12.08,1545545,89948,5.8,0,0,0.0,1007,474,50,17.17,3.02,5.23,11.82,2459,7
2026-05-16 15:13:12,3.5,11.24,11.80,12.02,1545545,89920,5.8,0,0,0.0,1007,474,50,13.71,2.95,4.16,11.22,2457,6
2026-05-16 15:14:13,1.0,9.95,11.33,11.84,1545545,89912,5.8,0,0,0.0,1007,474,50,12.41,2.90,1.52,8.26,2453,4
2026-05-16 15:15:13,3.7,11.87,11.69,11.94,1545545,89973,5.8,0,0,0.0,1007,474,50,15.88,3.17,9.92,16.68,2469,10
2026-05-16 15:16:13,1.6,11.83,11.79,11.96,1545545,89959,5.8,0,0,0.0,1007,474,50,22.39,2.88,6.06,13.28,2458,2
2026-05-16 15:17:14,1.2,10.59,11.45,11.83,1545545,89971,5.8,0,0,0.0,1007,474,50,15.45,2.77,1.07,7.91,2453,6
2026-05-16 15:18:14,1.2,9.87,11.08,11.68,1545545,89855,5.8,0,0,0.0,1007,474,50,16.05,2.90,1.03,7.67,2462,5
2026-05-16 15:19:14,3.6,11.30,11.19,11.67,1545545,89894,5.8,0,0,0.0,1007,474,50,30.11,2.88,4.79,11.60,2472,7
2026-05-16 15:20:15,1.1,11.69,11.34,11.69,1545545,89951,5.8,0,0,0.0,1007,474,50,16.08,2.86,7.30,13.99,2469,6
2026-05-16 15:21:15,1.5,11.19,11.31,11.66,1545545,89869,5.8,0,0,0.0,1007,474,50,19.51,2.89,4.99,12.06,2457,2
2026-05-16 15:22:15,2.0,13.50,11.83,11.81,1545545,89918,5.8,0,0,0.0,1007,474,50,18.66,3.11,7.16,14.64,2468,2
2026-05-16 15:23:16,1.4,11.31,11.52,11.71,1545545,89932,5.8,0,0,0.0,1007,474,50,13.78,2.77,1.97,8.59,2470,3
2026-05-16 15:24:16,3.2,12.85,11.94,11.84,1545545,89976,5.8,0,0,0.0,1007,474,50,17.15,3.20,10.61,17.13,2470,4
2026-05-16 15:25:16,1.8,12.66,12.08,11.90,1545545,90006,5.8,0,0,0.0,1007,474,50,16.59,3.11,12.68,18.92,2468,2
2026-05-16 15:26:17,1.2,10.81,11.64,11.76,1545545,89988,5.8,0,0,0.0,1007,474,50,14.62,2.86,1.44,8.08,2473,7
2026-05-16 15:27:17,2.9,16.35,12.97,12.20,1545545,89901,5.8,0,0,0.0,1007,474,50,20.10,2.98,4.61,11.71,2467,3
2026-05-16 15:28:17,1.4,12.17,12.39,12.04,1545545,89783,5.8,0,0,0.0,1007,474,50,15.28,2.95,1.08,7.89,2470,3
2026-05-16 15:29:18,5.2,10.89,12.02,11.94,1545545,89854,5.8,0,0,0.0,1007,474,50,14.62,2.96,1.82,8.58,2454,4
2026-05-16 15:30:18,2.9,10.52,11.68,11.82,1545545,89893,5.8,0,0,0.0,1007,474,50,20.19,2.85,3.53,10.38,2461,6
2026-05-16 15:31:18,3.3,10.79,11.51,11.75,1545545,89904,5.8,0,0,0.0,1007,474,50,15.42,2.91,2.20,9.10,2455,6
2026-05-16 15:32:19,1.1,14.58,12.42,12.05,1545545,89907,5.8,0,0,0.0,1007,474,50,15.16,2.95,11.11,17.61,2448,1
2026-05-16 15:33:19,2.6,13.09,12.34,12.04,1545545,89796,5.8,0,0,0.0,1007,474,50,15.14,3.20,4.62,11.82,2454,19
2026-05-16 15:34:19,1.0,11.55,12.13,11.99,1545545,89876,5.8,0,0,0.0,1007,474,50,18.08,2.74,3.26,10.29,2456,3
2026-05-16 15:35:20,1.1,10.00,11.57,11.81,1545545,89896,5.8,0,0,0.0,1007,474,50,18.09,3.07,1.05,7.66,2456,1
2026-05-16 15:36:20,1.5,10.03,11.31,11.70,1545545,89894,5.8,0,0,0.0,1007,474,50,16.83,2.97,1.02,7.65,2457,1
2026-05-16 15:37:20,1.4,13.79,12.46,12.09,1545545,89944,5.8,0,0,0.0,1007,474,50,17.85,2.93,4.64,11.80,2453,1
2026-05-16 15:38:21,9.6,12.16,12.33,12.08,1545545,89903,5.8,0,0,0.0,1007,474,50,13.01,2.81,4.34,11.53,2467,6
2026-05-16 15:39:21,2.9,15.62,13.43,12.48,1545545,89919,5.8,0,0,0.0,1007,474,50,10.38,2.88,12.14,20.08,2483,6
2026-05-16 15:40:21,2.0,13.98,13.27,12.48,1545545,89969,5.8,0,0,0.0,1007,474,50,17.03,3.04,6.76,13.84,2475,6
2026-05-16 15:41:22,1.3,11.83,12.81,12.37,1545545,89943,5.8,0,0,0.0,1007,474,50,15.40,2.89,5.53,11.63,2467,1
2026-05-16 15:42:22,3.2,10.90,12.33,12.23,1545545,89965,5.8,0,0,0.0,1007,474,50,13.00,2.94,3.39,10.16,2465,4
2026-05-16 15:43:22,3.2,12.18,12.46,12.28,1545545,89961,5.8,0,0,0.0,1007,474,50,15.82,2.60,12.06,19.83,2454,4
2026-05-16 15:44:23,1.4,11.76,12.26,12.22,1545545,89939,5.8,0,0,0.0,1007,474,50,15.05,2.98,5.07,12.16,2446,2
2026-05-16 15:45:23,1.4,10.90,11.94,12.11,1545545,89948,5.8,0,0,0.0,1007,474,50,15.80,2.86,2.49,9.28,2443,5
2026-05-16 15:46:23,1.2,10.93,11.89,12.09,1545545,89949,5.8,0,0,0.0,1007,474,50,19.32,2.95,4.63,11.81,2456,5
2026-05-16 15:47:24,3.2,12.63,12.10,12.15,1545545,89986,5.8,0,0,0.0,1007,474,50,10.88,3.01,9.20,16.71,2456,4
2026-05-16 15:48:24,3.1,14.53,12.83,12.40,1545545,89998,5.8,0,0,0.0,1007,474,50,19.34,2.93,11.96,19.36,2456,4
2026-05-16 15:49:24,1.1,12.87,12.73,12.40,1545545,89980,5.8,0,0,0.0,1007,474,50,18.12,2.74,9.87,17.10,2470,4
2026-05-16 15:50:25,1.6,10.73,12.14,12.21,1545545,90002,5.8,0,0,0.0,1007,474,50,12.75,2.91,2.12,8.85,2475,4
2026-05-16 15:51:25,1.1,10.04,11.64,12.03,1545545,90012,5.8,0,0,0.0,1007,474,50,17.25,2.94,1.38,8.05,2459,1
2026-05-16 15:52:25,8.4,12.57,11.98,12.12,1545545,90036,5.8,0,0,0.0,1007,474,50,23.63,2.89,7.88,14.56,2457,24
2026-05-16 15:53:26,8.8,11.30,11.73,12.02,1545545,90008,5.8,0,0,0.0,1007,474,50,14.83,2.85,4.22,11.02,2464,18
2026-05-16 15:54:26,1.1,11.26,11.63,11.97,1545545,89987,5.8,0,0,0.0,1007,474,50,20.88,3.03,5.06,11.71,2463,3
2026-05-16 15:55:26,3.1,12.71,11.89,12.03,1545545,90038,5.8,0,0,0.0,1007,474,50,14.05,3.01,4.06,10.83,2468,10
2026-05-16 15:56:27,2.0,16.71,13.09,12.43,1545545,90066,5.8,0,0,0.0,1007,474,50,17.02,2.84,7.37,13.88,2461,3
2026-05-16 15:57:27,1.9,18.56,14.25,12.86,1545545,90067,5.8,0,0,0.0,1007,474,50,20.91,2.91,9.67,16.00,2466,4
2026-05-16 15:58:27,2.6,20.58,15.41,13.33,1545545,90037,5.8,0,0,0.0,1007,474,50,19.87,3.09,6.71,14.03,2452,3
2026-05-16 15:59:28,3.8,15.58,15.06,13.35,1545545,90026,5.8,0,0,0.0,1007,474,50,17.41,2.95,2.83,9.66,2434,4
2026-05-16 16:00:28,2.8,15.07,14.97,13.43,1545545,90082,5.8,0,0,0.0,1007,474,50,19.57,2.87,4.26,11.34,2435,2
2026-05-16 16:01:28,3.3,17.73,15.65,13.75,1545545,90013,5.8,0,0,0.0,1007,474,50,16.14,47.18,6.81,14.14,2455,6
2026-05-16 16:02:29,1.5,14.79,15.37,13.79,1545545,89967,5.8,0,0,0.0,1007,474,50,19.12,2.83,5.15,12.12,2452,3
2026-05-16 16:03:29,3.7,14.56,15.17,13.81,1545545,89920,5.8,0,0,0.0,1007,474,50,19.22,2.89,4.39,11.55,2462,8
2026-05-16 16:04:29,3.2,15.73,15.29,13.93,1545545,89915,5.8,0,0,0.0,1007,474,50,18.99,2.93,6.17,13.40,2481,8
2026-05-16 16:05:30,3.7,21.83,17.11,14.64,1545545,89933,5.8,0,0,0.0,1007,474,50,20.73,3.00,12.44,18.84,2477,3
2026-05-16 16:06:30,1.7,16.04,16.32,14.53,1545545,89925,5.8,0,0,0.0,1007,474,50,16.41,2.58,9.68,16.09,2475,4
2026-05-16 16:07:30,3.4,17.33,16.50,14.69,1545545,89959,5.8,0,0,0.0,1007,474,50,20.91,2.79,9.63,16.80,2479,5
2026-05-16 16:08:31,11.3,13.44,15.50,14.46,1545545,89906,5.8,0,0,0.0,1007,474,50,15.39,3.14,3.16,10.17,2478,5
2026-05-16 16:09:31,1.3,11.59,14.66,14.24,1545545,89930,5.8,0,0,0.0,1007,474,50,18.97,2.86,1.65,8.24,2460,4
2026-05-16 16:10:31,1.3,13.71,14.85,14.35,1545545,89945,5.8,0,0,0.0,1007,474,50,21.18,2.91,8.65,16.20,2462,4
2026-05-16 16:11:32,3.5,12.21,14.17,14.14,1545545,89977,5.8,0,0,0.0,1007,474,50,18.22,2.73,4.20,10.96,2460,5
2026-05-16 16:12:32,3.7,12.98,14.07,14.11,1545545,89980,5.8,0,0,0.0,1007,474,50,19.15,3.00,7.69,14.37,2454,5
2026-05-16 16:13:32,3.2,14.47,14.35,14.20,1545545,89942,5.8,0,0,0.0,1007,474,50,24.42,2.99,10.64,17.94,2463,7
2026-05-16 16:14:33,1.2,13.34,14.19,14.16,1545545,89872,5.8,0,0,0.0,1007,474,50,20.48,2.88,6.91,13.44,2468,1
2026-05-16 16:15:33,1.2,13.17,13.96,14.08,1545545,89878,5.8,0,0,0.0,1007,474,50,14.67,2.91,7.07,13.97,2470,5
2026-05-16 16:16:33,1.9,12.11,13.54,13.93,1545545,89992,5.8,0,0,0.0,1007,474,50,16.72,2.92,6.09,13.41,2473,5
2026-05-16 16:17:34,1.3,14.42,14.16,14.13,1545545,89967,5.8,0,0,0.0,1007,474,50,14.55,2.89,6.59,13.67,2479,1
2026-05-16 16:18:34,2.8,17.19,14.93,14.40,1545545,89975,5.8,0,0,0.0,1007,474,50,20.02,3.06,10.73,18.32,2475,18
2026-05-16 16:19:34,1.2,14.35,14.52,14.29,1545545,89977,5.8,0,0,0.0,1007,474,50,14.55,2.82,7.69,14.94,2472,5
2026-05-16 16:20:35,1.1,11.97,13.78,14.04,1545545,89928,5.8,0,0,0.0,1007,474,50,10.61,2.95,6.63,12.98,2474,9
2026-05-16 16:21:35,1.3,13.87,13.99,14.10,1545545,89980,5.8,0,0,0.0,1007,474,50,15.84,2.85,9.30,16.94,2472,3
2026-05-16 16:22:35,1.6,11.37,13.26,13.84,1545545,89977,5.8,0,0,0.0,1007,474,50,14.75,2.42,1.37,8.14,2468,3
2026-05-16 16:23:36,1.3,10.62,12.74,13.62,1545545,89979,5.8,0,0,0.0,1007,474,50,14.30,3.13,2.56,9.48,2464,3
2026-05-16 16:24:36,1.2,10.71,12.39,13.45,1545545,89976,5.8,0,0,0.0,1007,474,50,18.32,3.02,3.63,10.40,2465,1
2026-05-16 16:25:36,1.5,11.67,12.51,13.43,1545545,90008,5.8,0,0,0.0,1007,474,50,15.00,2.96,3.93,10.99,2469,2
2026-05-16 16:26:37,1.4,11.91,12.42,13.34,1545545,90039,5.8,0,0,0.0,1007,474,50,16.92,2.80,8.87,15.41,2484,4
2026-05-16 16:27:37,3.4,16.94,14.01,13.84,1545545,90009,5.8,0,0,0.0,1007,474,50,18.65,3.03,6.40,13.24,2478,33
2026-05-16 16:28:37,1.4,14.22,13.74,13.76,1545545,90012,5.8,0,0,0.0,1007,474,50,15.59,2.95,7.54,14.37,2477,4
2026-05-16 16:29:38,1.5,11.66,13.11,13.54,1545545,90020,5.8,0,0,0.0,1007,474,50,23.73,3.00,1.03,7.76,2477,6
2026-05-16 16:30:38,1.5,14.18,13.61,13.69,1545545,90053,5.8,0,0,0.0,1007,474,50,12.32,2.87,11.26,17.68,2464,3
2026-05-16 16:31:38,1.7,17.94,14.78,14.08,1545545,90065,5.8,0,0,0.0,1007,474,50,12.41,2.86,5.75,13.01,2463,1
2026-05-16 16:32:39,1.4,14.26,14.52,14.05,1545545,90001,5.8,0,0,0.0,1007,474,50,34.29,2.96,3.95,10.87,2461,1
2026-05-16 16:33:39,1.4,12.50,13.94,13.88,1545545,89942,5.8,0,0,0.0,1007,474,50,13.78,2.95,5.36,12.65,2473,3
2026-05-16 16:34:39,3.0,13.45,13.82,13.83,1545545,89960,5.8,0,0,0.0,1007,474,50,13.80,2.88,3.59,10.78,2469,6
2026-05-16 16:35:40,1.3,10.78,12.98,13.54,1545545,90053,5.8,0,0,0.0,1007,474,50,25.10,3.07,1.39,8.03,2463,4
2026-05-16 16:36:40,1.3,10.96,12.60,13.37,1545545,90054,5.8,0,0,0.0,1007,474,50,16.32,2.90,1.02,7.67,2476,4
2026-05-16 16:37:40,1.7,12.33,12.79,13.39,1545545,90027,5.8,0,0,0.0,1007,474,50,21.26,2.80,8.48,15.77,2475,2
2026-05-16 16:38:41,10.0,14.59,13.40,13.57,1545545,90026,5.8,0,0,0.0,1007,474,50,24.71,2.88,7.47,14.43,2471,6
2026-05-16 16:39:41,1.4,12.35,12.93,13.39,1545545,89971,5.8,0,0,0.0,1007,474,50,16.34,2.98,1.41,8.22,2482,8
2026-05-16 16:40:41,2.0,12.56,12.81,13.31,1545545,89896,5.8,0,0,0.0,1007,474,50,23.81,2.91,7.79,14.63,2484,5
2026-05-16 16:41:42,3.6,13.06,12.93,13.32,1545545,89978,5.8,0,0,0.0,1007,474,50,20.20,2.75,8.97,15.98,2466,21
2026-05-16 16:42:42,3.5,12.08,12.67,13.21,1545545,89948,5.8,0,0,0.0,1007,474,50,16.46,3.00,4.01,11.01,2464,9
2026-05-16 16:43:42,1.4,11.87,12.45,13.10,1545545,89947,5.8,0,0,0.0,1007,474,50,15.69,2.61,4.12,10.95,2460,1
2026-05-16 16:44:43,1.1,11.32,12.19,12.96,1545545,89921,5.8,0,0,0.0,1007,474,50,18.39,2.91,1.13,7.92,2453,7
2026-05-16 16:45:43,3.2,11.21,11.98,12.84,1545545,89941,5.8,0,0,0.0,1007,474,50,16.95,2.98,4.44,11.47,2463,4
2026-05-16 16:46:43,1.5,14.42,12.79,13.06,1545545,89931,5.8,0,0,0.0,1007,474,50,21.71,2.98,11.79,18.54,2469,7
2026-05-16 16:47:44,1.1,12.14,12.39,12.91,1545545,89945,5.8,0,0,0.0,1007,474,50,20.67,2.85,2.49,9.30,2470,1
2026-05-16 16:48:44,1.3,13.46,12.67,12.97,1545545,89949,5.8,0,0,0.0,1007,474,50,11.18,2.81,5.74,12.89,2478,5
2026-05-16 16:49:44,1.7,11.25,12.19,12.78,1545545,89946,5.8,0,0,0.0,1007,474,50,15.40,2.91,1.08,7.99,2471,4
2026-05-16 16:50:45,1.2,10.19,11.74,12.59,1545545,89964,5.8,0,0,0.0,1007,474,50,15.84,2.93,2.89,9.70,2458,5
2026-05-16 16:51:45,1.7,11.07,11.63,12.49,1545545,89957,5.8,0,0,0.0,1007,474,50,16.74,2.85,5.19,12.00,2465,1
2026-05-16 16:52:45,2.4,10.79,11.41,12.36,1545545,89893,5.8,0,0,0.0,1007,474,50,23.38,2.77,4.98,12.02,2469,2
2026-05-16 16:53:46,1.1,10.91,11.36,12.28,1545545,89857,5.8,0,0,0.0,1007,474,50,13.58,2.82,5.85,13.02,2470,4
2026-05-16 16:54:46,1.3,12.51,11.64,12.32,1545545,89983,5.8,0,0,0.0,1007,474,50,17.21,3.12,6.83,13.80,2462,2
2026-05-16 16:55:46,1.2,18.44,13.18,12.79,1545545,90003,5.8,0,0,0.0,1007,474,50,20.90,2.86,8.22,15.82,2485,3
2026-05-16 16:56:47,3.8,14.27,12.89,12.71,1545545,90026,5.8,0,0,0.0,1007,474,50,15.14,2.86,3.24,9.99,2469,7
2026-05-16 16:57:47,1.1,11.79,12.47,12.58,1545545,89957,5.8,0,0,0.0,1007,474,50,16.51,2.98,2.95,9.76,2461,4
2026-05-16 16:58:47,1.4,11.01,12.07,12.43,1545545,89920,5.8,0,0,0.0,1007,474,50,19.92,3.02,1.39,8.15,2472,3
2026-05-16 16:59:48,1.1,11.73,12.13,12.42,1545545,89895,5.8,0,0,0.0,1007,474,50,16.58,2.77,5.83,12.50,2477,1
2026-05-16 17:00:48,1.2,10.37,11.63,12.23,1545545,90023,5.8,0,0,0.0,1007,474,50,20.79,3.06,1.04,7.66,2467,2
2026-05-16 17:01:48,1.2,10.19,11.33,12.09,1545545,90035,5.8,0,0,0.0,1007,474,50,20.35,44.74,1.03,7.77,2478,2
2026-05-16 17:02:49,1.2,10.27,11.11,11.96,1545545,90035,5.8,0,0,0.0,1007,474,50,17.53,2.47,2.83,9.67,2471,4
2026-05-16 17:03:49,1.4,11.41,11.28,11.97,1545545,90027,5.8,0,0,0.0,1007,474,50,15.36,2.85,6.00,13.32,2467,1
2026-05-16 17:04:49,1.5,10.72,11.07,11.85,1545545,89970,5.8,0,0,0.0,1007,474,50,22.67,3.01,1.08,8.02,2465,3
2026-05-16 17:05:50,1.0,10.13,10.84,11.72,1545545,90065,5.8,0,0,0.0,1007,474,50,16.35,3.11,2.88,9.70,2458,2
2026-05-16 17:06:50,1.2,10.16,10.81,11.66,1545545,89972,5.8,0,0,0.0,1007,474,50,16.12,2.77,1.75,8.46,2467,5
2026-05-16 17:07:50,9.5,9.40,10.48,11.49,1545545,89950,5.8,0,0,0.0,1007,474,50,15.53,2.93,1.02,7.77,2475,25
2026-05-16 17:08:51,1.1,9.31,10.26,11.35,1545545,90028,5.8,0,0,0.0,1007,474,50,18.52,2.96,2.07,8.85,2461,2
2026-05-16 17:09:51,3.3,11.53,10.75,11.45,1545545,90055,5.8,0,0,0.0,1007,474,50,24.99,2.97,6.19,13.65,2458,5
2026-05-16 17:10:52,1.0,11.02,10.84,11.44,1545545,90044,5.8,0,0,0.0,1007,474,50,18.46,2.95,3.85,10.80,2459,5
2026-05-16 17:11:52,1.2,10.10,10.61,11.32,1545545,90055,5.8,0,0,0.0,1007,474,50,28.76,2.83,1.84,8.53,2456,7
2026-05-16 17:12:52,1.8,12.59,11.06,11.42,1545545,89977,5.8,0,0,0.0,1007,474,50,19.32,2.97,3.57,10.51,2460,2
2026-05-16 17:13:53,1.3,11.45,11.04,11.40,1545545,89971,5.8,0,0,0.0,1007,474,50,13.88,2.93,3.55,10.56,2474,5
2026-05-16 17:14:53,1.2,10.36,10.80,11.29,1545545,90047,5.8,0,0,0.0,1007,474,50,14.85,2.86,1.06,7.85,2469,2
2026-05-16 17:15:53,1.0,9.70,10.56,11.17,1545545,90078,5.8,0,0,0.0,1007,474,50,15.45,3.04,1.38,8.09,2456,1
2026-05-16 17:16:54,1.3,11.76,10.99,11.29,1545545,89872,5.8,0,0,0.0,1007,474,50,16.13,2.89,8.42,15.77,2451,5
2026-05-16 17:17:54,3.3,13.78,11.60,11.47,1545545,89872,5.8,0,0,0.0,1007,474,50,19.78,2.86,12.68,18.82,2458,6
2026-05-16 17:18:54,3.2,16.30,13.17,12.04,1545545,89958,5.8,0,0,0.0,1007,474,50,16.85,2.52,12.58,19.57,2460,6
2026-05-16 17:19:55,1.3,12.32,12.62,11.93,1545545,89963,5.8,0,0,0.0,1007,474,50,19.75,3.19,3.00,10.02,2470,2
2026-05-16 17:20:55,3.0,11.44,12.34,11.88,1545545,89978,5.8,0,0,0.0,1007,474,50,23.25,2.83,6.49,13.11,2480,13
2026-05-16 17:21:55,1.0,11.03,12.09,11.82,1545545,89954,5.8,0,0,0.0,1007,474,50,18.22,2.68,2.53,9.30,2484,3
2026-05-16 17:22:56,1.7,10.27,11.64,11.68,1545545,89920,5.8,0,0,0.0,1007,474,50,30.55,2.91,2.51,9.40,2471,5
2026-05-16 17:23:56,1.2,10.23,11.38,11.59,1545545,89891,5.8,0,0,0.0,1007,474,50,18.85,2.86,1.00,7.66,2464,2
2026-05-16 17:24:56,1.3,10.20,11.12,11.48,1545545,89964,5.8,0,0,0.0,1007,474,50,16.06,3.19,1.05,7.73,2462,1
2026-05-16 17:25:57,3.3,12.57,11.59,11.62,1545545,90015,5.8,0,0,0.0,1007,474,50,24.68,2.79,9.06,16.59,2458,13
2026-05-16 17:26:57,1.4,12.00,11.61,11.63,1545545,89995,5.8,0,0,0.0,1007,474,50,28.36,2.97,9.62,16.32,2453,2
2026-05-16 17:27:57,1.0,9.95,11.10,11.45,1545545,89951,5.8,0,0,0.0,1007,474,50,20.46,2.98,1.06,7.67,2455,7
2026-05-16 17:28:58,2.7,9.03,10.61,11.26,1545545,89921,5.8,0,0,0.0,1007,474,50,33.08,2.78,1.00,7.77,2464,3
2026-05-16 17:29:58,1.6,10.99,10.94,11.33,1545545,89861,5.8,0,0,0.0,1007,474,50,23.59,3.00,7.65,14.34,2470,4
2026-05-16 17:30:58,3.0,10.52,10.78,11.25,1545545,89925,5.8,0,0,0.0,1007,474,50,15.25,2.88,4.26,11.38,2462,5
2026-05-16 17:31:59,3.4,12.19,11.29,11.40,1545545,90044,5.8,0,0,0.0,1007,474,50,17.00,2.81,7.28,14.14,2461,6
2026-05-16 17:32:59,1.3,14.57,12.08,11.66,1545545,89987,5.8,0,0,0.0,1007,474,50,19.50,2.89,8.64,16.02,2460,2
2026-05-16 17:33:59,1.2,12.33,11.93,11.64,1545545,89973,5.8,0,0,0.0,1007,474,50,23.67,2.97,4.99,12.08,2469,8
2026-05-16 17:35:00,1.3,10.63,11.51,11.51,1545545,89935,5.8,0,0,0.0,1007,474,50,28.54,3.09,2.11,9.02,2473,3
2026-05-16 17:36:00,3.2,11.21,11.50,11.51,1545545,89953,5.8,0,0,0.0,1007,474,50,19.57,2.81,6.24,13.64,2475,3
2026-05-16 17:37:00,3.5,11.52,11.53,11.52,1545545,89957,5.8,0,0,0.0,1007,474,50,26.82,2.97,7.09,13.73,2463,9
2026-05-16 17:38:01,3.3,12.39,11.89,11.65,1545545,90012,5.8,0,0,0.0,1007,474,50,14.37,2.48,7.75,15.27,2450,5
2026-05-16 17:39:01,1.4,11.10,11.60,11.56,1545545,90012,5.8,0,0,0.0,1007,474,50,13.35,2.91,1.89,8.64,2445,3
2026-05-16 17:40:01,3.1,11.66,11.63,11.57,1545545,90041,5.8,0,0,0.0,1007,474,50,23.66,2.87,7.66,14.50,2450,5
2026-05-16 17:41:02,3.5,15.53,12.45,11.84,1545545,90030,5.8,0,0,0.0,1007,474,50,28.21,3.04,5.94,12.74,2456,4
2026-05-16 17:42:02,1.1,14.37,12.79,12.00,1545545,89997,5.8,0,0,0.0,1007,474,50,21.28,3.01,6.81,13.57,2467,4
2026-05-16 17:43:02,3.1,15.31,13.24,12.20,1545545,89999,5.8,0,0,0.0,1007,474,50,26.78,2.95,4.75,11.66,2483,3
2026-05-16 17:44:03,1.0,13.25,13.18,12.25,1545545,90056,5.8,0,0,0.0,1007,474,50,29.03,2.73,3.21,10.20,2474,1
2026-05-16 17:45:03,4.8,12.94,12.98,12.23,1545545,90063,5.8,0,0,0.0,1007,474,50,24.46,3.15,3.36,10.31,2466,6
2026-05-16 17:46:03,4.4,16.03,13.66,12.50,1545545,90091,5.8,0,0,0.0,1007,474,50,12.88,3.08,7.23,14.60,2456,7
2026-05-16 17:47:04,1.2,14.81,13.74,12.60,1545545,90065,5.8,0,0,0.0,1007,474,50,14.75,2.93,6.64,13.52,2467,1
2026-05-16 17:48:04,3.1,17.46,14.68,13.00,1545545,90025,5.8,0,0,0.0,1007,474,50,17.96,2.79,5.04,11.92,2464,5
2026-05-16 17:49:04,1.1,13.93,14.29,12.98,1545545,89937,5.8,0,0,0.0,1007,474,50,15.11,2.82,7.08,13.44,2473,6
2026-05-16 17:50:05,3.3,16.07,14.77,13.22,1545545,89980,5.8,0,0,0.0,1007,474,50,19.27,3.06,8.47,15.20,2470,4
2026-05-16 17:51:05,1.2,13.58,14.28,13.15,1545545,90091,5.8,0,0,0.0,1007,474,50,21.13,2.88,8.34,15.89,2459,2
2026-05-16 17:52:05,1.2,13.21,14.11,13.16,1545545,90100,5.8,0,0,0.0,1007,474,50,19.19,2.87,7.92,14.70,2469,4
2026-05-16 17:53:06,3.4,13.29,13.93,13.16,1545545,90061,5.8,0,0,0.0,1007,474,50,20.25,2.85,9.77,16.64,2460,5
2026-05-16 17:54:06,3.5,13.59,13.78,13.14,1545545,89932,5.8,0,0,0.0,1007,474,50,24.51,2.75,3.88,10.81,2470,10
2026-05-16 17:55:06,1.3,11.88,13.36,13.05,1545545,89877,5.8,0,0,0.0,1007,474,50,17.35,3.04,4.85,11.89,2474,3
2026-05-16 17:56:07,1.0,11.38,12.92,12.91,1545545,89924,5.8,0,0,0.0,1007,474,50,29.29,3.04,3.70,10.78,2489,2
2026-05-16 17:57:07,3.3,14.20,13.44,13.09,1545545,90041,5.8,0,0,0.0,1007,474,50,20.46,2.97,9.58,16.81,2476,4
2026-05-16 17:58:07,3.3,13.54,13.46,13.13,1545545,90007,5.8,0,0,0.0,1007,474,50,11.80,2.91,8.75,15.48,2474,4
2026-05-16 17:59:08,1.4,11.64,12.99,12.98,1545545,89970,5.8,0,0,0.0,1007,474,50,21.74,2.51,3.33,10.09,2466,6
2026-05-16 18:00:08,3.1,11.58,12.76,12.91,1545545,89972,5.8,0,0,0.0,1007,474,50,23.75,3.01,5.39,12.66,2458,5
2026-05-16 18:01:08,3.1,14.24,13.23,13.06,1545545,89986,5.8,0,0,0.0,1007,474,50,26.36,45.09,5.51,12.73,2454,4
2026-05-16 18:02:09,1.7,13.16,13.02,12.99,1545545,89990,5.8,0,0,0.0,1007,474,50,16.76,3.03,8.85,15.85,2456,10
2026-05-16 18:03:09,1.2,11.40,12.55,12.83,1545545,90000,5.8,0,0,0.0,1007,474,50,21.15,2.75,2.49,9.28,2446,3
2026-05-16 18:04:09,1.3,11.88,12.55,12.82,1545545,90002,5.8,0,0,0.0,1007,474,50,17.27,2.84,8.11,14.51,2464,2
2026-05-16 18:05:10,3.2,11.36,12.22,12.68,1545545,89998,5.8,0,0,0.0,1007,474,50,24.82,3.18,3.66,10.84,2452,6
2026-05-16 18:06:10,1.1,15.81,13.56,13.13,1545545,89993,5.8,0,0,0.0,1007,474,50,14.92,2.82,9.59,16.86,2448,1
2026-05-16 18:07:10,3.2,12.70,13.04,12.97,1545545,90015,5.8,0,0,0.0,1007,474,50,16.28,3.02,2.34,9.09,2453,17
2026-05-16 18:08:11,1.3,13.16,13.17,13.02,1545545,89896,5.8,0,0,0.0,1007,474,50,18.81,2.75,11.65,17.71,2457,5
2026-05-16 18:09:11,2.0,11.67,12.68,12.86,1545545,89964,5.8,0,0,0.0,1007,474,50,21.17,2.93,3.41,10.11,2448,8
2026-05-16 18:10:11,3.2,11.72,12.46,12.77,1545545,90019,5.8,0,0,0.0,1007,474,50,19.71,2.85,9.32,16.40,2458,8
2026-05-16 18:11:12,3.2,14.77,13.14,12.98,1545545,90054,5.8,0,0,0.0,1007,474,50,18.18,2.98,12.06,19.68,2471,3
2026-05-16 18:12:12,2.7,12.71,12.83,12.88,1545545,90044,5.8,0,0,0.0,1007,474,50,14.25,3.02,5.86,13.11,2466,4
2026-05-16 18:13:12,1.0,11.44,12.45,12.75,1545545,89967,5.8,0,0,0.0,1007,474,50,17.88,2.80,1.31,7.92,2461,4
2026-05-16 18:14:13,3.0,11.54,12.27,12.66,1545545,89990,5.8,0,0,0.0,1007,474,50,25.81,2.86,1.40,8.20,2462,7
2026-05-16 18:15:13,1.1,11.72,12.16,12.60,1545545,89959,5.8,0,0,0.0,1007,474,50,20.98,3.04,3.85,10.86,2461,3
2026-05-16 18:16:13,4.6,13.27,12.55,12.71,1545545,90119,5.8,0,0,0.0,1007,474,50,15.88,3.06,8.35,16.02,2460,6
2026-05-16 18:17:14,3.0,18.78,13.66,13.05,1545545,90107,5.8,0,0,0.0,1007,474,50,18.48,2.77,5.81,13.04,2462,28
2026-05-16 18:18:14,1.0,15.74,13.81,13.14,1545545,90074,5.8,0,0,0.0,1007,474,50,26.41,2.91,9.99,17.61,2476,4
2026-05-16 18:19:14,3.3,14.84,13.79,13.17,1545545,90048,5.8,0,0,0.0,1007,474,50,26.56,2.86,6.05,13.11,2482,9
2026-05-16 18:20:15,3.3,13.16,13.46,13.09,1545545,90045,5.8,0,0,0.0,1007,474,50,29.32,3.05,8.59,15.99,2488,4
2026-05-16 18:21:15,1.0,11.10,12.86,12.91,1545545,90020,5.8,0,0,0.0,1007,474,50,19.98,2.88,2.86,9.83,2484,8
2026-05-16 18:22:15,1.6,10.64,12.38,12.74,1545545,90109,5.8,0,0,0.0,1007,474,50,16.86,2.91,3.24,10.22,2475,3
2026-05-16 18:23:16,1.2,12.54,12.57,12.78,1545545,90081,5.8,0,0,0.0,1007,474,50,16.30,2.88,4.29,11.31,2467,4
2026-05-16 18:24:16,3.2,11.45,12.23,12.64,1545545,90075,5.8,0,0,0.0,1007,474,50,15.49,2.93,7.16,13.41,2452,4
2026-05-16 18:25:16,2.0,11.11,12.02,12.55,1545545,90075,5.8,0,0,0.0,1007,474,50,21.16,2.91,2.40,9.27,2438,3
2026-05-16 18:26:17,2.2,12.03,12.09,12.54,1545545,90073,5.8,0,0,0.0,1007,474,50,19.12,2.95,5.45,12.66,2445,6
2026-05-16 18:27:17,3.1,14.63,12.78,12.75,1545545,90021,5.8,0,0,0.0,1007,474,50,20.75,2.67,10.41,17.50,2457,9
2026-05-16 18:28:17,1.5,13.21,12.74,12.74,1545545,90037,5.8,0,0,0.0,1007,474,50,23.29,2.82,6.25,13.35,2454,2
2026-05-16 18:29:18,2.2,11.93,12.44,12.63,1545545,90110,5.8,0,0,0.0,1007,474,50,25.84,2.84,2.49,9.30,2467,6
2026-05-16 18:30:18,2.9,15.11,13.01,12.80,1545545,90014,5.8,0,0,0.0,1007,474,50,20.24,2.91,2.95,9.83,2466,6
2026-05-16 18:31:18,3.1,16.95,13.95,13.14,1545545,90008,5.8,0,0,0.0,1007,474,50,16.27,2.94,10.01,17.58,2466,5
2026-05-16 18:32:19,1.0,15.13,13.92,13.18,1545545,89978,5.8,0,0,0.0,1007,474,50,15.35,2.72,5.06,11.79,2457,1
2026-05-16 18:33:19,3.0,13.68,13.60,13.11,1545545,89942,5.8,0,0,0.0,1007,474,50,27.37,2.99,5.71,12.79,2469,3
2026-05-16 18:34:19,1.3,11.08,12.90,12.90,1545545,89909,5.8,0,0,0.0,1007,474,50,21.69,2.88,2.71,9.48,2474,4
2026-05-16 18:35:20,1.2,13.35,13.12,12.97,1545545,90040,5.8,0,0,0.0,1007,474,50,18.90,2.98,6.34,13.19,2468,3
2026-05-16 18:36:20,3.2,13.27,13.07,12.95,1545545,90030,5.8,0,0,0.0,1007,474,50,15.19,2.88,9.34,17.03,2466,5
2026-05-16 18:37:20,1.4,11.79,12.84,12.89,1545545,90022,5.8,0,0,0.0,1007,474,50,17.34,2.92,4.70,11.29,2469,4
2026-05-16 18:38:21,1.2,14.22,13.33,13.06,1545545,89988,5.8,0,0,0.0,1007,474,50,18.63,2.82,5.37,12.55,2461,2
2026-05-16 18:39:21,1.0,11.66,12.76,12.87,1545545,89927,5.8,0,0,0.0,1007,474,50,26.80,2.72,3.52,10.43,2449,3
2026-05-16 18:40:21,3.3,10.71,12.29,12.71,1545545,89993,5.8,0,0,0.0,1007,474,50,16.95,2.97,2.57,9.53,2457,7
2026-05-16 18:41:22,1.3,12.24,12.51,12.76,1545545,90074,5.8,0,0,0.0,1007,474,50,23.88,3.05,12.28,19.59,2460,1
2026-05-16 18:42:22,1.7,11.31,12.17,12.62,1545545,90061,5.8,0,0,0.0,1007,474,50,23.07,2.99,5.17,12.04,2466,10
2026-05-16 18:43:22,1.4,11.58,12.15,12.59,1545545,89944,5.8,0,0,0.0,1007,474,50,19.28,2.76,5.06,12.11,2466,1
2026-05-16 18:44:23,1.1,14.48,12.89,12.82,1545545,90047,5.8,0,0,0.0,1007,474,50,16.62,2.87,9.89,16.10,2463,6
2026-05-16 18:45:23,1.1,11.96,12.50,12.69,1545545,90052,5.8,0,0,0.0,1007,474,50,19.42,3.03,6.71,13.50,2460,2
2026-05-16 18:46:23,1.2,12.60,12.49,12.67,1545545,90043,5.8,0,0,0.0,1007,474,50,19.74,2.83,6.10,13.44,2455,2
2026-05-16 18:47:24,1.1,11.77,12.31,12.60,1545545,90046,5.8,0,0,0.0,1007,474,50,18.10,2.89,4.37,11.49,2455,2
2026-05-16 18:48:24,1.2,12.98,12.65,12.70,1545545,90022,5.8,0,0,0.0,1007,474,50,19.16,2.89,9.15,15.86,2452,3
2026-05-16 18:49:24,1.2,11.00,12.16,12.53,1545545,89981,5.8,0,0,0.0,1007,474,50,20.48,2.86,2.46,9.25,2456,1
2026-05-16 18:50:25,1.1,10.51,11.81,12.39,1545545,90086,5.8,0,0,0.0,1007,474,50,16.66,2.54,1.40,8.26,2453,2
2026-05-16 18:51:25,1.4,10.73,11.65,12.29,1545545,90091,5.8,0,0,0.0,1007,474,50,14.00,2.98,6.98,14.12,2456,4
2026-05-16 18:52:25,1.7,10.20,11.32,12.14,1545545,90075,5.8,0,0,0.0,1007,474,50,15.37,2.93,1.09,7.78,2458,7
2026-05-16 18:53:26,1.2,10.91,11.44,12.13,1545545,90112,5.8,0,0,0.0,1007,474,50,15.90,2.84,1.78,8.55,2452,1
2026-05-16 18:54:26,1.5,12.12,11.70,12.18,1545545,90107,5.8,0,0,0.0,1007,474,50,18.97,2.77,8.89,16.03,2458,2
2026-05-16 18:55:26,1.3,12.51,11.92,12.23,1545545,90144,5.8,0,0,0.0,1007,474,50,19.25,2.98,3.59,10.48,2467,1
2026-05-16 18:56:27,3.6,13.01,12.10,12.26,1545545,90155,5.8,0,0,0.0,1007,474,50,19.74,3.04,8.04,15.07,2463,8
2026-05-16 18:57:27,3.1,13.09,12.21,12.29,1545545,90139,5.8,0,0,0.0,1007,474,50,15.39,2.86,6.23,13.17,2462,6
2026-05-16 18:58:27,1.1,10.72,11.71,12.11,1545545,90119,5.8,0,0,0.0,1007,474,50,25.40,2.86,3.26,10.08,2473,2
2026-05-16 18:59:28,1.9,10.82,11.54,12.02,1545545,90125,5.8,0,0,0.0,1007,474,50,18.41,2.98,6.05,12.82,2477,2
2026-05-16 19:00:28,4.0,9.67,11.07,11.83,1545545,90156,5.8,0,0,0.0,1007,474,50,17.36,2.95,1.41,8.15,2471,7
2026-05-16 19:01:28,3.6,11.80,11.36,11.88,1545545,90132,5.8,0,0,0.0,1007,474,50,15.20,44.94,7.52,14.82,2457,6
2026-05-16 19:02:29,3.1,12.37,11.66,11.95,1545545,90092,5.8,0,0,0.0,1007,474,50,13.50,3.30,9.07,15.96,2451,5
2026-05-16 19:03:29,1.2,11.30,11.52,11.89,1545545,90066,5.8,0,0,0.0,1007,474,50,17.45,2.92,4.01,10.47,2439,10
2026-05-16 19:04:29,2.9,12.14,11.82,11.97,1545545,90137,5.8,0,0,0.0,1007,474,50,17.37,2.88,4.30,11.38,2436,3
2026-05-16 19:05:30,3.1,12.98,12.10,12.06,1545545,90162,5.8,0,0,0.0,1007,474,50,12.70,2.91,10.53,18.28,2455,8
2026-05-16 19:06:30,3.2,11.96,11.94,12.00,1545545,90058,5.8,0,0,0.0,1007,474,50,20.88,3.04,6.01,13.32,2464,5
2026-05-16 19:07:30,1.2,11.31,11.82,11.96,1545545,89990,5.8,0,0,0.0,1007,474,50,17.75,2.95,3.62,10.68,2473,15
2026-05-16 19:08:31,1.3,11.78,11.87,11.97,1545545,89972,5.8,0,0,0.0,1007,474,50,16.50,2.93,4.36,11.42,2457,6
2026-05-16 19:09:31,3.5,12.84,12.15,12.06,1545545,89992,5.8,0,0,0.0,1007,474,50,15.76,2.93,5.77,12.86,2451,10
2026-05-16 19:10:31,1.4,15.15,13.26,12.47,1545545,90047,5.8,0,0,0.0,1007,474,50,17.13,3.03,5.96,12.14,2442,3
2026-05-16 19:11:32,1.0,11.73,12.65,12.31,1545545,90048,5.8,0,0,0.0,1007,474,50,17.73,2.88,1.02,7.75,2456,9
2026-05-16 19:12:32,3.4,12.63,12.56,12.29,1545545,90106,5.8,0,0,0.0,1007,474,50,25.57,3.03,6.04,13.49,2455,4
2026-05-16 19:13:32,1.2,11.67,12.30,12.22,1545545,90035,5.8,0,0,0.0,1007,474,50,19.55,2.55,9.06,15.29,2461,3
2026-05-16 19:14:33,1.3,10.43,11.81,12.05,1545545,89983,5.8,0,0,0.0,1007,474,50,15.57,2.86,1.41,8.15,2475,4
2026-05-16 19:15:33,3.1,10.00,11.45,11.91,1545545,90116,5.8,0,0,0.0,1007,474,50,23.67,3.06,3.53,10.27,2469,9
2026-05-16 19:16:33,2.7,10.16,11.18,11.78,1545545,90114,5.8,0,0,0.0,1007,474,50,20.63,2.81,5.92,12.20,2465,6
2026-05-16 19:17:34,1.1,9.88,10.93,11.66,1545545,90068,5.8,0,0,0.0,1007,474,50,14.44,2.97,2.40,9.13,2476,3
2026-05-16 19:18:34,1.1,9.19,10.53,11.47,1545545,90051,5.8,0,0,0.0,1007,474,50,20.21,2.82,1.03,7.67,2480,3
2026-05-16 19:19:34,1.0,8.72,10.16,11.28,1545545,90057,5.8,0,0,0.0,1007,474,50,16.69,2.70,1.40,8.07,2467,7
2026-05-16 19:20:35,3.5,10.87,10.52,11.34,1545545,90125,5.8,0,0,0.0,1007,474,50,17.41,2.98,10.97,18.05,2459,2
2026-05-16 19:21:35,1.1,10.49,10.50,11.28,1545545,90114,5.8,0,0,0.0,1007,474,50,14.10,2.75,4.97,11.39,2462,3
2026-05-16 19:22:35,3.2,11.96,10.82,11.33,1545545,90085,5.8,0,0,0.0,1007,474,50,14.24,2.89,6.48,13.69,2463,6
2026-05-16 19:23:36,11.4,13.44,11.49,11.53,1545545,90127,5.8,0,0,0.0,1007,474,50,17.66,2.93,10.33,17.28,2457,17
2026-05-16 19:24:36,1.0,11.61,11.39,11.50,1545545,90117,5.8,0,0,0.0,1007,474,50,20.55,2.90,8.12,14.51,2460,1
2026-05-16 19:25:36,1.2,11.35,11.33,11.47,1545545,90130,5.8,0,0,0.0,1007,474,50,16.95,3.01,6.96,13.99,2462,2
2026-05-16 19:26:37,1.3,11.40,11.38,11.48,1545545,90139,5.8,0,0,0.0,1007,474,50,15.53,2.86,4.46,11.32,2456,5
2026-05-16 19:27:37,1.5,14.01,12.00,11.68,1545545,90146,5.8,0,0,0.0,1007,474,50,12.83,2.89,4.33,11.51,2457,4
2026-05-16 19:28:37,1.1,11.40,11.60,11.56,1545545,90150,5.8,0,0,0.0,1007,474,50,18.82,2.97,1.00,7.64,2456,6
2026-05-16 19:29:38,1.4,13.13,12.02,11.70,1545545,90177,5.8,0,0,0.0,1007,474,50,16.74,2.91,3.93,11.01,2463,4
2026-05-16 19:30:38,2.1,17.87,13.86,12.37,1545545,90209,5.8,0,0,0.0,1007,474,50,12.62,2.99,12.41,19.04,2480,5
2026-05-16 19:31:38,1.1,19.54,15.33,12.99,1545545,90198,5.8,0,0,0.0,1007,474,50,20.70,2.76,9.78,16.41,2481,4
2026-05-16 19:32:39,1.0,13.42,14.33,12.79,1545545,90185,5.8,0,0,0.0,1007,474,50,17.23,2.92,1.10,7.96,2470,4
2026-05-16 19:33:39,3.2,16.11,15.11,13.16,1545545,90189,5.8,0,0,0.0,1007,474,50,16.80,3.09,11.35,18.31,2481,8
2026-05-16 19:34:39,3.2,18.13,15.62,13.45,1545545,90211,5.8,0,0,0.0,1007,474,50,18.54,2.96,6.78,13.91,2486,7
2026-05-16 19:35:40,1.4,15.43,15.45,13.53,1545545,90204,5.8,0,0,0.0,1007,474,50,11.38,2.86,10.18,17.21,2466,3
2026-05-16 19:36:40,1.1,11.45,14.33,13.27,1545545,90203,5.8,0,0,0.0,1007,474,50,16.60,2.91,1.00,7.64,2481,2
2026-05-16 19:37:40,0.9,11.90,13.82,13.15,1545545,90197,5.8,0,0,0.0,1007,474,50,18.26,2.98,1.48,8.29,2481,2
2026-05-16 19:38:41,1.4,13.35,13.87,13.21,1545545,90195,5.8,0,0,0.0,1007,474,50,16.54,2.73,8.79,16.04,2472,8
2026-05-16 19:39:41,1.1,11.07,13.11,12.99,1545545,90219,5.8,0,0,0.0,1007,474,50,15.57,2.85,1.05,7.62,2470,6
2026-05-16 19:40:41,1.2,11.68,12.93,12.93,1545545,90195,5.8,0,0,0.0,1007,474,50,19.01,2.64,2.47,9.34,2468,1
2026-05-16 19:41:42,1.3,11.76,12.77,12.88,1545545,90190,5.8,0,0,0.0,1007,474,50,14.80,2.94,6.82,13.56,2458,2
2026-05-16 19:42:42,1.4,11.68,12.55,12.80,1545545,90183,5.8,0,0,0.0,1007,474,50,16.46,2.84,9.42,16.61,2468,6
2026-05-16 19:43:42,1.3,11.28,12.30,12.70,1545545,89994,5.8,0,0,0.0,1007,474,50,22.37,3.05,2.08,8.88,2465,5
2026-05-16 19:44:43,3.3,12.64,12.34,12.68,1545545,90036,5.8,0,0,0.0,1007,474,50,19.16,2.89,1.36,8.09,2458,5
2026-05-16 19:45:43,1.9,12.95,12.56,12.74,1545545,90113,5.8,0,0,0.0,1007,474,50,17.25,2.96,11.47,18.24,2467,4
2026-05-16 19:46:43,1.2,11.29,12.14,12.58,1545545,90087,5.8,0,0,0.0,1007,474,50,15.30,2.88,0.99,7.66,2482,5
2026-05-16 19:47:43,0.9,11.33,12.09,12.54,1545545,90079,5.8,0,0,0.0,1007,474,50,16.34,2.86,6.49,13.30,2473,1
2026-05-16 19:48:44,1.2,11.74,12.05,12.50,1545545,90075,5.8,0,0,0.0,1007,474,50,21.38,3.04,5.96,12.91,2474,1
2026-05-16 19:49:44,1.0,10.68,11.70,12.35,1545545,90037,5.8,0,0,0.0,1007,474,50,21.06,2.79,1.04,7.66,2475,1
2026-05-16 19:50:44,1.4,11.03,11.62,12.28,1545545,89989,5.8,0,0,0.0,1007,474,50,22.92,2.95,6.20,12.78,2453,5
2026-05-16 19:51:45,1.6,12.62,12.04,12.38,1545545,90050,5.8,0,0,0.0,1007,474,50,24.19,2.82,7.84,15.35,2451,3
2026-05-16 19:52:45,1.0,12.52,12.00,12.34,1545545,90116,5.8,0,0,0.0,1007,474,50,38.47,3.04,5.36,12.53,2470,4
2026-05-16 19:53:45,1.9,11.66,11.84,12.26,1545545,90122,5.8,0,0,0.0,1007,474,50,21.46,2.80,7.94,14.33,2469,6
2026-05-16 19:54:46,3.4,12.03,11.86,12.24,1545545,90114,5.8,0,0,0.0,1007,474,50,18.37,2.91,7.27,14.27,2471,6
2026-05-16 19:55:46,2.0,13.17,12.20,12.33,1545545,90121,5.8,0,0,0.0,1007,474,50,17.35,2.94,9.36,16.24,2488,4
2026-05-16 19:56:46,1.0,11.57,11.98,12.25,1545545,90057,5.8,0,0,0.0,1007,474,50,18.73,2.90,3.79,10.12,2477,6
2026-05-16 19:57:47,1.2,10.01,11.44,12.04,1545545,90011,5.8,0,0,0.0,1007,474,50,16.37,2.79,1.02,7.74,2463,9
2026-05-16 19:58:47,3.5,11.92,11.64,12.06,1545545,90135,5.8,0,0,0.0,1007,474,50,17.55,2.67,1.71,8.55,2470,6
2026-05-16 19:59:47,1.2,11.22,11.50,11.99,1545545,90132,5.8,0,0,0.0,1007,474,50,35.03,2.84,2.25,9.05,2466,4
2026-05-16 20:00:48,1.5,11.16,11.50,11.96,1545545,90126,5.8,0,0,0.0,1007,474,50,22.61,3.05,5.01,12.10,2453,3
2026-05-16 20:01:48,1.3,10.16,11.13,11.80,1545545,90127,5.8,0,0,0.0,1007,474,50,21.43,47.12,1.03,7.69,2463,1
2026-05-16 20:02:48,3.1,10.94,11.18,11.78,1545545,90103,5.8,0,0,0.0,1007,474,50,27.47,2.92,5.13,12.31,2465,5
2026-05-16 20:03:49,1.0,10.99,11.23,11.76,1545545,90043,5.8,0,0,0.0,1007,474,50,22.38,2.95,7.04,13.34,2466,4
2026-05-16 20:04:49,1.7,10.61,11.06,11.67,1545545,90173,5.8,0,0,0.0,1007,474,50,20.78,2.83,8.19,14.46,2458,2
2026-05-16 20:05:49,2.3,11.35,11.14,11.65,1545545,90197,5.8,0,0,0.0,1007,474,50,18.07,2.96,5.10,11.78,2463,3
2026-05-16 20:06:50,1.4,11.03,11.08,11.60,1545545,90173,5.8,0,0,0.0,1007,474,50,11.14,2.87,4.19,10.56,2467,2
2026-05-16 20:07:50,1.2,12.14,11.41,11.69,1545545,90203,5.8,0,0,0.0,1007,474,50,15.92,3.06,7.74,14.84,2459,1
2026-05-16 20:08:50,1.7,11.38,11.40,11.67,1545545,90099,5.8,0,0,0.0,1007,474,50,17.88,2.91,5.88,13.08,2469,3
2026-05-16 20:09:51,10.5,10.65,11.20,11.58,1545545,90046,5.8,0,0,0.0,1007,474,50,14.07,2.92,1.40,8.15,2464,27
2026-05-16 20:10:51,3.6,12.26,11.56,11.68,1545545,90231,5.8,0,0,0.0,1007,474,50,15.11,2.94,7.82,15.26,2466,2
2026-05-16 20:11:51,3.1,12.40,11.67,11.71,1545545,90228,5.8,0,0,0.0,1007,474,50,13.80,2.71,8.00,14.60,2477,7
2026-05-16 20:12:52,3.3,13.26,12.13,11.87,1545545,90198,5.8,0,0,0.0,1007,474,50,16.75,2.93,7.47,14.72,2465,7
2026-05-16 20:13:52,1.4,11.12,11.75,11.76,1545545,90162,5.8,0,0,0.0,1007,474,50,18.12,3.01,2.81,9.79,2456,2
2026-05-16 20:14:52,3.2,11.07,11.63,11.71,1545545,90144,5.8,0,0,0.0,1007,474,50,19.67,2.99,4.96,12.09,2469,6
2026-05-16 20:15:53,1.3,10.76,11.46,11.65,1545545,90104,5.8,0,0,0.0,1007,474,50,17.66,2.85,2.92,9.76,2466,2
2026-05-16 20:16:53,3.4,12.85,11.86,11.77,1545545,90140,5.8,0,0,0.0,1007,474,50,17.85,2.98,6.02,13.27,2463,8
2026-05-16 20:17:53,4.5,12.06,11.82,11.76,1545545,90216,5.8,0,0,0.0,1007,474,50,15.13,2.52,3.68,10.77,2473,8
2026-05-16 20:18:54,1.5,12.34,11.99,11.83,1545545,90189,5.8,0,0,0.0,1007,474,50,17.64,2.96,6.12,13.37,2477,1
2026-05-16 20:19:54,3.0,13.19,12.32,11.96,1545545,90101,5.8,0,0,0.0,1007,474,50,34.69,2.99,7.45,14.81,2463,5
2026-05-16 20:20:54,1.0,12.98,12.48,12.04,1545545,90053,5.8,0,0,0.0,1007,474,50,18.12,2.98,9.89,17.43,2463,2
2026-05-16 20:21:55,1.5,11.44,12.11,11.93,1545545,90055,5.8,0,0,0.0,1007,474,50,16.57,2.79,2.84,9.78,2460,1
2026-05-16 20:22:55,3.1,12.16,12.07,11.92,1545545,90028,5.8,0,0,0.0,1007,474,50,16.20,2.88,2.65,9.41,2452,5
2026-05-16 20:23:55,1.2,11.51,11.94,11.89,1545545,90101,5.8,0,0,0.0,1007,474,50,16.20,2.85,3.07,10.00,2464,7
2026-05-16 20:24:56,11.3,11.47,11.84,11.86,1545545,90098,5.8,0,0,0.0,1007,474,50,22.48,3.26,1.10,7.90,2470,24
2026-05-16 20:25:56,8.8,12.84,12.29,12.02,1545545,90125,5.8,0,0,0.0,1007,474,50,27.20,2.77,10.00,17.18,2470,18
2026-05-16 20:26:56,1.2,12.89,12.42,12.08,1545545,90119,5.8,0,0,0.0,1007,474,50,28.71,2.85,6.97,14.00,2458,1
2026-05-16 20:27:57,3.3,11.30,12.06,11.98,1545545,90057,5.8,0,0,0.0,1007,474,50,19.01,2.93,4.82,11.98,2457,5
2026-05-16 20:28:57,1.5,11.50,11.98,11.96,1545545,90028,5.8,0,0,0.0,1007,474,50,15.84,2.96,6.77,13.97,2456,8
2026-05-16 20:29:57,1.2,10.98,11.73,11.87,1545545,90136,5.8,0,0,0.0,1007,474,50,21.82,3.14,3.93,10.99,2456,6
2026-05-16 20:30:58,3.8,11.43,11.74,11.87,1545545,90176,5.8,0,0,0.0,1007,474,50,19.33,2.88,7.13,14.29,2458,4
2026-05-16 20:31:58,1.1,13.35,12.23,12.03,1545545,90152,5.8,0,0,0.0,1007,474,50,24.83,2.82,10.45,17.87,2474,1
2026-05-16 20:32:58,1.3,11.03,11.76,11.88,1545545,90098,5.8,0,0,0.0,1007,474,50,34.72,3.09,1.02,7.66,2477,1
2026-05-16 20:33:59,3.6,13.88,12.31,12.05,1545545,90115,5.8,0,0,0.0,1007,474,50,22.04,2.89,5.37,12.69,2475,4
2026-05-16 20:34:59,1.1,11.39,11.97,11.96,1545545,90031,5.8,0,0,0.0,1007,474,50,20.21,2.76,3.22,10.18,2463,2
2026-05-16 20:35:59,1.4,13.18,12.30,12.07,1545545,90049,5.8,0,0,0.0,1007,474,50,15.23,3.00,3.57,10.48,2465,3
2026-05-16 20:37:00,1.3,12.90,12.44,12.14,1545545,90165,5.8,0,0,0.0,1007,474,50,15.69,2.91,7.66,14.41,2448,1
2026-05-16 20:38:00,1.2,11.44,12.14,12.05,1545545,90123,5.8,0,0,0.0,1007,474,50,17.66,2.73,4.26,11.28,2460,3
2026-05-16 20:39:00,2.4,10.35,11.68,11.90,1545545,90143,5.8,0,0,0.0,1007,474,50,27.03,2.96,2.48,9.31,2460,6
2026-05-16 20:40:01,1.4,10.50,11.49,11.82,1545545,90111,5.8,0,0,0.0,1007,474,50,22.51,2.99,3.24,10.36,2476,2
2026-05-16 20:41:01,1.1,10.34,11.27,11.72,1545545,90043,5.8,0,0,0.0,1007,474,50,24.03,2.81,1.78,8.47,2468,2
2026-05-16 20:42:01,1.3,13.89,12.22,12.03,1545545,90170,5.8,0,0,0.0,1007,474,50,20.25,2.86,9.39,16.93,2480,1
2026-05-16 20:43:02,3.2,12.26,12.09,11.99,1545545,90161,5.8,0,0,0.0,1007,474,50,16.39,2.92,8.10,14.27,2463,6
2026-05-16 20:44:02,2.5,11.49,11.94,11.95,1545545,90139,5.8,0,0,0.0,1007,474,50,21.37,3.05,6.35,13.20,2466,4
2026-05-16 20:45:02,1.3,11.46,11.85,11.92,1545545,90083,5.8,0,0,0.0,1007,474,50,20.67,2.97,5.80,12.83,2448,5
2026-05-16 20:46:03,1.4,10.94,11.68,11.86,1545545,90104,5.8,0,0,0.0,1007,474,50,13.92,2.96,3.22,10.18,2458,2
2026-05-16 20:47:03,1.3,10.39,11.39,11.74,1545545,90232,5.8,0,0,0.0,1007,474,50,27.13,2.94,1.03,7.67,2450,2
2026-05-16 20:48:03,1.4,9.65,10.98,11.58,1545545,90207,5.8,0,0,0.0,1007,474,50,28.79,2.82,0.99,7.71,2467,7
2026-05-16 20:49:04,1.3,10.66,10.97,11.54,1545545,90235,5.8,0,0,0.0,1007,474,50,25.16,2.84,7.51,13.67,2463,3
2026-05-16 20:50:04,1.0,14.49,12.23,11.95,1545545,90239,5.8,0,0,0.0,1007,474,50,24.63,2.98,7.99,15.49,2459,2
2026-05-16 20:51:04,2.8,12.35,11.98,11.88,1545545,90265,5.8,0,0,0.0,1007,474,50,19.38,2.66,3.62,10.55,2453,6
2026-05-16 20:52:05,1.2,12.40,12.16,11.95,1545545,90131,5.8,0,0,0.0,1007,474,50,15.25,2.79,5.69,13.04,2450,1
2026-05-16 20:53:05,1.0,10.25,11.59,11.77,1545545,90146,5.8,0,0,0.0,1007,474,50,20.10,2.99,1.01,7.68,2462,5
2026-05-16 20:54:05,1.1,9.41,11.10,11.59,1545545,90103,5.8,0,0,0.0,1007,474,50,15.93,2.80,1.77,8.48,2468,6
2026-05-16 20:55:05,1.3,9.31,10.76,11.44,1545545,90101,5.8,0,0,0.0,1007,474,50,20.09,3.07,1.43,8.37,2470,6
2026-05-16 20:56:06,1.3,10.28,10.80,11.41,1545545,90250,5.8,0,0,0.0,1007,474,50,21.30,2.77,3.31,10.07,2473,1
2026-05-16 20:57:06,1.2,10.90,10.85,11.38,1545545,90138,5.8,0,0,0.0,1007,474,50,17.73,3.06,5.17,12.02,2464,4
2026-05-16 20:58:06,3.4,11.57,10.98,11.39,1545545,90117,5.8,0,0,0.0,1007,474,50,19.35,2.87,6.74,13.46,2458,7
2026-05-16 20:59:07,1.9,10.42,10.78,11.30,1545545,90067,5.8,0,0,0.0,1007,474,50,21.24,2.92,4.53,11.66,2453,5
2026-05-16 21:00:07,3.2,10.56,10.76,11.26,1545545,90075,5.8,0,0,0.0,1007,474,50,19.00,2.99,3.54,10.59,2457,10
2026-05-16 21:01:07,1.0,11.03,10.95,11.29,1545545,90030,5.8,0,0,0.0,1007,474,50,22.84,45.13,8.86,15.85,2457,4
2026-05-16 21:02:08,1.5,11.07,10.95,11.27,1545545,90150,5.8,0,0,0.0,1007,474,50,21.54,2.95,5.74,12.93,2463,2
2026-05-16 21:03:08,1.5,10.90,10.89,11.23,1545545,90126,5.8,0,0,0.0,1007,474,50,11.51,2.92,4.27,11.31,2451,2
2026-05-16 21:04:08,1.1,10.75,10.89,11.21,1545545,90115,5.8,0,0,0.0,1007,474,50,19.84,2.82,0.99,7.70,2457,1
2026-05-16 21:05:09,1.8,10.60,10.78,11.15,1545545,90116,5.8,0,0,0.0,1007,474,50,21.68,3.10,2.88,9.91,2471,2
2026-05-16 21:06:09,0.9,9.57,10.49,11.02,1545545,90071,5.8,0,0,0.0,1007,474,50,18.98,2.94,1.03,7.67,2469,2
2026-05-16 21:07:09,3.2,11.07,10.76,11.09,1545545,90134,5.8,0,0,0.0,1007,474,50,18.18,2.99,9.35,16.62,2465,9
2026-05-16 21:08:10,1.2,10.67,10.73,11.06,1545545,90168,5.8,0,0,0.0,1007,474,50,21.08,2.90,4.61,11.65,2461,2
2026-05-16 21:09:10,1.5,11.31,10.88,11.08,1545545,90124,5.8,0,0,0.0,1007,474,50,17.93,2.55,4.24,11.29,2452,2
2026-05-16 21:10:10,3.4,11.92,11.12,11.15,1545545,90153,5.8,0,0,0.0,1007,474,50,21.19,3.05,2.89,9.82,2448,7
2026-05-16 21:11:11,2.5,11.98,11.32,11.22,1545545,90092,5.8,0,0,0.0,1007,474,50,19.36,2.92,5.14,11.54,2456,1
2026-05-16 21:12:11,1.0,11.04,11.24,11.21,1545545,90058,5.8,0,0,0.0,1007,474,50,18.06,2.87,6.72,13.56,2467,1
2026-05-16 21:13:11,3.0,17.42,12.75,11.71,1545545,90076,5.8,0,0,0.0,1007,474,50,18.52,2.90,6.55,13.35,2471,3
2026-05-16 21:14:12,1.2,17.08,13.67,12.10,1545545,90161,5.8,0,0,0.0,1007,474,50,14.02,2.93,10.19,16.93,2470,1
2026-05-16 21:15:12,3.7,16.05,13.85,12.25,1545545,90181,5.8,0,0,0.0,1007,474,50,13.79,3.07,3.35,10.41,2472,3
2026-05-16 21:16:12,1.1,17.01,14.75,12.67,1545545,90155,5.8,0,0,0.0,1007,474,50,11.70,2.94,6.33,13.62,2464,1
2026-05-16 21:17:13,1.1,15.44,14.77,12.81,1545545,90165,5.8,0,0,0.0,1007,474,50,13.97,2.95,5.12,12.13,2471,5
2026-05-16 21:18:13,2.9,19.75,16.11,13.39,1545545,90157,5.8,0,0,0.0,1007,474,50,16.30,2.82,9.37,16.39,2481,7
2026-05-16 21:19:13,3.0,20.71,17.01,13.87,1545545,90237,5.8,0,0,0.0,1007,474,50,17.41,2.85,10.92,17.65,2474,5
2026-05-16 21:20:14,3.4,17.90,17.00,14.07,1545545,90254,5.8,0,0,0.0,1007,474,50,17.05,2.99,9.73,16.57,2474,5
2026-05-16 21:21:14,1.2,14.86,16.39,14.05,1545545,90252,5.8,0,0,0.0,1007,474,50,14.32,3.02,4.58,11.70,2479,6
2026-05-16 21:22:14,3.4,11.67,15.16,13.77,1545545,90290,5.8,0,0,0.0,1007,474,50,14.47,2.77,1.75,8.55,2481,8
2026-05-16 21:23:15,3.1,13.04,14.94,13.78,1545545,90276,5.8,0,0,0.0,1007,474,50,20.22,2.91,4.60,11.74,2477,7
2026-05-16 21:24:15,1.2,11.02,14.02,13.54,1545545,90241,5.8,0,0,0.0,1007,474,50,20.80,2.93,1.83,8.55,2464,3
2026-05-16 21:25:15,2.8,10.99,13.52,13.40,1545545,90249,5.8,0,0,0.0,1007,474,50,17.45,3.12,5.51,12.47,2460,4
2026-05-16 21:26:16,2.1,15.27,14.28,13.67,1545545,90298,5.8,0,0,0.0,1007,474,50,25.34,2.89,12.06,19.06,2457,10
2026-05-16 21:27:16,1.6,12.88,13.73,13.51,1545545,90319,5.8,0,0,0.0,1007,474,50,16.30,2.92,13.97,19.02,2446,3
2026-05-16 21:28:16,1.3,12.25,13.40,13.41,1545545,90260,5.8,0,0,0.0,1007,474,50,14.87,2.66,2.31,9.08,2442,3
2026-05-16 21:29:17,3.0,13.47,13.37,13.39,1545545,90297,5.8,0,0,0.0,1007,474,50,18.33,2.84,4.65,11.86,2456,5
2026-05-16 21:30:17,1.4,12.13,13.06,13.29,1545545,90273,5.8,0,0,0.0,1007,474,50,16.19,2.96,4.57,11.64,2454,5
2026-05-16 21:31:17,3.3,13.33,13.23,13.33,1545545,90322,5.8,0,0,0.0,1007,474,50,12.97,3.00,5.14,12.49,2456,5
2026-05-16 21:32:18,2.1,12.11,12.92,13.22,1545545,90320,5.8,0,0,0.0,1007,474,50,14.54,3.05,4.53,11.58,2459,2
2026-05-16 21:33:18,1.7,11.98,12.82,13.17,1545545,90160,5.8,0,0,0.0,1007,474,50,12.78,3.11,6.80,14.13,2455,1
2026-05-16 21:34:18,3.1,10.71,12.27,12.96,1545545,90206,5.8,0,0,0.0,1007,474,50,14.32,2.81,1.49,8.23,2456,8
2026-05-16 21:35:19,1.0,12.36,12.53,13.00,1545545,90174,5.8,0,0,0.0,1007,474,50,20.62,3.03,9.08,16.33,2448,3
2026-05-16 21:36:19,2.1,12.26,12.39,12.92,1545545,90229,5.8,0,0,0.0,1007,474,50,17.73,3.05,5.60,12.32,2449,4
2026-05-16 21:37:19,1.2,11.55,12.22,12.83,1545545,90239,5.8,0,0,0.0,1007,474,50,13.33,2.77,6.70,13.93,2456,5
2026-05-16 21:38:20,1.3,10.24,11.76,12.64,1545545,90195,5.8,0,0,0.0,1007,474,50,13.05,2.88,2.11,8.96,2461,3
2026-05-16 21:39:20,3.3,11.36,11.78,12.59,1545545,90226,5.8,0,0,0.0,1007,474,50,13.74,2.92,8.50,15.61,2461,6
2026-05-16 21:40:20,3.2,12.25,11.91,12.58,1545545,90243,5.8,0,0,0.0,1007,474,50,12.61,2.95,7.28,14.38,2456,11
2026-05-16 21:41:21,10.2,17.37,13.56,13.11,1545545,90261,5.8,0,0,0.0,1007,474,50,21.37,2.52,1.88,8.74,2456,19
2026-05-16 21:42:21,8.6,15.31,13.59,13.14,1545545,90247,5.8,0,0,0.0,1007,474,50,12.92,2.92,8.96,15.41,2459,9
2026-05-16 21:43:21,1.3,15.22,13.82,13.24,1545545,90245,5.8,0,0,0.0,1007,474,50,12.37,2.97,9.54,16.70,2457,3
2026-05-16 21:44:22,1.1,14.57,13.96,13.33,1545545,90230,5.8,0,0,0.0,1007,474,50,17.98,2.78,7.68,15.01,2464,6
2026-05-16 21:45:22,1.5,11.47,13.22,13.12,1545545,90245,5.8,0,0,0.0,1007,474,50,23.85,3.10,1.01,7.65,2461,3
2026-05-16 21:46:22,3.0,12.93,13.29,13.15,1545545,90286,5.8,0,0,0.0,1007,474,50,25.90,3.14,7.89,14.95,2447,9
2026-05-16 21:47:23,1.1,13.56,13.49,13.23,1545545,90277,5.8,0,0,0.0,1007,474,50,38.94,2.89,8.72,16.25,2447,4
2026-05-16 21:48:23,1.2,11.92,13.02,13.08,1545545,90249,5.8,0,0,0.0,1007,474,50,15.77,2.74,3.22,10.09,2444,2
2026-05-16 21:49:23,3.0,12.10,12.98,13.07,1545545,90236,5.8,0,0,0.0,1007,474,50,18.29,2.99,5.86,12.87,2431,3
2026-05-16 21:50:24,3.2,11.83,12.67,12.95,1545545,90288,5.8,0,0,0.0,1007,474,50,15.77,2.98,4.21,11.16,2434,8
2026-05-16 21:51:24,1.4,11.59,12.46,12.86,1545545,90274,5.8,0,0,0.0,1007,474,50,20.57,2.82,2.34,9.26,2441,3
2026-05-16 21:52:24,1.0,11.58,12.31,12.79,1545545,90269,5.8,0,0,0.0,1007,474,50,15.30,2.89,4.33,11.38,2435,3
2026-05-16 21:53:25,1.1,13.22,12.66,12.88,1545545,90248,5.8,0,0,0.0,1007,474,50,13.54,2.97,7.56,15.03,2441,2
2026-05-16 21:54:25,3.1,14.78,13.19,13.05,1545545,90300,5.8,0,0,0.0,1007,474,50,23.37,2.98,11.75,18.94,2452,6
2026-05-16 21:55:25,1.8,19.12,14.99,13.69,1545545,90328,5.8,0,0,0.0,1007,474,50,20.00,2.99,12.01,18.50,2457,6
2026-05-16 21:56:26,1.3,18.84,15.53,13.95,1545545,90333,5.8,0,0,0.0,1007,474,50,13.99,3.04,12.02,19.51,2463,6
2026-05-16 21:57:26,1.9,15.40,15.10,13.90,1545545,90353,5.8,0,0,0.0,1007,474,50,20.54,3.01,6.96,13.63,2463,6
2026-05-16 21:58:26,1.2,12.67,14.39,13.73,1545545,90298,5.8,0,0,0.0,1007,474,50,20.73,2.91,3.01,9.36,2472,7
2026-05-16 21:59:27,1.3,11.21,13.67,13.52,1545545,90301,5.8,0,0,0.0,1007,474,50,18.94,2.78,2.47,9.36,2460,1
2026-05-16 22:00:27,1.1,10.70,13.09,13.33,1545545,90336,5.8,0,0,0.0,1007,474,50,19.64,3.09,2.08,8.91,2454,1
2026-05-16 22:01:27,3.5,13.64,13.44,13.43,1545545,90351,5.8,0,0,0.0,1007,474,50,26.13,45.04,11.00,17.67,2461,12
2026-05-16 22:02:28,2.7,11.60,12.96,13.27,1545545,90357,5.8,0,0,0.0,1007,474,50,12.85,2.98,2.77,9.59,2461,4
2026-05-16 22:03:28,4.9,13.09,13.04,13.27,1545545,90349,5.8,0,0,0.0,1007,474,50,17.99,2.77,6.72,13.94,2448,6
2026-05-16 22:04:28,3.4,13.11,13.05,13.26,1545545,90345,5.8,0,0,0.0,1007,474,50,14.37,2.97,10.05,17.20,2450,5
2026-05-16 22:05:29,3.7,11.70,12.63,13.10,1545545,90384,5.8,0,0,0.0,1007,474,50,17.22,3.04,7.61,14.20,2461,6
2026-05-16 22:06:29,1.6,12.78,12.85,13.15,1545545,90368,5.8,0,0,0.0,1007,474,50,22.04,2.86,7.42,14.80,2445,3
2026-05-16 22:07:29,1.5,11.24,12.39,12.97,1545545,90262,5.8,0,0,0.0,1007,474,50,17.19,2.98,4.17,10.84,2451,3
2026-05-16 22:08:30,3.8,11.15,12.14,12.85,1545545,90357,5.8,0,0,0.0,1007,474,50,24.38,3.18,4.35,11.57,2453,4
2026-05-16 22:09:30,1.7,11.14,11.95,12.74,1545545,90213,5.8,0,0,0.0,1007,474,50,18.55,2.50,4.67,11.73,2450,1
2026-05-16 22:10:30,1.8,11.47,11.93,12.68,1545545,90238,5.8,0,0,0.0,1007,474,50,16.86,2.88,2.11,8.84,2443,2
2026-05-16 22:11:31,3.4,13.55,12.31,12.76,1545545,90276,5.8,0,0,0.0,1007,474,50,15.37,3.04,8.21,15.65,2454,5
2026-05-16 22:12:31,1.4,12.49,12.19,12.68,1545545,90287,5.8,0,0,0.0,1007,474,50,11.69,2.99,10.65,17.26,2458,2
2026-05-16 22:13:31,1.5,11.22,11.85,12.54,1545545,90242,5.8,0,0,0.0,1007,474,50,19.55,2.85,2.54,9.29,2462,6
2026-05-16 22:14:32,1.2,12.53,12.10,12.58,1545545,90234,5.8,0,0,0.0,1007,474,50,15.34,2.82,7.99,14.74,2460,7
2026-05-16 22:15:32,1.7,12.06,12.12,12.56,1545545,90252,5.8,0,0,0.0,1007,474,50,11.32,3.20,3.51,10.46,2461,6
2026-05-16 22:16:32,2.5,12.52,12.34,12.61,1545545,90285,5.8,0,0,0.0,1007,474,50,13.52,2.97,8.25,15.03,2467,3
2026-05-16 22:17:33,1.2,11.07,11.99,12.48,1545545,90279,5.8,0,0,0.0,1007,474,50,18.80,3.00,1.08,8.00,2458,6
2026-05-16 22:18:33,1.5,10.56,11.68,12.33,1545545,90281,5.8,0,0,0.0,1007,474,50,15.58,2.84,3.23,10.08,2461,3
2026-05-16 22:19:33,3.2,10.40,11.46,12.22,1545545,90307,5.8,0,0,0.0,1007,474,50,17.84,2.95,1.52,8.26,2477,7
2026-05-16 22:20:34,1.1,10.06,11.18,12.07,1545545,90296,5.8,0,0,0.0,1007,474,50,17.56,3.00,1.26,7.99,2472,4
2026-05-16 22:21:34,1.3,12.03,11.46,12.10,1545545,90270,5.8,0,0,0.0,1007,474,50,20.36,2.93,4.95,12.11,2478,4
2026-05-16 22:22:34,3.4,10.76,11.19,11.97,1545545,90245,5.8,0,0,0.0,1007,474,50,25.35,2.95,1.66,8.61,2478,10
2026-05-16 22:23:35,1.6,12.31,11.74,12.12,1545545,90226,5.8,0,0,0.0,1007,474,50,16.28,2.88,11.04,16.79,2469,1
2026-05-16 22:24:35,1.6,10.55,11.35,11.96,1545545,90170,5.8,0,0,0.0,1007,474,50,18.89,2.86,1.02,7.67,2464,4
2026-05-16 22:25:35,1.9,12.69,11.89,12.11,1545545,90204,5.8,0,0,0.0,1007,474,50,15.80,3.06,7.89,15.37,2450,22
2026-05-16 22:26:36,1.3,12.92,12.21,12.22,1545545,90273,5.8,0,0,0.0,1007,474,50,9.62,3.02,6.07,13.35,2456,1
2026-05-16 22:27:36,1.7,11.02,11.78,12.07,1545545,90253,5.8,0,0,0.0,1007,474,50,22.14,2.93,1.80,8.67,2455,3
2026-05-16 22:28:36,3.0,11.51,11.76,12.04,1545545,90240,5.8,0,0,0.0,1007,474,50,22.14,2.78,3.78,10.62,2452,4
2026-05-16 22:29:37,1.2,10.94,11.55,11.95,1545545,90213,5.8,0,0,0.0,1007,474,50,21.85,2.95,3.14,10.02,2466,5
2026-05-16 22:30:37,3.1,10.41,11.25,11.82,1545545,90267,5.8,0,0,0.0,1007,474,50,16.41,3.09,3.11,9.99,2465,4
2026-05-16 22:31:37,3.5,12.07,11.48,11.85,1545545,90307,5.8,0,0,0.0,1007,474,50,23.10,2.98,6.26,13.55,2466,5
2026-05-16 22:32:38,2.5,10.56,11.17,11.72,1545545,90279,5.8,0,0,0.0,1007,474,50,17.03,2.86,2.09,9.00,2479,4
2026-05-16 22:33:38,1.1,15.16,12.08,11.98,1545545,90294,5.8,0,0,0.0,1007,474,50,19.08,3.11,3.61,10.50,2476,1
2026-05-16 22:34:38,1.4,13.53,12.18,12.02,1545545,90270,5.8,0,0,0.0,1007,474,50,21.71,2.87,5.46,12.52,2482,1
2026-05-16 22:35:39,1.1,11.56,11.87,11.93,1545545,90283,5.8,0,0,0.0,1007,474,50,24.96,3.06,1.01,7.65,2473,2
2026-05-16 22:36:39,1.2,12.78,12.11,12.00,1545545,90302,5.8,0,0,0.0,1007,474,50,18.25,2.83,5.33,12.57,2462,1
2026-05-16 22:37:39,1.2,10.88,11.69,11.86,1545545,90173,5.8,0,0,0.0,1007,474,50,18.06,2.67,2.14,9.24,2458,1
2026-05-16 22:38:40,3.2,14.12,12.39,12.09,1545545,90313,5.8,0,0,0.0,1007,474,50,21.14,2.88,8.54,16.02,2459,5
2026-05-16 22:39:40,2.0,12.66,12.31,12.08,1545545,90300,5.8,0,0,0.0,1007,474,50,27.05,2.84,5.47,12.61,2445,2
2026-05-16 22:40:41,3.2,10.80,11.81,11.92,1545545,90340,5.8,0,0,0.0,1007,474,50,32.96,2.93,1.38,8.18,2461,26
2026-05-16 22:41:41,11.6,12.20,12.02,11.98,1545545,90343,5.8,0,0,0.0,1007,474,50,21.20,2.88,12.53,19.39,2463,23
2026-05-16 22:42:41,1.4,11.14,11.78,11.90,1545545,90234,5.8,0,0,0.0,1007,474,50,31.47,2.95,4.08,11.06,2453,4
2026-05-16 22:43:42,3.7,12.88,12.04,11.98,1545545,90272,5.8,0,0,0.0,1007,474,50,20.98,2.86,5.75,12.83,2472,4
2026-05-16 22:44:42,1.2,11.06,11.71,11.87,1545545,90335,5.8,0,0,0.0,1007,474,50,24.00,2.97,2.66,9.44,2468,4
2026-05-16 22:45:42,1.5,11.38,11.71,11.86,1545545,90330,5.8,0,0,0.0,1007,474,50,17.52,3.19,7.12,13.94,2458,3
2026-05-16 22:46:43,1.3,13.44,12.27,12.05,1545545,90216,5.8,0,0,0.0,1007,474,50,22.85,2.91,7.57,14.96,2466,2
2026-05-16 22:47:43,1.5,11.77,11.93,11.94,1545545,90187,5.8,0,0,0.0,1007,474,50,21.25,2.92,7.05,13.54,2463,5
2026-05-16 22:48:43,1.6,11.77,11.91,11.93,1545545,90156,5.8,0,0,0.0,1007,474,50,19.50,2.93,3.71,10.44,2445,2
2026-05-16 22:49:44,3.3,12.41,12.03,11.97,1545545,90193,5.8,0,0,0.0,1007,474,50,20.32,2.91,6.24,13.22,2456,5
2026-05-16 22:50:44,1.3,12.72,12.24,12.05,1545545,90234,5.8,0,0,0.0,1007,474,50,21.19,3.01,11.26,17.81,2458,4
2026-05-16 22:51:44,1.0,10.55,11.72,11.88,1545545,90207,5.8,0,0,0.0,1007,474,50,20.54,2.77,1.02,7.71,2453,3
2026-05-16 22:52:45,1.1,9.65,11.27,11.71,1545545,90199,5.8,0,0,0.0,1007,474,50,22.66,2.91,1.08,7.99,2464,1
2026-05-16 22:53:45,1.1,10.46,11.18,11.65,1545545,90208,5.8,0,0,0.0,1007,474,50,25.77,2.85,2.14,8.86,2469,2
2026-05-16 22:54:45,1.2,11.56,11.36,11.68,1545545,90192,5.8,0,0,0.0,1007,474,50,19.71,2.89,6.74,13.63,2463,2
2026-05-16 22:55:46,1.4,10.75,11.22,11.62,1545545,90141,5.8,0,0,0.0,1007,474,50,32.44,3.02,1.03,7.77,2463,5
2026-05-16 22:56:46,1.2,11.35,11.34,11.63,1545545,90155,5.8,0,0,0.0,1007,474,50,17.07,2.89,5.38,12.55,2469,4
2026-05-16 22:57:46,1.1,10.31,11.04,11.51,1545545,90251,5.8,0,0,0.0,1007,474,50,13.10,3.01,1.43,8.32,2461,8
2026-05-16 22:58:47,3.3,13.11,11.92,11.80,1545545,90266,5.8,0,0,0.0,1007,474,50,18.23,2.79,11.90,18.43,2463,4
2026-05-16 22:59:47,1.1,16.25,13.06,12.20,1545545,90249,5.8,0,0,0.0,1007,475,50,15.38,2.82,8.05,15.37,2470,1
2026-05-16 23:00:47,1.0,12.00,12.41,12.03,1545545,90222,5.8,0,0,0.0,1007,475,50,16.91,3.20,1.03,7.66,2476,5
2026-05-16 23:01:48,3.7,18.02,14.01,12.60,1545545,90224,5.8,0,0,0.0,1007,474,50,19.56,44.71,8.48,15.38,2477,6
2026-05-16 23:02:48,1.9,18.91,15.00,13.03,1545545,90193,5.8,0,0,0.0,1007,474,50,20.96,3.02,8.12,15.14,2483,4
2026-05-16 23:03:48,2.1,18.68,15.65,13.37,1545545,90270,5.8,0,0,0.0,1007,474,50,19.56,2.84,9.40,15.61,2463,3
2026-05-16 23:04:49,1.2,13.77,14.78,13.22,1545545,90254,5.8,0,0,0.0,1007,474,50,52.97,2.95,3.99,10.21,2466,1
2026-05-16 23:05:49,1.3,11.98,14.09,13.08,1545545,90241,5.8,0,0,0.0,1007,474,50,23.13,2.61,1.42,8.13,2464,3
2026-05-16 23:06:49,1.0,10.61,13.34,12.88,1545545,90224,5.8,0,0,0.0,1007,474,50,17.71,2.88,1.01,7.68,2458,1
2026-05-16 23:07:50,1.3,13.58,13.92,13.12,1545545,90204,5.8,0,0,0.0,1007,474,50,18.15,3.07,6.92,14.28,2456,5
2026-05-16 23:08:50,3.2,19.50,15.47,13.70,1545545,90304,5.8,0,0,0.0,1007,474,50,15.05,3.16,4.97,12.19,2466,6
2026-05-16 23:09:50,1.1,14.47,14.88,13.61,1545545,90275,5.8,0,0,0.0,1007,474,50,17.03,2.86,5.14,12.09,2453,4
2026-05-16 23:10:51,1.2,11.08,13.85,13.33,1545545,90312,5.8,0,0,0.0,1007,474,50,22.07,3.08,1.06,7.76,2457,7
2026-05-16 23:11:51,1.5,13.08,13.98,13.42,1545545,90318,5.8,0,0,0.0,1007,474,50,18.25,2.89,5.36,12.54,2470,3
2026-05-16 23:12:51,3.1,13.38,13.92,13.43,1545545,90315,5.8,0,0,0.0,1007,474,50,16.66,2.90,8.88,16.33,2466,6
2026-05-16 23:13:52,3.1,14.25,14.12,13.54,1545545,90331,5.8,0,0,0.0,1007,474,50,19.63,2.86,10.40,17.73,2459,7
2026-05-16 23:14:52,1.5,12.90,13.76,13.45,1545545,90303,5.8,0,0,0.0,1007,474,50,17.04,3.04,9.59,16.66,2470,1
2026-05-16 23:15:52,2.7,10.74,13.00,13.21,1545545,90236,5.8,0,0,0.0,1007,474,50,40.74,3.06,1.04,7.66,2460,1
2026-05-16 23:16:53,1.5,12.07,12.94,13.17,1545545,90338,5.8,0,0,0.0,1007,474,50,28.87,2.53,4.64,11.81,2462,4
2026-05-16 23:17:53,1.2,13.79,13.21,13.25,1545545,90344,5.8,0,0,0.0,1007,474,50,15.97,3.00,6.12,13.28,2447,3
2026-05-16 23:18:53,1.4,12.77,13.16,13.24,1545545,90326,5.8,0,0,0.0,1007,474,50,20.01,2.97,7.54,15.10,2459,1
2026-05-16 23:19:54,3.3,11.41,12.69,13.07,1545545,90339,5.8,0,0,0.0,1007,474,50,16.69,3.01,6.92,13.87,2450,7
2026-05-16 23:20:54,1.0,11.27,12.56,13.00,1545545,90289,5.8,0,0,0.0,1007,474,50,20.19,2.81,3.05,9.86,2452,4
2026-05-16 23:21:54,3.0,11.43,12.23,12.85,1545545,90295,5.8,0,0,0.0,1007,474,50,16.79,2.85,1.67,8.43,2445,10
2026-05-16 23:22:55,3.5,10.73,11.88,12.69,1545545,90166,5.8,0,0,0.0,1007,474,50,16.18,3.04,4.57,11.81,2446,7
2026-05-16 23:23:55,1.1,13.23,12.33,12.79,1545545,90217,5.8,0,0,0.0,1007,474,50,22.27,2.82,7.10,14.40,2443,1
2026-05-16 23:24:55,1.1,11.34,11.95,12.63,1545545,90215,5.8,0,0,0.0,1007,474,50,16.30,3.04,1.74,8.49,2440,3
2026-05-16 23:25:56,5.0,12.16,12.08,12.63,1545545,90227,5.8,0,0,0.0,1007,474,50,17.28,2.90,8.94,16.05,2436,15
2026-05-16 23:26:56,1.0,12.48,12.23,12.65,1545545,90193,5.8,0,0,0.0,1007,474,50,19.25,3.00,2.89,9.64,2439,2
2026-05-16 23:27:56,3.7,13.26,12.47,12.71,1545545,90186,5.8,0,0,0.0,1007,474,50,15.15,2.80,8.59,15.60,2450,4
2026-05-16 23:28:57,2.1,17.77,13.71,13.11,1545545,90157,5.8,0,0,0.0,1007,474,50,33.27,2.96,7.30,14.36,2454,2
2026-05-16 23:29:57,3.1,14.31,13.51,13.08,1545545,90261,5.8,0,0,0.0,1007,474,50,19.59,3.08,7.99,15.17,2457,7
2026-05-16 23:30:57,1.2,12.04,13.01,12.94,1545545,90271,5.8,0,0,0.0,1007,474,50,11.33,2.95,4.65,11.51,2459,3
2026-05-16 23:31:58,3.0,11.94,12.77,12.86,1545545,90286,5.8,0,0,0.0,1007,474,50,24.33,2.84,6.64,13.48,2455,15
2026-05-16 23:32:58,1.3,10.84,12.27,12.67,1545545,90215,5.8,0,0,0.0,1007,474,50,18.43,3.01,2.75,9.25,2444,2
2026-05-16 23:33:58,1.2,10.82,12.03,12.57,1545545,90185,5.8,0,0,0.0,1007,474,50,17.88,3.07,3.60,10.67,2447,1
2026-05-16 23:34:59,3.2,11.74,12.04,12.53,1545545,90194,5.8,0,0,0.0,1007,474,50,24.70,2.93,10.19,16.52,2445,4
2026-05-16 23:35:59,2.2,13.17,12.46,12.65,1545545,90294,5.8,0,0,0.0,1007,474,50,21.45,2.93,13.16,19.36,2442,4
2026-05-16 23:36:59,1.7,12.30,12.31,12.58,1545545,90279,5.8,0,0,0.0,1007,474,50,15.78,3.02,8.78,15.54,2448,2
2026-05-16 23:38:00,1.3,12.09,12.25,12.55,1545545,90257,5.8,0,0,0.0,1007,474,50,16.25,2.55,2.47,9.45,2451,3
2026-05-16 23:39:00,3.1,12.68,12.23,12.51,1545545,90288,5.8,0,0,0.0,1007,474,50,20.46,2.94,2.81,9.82,2459,5
2026-05-16 23:40:00,1.1,13.29,12.54,12.60,1545545,90230,5.8,0,0,0.0,1007,474,50,27.66,2.96,6.37,13.28,2463,4
2026-05-16 23:41:01,1.4,11.97,12.28,12.51,1545545,90196,5.8,0,0,0.0,1007,474,50,25.56,3.01,2.47,9.37,2463,5
2026-05-16 23:42:01,3.0,11.77,12.17,12.46,1545545,90229,5.8,0,0,0.0,1007,474,50,15.49,2.83,3.73,10.64,2448,5
2026-05-16 23:43:01,3.5,12.66,12.42,12.53,1545545,90303,5.8,0,0,0.0,1007,474,50,15.94,2.70,7.07,14.46,2456,19
2026-05-16 23:44:02,1.5,12.59,12.50,12.55,1545545,90306,5.8,0,0,0.0,1007,474,50,17.87,3.02,10.48,17.80,2464,3
2026-05-16 23:45:02,2.4,11.64,12.18,12.43,1545545,90341,5.8,0,0,0.0,1007,474,50,19.46,3.23,3.86,10.56,2452,3
2026-05-16 23:46:02,2.5,11.23,11.93,12.33,1545545,90290,5.8,0,0,0.0,1007,474,50,19.44,2.96,5.01,11.85,2452,1
2026-05-16 23:47:03,3.4,11.61,11.87,12.28,1545545,90302,5.8,0,0,0.0,1007,474,50,16.14,2.80,5.06,12.27,2458,6
2026-05-16 23:48:03,1.0,10.54,11.56,12.15,1545545,90235,5.8,0,0,0.0,1007,474,50,19.35,2.83,3.78,10.81,2459,8
2026-05-16 23:49:03,4.5,12.05,11.78,12.18,1545545,90350,5.8,0,0,0.0,1007,475,50,29.22,2.96,8.55,15.38,2451,5
2026-05-16 23:50:04,3.0,13.99,12.40,12.37,1545545,90353,5.8,0,0,0.0,1007,475,50,30.10,2.98,11.82,19.80,2460,4
2026-05-16 23:51:04,4.0,13.76,12.54,12.41,1545545,90357,5.8,0,0,0.0,1007,475,50,21.71,2.87,2.22,8.98,2457,4
2026-05-16 23:52:04,1.3,12.37,12.46,12.40,1545545,90291,5.8,0,0,0.0,1007,475,50,21.77,2.82,6.59,13.21,2453,5
2026-05-16 23:53:05,1.4,12.06,12.31,12.35,1545545,90269,5.8,0,0,0.0,1007,475,50,38.22,2.92,4.82,11.74,2453,1
2026-05-16 23:54:05,1.1,10.53,11.82,12.18,1545545,90256,5.8,0,0,0.0,1007,475,50,19.37,2.88,1.05,7.77,2455,1
2026-05-16 23:55:05,1.5,13.67,12.62,12.44,1545545,90332,5.8,0,0,0.0,1007,475,50,18.88,3.09,1.80,8.58,2448,2
2026-05-16 23:56:06,3.4,11.43,12.13,12.28,1545545,90397,5.8,0,0,0.0,1007,475,50,16.16,2.93,1.95,8.78,2461,29
2026-05-16 23:57:06,1.9,12.87,12.48,12.39,1545545,90399,5.8,0,0,0.0,1007,475,50,19.73,2.49,9.96,16.84,2466,2
2026-05-16 23:58:06,1.4,13.43,12.66,12.46,1545545,90350,5.8,0,0,0.0,1007,475,50,25.35,2.92,10.49,16.94,2467,3
2026-05-16 23:59:07,1.1,12.16,12.44,12.39,1545545,90286,5.8,0,0,0.0,1007,475,50,18.16,2.99,2.76,9.74,2458,3
2026-05-17 00:00:07,1.3,11.27,12.14,12.29,1545545,90124,5.8,0,0,0.0,1007,475,50,18.42,2.99,3.62,10.72,2473,1
2026-05-17 00:01:07,1.1,10.39,11.73,12.14,1545545,90152,5.8,0,0,0.0,1007,474,50,15.97,49.54,2.49,9.28,2462,6
2026-05-17 00:02:08,1.6,10.58,11.54,12.05,1545545,90281,5.8,0,0,0.0,1007,474,50,16.84,2.92,3.95,10.98,2458,1
2026-05-17 00:03:08,2.2,11.06,11.46,11.99,1545545,90268,5.8,0,0,0.0,1007,474,50,18.75,2.91,7.34,13.92,2463,19
2026-05-17 00:04:08,1.0,11.92,11.66,12.02,1545545,90210,5.8,0,0,0.0,1007,474,50,18.79,2.94,4.90,11.31,2470,6
2026-05-17 00:05:09,2.1,10.95,11.42,11.91,1545545,90234,5.8,0,0,0.0,1007,474,50,24.11,2.91,5.48,12.24,2453,2
2026-05-17 00:06:09,1.1,11.30,11.49,11.91,1545545,90193,5.8,0,0,0.0,1007,474,50,25.78,2.92,7.66,14.70,2454,1
2026-05-17 00:07:09,1.0,11.03,11.33,11.83,1545545,90198,5.8,0,0,0.0,1007,474,50,23.26,2.86,3.57,10.50,2449,1
2026-05-17 00:08:10,1.5,11.28,11.31,11.79,1545545,90286,5.8,0,0,0.0,1007,474,50,19.62,3.02,3.89,11.07,2452,3
2026-05-17 00:09:10,1.1,10.46,11.08,11.68,1545545,90289,5.8,0,0,0.0,1007,474,50,21.68,2.87,1.35,8.09,2447,3
2026-05-17 00:10:10,3.5,11.10,11.14,11.66,1545545,90269,5.8,0,0,0.0,1007,474,50,17.11,2.93,7.43,14.73,2449,8
2026-05-17 00:11:11,3.3,12.00,11.32,11.68,1545545,90286,5.8,0,0,0.0,1007,474,50,22.64,2.95,5.87,13.07,2456,5
2026-05-17 00:12:11,1.2,10.63,11.07,11.57,1545545,90249,5.8,0,0,0.0,1007,474,50,21.37,2.85,2.31,9.10,2465,8
2026-05-17 00:13:11,3.0,12.14,11.37,11.64,1545545,90243,5.8,0,0,0.0,1007,474,50,15.44,2.70,9.06,16.08,2458,6
2026-05-17 00:14:11,1.9,13.24,11.74,11.75,1545545,90303,5.8,0,0,0.0,1007,474,50,22.64,2.80,7.75,15.11,2454,8
2026-05-17 00:15:12,1.8,11.79,11.62,11.71,1545545,90283,5.8,0,0,0.0,1007,474,50,19.77,2.77,9.57,15.90,2462,9
2026-05-17 00:16:12,5.3,10.76,11.36,11.61,1545545,90309,5.8,0,0,0.0,1007,474,50,16.88,3.02,3.90,10.65,2446,6
2026-05-17 00:17:12,1.2,13.56,12.08,11.84,1545545,90298,5.8,0,0,0.0,1007,474,50,24.36,2.86,8.99,16.29,2454,4
2026-05-17 00:18:13,1.1,12.10,11.92,11.80,1545545,90233,5.8,0,0,0.0,1007,474,50,31.35,2.90,4.72,11.63,2461,7
2026-05-17 00:19:13,1.0,10.74,11.58,11.69,1545545,90190,5.8,0,0,0.0,1007,474,50,18.52,2.90,1.01,7.65,2461,2
2026-05-17 00:20:13,2.1,12.42,11.85,11.78,1545545,90215,5.8,0,0,0.0,1007,474,50,18.24,2.87,6.10,13.61,2454,9
2026-05-17 00:21:14,1.1,11.94,11.77,11.75,1545545,90352,5.8,0,0,0.0,1007,474,50,19.60,2.88,5.76,12.96,2460,2
2026-05-17 00:22:14,1.5,10.50,11.39,11.62,1545545,90345,5.8,0,0,0.0,1007,474,50,17.31,2.80,3.24,10.09,2445,3
2026-05-17 00:23:14,1.2,10.66,11.22,11.54,1545545,90285,5.8,0,0,0.0,1007,474,50,25.34,2.89,1.03,7.77,2441,7
2026-05-17 00:24:15,1.2,9.77,10.85,11.39,1545545,90250,5.8,0,0,0.0,1007,474,50,15.72,2.73,1.02,7.72,2437,8
2026-05-17 00:25:15,3.0,12.44,11.40,11.55,1545545,90290,5.8,0,0,0.0,1007,474,50,17.85,3.10,9.50,17.04,2435,5
2026-05-17 00:26:15,1.3,11.00,11.20,11.47,1545545,90264,5.8,0,0,0.0,1007,474,50,19.91,3.13,4.00,10.98,2440,1
2026-05-17 00:27:16,1.0,10.49,11.02,11.39,1545545,90357,5.8,0,0,0.0,1007,474,50,21.82,2.76,2.09,8.92,2439,3
2026-05-17 00:28:16,3.1,11.17,11.06,11.38,1545545,90349,5.8,0,0,0.0,1007,474,50,16.34,2.83,5.87,12.75,2435,6
2026-05-17 00:29:16,1.4,10.92,11.03,11.34,1545545,90307,5.8,0,0,0.0,1007,474,50,19.59,2.87,6.30,13.26,2443,7
2026-05-17 00:30:17,1.2,12.19,11.45,11.47,1545545,90300,5.8,0,0,0.0,1007,474,50,22.69,3.09,6.62,13.80,2445,13
2026-05-17 00:31:17,3.2,11.35,11.30,11.42,1545545,90323,5.8,0,0,0.0,1007,474,50,30.22,2.82,3.92,10.96,2445,4
2026-05-17 00:32:17,3.3,13.68,12.00,11.65,1545545,90400,5.8,0,0,0.0,1007,474,50,30.60,2.95,10.70,17.85,2457,5
2026-05-17 00:33:18,1.8,11.99,11.91,11.65,1545545,90287,5.8,0,0,0.0,1007,474,50,18.87,2.77,6.65,13.20,2461,2
2026-05-17 00:34:18,2.9,11.29,11.67,11.58,1545545,90309,5.8,0,0,0.0,1007,474,50,14.07,2.83,5.96,13.21,2456,6
2026-05-17 00:35:18,1.0,13.05,12.17,11.76,1545545,90260,5.8,0,0,0.0,1007,474,50,15.64,3.01,10.92,17.43,2461,7
2026-05-17 00:36:19,2.0,11.28,11.78,11.65,1545545,90277,5.8,0,0,0.0,1007,474,50,13.99,2.93,5.94,12.41,2461,4
2026-05-17 00:37:19,1.2,10.65,11.55,11.58,1545545,90269,5.8,0,0,0.0,1007,474,50,17.07,2.87,2.94,9.72,2465,1
2026-05-17 00:38:19,2.8,11.22,11.50,11.55,1545545,90239,5.8,0,0,0.0,1007,474,50,20.84,2.75,3.53,10.52,2459,6
2026-05-17 00:39:20,1.1,11.92,11.66,11.61,1545545,90214,5.8,0,0,0.0,1007,474,50,20.80,2.91,5.04,11.62,2468,5
2026-05-17 00:40:20,3.2,11.75,11.62,11.60,1545545,90211,5.8,0,0,0.0,1007,474,50,27.87,3.05,4.58,11.68,2474,4
2026-05-17 00:41:20,1.3,10.83,11.41,11.52,1545545,90189,5.8,0,0,0.0,1007,474,50,16.46,2.95,2.65,9.47,2470,2
2026-05-17 00:42:21,3.1,11.81,11.50,11.54,1545545,90274,5.8,0,0,0.0,1007,474,50,20.09,2.71,8.67,15.48,2460,5
2026-05-17 00:43:21,1.1,10.00,11.04,11.38,1545545,90212,5.8,0,0,0.0,1007,474,50,17.03,2.86,2.20,8.96,2454,3
2026-05-17 00:44:21,1.1,9.62,10.77,11.27,1545545,90205,5.8,0,0,0.0,1007,474,50,13.31,2.96,1.06,7.72,2446,2
2026-05-17 00:45:22,2.7,13.26,11.51,11.48,1545545,90243,5.8,0,0,0.0,1007,474,50,16.02,3.05,6.00,13.13,2443,3
2026-05-17 00:46:22,1.7,14.58,12.17,11.71,1545545,90185,5.8,0,0,0.0,1007,474,50,17.55,2.98,5.98,12.78,2444,5
2026-05-17 00:47:22,1.3,16.07,13.29,12.14,1545545,90211,5.8,0,0,0.0,1007,474,50,14.62,2.90,8.88,15.38,2444,2
2026-05-17 00:48:23,0.9,11.90,12.57,11.96,1545545,90251,5.8,0,0,0.0,1007,474,50,21.88,2.95,1.02,7.76,2439,5
2026-05-17 00:49:23,1.3,12.31,12.67,12.04,1545545,90259,5.8,0,0,0.0,1007,474,50,21.32,2.80,2.08,8.87,2440,1
2026-05-17 00:50:23,1.3,10.39,12.05,11.86,1545545,90234,5.8,0,0,0.0,1007,474,50,19.62,3.27,1.00,7.68,2442,3
2026-05-17 00:51:24,1.3,15.19,13.31,12.32,1545545,90258,5.8,0,0,0.0,1007,474,50,18.61,3.10,7.15,14.29,2447,2
2026-05-17 00:52:24,1.2,12.37,12.85,12.22,1545545,90227,5.8,0,0,0.0,1007,474,50,19.91,2.86,1.07,7.70,2450,7
2026-05-17 00:53:24,1.3,12.36,12.92,12.30,1545545,90194,5.8,0,0,0.0,1007,474,50,19.72,2.77,4.26,11.37,2454,3
2026-05-17 00:54:25,1.2,12.24,12.76,12.28,1545545,90301,5.8,0,0,0.0,1007,474,50,24.09,2.89,3.17,10.21,2462,3
2026-05-17 00:55:25,1.2,11.41,12.41,12.18,1545545,90278,5.8,0,0,0.0,1007,474,50,20.17,3.11,3.60,10.45,2461,2
2026-05-17 00:56:25,3.2,12.37,12.39,12.19,1545545,90335,5.8,0,0,0.0,1007,474,50,21.84,2.92,5.23,12.40,2464,5
2026-05-17 00:57:26,1.1,11.56,12.23,12.14,1545545,90302,5.8,0,0,0.0,1007,474,50,17.08,3.01,3.14,10.07,2451,1
2026-05-17 00:58:26,11.3,10.91,11.95,12.05,1545545,90275,5.8,0,0,0.0,1007,474,50,20.02,3.04,1.05,7.69,2445,15
2026-05-17 00:59:26,4.1,11.69,11.99,12.06,1545545,90306,5.8,0,0,0.0,1007,474,50,24.71,2.84,4.81,11.97,2449,7
2026-05-17 01:00:27,1.2,11.47,12.04,12.09,1545545,90270,5.8,0,0,0.0,1007,474,50,21.82,2.95,5.20,12.29,2447,5
2026-05-17 01:01:27,2.2,12.78,12.30,12.17,1545545,90311,5.8,0,0,0.0,1007,474,50,27.83,44.70,5.49,12.27,2441,6
2026-05-17 01:02:27,1.3,12.06,12.28,12.18,1545545,90366,5.8,0,0,0.0,1007,474,50,19.93,3.03,6.30,13.03,2448,9
2026-05-17 01:03:28,5.6,13.35,12.62,12.30,1545545,90358,5.8,0,0,0.0,1007,474,50,20.69,3.04,9.20,16.81,2459,4
2026-05-17 01:04:28,2.1,12.70,12.58,12.31,1545545,90324,5.8,0,0,0.0,1007,474,50,23.44,2.81,7.34,13.49,2456,2
2026-05-17 01:05:28,3.5,12.28,12.56,12.32,1545545,90387,5.8,0,0,0.0,1007,474,50,16.48,3.02,5.78,13.03,2456,7
2026-05-17 01:06:29,1.3,11.44,12.40,12.29,1545545,90341,5.8,0,0,0.0,1007,474,50,23.96,3.08,3.41,10.13,2463,2
2026-05-17 01:07:29,1.0,10.38,11.95,12.14,1545545,90295,5.8,0,0,0.0,1007,474,50,21.57,2.84,2.15,8.87,2460,3
2026-05-17 01:08:29,1.4,11.37,11.86,12.09,1545545,90393,5.8,0,0,0.0,1007,474,50,17.77,2.97,6.06,13.29,2455,9
2026-05-17 01:09:30,3.5,11.94,11.95,12.11,1545545,90401,5.8,0,0,0.0,1007,474,50,19.53,2.95,7.96,15.79,2454,11
2026-05-17 01:10:30,1.2,10.98,11.68,12.00,1545545,90357,5.8,0,0,0.0,1007,474,50,24.50,2.98,2.37,9.17,2447,3
2026-05-17 01:11:30,1.2,11.85,11.86,12.05,1545545,90387,5.8,0,0,0.0,1007,474,50,15.94,2.94,8.16,14.80,2440,4
2026-05-17 01:12:31,1.2,11.57,11.80,12.02,1545545,90250,5.8,0,0,0.0,1007,474,50,17.88,3.01,1.07,7.83,2456,3
2026-05-17 01:13:31,8.9,10.73,11.56,11.92,1545545,90187,5.8,0,0,0.0,1007,474,50,21.09,2.92,1.76,8.48,2463,22
2026-05-17 01:14:31,3.1,13.24,12.09,12.08,1545545,90211,5.8,0,0,0.0,1007,474,50,13.96,2.88,6.00,13.23,2460,7
2026-05-17 01:15:32,3.3,14.18,12.60,12.26,1545545,90302,5.8,0,0,0.0,1007,474,50,19.68,2.82,11.54,18.80,2463,6
2026-05-17 01:16:32,3.4,12.69,12.53,12.26,1545545,90307,5.8,0,0,0.0,1007,474,50,24.20,3.22,3.77,10.86,2473,8
2026-05-17 01:17:32,4.1,12.02,12.37,12.22,1545545,90285,5.8,0,0,0.0,1007,474,50,17.97,3.02,6.63,13.78,2459,6
2026-05-17 01:18:33,1.3,12.02,12.36,12.23,1545545,90229,5.8,0,0,0.0,1007,474,50,18.85,2.92,5.00,11.86,2459,1
2026-05-17 01:19:33,1.2,11.69,12.18,12.18,1545545,90237,5.8,0,0,0.0,1007,474,50,18.75,2.46,1.34,8.10,2461,3
2026-05-17 01:20:33,2.8,10.95,11.87,12.07,1545545,90295,5.8,0,0,0.0,1007,474,50,20.09,3.03,2.49,9.31,2454,1
2026-05-17 01:21:34,3.2,11.34,11.79,12.03,1545545,90322,5.8,0,0,0.0,1007,474,50,22.88,3.05,3.76,10.85,2444,5
2026-05-17 01:22:34,1.1,11.34,11.70,11.98,1545545,90327,5.8,0,0,0.0,1007,474,50,18.75,2.93,7.06,14.41,2444,2
2026-05-17 01:23:34,2.3,13.25,12.27,12.16,1545545,90302,5.8,0,0,0.0,1007,474,50,15.07,2.82,5.76,12.99,2453,3
2026-05-17 01:24:35,1.1,11.43,11.94,12.05,1545545,90289,5.8,0,0,0.0,1007,474,50,16.49,2.86,0.99,7.75,2466,2
2026-05-17 01:25:35,1.1,11.42,11.82,12.00,1545545,90305,5.8,0,0,0.0,1007,474,50,20.45,3.05,1.02,7.66,2474,6
2026-05-17 01:26:35,1.2,12.05,11.93,12.03,1545545,90330,5.8,0,0,0.0,1007,474,50,23.63,2.85,1.84,8.60,2480,6
2026-05-17 01:27:36,1.2,10.68,11.55,11.89,1545545,90298,5.8,0,0,0.0,1007,474,50,20.55,2.98,1.46,8.29,2462,4
2026-05-17 01:28:36,1.2,12.13,11.78,11.95,1545545,90274,5.8,0,0,0.0,1007,474,50,11.53,2.95,8.26,15.11,2464,3
2026-05-17 01:29:36,1.2,11.73,11.67,11.89,1545545,90281,5.8,0,0,0.0,1007,474,50,12.84,2.96,4.78,11.61,2441,2
2026-05-17 01:30:37,2.6,11.31,11.54,11.83,1545545,90338,5.8,0,0,0.0,1007,474,50,13.38,2.96,6.41,13.48,2437,6
2026-05-17 01:31:37,3.4,11.80,11.56,11.82,1545545,90352,5.8,0,0,0.0,1007,474,50,20.73,2.95,5.95,13.23,2448,11
2026-05-17 01:32:37,1.5,11.30,11.48,11.77,1545545,90342,5.8,0,0,0.0,1007,474,50,24.66,3.11,7.13,13.46,2464,8
2026-05-17 01:33:38,1.9,12.01,11.67,11.82,1545545,90313,5.8,0,0,0.0,1007,474,50,19.30,3.03,6.09,13.42,2455,1
2026-05-17 01:34:38,1.1,12.34,11.88,11.89,1545545,90328,5.8,0,0,0.0,1007,474,50,19.22,2.79,7.85,15.32,2487,9
2026-05-17 01:35:38,1.1,11.66,11.67,11.81,1545545,90314,5.8,0,0,0.0,1007,474,50,23.44,3.10,2.10,8.90,2481,6
2026-05-17 01:36:39,3.0,11.18,11.47,11.72,1545545,90398,5.8,0,0,0.0,1007,474,50,16.00,2.95,3.47,10.59,2461,8
2026-05-17 01:37:39,3.0,12.82,11.84,11.83,1545545,90400,5.8,0,0,0.0,1007,474,50,23.11,2.91,10.61,17.98,2460,4
2026-05-17 01:38:39,1.3,12.64,12.01,11.89,1545545,90390,5.8,0,0,0.0,1007,474,50,17.60,2.87,5.00,11.91,2466,4
2026-05-17 01:39:40,3.6,27.45,15.53,13.06,1545545,90394,5.8,0,0,0.0,1007,474,50,15.18,2.88,5.66,12.41,2445,5
2026-05-17 01:40:40,1.3,16.93,14.72,12.94,1545545,90396,5.8,0,0,0.0,1007,474,50,18.91,3.02,6.54,13.59,2448,1
2026-05-17 01:41:40,1.2,12.68,13.99,12.81,1545545,90307,5.8,0,0,0.0,1007,474,50,27.68,2.88,5.38,12.49,2465,3
2026-05-17 01:42:41,3.0,14.74,14.58,13.10,1545545,90316,5.8,0,0,0.0,1007,474,50,23.00,2.96,3.20,10.19,2461,4
2026-05-17 01:43:41,2.0,13.18,14.19,13.06,1545545,90408,5.8,0,0,0.0,1007,474,50,22.58,2.66,5.94,12.93,2489,2
2026-05-17 01:44:41,3.7,11.42,13.53,12.90,1545545,90389,5.8,0,0,0.0,1007,474,50,14.00,3.00,6.26,12.95,2483,4
2026-05-17 01:45:42,1.2,14.27,14.05,13.12,1545545,90387,5.8,0,0,0.0,1007,474,50,20.41,2.89,10.62,17.90,2468,4
2026-05-17 01:46:42,1.7,11.18,13.21,12.89,1545545,90375,5.8,0,0,0.0,1007,474,50,26.55,3.07,1.38,8.07,2461,1
2026-05-17 01:47:42,3.3,13.52,13.33,12.94,1545545,90369,5.8,0,0,0.0,1007,474,50,18.28,3.02,4.88,11.98,2469,4
2026-05-17 01:48:43,0.9,12.14,13.09,12.89,1545545,90318,5.8,0,0,0.0,1007,474,50,21.35,2.80,6.48,13.62,2445,2
2026-05-17 01:49:43,1.0,10.70,12.49,12.69,1545545,90265,5.8,0,0,0.0,1007,474,50,24.55,2.89,3.17,10.08,2446,3
2026-05-17 01:50:43,1.1,10.29,12.03,12.52,1545545,90291,5.8,0,0,0.0,1007,474,50,21.19,3.16,3.45,10.52,2465,6
2026-05-17 01:51:44,2.0,10.53,11.76,12.39,1545545,90308,5.8,0,0,0.0,1007,474,50,16.78,2.82,8.66,14.90,2472,2
2026-05-17 01:52:44,1.4,11.52,11.82,12.37,1545545,90287,5.8,0,0,0.0,1007,475,50,20.38,2.92,8.51,15.82,2473,2
2026-05-17 01:53:44,1.0,10.94,11.58,12.25,1545545,90239,5.8,0,0,0.0,1007,475,50,17.73,2.94,3.22,10.21,2495,5
2026-05-17 01:54:45,2.7,10.71,11.37,12.13,1545545,90219,5.8,0,0,0.0,1007,475,50,22.53,2.95,3.57,10.54,2482,5
2026-05-17 01:55:45,3.3,12.27,11.68,12.19,1545545,90314,5.8,0,0,0.0,1007,475,50,27.58,3.02,8.26,15.64,2480,5
2026-05-17 01:56:45,1.3,12.79,12.04,12.29,1545545,90320,5.8,0,0,0.0,1007,475,50,19.43,2.82,5.37,12.03,2481,2
2026-05-17 01:57:46,1.3,11.32,11.77,12.18,1545545,90323,5.8,0,0,0.0,1007,475,50,19.17,3.02,6.75,13.26,2460,5
2026-05-17 01:58:46,1.2,12.52,12.10,12.27,1545545,90254,5.8,0,0,0.0,1007,475,50,17.68,2.95,4.98,12.10,2442,3
2026-05-17 01:59:46,1.1,11.89,12.04,12.24,1545545,90264,5.8,0,0,0.0,1007,475,50,21.93,2.76,2.84,9.67,2453,1
2026-05-17 02:00:47,1.4,10.67,11.68,12.10,1545545,90222,5.8,0,0,0.0,1007,475,50,18.57,3.04,1.35,8.22,2444,1
2026-05-17 02:01:47,3.2,10.09,11.36,11.97,1545545,90233,5.8,0,0,0.0,1007,474,50,23.34,44.73,3.94,10.59,2440,7
2026-05-17 02:02:47,1.2,10.30,11.19,11.87,1545545,90325,5.8,0,0,0.0,1007,474,50,27.31,3.25,3.10,10.04,2453,3
2026-05-17 02:03:48,1.4,10.71,11.18,11.82,1545545,90276,5.8,0,0,0.0,1007,474,50,28.06,2.92,6.66,13.01,2454,3
2026-05-17 02:04:48,3.2,12.49,11.54,11.90,1545545,90279,5.8,0,0,0.0,1007,474,50,6.90,2.98,6.62,13.88,2451,13
2026-05-17 02:05:48,1.0,12.27,11.72,11.95,1545545,90272,5.8,0,0,0.0,1007,474,50,1.94,2.98,7.50,14.71,2454,3
2026-05-17 02:06:49,1.1,10.34,11.25,11.77,1545545,90229,5.8,0,0,0.0,1007,474,50,1.17,2.53,1.00,7.73,2448,1
2026-05-17 02:07:49,1.7,11.05,11.22,11.72,1545545,90233,5.8,0,0,0.0,1007,474,50,1.35,3.11,5.66,12.16,2450,5
2026-05-17 02:08:49,1.4,12.90,11.69,11.85,1545545,90280,5.8,0,0,0.0,1007,474,50,1.30,3.02,9.24,16.25,2448,6
2026-05-17 02:09:50,1.3,10.66,11.23,11.68,1545545,90286,5.8,0,0,0.0,1007,474,50,1.25,2.90,1.00,7.71,2457,2
2026-05-17 02:10:50,1.0,9.98,10.95,11.55,1545545,90313,5.8,0,0,0.0,1007,474,50,1.08,2.94,1.01,7.68,2446,4
2026-05-17 02:11:50,1.5,9.67,10.67,11.42,1545545,90312,5.8,0,0,0.0,1007,474,50,1.23,2.82,1.03,7.67,2444,3
2026-05-17 02:12:51,3.1,10.08,10.56,11.33,1545545,90308,5.8,0,0,0.0,1007,474,50,1.04,3.02,4.15,11.34,2444,9
2026-05-17 02:13:51,11.5,10.30,10.57,11.29,1545545,90283,5.8,0,0,0.0,1007,474,50,1.08,2.97,7.48,14.14,2447,7
2026-05-17 02:14:51,1.8,12.66,11.24,11.48,1545545,90354,5.8,0,0,0.0,1007,474,50,1.13,2.86,13.34,19.14,2446,2
2026-05-17 02:15:52,3.3,12.63,11.44,11.53,1545545,90393,5.8,0,0,0.0,1007,474,50,1.32,2.94,8.81,16.31,2473,12
2026-05-17 02:16:52,1.4,10.97,11.20,11.44,1545545,90346,5.8,0,0,0.0,1007,474,50,1.03,3.10,3.54,10.44,2478,4
2026-05-17 02:17:52,2.1,11.42,11.26,11.44,1545545,90348,5.8,0,0,0.0,1007,474,50,1.16,2.98,7.89,14.29,2466,3
2026-05-17 02:18:53,1.1,11.21,11.22,11.41,1545545,90301,5.8,0,0,0.0,1007,474,50,1.03,2.95,5.86,12.92,2476,6
2026-05-17 02:19:53,1.0,10.20,10.89,11.29,1545545,90246,5.8,0,0,0.0,1007,474,50,1.03,2.88,1.73,8.48,2458,8
2026-05-17 02:20:53,3.0,11.46,11.03,11.30,1545545,90285,5.8,0,0,0.0,1007,474,50,1.12,3.05,7.14,13.88,2442,3
2026-05-17 02:21:54,1.3,11.10,11.01,11.28,1545545,90354,5.8,0,0,0.0,1007,474,50,1.06,2.73,2.73,9.27,2447,2
2026-05-17 02:22:54,4.2,12.06,11.31,11.37,1545545,90371,5.8,0,0,0.0,1007,474,50,1.03,2.95,5.01,12.23,2460,5
2026-05-17 02:23:54,1.4,12.36,11.56,11.45,1545545,90338,5.8,0,0,0.0,1007,474,50,1.03,2.91,4.67,11.82,2457,2
2026-05-17 02:24:55,0.9,9.95,11.03,11.27,1545545,90298,5.8,0,0,0.0,1007,474,50,1.03,3.19,2.09,8.97,2465,2
2026-05-17 02:25:55,1.3,9.92,10.83,11.19,1545545,90159,5.8,0,0,0.0,1007,474,50,1.03,2.71,1.39,8.08,2476,3
2026-05-17 02:26:55,3.4,12.02,11.15,11.27,1545545,90211,5.8,0,0,0.0,1007,474,50,1.03,2.72,8.73,15.34,2477,7
2026-05-17 02:27:56,3.0,15.08,12.20,11.62,1545545,90280,5.8,0,0,0.0,1007,474,50,1.03,2.84,12.41,19.77,2477,26
2026-05-17 02:28:56,1.2,13.66,12.42,11.74,1545545,90244,5.8,0,0,0.0,1007,474,50,1.13,3.05,9.98,17.30,2470,5
2026-05-17 02:29:56,1.4,13.28,12.51,11.81,1545545,90238,5.8,0,0,0.0,1007,474,50,1.03,2.91,3.87,10.89,2456,3
2026-05-17 02:30:57,1.0,16.71,13.54,12.20,1545545,90234,5.8,0,0,0.0,1007,474,50,1.03,2.97,5.60,12.43,2440,1
2026-05-17 02:31:57,1.3,13.59,13.12,12.14,1545545,90213,5.8,0,0,0.0,1007,474,50,1.12,2.81,2.11,8.87,2440,7
2026-05-17 02:32:57,1.5,15.34,13.62,12.36,1545545,90210,5.8,0,0,0.0,1007,474,50,1.03,2.98,4.29,11.31,2455,2
2026-05-17 02:33:58,1.6,12.35,13.12,12.27,1545545,90264,5.8,0,0,0.0,1007,474,50,1.03,3.39,2.17,9.13,2450,5
2026-05-17 02:34:58,1.2,11.68,12.70,12.18,1545545,90269,5.8,0,0,0.0,1007,474,50,1.03,3.04,1.38,8.08,2455,3
2026-05-17 02:35:58,1.4,10.39,12.16,12.02,1545545,90281,5.8,0,0,0.0,1007,474,50,1.03,2.94,1.02,7.66,2455,1
2026-05-17 02:36:59,1.4,18.90,14.28,12.76,1545545,90290,5.8,0,0,0.0,1007,474,50,1.03,2.88,4.26,11.41,2450,2
2026-05-17 02:37:59,2.2,16.37,14.36,12.88,1545545,90250,5.8,0,0,0.0,1007,474,50,1.28,2.99,6.42,13.72,2467,9
2026-05-17 02:38:59,1.1,14.96,14.49,13.03,1545545,90165,5.8,0,0,0.0,1007,474,50,1.03,3.02,7.99,15.50,2462,3
2026-05-17 02:40:00,1.2,11.45,13.55,12.79,1545545,90164,5.8,0,0,0.0,1007,474,50,1.03,2.86,1.01,7.84,2459,3
2026-05-17 02:41:00,1.3,11.77,13.22,12.72,1545545,90316,5.8,0,0,0.0,1007,474,50,1.03,2.97,7.90,14.07,2463,3
2026-05-17 02:42:00,1.9,13.85,13.39,12.80,1545545,90321,5.8,0,0,0.0,1007,475,50,1.03,2.85,8.67,15.41,2464,5
2026-05-17 02:43:01,1.1,11.39,12.73,12.61,1545545,90270,5.8,0,0,0.0,1007,475,50,1.03,2.93,2.75,9.25,2434,6
2026-05-17 02:44:01,1.1,10.56,12.27,12.46,1545545,90215,5.8,0,0,0.0,1007,475,50,1.03,2.50,2.96,9.99,2442,1
2026-05-17 02:45:01,6.5,11.26,12.29,12.46,1545545,90223,5.8,0,0,0.0,1007,475,50,1.03,3.20,6.15,13.36,2446,5
2026-05-17 02:46:02,2.9,13.58,12.80,12.63,1545545,90260,5.8,0,0,0.0,1007,475,50,1.03,2.91,11.52,18.46,2458,5
2026-05-17 02:47:02,3.6,11.70,12.42,12.51,1545545,90388,5.8,0,0,0.0,1007,475,50,1.03,3.10,4.90,12.06,2463,6
2026-05-17 02:48:02,3.0,16.43,13.80,12.99,1545545,90348,5.8,0,0,0.0,1007,475,50,1.03,2.69,11.71,19.08,2469,6
2026-05-17 02:49:03,1.2,13.79,13.69,13.01,1545545,90311,5.8,0,0,0.0,1007,475,50,1.12,3.15,7.50,14.44,2457,5
2026-05-17 02:50:03,1.9,10.92,12.89,12.78,1545545,90277,5.8,0,0,0.0,1007,475,50,1.03,2.91,1.76,8.48,2455,2
2026-05-17 02:51:03,1.9,12.27,12.90,12.79,1545545,90324,5.8,0,0,0.0,1007,475,50,1.03,2.89,9.97,17.69,2446,3
2026-05-17 02:52:04,1.4,11.34,12.51,12.66,1545545,90295,5.8,0,0,0.0,1007,475,50,1.03,2.84,3.95,11.05,2448,4
2026-05-17 02:53:04,3.0,12.89,12.60,12.67,1545545,90375,5.8,0,0,0.0,1007,475,50,1.14,2.87,4.35,11.13,2449,8
2026-05-17 02:54:04,2.4,12.15,12.55,12.65,1545545,90258,5.8,0,0,0.0,1007,475,50,1.16,2.98,5.83,13.11,2455,3
2026-05-17 02:55:05,0.9,12.03,12.41,12.60,1545545,90262,5.8,0,0,0.0,1007,475,50,1.03,3.12,1.43,8.33,2457,6
2026-05-17 02:56:05,1.2,12.15,12.33,12.56,1545545,90388,5.8,0,0,0.0,1007,475,50,1.03,2.59,2.48,9.29,2455,2
2026-05-17 02:57:05,1.2,11.05,12.01,12.43,1545545,90380,5.8,0,0,0.0,1007,475,50,1.03,2.93,1.03,7.64,2452,7
2026-05-17 02:58:06,3.3,12.59,12.25,12.49,1545545,90382,5.8,0,0,0.0,1007,475,50,1.03,2.84,10.38,17.91,2442,6
2026-05-17 02:59:06,1.4,11.61,12.10,12.42,1545545,90318,5.8,0,0,0.0,1007,475,50,1.03,2.93,3.83,10.80,2441,5
2026-05-17 03:00:06,1.2,11.59,12.02,12.37,1545545,90339,5.8,0,0,0.0,1007,475,50,1.03,2.96,5.75,12.99,2438,1
2026-05-17 03:01:07,1.2,11.25,11.87,12.30,1545545,90322,5.8,0,0,0.0,1007,474,50,1.03,44.90,2.85,9.76,2439,7
2026-05-17 03:02:07,3.1,11.05,11.65,12.19,1545545,90416,5.9,0,0,0.0,1007,474,50,1.03,2.67,2.12,8.94,2446,5
2026-05-17 03:03:07,1.2,11.82,11.98,12.28,1545545,90259,5.8,0,0,0.0,1007,474,50,1.03,3.03,5.56,12.28,2445,5
2026-05-17 03:04:08,3.3,15.83,12.85,12.55,1545545,90295,5.8,0,0,0.0,1007,474,50,1.03,3.14,7.02,14.56,2455,6
2026-05-17 03:05:08,1.0,14.37,13.20,12.70,1545545,90222,5.8,0,0,0.0,1007,474,50,1.03,3.02,7.65,14.56,2455,1
2026-05-17 03:06:08,1.8,13.34,13.07,12.68,1545545,90252,5.8,0,0,0.0,1007,474,50,1.03,3.05,5.36,12.49,2468,1
2026-05-17 03:07:09,3.2,12.49,12.82,12.62,1545545,90229,5.8,0,0,0.0,1007,474,50,1.03,2.76,2.13,8.99,2468,7
2026-05-17 03:08:09,1.5,12.27,12.77,12.62,1545545,90199,5.8,0,0,0.0,1007,474,50,1.03,2.96,6.48,13.65,2475,8
2026-05-17 03:09:09,2.3,12.17,12.60,12.56,1545545,90297,5.8,0,0,0.0,1007,474,50,1.03,3.18,2.51,9.20,2465,7
2026-05-17 03:10:10,3.3,13.64,12.92,12.68,1545545,90312,5.8,0,0,0.0,1007,474,50,1.03,2.92,8.24,15.58,2471,8
2026-05-17 03:11:10,0.9,14.42,13.29,12.82,1545545,90298,5.8,0,0,0.0,1007,474,50,1.16,2.89,8.09,15.22,2470,1
2026-05-17 03:12:10,1.1,12.27,12.92,12.73,1545545,90258,5.8,0,0,0.0,1007,474,50,1.03,2.84,7.84,14.10,2451,4
2026-05-17 03:13:10,1.4,12.56,12.98,12.76,1545545,90204,5.8,0,0,0.0,1007,474,50,1.03,2.98,5.00,12.13,2450,5
2026-05-17 03:14:11,3.2,12.95,12.95,12.76,1545545,90237,5.8,0,0,0.0,1007,474,50,1.03,2.90,7.91,15.35,2449,7
2026-05-17 03:15:11,1.4,14.85,13.54,12.98,1545545,90297,5.8,0,0,0.0,1007,474,50,1.03,3.16,11.30,18.45,2442,5
2026-05-17 03:16:11,1.2,13.97,13.50,13.00,1545545,90326,5.8,0,0,0.0,1007,474,50,1.03,2.89,9.02,16.51,2451,6
2026-05-17 03:17:12,1.3,11.80,12.90,12.82,1545545,90345,5.8,0,0,0.0,1007,474,50,1.03,2.83,3.94,10.92,2459,3
2026-05-17 03:18:12,3.6,12.46,12.84,12.80,1545545,90280,5.8,0,0,0.0,1007,474,50,1.03,3.08,7.58,15.04,2461,5
2026-05-17 03:19:12,3.2,13.70,13.02,12.86,1545545,90291,5.8,0,0,0.0,1007,474,50,1.03,2.91,10.21,17.46,2469,10
2026-05-17 03:20:13,1.1,10.90,12.34,12.63,1545545,90241,5.8,0,0,0.0,1007,474,50,1.03,2.83,1.90,8.81,2466,6
2026-05-17 03:21:13,3.4,10.79,12.04,12.51,1545545,90373,5.8,0,0,0.0,1007,474,50,1.03,2.76,3.27,10.01,2462,8
2026-05-17 03:22:13,3.2,13.15,12.59,12.68,1545545,90355,5.8,0,0,0.0,1007,474,50,1.03,2.88,10.36,16.92,2461,6
2026-05-17 03:23:14,3.0,13.00,12.79,12.75,1545545,90316,5.8,0,0,0.0,1007,474,50,1.03,2.89,7.65,14.77,2459,4
2026-05-17 03:24:14,1.0,12.13,12.62,12.69,1545545,90289,5.8,0,0,0.0,1007,474,50,1.03,2.92,5.55,12.10,2457,1
2026-05-17 03:25:14,1.3,10.63,12.13,12.52,1545545,90284,5.8,0,0,0.0,1007,474,50,1.03,2.93,1.45,8.33,2463,4
2026-05-17 03:26:15,3.2,11.83,12.11,12.49,1545545,90278,5.8,0,0,0.0,1007,474,50,1.03,2.97,8.36,15.82,2461,5
2026-05-17 03:27:15,1.2,10.80,11.75,12.33,1545545,90368,5.8,0,0,0.0,1007,474,50,1.03,3.08,1.73,8.43,2453,1
2026-05-17 03:28:15,1.2,10.15,11.43,12.19,1545545,90349,5.8,0,0,0.0,1007,474,50,1.03,2.92,1.73,8.50,2451,4
2026-05-17 03:29:16,1.3,9.91,11.13,12.04,1545545,90317,5.8,0,0,0.0,1007,474,50,1.14,2.86,1.04,7.76,2446,2
2026-05-17 03:30:16,3.2,10.23,10.96,11.92,1545545,90348,5.8,0,0,0.0,1007,474,50,1.03,3.07,3.89,11.00,2446,6
2026-05-17 03:31:16,3.2,9.39,10.59,11.73,1545545,90341,5.8,0,0,0.0,1007,474,50,1.03,2.96,1.20,7.88,2448,6
2026-05-17 03:32:17,1.7,10.64,10.74,11.71,1545545,90313,5.8,0,0,0.0,1007,474,50,1.03,5.26,8.64,16.07,2459,3
2026-05-17 03:33:17,1.2,11.63,11.02,11.75,1545545,90265,5.8,0,0,0.0,1007,474,50,1.03,3.42,4.02,10.84,2453,5
2026-05-17 03:34:17,1.2,10.20,10.75,11.61,1545545,90372,5.8,0,0,0.0,1007,474,50,1.03,2.99,2.48,9.28,2459,2
2026-05-17 03:35:18,1.1,9.80,10.54,11.48,1545545,90370,5.8,0,0,0.0,1007,474,50,1.03,2.85,3.24,10.27,2449,1
2026-05-17 03:36:18,1.4,10.13,10.52,11.42,1545545,90365,5.8,0,0,0.0,1007,474,50,1.03,2.83,4.28,11.37,2457,4
2026-05-17 03:37:18,0.9,9.44,10.26,11.27,1545545,90356,5.8,0,0,0.0,1007,474,50,1.03,2.93,1.02,7.67,2469,8
2026-05-17 03:38:19,1.4,10.95,10.51,11.29,1545545,90329,5.8,0,0,0.0,1007,475,50,1.03,2.96,5.31,12.60,2472,2
2026-05-17 03:39:19,1.3,11.72,10.80,11.33,1545545,90171,5.8,0,0,0.0,1007,475,50,1.03,2.79,5.40,11.85,2476,1
2026-05-17 03:40:19,1.2,11.17,10.82,11.30,1545545,90258,5.8,0,0,0.0,1007,475,50,1.03,3.09,3.98,10.97,2479,6
2026-05-17 03:41:20,1.0,10.08,10.61,11.20,1545545,90305,5.8,0,0,0.0,1007,475,50,1.03,3.07,1.85,8.75,2459,2
2026-05-17 03:42:20,1.6,9.58,10.36,11.08,1545545,90218,5.8,0,0,0.0,1007,475,50,1.03,2.93,1.39,8.10,2445,3
2026-05-17 03:43:20,1.3,10.21,10.36,11.03,1545545,90246,5.8,0,0,0.0,1007,475,50,1.03,2.74,3.91,10.90,2442,1
2026-05-17 03:44:21,1.4,9.73,10.21,10.93,1545545,90198,5.8,0,0,0.0,1007,475,50,1.03,3.02,1.09,7.82,2442,23
2026-05-17 03:45:21,1.1,9.21,9.99,10.81,1545545,90177,5.8,0,0,0.0,1007,475,50,1.03,3.23,1.39,8.03,2446,3
2026-05-17 03:46:21,1.4,12.56,10.75,11.02,1545545,90318,5.8,0,0,0.0,1007,475,50,1.03,3.00,8.47,15.21,2444,8
2026-05-17 03:47:22,3.5,14.43,11.35,11.19,1545545,90335,5.8,0,0,0.0,1007,475,50,1.03,2.78,2.95,9.79,2445,13
2026-05-17 03:48:22,1.5,12.83,11.51,11.26,1545545,90292,5.8,0,0,0.0,1007,475,50,1.03,2.60,7.63,14.74,2448,1
2026-05-17 03:49:22,1.3,11.84,11.47,11.26,1545545,90314,5.8,0,0,0.0,1007,475,50,1.03,2.97,3.54,10.49,2440,9
2026-05-17 03:50:23,3.2,10.54,11.23,11.20,1545545,90340,5.8,0,0,0.0,1007,475,50,1.03,2.89,3.22,10.15,2444,5
2026-05-17 03:51:23,1.5,11.08,11.31,11.23,1545545,90367,5.8,0,0,0.0,1007,475,50,1.03,2.93,5.99,13.03,2447,3
2026-05-17 03:52:23,1.3,11.54,11.31,11.23,1545545,90371,5.8,0,0,0.0,1007,475,50,1.03,2.88,1.74,8.51,2446,4
2026-05-17 03:53:24,1.3,10.50,11.07,11.15,1545545,90339,5.8,0,0,0.0,1007,475,50,1.03,2.93,1.02,7.74,2451,2
2026-05-17 03:54:24,1.0,9.56,10.68,11.01,1545545,90345,5.8,0,0,0.0,1007,475,50,1.48,2.84,1.41,8.12,2446,12
2026-05-17 03:55:24,1.4,11.09,10.81,11.03,1545545,90366,5.8,0,0,0.0,1007,475,50,1.03,2.91,5.00,12.21,2451,2
2026-05-17 03:56:25,3.0,11.42,10.94,11.06,1545545,90404,5.8,0,0,0.0,1007,475,50,1.03,3.09,9.79,16.97,2452,6
2026-05-17 03:57:25,3.2,10.44,10.73,10.97,1545545,90311,5.8,0,0,0.0,1007,475,50,1.03,3.00,4.22,11.08,2442,5
2026-05-17 03:58:25,1.2,10.54,10.76,10.97,1545545,90291,5.8,0,0,0.0,1007,475,50,1.03,2.70,4.45,11.47,2444,1
2026-05-17 03:59:26,3.9,10.42,10.72,10.95,1545545,90345,5.8,0,0,0.0,1007,475,50,1.03,2.91,4.37,11.33,2457,16
2026-05-17 04:00:26,1.1,12.37,11.33,11.15,1545545,90353,5.8,0,0,0.0,1007,475,50,1.03,3.11,10.13,17.66,2451,1
2026-05-17 04:01:26,3.6,11.14,11.16,11.10,1545545,90388,5.8,0,0,0.0,1007,474,50,1.03,46.98,6.97,14.03,2441,7
2026-05-17 04:02:27,3.2,10.64,11.03,11.06,1545545,90353,5.8,0,0,0.0,1007,474,50,1.03,2.78,2.87,9.65,2444,3
2026-05-17 04:03:27,3.1,9.98,10.78,10.97,1545545,90317,5.8,0,0,0.0,1007,474,50,1.03,3.06,2.15,8.92,2436,5
2026-05-17 04:04:27,3.9,11.90,11.23,11.12,1545545,90344,5.8,0,0,0.0,1007,474,50,1.03,2.99,9.45,16.85,2436,7
2026-05-17 04:05:28,4.2,11.27,11.20,11.11,1545545,90409,5.8,0,0,0.0,1007,474,50,1.03,3.07,3.04,9.95,2436,13
2026-05-17 04:06:28,2.2,11.20,11.24,11.14,1545545,90401,5.8,0,0,0.0,1007,474,50,2.07,3.03,7.02,13.60,2444,3
2026-05-17 04:07:28,1.1,10.78,11.11,11.10,1545545,90380,5.8,0,0,0.0,1007,474,50,1.03,2.93,1.01,7.67,2448,8
2026-05-17 04:08:29,1.5,10.50,11.01,11.06,1545545,90357,5.8,0,0,0.0,1007,474,50,1.03,3.07,1.77,8.62,2451,1
2026-05-17 04:09:29,1.2,10.47,10.91,11.03,1545545,90331,5.8,0,0,0.0,1007,474,50,1.03,2.80,3.16,10.08,2455,4
2026-05-17 04:10:29,3.3,11.64,11.12,11.09,1545545,90369,5.8,0,0,0.0,1007,474,50,1.03,3.09,7.59,14.35,2462,5
2026-05-17 04:11:30,1.8,11.13,11.12,11.09,1545545,90358,5.8,0,0,0.0,1007,474,50,1.03,2.97,5.66,12.90,2467,2
2026-05-17 04:12:30,1.8,10.54,10.94,11.03,1545545,90455,5.9,0,0,0.0,1007,474,50,1.03,2.71,5.15,12.05,2464,2
2026-05-17 04:13:30,1.6,10.06,10.70,10.94,1545545,90382,5.8,0,0,0.0,1007,474,50,1.03,2.96,1.75,8.44,2456,1
2026-05-17 04:14:31,1.6,10.76,10.79,10.96,1545545,90397,5.8,0,0,0.0,1007,474,50,1.03,2.89,3.54,10.65,2469,6
2026-05-17 04:15:31,2.9,15.59,12.15,11.41,1545545,90324,5.8,0,0,0.0,1007,474,50,1.03,3.05,7.07,14.26,2462,4
2026-05-17 04:16:31,4.6,16.56,13.02,11.76,1545545,90288,5.8,0,0,0.0,1007,474,50,1.03,2.56,7.31,14.20,2461,5
2026-05-17 04:17:32,1.2,14.32,13.21,11.91,1545545,90264,5.8,0,0,0.0,1007,474,50,1.03,3.04,6.27,12.87,2459,4
2026-05-17 04:18:32,4.1,14.30,13.36,12.04,1545545,90311,5.8,0,0,0.0,1007,474,50,1.03,3.02,6.41,12.86,2450,4
2026-05-17 04:19:32,1.2,15.28,13.73,12.25,1545545,90315,5.8,0,0,0.0,1007,474,50,1.03,2.87,6.08,12.97,2445,6
2026-05-17 04:20:33,3.1,17.61,14.58,12.63,1545545,90348,5.8,0,0,0.0,1007,474,50,1.03,2.88,5.56,12.86,2449,7
2026-05-17 04:21:33,3.0,17.40,15.04,12.91,1545545,90335,5.8,0,0,0.0,1007,474,50,1.03,3.04,7.86,14.40,2441,3
2026-05-17 04:22:33,2.0,12.34,14.07,12.71,1545545,90368,5.8,0,0,0.0,1007,474,50,1.03,2.96,2.17,9.07,2455,2
2026-05-17 04:23:34,3.4,21.77,16.41,13.60,1545545,90367,5.8,0,0,0.0,1007,474,50,1.03,2.83,8.76,15.74,2477,5
2026-05-17 04:24:34,1.6,18.40,16.62,13.85,1545545,90313,5.8,0,0,0.0,1007,474,50,1.03,3.02,8.76,15.30,2476,2
2026-05-17 04:25:34,1.9,16.39,16.35,13.93,1545545,90379,5.8,0,0,0.0,1007,474,50,1.03,3.00,8.37,15.27,2479,5
2026-05-17 04:26:35,2.0,14.63,15.82,13.90,1545545,90368,5.8,0,0,0.0,1007,474,50,1.03,3.03,6.05,13.11,2477,2
2026-05-17 04:27:35,1.4,11.82,14.85,13.69,1545545,90319,5.8,0,0,0.0,1007,474,50,1.03,2.94,3.19,9.92,2459,2
2026-05-17 04:28:35,3.4,12.62,14.50,13.64,1545545,90295,5.8,0,0,0.0,1007,474,50,1.03,2.82,8.56,15.69,2458,5
2026-05-17 04:29:36,2.0,12.30,14.18,13.59,1545545,90293,5.8,0,0,0.0,1007,475,50,1.03,2.91,5.53,12.66,2452,3
2026-05-17 04:30:36,1.3,12.63,13.86,13.51,1545545,90357,5.8,0,0,0.0,1007,475,50,1.03,3.04,4.15,11.09,2458,1
2026-05-17 04:31:36,2.6,12.24,13.47,13.39,1545545,90362,5.8,0,0,0.0,1007,475,50,1.03,2.86,5.85,12.95,2461,4
2026-05-17 04:32:37,1.3,11.49,13.01,13.24,1545545,90370,5.8,0,0,0.0,1007,475,50,1.03,3.05,5.39,12.73,2471,2
2026-05-17 04:33:37,2.9,11.88,12.80,13.15,1545545,90369,5.8,0,0,0.0,1007,475,50,1.03,3.19,5.81,13.02,2454,4
2026-05-17 04:34:37,2.3,11.23,12.47,13.02,1545545,90341,5.8,0,0,0.0,1007,475,50,1.03,2.98,3.41,10.37,2462,5
2026-05-17 04:35:38,1.9,15.11,13.27,13.25,1545545,90389,5.8,0,0,0.0,1007,475,50,1.03,3.00,7.92,14.62,2459,2
2026-05-17 04:36:38,3.1,14.89,13.56,13.35,1545545,90398,5.8,0,0,0.0,1007,475,50,1.03,2.94,8.26,14.59,2469,4
2026-05-17 04:37:38,1.0,17.81,14.80,13.80,1545545,90383,5.8,0,0,0.0,1007,475,50,1.03,3.07,7.64,15.18,2456,1
2026-05-17 04:38:39,1.2,13.44,14.08,13.61,1545545,90309,5.8,0,0,0.0,1007,475,50,1.03,2.91,1.75,8.55,2477,2
2026-05-17 04:39:39,1.2,12.75,13.82,13.56,1545545,90288,5.8,0,0,0.0,1007,475,50,1.03,2.78,6.80,14.04,2466,2
2026-05-17 04:40:39,1.5,12.26,13.53,13.47,1545545,90410,5.8,0,0,0.0,1007,475,50,1.03,2.98,3.54,10.58,2464,6
2026-05-17 04:41:40,1.3,11.27,13.01,13.30,1545545,90403,5.8,0,0,0.0,1007,475,50,1.03,2.90,1.12,7.79,2466,6
2026-05-17 04:42:40,1.4,10.67,12.53,13.11,1545545,90392,5.8,0,0,0.0,1007,475,50,1.03,2.96,3.28,10.25,2457,2
2026-05-17 04:43:40,1.1,12.11,12.93,13.23,1545545,90373,5.8,0,0,0.0,1007,475,50,1.03,3.11,1.01,7.70,2450,8
2026-05-17 04:44:41,4.3,11.06,12.45,13.05,1545545,90347,5.8,0,0,0.0,1007,475,50,1.03,2.71,3.25,10.27,2454,27
2026-05-17 04:45:41,3.5,12.20,12.51,13.03,1545545,90465,5.9,0,0,0.0,1007,475,50,1.03,3.12,9.17,16.77,2449,3
2026-05-17 04:46:41,1.4,11.05,12.13,12.87,1545545,90405,5.8,0,0,0.0,1007,475,50,1.03,2.84,5.06,11.65,2443,1
2026-05-17 04:47:42,1.0,10.13,11.70,12.67,1545545,90406,5.8,0,0,0.0,1007,475,50,1.03,3.12,2.58,9.55,2465,6
2026-05-17 04:48:42,3.3,12.02,11.89,12.67,1545545,90441,5.9,0,0,0.0,1007,475,50,1.03,3.23,3.85,10.71,2467,6
2026-05-17 04:49:42,1.1,12.73,12.17,12.71,1545545,90392,5.8,0,0,0.0,1007,475,50,1.05,2.77,8.76,15.68,2461,1
2026-05-17 04:50:43,1.1,11.46,11.93,12.60,1545545,90378,5.8,0,0,0.0,1007,475,50,1.03,3.05,4.90,11.62,2467,4
2026-05-17 04:51:43,3.2,11.92,11.93,12.55,1545545,90416,5.9,0,0,0.0,1007,475,50,1.03,2.84,3.27,10.14,2458,6
2026-05-17 04:52:43,1.3,12.56,12.23,12.62,1545545,90314,5.8,0,0,0.0,1007,475,50,1.03,3.08,8.36,14.59,2440,2
2026-05-17 04:53:44,1.2,12.42,12.22,12.60,1545545,90290,5.8,0,0,0.0,1007,475,50,1.03,2.77,1.03,7.74,2446,1
2026-05-17 04:54:44,1.0,10.63,11.73,12.40,1545545,90321,5.8,0,0,0.0,1007,475,50,1.03,2.90,1.39,8.12,2448,1
2026-05-17 04:55:44,1.1,10.42,11.50,12.28,1545545,90324,5.8,0,0,0.0,1007,475,50,1.03,2.99,3.55,10.56,2448,3
2026-05-17 04:56:45,1.3,12.23,11.71,12.29,1545545,90325,5.8,0,0,0.0,1007,475,50,1.03,2.92,4.37,11.38,2455,1
2026-05-17 04:57:45,1.0,11.16,11.52,12.19,1545545,90212,5.8,0,0,0.0,1007,475,50,1.03,2.91,1.83,8.73,2459,2
2026-05-17 04:58:45,1.5,10.97,11.47,12.14,1545545,90218,5.8,0,0,0.0,1007,475,50,1.03,3.00,7.01,13.97,2451,2
2026-05-17 04:59:46,1.0,11.27,11.45,12.09,1545545,90336,5.8,0,0,0.0,1007,475,50,1.03,2.88,4.24,11.41,2436,4
2026-05-17 05:00:46,1.4,11.14,11.36,12.01,1545545,90359,5.8,0,0,0.0,1007,475,50,1.03,3.03,4.60,11.67,2449,5
2026-05-17 05:01:46,1.1,10.63,11.16,11.90,1545545,90365,5.8,0,0,0.0,1007,474,50,1.03,44.43,1.04,7.72,2460,8
2026-05-17 05:02:47,2.2,11.65,11.31,11.90,1545545,90341,5.8,0,0,0.0,1007,474,50,1.03,2.92,6.24,13.55,2460,3
2026-05-17 05:03:47,3.6,11.68,11.39,11.89,1545545,90299,5.8,0,0,0.0,1007,474,50,1.03,2.98,6.87,14.26,2464,5
2026-05-17 05:04:47,1.7,10.55,11.15,11.78,1545545,90252,5.8,0,0,0.0,1007,474,50,1.03,2.91,3.38,9.82,2473,2
2026-05-17 05:05:48,1.2,10.90,11.15,11.74,1545545,90378,5.8,0,0,0.0,1007,474,50,1.03,3.04,4.45,11.28,2456,2
2026-05-17 05:06:48,3.0,10.45,10.92,11.62,1545545,90377,5.8,0,0,0.0,1007,474,50,1.03,3.02,2.39,9.22,2463,12
2026-05-17 05:07:48,1.2,11.62,11.23,11.68,1545545,90379,5.8,0,0,0.0,1007,474,50,1.03,3.04,9.06,16.11,2451,1
2026-05-17 05:08:49,3.1,13.18,11.55,11.75,1545545,90356,5.8,0,0,0.0,1007,474,50,1.03,2.91,3.04,10.10,2442,4
2026-05-17 05:09:49,3.0,14.43,12.17,11.95,1545545,90329,5.8,0,0,0.0,1007,474,50,1.07,2.80,11.82,19.49,2448,6
2026-05-17 05:10:49,1.3,11.16,11.65,11.79,1545545,90317,5.8,0,0,0.0,1007,474,50,1.03,3.07,1.40,8.15,2444,5
2026-05-17 05:11:50,0.9,9.91,11.23,11.64,1545545,90390,5.8,0,0,0.0,1007,474,50,1.16,2.74,1.07,7.76,2457,1
2026-05-17 05:12:50,1.1,10.68,11.19,11.60,1545545,90372,5.8,0,0,0.0,1007,474,50,1.03,2.50,3.23,10.22,2458,1
2026-05-17 05:13:50,1.2,10.40,11.07,11.53,1545545,90393,5.8,0,0,0.0,1007,474,50,1.03,2.96,6.35,13.26,2463,4
2026-05-17 05:14:51,3.3,11.04,11.08,11.50,1545545,90416,5.9,0,0,0.0,1007,474,50,1.03,2.91,1.92,8.78,2462,16
2026-05-17 05:15:51,3.2,13.71,11.74,11.70,1545545,90388,5.8,0,0,0.0,1007,474,50,1.03,2.83,11.46,18.42,2485,11
2026-05-17 05:16:51,1.1,13.05,11.92,11.77,1545545,90368,5.8,0,0,0.0,1007,474,50,1.03,2.92,3.21,10.04,2464,6
2026-05-17 05:17:52,1.8,11.00,11.54,11.64,1545545,90453,5.9,0,0,0.0,1007,474,50,1.03,2.88,1.44,8.28,2467,4
2026-05-17 05:18:52,2.4,10.68,11.35,11.57,1545545,90438,5.9,0,0,0.0,1007,475,50,1.03,3.12,6.32,13.04,2450,2
2026-05-17 05:19:52,1.1,10.53,11.18,11.50,1545545,90431,5.9,0,0,0.0,1007,475,50,1.03,2.80,4.53,11.35,2449,1
2026-05-17 05:20:53,1.4,10.33,11.01,11.42,1545545,90458,5.9,0,0,0.0,1007,475,50,1.03,3.01,2.10,8.96,2439,5
2026-05-17 05:21:53,3.3,10.40,10.86,11.34,1545545,90430,5.9,0,0,0.0,1007,475,50,1.03,2.77,3.53,10.47,2445,4
2026-05-17 05:22:54,1.3,10.94,11.03,11.37,1545545,90434,5.9,0,0,0.0,1007,475,50,1.03,2.92,7.46,13.93,2448,2
2026-05-17 05:23:54,3.1,11.20,11.02,11.34,1545545,90462,5.9,0,0,0.0,1007,475,50,1.03,2.91,5.34,12.33,2450,6
2026-05-17 05:24:54,1.2,10.67,10.91,11.28,1545545,90396,5.8,0,0,0.0,1007,475,50,1.03,3.21,1.94,8.68,2458,3
2026-05-17 05:25:54,1.1,11.75,11.07,11.31,1545545,90453,5.9,0,0,0.0,1007,475,50,1.03,2.81,5.69,13.01,2459,3
2026-05-17 05:26:55,1.3,10.50,10.86,11.22,1545545,90442,5.9,0,0,0.0,1007,475,50,1.03,2.90,1.47,8.14,2450,6
2026-05-17 05:27:55,1.1,11.28,11.02,11.25,1545545,90373,5.8,0,0,0.0,1007,475,50,1.03,2.84,5.03,12.23,2457,2
2026-05-17 05:28:55,1.4,10.38,10.79,11.16,1545545,90258,5.8,0,0,0.0,1007,475,50,1.03,2.98,2.14,8.97,2460,1
2026-05-17 05:29:56,3.4,11.55,11.04,11.22,1545545,90335,5.8,0,0,0.0,1007,475,50,1.03,2.89,10.58,18.16,2459,9
2026-05-17 05:30:56,1.4,10.81,10.97,11.19,1545545,90331,5.8,0,0,0.0,1007,475,50,1.03,2.84,3.11,10.03,2464,5
2026-05-17 05:31:56,1.5,11.29,11.04,11.19,1545545,90352,5.8,0,0,0.0,1007,475,50,1.03,2.79,3.17,10.08,2473,7
2026-05-17 05:32:57,2.1,10.60,10.88,11.13,1545545,90297,5.8,0,0,0.0,1007,475,50,1.03,2.99,1.07,7.76,2461,4
2026-05-17 05:33:57,1.0,10.90,10.94,11.13,1545545,90255,5.8,0,0,0.0,1007,475,50,1.03,3.17,5.40,12.67,2463,4
2026-05-17 05:34:57,1.3,11.32,11.03,11.15,1545545,90212,5.8,0,0,0.0,1007,475,50,1.03,2.85,5.70,12.94,2458,2
2026-05-17 05:35:58,1.6,11.84,11.15,11.18,1545545,90263,5.8,0,0,0.0,1007,475,50,1.03,3.00,3.86,10.99,2450,5
2026-05-17 05:36:58,1.3,11.03,11.04,11.14,1545545,90358,5.8,0,0,0.0,1007,475,50,1.03,2.94,4.29,11.29,2438,7
2026-05-17 05:37:58,3.1,12.69,11.42,11.26,1545545,90373,5.8,0,0,0.0,1007,475,50,1.03,2.86,7.99,15.41,2444,10
2026-05-17 05:38:59,3.1,12.77,11.68,11.36,1545545,90350,5.8,0,0,0.0,1007,475,50,1.03,2.93,10.51,18.46,2443,7
2026-05-17 05:39:59,1.3,11.40,11.44,11.29,1545545,90297,5.8,0,0,0.0,1007,475,50,1.03,2.62,1.62,8.31,2454,4
2026-05-17 05:40:59,3.2,12.32,11.66,11.37,1545545,90309,5.8,0,0,0.0,1007,475,50,1.03,2.99,6.67,14.11,2471,7
2026-05-17 05:42:00,3.3,15.94,12.99,11.86,1545545,90328,5.8,0,0,0.0,1007,475,50,1.03,2.75,12.02,19.31,2470,4
2026-05-17 05:43:00,1.1,12.54,12.59,11.80,1545545,90366,5.8,0,0,0.0,1007,475,50,1.03,2.93,3.21,10.10,2483,2
2026-05-17 05:44:00,1.2,10.29,11.95,11.63,1545545,90346,5.8,0,0,0.0,1007,475,50,1.03,2.91,1.17,7.92,2471,3
2026-05-17 05:45:01,1.1,10.21,11.63,11.54,1545545,90360,5.8,0,0,0.0,1007,475,50,1.03,2.74,1.75,8.56,2464,3
2026-05-17 05:46:01,2.0,10.24,11.36,11.45,1545545,90368,5.8,0,0,0.0,1007,475,50,1.03,3.01,4.54,11.43,2454,4
2026-05-17 05:47:01,2.2,13.83,12.10,11.70,1545545,90357,5.8,0,0,0.0,1007,475,50,1.03,2.94,10.66,17.47,2458,2
2026-05-17 05:48:02,3.6,11.21,11.67,11.57,1545545,90309,5.8,0,0,0.0,1007,475,50,1.11,2.95,2.60,9.15,2443,3
2026-05-17 05:49:02,2.1,10.87,11.60,11.56,1545545,90364,5.8,0,0,0.0,1007,475,50,1.03,3.04,3.17,10.08,2446,1
2026-05-17 05:50:02,3.1,11.00,11.44,11.50,1545545,90426,5.9,0,0,0.0,1007,475,50,1.03,2.95,4.39,11.46,2449,4
2026-05-17 05:51:03,1.3,11.82,11.59,11.55,1545545,90416,5.9,0,0,0.0,1007,475,50,1.03,2.93,5.21,12.44,2452,3
2026-05-17 05:52:03,1.3,12.92,11.98,11.69,1545545,90430,5.9,0,0,0.0,1007,475,50,1.03,2.83,7.54,14.32,2454,5
2026-05-17 05:53:03,1.9,12.09,11.92,11.68,1545545,90359,5.8,0,0,0.0,1007,475,50,1.03,2.84,7.52,13.68,2454,1
2026-05-17 05:54:04,1.3,10.25,11.42,11.52,1545545,90312,5.8,0,0,0.0,1007,475,50,1.03,3.01,1.10,7.97,2468,4
2026-05-17 05:55:04,1.8,14.16,12.12,11.75,1545545,90324,5.8,0,0,0.0,1007,475,50,1.03,3.04,6.35,13.64,2455,3
2026-05-17 05:56:04,1.0,11.19,11.64,11.60,1545545,90476,5.9,0,0,0.0,1007,475,50,1.03,2.77,1.44,8.25,2439,1
2026-05-17 05:57:05,1.0,10.31,11.30,11.49,1545545,90419,5.9,0,0,0.0,1007,475,50,1.03,2.97,1.07,7.75,2436,1
2026-05-17 05:58:05,2.9,12.70,11.64,11.58,1545545,90443,5.9,0,0,0.0,1007,475,50,1.03,2.82,5.61,12.42,2451,7
2026-05-17 05:59:05,1.6,12.76,11.89,11.67,1545545,90386,5.8,0,0,0.0,1007,475,50,1.03,2.67,8.58,15.76,2442,6
2026-05-17 06:00:06,3.3,16.21,12.80,11.99,1545545,90394,5.8,0,0,0.0,1007,475,50,1.03,2.87,7.37,14.05,2453,4
2026-05-17 06:01:06,2.4,16.25,13.71,12.37,1545545,90367,5.8,0,0,0.0,1007,474,50,1.03,44.94,6.21,13.11,2462,1
2026-05-17 06:02:06,1.0,16.29,14.16,12.61,1545545,90472,5.9,0,0,0.0,1007,474,50,1.03,2.61,6.39,13.72,2463,1
2026-05-17 06:03:07,1.1,17.23,14.84,12.94,1545545,90443,5.9,0,0,0.0,1007,474,50,1.03,2.90,7.19,14.01,2456,2
2026-05-17 06:04:07,1.9,12.24,13.87,12.72,1545545,90407,5.8,0,0,0.0,1007,474,50,1.03,2.89,1.07,7.87,2458,3
2026-05-17 06:05:07,3.4,19.53,15.54,13.37,1545545,90311,5.8,0,0,0.0,1007,474,50,1.03,2.96,9.59,17.10,2462,9
2026-05-17 06:06:08,3.8,20.18,16.60,13.87,1545545,90304,5.8,0,0,0.0,1007,474,50,1.03,2.96,12.67,19.74,2449,6
2026-05-17 06:07:08,1.1,13.89,15.45,13.65,1545545,90277,5.8,0,0,0.0,1007,474,50,1.03,2.89,2.06,8.81,2450,1
2026-05-17 06:08:08,1.0,11.94,14.69,13.50,1545545,90347,5.8,0,0,0.0,1007,474,50,1.03,2.80,1.77,8.52,2440,1
2026-05-17 06:09:09,2.0,16.32,15.30,13.78,1545545,90344,5.8,0,0,0.0,1007,474,50,1.16,3.07,5.65,12.73,2450,4
2026-05-17 06:10:09,1.7,14.96,15.17,13.83,1545545,90324,5.8,0,0,0.0,1007,474,50,1.03,2.91,9.59,16.02,2459,1
2026-05-17 06:11:09,1.9,18.03,15.79,14.12,1545545,90339,5.8,0,0,0.0,1007,474,50,1.03,3.00,7.75,14.28,2462,2
2026-05-17 06:12:10,2.0,14.83,15.20,14.01,1545545,90336,5.8,0,0,0.0,1007,474,50,1.03,2.70,7.58,14.55,2462,3
2026-05-17 06:13:10,1.1,11.68,14.28,13.77,1545545,90233,5.8,0,0,0.0,1007,474,50,1.03,2.85,1.71,8.34,2456,4
2026-05-17 06:14:10,3.5,12.79,14.12,13.75,1545545,90256,5.8,0,0,0.0,1007,474,50,1.03,2.91,8.87,16.40,2447,5
2026-05-17 06:15:11,1.2,12.07,13.79,13.67,1545545,90362,5.8,0,0,0.0,1007,475,50,1.03,2.89,10.05,16.35,2454,3
2026-05-17 06:16:11,2.8,11.25,13.23,13.48,1545545,90379,5.8,0,0,0.0,1007,475,50,1.03,2.88,2.67,9.53,2467,4
2026-05-17 06:17:11,0.9,11.04,12.89,13.35,1545545,90326,5.8,0,0,0.0,1007,475,50,1.03,2.89,6.45,13.31,2451,2
2026-05-17 06:18:12,3.8,15.40,13.71,13.59,1545545,90335,5.8,0,0,0.0,1007,475,50,1.03,2.88,8.28,15.73,2452,4
2026-05-17 06:19:12,3.7,12.40,13.14,13.40,1545545,90330,5.8,0,0,0.0,1007,475,50,1.03,2.93,5.64,12.81,2459,7
2026-05-17 06:20:12,2.0,12.49,13.04,13.35,1545545,90332,5.8,0,0,0.0,1007,475,50,1.03,2.98,4.58,11.62,2453,1
2026-05-17 06:21:13,3.1,13.59,13.21,13.39,1545545,90411,5.8,0,0,0.0,1007,475,50,1.03,2.95,10.13,17.82,2458,14
2026-05-17 06:22:13,1.2,12.04,12.86,13.26,1545545,90376,5.8,0,0,0.0,1007,475,50,1.03,2.79,2.07,8.85,2462,4
2026-05-17 06:23:13,2.9,11.15,12.42,13.08,1545545,90344,5.8,0,0,0.0,1007,475,50,1.03,2.80,1.05,7.72,2459,4
2026-05-17 06:24:14,3.3,13.71,12.87,13.19,1545545,90355,5.8,0,0,0.0,1007,475,50,1.03,2.93,4.86,12.17,2453,8
2026-05-17 06:25:14,1.3,11.82,12.48,13.04,1545545,90308,5.8,0,0,0.0,1007,475,50,1.03,3.01,1.58,8.31,2455,2
2026-05-17 06:26:14,1.0,12.29,12.51,13.01,1545545,90322,5.8,0,0,0.0,1007,475,50,1.16,2.79,6.50,13.80,2443,5
2026-05-17 06:27:15,1.2,11.18,12.11,12.84,1545545,90439,5.9,0,0,0.0,1007,475,50,1.03,2.64,2.07,8.98,2452,2
2026-05-17 06:28:15,2.8,11.77,12.10,12.79,1545545,90442,5.9,0,0,0.0,1007,475,50,1.03,2.90,8.75,15.95,2448,4
2026-05-17 06:29:15,3.5,13.07,12.48,12.88,1545545,90417,5.9,0,0,0.0,1007,475,50,1.03,3.00,9.31,16.37,2459,5
2026-05-17 06:30:16,2.1,13.89,12.84,12.98,1545545,90411,5.8,0,0,0.0,1007,475,50,1.03,2.85,9.42,17.30,2447,20
2026-05-17 06:31:16,1.2,13.50,12.99,13.03,1545545,90376,5.8,0,0,0.0,1007,475,50,1.03,2.80,8.19,15.69,2451,3
2026-05-17 06:32:16,2.9,12.28,12.66,12.90,1545545,90367,5.8,0,0,0.0,1007,475,50,1.03,2.91,8.62,16.10,2446,8
2026-05-17 06:33:17,3.1,13.56,12.93,12.98,1545545,90450,5.9,0,0,0.0,1007,475,50,1.03,2.85,12.36,20.03,2453,5
2026-05-17 06:34:17,1.0,11.64,12.58,12.86,1545545,90416,5.9,0,0,0.0,1007,475,50,1.03,2.99,7.41,13.97,2451,1
2026-05-17 06:35:17,1.4,12.68,12.73,12.90,1545545,90450,5.9,0,0,0.0,1007,475,50,1.03,3.05,8.76,15.68,2460,2
2026-05-17 06:36:18,1.7,11.82,12.40,12.77,1545545,90409,5.8,0,0,0.0,1007,475,50,1.03,3.03,1.02,7.77,2462,6
2026-05-17 06:37:18,1.2,12.77,12.57,12.81,1545545,90447,5.9,0,0,0.0,1007,475,50,1.03,2.88,5.29,12.51,2456,2
2026-05-17 06:38:18,2.7,11.45,12.21,12.66,1545545,90404,5.8,0,0,0.0,1007,475,50,1.03,2.85,3.53,10.47,2453,8
2026-05-17 06:39:19,3.3,11.71,12.14,12.61,1545545,90394,5.8,0,0,0.0,1007,475,50,1.03,2.96,7.47,14.91,2460,6
2026-05-17 06:40:19,1.1,11.10,11.95,12.52,1545545,90439,5.9,0,0,0.0,1007,475,50,1.03,3.07,7.51,14.10,2451,1
2026-05-17 06:41:19,1.4,11.66,11.97,12.49,1545545,90446,5.9,0,0,0.0,1007,475,50,1.03,2.38,6.11,13.42,2438,9
2026-05-17 06:42:20,2.0,12.43,12.15,12.52,1545545,90350,5.8,0,0,0.0,1007,475,50,1.03,2.84,7.85,15.40,2441,3
2026-05-17 06:43:20,1.5,12.02,12.12,12.49,1545545,90290,5.8,0,0,0.0,1007,475,50,1.03,2.87,11.29,17.01,2432,5
2026-05-17 06:44:20,1.3,10.48,11.65,12.31,1545545,90252,5.8,0,0,0.0,1007,475,50,1.03,2.98,1.10,7.73,2424,3
2026-05-17 06:45:21,1.3,10.20,11.35,12.16,1545545,90264,5.8,0,0,0.0,1007,475,50,1.03,3.20,4.02,11.20,2451,1
2026-05-17 06:46:21,1.5,12.87,11.96,12.32,1545545,90366,5.8,0,0,0.0,1007,475,50,1.03,2.94,9.42,16.87,2451,2
2026-05-17 06:47:21,1.3,10.71,11.54,12.15,1545545,90357,5.8,0,0,0.0,1007,475,50,1.03,2.86,1.00,7.68,2450,1
2026-05-17 06:48:22,3.2,12.77,11.94,12.25,1545545,90338,5.8,0,0,0.0,1007,475,50,1.03,2.72,5.61,12.84,2455,5
2026-05-17 06:49:22,1.7,11.31,11.70,12.15,1545545,90314,5.8,0,0,0.0,1007,475,50,1.03,2.98,6.20,13.46,2456,7
2026-05-17 06:50:22,1.0,10.30,11.33,11.99,1545545,90295,5.8,0,0,0.0,1007,475,50,1.03,3.11,2.66,9.44,2438,4
2026-05-17 06:51:23,3.1,12.53,11.62,12.04,1545545,90327,5.8,0,0,0.0,1007,475,50,1.03,2.86,4.93,12.13,2458,4
2026-05-17 06:52:23,3.9,11.77,11.55,11.99,1545545,90431,5.9,0,0,0.0,1007,475,50,1.03,2.77,5.34,12.33,2461,6
2026-05-17 06:53:23,1.4,11.17,11.44,11.93,1545545,90355,5.8,0,0,0.0,1007,475,50,1.03,2.82,7.33,13.52,2454,6
2026-05-17 06:54:24,3.3,11.83,11.58,11.94,1545545,90367,5.8,0,0,0.0,1007,475,50,1.03,2.90,4.22,10.99,2465,10
2026-05-17 06:55:24,1.2,10.45,11.29,11.82,1545545,90334,5.8,0,0,0.0,1007,475,50,1.03,2.96,5.08,12.19,2456,2
2026-05-17 06:56:24,3.2,11.18,11.27,11.77,1545545,90387,5.8,0,0,0.0,1007,475,50,1.03,2.91,4.86,11.98,2453,9
2026-05-17 06:57:25,1.1,10.63,11.10,11.69,1545545,90326,5.8,0,0,0.0,1007,475,50,1.03,2.88,2.68,9.59,2457,1
2026-05-17 06:58:25,1.9,11.92,11.44,11.77,1545545,90277,5.8,0,0,0.0,1007,475,50,1.03,2.88,10.18,17.71,2463,7
2026-05-17 06:59:25,3.3,11.04,11.23,11.67,1545545,90433,5.9,0,0,0.0,1007,475,50,1.03,2.38,3.16,10.07,2460,6
2026-05-17 07:00:26,1.1,10.90,11.17,11.62,1545545,90384,5.8,0,0,0.0,1007,475,50,1.03,3.06,7.75,14.52,2472,5
2026-05-17 07:01:26,1.0,9.86,10.82,11.47,1545545,90372,5.8,0,0,0.0,1007,474,50,1.03,44.88,1.02,7.68,2472,1
2026-05-17 07:02:26,1.2,10.00,10.66,11.37,1545545,90398,5.8,0,0,0.0,1007,474,50,1.03,2.89,2.47,9.33,2453,1
2026-05-17 07:03:27,3.4,10.71,10.73,11.35,1545545,90342,5.8,0,0,0.0,1007,474,50,1.03,2.73,7.07,13.66,2454,6
2026-05-17 07:04:27,2.1,11.22,10.84,11.35,1545545,90384,5.8,0,0,0.0,1007,475,50,1.03,3.07,6.50,13.15,2459,2
2026-05-17 07:05:27,1.7,12.11,11.15,11.43,1545545,90430,5.9,0,0,0.0,1007,475,50,1.03,3.04,6.82,13.45,2445,9
2026-05-17 07:06:28,2.4,12.95,11.44,11.50,1545545,90470,5.9,0,0,0.0,1007,475,50,1.03,3.01,4.98,12.20,2450,3
2026-05-17 07:07:28,4.0,13.06,11.72,11.59,1545545,90461,5.9,0,0,0.0,1007,475,50,2.07,2.74,7.94,14.80,2464,8
2026-05-17 07:08:28,3.6,11.76,11.60,11.56,1545545,90442,5.9,0,0,0.0,1007,475,50,1.03,3.11,7.21,14.00,2464,8
2026-05-17 07:09:29,1.3,11.63,11.60,11.56,1545545,90436,5.9,0,0,0.0,1007,475,50,1.03,2.89,7.13,14.41,2454,6
2026-05-17 07:10:29,1.4,10.88,11.42,11.50,1545545,90399,5.8,0,0,0.0,1007,475,50,1.03,2.95,1.10,7.87,2464,3
2026-05-17 07:11:29,1.2,11.27,11.44,11.50,1545545,90484,5.9,0,0,0.0,1007,475,50,1.03,2.89,3.23,10.17,2462,2
2026-05-17 07:12:30,1.3,11.59,11.45,11.50,1545545,90497,5.9,0,0,0.0,1007,475,50,1.03,2.84,2.12,9.16,2450,3
2026-05-17 07:13:30,1.2,12.14,11.61,11.55,1545545,90442,5.9,0,0,0.0,1007,475,50,1.03,2.82,5.73,12.91,2446,7
2026-05-17 07:14:30,1.4,10.69,11.29,11.44,1545545,90428,5.9,0,0,0.0,1007,475,50,1.03,2.74,1.37,8.04,2439,3
2026-05-17 07:15:31,3.0,11.90,11.65,11.56,1545545,90469,5.9,0,0,0.0,1007,475,50,1.03,3.15,6.38,13.70,2432,16
2026-05-17 07:16:31,1.2,13.09,12.06,11.71,1545545,90508,5.9,0,0,0.0,1007,475,50,1.03,2.99,10.20,17.47,2445,5
2026-05-17 07:17:31,4.1,11.48,11.76,11.63,1545545,90539,5.9,0,0,0.0,1007,475,50,1.03,2.93,2.01,8.82,2452,4
2026-05-17 07:18:32,1.3,11.73,11.78,11.64,1545545,90388,5.8,0,0,0.0,1007,475,50,1.03,2.73,5.08,12.23,2458,1
2026-05-17 07:19:32,3.8,11.85,11.74,11.63,1545545,90397,5.8,0,0,0.0,1007,475,50,1.03,2.97,4.05,11.04,2467,5
2026-05-17 07:20:32,1.2,12.21,11.94,11.71,1545545,90394,5.8,0,0,0.0,1007,475,50,1.03,2.99,10.30,16.90,2474,6
2026-05-17 07:21:33,3.6,12.39,11.99,11.74,1545545,90440,5.9,0,0,0.0,1007,475,50,1.03,3.00,8.20,15.29,2461,5
2026-05-17 07:22:33,3.1,11.73,11.87,11.72,1545545,90472,5.9,0,0,0.0,1007,475,50,1.03,2.77,6.46,12.92,2463,5
2026-05-17 07:23:33,3.7,11.57,11.92,11.75,1545545,90453,5.9,0,0,0.0,1007,475,50,1.03,2.90,2.98,9.92,2483,5
2026-05-17 07:24:34,1.4,11.37,11.84,11.74,1545545,90421,5.9,0,0,0.0,1007,475,50,1.03,2.85,5.36,12.50,2492,5
2026-05-17 07:25:34,1.2,10.61,11.54,11.64,1545545,90440,5.9,0,0,0.0,1007,475,50,1.03,2.95,2.16,8.98,2485,2
2026-05-17 07:26:34,1.4,11.03,11.49,11.61,1545545,90463,5.9,0,0,0.0,1007,475,50,1.03,2.96,9.35,16.59,2487,5
2026-05-17 07:27:35,3.3,10.81,11.31,11.54,1545545,90491,5.9,0,0,0.0,1007,475,50,1.03,2.48,3.55,10.58,2477,10
2026-05-17 07:28:35,1.2,11.58,11.50,11.60,1545545,90454,5.9,0,0,0.0,1007,475,50,1.03,2.77,9.94,17.25,2461,4
2026-05-17 07:29:35,1.3,12.10,11.65,11.64,1545545,90461,5.9,0,0,0.0,1007,475,50,1.03,2.93,9.74,16.76,2480,5
2026-05-17 07:30:36,1.3,11.48,11.56,11.61,1545545,90465,5.9,0,0,0.0,1007,475,50,1.03,3.04,4.40,11.46,2485,1
2026-05-17 07:31:36,8.4,11.68,11.57,11.61,1545545,90494,5.9,0,0,0.0,1007,475,50,1.03,2.87,5.85,12.94,2478,24
2026-05-17 07:32:36,1.1,10.87,11.38,11.55,1545545,90488,5.9,0,0,0.0,1007,475,50,1.03,2.82,5.15,12.12,2498,3
2026-05-17 07:33:37,3.2,10.13,11.08,11.43,1545545,90470,5.9,0,0,0.0,1007,475,50,1.03,2.99,2.78,9.78,2494,4
2026-05-17 07:34:37,1.5,10.01,10.90,11.35,1545545,90448,5.9,0,0,0.0,1007,475,50,1.03,2.87,2.86,9.73,2466,1
2026-05-17 07:35:37,3.2,11.73,11.15,11.40,1545545,90498,5.9,0,0,0.0,1007,475,50,1.03,3.15,4.10,11.06,2481,4
2026-05-17 07:36:38,3.7,12.22,11.48,11.51,1545545,90495,5.9,0,0,0.0,1007,475,50,1.03,2.94,9.61,15.86,2468,6
2026-05-17 07:37:38,1.2,11.11,11.37,11.47,1545545,90502,5.9,0,0,0.0,1007,475,50,1.03,2.95,4.14,11.09,2450,7
2026-05-17 07:38:38,1.2,10.24,11.07,11.36,1545545,90476,5.9,0,0,0.0,1007,475,50,1.03,2.86,2.08,8.87,2467,2
2026-05-17 07:39:39,1.3,10.52,10.94,11.29,1545545,90494,5.9,0,0,0.0,1007,475,50,1.03,2.82,1.03,7.77,2462,5
2026-05-17 07:40:39,1.1,10.50,10.77,11.20,1545545,90535,5.9,0,0,0.0,1007,475,50,1.03,2.93,1.76,8.49,2469,3
2026-05-17 07:41:39,1.2,9.25,10.35,11.03,1545545,90537,5.9,0,0,0.0,1007,475,50,1.03,2.91,1.18,7.96,2473,3
2026-05-17 07:42:40,1.5,11.24,10.66,11.09,1545545,90502,5.9,0,0,0.0,1007,475,50,1.03,2.93,7.66,14.32,2480,5
2026-05-17 07:43:40,1.0,10.36,10.48,11.00,1545545,90472,5.9,0,0,0.0,1007,475,50,1.03,2.92,1.00,7.67,2473,3
2026-05-17 07:44:40,1.2,9.91,10.34,10.92,1545545,90485,5.9,0,0,0.0,1007,475,50,1.03,2.76,1.79,8.54,2481,4
2026-05-17 07:45:41,1.1,9.41,10.11,10.80,1545545,90480,5.9,0,0,0.0,1007,475,50,1.03,2.96,1.38,8.17,2474,3
2026-05-17 07:46:41,11.6,12.96,11.05,11.09,1545545,90533,5.9,0,0,0.0,1007,475,50,1.03,3.03,5.45,12.71,2474,26
2026-05-17 07:47:41,3.2,15.72,12.29,11.52,1545545,90564,5.9,0,0,0.0,1007,475,50,1.04,2.79,7.23,14.57,2459,9
2026-05-17 07:48:42,1.3,14.79,12.54,11.64,1545545,90528,5.9,0,0,0.0,1007,475,50,1.03,2.82,5.29,12.54,2471,4
2026-05-17 07:49:42,4.3,15.94,13.23,11.93,1545545,90539,5.9,0,0,0.0,1007,475,50,1.03,2.93,7.80,14.95,2464,6
2026-05-17 07:50:42,1.2,16.97,14.06,12.30,1545545,90557,5.9,0,0,0.0,1007,475,50,1.11,3.05,9.55,17.22,2469,4
2026-05-17 07:51:43,1.4,12.27,13.25,12.13,1545545,90531,5.9,0,0,0.0,1007,475,50,1.03,2.76,1.13,7.94,2487,4
2026-05-17 07:52:43,1.6,13.06,13.22,12.18,1545545,90556,5.9,0,0,0.0,1007,475,50,1.03,2.96,4.70,11.74,2477,2
2026-05-17 07:53:43,3.3,16.33,13.94,12.49,1545545,90522,5.9,0,0,0.0,1007,475,50,1.03,2.85,5.98,13.30,2477,6
2026-05-17 07:54:44,1.2,16.97,14.81,12.89,1545545,90532,5.9,0,0,0.0,1007,475,50,1.03,2.92,9.40,16.48,2479,2
2026-05-17 07:55:44,2.9,12.73,13.95,12.72,1545545,90451,5.9,0,0,0.0,1007,475,50,1.03,2.47,1.61,8.40,2465,8
2026-05-17 07:56:45,1.0,12.98,13.85,12.76,1545545,90459,5.9,0,0,0.0,1007,475,50,1.03,3.06,2.38,9.30,2454,3
2026-05-17 07:57:45,1.1,12.29,13.61,12.75,1545545,90474,5.9,0,0,0.0,1007,475,50,1.12,2.94,5.25,12.09,2465,4
2026-05-17 07:58:45,3.0,12.14,13.30,12.70,1545545,90467,5.9,0,0,0.0,1007,475,50,1.03,2.79,7.39,14.24,2464,4
2026-05-17 07:59:46,1.8,13.30,13.43,12.78,1545545,90464,5.9,0,0,0.0,1007,475,50,1.03,2.85,12.19,19.14,2457,5
2026-05-17 08:00:46,1.3,11.44,12.88,12.63,1545545,90470,5.9,0,0,0.0,1007,475,50,1.03,2.98,1.36,8.15,2471,5
2026-05-17 08:01:46,1.2,11.38,12.59,12.54,1545545,90485,5.9,0,0,0.0,1007,475,50,1.03,47.27,4.02,11.11,2470,2
2026-05-17 08:02:47,4.1,12.65,12.80,12.62,1545545,90472,5.9,0,0,0.0,1007,475,50,1.03,2.84,8.56,15.07,2463,5
2026-05-17 08:03:47,1.1,12.52,12.82,12.65,1545545,90403,5.8,0,0,0.0,1007,475,50,1.03,2.83,11.33,17.58,2472,3
2026-05-17 08:04:47,3.2,11.29,12.37,12.50,1545545,90330,5.8,0,0,0.0,1007,475,50,1.03,3.04,2.99,9.83,2461,5
2026-05-17 08:05:48,2.5,12.54,12.50,12.53,1545545,90384,5.8,0,0,0.0,1007,475,50,1.03,2.95,5.77,12.75,2458,6
2026-05-17 08:06:48,3.1,14.49,12.98,12.69,1545545,90467,5.9,0,0,0.0,1007,475,50,1.03,3.03,7.61,14.41,2474,9
2026-05-17 08:07:48,1.7,15.51,13.46,12.87,1545545,90478,5.9,0,0,0.0,1007,475,50,1.03,2.84,9.38,16.41,2459,5
2026-05-17 08:08:49,1.7,15.41,13.89,13.06,1545545,90447,5.9,0,0,0.0,1007,475,50,1.03,3.21,8.94,16.59,2452,6
2026-05-17 08:09:49,1.4,14.39,13.85,13.09,1545545,90480,5.9,0,0,0.0,1007,475,50,1.03,2.73,6.80,14.18,2457,2
2026-05-17 08:10:49,1.0,12.99,13.59,13.05,1545545,90485,5.9,0,0,0.0,1007,475,50,1.03,3.05,8.84,16.00,2454,6
2026-05-17 08:11:50,3.2,14.10,13.69,13.12,1545545,90518,5.9,0,0,0.0,1007,475,50,1.03,2.89,6.65,13.57,2453,7
2026-05-17 08:12:50,1.2,12.22,13.18,12.97,1545545,90496,5.9,0,0,0.0,1007,475,50,1.03,2.95,2.07,8.86,2452,3
2026-05-17 08:13:50,1.3,11.61,12.83,12.86,1545545,90475,5.9,0,0,0.0,1007,475,50,1.03,2.34,4.61,11.69,2463,7
2026-05-17 08:14:51,4.8,11.78,12.64,12.79,1545545,90502,5.9,0,0,0.0,1007,475,50,1.03,2.83,4.92,11.88,2461,6
2026-05-17 08:15:51,5.8,11.63,12.56,12.76,1545545,90526,5.9,0,0,0.0,1007,475,50,1.07,2.96,5.67,12.72,2467,26
2026-05-17 08:16:51,1.1,11.21,12.33,12.68,1545545,90544,5.9,0,0,0.0,1007,475,50,1.03,2.91,6.70,13.69,2462,2
2026-05-17 08:17:52,3.2,11.52,12.15,12.59,1545545,90515,5.9,0,0,0.0,1007,475,50,1.03,2.83,4.04,11.21,2460,7
2026-05-17 08:18:52,1.7,11.99,12.21,12.58,1545545,90417,5.9,0,0,0.0,1007,475,50,1.03,2.98,8.76,15.85,2448,2
2026-05-17 08:19:52,2.1,13.26,12.45,12.64,1545545,90519,5.9,0,0,0.0,1007,475,50,1.03,2.74,7.40,13.86,2457,2
2026-05-17 08:20:53,3.2,12.68,12.42,12.61,1545545,90523,5.9,0,0,0.0,1007,475,50,1.03,2.93,5.23,12.37,2464,6
2026-05-17 08:21:53,1.8,13.44,12.72,12.71,1545545,90553,5.9,0,0,0.0,1007,475,50,1.03,2.87,12.13,18.57,2473,2
2026-05-17 08:22:53,3.3,13.72,12.81,12.73,1545545,90550,5.9,0,0,0.0,1007,475,50,1.03,3.00,4.56,11.18,2470,5
2026-05-17 08:23:54,1.1,11.94,12.51,12.64,1545545,90488,5.9,0,0,0.0,1007,475,50,1.03,2.75,4.50,10.84,2464,5
2026-05-17 08:24:54,2.5,12.55,12.55,12.64,1545545,90560,5.9,0,0,0.0,1007,475,50,1.03,2.89,5.95,13.14,2471,7
2026-05-17 08:25:54,3.0,13.14,12.64,12.66,1545545,90576,5.9,0,0,0.0,1007,475,50,1.03,2.78,6.95,14.16,2461,6
2026-05-17 08:26:55,1.4,14.51,13.25,12.87,1545545,90578,5.9,0,0,0.0,1007,475,50,1.03,2.96,11.74,19.04,2468,8
2026-05-17 08:27:55,3.3,15.34,13.69,13.05,1545545,90499,5.9,0,0,0.0,1007,475,50,1.03,2.68,11.38,18.40,2460,5
2026-05-17 08:28:55,3.3,12.66,13.18,12.91,1545545,90471,5.9,0,0,0.0,1007,475,50,1.03,2.87,5.97,12.77,2473,3
2026-05-17 08:29:56,1.1,11.89,12.88,12.83,1545545,90415,5.9,0,0,0.0,1007,475,50,1.03,2.93,4.15,10.86,2450,1
2026-05-17 08:30:56,8.4,12.40,12.97,12.87,1545545,90573,5.9,0,0,0.0,1007,475,50,1.03,2.85,6.54,13.42,2454,18
2026-05-17 08:31:56,0.9,11.63,12.80,12.82,1545545,90418,5.9,0,0,0.0,1007,475,50,1.03,2.66,1.63,8.27,2456,6
2026-05-17 08:32:57,3.4,11.05,12.36,12.67,1545545,90405,5.8,0,0,0.0,1007,475,50,1.03,2.69,5.05,12.28,2458,4
2026-05-17 08:33:57,2.4,13.21,12.80,12.80,1545545,90373,5.8,0,0,0.0,1007,475,50,1.03,2.99,11.32,17.79,2463,2
2026-05-17 08:34:57,1.1,11.62,12.51,12.71,1545545,90328,5.8,0,0,0.0,1007,475,50,1.03,3.11,1.38,8.02,2472,12
2026-05-17 08:35:58,1.6,10.07,11.88,12.48,1545545,90454,5.9,0,0,0.0,1007,475,50,1.03,2.77,1.02,7.78,2478,2
2026-05-17 08:36:58,2.0,10.34,11.58,12.33,1545545,90487,5.9,0,0,0.0,1007,475,50,1.03,2.95,3.53,10.43,2479,6
2026-05-17 08:37:58,2.1,11.01,11.54,12.27,1545545,90487,5.9,0,0,0.0,1007,475,50,1.03,2.81,13.65,19.22,2491,6
2026-05-17 08:38:59,1.4,12.47,11.87,12.33,1545545,90485,5.9,0,0,0.0,1007,475,50,1.03,2.86,7.28,13.70,2480,3
2026-05-17 08:39:59,1.5,11.44,11.68,12.24,1545545,90475,5.9,0,0,0.0,1007,475,50,1.03,2.83,1.37,8.06,2476,1
2026-05-17 08:40:59,1.1,10.33,11.34,12.08,1545545,90497,5.9,0,0,0.0,1007,475,50,1.03,2.91,1.03,7.74,2462,4
2026-05-17 08:42:00,3.3,15.11,12.39,12.39,1545545,90531,5.9,0,0,0.0,1007,475,50,1.03,2.73,8.61,15.48,2461,5
2026-05-17 08:43:00,1.4,13.89,12.57,12.46,1545545,90508,5.9,0,0,0.0,1007,475,50,1.03,2.86,11.46,19.23,2459,2
2026-05-17 08:44:00,1.4,12.12,12.27,12.36,1545545,90491,5.9,0,0,0.0,1007,475,50,1.03,2.81,2.18,8.94,2472,5
2026-05-17 08:45:01,1.1,12.23,12.19,12.32,1545545,90463,5.9,0,0,0.0,1007,475,50,1.03,2.91,4.26,11.39,2461,6
2026-05-17 08:46:01,1.2,12.08,12.18,12.31,1545545,90494,5.9,0,0,0.0,1007,475,50,1.03,2.84,3.57,10.51,2465,3
2026-05-17 08:47:01,3.1,12.01,12.16,12.29,1545545,90545,5.9,0,0,0.0,1007,475,50,1.03,2.74,7.54,14.97,2459,4
2026-05-17 08:48:02,3.1,12.19,12.17,12.29,1545545,90520,5.9,0,0,0.0,1007,475,50,1.03,2.89,7.93,15.58,2460,6
2026-05-17 08:49:02,1.5,12.85,12.42,12.37,1545545,90500,5.9,0,0,0.0,1007,475,50,1.03,3.04,5.06,12.16,2458,2
2026-05-17 08:50:02,3.2,12.34,12.32,12.33,1545545,90519,5.9,0,0,0.0,1007,475,50,1.03,2.82,5.21,12.40,2458,6
2026-05-17 08:51:03,1.3,12.27,12.24,12.30,1545545,90538,5.9,0,0,0.0,1007,475,50,1.03,2.75,6.55,13.93,2438,2
2026-05-17 08:52:03,1.2,11.36,11.94,12.19,1545545,90421,5.9,0,0,0.0,1007,475,50,1.03,2.82,1.04,7.68,2445,4
2026-05-17 08:53:03,1.2,10.88,11.70,12.09,1545545,90463,5.9,0,0,0.0,1007,475,50,1.03,2.97,3.61,10.73,2458,6
2026-05-17 08:54:04,3.0,11.26,11.59,12.02,1545545,90540,5.9,0,0,0.0,1007,475,50,1.03,2.69,5.15,12.47,2453,7
2026-05-17 08:55:04,1.4,12.39,11.94,12.12,1545545,90543,5.9,0,0,0.0,1007,475,50,1.03,2.99,7.17,14.23,2466,3
2026-05-17 08:56:04,1.0,11.38,11.73,12.04,1545545,90557,5.9,0,0,0.0,1007,475,50,1.03,2.50,5.70,12.93,2471,1
2026-05-17 08:57:05,1.4,10.23,11.34,11.88,1545545,90507,5.9,0,0,0.0,1007,475,50,1.03,2.88,2.54,9.46,2467,5
2026-05-17 08:58:05,3.3,12.48,11.73,11.98,1545545,90514,5.9,0,0,0.0,1007,475,50,1.03,2.90,10.43,17.48,2454,4
2026-05-17 08:59:05,1.4,13.44,12.06,12.07,1545545,90437,5.9,0,0,0.0,1007,475,50,1.03,2.96,6.60,13.98,2451,2
2026-05-17 09:00:06,3.7,13.30,12.25,12.13,1545545,90453,5.9,0,0,0.0,1007,475,50,1.03,2.91,9.76,16.38,2450,6
2026-05-17 09:01:06,3.3,12.63,12.20,12.12,1545545,90605,5.9,0,0,0.0,1007,475,50,1.03,46.82,5.97,13.02,2460,4
2026-05-17 09:02:06,12.3,13.47,12.49,12.22,1545545,90586,5.9,0,0,0.0,1007,475,50,1.03,2.67,11.66,18.81,2462,30
2026-05-17 09:03:07,3.7,13.07,12.57,12.27,1545545,90533,5.9,0,0,0.0,1007,475,50,1.03,2.89,8.58,15.97,2472,6
2026-05-17 09:04:07,1.3,11.99,12.39,12.23,1545545,90499,5.9,0,0,0.0,1007,475,50,1.03,2.93,11.05,17.73,2477,4
2026-05-17 09:05:07,1.3,11.02,12.07,12.13,1545545,90468,5.9,0,0,0.0,1007,475,50,1.16,2.95,1.75,8.50,2478,2
2026-05-17 09:06:08,2.8,11.91,12.10,12.13,1545545,90486,5.9,0,0,0.0,1007,475,50,1.03,2.96,5.68,12.97,2476,1
2026-05-17 09:07:08,3.2,11.96,11.99,12.08,1545545,90592,5.9,0,0,0.0,1007,475,50,1.03,2.91,3.53,10.50,2461,6
2026-05-17 09:08:08,3.5,14.19,12.53,12.26,1545545,90486,5.9,0,0,0.0,1007,475,50,1.03,3.23,9.32,16.77,2456,7
2026-05-17 09:09:09,3.3,15.39,13.15,12.49,1545545,90435,5.9,0,0,0.0,1007,475,50,1.03,2.73,9.55,16.95,2452,10
2026-05-17 09:10:09,1.3,12.93,12.81,12.41,1545545,90396,5.8,0,0,0.0,1007,475,50,1.03,2.78,8.15,15.69,2457,1
2026-05-17 09:11:09,1.6,12.02,12.51,12.33,1545545,90397,5.8,0,0,0.0,1007,475,50,1.03,2.88,6.93,13.47,2454,1
2026-05-17 09:12:10,3.6,12.37,12.45,12.31,1545545,90437,5.9,0,0,0.0,1007,475,50,1.03,2.88,4.66,11.72,2463,6
2026-05-17 09:13:10,3.5,13.42,12.74,12.42,1545545,90487,5.9,0,0,0.0,1007,475,50,1.03,2.51,10.02,17.05,2464,4
2026-05-17 09:14:10,1.1,12.14,12.54,12.38,1545545,90437,5.9,0,0,0.0,1007,475,50,1.03,2.90,2.77,9.69,2465,2
2026-05-17 09:15:11,1.4,11.23,12.22,12.27,1545545,90472,5.9,0,0,0.0,1007,475,50,1.03,2.89,6.87,13.54,2460,1
2026-05-17 09:16:11,1.2,10.00,11.69,12.09,1545545,90436,5.9,0,0,0.0,1007,475,50,1.03,2.92,0.99,7.67,2460,1
2026-05-17 09:17:11,1.0,11.04,11.68,12.06,1545545,90413,5.8,0,0,0.0,1007,475,50,1.03,2.72,5.74,12.95,2467,5
2026-05-17 09:18:12,2.9,11.65,11.73,12.05,1545545,90387,5.8,0,0,0.0,1007,475,50,1.03,2.89,7.88,14.41,2464,2
2026-05-17 09:19:12,2.3,12.04,11.79,12.05,1545545,90433,5.9,0,0,0.0,1007,475,50,1.03,3.04,9.20,16.50,2464,6
2026-05-17 09:20:12,2.0,12.16,11.83,12.04,1545545,90498,5.9,0,0,0.0,1007,475,50,1.03,2.80,6.25,13.10,2484,3
2026-05-17 09:21:13,0.9,11.06,11.62,11.96,1545545,90470,5.9,0,0,0.0,1007,475,50,1.03,2.89,1.06,7.81,2484,3
2026-05-17 09:22:13,3.4,10.50,11.34,11.84,1545545,90479,5.9,0,0,0.0,1007,475,50,1.03,2.75,3.63,10.63,2476,6
2026-05-17 09:23:13,1.1,9.68,10.99,11.69,1545545,90418,5.9,0,0,0.0,1007,475,50,1.03,2.95,3.88,10.82,2470,4
2026-05-17 09:24:14,2.7,10.50,10.97,11.64,1545545,90389,5.8,0,0,0.0,1007,475,50,1.03,2.80,3.25,10.38,2465,1
2026-05-17 09:25:14,1.6,10.63,10.90,11.57,1545545,90501,5.9,0,0,0.0,1007,475,50,1.03,2.96,1.00,7.70,2460,6
2026-05-17 09:26:14,1.7,11.34,11.00,11.56,1545545,90531,5.9,0,0,0.0,1007,475,50,1.03,2.86,7.88,14.66,2463,3
2026-05-17 09:27:15,1.2,10.72,10.90,11.49,1545545,90505,5.9,0,0,0.0,1007,475,50,1.03,2.88,3.14,9.74,2458,2
2026-05-17 09:28:15,3.2,10.02,10.67,11.37,1545545,90477,5.9,0,0,0.0,1007,475,50,1.03,2.78,2.14,8.91,2472,4
2026-05-17 09:29:15,1.1,9.69,10.52,11.28,1545545,90461,5.9,0,0,0.0,1007,475,50,1.03,2.84,3.99,11.10,2466,3
2026-05-17 09:30:16,1.3,10.51,10.62,11.26,1545545,90526,5.9,0,0,0.0,1007,475,50,1.03,3.07,4.60,11.83,2450,2
2026-05-17 09:31:16,3.1,12.46,11.11,11.38,1545545,90581,5.9,0,0,0.0,1007,475,50,1.03,2.62,9.74,16.58,2440,4
2026-05-17 09:32:16,12.6,12.63,11.31,11.43,1545545,90587,5.9,0,0,0.0,1007,475,50,1.03,2.77,4.48,11.34,2436,12
2026-05-17 09:33:17,1.5,15.01,12.26,11.76,1545545,90575,5.9,0,0,0.0,1007,475,50,1.03,2.45,6.62,13.71,2437,4
2026-05-17 09:34:17,1.3,16.23,13.31,12.16,1545545,90573,5.9,0,0,0.0,1007,475,50,1.03,3.15,9.43,15.92,2448,3
2026-05-17 09:35:17,1.2,13.79,13.26,12.22,1545545,90563,5.9,0,0,0.0,1007,475,50,1.03,2.85,2.44,9.31,2441,2
2026-05-17 09:36:18,1.5,14.78,13.76,12.46,1545545,90581,5.9,0,0,0.0,1007,475,50,1.03,2.92,6.14,13.38,2458,2
2026-05-17 09:37:18,1.3,13.41,13.55,12.47,1545545,90591,5.9,0,0,0.0,1007,475,50,1.03,2.94,3.17,10.13,2454,2
2026-05-17 09:38:18,3.4,13.09,13.30,12.44,1545545,90564,5.9,0,0,0.0,1007,475,50,1.03,2.72,1.39,8.11,2440,5
2026-05-17 09:39:19,1.5,15.44,13.90,12.70,1545545,90532,5.9,0,0,0.0,1007,475,50,1.03,2.93,5.94,13.09,2447,1
2026-05-17 09:40:19,3.1,14.02,13.64,12.68,1545545,90515,5.9,0,0,0.0,1007,475,50,1.03,2.90,2.50,9.36,2455,7
2026-05-17 09:41:19,1.3,14.47,13.99,12.87,1545545,90490,5.9,0,0,0.0,1007,475,50,1.03,2.87,5.71,12.87,2455,5
2026-05-17 09:42:20,1.2,12.28,13.47,12.76,1545545,90581,5.9,0,0,0.0,1007,475,50,1.03,2.64,1.41,8.21,2472,6
2026-05-17 09:43:20,3.6,11.47,13.00,12.64,1545545,90557,5.9,0,0,0.0,1007,475,50,1.03,2.76,2.10,8.94,2466,10
2026-05-17 09:44:20,1.5,11.30,12.71,12.56,1545545,90557,5.9,0,0,0.0,1007,475,50,1.03,3.02,5.61,12.69,2458,3
2026-05-17 09:45:21,3.6,12.44,12.84,12.62,1545545,90412,5.8,0,0,0.0,1007,475,50,1.03,2.93,8.58,16.11,2462,6
2026-05-17 09:46:21,1.0,12.00,12.62,12.55,1545545,90403,5.8,0,0,0.0,1007,475,50,1.03,2.70,6.52,13.87,2446,2
2026-05-17 09:47:21,11.8,12.18,12.66,12.58,1545545,90356,5.8,0,0,0.0,1007,475,50,1.03,2.91,3.22,10.11,2444,20
2026-05-17 09:48:22,4.2,12.56,12.78,12.63,1545545,90332,5.8,0,0,0.0,1007,475,50,1.03,2.53,3.28,10.22,2447,7
2026-05-17 09:49:22,1.5,14.24,13.24,12.80,1545545,90472,5.9,0,0,0.0,1007,475,50,1.03,3.03,8.58,16.28,2453,1
2026-05-17 09:50:22,3.6,13.41,13.15,12.80,1545545,90456,5.9,0,0,0.0,1007,475,50,1.03,2.79,3.04,9.91,2447,12
2026-05-17 09:51:23,1.6,13.27,13.20,12.84,1545545,90449,5.9,0,0,0.0,1007,475,50,1.03,2.85,9.57,15.92,2451,3
2026-05-17 09:52:23,2.8,14.02,13.41,12.93,1545545,90478,5.9,0,0,0.0,1007,475,50,1.03,2.84,8.26,15.44,2442,5
2026-05-17 09:53:23,1.3,14.32,13.60,13.03,1545545,90376,5.8,0,0,0.0,1007,475,50,1.03,2.66,3.79,10.72,2459,10
2026-05-17 09:54:24,2.7,11.34,12.89,12.82,1545545,90372,5.8,0,0,0.0,1007,475,50,1.03,2.88,1.12,8.02,2454,2
2026-05-17 09:55:24,1.2,11.84,12.70,12.75,1545545,90480,5.9,0,0,0.0,1007,475,50,1.25,2.89,1.39,8.09,2462,4
2026-05-17 09:56:24,3.3,11.47,12.37,12.63,1545545,90519,5.9,0,0,0.0,1007,475,50,1.03,2.88,5.20,12.09,2472,5
2026-05-17 09:57:25,4.0,11.97,12.36,12.61,1545545,90507,5.9,0,0,0.0,1007,475,50,1.03,2.77,7.09,14.11,2468,12
2026-05-17 09:58:25,0.9,11.50,12.24,12.56,1545545,90429,5.9,0,0,0.0,1007,475,50,1.03,2.85,6.07,13.31,2459,6
2026-05-17 09:59:25,3.0,11.80,12.09,12.48,1545545,90446,5.9,0,0,0.0,1007,475,50,1.03,2.95,3.56,10.67,2451,4
2026-05-17 10:00:26,2.1,12.25,12.27,12.52,1545545,90452,5.9,0,0,0.0,1007,475,50,1.03,2.98,11.13,17.17,2447,3
2026-05-17 10:01:26,1.0,12.92,12.56,12.61,1545545,90501,5.9,0,0,0.0,1007,475,50,1.03,44.55,7.12,14.03,2445,27
2026-05-17 10:02:26,3.5,16.46,13.93,13.10,1545545,90528,5.9,0,0,0.0,1007,475,50,1.03,2.95,12.36,19.58,2441,8
2026-05-17 10:03:27,0.9,12.35,13.27,12.93,1545545,90458,5.9,0,0,0.0,1007,475,50,1.03,2.82,2.81,9.71,2449,8
2026-05-17 10:04:27,1.0,11.26,12.76,12.77,1545545,90443,5.9,0,0,0.0,1007,475,50,1.03,2.79,1.11,7.94,2467,1
2026-05-17 10:05:27,2.9,11.00,12.42,12.65,1545545,90451,5.9,0,0,0.0,1007,475,50,1.03,3.10,1.19,7.89,2464,6
2026-05-17 10:06:28,3.5,13.55,13.00,12.84,1545545,90488,5.9,0,0,0.0,1007,475,50,1.03,2.97,8.32,15.56,2461,6
2026-05-17 10:07:28,3.7,13.17,13.00,12.85,1545545,90582,5.9,0,0,0.0,1007,475,50,2.07,2.82,9.96,16.39,2469,8
2026-05-17 10:08:28,1.6,13.08,13.04,12.87,1545545,90550,5.9,0,0,0.0,1007,475,50,1.03,2.87,9.84,16.68,2475,4
2026-05-17 10:09:29,1.8,11.31,12.55,12.72,1545545,90505,5.9,0,0,0.0,1007,475,50,0.00,2.91,1.07,7.82,2461,1
2026-05-17 10:10:29,1.3,12.96,12.80,12.79,1545545,90542,5.9,0,0,0.0,1007,475,50,2.07,2.55,9.81,16.84,2454,3
2026-05-17 10:11:29,3.3,12.51,12.65,12.74,1545545,90565,5.9,0,0,0.0,1007,475,50,1.03,2.72,6.73,14.01,2439,7
2026-05-17 10:12:30,1.7,13.68,13.06,12.88,1545545,90521,5.9,0,0,0.0,1007,475,50,1.03,2.82,9.39,16.86,2438,10
2026-05-17 10:13:30,1.2,11.71,12.59,12.73,1545545,90494,5.9,0,0,0.0,1007,475,50,1.03,2.95,3.92,10.95,2438,3
2026-05-17 10:14:30,1.3,10.66,12.11,12.55,1545545,90572,5.9,0,0,0.0,1007,475,50,1.03,2.87,1.06,7.79,2451,3
2026-05-17 10:15:31,1.8,13.61,12.57,12.68,1545545,90580,5.9,0,0,0.0,1007,475,50,1.03,3.25,7.87,14.97,2457,5
2026-05-17 10:16:31,2.4,14.79,13.15,12.87,1545545,90601,5.9,0,0,0.0,1007,475,50,1.03,2.98,12.51,19.29,2468,3
2026-05-17 10:17:31,2.4,12.82,12.83,12.77,1545545,90595,5.9,0,0,0.0,1007,475,50,1.03,2.76,5.01,11.96,2461,4
2026-05-17 10:18:32,1.2,10.73,12.23,12.57,1545545,90528,5.9,0,0,0.0,1007,475,50,1.03,2.77,4.21,10.47,2468,3
2026-05-17 10:19:32,7.3,11.11,12.03,12.47,1545545,90565,5.9,0,0,0.0,1007,475,50,1.03,2.84,4.65,11.85,2464,5
2026-05-17 10:20:32,1.6,11.83,12.02,12.44,1545545,90593,5.9,0,0,0.0,1007,475,50,1.03,2.93,5.43,12.64,2479,4
2026-05-17 10:21:33,1.5,10.73,11.67,12.29,1545545,90454,5.9,0,0,0.0,1007,475,50,1.03,2.82,1.02,7.79,2479,4
2026-05-17 10:22:33,1.5,13.67,12.28,12.45,1545545,90506,5.9,0,0,0.0,1007,475,50,1.03,2.79,6.92,13.47,2482,2
2026-05-17 10:23:33,1.3,11.82,11.99,12.34,1545545,90447,5.9,0,0,0.0,1007,475,50,1.03,2.73,1.03,7.67,2473,5
2026-05-17 10:24:34,4.5,11.17,11.72,12.22,1545545,90395,5.8,0,0,0.0,1007,475,50,1.03,2.78,3.30,10.29,2468,19
2026-05-17 10:25:34,1.2,12.08,12.04,12.31,1545545,90407,5.8,0,0,0.0,1007,475,50,1.03,3.05,3.89,11.03,2459,1
2026-05-17 10:26:34,1.4,12.42,12.23,12.36,1545545,90486,5.9,0,0,0.0,1007,475,50,1.03,2.85,6.57,13.72,2458,2
2026-05-17 10:27:35,2.5,11.12,11.90,12.24,1545545,90496,5.9,0,0,0.0,1007,475,50,1.03,2.76,1.01,7.85,2468,5
2026-05-17 10:28:35,1.2,11.40,11.73,12.15,1545545,90504,5.9,0,0,0.0,1007,475,50,1.03,2.74,1.36,8.06,2479,1
2026-05-17 10:29:35,3.2,10.51,11.38,12.00,1545545,90543,5.9,0,0,0.0,1007,475,50,1.03,2.72,3.63,10.35,2482,5
2026-05-17 10:30:36,1.6,10.70,11.28,11.93,1545545,90519,5.9,0,0,0.0,1007,475,50,1.03,2.90,8.93,15.19,2486,1
2026-05-17 10:31:36,1.8,12.35,11.57,11.98,1545545,90567,5.9,0,0,0.0,1007,475,50,1.03,2.82,8.86,16.40,2476,2
2026-05-17 10:32:36,12.1,12.42,11.72,12.01,1545545,90590,5.9,0,0,0.0,1007,475,50,1.03,2.79,9.30,16.32,2474,24
2026-05-17 10:33:37,4.1,13.12,11.96,12.07,1545545,90528,5.9,0,0,0.0,1007,475,50,1.03,3.00,5.45,12.34,2471,5
2026-05-17 10:34:37,3.4,12.78,12.10,12.11,1545545,90522,5.9,0,0,0.0,1007,475,50,1.03,2.79,8.35,15.85,2463,7
2026-05-17 10:35:37,1.3,13.07,12.39,12.21,1545545,90518,5.9,0,0,0.0,1007,475,50,1.03,3.10,10.66,17.39,2461,5
2026-05-17 10:36:38,1.5,10.56,11.80,12.02,1545545,90530,5.9,0,0,0.0,1007,475,50,1.03,2.96,1.41,8.15,2455,2
2026-05-17 10:37:38,2.7,11.02,11.68,11.96,1545545,90529,5.9,0,0,0.0,1007,475,50,1.03,2.78,6.27,13.10,2447,5
2026-05-17 10:38:38,3.2,12.05,11.83,12.00,1545545,90514,5.9,0,0,0.0,1007,475,50,1.03,2.29,8.70,15.49,2450,5
2026-05-17 10:39:39,2.9,12.52,11.99,12.04,1545545,90561,5.9,0,0,0.0,1007,475,50,1.03,2.79,12.70,19.62,2469,5
2026-05-17 10:40:39,1.3,11.80,11.95,12.03,1545545,90541,5.9,0,0,0.0,1007,475,50,1.03,2.99,4.58,11.78,2466,1
2026-05-17 10:41:39,1.1,11.69,11.86,11.99,1545545,90560,5.9,0,0,0.0,1007,475,50,1.03,2.76,10.16,16.59,2455,2
2026-05-17 10:42:40,1.3,11.23,11.68,11.92,1545545,90571,5.9,0,0,0.0,1007,475,50,1.03,2.79,6.06,13.40,2470,4
2026-05-17 10:43:40,3.4,13.74,12.12,12.04,1545545,90550,5.9,0,0,0.0,1007,475,50,1.03,2.87,5.52,12.74,2474,6
2026-05-17 10:44:40,1.4,11.32,11.74,11.92,1545545,90464,5.9,0,0,0.0,1007,475,50,1.03,2.84,1.97,8.75,2451,1
2026-05-17 10:45:41,1.9,13.24,12.10,12.02,1545545,90598,5.9,0,0,0.0,1007,475,50,1.03,2.99,6.92,13.75,2466,4
2026-05-17 10:46:41,3.0,13.17,12.16,12.04,1545545,90597,5.9,0,0,0.0,1007,475,50,1.03,2.80,6.73,13.48,2464,25
2026-05-17 10:47:41,1.3,10.94,11.72,11.89,1545545,90571,5.9,0,0,0.0,1007,475,50,1.03,2.82,2.27,8.93,2464,3
2026-05-17 10:48:42,1.2,12.10,11.98,11.98,1545545,90555,5.9,0,0,0.0,1007,475,50,1.03,2.86,9.56,16.98,2461,3
2026-05-17 10:49:42,1.6,10.08,11.41,11.78,1545545,90548,5.9,0,0,0.0,1007,475,50,1.03,2.76,1.33,8.08,2466,2
2026-05-17 10:50:42,3.1,9.47,11.00,11.61,1545545,90532,5.9,0,0,0.0,1007,475,50,1.03,2.99,1.34,8.15,2457,4
2026-05-17 10:51:43,0.9,9.28,10.70,11.47,1545545,90504,5.9,0,0,0.0,1007,475,50,1.03,2.82,2.96,9.94,2468,3
2026-05-17 10:52:43,2.4,10.38,10.72,11.43,1545545,90621,5.9,0,0,0.0,1007,475,50,1.03,2.48,7.92,14.32,2465,3
2026-05-17 10:53:43,1.2,9.92,10.50,11.31,1545545,90569,5.9,0,0,0.0,1007,475,50,1.03,2.90,2.06,8.67,2469,13
2026-05-17 10:54:44,1.1,8.96,10.12,11.12,1545545,90558,5.9,0,0,0.0,1007,475,50,1.03,2.89,1.02,7.81,2478,1
2026-05-17 10:55:44,1.1,9.64,10.09,11.05,1545545,90599,5.9,0,0,0.0,1007,475,50,1.03,3.02,2.15,9.02,2468,1
2026-05-17 10:56:44,3.1,10.13,10.09,10.99,1545545,90591,5.9,0,0,0.0,1007,475,50,1.03,2.83,4.33,11.47,2458,9
2026-05-17 10:57:45,1.9,11.93,10.56,11.09,1545545,90597,5.9,0,0,0.0,1007,475,50,1.03,2.82,9.29,15.98,2449,2
2026-05-17 10:58:45,1.2,11.40,10.67,11.09,1545545,90462,5.9,0,0,0.0,1007,475,50,1.03,2.88,2.48,9.19,2451,7
2026-05-17 10:59:45,1.7,10.97,10.65,11.06,1545545,90499,5.9,0,0,0.0,1007,475,50,1.03,2.82,4.61,11.79,2438,4
2026-05-17 11:00:46,1.6,10.94,10.71,11.05,1545545,90484,5.9,0,0,0.0,1007,475,50,1.03,2.88,3.20,10.22,2430,1
2026-05-17 11:01:46,7.2,11.51,10.96,11.11,1545545,90487,5.9,0,0,0.0,1007,475,50,1.03,44.80,6.45,13.25,2443,19
2026-05-17 11:02:46,1.1,11.13,10.96,11.11,1545545,90461,5.9,0,0,0.0,1007,475,50,1.03,2.75,7.14,14.52,2458,1
2026-05-17 11:03:47,2.6,12.01,11.19,11.17,1545545,90442,5.9,0,0,0.0,1007,475,50,1.03,2.76,5.60,12.50,2455,5
2026-05-17 11:04:47,3.2,12.96,11.52,11.28,1545545,90491,5.9,0,0,0.0,1007,475,50,1.03,2.91,6.48,13.60,2458,7
2026-05-17 11:05:47,3.5,11.76,11.53,11.31,1545545,90549,5.9,0,0,0.0,1007,475,50,1.03,3.14,6.89,13.74,2448,9
2026-05-17 11:06:48,3.3,13.56,12.23,11.57,1545545,90517,5.9,0,0,0.0,1007,475,50,1.03,2.95,11.61,19.55,2440,7
2026-05-17 11:07:48,3.1,13.68,12.53,11.71,1545545,90508,5.9,0,0,0.0,1007,475,50,1.03,2.69,7.20,14.51,2431,7
2026-05-17 11:08:48,3.4,14.70,13.02,11.94,1545545,90500,5.9,0,0,0.0,1007,475,50,1.03,2.95,9.52,16.53,2433,6
2026-05-17 11:09:49,4.1,12.35,12.79,11.93,1545545,90464,5.9,0,0,0.0,1007,475,50,1.04,2.80,6.49,13.06,2431,4
2026-05-17 11:10:49,1.0,11.51,12.54,11.91,1545545,90438,5.9,0,0,0.0,1007,475,50,1.03,2.68,5.35,12.47,2441,3
2026-05-17 11:11:49,1.4,12.13,12.47,11.92,1545545,90544,5.9,0,0,0.0,1007,475,50,1.03,2.88,3.59,10.67,2435,6
2026-05-17 11:12:50,1.2,12.16,12.39,11.92,1545545,90573,5.9,0,0,0.0,1007,475,50,1.03,2.85,10.29,17.74,2438,6
2026-05-17 11:13:50,1.1,10.36,11.83,11.76,1545545,90502,5.9,0,0,0.0,1007,475,50,1.03,2.89,1.74,8.44,2453,10
2026-05-17 11:14:50,1.5,10.25,11.54,11.66,1545545,90489,5.9,0,0,0.0,1007,475,50,1.03,2.71,1.02,7.70,2447,3
2026-05-17 11:15:51,1.2,11.60,11.75,11.73,1545545,90468,5.9,0,0,0.0,1007,475,50,1.03,2.94,7.13,14.64,2448,2
2026-05-17 11:16:51,1.1,12.15,11.79,11.74,1545545,90492,5.9,0,0,0.0,1007,475,50,1.03,2.96,3.62,10.73,2457,2
2026-05-17 11:17:51,11.8,15.10,12.59,12.01,1545545,90597,5.9,0,0,0.0,1007,475,50,1.03,2.76,3.61,10.60,2446,13
2026-05-17 11:18:52,3.1,15.84,13.30,12.29,1545545,90544,5.9,0,0,0.0,1007,475,50,1.03,2.73,9.69,16.87,2438,5
2026-05-17 11:19:52,3.2,14.80,13.37,12.38,1545545,90574,5.9,0,0,0.0,1007,475,50,1.03,2.84,6.20,13.50,2448,9
2026-05-17 11:20:52,1.3,13.00,13.32,12.43,1545545,90566,5.9,0,0,0.0,1007,475,50,1.03,3.04,6.45,13.37,2445,6
2026-05-17 11:21:53,1.2,11.34,12.74,12.28,1545545,90524,5.9,0,0,0.0,1007,475,50,1.03,2.79,1.10,7.96,2452,1
2026-05-17 11:22:53,3.9,16.36,13.80,12.67,1545545,90547,5.9,0,0,0.0,1007,475,50,1.03,2.67,6.07,13.31,2453,5
2026-05-17 11:23:53,1.7,14.64,13.94,12.80,1545545,90579,5.9,0,0,0.0,1007,475,50,1.03,2.73,9.39,16.87,2451,1
2026-05-17 11:24:54,2.3,14.19,13.82,12.82,1545545,90588,5.9,0,0,0.0,1007,475,50,1.03,2.96,3.58,10.58,2447,10
2026-05-17 11:25:54,3.1,18.62,14.98,13.27,1545545,90616,5.9,0,0,0.0,1007,475,50,1.03,2.82,4.86,11.78,2455,6
2026-05-17 11:26:54,1.1,19.14,16.05,13.76,1545545,90610,5.9,0,0,0.0,1007,475,50,1.03,3.02,12.67,18.85,2454,5
2026-05-17 11:27:55,1.4,16.34,15.85,13.84,1545545,90573,5.9,0,0,0.0,1007,475,50,1.03,2.85,8.11,14.64,2444,5
2026-05-17 11:28:55,3.0,15.02,15.41,13.80,1545545,90515,5.9,0,0,0.0,1007,475,50,1.03,2.77,3.81,10.78,2449,6
2026-05-17 11:29:55,3.4,14.35,15.08,13.79,1545545,90512,5.9,0,0,0.0,1007,475,50,1.03,2.47,10.08,16.84,2453,7
2026-05-17 11:30:56,1.2,13.74,14.72,13.74,1545545,90634,5.9,0,0,0.0,1007,475,50,1.03,2.91,4.55,11.70,2445,1
2026-05-17 11:31:56,2.1,14.12,14.60,13.76,1545545,90637,5.9,0,0,0.0,1007,475,50,1.03,2.84,7.15,14.13,2448,8
2026-05-17 11:32:56,1.1,12.57,14.07,13.62,1545545,90609,5.9,0,0,0.0,1007,475,50,1.03,2.96,8.06,13.95,2458,1
2026-05-17 11:33:57,1.2,10.92,13.35,13.41,1545545,90545,5.9,0,0,0.0,1007,475,50,1.03,2.74,2.07,8.97,2458,4
2026-05-17 11:34:57,0.9,11.17,12.98,13.28,1545545,90389,5.8,0,0,0.0,1007,475,50,1.03,2.96,2.07,8.92,2449,1
2026-05-17 11:35:57,1.2,9.54,12.18,12.98,1545545,90399,5.8,0,0,0.0,1007,475,50,1.03,2.82,1.03,7.68,2456,2
2026-05-17 11:36:58,3.7,11.87,12.29,12.96,1545545,90527,5.9,0,0,0.0,1007,475,50,1.03,2.96,2.73,9.79,2453,11
2026-05-17 11:37:58,1.1,14.23,13.02,13.18,1545545,90515,5.9,0,0,0.0,1007,475,50,1.03,2.93,7.49,14.67,2447,4
2026-05-17 11:38:58,1.2,12.05,12.68,13.06,1545545,90498,5.9,0,0,0.0,1007,475,50,1.03,2.80,4.97,12.13,2462,4
2026-05-17 11:39:59,3.7,12.13,12.60,13.00,1545545,90481,5.9,0,0,0.0,1007,475,50,1.03,2.93,5.91,13.10,2459,4
2026-05-17 11:40:59,3.2,12.00,12.50,12.94,1545545,90486,5.9,0,0,0.0,1007,475,50,1.03,2.73,10.39,17.21,2452,15
2026-05-17 11:41:59,1.0,11.12,12.21,12.82,1545545,90457,5.9,0,0,0.0,1007,475,50,1.03,3.06,4.85,12.07,2464,3
2026-05-17 11:43:00,0.9,10.50,11.81,12.64,1545545,90558,5.9,0,0,0.0,1007,475,50,1.03,2.78,1.79,8.57,2470,1
2026-05-17 11:44:00,1.1,10.22,11.46,12.46,1545545,90539,5.9,0,0,0.0,1007,475,50,1.16,2.63,2.52,9.36,2459,1
2026-05-17 11:45:00,1.5,11.02,11.42,12.38,1545545,90534,5.9,0,0,0.0,1007,475,50,1.03,2.97,5.72,12.92,2465,3
2026-05-17 11:46:01,1.2,11.09,11.39,12.31,1545545,90499,5.9,0,0,0.0,1007,475,50,1.03,2.89,0.97,7.76,2468,2
2026-05-17 11:47:01,0.9,10.51,11.17,12.18,1545545,90467,5.9,0,0,0.0,1007,475,50,1.03,2.98,1.11,7.85,2457,5
2026-05-17 11:48:01,1.1,9.86,10.84,12.00,1545545,90409,5.8,0,0,0.0,1007,475,50,1.03,2.64,1.39,8.10,2457,1
2026-05-17 11:49:02,3.1,11.60,11.12,12.02,1545545,90567,5.9,0,0,0.0,1007,475,50,1.03,2.94,5.26,12.11,2452,6
2026-05-17 11:50:02,1.9,13.15,11.59,12.12,1545545,90559,5.9,0,0,0.0,1007,475,50,1.03,3.02,9.72,16.66,2453,2
2026-05-17 11:51:02,3.2,12.94,11.80,12.16,1545545,90598,5.9,0,0,0.0,1007,475,50,1.03,2.59,3.50,10.46,2454,9
2026-05-17 11:52:03,2.9,12.26,11.93,12.18,1545545,90620,5.9,0,0,0.0,1007,475,50,1.03,2.85,3.07,10.10,2464,7
2026-05-17 11:53:03,3.3,12.64,12.17,12.26,1545545,90591,5.9,0,0,0.0,1007,475,50,1.03,2.92,7.35,14.34,2459,5
2026-05-17 11:54:03,1.4,13.58,12.69,12.44,1545545,90577,5.9,0,0,0.0,1007,475,50,1.03,2.81,6.07,13.37,2464,3
2026-05-17 11:55:04,1.2,11.61,12.31,12.33,1545545,90577,5.9,0,0,0.0,1007,475,50,1.03,2.89,3.55,10.60,2463,1
2026-05-17 11:56:04,2.9,10.94,11.96,12.20,1545545,90662,5.9,0,0,0.0,1007,475,50,1.03,2.82,2.46,9.36,2469,5
2026-05-17 11:57:04,2.9,12.52,12.17,12.25,1545545,90677,5.9,0,0,0.0,1007,475,50,1.03,2.96,7.76,14.85,2444,4
2026-05-17 11:58:05,3.2,13.25,12.46,12.35,1545545,90668,5.9,0,0,0.0,1007,475,50,1.10,2.88,6.20,13.47,2461,6
2026-05-17 11:59:05,3.2,13.48,12.56,12.39,1545545,90649,5.9,0,0,0.0,1007,475,50,1.03,2.77,4.68,11.78,2445,7
2026-05-17 12:00:05,2.0,12.76,12.50,12.37,1545545,90654,5.9,0,0,0.0,1007,475,50,1.03,2.95,7.24,14.61,2442,2
2026-05-17 12:01:06,3.1,13.05,12.61,12.42,1545545,90677,5.9,0,0,0.0,1007,475,50,1.03,47.43,6.69,13.90,2437,13
2026-05-17 12:02:06,5.5,11.02,12.12,12.26,1545545,90682,5.9,0,0,0.0,1007,475,50,1.03,2.88,3.34,10.38,2449,20
2026-05-17 12:03:06,11.0,12.50,12.33,12.32,1545545,90671,5.9,0,0,0.0,1007,475,50,1.03,2.87,7.17,14.30,2442,6
2026-05-17 12:04:07,3.4,12.10,12.31,12.32,1545545,90665,5.9,0,0,0.0,1007,475,50,1.03,2.90,9.25,16.05,2451,9
2026-05-17 12:05:07,1.4,11.55,12.19,12.28,1545545,90647,5.9,0,0,0.0,1007,475,50,1.03,2.94,4.96,11.88,2450,1
2026-05-17 12:06:07,3.5,13.02,12.31,12.31,1545545,90703,5.9,0,0,0.0,1007,475,50,1.03,3.07,3.17,10.09,2448,8
2026-05-17 12:07:08,3.3,11.79,12.10,12.24,1545545,90692,5.9,0,0,0.0,1007,475,50,1.03,2.51,5.76,12.97,2454,4
2026-05-17 12:08:08,3.5,13.15,12.35,12.31,1545545,90693,5.9,0,0,0.0,1007,475,50,1.03,3.04,9.54,16.22,2452,4
2026-05-17 12:09:08,3.1,11.86,12.17,12.25,1545545,90679,5.9,0,0,0.0,1007,475,50,1.03,2.91,5.97,13.18,2453,5
2026-05-17 12:10:09,3.1,12.02,12.19,12.26,1545545,90683,5.9,0,0,0.0,1007,475,50,1.03,3.07,7.81,14.77,2465,6
2026-05-17 12:11:09,1.0,11.78,12.24,12.28,1545545,90566,5.9,0,0,0.0,1007,475,50,1.03,2.69,5.73,12.89,2461,2
2026-05-17 12:12:09,1.6,11.04,11.94,12.17,1545545,90568,5.9,0,0,0.0,1007,475,50,1.03,2.91,3.71,10.77,2456,7
2026-05-17 12:13:10,1.1,10.26,11.58,12.03,1545545,90548,5.9,0,0,0.0,1007,475,50,1.03,2.94,2.09,9.00,2443,2
2026-05-17 12:14:10,2.0,11.21,11.66,12.03,1545545,90544,5.9,0,0,0.0,1007,475,50,1.03,2.73,5.35,12.51,2455,1
2026-05-17 12:15:10,1.4,10.77,11.51,11.96,1545545,90546,5.9,0,0,0.0,1007,475,50,1.03,3.03,4.62,11.70,2452,1
2026-05-17 12:16:11,3.1,11.61,11.59,11.96,1545545,90581,5.9,0,0,0.0,1007,475,50,1.03,3.01,8.24,15.88,2462,5
2026-05-17 12:17:11,3.4,12.43,11.84,12.02,1545545,90535,5.9,0,0,0.0,1007,475,50,1.15,2.96,7.97,14.48,2463,7
2026-05-17 12:18:11,3.6,13.12,12.07,12.08,1545545,90499,5.9,0,0,0.0,1007,475,50,1.03,2.86,9.73,17.19,2459,7
2026-05-17 12:19:12,1.3,12.18,11.99,12.06,1545545,90451,5.9,0,0,0.0,1007,475,50,1.03,2.86,4.73,10.96,2443,5
2026-05-17 12:20:12,2.8,10.90,11.66,11.94,1545545,90540,5.9,0,0,0.0,1007,475,50,1.03,3.03,2.44,9.34,2457,4
2026-05-17 12:21:12,3.1,10.57,11.40,11.82,1545545,90546,5.9,0,0,0.0,1007,475,50,1.03,2.40,1.59,8.34,2456,3
2026-05-17 12:22:13,1.8,11.85,11.72,11.91,1545545,90524,5.9,0,0,0.0,1007,475,50,1.03,3.00,9.40,16.11,2454,4
2026-05-17 12:23:13,1.3,11.85,11.73,11.90,1545545,90493,5.9,0,0,0.0,1007,475,50,1.24,2.86,6.84,14.26,2458,2
2026-05-17 12:24:13,4.4,11.26,11.52,11.82,1545545,90578,5.9,0,0,0.0,1007,475,50,1.03,2.92,5.09,12.05,2459,6
2026-05-17 12:25:14,1.1,11.55,11.61,11.83,1545545,90577,5.9,0,0,0.0,1007,475,50,1.03,2.83,8.79,15.51,2452,5
2026-05-17 12:26:14,1.1,13.37,12.18,12.02,1545545,90608,5.9,0,0,0.0,1007,475,50,1.03,2.91,11.80,19.22,2453,4
2026-05-17 12:27:14,0.9,10.70,11.62,11.83,1545545,90617,5.9,0,0,0.0,1007,475,50,1.03,3.01,1.78,8.65,2448,5
2026-05-17 12:28:15,1.1,9.98,11.27,11.70,1545545,90590,5.9,0,0,0.0,1007,475,50,1.03,2.91,1.03,7.88,2450,5
2026-05-17 12:29:15,1.1,10.22,11.10,11.61,1545545,90602,5.9,0,0,0.0,1007,475,50,1.09,2.70,1.03,7.68,2459,5
2026-05-17 12:30:15,1.4,11.54,11.29,11.64,1545545,90602,5.9,0,0,0.0,1007,475,50,1.03,2.95,2.82,9.73,2452,6
2026-05-17 12:31:16,3.3,12.19,11.60,11.73,1545545,90647,5.9,0,0,0.0,1007,475,50,1.03,2.81,8.47,15.30,2445,4
2026-05-17 12:32:16,1.0,11.10,11.46,11.68,1545545,90637,5.9,0,0,0.0,1007,475,50,1.03,2.97,5.25,12.46,2442,4
2026-05-17 12:33:16,1.6,11.18,11.40,11.64,1545545,90637,5.9,0,0,0.0,1007,475,50,1.03,2.83,5.39,12.02,2444,4
2026-05-17 12:34:17,1.0,10.32,11.14,11.54,1545545,90646,5.9,0,0,0.0,1007,475,50,1.03,2.96,2.16,8.97,2444,6
2026-05-17 12:35:17,1.2,11.40,11.33,11.58,1545545,90646,5.9,0,0,0.0,1007,475,50,1.03,2.70,3.87,10.90,2448,5
2026-05-17 12:36:17,1.1,10.03,10.98,11.44,1545545,90681,5.9,0,0,0.0,1007,475,50,1.03,2.80,1.01,7.68,2460,3
2026-05-17 12:37:18,1.5,9.94,10.75,11.33,1545545,90687,5.9,0,0,0.0,1007,475,50,1.03,3.02,2.47,9.35,2465,4
2026-05-17 12:38:18,3.3,10.66,10.78,11.31,1545545,90685,5.9,0,0,0.0,1007,475,50,1.03,2.95,5.74,12.51,2471,5
2026-05-17 12:39:18,1.1,10.48,10.81,11.29,1545545,90665,5.9,0,0,0.0,1007,475,50,1.03,2.85,5.56,12.48,2483,1
2026-05-17 12:40:19,1.3,11.55,11.23,11.41,1545545,90656,5.9,0,0,0.0,1007,475,50,1.03,2.79,6.04,13.45,2458,6
2026-05-17 12:41:19,1.2,11.95,11.34,11.43,1545545,90707,5.9,0,0,0.0,1007,475,50,1.03,2.84,4.31,11.30,2449,1
2026-05-17 12:42:19,1.9,10.62,11.05,11.32,1545545,90693,5.9,0,0,0.0,1007,475,50,1.03,2.98,1.04,7.79,2462,3
2026-05-17 12:43:20,1.0,10.11,10.81,11.22,1545545,90664,5.9,0,0,0.0,1007,475,50,1.03,2.90,2.18,9.16,2450,7
2026-05-17 12:44:20,1.0,9.92,10.67,11.15,1545545,90688,5.9,0,0,0.0,1007,475,50,1.03,2.75,2.18,8.94,2434,1
2026-05-17 12:45:20,1.7,10.13,10.64,11.11,1545545,90693,5.9,0,0,0.0,1007,475,50,1.03,2.99,6.94,13.38,2454,5
2026-05-17 12:46:21,1.4,10.95,10.80,11.13,1545545,90708,5.9,0,0,0.0,1007,475,50,1.03,2.85,1.00,7.76,2464,1
2026-05-17 12:47:21,8.0,13.35,11.33,11.29,1545545,90728,5.9,0,0,0.0,1007,475,50,1.03,2.79,6.67,13.66,2456,19
2026-05-17 12:48:21,1.5,13.42,11.79,11.45,1545545,90568,5.9,0,0,0.0,1007,475,50,1.03,2.96,10.16,17.30,2457,1
2026-05-17 12:49:22,3.2,12.45,11.75,11.46,1545545,90602,5.9,0,0,0.0,1007,475,50,1.03,2.83,2.99,9.90,2466,16
2026-05-17 12:50:22,3.5,10.65,11.35,11.34,1545545,90590,5.9,0,0,0.0,1007,475,50,1.03,3.02,1.77,8.53,2453,7
2026-05-17 12:51:23,1.9,12.66,11.90,11.53,1545545,90572,5.9,0,0,0.0,1007,475,50,1.03,2.70,9.77,16.95,2454,3
2026-05-17 12:52:23,2.1,11.49,11.73,11.50,1545545,90571,5.9,0,0,0.0,1007,475,50,1.03,2.89,6.69,13.28,2464,4
2026-05-17 12:53:23,1.1,9.65,11.17,11.32,1545545,90489,5.9,0,0,0.0,1007,475,50,1.03,2.66,1.79,8.55,2475,2
2026-05-17 12:54:24,1.2,9.85,10.99,11.25,1545545,90436,5.9,0,0,0.0,1007,475,50,1.03,2.77,1.03,7.72,2466,1
2026-05-17 12:55:24,1.5,12.59,11.53,11.42,1545545,90564,5.9,0,0,0.0,1007,475,50,1.03,2.89,3.89,11.03,2464,3
2026-05-17 12:56:24,1.2,11.80,11.56,11.44,1545545,90593,5.9,0,0,0.0,1007,475,50,1.03,3.00,6.14,13.31,2459,1
2026-05-17 12:57:25,1.0,11.39,11.53,11.44,1545545,90570,5.9,0,0,0.0,1007,475,50,1.03,2.99,5.71,13.00,2444,4
2026-05-17 12:58:25,1.0,10.07,11.12,11.30,1545545,90555,5.9,0,0,0.0,1007,475,50,1.03,2.78,2.17,9.19,2437,2
2026-05-17 12:59:25,3.0,11.75,11.33,11.36,1545545,90553,5.9,0,0,0.0,1007,475,50,1.03,2.89,9.06,16.18,2461,7
2026-05-17 13:00:25,3.5,11.97,11.43,11.39,1545545,90529,5.9,0,0,0.0,1007,475,50,1.03,2.98,4.78,11.81,2458,5
2026-05-17 13:01:26,1.2,12.06,11.54,11.43,1545545,90499,5.9,0,0,0.0,1007,475,50,1.03,44.63,3.96,11.05,2456,6
2026-05-17 13:02:26,3.2,10.82,11.23,11.32,1545545,90622,5.9,0,0,0.0,1007,475,50,1.03,2.77,3.92,10.86,2452,18
2026-05-17 13:03:26,11.5,13.61,11.84,11.52,1545545,90570,5.9,0,0,0.0,1007,475,50,1.03,3.01,4.07,11.20,2460,7
2026-05-17 13:04:27,3.5,17.00,13.14,11.99,1545545,90580,5.9,0,0,0.0,1007,475,50,1.03,2.93,9.15,16.86,2457,8
2026-05-17 13:05:27,1.1,15.03,13.43,12.17,1545545,90541,5.9,0,0,0.0,1007,475,50,1.03,3.03,4.44,11.45,2460,5
2026-05-17 13:06:27,2.2,16.00,14.06,12.47,1545545,90597,5.9,0,0,0.0,1007,475,50,1.03,2.83,9.53,16.24,2468,5
2026-05-17 13:07:28,3.2,15.76,14.21,12.62,1545545,90611,5.9,0,0,0.0,1007,475,50,1.03,2.52,4.35,11.06,2468,4
2026-05-17 13:08:28,3.2,16.60,14.70,12.88,1545545,90662,5.9,0,0,0.0,1007,475,50,1.03,4.37,6.19,12.93,2469,4
2026-05-17 13:09:28,1.8,16.62,15.04,13.11,1545545,90652,5.9,0,0,0.0,1007,475,50,2.07,2.79,8.34,15.36,2463,4
2026-05-17 13:10:29,1.4,13.91,14.75,13.14,1545545,90623,5.9,0,0,0.0,1007,475,50,1.03,2.93,8.57,14.98,2462,7
2026-05-17 13:11:29,1.3,14.47,14.53,13.15,1545545,90669,5.9,0,0,0.0,1007,475,50,1.03,2.83,2.13,8.88,2467,1
2026-05-17 13:12:29,1.5,12.94,14.10,13.09,1545545,90647,5.9,0,0,0.0,1007,475,50,1.03,2.83,2.14,8.97,2461,2
2026-05-17 13:13:30,1.2,12.80,13.90,13.09,1545545,90552,5.9,0,0,0.0,1007,475,50,1.03,2.89,6.68,13.97,2457,2
2026-05-17 13:14:30,0.9,12.21,13.66,13.06,1545545,90651,5.9,0,0,0.0,1007,475,50,1.03,2.89,3.94,11.01,2460,3
2026-05-17 13:15:30,1.1,10.62,12.95,12.86,1545545,90633,5.9,0,0,0.0,1007,475,50,1.03,2.96,1.02,7.64,2452,5
2026-05-17 13:16:31,2.8,9.73,12.27,12.63,1545545,90679,5.9,0,0,0.0,1007,475,50,1.03,2.68,1.36,8.25,2445,2
2026-05-17 13:17:31,4.5,11.51,12.30,12.62,1545545,90700,5.9,0,0,0.0,1007,475,50,1.03,2.91,6.15,13.41,2457,22
2026-05-17 13:18:31,12.1,11.00,12.03,12.50,1545545,90663,5.9,0,0,0.0,1007,475,50,1.03,2.88,3.43,10.32,2451,12
2026-05-17 13:19:32,1.4,13.06,12.55,12.66,1545545,90583,5.9,0,0,0.0,1007,475,50,1.03,2.83,6.13,13.25,2444,3
2026-05-17 13:20:32,1.9,13.96,13.01,12.82,1545545,90584,5.9,0,0,0.0,1007,475,50,1.03,2.94,6.46,13.69,2445,10
2026-05-17 13:21:32,2.9,15.43,13.58,13.03,1545545,90711,5.9,0,0,0.0,1007,475,50,1.03,2.91,6.58,13.77,2452,8
2026-05-17 13:22:33,1.4,14.39,13.71,13.11,1545545,90707,5.9,0,0,0.0,1007,475,50,1.03,2.53,6.08,13.42,2451,3
2026-05-17 13:23:33,1.1,11.35,12.96,12.89,1545545,90645,5.9,0,0,0.0,1007,475,50,1.03,2.90,1.00,7.64,2464,6
2026-05-17 13:24:33,1.2,10.29,12.37,12.69,1545545,90520,5.9,0,0,0.0,1007,475,50,1.03,2.78,1.12,7.94,2457,7
2026-05-17 13:25:34,1.2,10.42,11.98,12.53,1545545,90543,5.9,0,0,0.0,1007,475,50,1.03,2.98,4.63,11.81,2458,7
2026-05-17 13:26:34,3.0,13.30,12.44,12.65,1545545,90548,5.9,0,0,0.0,1007,475,50,1.03,2.88,10.08,17.12,2448,11
2026-05-17 13:27:34,2.5,13.50,12.75,12.75,1545545,90605,5.9,0,0,0.0,1007,475,50,1.03,2.82,12.74,19.36,2450,7
2026-05-17 13:28:35,1.9,14.16,13.11,12.88,1545545,90596,5.9,0,0,0.0,1007,475,50,1.03,2.86,8.94,16.05,2453,4
2026-05-17 13:29:35,1.3,14.36,13.29,12.95,1545545,90568,5.9,0,0,0.0,1007,475,50,1.03,3.04,6.37,13.46,2454,6
2026-05-17 13:30:35,1.3,11.66,12.73,12.78,1545545,90534,5.9,0,0,0.0,1007,475,50,1.03,2.95,2.86,9.68,2462,7
2026-05-17 13:31:36,1.2,11.02,12.32,12.63,1545545,90581,5.9,0,0,0.0,1007,475,50,1.03,2.76,1.38,8.18,2463,9
2026-05-17 13:32:36,1.1,12.39,12.60,12.72,1545545,90583,5.9,0,0,0.0,1007,475,50,1.03,2.75,6.80,14.16,2457,1
2026-05-17 13:33:36,3.0,14.93,13.14,12.88,1545545,90610,5.9,0,0,0.0,1007,475,50,1.03,2.87,6.12,13.38,2461,5
2026-05-17 13:34:37,1.6,15.37,13.65,13.08,1545545,90597,5.9,0,0,0.0,1007,475,50,1.03,3.04,9.72,16.98,2458,6
2026-05-17 13:35:37,1.5,13.82,13.50,13.06,1545545,90585,5.9,0,0,0.0,1007,475,50,1.03,2.87,3.79,10.42,2450,1
2026-05-17 13:36:37,1.3,12.32,13.12,12.96,1545545,90612,5.9,0,0,0.0,1007,475,50,1.03,2.98,2.81,9.73,2458,2
2026-05-17 13:37:38,2.3,12.13,12.99,12.92,1545545,90631,5.9,0,0,0.0,1007,475,50,1.23,2.96,6.10,13.41,2473,1
2026-05-17 13:38:38,1.3,10.89,12.47,12.75,1545545,90615,5.9,0,0,0.0,1007,475,50,1.03,2.88,2.10,8.89,2466,1
2026-05-17 13:39:38,1.7,11.11,12.20,12.63,1545545,90641,5.9,0,0,0.0,1007,475,50,1.03,2.91,5.41,12.39,2463,2
2026-05-17 13:40:39,3.2,11.58,12.11,12.57,1545545,90649,5.9,0,0,0.0,1007,475,50,1.03,2.97,9.80,15.99,2455,5
2026-05-17 13:41:39,1.3,12.00,12.18,12.57,1545545,90655,5.9,0,0,0.0,1007,475,50,1.03,2.82,3.96,10.73,2453,3
2026-05-17 13:42:39,1.3,11.90,12.16,12.54,1545545,90684,5.9,0,0,0.0,1007,475,50,1.03,2.88,6.79,13.65,2449,4
2026-05-17 13:43:40,1.3,10.64,11.76,12.38,1545545,90651,5.9,0,0,0.0,1007,475,50,1.03,2.81,2.09,8.97,2457,1
2026-05-17 13:44:40,1.2,10.55,11.49,12.24,1545545,90663,5.9,0,0,0.0,1007,475,50,1.03,2.92,1.51,8.32,2478,10
2026-05-17 13:45:40,1.5,9.85,11.13,12.07,1545545,90703,5.9,0,0,0.0,1007,475,50,1.03,3.03,1.01,7.72,2483,3
2026-05-17 13:46:41,1.3,10.92,11.33,12.09,1545545,90716,5.9,0,0,0.0,1007,475,50,1.03,2.45,4.65,11.80,2486,10
2026-05-17 13:47:41,1.3,11.30,11.31,12.03,1545545,90746,5.9,0,0,0.0,1007,475,50,1.03,2.94,2.84,9.69,2483,7
2026-05-17 13:48:41,1.3,11.14,11.26,11.96,1545545,90706,5.9,0,0,0.0,1007,475,50,1.03,2.91,1.36,8.05,2467,3
2026-05-17 13:49:42,3.5,11.02,11.17,11.89,1545545,90727,5.9,0,0,0.0,1007,475,50,1.03,2.96,5.65,13.11,2476,7
2026-05-17 13:50:42,3.6,10.30,10.96,11.77,1545545,90670,5.9,0,0,0.0,1007,475,50,1.03,2.93,2.32,9.17,2460,6
2026-05-17 13:51:42,3.4,10.28,10.87,11.69,1545545,90688,5.9,0,0,0.0,1007,475,50,1.03,2.91,2.20,8.95,2460,5
2026-05-17 13:52:43,1.3,11.85,11.21,11.76,1545545,90743,5.9,0,0,0.0,1007,475,50,1.03,2.91,6.46,13.53,2469,1
2026-05-17 13:53:43,1.1,11.18,11.17,11.71,1545545,90673,5.9,0,0,0.0,1007,475,50,1.03,2.82,3.16,10.09,2463,2
2026-05-17 13:54:43,3.5,12.26,11.38,11.75,1545545,90727,5.9,0,0,0.0,1007,475,50,1.03,2.95,6.79,14.31,2477,8
2026-05-17 13:55:44,3.9,13.05,11.78,11.86,1545545,90732,5.9,0,0,0.0,1007,475,50,1.03,3.06,10.04,17.49,2489,13
2026-05-17 13:56:44,1.2,11.71,11.60,11.79,1545545,90706,5.9,0,0,0.0,1007,475,50,1.03,2.95,1.69,8.44,2473,7
2026-05-17 13:57:44,1.5,13.07,11.90,11.87,1545545,90712,5.9,0,0,0.0,1007,475,50,1.03,2.82,5.75,13.04,2469,1
2026-05-17 13:58:45,3.1,12.35,11.83,11.84,1545545,90633,5.9,0,0,0.0,1007,475,50,1.03,2.88,5.14,12.31,2481,4
2026-05-17 13:59:45,3.3,12.03,11.74,11.81,1545545,90652,5.9,0,0,0.0,1007,475,50,1.03,2.60,3.62,10.74,2475,5
2026-05-17 14:00:45,1.0,11.04,11.56,11.75,1545545,90721,5.9,0,0,0.0,1007,475,50,1.03,3.13,6.05,13.10,2459,2
2026-05-17 14:01:46,1.3,10.84,11.47,11.71,1545545,90605,5.9,0,0,0.0,1007,475,50,1.03,44.62,7.73,14.28,2472,2
2026-05-17 14:02:46,3.3,13.61,12.12,11.91,1545545,90633,5.9,0,0,0.0,1007,475,50,1.03,2.83,9.49,16.31,2472,19
2026-05-17 14:03:46,3.2,11.58,11.84,11.83,1545545,90600,5.9,0,0,0.0,1007,475,50,1.03,2.88,3.85,10.76,2459,4
2026-05-17 14:04:47,1.1,11.50,11.77,11.81,1545545,90501,5.9,0,0,0.0,1007,475,50,1.03,2.98,4.08,11.17,2461,7
2026-05-17 14:05:47,1.9,12.21,11.88,11.84,1545545,90560,5.9,0,0,0.0,1007,475,50,1.03,3.02,8.37,15.61,2464,6
2026-05-17 14:06:47,3.2,11.60,11.81,11.82,1545545,90631,5.9,0,0,0.0,1007,475,50,1.03,2.93,7.88,14.09,2460,9
2026-05-17 14:07:48,2.4,10.50,11.51,11.72,1545545,90641,5.9,0,0,0.0,1007,475,50,1.03,2.98,2.50,9.38,2470,5
2026-05-17 14:08:48,1.3,12.46,11.91,11.85,1545545,90600,5.9,0,0,0.0,1007,475,50,1.03,2.96,8.65,15.82,2470,5
2026-05-17 14:09:48,3.3,11.28,11.65,11.76,1545545,90657,5.9,0,0,0.0,1007,475,50,1.03,2.88,3.15,10.02,2465,8
2026-05-17 14:10:49,3.1,11.49,11.69,11.77,1545545,90679,5.9,0,0,0.0,1007,475,50,1.03,2.98,6.11,13.10,2460,10
2026-05-17 14:11:49,1.2,11.16,11.60,11.73,1545545,90648,5.9,0,0,0.0,1007,475,50,1.03,2.83,5.31,11.98,2470,1
2026-05-17 14:12:49,1.3,10.75,11.38,11.65,1545545,90641,5.9,0,0,0.0,1007,475,50,1.03,2.78,2.80,9.77,2472,4
2026-05-17 14:13:50,1.2,10.08,11.06,11.52,1545545,90609,5.9,0,0,0.0,1007,475,50,1.03,2.86,1.37,8.17,2460,1
2026-05-17 14:14:50,1.0,10.08,10.86,11.42,1545545,90586,5.9,0,0,0.0,1007,475,50,1.03,2.89,1.05,7.77,2474,2
2026-05-17 14:15:50,3.1,9.85,10.62,11.30,1545545,90697,5.9,0,0,0.0,1007,475,50,1.03,2.94,1.74,8.61,2463,21
2026-05-17 14:16:51,3.7,13.08,11.39,11.52,1545545,90707,5.9,0,0,0.0,1007,475,50,1.04,2.75,11.19,18.23,2467,6
2026-05-17 14:17:51,3.2,12.50,11.50,11.55,1545545,90697,5.9,0,0,0.0,1007,475,50,1.03,2.98,6.95,14.13,2469,4
2026-05-17 14:18:51,1.4,12.25,11.69,11.61,1545545,90664,5.9,0,0,0.0,1007,475,50,1.03,2.98,6.65,13.81,2466,3
2026-05-17 14:19:52,1.1,11.11,11.46,11.54,1545545,90660,5.9,0,0,0.0,1007,475,50,1.03,2.50,1.01,7.68,2458,4
2026-05-17 14:20:52,1.2,11.22,11.43,11.53,1545545,90691,5.9,0,0,0.0,1007,475,50,1.03,3.18,2.89,10.01,2460,3
2026-05-17 14:21:52,2.1,11.44,11.41,11.51,1545545,90700,5.9,0,0,0.0,1007,475,50,1.03,2.93,7.22,13.87,2455,2
2026-05-17 14:22:53,3.5,13.25,11.90,11.67,1545545,90742,5.9,0,0,0.0,1007,475,50,1.03,2.97,6.96,13.78,2452,5
2026-05-17 14:23:53,2.5,12.76,12.03,11.73,1545545,90707,5.9,0,0,0.0,1007,475,50,1.03,2.79,10.43,17.84,2449,3
2026-05-17 14:24:53,1.0,11.66,11.82,11.67,1545545,90702,5.9,0,0,0.0,1007,475,50,1.03,2.96,2.10,8.88,2455,4
2026-05-17 14:25:54,1.1,10.44,11.41,11.54,1545545,90621,5.9,0,0,0.0,1007,475,50,1.03,3.03,1.13,7.88,2452,1
2026-05-17 14:26:54,3.2,11.42,11.46,11.54,1545545,90600,5.9,0,0,0.0,1007,475,50,1.03,2.88,6.79,13.63,2453,5
2026-05-17 14:27:54,3.3,11.53,11.43,11.53,1545545,90727,5.9,0,0,0.0,1007,475,50,1.03,2.92,3.82,10.83,2460,8
2026-05-17 14:28:55,0.9,10.51,11.19,11.44,1545545,90646,5.9,0,0,0.0,1007,475,50,1.03,2.86,2.89,9.87,2452,2
2026-05-17 14:29:55,1.1,12.86,11.75,11.62,1545545,90672,5.9,0,0,0.0,1007,475,50,1.03,3.00,10.00,17.91,2456,4
2026-05-17 14:30:55,3.1,12.45,11.77,11.63,1545545,90691,5.9,0,0,0.0,1007,475,50,1.03,2.80,9.86,17.07,2455,7
2026-05-17 14:31:56,2.6,20.46,13.63,12.25,1545545,90661,5.9,0,0,0.0,1007,475,50,1.03,2.95,11.16,18.10,2446,3
2026-05-17 14:32:56,0.9,14.50,13.18,12.18,1545545,90626,5.9,0,0,0.0,1007,475,50,1.03,2.91,5.21,11.49,2439,2
2026-05-17 14:33:56,1.1,13.06,13.14,12.23,1545545,90677,5.9,0,0,0.0,1007,475,50,1.03,2.94,6.20,13.24,2441,6
2026-05-17 14:34:57,3.1,11.68,12.69,12.14,1545545,90709,5.9,0,0,0.0,1007,475,50,1.03,2.94,6.20,13.18,2440,6
2026-05-17 14:35:57,3.0,13.11,12.79,12.20,1545545,90736,5.9,0,0,0.0,1007,475,50,1.03,2.93,8.67,16.03,2452,5
2026-05-17 14:36:57,1.1,11.28,12.33,12.07,1545545,90715,5.9,0,0,0.0,1007,475,50,1.03,2.96,3.88,10.87,2465,1
2026-05-17 14:37:58,1.6,11.55,12.21,12.05,1545545,90525,5.9,0,0,0.0,1007,475,50,1.03,2.96,7.60,14.25,2459,2
2026-05-17 14:38:58,3.0,13.66,12.57,12.17,1545545,90551,5.9,0,0,0.0,1007,475,50,1.03,2.77,8.57,15.82,2458,8
2026-05-17 14:39:58,1.2,12.32,12.40,12.14,1545545,90585,5.9,0,0,0.0,1007,475,50,1.03,2.64,7.83,15.21,2453,6
2026-05-17 14:40:59,3.0,11.61,12.16,12.07,1545545,90641,5.9,0,0,0.0,1007,475,50,1.03,2.96,5.97,13.35,2445,9
2026-05-17 14:41:59,1.2,11.94,12.22,12.10,1545545,90599,5.9,0,0,0.0,1007,475,50,1.03,2.80,4.09,11.19,2438,2
2026-05-17 14:42:59,3.3,11.35,11.95,12.01,1545545,90611,5.9,0,0,0.0,1007,475,50,1.03,2.96,4.41,11.48,2447,5
2026-05-17 14:44:00,2.3,12.35,12.18,12.09,1545545,90565,5.9,0,0,0.0,1007,475,50,1.07,2.95,11.30,17.44,2452,5
2026-05-17 14:45:00,1.3,11.89,12.18,12.10,1545545,90491,5.9,0,0,0.0,1007,475,50,1.03,2.96,7.18,14.01,2456,2
2026-05-17 14:46:00,2.4,13.12,12.52,12.23,1545545,90572,5.9,0,0,0.0,1007,475,50,1.03,2.89,8.31,15.36,2449,8
2026-05-17 14:47:01,1.3,11.02,12.06,12.09,1545545,90631,5.9,0,0,0.0,1007,475,50,1.03,2.94,4.29,11.30,2455,2
2026-05-17 14:48:01,1.4,12.49,12.18,12.12,1545545,90656,5.9,0,0,0.0,1007,475,50,1.03,2.91,8.27,15.24,2451,4
2026-05-17 14:49:01,1.4,10.72,11.72,11.96,1545545,90600,5.9,0,0,0.0,1007,475,50,1.03,3.48,1.02,7.68,2448,1
2026-05-17 14:50:01,3.3,14.49,12.33,12.14,1545545,90666,5.9,0,0,0.0,1007,475,50,1.03,3.00,3.81,10.58,2454,16
2026-05-17 14:51:02,1.2,13.14,12.36,12.16,1545545,90677,5.9,0,0,0.0,1007,475,50,1.03,2.96,3.53,10.47,2456,8
2026-05-17 14:52:02,1.5,13.94,12.93,12.38,1545545,90685,5.9,0,0,0.0,1007,475,50,1.03,3.11,7.09,13.43,2448,2
2026-05-17 14:53:02,3.1,14.94,13.27,12.52,1545545,90682,5.9,0,0,0.0,1007,475,50,1.03,2.84,1.60,8.34,2448,15
2026-05-17 14:54:03,3.7,19.79,14.84,13.11,1545545,90685,5.9,0,0,0.0,1007,475,50,1.03,2.93,9.93,17.30,2445,8
2026-05-17 14:55:03,3.4,18.52,15.38,13.40,1545545,90706,5.9,0,0,0.0,1007,475,50,1.03,3.09,8.33,15.69,2444,5
2026-05-17 14:56:03,4.4,16.45,15.43,13.54,1545545,90726,5.9,0,0,0.0,1007,475,50,1.03,3.04,5.03,12.18,2455,4
2026-05-17 14:57:04,1.0,12.25,14.43,13.32,1545545,90618,5.9,0,0,0.0,1007,475,50,1.03,2.97,3.50,10.55,2464,2
2026-05-17 14:58:04,3.1,13.92,14.37,13.36,1545545,90711,5.9,0,0,0.0,1007,475,50,1.03,2.89,4.77,11.92,2471,4
2026-05-17 14:59:04,1.2,20.48,16.31,14.10,1545545,90714,5.9,0,0,0.0,1007,475,50,1.03,2.85,11.69,18.52,2476,4
2026-05-17 15:00:05,3.0,14.06,15.22,13.86,1545545,90725,5.9,0,0,0.0,1007,475,50,1.03,2.92,2.63,9.57,2462,5
2026-05-17 15:01:05,1.1,13.55,14.88,13.83,1545545,90722,5.9,0,0,0.0,1007,475,50,1.03,44.70,9.55,17.20,2463,2
2026-05-17 15:02:05,2.1,13.12,14.36,13.71,1545545,90686,5.9,0,0,0.0,1007,475,50,1.03,3.01,4.88,11.58,2466,3
2026-05-17 15:03:06,1.2,11.89,13.82,13.56,1545545,90602,5.9,0,0,0.0,1007,475,50,1.03,2.57,9.47,16.56,2455,1
2026-05-17 15:04:06,1.1,12.67,13.62,13.50,1545545,90575,5.9,0,0,0.0,1007,475,50,1.03,2.84,6.75,13.55,2462,5
2026-05-17 15:05:06,11.8,12.92,13.48,13.46,1545545,90729,5.9,0,0,0.0,1007,475,50,1.03,3.12,4.89,12.06,2467,16
2026-05-17 15:06:07,1.2,12.62,13.37,13.42,1545545,90720,5.9,0,0,0.0,1007,475,50,1.03,2.96,5.06,11.64,2457,4
2026-05-17 15:07:07,3.0,12.46,13.16,13.35,1545545,90758,5.9,0,0,0.0,1007,475,50,1.03,3.16,10.40,16.93,2460,3
2026-05-17 15:08:07,3.5,12.21,12.89,13.24,1545545,90742,5.9,0,0,0.0,1007,475,50,1.03,3.04,3.62,10.59,2464,9
2026-05-17 15:09:08,1.7,13.55,13.26,13.35,1545545,90683,5.9,0,0,0.0,1007,475,50,1.03,3.02,11.70,18.68,2458,2
2026-05-17 15:10:08,1.2,12.51,13.02,13.26,1545545,90618,5.9,0,0,0.0,1007,475,50,1.03,2.99,6.96,13.41,2460,2
2026-05-17 15:11:09,1.0,13.36,13.16,13.29,1545545,90640,5.9,0,0,0.0,1007,475,50,1.03,2.95,7.19,14.53,2463,1
2026-05-17 15:12:09,1.3,12.52,12.95,13.21,1545545,90761,5.9,0,0,0.0,1007,475,50,1.03,2.90,4.78,12.03,2452,3
2026-05-17 15:13:09,3.2,12.87,12.93,13.19,1545545,90742,5.9,0,0,0.0,1007,475,50,1.03,2.89,5.18,12.32,2454,4
2026-05-17 15:14:10,1.9,13.36,13.18,13.26,1545545,90562,5.9,0,0,0.0,1007,475,50,1.03,2.92,6.52,13.46,2452,3
2026-05-17 15:15:10,1.4,11.71,12.75,13.10,1545545,90548,5.9,0,0,0.0,1007,475,50,1.03,2.95,1.00,7.78,2443,2
2026-05-17 15:16:10,3.3,13.31,13.03,13.18,1545545,90577,5.9,0,0,0.0,1007,475,50,1.03,2.83,7.76,15.21,2452,7
2026-05-17 15:17:11,3.5,14.58,13.49,13.33,1545545,90584,5.9,0,0,0.0,1007,475,50,1.03,3.11,10.60,18.16,2460,5
2026-05-17 15:18:11,1.3,18.58,14.63,13.72,1545545,90611,5.9,0,0,0.0,1007,475,50,1.03,2.91,2.05,8.76,2454,7
2026-05-17 15:19:11,1.3,12.81,13.72,13.46,1545545,90590,5.9,0,0,0.0,1007,475,50,1.03,2.80,1.02,7.69,2441,3
2026-05-17 15:20:12,2.0,13.47,13.66,13.45,1545545,90640,5.9,0,0,0.0,1007,475,50,1.03,2.95,8.09,14.44,2454,6
2026-05-17 15:21:12,1.1,12.44,13.32,13.35,1545545,90620,5.9,0,0,0.0,1007,475,50,1.03,2.93,9.65,17.03,2460,3
2026-05-17 15:22:12,1.3,10.93,12.72,13.13,1545545,90596,5.9,0,0,0.0,1007,475,50,1.03,3.14,1.51,8.28,2444,1
2026-05-17 15:23:13,3.4,12.41,12.69,13.09,1545545,90536,5.9,0,0,0.0,1007,475,50,1.03,2.86,7.85,14.68,2448,21
2026-05-17 15:24:13,1.1,12.48,12.70,13.07,1545545,90639,5.9,0,0,0.0,1007,475,50,1.03,2.98,6.18,12.78,2464,1
2026-05-17 15:25:13,0.9,10.93,12.28,12.90,1545545,90625,5.9,0,0,0.0,1007,475,50,1.03,3.05,6.10,12.67,2446,4
2026-05-17 15:26:14,1.2,10.66,11.92,12.73,1545545,90646,5.9,0,0,0.0,1007,475,50,1.03,2.48,1.78,8.55,2446,3
2026-05-17 15:27:14,3.2,11.61,11.91,12.68,1545545,90645,5.9,0,0,0.0,1007,475,50,1.03,3.11,7.28,14.35,2448,20
2026-05-17 15:28:14,1.1,12.72,12.19,12.72,1545545,90597,5.9,0,0,0.0,1007,475,50,1.03,2.99,7.09,14.45,2454,2
2026-05-17 15:29:14,3.3,10.96,11.74,12.53,1545545,90597,5.9,0,0,0.0,1007,475,50,1.03,2.91,1.97,8.84,2450,7
2026-05-17 15:30:15,1.3,12.61,12.19,12.65,1545545,90540,5.9,0,0,0.0,1007,475,50,1.03,2.88,8.57,15.87,2452,3
2026-05-17 15:31:15,1.4,10.86,11.79,12.48,1545545,90648,5.9,0,0,0.0,1007,475,50,1.03,2.85,1.02,7.69,2436,2
2026-05-17 15:32:15,1.5,10.81,11.59,12.36,1545545,90650,5.9,0,0,0.0,1007,475,50,1.03,2.96,1.05,7.80,2439,5
2026-05-17 15:33:16,1.1,13.20,12.02,12.46,1545545,90622,5.9,0,0,0.0,1007,475,50,1.03,3.07,4.37,11.53,2446,7
2026-05-17 15:34:16,3.5,13.56,12.40,12.56,1545545,90632,5.9,0,0,0.0,1007,475,50,1.03,2.92,11.00,17.93,2437,20
2026-05-17 15:35:17,11.9,11.76,12.11,12.45,1545545,90569,5.9,0,0,0.0,1007,475,50,1.03,3.01,4.42,11.12,2443,16
2026-05-17 15:36:17,1.0,12.52,12.36,12.52,1545545,90608,5.9,0,0,0.0,1007,475,50,1.03,2.95,8.31,15.18,2450,5
2026-05-17 15:37:17,1.3,11.19,11.99,12.38,1545545,90723,5.9,0,0,0.0,1007,475,50,1.03,3.15,1.79,8.58,2450,4
2026-05-17 15:38:18,1.5,11.24,11.88,12.32,1545545,90703,5.9,0,0,0.0,1007,475,50,1.03,2.91,4.63,11.80,2447,7
2026-05-17 15:39:18,1.2,11.03,11.72,12.24,1545545,90668,5.9,0,0,0.0,1007,475,50,1.03,2.91,5.61,12.51,2450,1
2026-05-17 15:40:18,3.1,11.33,11.66,12.18,1545545,90690,5.9,0,0,0.0,1007,475,50,1.03,3.05,8.61,16.22,2443,4
2026-05-17 15:41:19,3.2,11.28,11.60,12.13,1545545,90743,5.9,0,0,0.0,1007,475,50,1.03,2.77,6.32,13.61,2438,10
2026-05-17 15:42:19,1.1,12.84,12.01,12.24,1545545,90737,5.9,0,0,0.0,1007,475,50,1.03,3.06,11.82,18.94,2442,4
2026-05-17 15:43:19,1.2,11.17,11.66,12.10,1545545,90730,5.9,0,0,0.0,1007,475,50,1.03,2.92,1.43,8.21,2439,1
2026-05-17 15:44:20,2.3,10.06,11.27,11.93,1545545,90734,5.9,0,0,0.0,1007,475,50,1.03,2.96,3.33,10.22,2455,4
2026-05-17 15:45:20,1.0,9.47,10.92,11.77,1545545,90737,5.9,0,0,0.0,1007,475,50,1.03,2.58,2.08,8.98,2457,10
2026-05-17 15:46:20,1.8,9.60,10.66,11.63,1545545,90754,5.9,0,0,0.0,1007,475,50,1.03,2.95,1.38,8.09,2455,1
2026-05-17 15:47:20,3.4,10.65,10.75,11.60,1545545,90787,5.9,0,0,0.0,1007,475,50,1.03,3.00,4.56,11.65,2454,5
2026-05-17 15:48:21,1.0,10.01,10.62,11.50,1545545,90658,5.9,0,0,0.0,1007,475,50,1.03,3.01,4.30,11.07,2460,2
2026-05-17 15:49:21,1.2,10.08,10.53,11.42,1545545,90601,5.9,0,0,0.0,1007,475,50,1.03,2.85,4.06,10.86,2458,5
2026-05-17 15:50:21,1.2,11.42,10.86,11.48,1545545,90604,5.9,0,0,0.0,1007,475,50,1.03,2.94,8.25,14.50,2463,5
2026-05-17 15:51:22,3.4,11.47,10.93,11.46,1545545,90655,5.9,0,0,0.0,1007,475,50,1.03,2.93,4.74,11.97,2464,6
2026-05-17 15:52:22,3.8,11.34,10.96,11.43,1545545,90675,5.9,0,0,0.0,1007,475,50,1.03,2.98,8.00,14.90,2456,6
2026-05-17 15:53:22,4.8,12.53,11.36,11.54,1545545,90632,5.9,0,0,0.0,1007,475,50,1.03,2.95,8.85,16.50,2460,7
2026-05-17 15:54:23,1.3,11.49,11.36,11.54,1545545,90587,5.9,0,0,0.0,1007,475,50,1.03,2.94,6.44,13.07,2454,3
2026-05-17 15:55:23,4.4,11.74,11.42,11.55,1545545,90618,5.9,0,0,0.0,1007,475,50,1.03,3.09,6.24,13.55,2460,8
2026-05-17 15:56:23,3.1,13.55,11.94,11.72,1545545,90637,5.9,0,0,0.0,1007,475,50,1.03,2.83,7.10,14.41,2458,4
2026-05-17 15:57:24,3.2,12.02,11.78,11.67,1545545,90598,5.9,0,0,0.0,1007,475,50,1.03,3.03,7.12,14.51,2447,4
2026-05-17 15:58:24,1.9,13.42,12.28,11.85,1545545,90590,5.9,0,0,0.0,1007,475,50,1.03,3.04,11.06,18.52,2447,6
2026-05-17 15:59:24,3.6,12.59,12.19,11.85,1545545,90660,5.9,0,0,0.0,1007,475,50,1.03,2.80,4.38,11.34,2445,24
2026-05-17 16:00:25,3.2,11.61,11.99,11.80,1545545,90646,5.9,0,0,0.0,1007,475,50,1.03,3.07,6.86,14.31,2441,4
2026-05-17 16:01:25,1.2,11.95,12.06,11.84,1545545,90659,5.9,0,0,0.0,1007,475,50,1.03,47.02,12.18,18.85,2451,5
2026-05-17 16:02:25,1.3,11.24,11.86,11.79,1545545,90627,5.9,0,0,0.0,1007,475,50,1.03,2.92,2.13,8.91,2470,1
2026-05-17 16:03:26,1.3,10.20,11.45,11.65,1545545,90561,5.9,0,0,0.0,1007,475,50,1.03,2.86,1.44,8.34,2462,6
2026-05-17 16:04:26,2.9,12.00,11.69,11.72,1545545,90603,5.9,0,0,0.0,1007,475,50,1.03,2.93,8.53,15.86,2460,5
2026-05-17 16:05:26,1.1,12.31,11.88,11.78,1545545,90656,5.9,0,0,0.0,1007,475,50,1.03,3.12,10.17,17.45,2448,6
2026-05-17 16:06:27,3.1,11.98,11.77,11.75,1545545,90670,5.9,0,0,0.0,1007,475,50,1.03,2.93,5.21,12.35,2441,6
2026-05-17 16:07:27,1.1,14.72,12.56,12.02,1545545,90656,5.9,0,0,0.0,1007,475,50,1.03,2.96,11.70,18.38,2442,5
2026-05-17 16:08:27,1.9,11.64,12.04,11.87,1545545,90647,5.9,0,0,0.0,1007,475,50,1.03,3.23,2.89,9.91,2456,3
2026-05-17 16:09:28,4.1,10.17,11.56,11.71,1545545,90633,5.9,0,0,0.0,1007,475,50,1.03,3.04,1.26,8.05,2463,5
2026-05-17 16:10:28,2.6,10.19,11.36,11.64,1545545,90619,5.9,0,0,0.0,1007,475,50,2.07,3.10,4.83,11.82,2475,2
2026-05-17 16:11:28,3.7,18.40,13.09,12.19,1545545,90732,5.9,0,0,0.0,1007,475,50,1.03,2.73,5.68,12.91,2471,15
2026-05-17 16:12:29,1.4,14.34,12.99,12.22,1545545,90717,5.9,0,0,0.0,1007,475,50,1.03,2.95,10.50,17.03,2459,3
2026-05-17 16:13:29,3.3,10.98,12.28,12.02,1545545,90730,5.9,0,0,0.0,1007,475,50,1.03,2.65,1.48,8.32,2453,7
2026-05-17 16:14:29,1.4,12.24,12.46,12.10,1545545,90702,5.9,0,0,0.0,1007,475,50,1.03,2.83,9.63,16.74,2456,6
2026-05-17 16:15:30,2.4,10.74,11.99,11.96,1545545,90711,5.9,0,0,0.0,1007,475,50,1.03,3.01,3.91,11.15,2453,4
2026-05-17 16:16:30,1.3,11.41,11.99,11.97,1545545,90664,5.9,0,0,0.0,1007,475,50,1.03,2.95,6.77,14.10,2448,3
2026-05-17 16:17:30,1.5,12.76,12.39,12.11,1545545,90653,5.9,0,0,0.0,1007,475,50,1.03,2.97,5.39,12.50,2448,5
2026-05-17 16:18:31,3.1,11.50,12.06,12.01,1545545,90739,5.9,0,0,0.0,1007,475,50,1.03,2.94,3.03,10.15,2448,23
2026-05-17 16:19:31,2.0,11.18,11.89,11.96,1545545,90735,5.9,0,0,0.0,1007,475,50,1.03,2.97,9.20,15.29,2443,3
2026-05-17 16:20:31,2.2,10.75,11.61,11.85,1545545,90744,5.9,0,0,0.0,1007,475,50,1.03,2.95,6.43,12.95,2449,3
2026-05-17 16:21:32,8.1,10.57,11.44,11.78,1545545,90740,5.9,0,0,0.0,1007,475,50,1.03,2.91,5.28,12.44,2453,5
2026-05-17 16:22:32,3.4,11.47,11.39,11.73,1545545,90736,5.9,0,0,0.0,1007,475,50,1.03,2.92,2.78,9.67,2459,7
2026-05-17 16:23:32,1.2,10.85,11.27,11.67,1545545,90681,5.9,0,0,0.0,1007,475,50,1.03,3.07,4.54,11.43,2458,4
2026-05-17 16:24:33,1.5,10.66,11.14,11.60,1545545,90756,5.9,0,0,0.0,1007,475,50,1.03,2.93,5.69,13.01,2471,1
2026-05-17 16:25:33,3.1,12.10,11.40,11.66,1545545,90754,5.9,0,0,0.0,1007,475,50,1.03,3.11,6.21,13.51,2464,7
2026-05-17 16:26:33,3.0,15.81,12.64,12.08,1545545,90788,5.9,0,0,0.0,1007,475,50,1.03,2.93,12.19,19.74,2463,10
2026-05-17 16:27:34,1.5,13.83,12.66,12.12,1545545,90647,5.9,0,0,0.0,1007,475,50,1.03,2.99,8.02,15.66,2474,6
2026-05-17 16:28:34,3.3,13.12,12.71,12.17,1545545,90641,5.9,0,0,0.0,1007,475,50,1.03,3.05,10.99,18.55,2476,5
2026-05-17 16:29:34,1.3,12.23,12.60,12.17,1545545,90603,5.9,0,0,0.0,1007,475,50,1.03,2.71,5.54,11.99,2472,1
2026-05-17 16:30:35,3.2,10.96,12.16,12.04,1545545,90654,5.9,0,0,0.0,1007,475,50,1.03,3.00,2.58,9.56,2475,8
2026-05-17 16:31:35,1.2,12.83,12.47,12.16,1545545,90656,5.9,0,0,0.0,1007,475,50,1.03,2.93,9.72,17.10,2463,5
2026-05-17 16:32:35,1.2,11.21,12.06,12.04,1545545,90668,5.9,0,0,0.0,1007,475,50,1.03,2.84,1.39,8.09,2459,1
2026-05-17 16:33:36,1.1,10.01,11.57,11.87,1545545,90667,5.9,0,0,0.0,1007,475,50,1.03,3.07,1.09,7.94,2459,1
2026-05-17 16:34:36,1.1,11.16,11.75,11.92,1545545,90671,5.9,0,0,0.0,1007,475,50,1.03,3.11,4.27,11.31,2453,7
2026-05-17 16:35:36,1.1,12.38,12.13,12.04,1545545,90682,5.9,0,0,0.0,1007,475,50,1.03,3.08,4.28,11.28,2465,2
2026-05-17 16:36:37,3.2,16.03,12.98,12.33,1545545,90743,5.9,0,0,0.0,1007,475,50,1.03,2.79,5.81,12.91,2485,7
2026-05-17 16:37:37,1.0,13.34,12.89,12.35,1545545,90729,5.9,0,0,0.0,1007,475,50,1.03,3.15,5.51,11.87,2477,3
2026-05-17 16:38:37,1.3,13.95,13.08,12.44,1545545,90719,5.9,0,0,0.0,1007,475,50,1.03,3.00,6.09,12.84,2479,4
2026-05-17 16:39:38,4.3,16.96,14.18,12.86,1545545,90716,5.9,0,0,0.0,1007,475,50,1.03,3.07,8.88,16.38,2471,7
2026-05-17 16:40:38,1.2,15.16,14.16,12.94,1545545,90709,5.9,0,0,0.0,1007,475,50,1.03,2.93,3.85,10.74,2472,4
2026-05-17 16:41:38,1.1,12.61,13.76,12.88,1545545,90742,5.9,0,0,0.0,1007,475,50,1.03,2.86,3.60,10.53,2463,9
2026-05-17 16:42:39,3.3,13.87,13.71,12.91,1545545,90757,5.9,0,0,0.0,1007,475,50,1.03,2.85,2.42,9.36,2467,5
2026-05-17 16:43:39,3.4,18.04,14.77,13.32,1545545,90730,5.9,0,0,0.0,1007,475,50,1.03,2.96,7.76,15.08,2477,6
2026-05-17 16:44:39,1.1,12.78,13.87,13.09,1545545,90723,5.9,0,0,0.0,1007,475,50,1.03,2.91,2.11,8.99,2475,5
2026-05-17 16:45:40,3.2,13.77,13.93,13.16,1545545,90742,5.9,0,0,0.0,1007,475,50,1.03,2.98,6.00,13.29,2480,5
2026-05-17 16:46:40,1.1,14.49,14.24,13.32,1545545,90742,5.9,0,0,0.0,1007,475,50,1.03,2.62,8.13,14.78,2482,3
2026-05-17 16:47:40,2.0,13.83,13.98,13.29,1545545,90741,5.9,0,0,0.0,1007,475,50,1.03,2.88,2.08,8.89,2466,1
2026-05-17 16:48:41,1.4,13.29,13.62,13.19,1545545,90767,5.9,0,0,0.0,1007,475,50,1.03,2.86,1.79,8.68,2456,3
2026-05-17 16:49:41,2.1,14.63,13.96,13.34,1545545,90758,5.9,0,0,0.0,1007,475,50,1.03,2.92,11.79,19.45,2469,22
2026-05-17 16:50:41,3.3,14.41,14.11,13.43,1545545,90777,5.9,0,0,0.0,1007,475,50,1.03,2.97,8.89,15.46,2457,6
2026-05-17 16:51:42,1.3,12.32,13.61,13.30,1545545,90780,5.9,0,0,0.0,1007,475,50,1.03,2.77,3.71,10.72,2459,1
2026-05-17 16:52:42,1.3,11.25,13.12,13.15,1545545,90786,5.9,0,0,0.0,1007,475,50,1.03,3.00,4.29,11.31,2462,1
2026-05-17 16:53:42,1.4,13.83,13.44,13.26,1545545,90764,5.9,0,0,0.0,1007,475,50,1.03,2.94,8.93,16.54,2453,2
2026-05-17 16:54:43,1.2,11.12,12.70,13.01,1545545,90769,5.9,0,0,0.0,1007,475,50,1.03,2.85,1.45,8.37,2453,2
2026-05-17 16:55:43,1.0,12.52,12.76,13.01,1545545,90758,5.9,0,0,0.0,1007,475,50,1.03,2.85,2.07,8.89,2472,1
2026-05-17 16:56:43,3.0,14.47,13.12,13.11,1545545,90815,5.9,0,0,0.0,1007,475,50,1.03,2.96,9.15,15.68,2462,11
2026-05-17 16:57:44,2.2,15.86,13.81,13.35,1545545,90838,5.9,0,0,0.0,1007,475,50,1.03,2.91,13.24,19.21,2455,7
2026-05-17 16:58:44,2.2,13.53,13.50,13.27,1545545,90716,5.9,0,0,0.0,1007,475,50,1.03,3.04,13.52,18.48,2472,2
2026-05-17 16:59:44,2.2,12.58,13.20,13.18,1545545,90750,5.9,0,0,0.0,1007,475,50,1.03,2.86,13.21,18.73,2471,4
2026-05-17 17:00:45,2.2,16.42,14.54,13.66,1545545,90778,5.9,0,0,0.0,1007,475,50,1.03,3.04,13.00,18.21,2457,4
2026-05-17 17:01:45,3.1,14.70,14.36,13.65,1545545,90793,5.9,0,0,0.0,1007,475,50,1.03,44.68,12.72,18.30,2449,9
2026-05-17 17:02:45,1.9,15.12,14.51,13.75,1545545,90809,5.9,0,0,0.0,1007,475,50,1.03,2.78,12.46,18.37,2455,7
2026-05-17 17:03:46,2.0,15.24,14.65,13.84,1545545,90788,5.9,0,0,0.0,1007,475,50,1.03,2.98,13.21,18.48,2445,3
2026-05-17 17:04:46,2.2,13.44,14.28,13.76,1545545,90663,5.9,0,0,0.0,1007,475,50,1.03,2.94,12.69,18.42,2438,2
2026-05-17 17:05:46,1.7,13.16,14.04,13.72,1545545,90673,5.9,0,0,0.0,1007,475,50,1.03,3.07,13.20,18.46,2455,5
2026-05-17 17:06:47,3.0,12.02,13.57,13.57,1545545,90706,5.9,0,0,0.0,1007,475,50,1.03,2.80,13.18,18.41,2466,2
2026-05-17 17:07:47,3.0,12.43,13.37,13.50,1545545,90721,5.9,0,0,0.0,1007,475,50,1.03,3.12,13.13,18.30,2466,3
2026-05-17 17:08:47,2.9,13.39,13.40,13.50,1545545,90704,5.9,0,0,0.0,1007,475,50,1.03,2.77,12.75,18.06,2472,7
2026-05-17 17:09:48,2.1,13.70,13.43,13.50,1545545,90646,5.9,0,0,0.0,1007,475,50,1.03,3.03,12.96,18.70,2474,4
2026-05-17 17:10:48,2.0,12.94,13.28,13.44,1545545,90610,5.9,0,0,0.0,1007,475,50,1.03,3.08,12.66,18.20,2459,2
2026-05-17 17:11:48,3.1,13.52,13.43,13.49,1545545,90638,5.9,0,0,0.0,1007,475,50,1.03,2.89,12.45,18.37,2470,7
2026-05-17 17:12:49,2.1,13.13,13.38,13.47,1545545,90711,5.9,0,0,0.0,1007,475,50,1.03,2.90,12.81,18.56,2467,3
2026-05-17 17:13:49,1.9,12.89,13.25,13.42,1545545,90697,5.9,0,0,0.0,1007,475,50,1.03,2.83,12.73,18.22,2470,6
2026-05-17 17:14:49,1.8,11.91,12.92,13.29,1545545,90707,5.9,0,0,0.0,1007,475,50,1.03,3.01,12.84,18.29,2477,4
2026-05-17 17:15:50,2.0,12.57,12.86,13.24,1545545,90733,5.9,0,0,0.0,1007,475,50,1.03,3.07,12.95,18.31,2467,5
2026-05-17 17:16:50,3.2,12.17,12.67,13.15,1545545,90740,5.9,0,0,0.0,1007,475,50,1.03,2.91,12.88,18.24,2464,25
2026-05-17 17:17:50,1.9,12.13,12.59,13.09,1545545,90770,5.9,0,0,0.0,1007,475,50,1.03,2.96,12.49,18.13,2476,2
2026-05-17 17:18:51,3.5,12.29,12.54,13.05,1545545,90734,5.9,0,0,0.0,1007,475,50,1.03,2.86,12.60,18.39,2482,4
2026-05-17 17:19:51,2.9,12.50,12.53,13.01,1545545,90733,5.9,0,0,0.0,1007,475,50,1.03,2.93,12.80,18.27,2466,4
2026-05-17 17:20:51,2.3,12.87,12.73,13.05,1545545,90761,5.9,0,0,0.0,1007,475,50,1.03,2.95,12.82,18.26,2463,2
2026-05-17 17:21:52,1.1,11.19,12.31,12.88,1545545,90747,5.9,0,0,0.0,1007,475,50,1.03,2.88,1.82,9.04,2457,4
2026-05-17 17:22:52,2.3,12.27,12.44,12.90,1545545,90776,5.9,0,0,0.0,1007,475,50,1.03,3.05,7.57,14.45,2447,2
2026-05-17 17:23:52,1.3,11.06,12.03,12.72,1545545,90717,5.9,0,0,0.0,1007,475,50,1.03,2.85,3.59,10.31,2441,1
2026-05-17 17:24:53,1.3,10.28,11.64,12.54,1545545,90677,5.9,0,0,0.0,1007,475,50,1.03,2.98,1.11,7.95,2459,3
2026-05-17 17:25:53,1.1,13.83,12.71,12.87,1545545,90748,5.9,0,0,0.0,1007,475,50,1.03,3.05,4.66,11.71,2445,4
2026-05-17 17:26:53,3.1,11.74,12.28,12.71,1545545,90762,5.9,0,0,0.0,1007,475,50,1.03,2.95,4.27,11.31,2448,3
2026-05-17 17:27:54,3.8,11.51,12.11,12.62,1545545,90793,5.9,0,0,0.0,1007,475,50,1.03,2.87,2.89,9.90,2450,8
2026-05-17 17:28:54,3.3,12.94,12.29,12.65,1545545,90764,5.9,0,0,0.0,1007,475,50,1.03,2.84,9.64,16.91,2454,7
2026-05-17 17:29:54,2.3,12.52,12.28,12.62,1545545,90746,5.9,0,0,0.0,1007,475,50,1.03,3.15,7.49,15.01,2444,9
2026-05-17 17:30:55,1.1,10.50,11.75,12.41,1545545,90787,5.9,0,0,0.0,1007,475,50,1.03,2.87,2.15,8.98,2471,2
2026-05-17 17:31:55,1.9,12.18,11.98,12.45,1545545,90815,5.9,0,0,0.0,1007,475,50,1.03,2.53,5.67,12.90,2464,5
2026-05-17 17:32:55,2.5,14.28,12.62,12.64,1545545,90823,5.9,0,0,0.0,1007,475,50,1.03,2.96,11.08,18.64,2473,3
2026-05-17 17:33:56,1.3,11.85,12.25,12.51,1545545,90778,5.9,0,0,0.0,1007,475,50,1.05,3.13,5.52,12.32,2477,2
2026-05-17 17:34:56,1.3,13.61,12.66,12.63,1545545,90774,5.9,0,0,0.0,1007,475,50,1.11,3.23,9.72,16.98,2473,1
2026-05-17 17:35:56,0.9,11.30,12.17,12.47,1545545,90807,5.9,0,0,0.0,1007,475,50,1.03,2.85,1.02,7.68,2461,6
2026-05-17 17:36:57,1.1,10.75,11.81,12.32,1545545,90781,5.9,0,0,0.0,1007,475,50,1.23,2.95,4.31,11.39,2463,3
2026-05-17 17:37:57,3.4,13.71,12.35,12.47,1545545,90802,5.9,0,0,0.0,1007,475,50,1.03,3.09,8.18,15.73,2464,5
2026-05-17 17:38:57,1.5,12.72,12.26,12.43,1545545,90806,5.9,0,0,0.0,1007,475,50,1.74,2.97,8.78,15.41,2479,5
2026-05-17 17:39:58,3.4,11.70,12.04,12.34,1545545,90809,5.9,0,0,0.0,1007,475,50,1.26,2.96,4.16,11.34,2482,5
2026-05-17 17:40:58,1.4,11.61,12.01,12.32,1545545,90693,5.9,0,0,0.0,1007,475,50,1.03,2.96,2.32,9.09,2472,1
2026-05-17 17:41:58,1.3,11.34,11.83,12.23,1545545,90707,5.9,0,0,0.0,1007,475,50,1.73,2.85,1.46,8.08,2481,2
2026-05-17 17:42:59,1.3,12.72,12.18,12.33,1545545,90710,5.9,0,0,0.0,1007,475,50,1.46,2.82,5.38,12.60,2477,1
2026-05-17 17:43:59,1.1,12.04,12.11,12.29,1545545,90684,5.9,0,0,0.0,1007,475,50,1.52,2.90,5.58,12.48,2450,2
2026-05-17 17:44:59,1.2,10.98,11.81,12.18,1545545,90688,5.9,0,0,0.0,1007,475,50,1.14,3.08,3.18,10.16,2464,3
2026-05-17 17:46:00,1.1,10.62,11.59,12.08,1545545,90707,5.9,0,0,0.0,1007,475,50,1.68,3.09,2.95,9.98,2473,6
2026-05-17 17:47:00,2.0,11.36,11.64,12.07,1545545,90742,5.9,0,0,0.0,1007,475,50,1.43,2.89,9.69,16.67,2468,3
2026-05-17 17:48:00,1.4,11.16,11.61,12.04,1545545,90728,5.9,0,0,0.0,1007,475,50,2.40,2.92,6.10,13.35,2452,6
2026-05-17 17:49:01,3.3,11.58,11.65,12.02,1545545,90736,5.9,0,0,0.0,1007,475,50,1.28,2.93,4.30,11.50,2452,7
2026-05-17 17:50:01,1.2,11.85,11.76,12.04,1545545,90713,5.9,0,0,0.0,1007,475,50,1.40,3.16,11.34,17.33,2441,8
2026-05-17 17:51:01,1.1,11.82,11.74,12.01,1545545,90678,5.9,0,0,0.0,1007,475,50,1.49,2.71,5.37,12.71,2435,3
2026-05-17 17:52:02,1.2,12.29,11.79,12.01,1545545,90626,5.9,0,0,0.0,1007,475,50,1.25,3.00,1.01,7.76,2434,3
2026-05-17 17:53:02,1.4,10.97,11.46,11.88,1545545,90634,5.9,0,0,0.0,1007,475,50,1.88,3.11,3.16,10.14,2453,4
2026-05-17 17:54:02,1.2,9.87,11.04,11.70,1545545,90670,5.9,0,0,0.0,1007,475,50,1.21,2.86,1.07,7.69,2451,3
2026-05-17 17:55:03,2.3,11.12,11.19,11.71,1545545,90690,5.9,0,0,0.0,1007,475,50,1.16,2.68,6.06,13.41,2456,2
2026-05-17 17:56:03,1.0,11.90,11.30,11.71,1545545,90742,5.9,0,0,0.0,1007,475,50,1.52,2.98,8.05,15.47,2450,3
2026-05-17 17:57:03,3.3,10.89,11.12,11.62,1545545,90762,5.9,0,0,0.0,1007,475,50,1.64,2.96,2.77,9.57,2455,3
2026-05-17 17:58:04,3.2,10.87,11.19,11.62,1545545,90781,5.9,0,0,0.0,1007,475,50,1.22,2.91,3.63,10.70,2447,8
2026-05-17 17:59:04,0.9,10.60,11.15,11.59,1545545,90720,5.9,0,0,0.0,1007,475,50,1.62,2.90,3.22,10.12,2451,1
2026-05-17 18:00:04,1.9,10.89,11.09,11.54,1545545,90732,5.9,0,0,0.0,1007,475,50,1.27,3.05,4.28,11.38,2448,3
2026-05-17 18:01:05,1.3,11.72,11.29,11.58,1545545,90762,5.9,0,0,0.0,1007,475,50,1.35,47.23,2.55,9.58,2458,2
2026-05-17 18:02:05,3.2,11.37,11.29,11.56,1545545,90802,5.9,0,0,0.0,1007,475,50,1.64,2.94,4.68,11.72,2455,7
2026-05-17 18:03:06,1.3,10.65,11.17,11.50,1545545,90771,5.9,0,0,0.0,1007,475,50,1.42,2.91,6.68,13.60,2457,3
2026-05-17 18:04:06,1.2,10.09,10.92,11.40,1545545,90775,5.9,0,0,0.0,1007,475,50,1.30,2.88,2.79,9.79,2456,2
2026-05-17 18:05:06,1.2,10.50,10.86,11.34,1545545,90776,5.9,0,0,0.0,1007,475,50,1.97,2.81,1.43,8.09,2468,4
2026-05-17 18:06:06,1.0,9.94,10.63,11.23,1545545,90794,5.9,0,0,0.0,1007,475,50,1.42,3.17,1.09,7.86,2461,3
2026-05-17 18:07:07,1.2,9.81,10.47,11.14,1545545,90809,5.9,0,0,0.0,1007,475,50,5.03,3.02,2.48,9.37,2468,2
2026-05-17 18:08:07,3.3,9.82,10.34,11.05,1545545,90853,5.9,0,0,0.0,1007,475,50,6.98,3.14,4.68,11.67,2464,7
2026-05-17 18:09:07,1.1,10.53,10.50,11.07,1545545,90802,5.9,0,0,0.0,1007,475,50,4.10,2.95,5.77,12.90,2477,6
2026-05-17 18:10:08,1.6,10.11,10.41,11.00,1545545,90799,5.9,0,0,0.0,1007,475,50,4.38,2.98,1.01,7.74,2468,3
2026-05-17 18:11:08,3.0,11.81,10.80,11.10,1545545,90827,5.9,0,0,0.0,1007,475,50,6.19,3.09,11.55,18.57,2455,4
2026-05-17 18:12:08,1.1,11.25,10.88,11.11,1545545,90810,5.9,0,0,0.0,1007,475,50,4.40,2.97,5.75,12.73,2445,3
2026-05-17 18:13:09,1.2,12.14,11.30,11.24,1545545,90818,5.9,0,0,0.0,1007,475,50,3.24,2.86,6.42,13.81,2436,2
2026-05-17 18:14:09,2.6,11.85,11.38,11.28,1545545,90825,5.9,0,0,0.0,1007,475,50,5.86,2.57,10.28,16.65,2432,6
2026-05-17 18:15:10,3.0,11.23,11.28,11.25,1545545,90815,5.9,0,0,0.0,1007,475,50,5.68,2.96,5.54,12.51,2443,8
2026-05-17 18:16:10,3.1,12.26,11.68,11.40,1545545,90836,5.9,0,0,0.0,1007,475,50,3.44,3.18,10.80,17.74,2451,4
2026-05-17 18:17:10,1.1,12.40,11.76,11.44,1545545,90718,5.9,0,0,0.0,1007,475,50,5.10,2.85,9.12,16.04,2451,3
2026-05-17 18:18:11,1.2,12.24,11.79,11.46,1545545,90697,5.9,0,0,0.0,1007,475,50,4.28,2.93,6.62,13.54,2459,4
2026-05-17 18:19:11,1.3,13.06,12.14,11.60,1545545,90694,5.9,0,0,0.0,1007,475,50,2.66,2.82,5.70,12.99,2449,11
2026-05-17 18:20:11,1.3,12.42,12.13,11.63,1545545,90640,5.9,0,0,0.0,1007,475,50,5.23,3.06,1.38,8.07,2446,1
2026-05-17 18:21:12,9.3,12.90,12.32,11.73,1545545,90723,5.9,0,0,0.0,1007,475,50,6.24,2.93,2.28,9.20,2460,20
2026-05-17 18:22:12,3.3,15.00,13.10,12.04,1545545,90720,5.9,0,0,0.0,1007,475,50,5.05,3.09,11.53,19.48,2468,8
2026-05-17 18:23:12,1.2,14.23,13.23,12.16,1545545,90716,5.9,0,0,0.0,1007,475,50,6.64,2.54,3.45,10.38,2461,7
2026-05-17 18:24:13,1.1,13.41,13.36,12.28,1545545,90719,5.9,0,0,0.0,1007,475,50,7.17,2.75,6.59,13.59,2478,6
2026-05-17 18:25:13,3.4,13.60,13.44,12.37,1545545,90739,5.9,0,0,0.0,1007,475,50,6.26,3.01,5.21,12.49,2473,8
2026-05-17 18:26:13,1.2,14.27,13.68,12.53,1545545,90755,5.9,0,0,0.0,1007,475,50,7.55,3.09,10.56,17.26,2468,3
2026-05-17 18:27:13,1.2,14.52,13.74,12.61,1545545,90746,5.9,0,0,0.0,1007,475,50,6.57,2.97,2.14,8.92,2468,2
2026-05-17 18:28:14,3.4,13.42,13.46,12.58,1545545,90753,5.9,0,0,0.0,1007,475,50,3.68,2.80,1.43,8.25,2471,8
2026-05-17 18:29:14,2.0,14.22,13.69,12.71,1545545,90738,5.9,0,0,0.0,1007,475,50,6.54,2.89,4.35,11.39,2460,8
2026-05-17 18:30:14,2.0,19.03,15.01,13.22,1545545,90745,5.9,0,0,0.0,1007,475,50,3.35,2.96,10.28,16.97,2456,4
2026-05-17 18:31:15,1.5,18.74,15.82,13.62,1545545,90765,5.9,0,0,0.0,1007,475,50,3.93,3.06,8.02,15.41,2440,1
2026-05-17 18:32:15,1.4,14.83,15.18,13.53,1545545,90763,5.9,0,0,0.0,1007,475,50,6.75,2.81,4.96,12.10,2441,3
2026-05-17 18:33:16,2.3,13.17,14.56,13.42,1545545,90751,5.9,0,0,0.0,1007,475,50,7.53,2.93,4.63,11.77,2449,5
2026-05-17 18:34:16,1.3,12.84,14.24,13.38,1545545,90737,5.9,0,0,0.0,1007,475,50,5.56,3.05,6.06,13.42,2453,3
2026-05-17 18:35:16,1.4,13.28,14.19,13.42,1545545,90749,5.9,0,0,0.0,1007,475,50,10.55,2.89,2.43,9.28,2454,3
2026-05-17 18:36:17,3.3,13.31,14.02,13.41,1545545,90776,5.9,0,0,0.0,1007,475,50,8.69,2.99,8.10,15.67,2460,5
2026-05-17 18:37:17,5.9,19.26,15.36,13.90,1545545,90771,5.9,0,0,0.0,1007,475,50,5.00,3.10,3.10,10.13,2458,8
2026-05-17 18:38:17,3.2,15.36,15.01,13.88,1545545,90764,5.9,0,0,0.0,1007,475,50,8.96,3.09,5.58,12.55,2446,5
2026-05-17 18:39:18,2.0,12.58,14.35,13.72,1545545,90762,5.9,0,0,0.0,1007,475,50,7.93,2.82,8.08,14.28,2457,2
2026-05-17 18:40:18,3.3,12.36,13.95,13.62,1545545,90791,5.9,0,0,0.0,1007,475,50,6.35,2.97,8.66,15.95,2451,7
2026-05-17 18:41:18,2.1,11.69,13.49,13.48,1545545,90807,5.9,0,0,0.0,1007,475,50,7.59,3.03,7.86,13.97,2458,3
2026-05-17 18:42:19,1.4,12.61,13.51,13.50,1545545,90810,5.9,0,0,0.0,1007,475,50,6.98,2.50,2.50,9.31,2458,4
2026-05-17 18:43:19,1.3,12.90,13.51,13.50,1545545,90798,5.9,0,0,0.0,1007,475,50,5.82,2.91,3.54,10.60,2472,3
2026-05-17 18:44:19,1.6,11.62,13.05,13.34,1545545,90789,5.9,0,0,0.0,1007,475,50,8.19,2.88,4.72,11.78,2462,3
2026-05-17 18:45:20,4.0,12.53,12.99,13.30,1545545,90816,5.9,0,0,0.0,1007,475,50,5.21,3.04,4.82,12.05,2472,21
2026-05-17 18:46:20,3.3,13.18,13.08,13.31,1545545,90825,5.9,0,0,0.0,1007,475,50,8.09,2.93,7.47,14.99,2454,7
2026-05-17 18:47:20,1.5,15.26,13.82,13.56,1545545,90848,5.9,0,0,0.0,1007,475,50,5.26,3.03,9.34,16.22,2462,1
2026-05-17 18:48:21,3.4,15.33,14.00,13.63,1545545,90823,5.9,0,0,0.0,1007,475,50,5.34,3.00,8.32,15.93,2456,6
2026-05-17 18:49:21,1.1,12.82,13.56,13.50,1545545,90795,5.9,0,0,0.0,1007,475,50,8.94,2.86,4.43,11.58,2442,2
2026-05-17 18:50:21,1.0,11.77,13.15,13.36,1545545,90801,5.9,0,0,0.0,1007,475,50,9.57,2.82,1.06,7.69,2441,3
2026-05-17 18:51:22,1.3,12.30,13.01,13.30,1545545,90822,5.9,0,0,0.0,1007,475,50,11.16,2.92,6.08,13.42,2452,1
2026-05-17 18:52:22,8.8,12.54,12.91,13.24,1545545,90847,5.9,0,0,0.0,1007,475,50,7.55,2.95,6.13,13.26,2448,6
2026-05-17 18:53:22,2.2,10.93,12.43,13.06,1545545,90794,5.9,0,0,0.0,1007,475,50,7.31,3.00,3.21,9.72,2453,3
2026-05-17 18:54:23,1.1,9.86,11.87,12.83,1545545,90684,5.9,0,0,0.0,1007,475,50,6.75,2.74,1.02,7.72,2457,5
2026-05-17 18:55:23,3.2,10.51,11.63,12.68,1545545,90723,5.9,0,0,0.0,1007,475,50,6.48,2.96,5.05,12.30,2461,7
2026-05-17 18:56:23,1.5,11.22,11.64,12.61,1545545,90720,5.9,0,0,0.0,1007,475,50,8.68,3.02,6.48,13.69,2454,9
2026-05-17 18:57:24,1.2,10.12,11.28,12.43,1545545,90733,5.9,0,0,0.0,1007,475,50,9.39,2.83,1.44,8.19,2457,6
2026-05-17 18:58:24,1.2,10.56,11.18,12.32,1545545,90718,5.9,0,0,0.0,1007,475,50,8.84,2.53,3.55,10.62,2452,3
2026-05-17 18:59:24,3.3,10.83,11.08,12.21,1545545,90717,5.9,0,0,0.0,1007,475,50,7.75,2.93,2.47,9.33,2454,5
2026-05-17 19:00:24,1.8,10.61,10.96,12.09,1545545,90699,5.9,0,0,0.0,1007,475,50,7.02,2.92,5.22,11.98,2444,3
2026-05-17 19:01:25,2.5,10.45,10.90,12.01,1545545,90741,5.9,0,0,0.0,1007,475,50,7.62,44.54,1.79,8.66,2455,6
2026-05-17 19:02:25,1.2,11.49,11.13,12.02,1545545,90744,5.9,0,0,0.0,1007,475,50,6.30,3.07,6.87,14.24,2447,2
2026-05-17 19:03:25,3.4,12.18,11.25,11.99,1545545,90741,5.9,0,0,0.0,1007,475,50,6.74,2.95,4.02,11.03,2445,6
2026-05-17 19:04:26,1.0,11.06,11.15,11.91,1545545,90718,5.9,0,0,0.0,1007,475,50,7.30,2.89,3.76,10.85,2443,8
2026-05-17 19:05:26,1.6,10.29,10.92,11.79,1545545,90723,5.9,0,0,0.0,1007,475,50,9.64,2.86,2.10,8.90,2452,1
2026-05-17 19:06:26,3.0,11.50,11.18,11.82,1545545,90760,5.9,0,0,0.0,1007,475,50,6.48,3.07,9.99,17.58,2450,8
2026-05-17 19:07:27,1.2,11.46,11.22,11.80,1545545,90755,5.9,0,0,0.0,1007,475,50,9.91,2.97,4.17,11.31,2453,2
2026-05-17 19:08:27,3.5,13.66,11.90,12.00,1545545,90764,5.9,0,0,0.0,1007,475,50,7.86,3.05,11.47,19.43,2457,4
2026-05-17 19:09:27,2.0,11.47,11.66,11.91,1545545,90729,5.9,0,0,0.0,1007,475,50,5.78,3.05,5.28,12.52,2446,4
2026-05-17 19:10:28,2.4,9.96,11.20,11.74,1545545,90734,5.9,0,0,0.0,1007,475,50,8.50,3.10,1.01,7.75,2434,4
2026-05-17 19:11:28,2.3,12.12,11.60,11.84,1545545,90768,5.9,0,0,0.0,1007,475,50,8.51,2.86,3.23,10.14,2434,2
2026-05-17 19:12:28,1.8,12.39,11.67,11.84,1545545,90790,5.9,0,0,0.0,1007,475,50,7.12,2.91,5.39,12.39,2441,4
2026-05-17 19:13:29,1.0,11.90,11.77,11.87,1545545,90760,5.9,0,0,0.0,1007,475,50,7.30,2.99,6.04,12.52,2441,3
2026-05-17 19:14:29,1.1,10.06,11.29,11.70,1545545,90765,5.9,0,0,0.0,1007,475,50,4.74,2.51,0.99,7.70,2451,1
2026-05-17 19:15:29,1.2,10.19,11.09,11.61,1545545,90746,5.9,0,0,0.0,1007,475,50,9.06,3.00,2.84,9.76,2455,2
2026-05-17 19:16:30,3.2,12.03,11.48,11.71,1545545,90791,5.9,0,0,0.0,1007,475,50,7.57,2.86,8.96,16.35,2456,5
2026-05-17 19:17:30,1.1,11.45,11.38,11.66,1545545,90783,5.9,0,0,0.0,1007,475,50,4.75,3.12,8.76,15.49,2456,1
2026-05-17 19:18:30,1.3,10.12,10.99,11.51,1545545,90734,5.9,0,0,0.0,1007,475,50,7.14,2.95,1.06,7.70,2471,2
2026-05-17 19:19:31,2.1,11.60,11.20,11.54,1545545,90766,5.9,0,0,0.0,1007,475,50,8.82,2.73,6.53,13.69,2482,4
2026-05-17 19:20:31,3.1,11.41,11.17,11.51,1545545,90750,5.9,0,0,0.0,1007,475,50,5.56,3.08,3.91,10.76,2486,23
2026-05-17 19:21:32,3.4,11.31,11.20,11.50,1545545,90807,5.9,0,0,0.0,1007,475,50,8.09,2.91,4.47,11.29,2479,5
2026-05-17 19:22:32,3.2,12.11,11.43,11.56,1545545,90815,5.9,0,0,0.0,1007,475,50,11.35,3.00,10.11,18.02,2479,12
2026-05-17 19:23:32,1.5,11.72,11.49,11.57,1545545,90768,5.9,0,0,0.0,1007,475,50,6.21,2.90,8.32,14.72,2469,1
2026-05-17 19:24:33,3.2,11.44,11.36,11.52,1545545,90787,5.9,0,0,0.0,1007,475,50,6.02,2.98,4.46,11.50,2459,5
2026-05-17 19:25:33,1.3,11.91,11.50,11.56,1545545,90762,5.9,0,0,0.0,1007,475,50,6.39,3.01,10.00,16.96,2469,4
2026-05-17 19:26:33,1.4,11.30,11.38,11.51,1545545,90765,5.9,0,0,0.0,1007,475,50,6.97,2.95,5.05,12.12,2456,4
2026-05-17 19:27:33,1.4,13.83,12.00,11.71,1545545,90839,5.9,0,0,0.0,1007,475,50,8.35,2.93,8.56,15.82,2475,4
2026-05-17 19:28:34,1.1,11.21,11.58,11.58,1545545,90781,5.9,0,0,0.0,1007,475,50,5.55,2.97,1.02,7.75,2473,5
2026-05-17 19:29:34,3.3,13.03,11.94,11.70,1545545,90825,5.9,0,0,0.0,1007,475,50,8.42,2.81,8.48,16.07,2480,6
2026-05-17 19:30:34,3.3,13.50,12.23,11.81,1545545,90682,5.9,0,0,0.0,1007,475,50,8.86,2.98,7.30,14.79,2472,7
2026-05-17 19:31:35,1.2,11.99,12.13,11.81,1545545,90676,5.9,0,0,0.0,1007,475,50,8.04,2.84,2.42,9.33,2480,3
2026-05-17 19:32:35,1.1,11.39,11.92,11.76,1545545,90638,5.9,0,0,0.0,1007,475,50,7.11,2.93,3.29,10.30,2464,8
2026-05-17 19:33:36,1.6,11.16,11.74,11.71,1545545,90592,5.9,0,0,0.0,1007,475,50,8.86,2.91,2.12,8.87,2463,5
2026-05-17 19:34:36,3.0,10.39,11.40,11.59,1545545,90704,5.9,0,0,0.0,1007,475,50,8.05,2.89,4.21,11.41,2458,8
2026-05-17 19:35:36,1.0,10.51,11.37,11.58,1545545,90664,5.9,0,0,0.0,1007,475,50,6.40,3.12,4.30,11.35,2461,2
2026-05-17 19:36:37,1.3,10.38,11.20,11.51,1545545,90696,5.9,0,0,0.0,1007,475,50,6.50,2.89,4.61,11.68,2447,2
2026-05-17 19:37:37,1.6,10.05,10.99,11.41,1545545,90706,5.9,0,0,0.0,1007,475,50,8.27,2.76,5.10,12.42,2457,7
2026-05-17 19:38:37,2.1,10.70,10.99,11.39,1545545,90679,5.9,0,0,0.0,1007,475,50,6.69,3.00,3.03,9.97,2449,5
2026-05-17 19:39:38,2.4,9.87,10.69,11.26,1545545,90648,5.9,0,0,0.0,1007,475,50,7.85,3.06,4.39,11.40,2442,4
2026-05-17 19:40:38,1.1,10.45,10.70,11.22,1545545,90692,5.9,0,0,0.0,1007,475,50,10.43,3.03,1.04,7.77,2445,2
2026-05-17 19:41:38,1.2,11.34,10.96,11.28,1545545,90745,5.9,0,0,0.0,1007,475,50,5.40,3.34,6.13,13.36,2462,2
2026-05-17 19:42:39,1.3,10.74,10.81,11.21,1545545,90715,5.9,0,0,0.0,1007,475,50,6.18,2.89,1.12,7.88,2458,4
2026-05-17 19:43:39,3.5,11.81,11.15,11.30,1545545,90699,5.9,0,0,0.0,1007,475,50,9.51,2.85,8.18,15.80,2455,7
2026-05-17 19:44:39,1.8,13.44,11.84,11.54,1545545,90682,5.9,0,0,0.0,1007,475,50,5.22,2.90,10.72,17.50,2464,13
2026-05-17 19:45:40,4.5,11.98,11.68,11.50,1545545,90697,5.9,0,0,0.0,1007,475,50,4.46,2.95,1.85,8.70,2453,4
2026-05-17 19:46:40,3.3,14.17,12.59,11.84,1545545,90757,5.9,0,0,0.0,1007,475,50,10.34,2.86,12.79,19.04,2456,4
2026-05-17 19:47:40,3.1,13.62,12.71,11.93,1545545,90769,5.9,0,0,0.0,1007,475,50,4.96,3.02,10.51,17.83,2446,8
2026-05-17 19:48:41,1.6,13.29,12.95,12.07,1545545,90727,5.9,0,0,0.0,1007,475,50,6.92,3.08,6.80,14.17,2443,6
2026-05-17 19:49:41,1.6,11.70,12.56,11.99,1545545,90695,5.9,0,0,0.0,1007,475,50,9.69,2.80,1.00,7.76,2433,4
2026-05-17 19:50:41,1.4,11.43,12.41,11.98,1545545,90692,5.9,0,0,0.0,1007,475,50,7.08,2.98,2.46,9.27,2449,7
2026-05-17 19:51:42,1.3,11.03,12.12,11.91,1545545,90787,5.9,0,0,0.0,1007,475,50,8.32,2.86,8.11,15.25,2447,4
2026-05-17 19:52:42,1.7,10.06,11.61,11.74,1545545,90808,5.9,0,0,0.0,1007,475,50,5.70,3.13,2.55,9.48,2446,6
2026-05-17 19:53:42,3.3,9.95,11.26,11.61,1545545,90786,5.9,0,0,0.0,1007,475,50,4.73,2.80,2.47,9.31,2460,6
2026-05-17 19:54:43,3.5,10.60,11.21,11.57,1545545,90781,5.9,0,0,0.0,1007,475,50,8.55,2.96,5.34,12.01,2451,14
2026-05-17 19:55:43,1.5,10.39,11.11,11.52,1545545,90699,5.9,0,0,0.0,1007,475,50,6.52,2.98,5.21,12.09,2438,6
2026-05-17 19:56:43,1.3,10.08,10.93,11.43,1545545,90749,5.9,0,0,0.0,1007,475,50,6.31,2.48,2.15,8.88,2455,1
2026-05-17 19:57:44,2.1,10.59,10.88,11.38,1545545,90785,5.9,0,0,0.0,1007,475,50,7.84,2.98,1.83,8.59,2456,4
2026-05-17 19:58:44,3.0,11.87,11.10,11.42,1545545,90804,5.9,0,0,0.0,1007,475,50,6.98,2.99,7.54,15.03,2448,3
2026-05-17 19:59:44,1.4,11.49,11.11,11.40,1545545,90812,5.9,0,0,0.0,1007,475,50,6.67,2.85,6.09,12.86,2458,1
2026-05-17 20:00:45,1.2,10.56,10.93,11.32,1545545,90819,5.9,0,0,0.0,1007,475,50,4.50,2.94,2.05,8.87,2461,1
2026-05-17 20:01:45,1.2,10.09,10.73,11.22,1545545,90847,5.9,0,0,0.0,1007,475,50,10.19,47.11,1.01,7.78,2457,2
2026-05-17 20:02:45,3.3,9.86,10.56,11.13,1545545,90882,5.9,0,0,0.0,1007,475,50,9.06,3.01,1.77,8.60,2469,5
2026-05-17 20:03:46,1.2,10.10,10.50,11.08,1545545,90839,5.9,0,0,0.0,1007,475,50,5.51,2.93,3.43,10.18,2468,2
2026-05-17 20:04:46,3.4,11.30,10.77,11.13,1545545,90857,5.9,0,0,0.0,1007,475,50,6.46,2.74,10.40,17.76,2458,4
2026-05-17 20:05:46,1.1,13.78,11.57,11.38,1545545,90832,5.9,0,0,0.0,1007,475,50,5.41,3.00,8.26,14.95,2480,3
2026-05-17 20:06:47,1.6,14.18,12.29,11.65,1545545,90768,5.9,0,0,0.0,1007,475,50,5.94,2.96,9.68,16.40,2462,9
2026-05-17 20:07:47,1.0,14.87,13.01,11.95,1545545,90747,5.9,0,0,0.0,1007,475,50,8.28,3.04,7.40,14.83,2459,9
2026-05-17 20:08:47,1.5,15.93,13.80,12.30,1545545,90721,5.9,0,0,0.0,1007,475,50,7.18,3.12,7.20,14.19,2459,3
2026-05-17 20:09:48,1.6,13.86,13.52,12.29,1545545,90739,5.9,0,0,0.0,1007,475,50,5.45,3.08,1.38,8.12,2446,6
2026-05-17 20:10:48,1.1,10.82,12.72,12.09,1545545,90732,5.9,0,0,0.0,1007,475,50,8.18,2.56,0.95,7.71,2433,1
2026-05-17 20:11:48,1.1,10.77,12.37,12.01,1545545,90751,5.9,0,0,0.0,1007,475,50,9.08,2.82,1.43,8.12,2440,5
2026-05-17 20:12:49,1.1,14.57,13.22,12.32,1545545,90757,5.9,0,0,0.0,1007,475,50,5.23,2.88,6.50,13.82,2446,4
2026-05-17 20:13:49,1.2,16.11,13.93,12.62,1545545,90745,5.9,0,0,0.0,1007,475,50,13.08,3.18,6.24,13.48,2467,5
2026-05-17 20:14:49,2.0,22.14,15.47,13.20,1545545,90771,5.9,0,0,0.0,1007,475,50,12.14,2.86,5.82,12.91,2467,6
2026-05-17 20:15:50,1.2,15.40,14.86,13.14,1545545,90745,5.9,0,0,0.0,1007,475,50,6.80,2.93,4.63,11.83,2473,3
2026-05-17 20:16:50,1.4,13.26,14.29,13.05,1545545,90775,5.9,0,0,0.0,1007,475,50,8.52,2.95,2.49,9.28,2460,2
2026-05-17 20:17:50,3.7,12.18,13.82,12.97,1545545,90802,5.9,0,0,0.0,1007,475,50,9.42,2.89,5.46,12.67,2455,4
2026-05-17 20:18:51,1.0,12.23,13.59,12.95,1545545,90761,5.9,0,0,0.0,1007,475,50,9.25,2.96,8.96,16.07,2458,10
2026-05-17 20:19:51,2.9,13.23,13.63,13.00,1545545,90793,5.9,0,0,0.0,1007,475,50,10.96,2.89,4.37,11.33,2467,4
2026-05-17 20:20:51,1.2,12.58,13.42,12.97,1545545,90767,5.9,0,0,0.0,1007,475,50,7.45,3.12,6.44,13.64,2461,6
2026-05-17 20:21:52,9.1,15.75,14.34,13.32,1545545,90805,5.9,0,0,0.0,1007,475,50,8.17,2.81,5.87,13.23,2468,21
2026-05-17 20:22:52,2.1,13.84,14.22,13.35,1545545,90797,5.9,0,0,0.0,1007,475,50,7.46,2.96,7.19,13.54,2472,4
2026-05-17 20:23:52,3.2,12.19,13.62,13.20,1545545,90803,5.9,0,0,0.0,1007,475,50,5.83,2.96,4.09,11.03,2457,4
2026-05-17 20:24:53,3.3,11.38,13.18,13.08,1545545,90808,5.9,0,0,0.0,1007,475,50,6.70,2.93,3.77,10.87,2459,3
2026-05-17 20:25:53,1.1,10.61,12.64,12.90,1545545,90804,5.9,0,0,0.0,1007,475,50,10.21,3.02,1.52,8.22,2458,2
2026-05-17 20:26:54,1.1,11.04,12.43,12.81,1545545,90794,5.9,0,0,0.0,1007,475,50,12.46,2.84,3.57,10.53,2460,3
2026-05-17 20:27:54,1.1,11.33,12.21,12.71,1545545,90811,5.9,0,0,0.0,1007,475,50,9.08,2.85,4.27,11.40,2462,3
2026-05-17 20:28:54,1.3,14.23,12.94,12.93,1545545,90807,5.9,0,0,0.0,1007,475,50,8.41,3.01,5.08,12.30,2458,3
2026-05-17 20:29:55,1.2,21.11,14.68,13.50,1545545,90812,5.9,0,0,0.0,1007,475,50,6.64,2.91,6.08,13.42,2440,3
2026-05-17 20:30:55,1.1,14.99,14.11,13.38,1545545,90833,5.9,0,0,0.0,1007,475,50,6.48,2.93,2.82,9.77,2442,1
2026-05-17 20:31:55,1.2,12.35,13.53,13.23,1545545,90841,5.9,0,0,0.0,1007,475,50,8.03,2.93,1.00,7.70,2449,1
2026-05-17 20:32:56,2.9,14.16,13.79,13.33,1545545,90866,5.9,0,0,0.0,1007,475,50,11.07,2.82,8.51,15.69,2452,8
2026-05-17 20:33:56,1.8,12.01,13.33,13.20,1545545,90807,5.9,0,0,0.0,1007,475,50,8.37,3.09,1.77,8.70,2443,12
2026-05-17 20:34:56,1.5,12.00,13.08,13.13,1545545,90826,5.9,0,0,0.0,1007,475,50,6.55,2.81,4.84,11.62,2459,3
2026-05-17 20:35:57,3.2,11.02,12.56,12.94,1545545,90863,5.9,0,0,0.0,1007,475,50,5.85,2.82,2.67,9.56,2461,5
2026-05-17 20:36:57,1.6,12.18,12.62,12.94,1545545,90859,5.9,0,0,0.0,1007,475,50,4.35,2.97,7.66,15.16,2456,3
2026-05-17 20:37:57,1.2,13.88,13.02,13.05,1545545,90860,5.9,0,0,0.0,1007,475,50,3.96,2.95,6.62,13.65,2447,5
2026-05-17 20:38:58,1.8,13.89,13.20,13.11,1545545,90781,5.9,0,0,0.0,1007,475,50,6.59,3.02,10.38,17.19,2455,8
2026-05-17 20:39:58,3.4,13.01,13.01,13.04,1545545,90786,5.9,0,0,0.0,1007,475,50,9.21,2.99,7.05,14.48,2453,4
2026-05-17 20:40:58,1.1,11.79,12.67,12.92,1545545,90734,5.9,0,0,0.0,1007,475,50,12.13,2.82,2.57,9.40,2445,4
2026-05-17 20:41:59,3.4,12.52,12.77,12.95,1545545,90789,5.9,0,0,0.0,1007,475,50,7.66,2.95,12.48,18.50,2454,4
2026-05-17 20:42:59,3.2,11.86,12.45,12.82,1545545,90856,5.9,0,0,0.0,1007,475,50,4.87,2.89,2.82,9.71,2464,5
2026-05-17 20:43:59,1.2,11.39,12.22,12.72,1545545,90674,5.9,0,0,0.0,1007,475,50,8.03,2.95,2.86,9.66,2461,2
2026-05-17 20:45:00,1.1,10.56,11.78,12.53,1545545,90634,5.9,0,0,0.0,1007,475,50,8.12,2.98,1.09,7.86,2452,4
2026-05-17 20:46:00,1.6,10.97,11.68,12.45,1545545,90652,5.9,0,0,0.0,1007,475,50,4.20,3.00,10.11,16.01,2451,4
2026-05-17 20:47:00,1.3,11.51,11.72,12.41,1545545,90734,5.9,0,0,0.0,1007,475,50,4.84,2.96,7.75,14.59,2438,5
2026-05-17 20:48:01,1.3,10.54,11.43,12.27,1545545,90708,5.9,0,0,0.0,1007,475,50,4.37,2.80,1.05,7.68,2435,1
2026-05-17 20:49:01,3.2,10.41,11.19,12.13,1545545,90729,5.9,0,0,0.0,1007,475,50,7.65,3.04,2.86,9.88,2437,5
2026-05-17 20:50:01,2.0,13.55,11.79,12.27,1545545,90684,5.9,0,0,0.0,1007,475,50,9.61,2.68,8.55,15.45,2446,7
2026-05-17 20:51:02,1.3,12.54,11.84,12.26,1545545,90690,5.9,0,0,0.0,1007,475,50,6.28,3.02,12.90,18.66,2444,7
2026-05-17 20:52:02,3.5,12.58,11.98,12.28,1545545,90690,5.9,0,0,0.0,1007,475,50,9.60,3.00,9.32,16.93,2444,5
2026-05-17 20:53:02,1.1,14.02,12.65,12.50,1545545,90760,5.9,0,0,0.0,1007,475,50,11.46,2.88,11.65,19.47,2439,4
2026-05-17 20:54:03,1.1,12.59,12.50,12.46,1545545,90727,5.9,0,0,0.0,1007,475,50,9.16,2.97,4.73,11.74,2447,5
2026-05-17 20:55:03,1.3,10.89,12.04,12.30,1545545,90671,5.9,0,0,0.0,1007,475,50,8.01,3.08,1.47,8.36,2446,4
2026-05-17 20:56:03,1.1,11.06,11.89,12.24,1545545,90674,5.9,0,0,0.0,1007,475,50,9.09,2.75,1.36,8.08,2447,3
2026-05-17 20:57:04,1.4,10.31,11.58,12.11,1545545,90671,5.9,0,0,0.0,1007,475,50,6.19,3.01,3.20,10.14,2453,2
2026-05-17 20:58:04,3.3,10.83,11.41,12.01,1545545,90795,5.9,0,0,0.0,1007,475,50,5.91,2.89,4.30,11.46,2469,9
2026-05-17 20:59:04,1.0,9.90,11.07,11.85,1545545,90742,5.9,0,0,0.0,1007,475,50,10.84,2.96,2.80,9.60,2463,4
2026-05-17 21:00:05,1.9,9.49,10.72,11.68,1545545,90746,5.9,0,0,0.0,1007,475,50,8.37,2.95,1.72,8.65,2458,8
2026-05-17 21:01:05,1.1,10.34,10.74,11.63,1545545,90722,5.9,0,0,0.0,1007,475,50,7.26,44.86,5.49,12.76,2453,1
2026-05-17 21:02:05,3.4,13.70,11.63,11.88,1545545,90725,5.9,0,0,0.0,1007,475,50,7.28,2.86,11.10,18.18,2463,10
2026-05-17 21:03:06,3.2,11.87,11.51,11.82,1545545,90785,5.9,0,0,0.0,1007,475,50,9.49,2.82,4.46,11.57,2460,5
2026-05-17 21:04:06,2.0,12.60,11.76,11.89,1545545,90743,5.9,0,0,0.0,1007,475,50,8.87,2.95,6.52,13.11,2451,13
2026-05-17 21:05:06,1.3,11.81,11.70,11.86,1545545,90761,5.9,0,0,0.0,1007,475,50,6.81,3.13,3.41,10.22,2452,24
2026-05-17 21:06:07,1.3,10.83,11.42,11.75,1545545,90744,5.9,0,0,0.0,1007,475,50,7.92,2.91,1.36,8.08,2461,3
2026-05-17 21:07:07,3.1,12.77,11.80,11.85,1545545,90764,5.9,0,0,0.0,1007,475,50,6.33,2.96,9.65,16.84,2450,5
2026-05-17 21:08:07,1.2,11.04,11.47,11.74,1545545,90697,5.9,0,0,0.0,1007,475,50,5.06,2.99,1.73,8.49,2465,5
2026-05-17 21:09:08,1.5,16.89,13.03,12.25,1545545,90809,5.9,0,0,0.0,1007,475,50,6.63,3.18,7.62,14.92,2473,2
2026-05-17 21:10:08,1.9,14.21,12.95,12.27,1545545,90822,5.9,0,0,0.0,1007,475,50,6.78,3.11,8.60,15.67,2476,6
2026-05-17 21:11:08,3.2,14.27,13.18,12.39,1545545,90821,5.9,0,0,0.0,1007,475,50,5.98,2.43,10.59,17.16,2470,8
2026-05-17 21:12:09,1.1,12.40,12.99,12.38,1545545,90729,5.9,0,0,0.0,1007,475,50,5.99,2.90,6.66,12.90,2471,9
2026-05-17 21:13:09,1.1,10.98,12.46,12.24,1545545,90851,5.9,0,0,0.0,1007,475,50,7.59,2.86,3.57,10.60,2449,1
2026-05-17 21:14:09,1.2,10.03,11.92,12.06,1545545,90815,5.9,0,0,0.0,1007,475,50,8.11,2.93,1.40,8.16,2442,1
2026-05-17 21:15:10,2.4,10.49,11.65,11.96,1545545,90808,5.9,0,0,0.0,1007,475,50,6.75,2.97,3.64,10.69,2438,6
2026-05-17 21:16:10,1.7,11.72,11.77,11.98,1545545,90792,5.9,0,0,0.0,1007,475,50,7.30,2.96,5.68,13.03,2450,4
2026-05-17 21:17:10,1.6,11.09,11.55,11.89,1545545,90773,5.9,0,0,0.0,1007,475,50,7.71,3.00,1.35,8.09,2455,5
2026-05-17 21:18:11,1.2,10.56,11.32,11.79,1545545,90755,5.9,0,0,0.0,1007,475,50,7.79,2.77,3.91,10.90,2461,2
2026-05-17 21:19:11,1.3,10.46,11.15,11.70,1545545,90727,5.9,0,0,0.0,1007,475,50,6.24,2.86,1.41,8.18,2470,1
2026-05-17 21:20:11,1.2,10.63,11.04,11.62,1545545,90717,5.9,0,0,0.0,1007,475,50,9.73,3.05,5.44,12.71,2465,28
2026-05-17 21:21:12,1.9,11.85,11.38,11.71,1545545,90728,5.9,0,0,0.0,1007,475,50,5.21,2.93,8.58,15.52,2454,9
2026-05-17 21:22:12,1.5,11.36,11.31,11.66,1545545,90679,5.9,0,0,0.0,1007,475,50,4.60,2.94,1.39,8.18,2453,1
2026-05-17 21:23:12,3.6,10.56,11.06,11.55,1545545,90712,5.9,0,0,0.0,1007,475,50,7.11,2.89,2.07,8.91,2445,12
2026-05-17 21:24:13,1.0,12.03,11.39,11.63,1545545,90633,5.9,0,0,0.0,1007,475,50,5.02,2.99,9.95,16.54,2459,4
2026-05-17 21:25:13,1.3,11.96,11.54,11.67,1545545,90599,5.9,0,0,0.0,1007,475,50,5.58,3.04,6.74,13.24,2467,2
2026-05-17 21:26:13,1.4,13.67,11.97,11.80,1545545,90615,5.9,0,0,0.0,1007,475,50,9.95,2.99,6.07,13.34,2468,5
2026-05-17 21:27:14,1.2,14.45,12.80,12.12,1545545,90743,5.9,0,0,0.0,1007,475,50,9.07,2.82,4.97,12.13,2478,10
2026-05-17 21:28:14,1.1,11.97,12.37,12.01,1545545,90721,5.9,0,0,0.0,1007,475,50,6.41,3.03,2.83,9.79,2481,4
2026-05-17 21:29:14,1.2,12.54,12.41,12.04,1545545,90683,5.9,0,0,0.0,1007,475,50,9.35,2.95,2.84,9.71,2465,2
2026-05-17 21:30:15,1.3,12.42,12.35,12.04,1545545,90691,5.9,0,0,0.0,1007,475,50,7.75,2.54,7.74,15.03,2454,4
2026-05-17 21:31:15,3.1,15.04,13.02,12.29,1545545,90696,5.9,0,0,0.0,1007,475,50,7.46,2.98,12.35,19.53,2464,6
2026-05-17 21:32:15,3.6,14.04,13.07,12.35,1545545,90698,5.9,0,0,0.0,1007,475,50,8.72,2.91,10.05,17.30,2460,6
2026-05-17 21:33:16,1.2,12.82,13.02,12.39,1545545,90750,5.9,0,0,0.0,1007,475,50,8.28,2.77,7.62,14.96,2469,3
2026-05-17 21:34:16,2.0,14.05,13.17,12.47,1545545,90751,5.9,0,0,0.0,1007,475,50,5.93,2.95,8.53,15.66,2479,3
2026-05-17 21:35:16,1.2,12.53,12.83,12.39,1545545,90712,5.9,0,0,0.0,1007,475,50,9.69,3.12,4.34,11.38,2475,26
2026-05-17 21:36:17,1.2,11.44,12.46,12.29,1545545,90697,5.9,0,0,0.0,1007,475,50,6.41,2.92,5.01,12.21,2474,2
2026-05-17 21:37:17,1.2,10.22,11.94,12.12,1545545,90677,5.9,0,0,0.0,1007,475,50,4.84,2.84,0.98,7.72,2476,2
2026-05-17 21:38:17,1.0,10.49,11.75,12.04,1545545,90655,5.9,0,0,0.0,1007,475,50,8.38,2.96,5.72,12.97,2463,3
2026-05-17 21:39:18,3.4,11.63,11.91,12.08,1545545,90771,5.9,0,0,0.0,1007,475,50,6.84,2.93,9.27,15.86,2468,8
2026-05-17 21:40:18,1.2,13.02,12.26,12.19,1545545,90745,5.9,0,0,0.0,1007,475,50,6.77,2.98,7.48,15.04,2476,9
2026-05-17 21:41:18,3.1,12.63,12.27,12.20,1545545,90769,5.9,0,0,0.0,1007,475,50,9.80,2.94,6.35,13.48,2481,6
2026-05-17 21:42:19,1.2,11.11,11.96,12.10,1545545,90730,5.9,0,0,0.0,1007,475,50,6.15,2.89,3.82,10.80,2465,6
2026-05-17 21:43:19,1.1,11.99,12.03,12.11,1545545,90742,5.9,0,0,0.0,1007,475,50,6.90,2.93,6.41,13.83,2453,1
2026-05-17 21:44:19,0.9,11.24,11.85,12.05,1545545,90665,5.9,0,0,0.0,1007,475,50,10.10,2.76,6.15,13.38,2447,1
2026-05-17 21:45:20,1.4,10.82,11.59,11.94,1545545,90721,5.9,0,0,0.0,1007,475,50,8.12,3.00,1.76,8.57,2448,3
2026-05-17 21:46:20,1.3,11.39,11.65,11.94,1545545,90809,5.9,0,0,0.0,1007,475,50,7.96,3.06,2.96,9.98,2449,2
2026-05-17 21:47:20,1.3,12.09,11.73,11.94,1545545,90808,5.9,0,0,0.0,1007,475,50,8.26,2.95,5.87,12.83,2469,4
2026-05-17 21:48:21,1.2,10.97,11.48,11.85,1545545,90788,5.9,0,0,0.0,1007,475,50,10.94,2.76,3.50,10.50,2497,3
2026-05-17 21:49:21,1.2,10.53,11.29,11.76,1545545,90740,5.9,0,0,0.0,1007,475,50,10.30,2.91,3.90,11.00,2489,1
2026-05-17 21:50:21,3.2,11.35,11.44,11.78,1545545,90759,5.9,0,0,0.0,1007,475,50,7.77,3.08,8.79,16.20,2480,11
2026-05-17 21:51:22,1.2,10.73,11.26,11.70,1545545,90712,5.9,0,0,0.0,1007,475,50,11.37,2.80,3.96,11.02,2479,2
2026-05-17 21:52:22,4.1,11.94,11.45,11.73,1545545,90883,5.9,0,0,0.0,1007,475,50,6.23,2.95,2.37,9.29,2470,10
2026-05-17 21:53:22,3.4,12.30,11.55,11.74,1545545,90818,5.9,0,0,0.0,1007,475,50,6.35,2.95,4.57,11.68,2466,3
2026-05-17 21:54:23,1.3,12.77,12.01,11.90,1545545,90734,5.9,0,0,0.0,1007,475,50,8.54,2.86,5.50,12.65,2463,1
2026-05-17 21:55:23,1.9,14.29,12.47,12.06,1545545,90788,5.9,0,0,0.0,1007,475,50,12.85,2.97,6.17,13.14,2468,6
2026-05-17 21:56:23,1.2,11.36,11.97,11.91,1545545,90847,5.9,0,0,0.0,1007,475,50,9.21,2.94,2.19,8.72,2451,6
2026-05-17 21:57:24,4.0,15.96,13.21,12.34,1545545,90744,5.9,0,0,0.0,1007,475,50,9.28,2.57,8.89,16.25,2454,5
2026-05-17 21:58:24,1.3,16.26,13.81,12.60,1545545,90718,5.9,0,0,0.0,1007,475,50,5.35,2.78,9.67,17.30,2453,1
2026-05-17 21:59:24,1.0,14.99,13.82,12.68,1545545,90755,5.9,0,0,0.0,1007,475,50,5.52,2.88,1.72,8.48,2456,5
2026-05-17 22:00:25,3.4,16.39,14.29,12.90,1545545,90765,5.9,0,0,0.0,1007,475,50,6.34,3.12,5.64,12.77,2461,7
2026-05-17 22:01:25,1.1,13.20,13.82,12.83,1545545,90777,5.9,0,0,0.0,1007,475,50,8.00,44.82,4.92,12.18,2476,7
2026-05-17 22:02:25,1.7,12.70,13.55,12.80,1545545,90713,5.9,0,0,0.0,1007,475,50,7.53,2.88,5.35,12.56,2474,4
2026-05-17 22:03:26,3.2,13.26,13.48,12.82,1545545,90710,5.9,0,0,0.0,1007,475,50,9.52,2.90,7.31,14.78,2471,5
2026-05-17 22:04:26,3.5,14.65,13.75,12.95,1545545,90739,5.9,0,0,0.0,1007,475,50,8.61,2.96,6.41,13.83,2474,6
2026-05-17 22:05:26,1.1,13.63,13.54,12.93,1545545,90695,5.9,0,0,0.0,1007,475,50,7.35,3.04,3.01,9.85,2469,4
2026-05-17 22:06:27,1.2,12.44,13.29,12.88,1545545,90680,5.9,0,0,0.0,1007,475,50,6.87,2.82,6.00,13.02,2456,2
2026-05-17 22:07:27,2.2,13.91,13.45,12.95,1545545,90708,5.9,0,0,0.0,1007,475,50,7.69,2.93,8.71,15.26,2463,6
2026-05-17 22:08:27,3.6,16.23,14.08,13.19,1545545,90687,5.9,0,0,0.0,1007,475,50,7.24,3.14,10.09,16.53,2462,5
2026-05-17 22:09:28,2.2,13.24,13.67,13.11,1545545,90771,5.9,0,0,0.0,1007,475,50,7.51,3.14,4.08,11.12,2469,9
2026-05-17 22:10:28,1.6,10.72,12.84,12.86,1545545,90770,5.9,0,0,0.0,1007,475,50,10.44,2.93,1.04,7.75,2466,6
2026-05-17 22:11:28,4.4,12.49,12.94,12.89,1545545,90830,5.9,0,0,0.0,1007,475,50,7.14,2.70,4.07,11.18,2477,10
2026-05-17 22:12:29,2.1,12.86,13.01,12.92,1545545,90831,5.9,0,0,0.0,1007,475,50,7.29,2.88,9.06,16.46,2471,5
2026-05-17 22:13:29,1.2,10.45,12.33,12.70,1545545,90786,5.9,0,0,0.0,1007,475,50,9.69,2.75,0.99,7.75,2473,1
2026-05-17 22:14:29,1.5,12.26,12.43,12.70,1545545,90783,5.9,0,0,0.0,1007,475,50,8.46,2.79,5.75,12.93,2467,1
2026-05-17 22:15:30,3.4,12.66,12.42,12.68,1545545,90822,5.9,0,0,0.0,1007,475,50,6.32,3.06,3.48,10.47,2469,7
2026-05-17 22:16:30,1.7,11.45,12.17,12.58,1545545,90819,5.9,0,0,0.0,1007,475,50,6.06,2.99,3.44,10.62,2473,3
2026-05-17 22:17:30,3.3,11.51,12.05,12.51,1545545,90800,5.9,0,0,0.0,1007,475,50,8.21,2.84,6.28,13.57,2484,8
2026-05-17 22:18:31,3.6,12.30,12.27,12.56,1545545,90799,5.9,0,0,0.0,1007,475,50,9.26,2.99,6.61,13.93,2485,11
2026-05-17 22:19:31,3.1,11.22,11.94,12.43,1545545,90838,5.9,0,0,0.0,1007,475,50,8.96,2.85,3.08,10.02,2498,4
2026-05-17 22:20:31,1.1,11.18,11.88,12.38,1545545,90772,5.9,0,0,0.0,1007,475,50,7.37,3.02,5.60,12.63,2508,2
2026-05-17 22:21:32,1.3,10.66,11.57,12.24,1545545,90794,5.9,0,0,0.0,1007,475,50,11.44,2.96,1.85,8.72,2487,1
2026-05-17 22:22:32,1.4,12.27,11.75,12.25,1545545,90771,5.9,0,0,0.0,1007,475,50,10.63,2.97,4.96,12.21,2491,6
2026-05-17 22:23:32,2.1,9.98,11.22,12.04,1545545,90825,5.9,0,0,0.0,1007,475,50,11.32,3.04,2.23,9.05,2473,6
2026-05-17 22:24:33,2.0,11.73,11.40,12.05,1545545,90826,5.9,0,0,0.0,1007,475,50,14.30,2.77,6.94,13.80,2468,5
2026-05-17 22:25:33,3.2,11.90,11.55,12.06,1545545,90831,5.9,0,0,0.0,1007,475,50,12.28,2.95,5.07,11.55,2469,5
2026-05-17 22:26:33,1.1,11.19,11.47,12.00,1545545,90816,5.9,0,0,0.0,1007,475,50,8.21,3.03,4.76,11.23,2469,2
2026-05-17 22:27:34,1.2,11.78,11.60,12.01,1545545,90872,5.9,0,0,0.0,1007,475,50,12.07,2.93,6.06,13.32,2468,4
2026-05-17 22:28:34,2.4,11.08,11.40,11.91,1545545,90834,5.9,0,0,0.0,1007,475,50,12.16,2.80,5.71,12.39,2476,2
2026-05-17 22:29:34,1.9,12.07,11.62,11.96,1545545,90840,5.9,0,0,0.0,1007,475,50,6.56,2.96,8.70,15.77,2478,2
2026-05-17 22:30:34,3.1,13.09,12.04,12.08,1545545,90841,5.9,0,0,0.0,1007,475,50,8.57,2.98,11.93,19.67,2464,4
2026-05-17 22:31:35,1.4,12.22,12.01,12.07,1545545,90878,5.9,0,0,0.0,1007,475,50,11.35,2.83,6.95,14.35,2464,2
2026-05-17 22:32:35,3.5,15.12,12.60,12.26,1545545,90892,5.9,0,0,0.0,1007,475,50,8.90,2.94,4.38,11.37,2471,6
2026-05-17 22:33:35,1.3,13.71,12.71,12.32,1545545,90744,5.9,0,0,0.0,1007,475,50,10.70,2.89,8.50,16.11,2476,4
2026-05-17 22:34:36,1.4,11.81,12.29,12.19,1545545,90762,5.9,0,0,0.0,1007,475,50,7.67,2.98,3.59,10.57,2485,4
2026-05-17 22:35:36,3.3,12.82,12.42,12.24,1545545,90762,5.9,0,0,0.0,1007,475,50,6.59,3.07,9.59,16.27,2489,6
2026-05-17 22:36:36,3.1,18.70,13.86,12.73,1545545,90807,5.9,0,0,0.0,1007,475,50,6.19,2.61,7.81,15.31,2478,7
2026-05-17 22:37:37,11.8,16.19,14.14,12.90,1545545,90802,5.9,0,0,0.0,1007,475,50,7.62,2.98,7.43,14.90,2468,20
2026-05-17 22:38:37,1.1,14.15,14.01,12.94,1545545,90751,5.9,0,0,0.0,1007,475,50,6.96,3.09,8.32,14.97,2468,4
2026-05-17 22:39:37,2.0,11.36,13.21,12.73,1545545,90784,5.9,0,0,0.0,1007,475,50,6.20,2.77,1.36,8.08,2456,5
2026-05-17 22:40:38,1.2,11.73,12.90,12.65,1545545,90767,5.9,0,0,0.0,1007,475,50,9.03,3.02,3.21,10.18,2454,2
2026-05-17 22:41:38,1.4,12.50,13.13,12.76,1545545,90806,5.9,0,0,0.0,1007,475,50,6.17,3.04,4.73,11.85,2470,3
2026-05-17 22:42:39,3.2,11.56,12.70,12.63,1545545,90838,5.9,0,0,0.0,1007,475,50,5.17,2.87,4.01,10.82,2482,9
2026-05-17 22:43:39,3.3,12.29,12.70,12.63,1545545,90807,5.9,0,0,0.0,1007,475,50,7.53,2.80,9.90,17.06,2473,8
2026-05-17 22:44:39,1.2,12.61,12.68,12.63,1545545,90795,5.9,0,0,0.0,1007,475,50,7.82,2.90,8.08,15.17,2491,1
2026-05-17 22:45:40,1.3,12.07,12.54,12.59,1545545,90796,5.9,0,0,0.0,1007,475,50,7.30,3.04,7.49,14.40,2482,2
2026-05-17 22:46:40,1.8,13.62,12.89,12.70,1545545,90850,5.9,0,0,0.0,1007,475,50,8.84,2.85,7.72,14.46,2477,6
2026-05-17 22:47:40,3.1,12.42,12.54,12.59,1545545,90846,5.9,0,0,0.0,1007,475,50,8.19,2.80,3.73,10.37,2475,6
2026-05-17 22:48:41,1.4,13.89,12.99,12.74,1545545,90812,5.9,0,0,0.0,1007,475,50,9.02,2.85,10.02,16.63,2454,6
2026-05-17 22:49:41,1.2,11.17,12.39,12.55,1545545,90811,5.9,0,0,0.0,1007,475,50,9.64,2.89,2.09,8.93,2444,5
2026-05-17 22:50:41,0.9,10.32,11.96,12.39,1545545,90822,5.9,0,0,0.0,1007,475,50,8.99,2.86,1.01,7.72,2460,1
2026-05-17 22:51:42,1.1,10.70,11.75,12.29,1545545,90848,5.9,0,0,0.0,1007,475,50,7.74,2.91,5.46,12.64,2468,3
2026-05-17 22:52:42,2.2,11.97,12.00,12.35,1545545,90859,5.9,0,0,0.0,1007,475,50,11.68,3.06,3.66,10.70,2468,2
2026-05-17 22:53:42,1.3,10.74,11.66,12.21,1545545,90828,5.9,0,0,0.0,1007,475,50,9.19,2.56,1.36,8.09,2474,2
2026-05-17 22:54:43,3.3,11.12,11.55,12.13,1545545,90856,5.9,0,0,0.0,1007,475,50,5.99,2.82,5.14,12.31,2470,5
2026-05-17 22:55:43,1.3,12.49,11.84,12.19,1545545,90793,5.9,0,0,0.0,1007,475,50,6.80,2.96,6.11,13.11,2461,1
2026-05-17 22:56:43,1.4,13.29,12.09,12.25,1545545,90800,5.9,0,0,0.0,1007,475,50,7.02,2.93,5.77,12.95,2466,4
2026-05-17 22:57:44,1.1,11.78,11.88,12.17,1545545,90754,5.9,0,0,0.0,1007,475,50,4.39,3.04,4.43,11.53,2458,2
2026-05-17 22:58:44,3.2,11.12,11.60,12.05,1545545,90867,5.9,0,0,0.0,1007,475,50,8.65,2.77,4.33,11.16,2469,6
2026-05-17 22:59:44,1.4,12.12,11.76,12.07,1545545,90823,5.9,0,0,0.0,1007,475,50,11.42,2.84,7.05,14.12,2473,1
2026-05-17 23:00:45,1.2,12.81,12.03,12.14,1545545,90832,5.9,0,0,0.0,1007,475,50,13.91,3.18,5.00,12.23,2481,3
2026-05-17 23:01:45,3.8,11.17,11.68,12.01,1545545,90807,5.9,0,0,0.0,1007,475,50,12.14,44.53,1.03,7.77,2456,1
2026-05-17 23:02:45,3.3,11.44,11.52,11.93,1545545,90832,5.9,0,0,0.0,1007,475,50,13.89,2.93,1.87,8.68,2459,9
2026-05-17 23:03:46,3.5,11.94,11.69,11.96,1545545,90787,5.9,0,0,0.0,1007,475,50,9.00,2.51,4.55,11.69,2463,5
2026-05-17 23:04:46,1.2,11.97,11.83,12.00,1545545,90833,5.9,0,0,0.0,1007,475,50,10.96,3.02,6.51,13.93,2455,1
2026-05-17 23:05:46,3.1,12.47,12.04,12.06,1545545,90863,5.9,0,0,0.0,1007,475,50,11.71,2.82,6.65,14.03,2460,5
2026-05-17 23:06:47,1.1,11.61,11.91,12.02,1545545,90856,5.9,0,0,0.0,1007,475,50,7.51,2.91,6.85,14.22,2479,1
2026-05-17 23:07:47,2.2,10.32,11.48,11.86,1545545,90865,5.9,0,0,0.0,1007,475,50,7.60,3.03,1.15,7.99,2465,5
2026-05-17 23:08:47,1.3,10.37,11.29,11.77,1545545,90783,5.9,0,0,0.0,1007,475,50,8.14,3.24,4.62,11.74,2468,2
2026-05-17 23:09:48,3.9,11.57,11.48,11.81,1545545,90687,5.9,0,0,0.0,1007,475,50,8.32,2.83,7.65,14.55,2476,6
2026-05-17 23:10:48,1.3,11.72,11.62,11.84,1545545,90728,5.9,0,0,0.0,1007,475,50,10.21,3.04,4.46,11.59,2455,1
2026-05-17 23:11:48,1.2,10.34,11.25,11.70,1545545,90743,5.9,0,0,0.0,1007,475,50,9.17,2.92,1.07,7.67,2448,1
2026-05-17 23:12:49,1.2,12.69,11.74,11.84,1545545,90787,5.9,0,0,0.0,1007,475,50,9.49,2.84,10.66,17.66,2462,7
2026-05-17 23:13:49,1.1,12.49,11.95,11.91,1545545,90710,5.9,0,0,0.0,1007,475,50,12.28,2.89,3.89,10.98,2459,1
2026-05-17 23:14:49,1.2,12.24,11.94,11.90,1545545,90685,5.9,0,0,0.0,1007,475,50,11.87,2.84,3.52,10.60,2461,5
2026-05-17 23:15:50,1.3,10.71,11.55,11.77,1545545,90633,5.9,0,0,0.0,1007,475,50,9.28,2.94,1.00,7.67,2467,8
2026-05-17 23:16:50,3.0,10.28,11.24,11.65,1545545,90692,5.9,0,0,0.0,1007,475,50,6.82,2.80,3.54,10.60,2473,11
2026-05-17 23:17:50,3.3,13.32,11.96,11.87,1545545,90806,5.9,0,0,0.0,1007,475,50,6.25,3.06,10.37,17.06,2457,5
2026-05-17 23:18:51,3.2,12.56,12.00,11.89,1545545,90771,5.9,0,0,0.0,1007,475,50,7.75,2.99,9.10,16.32,2468,7
2026-05-17 23:19:51,3.2,12.71,12.30,12.01,1545545,90760,5.9,0,0,0.0,1007,475,50,7.33,2.83,6.40,13.78,2465,7
2026-05-17 23:20:51,0.9,11.99,12.20,12.00,1545545,90671,5.9,0,0,0.0,1007,475,50,8.25,2.79,6.43,13.38,2456,6
2026-05-17 23:21:52,3.0,11.69,11.95,11.91,1545545,90732,5.9,0,0,0.0,1007,475,50,5.40,2.65,2.91,9.84,2442,4
2026-05-17 23:22:52,1.4,11.58,11.87,11.89,1545545,90815,5.9,0,0,0.0,1007,475,50,8.55,3.08,2.82,9.78,2468,1
2026-05-17 23:23:52,1.3,10.86,11.67,11.82,1545545,90789,5.9,0,0,0.0,1007,475,50,7.50,2.84,3.57,10.60,2470,2
2026-05-17 23:24:53,1.1,10.20,11.33,11.69,1545545,90761,5.9,0,0,0.0,1007,475,50,6.63,2.91,2.83,9.70,2469,5
2026-05-17 23:25:53,1.4,10.50,11.19,11.62,1545545,90773,5.9,0,0,0.0,1007,475,50,9.23,3.04,3.19,10.19,2482,1
2026-05-17 23:26:53,2.9,10.82,11.26,11.62,1545545,90807,5.9,0,0,0.0,1007,475,50,10.28,2.87,5.16,11.99,2483,5
2026-05-17 23:27:54,3.2,14.68,12.21,11.93,1545545,90777,5.9,0,0,0.0,1007,475,50,9.96,2.86,9.72,16.19,2470,3
2026-05-17 23:28:54,3.1,12.02,11.93,11.85,1545545,90817,5.9,0,0,0.0,1007,475,50,10.61,2.88,2.39,9.15,2470,4
2026-05-17 23:29:54,1.5,12.17,11.97,11.86,1545545,90796,5.9,0,0,0.0,1007,475,50,8.45,2.94,6.34,13.70,2468,3
2026-05-17 23:30:55,1.3,10.57,11.58,11.74,1545545,90809,5.9,0,0,0.0,1007,475,50,6.84,2.77,1.03,7.66,2464,3
2026-05-17 23:31:55,1.1,11.03,11.49,11.69,1545545,90860,5.9,0,0,0.0,1007,475,50,13.05,2.86,3.18,10.22,2476,4
2026-05-17 23:32:55,1.3,11.88,11.62,11.72,1545545,90873,5.9,0,0,0.0,1007,475,50,11.85,3.04,4.32,11.31,2470,3
2026-05-17 23:33:56,3.4,11.36,11.45,11.65,1545545,90867,5.9,0,0,0.0,1007,475,50,7.32,2.88,5.96,12.84,2475,10
2026-05-17 23:34:56,1.2,10.72,11.25,11.57,1545545,90873,5.9,0,0,0.0,1007,475,50,10.89,3.05,2.18,9.09,2473,3
2026-05-17 23:35:56,3.2,11.01,11.23,11.54,1545545,90885,5.9,0,0,0.0,1007,475,50,11.09,2.83,7.76,15.07,2463,4
2026-05-17 23:36:57,3.4,14.58,12.14,11.83,1545545,90898,5.9,0,0,0.0,1007,475,50,6.19,2.93,11.92,19.57,2458,5
2026-05-17 23:37:57,3.2,14.84,12.61,12.01,1545545,90894,5.9,0,0,0.0,1007,475,50,11.40,3.11,7.04,14.52,2468,10
2026-05-17 23:38:57,3.4,15.36,13.02,12.18,1545545,90801,5.9,0,0,0.0,1007,475,50,7.10,2.80,6.69,14.12,2458,4
2026-05-17 23:39:58,3.5,18.03,14.29,12.68,1545545,90857,5.9,0,0,0.0,1007,475,50,11.19,3.08,5.83,12.93,2470,4
2026-05-17 23:40:58,1.1,17.56,15.09,13.07,1545545,90883,5.9,0,0,0.0,1007,475,50,7.83,2.89,8.49,15.35,2465,7
2026-05-17 23:41:58,1.7,15.33,14.77,13.07,1545545,90862,5.9,0,0,0.0,1007,475,50,7.55,2.91,2.56,9.30,2462,7
2026-05-17 23:42:59,3.7,16.11,15.06,13.28,1545545,90887,5.9,0,0,0.0,1007,475,50,7.39,2.78,8.47,16.03,2472,7
2026-05-17 23:43:59,1.2,13.12,14.53,13.21,1545545,90814,5.9,0,0,0.0,1007,475,50,7.69,3.04,4.53,11.76,2481,2
2026-05-17 23:44:59,1.0,12.48,14.05,13.13,1545545,90791,5.9,0,0,0.0,1007,475,50,8.25,2.83,3.52,10.51,2482,2
2026-05-17 23:46:00,1.5,14.97,14.48,13.33,1545545,90752,5.9,0,0,0.0,1007,475,50,5.81,2.91,8.82,15.41,2485,2
2026-05-17 23:47:00,1.6,15.12,14.68,13.48,1545545,90734,5.9,0,0,0.0,1007,475,50,7.40,3.02,5.25,12.03,2475,1
2026-05-17 23:48:00,0.9,13.36,14.40,13.46,1545545,90737,5.9,0,0,0.0,1007,475,50,5.78,3.08,2.52,9.27,2454,2
2026-05-17 23:49:01,3.2,14.48,14.33,13.48,1545545,90736,5.9,0,0,0.0,1007,475,50,4.32,2.89,5.12,12.17,2461,5
2026-05-17 23:50:01,1.2,14.30,14.37,13.56,1545545,90749,5.9,0,0,0.0,1007,475,50,6.28,2.50,4.02,11.04,2457,1
2026-05-17 23:51:01,3.1,11.43,13.51,13.30,1545545,90781,5.9,0,0,0.0,1007,475,50,7.10,2.98,2.57,9.44,2450,5
2026-05-17 23:52:02,1.0,10.73,13.00,13.14,1545545,90739,5.9,0,0,0.0,1007,475,50,6.23,2.90,3.38,10.34,2452,5
2026-05-17 23:53:02,1.8,10.44,12.57,12.99,1545545,90798,5.9,0,0,0.0,1007,475,50,7.68,2.98,5.15,12.13,2467,5
2026-05-17 23:54:02,3.4,11.19,12.36,12.89,1545545,90798,5.9,0,0,0.0,1007,475,50,9.96,2.92,3.22,10.20,2464,6
2026-05-17 23:55:03,2.1,16.29,13.44,13.21,1545545,90803,5.9,0,0,0.0,1007,475,50,8.87,2.97,9.79,16.53,2457,2
2026-05-17 23:56:03,3.2,16.64,14.02,13.42,1545545,90830,5.9,0,0,0.0,1007,475,50,8.95,2.93,12.19,18.92,2476,4
2026-05-17 23:57:03,1.1,12.62,13.46,13.28,1545545,90832,5.9,0,0,0.0,1007,475,50,10.45,2.88,2.41,9.08,2472,1
2026-05-17 23:58:04,2.9,12.16,13.07,13.14,1545545,90851,5.9,0,0,0.0,1007,475,50,6.58,2.96,1.70,8.49,2462,14
2026-05-17 23:59:04,1.7,12.67,13.00,13.11,1545545,90782,5.9,0,0,0.0,1007,475,50,16.34,2.93,9.22,16.17,2451,2
2026-05-18 00:00:04,3.2,12.80,12.96,13.09,1545545,90824,5.9,0,0,0.0,1007,475,50,12.05,2.94,9.27,15.64,2478,5
2026-05-18 00:01:05,1.4,13.32,13.07,13.12,1545545,90766,5.9,0,0,0.0,1007,475,50,9.56,47.01,8.22,15.90,2468,2
2026-05-18 00:02:05,1.3,18.65,14.05,13.42,1545545,90728,5.9,0,0,0.0,1007,475,50,8.89,2.80,0.99,7.76,2465,6
2026-05-18 00:03:05,1.3,13.55,13.43,13.24,1545545,90806,5.9,0,0,0.0,1007,475,50,10.10,2.86,2.47,9.33,2458,8
2026-05-18 00:04:06,1.2,12.40,13.12,13.15,1545545,90803,5.9,0,0,0.0,1007,475,50,8.21,2.91,4.77,11.89,2469,6
2026-05-18 00:05:06,1.5,13.58,13.28,13.20,1545545,90814,5.9,0,0,0.0,1007,475,50,10.79,3.10,5.32,12.62,2443,2
2026-05-18 00:06:06,1.2,11.90,12.93,13.09,1545545,90841,5.9,0,0,0.0,1007,475,50,8.21,2.92,6.01,13.33,2444,2
2026-05-18 00:07:07,1.3,16.21,13.70,13.32,1545545,90856,5.9,0,0,0.0,1007,475,50,7.46,2.93,6.74,14.15,2462,2
2026-05-18 00:08:07,1.3,12.45,13.10,13.14,1545545,90874,5.9,0,0,0.0,1007,475,50,8.18,2.76,1.02,7.75,2471,2
2026-05-18 00:09:07,2.7,11.75,12.70,13.00,1545545,90873,5.9,0,0,0.0,1007,475,50,8.47,3.44,5.20,11.99,2462,2
2026-05-18 00:10:08,1.5,10.88,12.32,12.85,1545545,90857,5.9,0,0,0.0,1007,475,50,8.74,3.05,2.41,8.98,2471,6
2026-05-18 00:11:08,1.2,10.78,12.01,12.70,1545545,90877,5.9,0,0,0.0,1007,475,50,10.95,2.86,2.79,9.77,2473,1
2026-05-18 00:12:08,1.0,10.30,11.66,12.54,1545545,90895,5.9,0,0,0.0,1007,475,50,7.17,2.97,1.43,8.09,2465,8
2026-05-18 00:13:09,2.0,11.00,11.60,12.46,1545545,90922,5.9,0,0,0.0,1007,475,50,9.98,2.81,4.43,11.02,2459,2
2026-05-18 00:14:09,3.0,11.08,11.51,12.37,1545545,90890,5.9,0,0,0.0,1007,475,50,10.34,2.97,6.37,13.17,2464,7
2026-05-18 00:15:09,1.7,13.11,11.99,12.48,1545545,90865,5.9,0,0,0.0,1007,475,50,7.67,3.09,9.83,15.85,2471,3
2026-05-18 00:16:10,3.5,15.88,12.95,12.78,1545545,90921,5.9,0,0,0.0,1007,475,50,6.40,2.79,11.55,18.77,2474,9
2026-05-18 00:17:10,3.1,13.78,12.84,12.74,1545545,90922,5.9,0,0,0.0,1007,475,50,10.27,2.59,9.28,16.99,2475,9
2026-05-18 00:18:10,0.9,12.33,12.57,12.66,1545545,90911,5.9,0,0,0.0,1007,475,50,7.63,2.87,3.77,10.57,2459,2
2026-05-18 00:19:11,1.2,11.92,12.36,12.57,1545545,90867,5.9,0,0,0.0,1007,475,50,7.99,3.02,3.33,10.20,2470,3
2026-05-18 00:20:11,3.2,13.89,12.87,12.74,1545545,90895,5.9,0,0,0.0,1007,475,50,8.42,2.94,10.14,17.83,2462,6
2026-05-18 00:21:11,1.3,12.35,12.64,12.67,1545545,90895,5.9,0,0,0.0,1007,475,50,9.92,2.93,3.91,10.94,2448,2
2026-05-18 00:22:12,7.6,15.00,13.63,13.02,1545545,90913,5.9,0,0,0.0,1007,475,50,9.39,2.89,10.76,17.36,2462,29
2026-05-18 00:23:12,1.3,14.24,13.63,13.06,1545545,90740,5.9,0,0,0.0,1007,475,50,8.49,2.95,11.05,17.85,2479,5
2026-05-18 00:24:12,3.2,12.78,13.28,12.97,1545545,90766,5.9,0,0,0.0,1007,475,50,10.68,2.97,2.94,9.83,2474,6
2026-05-18 00:25:13,1.1,13.19,13.39,13.03,1545545,90751,5.9,0,0,0.0,1007,475,50,7.65,3.10,8.04,14.70,2464,1
2026-05-18 00:26:13,1.3,11.90,13.05,12.94,1545545,90779,5.9,0,0,0.0,1007,475,50,5.36,2.99,3.93,10.99,2472,1
2026-05-18 00:27:13,3.4,11.28,12.65,12.80,1545545,90817,5.9,0,0,0.0,1007,475,50,7.70,2.84,5.53,12.70,2473,7
2026-05-18 00:28:14,3.1,10.86,12.34,12.69,1545545,90828,5.9,0,0,0.0,1007,475,50,7.28,2.97,5.65,12.68,2468,2
2026-05-18 00:29:14,1.3,10.79,12.04,12.56,1545545,90781,5.9,0,0,0.0,1007,475,50,7.90,2.99,3.27,10.20,2474,4
2026-05-18 00:30:14,1.1,12.66,12.39,12.65,1545545,90794,5.9,0,0,0.0,1007,475,50,7.55,3.18,7.70,15.08,2482,1
2026-05-18 00:31:15,1.0,12.27,12.27,12.59,1545545,90839,5.9,0,0,0.0,1007,475,50,6.46,2.80,5.70,13.02,2480,1
2026-05-18 00:32:15,2.9,13.91,12.75,12.73,1545545,90825,5.9,0,0,0.0,1007,475,50,10.26,2.85,10.42,17.39,2472,7
2026-05-18 00:33:15,1.1,11.40,12.26,12.56,1545545,90833,5.9,0,0,0.0,1007,475,50,7.50,2.96,3.36,10.25,2474,6
2026-05-18 00:34:16,1.4,12.52,12.54,12.65,1545545,90808,5.9,0,0,0.0,1007,475,50,8.61,3.00,4.27,11.35,2469,2
2026-05-18 00:35:16,1.3,10.34,11.90,12.42,1545545,90799,5.9,0,0,0.0,1007,475,50,10.57,3.07,1.12,7.98,2472,2
2026-05-18 00:36:16,0.9,9.56,11.41,12.22,1545545,90830,5.9,0,0,0.0,1007,475,50,10.46,2.57,1.35,8.08,2463,1
2026-05-18 00:37:17,1.3,12.22,11.92,12.35,1545545,90846,5.9,0,0,0.0,1007,475,50,5.75,3.02,9.06,15.86,2468,4
2026-05-18 00:38:17,10.6,11.87,11.91,12.32,1545545,90815,5.9,0,0,0.0,1007,475,50,8.74,2.86,4.68,11.85,2466,5
2026-05-18 00:39:17,1.2,12.78,12.30,12.44,1545545,90832,5.9,0,0,0.0,1007,475,50,10.22,3.13,6.52,13.64,2467,2
2026-05-18 00:40:18,1.7,12.42,12.36,12.45,1545545,90824,5.9,0,0,0.0,1007,475,50,5.89,3.19,2.57,9.50,2463,1
2026-05-18 00:41:18,2.9,12.63,12.38,12.45,1545545,90864,5.9,0,0,0.0,1007,475,50,7.96,2.91,10.24,17.17,2478,6
2026-05-18 00:42:18,1.2,11.55,12.20,12.39,1545545,90846,5.9,0,0,0.0,1007,475,50,7.80,2.80,8.27,14.45,2482,6
2026-05-18 00:43:19,1.3,10.51,11.81,12.24,1545545,90735,5.9,0,0,0.0,1007,475,50,8.10,2.92,1.01,7.69,2477,5
2026-05-18 00:44:19,1.1,10.46,11.59,12.14,1545545,90805,5.9,0,0,0.0,1007,475,50,8.26,2.95,4.38,11.45,2492,3
2026-05-18 00:45:19,1.0,9.74,11.17,11.96,1545545,90837,5.9,0,0,0.0,1007,475,50,7.85,2.95,1.48,8.29,2484,5
2026-05-18 00:46:20,1.3,10.40,11.10,11.88,1545545,90880,5.9,0,0,0.0,1007,475,50,7.41,2.96,3.88,11.00,2482,5
2026-05-18 00:47:20,1.0,11.27,11.27,11.89,1545545,90881,5.9,0,0,0.0,1007,475,50,10.10,2.92,8.23,15.22,2478,1
2026-05-18 00:48:20,1.0,9.96,10.91,11.73,1545545,90897,5.9,0,0,0.0,1007,475,50,6.60,3.02,0.99,7.67,2492,3
2026-05-18 00:49:21,1.1,13.20,11.68,11.94,1545545,90867,5.9,0,0,0.0,1007,475,50,10.34,2.76,2.87,9.73,2478,3
2026-05-18 00:50:21,1.4,11.49,11.44,11.84,1545545,90867,5.9,0,0,0.0,1007,475,50,9.09,3.06,5.95,12.46,2486,4
2026-05-18 00:51:21,1.3,10.28,11.12,11.70,1545545,90886,5.9,0,0,0.0,1007,475,50,9.73,2.93,0.99,7.67,2477,3
2026-05-18 00:52:22,1.2,10.29,11.01,11.63,1545545,90889,5.9,0,0,0.0,1007,475,50,11.23,2.93,1.00,7.70,2478,5
2026-05-18 00:53:22,1.2,10.20,10.84,11.53,1545545,90907,5.9,0,0,0.0,1007,475,50,8.93,2.94,0.97,7.76,2466,1
2026-05-18 00:54:22,3.3,9.17,10.44,11.35,1545545,90886,5.9,0,0,0.0,1007,475,50,11.84,2.87,1.50,8.22,2474,4
2026-05-18 00:55:23,1.2,10.73,10.71,11.39,1545545,90874,5.9,0,0,0.0,1007,475,50,12.76,2.83,5.41,12.59,2471,2
2026-05-18 00:56:23,1.1,10.54,10.68,11.34,1545545,90921,5.9,0,0,0.0,1007,475,50,7.46,2.86,5.01,12.21,2481,5
2026-05-18 00:57:23,1.1,10.78,10.72,11.31,1545545,90925,5.9,0,0,0.0,1007,475,50,9.05,2.96,2.10,8.88,2476,4
2026-05-18 00:58:24,2.8,11.61,10.97,11.36,1545545,90928,5.9,0,0,0.0,1007,475,50,7.52,3.04,6.13,13.46,2474,5
2026-05-18 00:59:24,1.0,10.44,10.80,11.28,1545545,90903,5.9,0,0,0.0,1007,475,50,8.61,2.86,2.37,9.25,2476,2
2026-05-18 01:00:24,1.1,12.59,11.33,11.43,1545545,90777,5.9,0,0,0.0,1007,475,50,11.45,3.03,8.88,16.29,2476,5
2026-05-18 01:01:25,4.5,10.89,11.10,11.34,1545545,90833,5.9,0,0,0.0,1007,475,50,10.87,44.77,2.67,9.60,2461,3
2026-05-18 01:02:25,3.1,13.18,11.69,11.53,1545545,90829,5.9,0,0,0.0,1007,475,50,5.57,3.02,12.48,19.82,2461,22
2026-05-18 01:03:25,3.1,11.70,11.56,11.50,1545545,90828,5.9,0,0,0.0,1007,475,50,7.34,2.91,4.24,11.29,2475,6
2026-05-18 01:04:26,3.5,13.40,12.03,11.66,1545545,90815,5.9,0,0,0.0,1007,475,50,8.38,2.84,8.38,15.81,2473,8
2026-05-18 01:05:26,1.6,12.12,11.97,11.67,1545545,90822,5.9,0,0,0.0,1007,475,50,5.80,3.09,7.77,14.77,2461,3
2026-05-18 01:06:26,1.8,11.70,11.87,11.65,1545545,90822,5.9,0,0,0.0,1007,475,50,10.14,2.93,8.23,15.16,2467,3
2026-05-18 01:07:27,3.2,13.71,12.34,11.82,1545545,90849,5.9,0,0,0.0,1007,475,50,7.01,2.84,5.86,13.07,2468,11
2026-05-18 01:08:27,11.0,11.99,12.14,11.79,1545545,90664,5.9,0,0,0.0,1007,475,50,6.02,3.04,5.96,12.92,2466,6
2026-05-18 01:09:27,1.5,10.90,11.82,11.70,1545545,90780,5.9,0,0,0.0,1007,475,50,8.09,3.20,4.65,11.69,2479,3
2026-05-18 01:10:28,2.3,10.08,11.42,11.57,1545545,90783,5.9,0,0,0.0,1007,475,50,6.44,3.18,1.14,7.96,2485,3
2026-05-18 01:11:28,2.4,10.19,11.20,11.48,1545545,90803,5.9,0,0,0.0,1007,475,50,9.37,2.84,1.43,8.18,2470,6
2026-05-18 01:12:28,4.2,10.34,11.08,11.42,1545545,90812,5.9,0,0,0.0,1007,475,50,9.53,2.89,4.28,11.24,2476,7
2026-05-18 01:13:29,1.4,11.78,11.43,11.53,1545545,90780,5.9,0,0,0.0,1007,475,50,8.91,2.51,9.04,16.64,2476,4
2026-05-18 01:14:29,1.4,11.88,11.54,11.56,1545545,90739,5.9,0,0,0.0,1007,475,50,7.28,2.90,5.34,12.62,2477,5
2026-05-18 01:15:29,1.6,10.84,11.28,11.46,1545545,90752,5.9,0,0,0.0,1007,475,50,8.07,2.91,2.16,9.07,2479,6
2026-05-18 01:16:30,1.6,11.04,11.31,11.46,1545545,90838,5.9,0,0,0.0,1007,475,50,10.25,3.07,3.97,11.18,2479,3
2026-05-18 01:17:30,1.1,10.77,11.23,11.43,1545545,90829,5.9,0,0,0.0,1007,475,50,12.34,3.05,1.02,7.79,2481,2
2026-05-18 01:18:30,3.3,12.02,11.54,11.53,1545545,90845,5.9,0,0,0.0,1007,475,50,9.72,2.79,8.69,15.46,2479,24
2026-05-18 01:19:31,1.2,11.09,11.39,11.48,1545545,90769,5.9,0,0,0.0,1007,475,50,14.27,2.91,5.06,11.48,2487,5
2026-05-18 01:20:31,1.2,11.59,11.51,11.51,1545545,90775,5.9,0,0,0.0,1007,475,50,11.48,3.12,4.69,11.96,2487,3
2026-05-18 01:21:31,1.3,10.43,11.17,11.40,1545545,90839,5.9,0,0,0.0,1007,475,50,8.58,2.93,3.21,10.23,2494,5
2026-05-18 01:22:32,1.2,11.18,11.17,11.37,1545545,90893,5.9,0,0,0.0,1007,475,50,13.32,2.80,1.72,8.50,2480,6
2026-05-18 01:23:32,1.6,12.07,11.50,11.48,1545545,90860,5.9,0,0,0.0,1007,475,50,10.26,3.12,2.94,9.76,2468,2
2026-05-18 01:24:32,3.1,17.49,13.10,12.02,1545545,90863,5.9,0,0,0.0,1007,475,50,8.20,2.83,5.62,12.54,2455,4
2026-05-18 01:25:33,3.5,16.70,13.59,12.25,1545545,90880,5.9,0,0,0.0,1007,475,50,10.88,3.21,9.11,15.76,2463,6
2026-05-18 01:26:33,1.3,18.56,14.81,12.76,1545545,90844,5.9,0,0,0.0,1007,475,50,8.25,2.51,7.59,15.11,2465,2
2026-05-18 01:27:33,1.1,14.94,14.53,12.80,1545545,90782,5.9,0,0,0.0,1007,475,50,7.52,3.00,4.59,11.68,2470,2
2026-05-18 01:28:34,3.1,19.35,15.97,13.41,1545545,90904,5.9,0,0,0.0,1007,475,50,11.79,2.98,9.88,16.90,2476,5
2026-05-18 01:29:34,1.0,19.26,16.87,13.90,1545545,90861,5.9,0,0,0.0,1007,475,50,3.70,2.98,9.48,17.29,2475,5
2026-05-18 01:30:34,1.2,19.32,17.30,14.23,1545545,90874,5.9,0,0,0.0,1007,475,50,7.05,3.12,8.12,15.49,2471,2
2026-05-18 01:31:35,1.3,15.02,16.52,14.16,1545545,90883,5.9,0,0,0.0,1007,475,50,12.54,2.93,3.23,10.20,2459,2
2026-05-18 01:32:35,3.5,13.60,15.85,14.08,1545545,90915,5.9,0,0,0.0,1007,475,50,7.23,2.94,4.77,11.99,2465,8
2026-05-18 01:33:35,1.4,13.26,15.45,14.06,1545545,90801,5.9,0,0,0.0,1007,475,50,12.41,2.86,6.29,13.56,2466,2
2026-05-18 01:34:36,1.1,13.30,15.08,14.01,1545545,90805,5.9,0,0,0.0,1007,475,50,13.92,2.96,8.37,15.02,2461,2
2026-05-18 01:35:36,3.3,12.92,14.69,13.95,1545545,90897,5.9,0,0,0.0,1007,475,50,8.82,3.09,8.46,14.91,2463,3
2026-05-18 01:36:36,2.2,11.98,14.07,13.78,1545545,90795,5.9,0,0,0.0,1007,475,50,13.67,2.82,8.68,15.88,2461,3
2026-05-18 01:37:37,1.2,13.69,14.15,13.82,1545545,90790,5.9,0,0,0.0,1007,475,50,10.74,3.02,5.37,12.46,2471,7
2026-05-18 01:38:37,9.7,14.40,14.16,13.84,1545545,90791,5.9,0,0,0.0,1007,475,50,7.82,3.11,8.94,16.51,2476,24
2026-05-18 01:39:37,1.0,16.58,15.25,14.26,1545545,90734,5.9,0,0,0.0,1007,475,50,10.20,2.84,6.98,14.15,2469,1
2026-05-18 01:40:38,3.2,12.72,14.36,14.01,1545545,90743,5.9,0,0,0.0,1007,475,50,9.74,3.20,4.17,11.13,2478,3
2026-05-18 01:41:38,1.2,11.56,13.70,13.81,1545545,90805,5.9,0,0,0.0,1007,475,50,9.35,2.84,9.46,15.64,2493,2
2026-05-18 01:42:38,2.9,12.72,13.60,13.76,1545545,90811,5.9,0,0,0.0,1007,475,50,8.74,2.91,8.65,16.02,2474,17
2026-05-18 01:43:39,1.5,13.15,13.68,13.78,1545545,90808,5.9,0,0,0.0,1007,475,50,7.25,2.89,7.79,14.17,2463,3
2026-05-18 01:44:39,3.0,15.59,14.27,13.98,1545545,90808,5.9,0,0,0.0,1007,475,50,7.19,2.94,6.20,13.34,2487,5
2026-05-18 01:45:39,1.1,12.13,13.53,13.74,1545545,90765,5.9,0,0,0.0,1007,475,50,11.36,2.93,3.29,10.24,2493,5
2026-05-18 01:46:40,1.8,13.57,13.61,13.75,1545545,90708,5.9,0,0,0.0,1007,475,50,7.43,3.11,9.30,16.61,2483,4
2026-05-18 01:47:40,3.2,11.81,13.04,13.54,1545545,90846,5.9,0,0,0.0,1007,475,50,8.12,3.00,2.95,9.93,2498,9
2026-05-18 01:48:40,3.7,12.02,12.79,13.42,1545545,90835,5.9,0,0,0.0,1007,475,50,8.48,2.79,6.16,13.54,2504,6
2026-05-18 01:49:41,1.4,12.69,12.81,13.38,1545545,90813,5.9,0,0,0.0,1007,475,50,9.05,2.86,7.14,14.01,2478,11
2026-05-18 01:50:41,1.4,12.14,12.62,13.28,1545545,90807,5.9,0,0,0.0,1007,475,50,14.14,2.75,6.37,13.34,2478,1
2026-05-18 01:51:41,1.6,11.93,12.43,13.17,1545545,90840,5.9,0,0,0.0,1007,475,50,8.00,2.98,7.13,13.77,2491,8
2026-05-18 01:52:42,1.1,11.83,12.34,13.09,1545545,90857,5.9,0,0,0.0,1007,475,50,11.20,2.84,5.66,12.77,2489,1
2026-05-18 01:53:42,9.4,12.35,12.40,13.06,1545545,90840,5.9,0,0,0.0,1007,475,50,12.99,2.97,2.84,9.85,2481,9
2026-05-18 01:54:42,1.0,11.40,12.20,12.96,1545545,90844,5.9,0,0,0.0,1007,475,50,6.58,2.84,4.09,10.73,2481,3
2026-05-18 01:55:43,3.0,10.95,11.88,12.80,1545545,90838,5.9,0,0,0.0,1007,475,50,11.67,2.91,3.24,10.17,2471,5
2026-05-18 01:56:43,3.8,11.91,12.12,12.83,1545545,90889,5.9,0,0,0.0,1007,475,50,9.54,3.04,6.04,13.27,2461,10
2026-05-18 01:57:43,3.3,13.15,12.42,12.89,1545545,90903,5.9,0,0,0.0,1007,475,50,8.36,2.93,12.42,19.53,2475,4
2026-05-18 01:58:44,1.4,11.79,12.12,12.75,1545545,90890,5.9,0,0,0.0,1007,475,50,11.12,3.57,3.05,9.85,2471,3
2026-05-18 01:59:44,3.0,11.46,11.91,12.63,1545545,90909,5.9,0,0,0.0,1007,475,50,9.05,2.83,3.91,11.09,2480,4
2026-05-18 02:00:44,1.6,11.09,11.79,12.55,1545545,90890,5.9,0,0,0.0,1007,475,50,6.94,3.04,7.51,14.32,2483,1
2026-05-18 02:01:45,1.2,11.66,11.86,12.53,1545545,90916,5.9,0,0,0.0,1007,475,50,9.69,44.91,6.88,14.35,2482,1
2026-05-18 02:02:45,1.2,10.71,11.52,12.36,1545545,90930,5.9,0,0,0.0,1007,475,50,12.67,2.96,1.06,7.79,2459,2
2026-05-18 02:03:45,1.7,11.36,11.64,12.36,1545545,90904,5.9,0,0,0.0,1007,475,50,8.80,2.75,4.60,11.68,2472,8
2026-05-18 02:04:46,1.4,10.94,11.45,12.24,1545545,90899,5.9,0,0,0.0,1007,475,50,10.28,2.96,1.72,8.50,2460,5
2026-05-18 02:05:46,3.3,13.66,12.13,12.43,1545545,90928,5.9,0,0,0.0,1007,475,50,6.02,2.96,8.07,14.90,2467,5
2026-05-18 02:06:46,1.1,12.34,12.04,12.38,1545545,90886,5.9,0,0,0.0,1007,475,50,9.27,2.92,3.31,10.15,2475,1
2026-05-18 02:07:47,0.9,10.43,11.55,12.19,1545545,90885,5.9,0,0,0.0,1007,475,50,12.95,2.93,2.10,8.95,2477,3
2026-05-18 02:08:47,1.3,11.80,11.69,12.19,1545545,90902,5.9,0,0,0.0,1007,475,50,8.35,3.16,7.13,14.62,2481,3
2026-05-18 02:09:47,3.2,12.03,11.69,12.15,1545545,90918,5.9,0,0,0.0,1007,475,50,8.95,2.77,5.23,12.23,2483,4
2026-05-18 02:10:48,4.2,11.96,11.76,12.15,1545545,90916,5.9,0,0,0.0,1007,475,50,11.75,3.00,7.57,14.43,2472,13
2026-05-18 02:11:48,1.2,11.77,11.82,12.15,1545545,90886,5.9,0,0,0.0,1007,475,50,10.74,2.98,4.88,11.56,2468,3
2026-05-18 02:12:48,2.9,10.97,11.54,12.03,1545545,90843,5.9,0,0,0.0,1007,475,50,11.53,3.09,2.26,9.11,2469,13
2026-05-18 02:13:49,1.8,11.20,11.52,11.99,1545545,90783,5.9,0,0,0.0,1007,475,50,9.52,2.80,4.46,11.56,2476,4
2026-05-18 02:14:49,3.2,11.97,11.55,11.96,1545545,90820,5.9,0,0,0.0,1007,475,50,7.80,2.84,4.72,11.96,2479,6
2026-05-18 02:15:49,1.1,10.98,11.29,11.85,1545545,90814,5.9,0,0,0.0,1007,475,50,6.48,3.02,2.68,9.62,2478,1
2026-05-18 02:16:50,1.3,10.03,10.95,11.69,1545545,90824,5.9,0,0,0.0,1007,475,50,7.30,2.97,1.12,7.88,2479,3
2026-05-18 02:17:50,1.1,10.25,10.89,11.63,1545545,90801,5.9,0,0,0.0,1007,475,50,9.05,2.99,5.34,12.60,2475,2
2026-05-18 02:18:50,1.0,9.95,10.70,11.52,1545545,90800,5.9,0,0,0.0,1007,475,50,8.13,2.84,3.17,10.10,2462,5
2026-05-18 02:19:51,3.5,11.26,10.84,11.51,1545545,90808,5.9,0,0,0.0,1007,475,50,7.00,2.92,6.82,13.76,2469,5
2026-05-18 02:20:51,1.4,12.76,11.30,11.62,1545545,90808,5.9,0,0,0.0,1007,475,50,14.08,2.94,4.94,12.00,2471,2
2026-05-18 02:21:51,1.0,11.32,11.14,11.55,1545545,90834,5.9,0,0,0.0,1007,475,50,11.79,2.94,1.47,8.28,2459,3
2026-05-18 02:22:52,4.5,11.07,11.05,11.49,1545545,90851,5.9,0,0,0.0,1007,475,50,9.96,2.89,3.75,10.74,2470,24
2026-05-18 02:23:52,1.5,12.96,11.79,11.72,1545545,90677,5.9,0,0,0.0,1007,475,50,10.28,2.92,7.51,14.67,2469,8
2026-05-18 02:24:52,1.0,12.32,11.86,11.75,1545545,90806,5.9,0,0,0.0,1007,475,50,9.38,2.93,3.18,10.11,2464,1
2026-05-18 02:25:53,0.9,15.48,13.04,12.18,1545545,90797,5.9,0,0,0.0,1007,475,50,9.55,2.93,1.00,7.68,2472,5
2026-05-18 02:26:53,3.1,12.88,12.64,12.09,1545545,90826,5.9,0,0,0.0,1007,475,50,9.86,2.95,4.63,11.74,2467,9
2026-05-18 02:27:53,1.9,11.10,12.27,12.00,1545545,90874,5.9,0,0,0.0,1007,475,50,5.64,2.65,3.64,10.68,2463,7
2026-05-18 02:28:54,4.5,11.36,12.12,11.97,1545545,90855,5.9,0,0,0.0,1007,475,50,9.47,2.83,7.74,15.14,2461,5
2026-05-18 02:29:54,1.2,10.93,11.89,11.90,1545545,90837,5.9,0,0,0.0,1007,475,50,9.38,3.09,3.90,10.81,2464,1
2026-05-18 02:30:54,1.7,10.90,11.70,11.83,1545545,90869,5.9,0,0,0.0,1007,475,50,4.76,2.92,4.63,11.70,2454,3
2026-05-18 02:31:55,1.1,13.31,12.17,11.98,1545545,90859,5.9,0,0,0.0,1007,475,50,12.60,2.86,7.08,13.58,2470,4
2026-05-18 02:32:55,1.2,11.41,11.86,11.89,1545545,90878,5.9,0,0,0.0,1007,475,50,6.12,2.77,6.53,13.32,2475,3
2026-05-18 02:33:55,3.3,15.12,12.76,12.19,1545545,90873,5.9,0,0,0.0,1007,475,50,6.36,2.90,8.64,15.84,2480,7
2026-05-18 02:34:56,1.2,12.15,12.38,12.10,1545545,90876,5.9,0,0,0.0,1007,475,50,10.57,3.16,6.21,13.45,2470,1
2026-05-18 02:35:56,1.2,11.24,12.14,12.03,1545545,90891,5.9,0,0,0.0,1007,475,50,14.99,2.88,3.91,11.00,2483,3
2026-05-18 02:36:56,3.4,13.11,12.50,12.16,1545545,90934,5.9,0,0,0.0,1007,475,50,8.16,2.84,9.88,16.59,2469,22
2026-05-18 02:37:57,7.5,11.22,12.10,12.04,1545545,90910,5.9,0,0,0.0,1007,475,50,10.23,3.09,1.53,8.36,2480,20
2026-05-18 02:38:57,1.2,10.34,11.69,11.91,1545545,90890,5.9,0,0,0.0,1007,475,50,6.59,3.10,3.52,10.55,2472,5
2026-05-18 02:39:57,3.0,10.38,11.46,11.81,1545545,90919,5.9,0,0,0.0,1007,475,50,7.30,2.92,3.45,10.48,2467,7
2026-05-18 02:40:58,3.5,12.25,11.85,11.93,1545545,90912,5.9,0,0,0.0,1007,475,50,11.72,3.00,10.75,18.33,2468,4
2026-05-18 02:41:58,3.1,15.19,12.65,12.19,1545545,90813,5.9,0,0,0.0,1007,475,50,6.35,2.85,11.10,18.31,2492,10
2026-05-18 02:42:58,1.1,14.01,12.91,12.32,1545545,90783,5.9,0,0,0.0,1007,475,50,7.51,3.00,9.27,16.00,2470,1
2026-05-18 02:43:59,1.0,12.13,12.60,12.25,1545545,90820,5.9,0,0,0.0,1007,475,50,10.34,2.77,6.09,13.38,2478,6
2026-05-18 02:44:59,1.0,10.56,12.09,12.10,1545545,90881,5.9,0,0,0.0,1007,475,50,9.95,3.06,2.79,9.75,2477,3
2026-05-18 02:45:59,1.1,9.75,11.58,11.92,1545545,90913,5.9,0,0,0.0,1007,475,50,9.57,2.81,1.35,8.20,2465,5
2026-05-18 02:47:00,1.6,10.01,11.34,11.81,1545545,90930,5.9,0,0,0.0,1007,475,50,11.75,2.95,3.90,10.91,2455,10
2026-05-18 02:48:00,1.2,10.36,11.25,11.76,1545545,90902,5.9,0,0,0.0,1007,475,50,10.43,2.94,1.87,8.75,2464,4
2026-05-18 02:49:00,3.3,12.64,11.60,11.84,1545545,90892,5.9,0,0,0.0,1007,475,50,9.12,3.01,9.49,16.46,2463,19
2026-05-18 02:50:01,1.0,12.01,11.72,11.87,1545545,90765,5.9,0,0,0.0,1007,475,50,7.80,3.04,9.16,16.84,2469,4
2026-05-18 02:51:01,1.5,11.13,11.49,11.77,1545545,90742,5.9,0,0,0.0,1007,475,50,9.59,2.73,1.00,7.76,2471,1
2026-05-18 02:52:01,1.4,11.20,11.49,11.76,1545545,90702,5.9,0,0,0.0,1007,475,50,9.47,3.01,2.88,9.69,2468,7
2026-05-18 02:53:02,3.1,14.19,12.25,12.00,1545545,90757,5.9,0,0,0.0,1007,475,50,7.75,3.05,9.68,16.72,2466,5
2026-05-18 02:54:02,2.3,11.22,11.76,11.85,1545545,90778,5.9,0,0,0.0,1007,475,50,10.55,3.09,1.25,7.97,2455,2
2026-05-18 02:55:02,1.2,11.24,11.64,11.80,1545545,90784,5.9,0,0,0.0,1007,475,50,8.87,2.92,6.50,13.70,2473,1
2026-05-18 02:56:03,1.4,11.96,11.82,11.86,1545545,90793,5.9,0,0,0.0,1007,475,50,7.40,2.54,8.56,15.58,2461,3
2026-05-18 02:57:03,1.1,11.41,11.70,11.81,1545545,90830,5.9,0,0,0.0,1007,475,50,11.46,2.92,7.58,15.00,2461,2
2026-05-18 02:58:03,3.2,10.85,11.48,11.73,1545545,90801,5.9,0,0,0.0,1007,475,50,8.23,3.08,2.38,9.30,2473,7
2026-05-18 02:59:04,1.1,11.93,11.75,11.81,1545545,90694,5.9,0,0,0.0,1007,475,50,8.71,2.79,9.31,16.11,2472,4
2026-05-18 03:00:04,1.0,10.75,11.41,11.69,1545545,90827,5.9,0,0,0.0,1007,475,50,9.70,2.98,2.81,9.74,2464,1
2026-05-18 03:01:04,3.1,10.41,11.17,11.58,1545545,90854,5.9,0,0,0.0,1007,475,50,6.32,47.05,2.43,9.37,2473,8
2026-05-18 03:02:05,1.1,9.81,10.87,11.46,1545545,90819,5.9,0,0,0.0,1007,475,50,8.03,2.62,2.10,8.93,2467,2
2026-05-18 03:03:05,3.1,11.18,10.99,11.45,1545545,90847,5.9,0,0,0.0,1007,475,50,7.91,2.92,6.28,13.72,2463,4
2026-05-18 03:04:05,1.5,10.56,10.80,11.36,1545545,90749,5.9,0,0,0.0,1007,475,50,6.83,2.90,1.23,7.96,2467,1
2026-05-18 03:05:06,1.1,10.08,10.61,11.26,1545545,90773,5.9,0,0,0.0,1007,475,50,11.12,3.02,2.46,9.34,2467,2
2026-05-18 03:06:06,1.6,11.88,11.13,11.40,1545545,90836,5.9,0,0,0.0,1007,475,50,10.38,2.90,7.72,14.92,2460,5
2026-05-18 03:07:06,1.0,11.53,11.14,11.38,1545545,90858,5.9,0,0,0.0,1007,475,50,7.34,2.94,4.30,11.29,2468,3
2026-05-18 03:08:07,3.5,13.58,11.67,11.54,1545545,90871,5.9,0,0,0.0,1007,475,50,13.65,3.07,6.22,13.28,2471,11
2026-05-18 03:09:07,0.9,14.61,12.52,11.86,1545545,90844,5.9,0,0,0.0,1007,475,50,8.02,3.15,10.52,18.35,2454,2
2026-05-18 03:10:07,3.1,17.18,13.51,12.23,1545545,90843,5.9,0,0,0.0,1007,475,50,6.00,2.97,7.52,14.39,2478,14
2026-05-18 03:11:08,3.4,17.81,14.24,12.56,1545545,90867,5.9,0,0,0.0,1007,475,50,11.14,2.99,6.72,13.83,2483,4
2026-05-18 03:12:08,1.0,14.84,14.17,12.64,1545545,90901,5.9,0,0,0.0,1007,475,50,7.77,2.90,4.20,11.09,2476,5
2026-05-18 03:13:09,1.2,16.31,14.85,12.98,1545545,90905,5.9,0,0,0.0,1007,475,50,4.05,3.07,6.54,13.16,2468,5
2026-05-18 03:14:09,1.0,16.46,15.32,13.27,1545545,90890,5.9,0,0,0.0,1007,475,50,6.84,2.46,6.96,14.15,2473,3
2026-05-18 03:15:09,3.3,19.79,16.32,13.73,1545545,90923,5.9,0,0,0.0,1007,475,50,6.83,3.05,8.59,16.28,2459,8
2026-05-18 03:16:09,1.4,20.43,17.09,14.16,1545545,90926,5.9,0,0,0.0,1007,475,50,8.52,2.84,8.97,15.97,2467,3
2026-05-18 03:17:10,3.0,17.87,16.78,14.23,1545545,90952,5.9,0,0,0.0,1007,475,50,10.81,2.92,4.89,11.69,2475,13
2026-05-18 03:18:10,1.3,13.51,15.75,14.03,1545545,90932,5.9,0,0,0.0,1007,475,50,5.29,5.24,3.88,10.86,2483,3
2026-05-18 03:19:11,1.4,12.90,15.11,13.92,1545545,90912,5.9,0,0,0.0,1007,475,50,9.67,3.14,4.66,11.92,2479,4
2026-05-18 03:20:11,1.1,11.60,14.30,13.71,1545545,90904,5.9,0,0,0.0,1007,475,50,8.35,3.04,4.62,11.75,2478,6
2026-05-18 03:21:11,1.4,11.85,13.79,13.56,1545545,90895,5.9,0,0,0.0,1007,475,50,9.54,2.70,4.83,11.67,2465,2
2026-05-18 03:22:12,2.9,12.41,13.59,13.51,1545545,90934,5.9,0,0,0.0,1007,475,50,6.95,2.87,11.54,18.55,2468,8
2026-05-18 03:23:12,1.3,15.40,14.18,13.71,1545545,90893,5.9,0,0,0.0,1007,475,50,8.54,2.96,9.70,17.04,2479,6
2026-05-18 03:24:12,2.3,13.01,13.68,13.57,1545545,90908,5.9,0,0,0.0,1007,475,50,12.44,3.14,1.45,8.32,2483,5
2026-05-18 03:25:13,2.2,13.18,13.51,13.51,1545545,90930,5.9,0,0,0.0,1007,475,50,9.57,2.96,5.21,11.81,2478,3
2026-05-18 03:26:13,2.1,17.21,14.59,13.88,1545545,90719,5.9,0,0,0.0,1007,475,50,8.71,2.98,12.76,19.22,2485,3
2026-05-18 03:27:13,1.4,14.38,14.29,13.82,1545545,90802,5.9,0,0,0.0,1007,475,50,11.57,2.96,8.17,14.15,2466,2
2026-05-18 03:28:14,3.0,15.18,14.59,13.96,1545545,90837,5.9,0,0,0.0,1007,475,50,8.82,2.84,7.93,15.15,2459,5
2026-05-18 03:29:14,4.6,15.46,14.84,14.09,1545545,90732,5.9,0,0,0.0,1007,475,50,7.87,3.04,10.76,18.16,2463,12
2026-05-18 03:30:14,1.1,13.20,14.37,13.98,1545545,90737,5.9,0,0,0.0,1007,475,50,8.71,3.08,10.82,17.63,2464,7
2026-05-18 03:31:15,2.9,14.04,14.24,13.95,1545545,90817,5.9,0,0,0.0,1007,475,50,6.90,2.92,8.08,15.52,2467,11
2026-05-18 03:32:15,1.3,13.36,14.04,13.90,1545545,90769,5.9,0,0,0.0,1007,475,50,6.52,2.80,8.13,15.64,2476,1
2026-05-18 03:33:15,1.2,15.58,14.73,14.15,1545545,90855,5.9,0,0,0.0,1007,475,50,9.33,2.96,7.55,14.96,2469,1
2026-05-18 03:34:16,3.3,14.13,14.40,14.07,1545545,90843,5.9,0,0,0.0,1007,475,50,5.09,3.03,7.85,15.08,2473,4
2026-05-18 03:35:16,1.5,13.97,14.40,14.10,1545545,90837,5.9,0,0,0.0,1007,475,50,10.09,2.73,7.68,14.96,2471,2
2026-05-18 03:36:16,1.1,12.94,14.16,14.04,1545545,90711,5.9,0,0,0.0,1007,475,50,11.07,2.85,9.30,16.39,2472,1
2026-05-18 03:37:17,1.3,10.76,13.34,13.77,1545545,90724,5.9,0,0,0.0,1007,475,50,5.73,2.90,1.36,8.08,2487,1
2026-05-18 03:38:17,3.3,9.76,12.60,13.48,1545545,90863,5.9,0,0,0.0,1007,475,50,10.03,2.99,2.40,9.25,2480,4
2026-05-18 03:39:17,5.6,10.56,12.31,13.33,1545545,90818,5.9,0,0,0.0,1007,475,50,8.47,2.98,4.55,11.74,2459,8
2026-05-18 03:40:18,1.8,11.51,12.28,13.25,1545545,90782,5.9,0,0,0.0,1007,475,50,9.65,3.25,6.13,13.17,2458,3
2026-05-18 03:41:18,1.3,12.10,12.29,13.19,1545545,90801,5.9,0,0,0.0,1007,475,50,11.57,2.93,6.12,13.41,2454,1
2026-05-18 03:42:18,3.1,11.03,11.92,13.00,1545545,90795,5.9,0,0,0.0,1007,475,50,10.39,2.89,1.63,8.40,2454,5
2026-05-18 03:43:19,1.2,10.06,11.48,12.78,1545545,90860,5.9,0,0,0.0,1007,475,50,5.39,2.76,1.49,8.20,2459,4
2026-05-18 03:44:19,3.0,11.40,11.56,12.72,1545545,90825,5.9,0,0,0.0,1007,475,50,12.78,3.02,6.60,13.96,2472,8
2026-05-18 03:45:19,3.1,11.34,11.51,12.63,1545545,90803,5.9,0,0,0.0,1007,475,50,11.93,3.00,6.98,13.04,2469,7
2026-05-18 03:46:20,1.7,13.14,12.03,12.74,1545545,90823,5.9,0,0,0.0,1007,475,50,9.05,2.86,8.91,16.48,2473,1
2026-05-18 03:47:20,1.3,12.83,12.18,12.75,1545545,90869,5.9,0,0,0.0,1007,475,50,12.44,2.79,5.69,13.01,2465,3
2026-05-18 03:48:20,2.0,12.15,12.08,12.68,1545545,90917,5.9,0,0,0.0,1007,475,50,9.82,2.67,6.71,13.39,2467,6
2026-05-18 03:49:21,3.5,13.95,12.63,12.83,1545545,90885,5.9,0,0,0.0,1007,475,50,12.50,3.06,10.22,17.77,2476,5
2026-05-18 03:50:21,1.1,12.21,12.36,12.72,1545545,90863,5.9,0,0,0.0,1007,475,50,10.18,2.94,8.66,15.31,2479,5
2026-05-18 03:51:21,1.2,13.21,12.58,12.77,1545545,90911,5.9,0,0,0.0,1007,475,50,7.32,2.95,5.82,12.83,2477,2
2026-05-18 03:52:22,3.2,12.61,12.52,12.74,1545545,90952,5.9,0,0,0.0,1007,475,50,9.98,2.95,7.96,15.51,2479,4
2026-05-18 03:53:22,1.8,13.21,12.65,12.77,1545545,90941,5.9,0,0,0.0,1007,475,50,10.73,3.00,4.13,11.24,2486,4
2026-05-18 03:54:22,2.7,12.01,12.42,12.68,1545545,90825,5.9,0,0,0.0,1007,475,50,6.71,2.84,1.14,7.88,2481,1
2026-05-18 03:55:23,1.2,11.57,12.19,12.58,1545545,90815,5.9,0,0,0.0,1007,475,50,13.04,3.05,2.13,8.91,2473,1
2026-05-18 03:56:23,3.1,10.89,11.89,12.45,1545545,90952,5.9,0,0,0.0,1007,475,50,12.48,2.98,2.14,8.96,2469,4
2026-05-18 03:57:23,3.1,12.73,12.35,12.58,1545545,90980,5.9,0,0,0.0,1007,475,50,12.29,2.98,8.14,15.67,2477,6
2026-05-18 03:58:24,1.3,11.38,12.05,12.46,1545545,90966,5.9,0,0,0.0,1007,475,50,12.47,2.84,7.57,14.43,2480,1
2026-05-18 03:59:24,1.0,12.48,12.20,12.49,1545545,90953,5.9,0,0,0.0,1007,475,50,8.62,2.90,7.69,15.07,2496,4
2026-05-18 04:00:24,1.8,12.25,12.14,12.44,1545545,90956,5.9,0,0,0.0,1007,475,50,12.50,3.17,7.48,14.22,2484,3
2026-05-18 04:01:25,1.9,12.56,12.26,12.47,1545545,90981,5.9,0,0,0.0,1007,475,50,15.08,46.80,13.21,18.88,2483,3
2026-05-18 04:02:25,1.1,11.01,11.87,12.31,1545545,90955,5.9,0,0,0.0,1007,475,50,7.24,2.97,3.01,10.01,2473,6
2026-05-18 04:03:25,2.9,11.00,11.68,12.22,1545545,90845,5.9,0,0,0.0,1007,475,50,11.19,2.94,2.49,9.38,2469,16
2026-05-18 04:04:26,3.3,12.17,11.92,12.27,1545545,90840,5.9,0,0,0.0,1007,475,50,16.20,2.99,9.41,16.94,2462,5
2026-05-18 04:05:26,2.3,11.96,11.91,12.25,1545545,90838,5.9,0,0,0.0,1007,475,50,11.90,2.96,10.01,17.95,2484,4
2026-05-18 04:06:26,1.3,11.31,11.77,12.18,1545545,90844,5.9,0,0,0.0,1007,475,50,15.57,2.90,2.14,8.90,2478,2
2026-05-18 04:07:27,2.0,11.89,11.82,12.17,1545545,90843,5.9,0,0,0.0,1007,475,50,10.29,2.61,6.77,13.59,2479,2
2026-05-18 04:08:27,12.1,12.13,11.96,12.20,1545545,90717,5.9,0,0,0.0,1007,475,50,7.23,3.08,6.56,13.60,2459,7
2026-05-18 04:09:27,3.8,11.94,11.97,12.19,1545545,90745,5.9,0,0,0.0,1007,475,50,12.96,2.98,4.79,11.91,2463,26
2026-05-18 04:10:28,4.2,11.91,11.95,12.16,1545545,90851,5.9,0,0,0.0,1007,475,50,11.01,3.21,4.84,12.06,2451,5
2026-05-18 04:11:28,3.1,12.17,12.03,12.18,1545545,90866,5.9,0,0,0.0,1007,475,50,13.27,2.89,7.67,15.09,2465,3
2026-05-18 04:12:28,1.9,11.63,11.89,12.12,1545545,90889,5.9,0,0,0.0,1007,475,50,14.50,2.78,2.14,8.88,2473,4
2026-05-18 04:13:29,1.2,11.74,11.89,12.10,1545545,90866,5.9,0,0,0.0,1007,475,50,13.02,2.93,5.01,12.13,2479,7
2026-05-18 04:14:29,1.4,11.32,11.78,12.05,1545545,90860,5.9,0,0,0.0,1007,475,50,14.17,2.95,8.11,15.34,2471,3
2026-05-18 04:15:29,3.1,11.19,11.67,12.00,1545545,90880,5.9,0,0,0.0,1007,475,50,15.63,3.05,6.95,13.96,2467,4
2026-05-18 04:16:30,3.6,11.66,11.74,12.00,1545545,90905,5.9,0,0,0.0,1007,475,50,8.74,2.82,4.43,11.55,2450,4
2026-05-18 04:17:30,1.0,11.24,11.64,11.95,1545545,90885,5.9,0,0,0.0,1007,475,50,9.94,2.92,7.35,14.10,2456,2
2026-05-18 04:18:30,3.3,12.67,11.90,12.01,1545545,90883,5.9,0,0,0.0,1007,475,50,14.68,2.92,7.35,14.38,2455,7
2026-05-18 04:19:31,1.1,11.06,11.62,11.91,1545545,90864,5.9,0,0,0.0,1007,475,50,14.69,2.77,4.70,11.15,2444,1
2026-05-18 04:20:31,3.0,12.33,11.88,11.98,1545545,90880,5.9,0,0,0.0,1007,475,50,13.84,3.10,8.70,16.24,2444,5
2026-05-18 04:21:31,1.5,11.99,11.92,11.99,1545545,90903,5.9,0,0,0.0,1007,475,50,14.99,2.91,4.39,11.41,2453,2
2026-05-18 04:22:32,1.3,14.10,12.54,12.20,1545545,90900,5.9,0,0,0.0,1007,475,50,11.36,2.95,8.97,15.94,2446,1
2026-05-18 04:23:32,9.5,12.36,12.38,12.17,1545545,90916,5.9,0,0,0.0,1007,475,50,14.53,2.92,6.61,13.40,2467,14
2026-05-18 04:24:32,1.2,10.63,11.90,12.02,1545545,90903,5.9,0,0,0.0,1007,475,50,14.41,3.05,4.76,11.35,2473,8
2026-05-18 04:25:33,3.2,11.05,11.79,11.97,1545545,90950,5.9,0,0,0.0,1007,475,50,16.50,3.12,8.81,15.49,2476,6
2026-05-18 04:26:33,1.3,12.28,12.00,12.03,1545545,90971,5.9,0,0,0.0,1007,475,50,11.70,2.88,7.34,14.66,2479,3
2026-05-18 04:27:33,1.3,13.32,12.41,12.18,1545545,90963,5.9,0,0,0.0,1007,475,50,9.68,2.97,7.91,15.31,2473,6
2026-05-18 04:28:34,1.4,11.34,12.01,12.05,1545545,90927,5.9,0,0,0.0,1007,475,50,17.48,2.80,0.99,7.69,2459,4
2026-05-18 04:29:34,3.4,10.10,11.54,11.89,1545545,90956,5.9,0,0,0.0,1007,475,50,16.87,2.90,1.40,8.16,2459,23
2026-05-18 04:30:34,1.1,9.46,11.11,11.72,1545545,90931,5.9,0,0,0.0,1007,475,50,10.31,3.09,1.51,8.39,2467,3
2026-05-18 04:31:35,3.6,11.21,11.33,11.75,1545545,90965,5.9,0,0,0.0,1007,475,50,15.81,2.81,8.62,15.99,2468,8
2026-05-18 04:32:35,2.9,9.98,11.02,11.62,1545545,90980,5.9,0,0,0.0,1007,475,50,11.73,2.91,4.12,10.88,2471,20
2026-05-18 04:33:35,1.2,10.01,10.92,11.55,1545545,90933,5.9,0,0,0.0,1007,475,50,14.31,2.59,5.53,11.90,2472,5
2026-05-18 04:34:36,1.2,10.12,10.80,11.47,1545545,90928,5.9,0,0,0.0,1007,475,50,11.66,3.08,3.30,10.09,2471,2
2026-05-18 04:35:36,1.0,10.86,11.01,11.51,1545545,90931,5.9,0,0,0.0,1007,475,50,8.10,3.00,7.18,14.21,2469,3
2026-05-18 04:36:36,1.0,10.82,10.94,11.45,1545545,90954,5.9,0,0,0.0,1007,475,50,7.49,2.90,5.67,12.30,2454,2
2026-05-18 04:37:37,1.1,17.78,13.56,12.35,1545545,90918,5.9,0,0,0.0,1007,475,50,17.17,2.96,1.03,7.73,2464,4
2026-05-18 04:38:37,2.9,14.38,13.40,12.38,1545545,90926,5.9,0,0,0.0,1007,475,50,10.19,2.90,10.01,16.64,2461,5
2026-05-18 04:39:37,2.1,13.11,13.18,12.37,1545545,90776,5.9,0,0,0.0,1007,475,50,16.70,3.04,10.27,17.22,2473,5
2026-05-18 04:40:38,1.6,10.65,12.46,12.17,1545545,90735,5.9,0,0,0.0,1007,475,50,13.31,3.22,1.84,8.53,2472,2
2026-05-18 04:41:38,3.1,11.43,12.47,12.19,1545545,90818,5.9,0,0,0.0,1007,475,50,9.73,2.88,11.02,17.49,2458,6
2026-05-18 04:42:38,2.3,12.29,12.51,12.22,1545545,90893,5.9,0,0,0.0,1007,475,50,17.41,2.89,8.71,16.29,2462,4
2026-05-18 04:43:39,3.3,13.69,12.81,12.34,1545545,90873,5.9,0,0,0.0,1007,475,50,15.42,3.14,7.59,14.55,2467,7
2026-05-18 04:44:39,1.2,11.98,12.54,12.28,1545545,90851,5.9,0,0,0.0,1007,475,50,9.35,2.93,5.87,12.34,2460,4
2026-05-18 04:45:39,1.2,11.02,12.19,12.18,1545545,90858,5.9,0,0,0.0,1007,475,50,13.94,3.17,7.96,15.53,2465,1
2026-05-18 04:46:40,1.5,11.13,12.02,12.12,1545545,90900,5.9,0,0,0.0,1007,475,50,11.53,2.88,3.77,10.83,2466,3
2026-05-18 04:47:40,3.2,11.20,11.89,12.07,1545545,90899,5.9,0,0,0.0,1007,475,50,8.07,3.07,4.57,11.57,2458,9
2026-05-18 04:48:40,2.9,10.30,11.56,11.95,1545545,90895,5.9,0,0,0.0,1007,475,50,12.87,3.00,5.02,11.73,2461,5
2026-05-18 04:49:41,2.4,11.49,11.64,11.95,1545545,90882,5.9,0,0,0.0,1007,475,50,8.46,2.91,4.43,11.47,2450,4
2026-05-18 04:50:41,1.2,10.60,11.37,11.83,1545545,90878,5.9,0,0,0.0,1007,475,50,10.50,3.07,4.71,11.89,2458,4
2026-05-18 04:51:42,1.1,12.04,11.47,11.83,1545545,90907,5.9,0,0,0.0,1007,475,50,13.12,2.93,4.31,11.41,2465,6
2026-05-18 04:52:42,1.1,10.92,11.22,11.72,1545545,90898,5.9,0,0,0.0,1007,475,50,10.41,2.62,1.04,7.70,2464,2
2026-05-18 04:53:42,1.7,11.91,11.54,11.80,1545545,90893,5.9,0,0,0.0,1007,475,50,14.96,3.00,5.31,12.60,2451,4
2026-05-18 04:54:43,3.6,13.23,12.01,11.95,1545545,90922,5.9,0,0,0.0,1007,475,50,18.43,2.89,5.81,12.66,2465,6
2026-05-18 04:55:43,1.3,12.85,12.28,12.06,1545545,90890,5.9,0,0,0.0,1007,475,50,11.04,3.05,5.16,12.30,2457,1
2026-05-18 04:56:43,3.2,14.95,13.00,12.32,1545545,90947,5.9,0,0,0.0,1007,475,50,11.19,2.97,8.87,16.68,2460,4
2026-05-18 04:57:44,1.0,13.35,12.99,12.36,1545545,90921,5.9,0,0,0.0,1007,475,50,9.67,2.88,4.39,11.47,2463,1
2026-05-18 04:58:44,3.1,15.66,13.59,12.60,1545545,90915,5.9,0,0,0.0,1007,475,50,9.31,2.89,4.26,11.40,2488,4
2026-05-18 04:59:44,3.0,19.83,15.32,13.27,1545545,90922,5.9,0,0,0.0,1007,475,50,11.12,2.94,10.58,17.27,2481,9
2026-05-18 05:00:45,2.1,18.13,15.61,13.50,1545545,90948,5.9,0,0,0.0,1007,475,50,10.87,3.15,5.17,12.05,2469,4
2026-05-18 05:01:45,1.3,15.51,15.45,13.58,1545545,90958,5.9,0,0,0.0,1007,475,50,14.04,44.79,7.99,15.23,2464,6
2026-05-18 05:02:45,1.6,13.15,14.87,13.50,1545545,90839,5.9,0,0,0.0,1007,475,50,12.30,2.87,2.50,9.35,2450,2
2026-05-18 05:03:46,1.5,17.16,15.79,13.91,1545545,90913,5.9,0,0,0.0,1007,475,50,10.16,2.95,11.38,18.27,2443,3
2026-05-18 05:04:46,3.7,14.85,15.34,13.87,1545545,90910,5.9,0,0,0.0,1007,475,50,12.16,2.82,3.94,10.98,2452,4
2026-05-18 05:05:46,1.2,14.92,15.31,13.95,1545545,90883,5.9,0,0,0.0,1007,475,50,10.66,3.00,7.24,14.55,2455,6
2026-05-18 05:06:47,1.2,11.95,14.36,13.71,1545545,90835,5.9,0,0,0.0,1007,475,50,7.43,3.11,2.86,9.91,2459,3
2026-05-18 05:07:47,10.9,12.81,14.16,13.68,1545545,90871,5.9,0,0,0.0,1007,475,50,15.39,3.27,5.91,12.95,2473,20
2026-05-18 05:08:47,1.9,14.35,14.56,13.86,1545545,90933,5.9,0,0,0.0,1007,475,50,8.99,3.07,12.88,19.42,2459,2
2026-05-18 05:09:48,2.0,13.57,14.30,13.81,1545545,90952,5.9,0,0,0.0,1007,475,50,7.87,2.75,11.26,17.67,2458,7
2026-05-18 05:10:48,2.5,12.22,13.76,13.66,1545545,90923,5.9,0,0,0.0,1007,475,50,11.15,2.97,7.45,14.01,2464,7
2026-05-18 05:11:48,1.2,10.88,13.10,13.44,1545545,90928,5.9,0,0,0.0,1007,475,50,11.82,2.91,1.52,8.37,2461,1
2026-05-18 05:12:49,1.1,11.55,12.87,13.33,1545545,90886,5.9,0,0,0.0,1007,475,50,11.16,2.87,2.47,9.30,2459,3
2026-05-18 05:13:49,1.5,11.69,12.66,13.23,1545545,90853,5.9,0,0,0.0,1007,475,50,13.60,2.98,3.21,10.14,2473,2
2026-05-18 05:14:49,1.0,10.90,12.33,13.09,1545545,90923,5.9,0,0,0.0,1007,475,50,10.53,2.96,3.98,10.85,2466,1
2026-05-18 05:15:50,1.6,12.25,12.42,13.06,1545545,90824,5.9,0,0,0.0,1007,475,50,14.32,2.94,5.77,13.06,2471,4
2026-05-18 05:16:50,3.3,13.63,12.70,13.12,1545545,90851,5.9,0,0,0.0,1007,475,50,12.35,2.96,7.20,14.75,2475,3
2026-05-18 05:17:50,1.1,13.05,12.76,13.11,1545545,90858,5.9,0,0,0.0,1007,475,50,8.66,3.02,8.66,16.23,2460,4
2026-05-18 05:18:51,1.4,12.86,12.72,13.07,1545545,90827,5.9,0,0,0.0,1007,475,50,10.08,3.04,2.82,9.69,2457,1
2026-05-18 05:19:51,1.7,12.86,12.66,13.03,1545545,90849,5.9,0,0,0.0,1007,475,50,11.81,2.77,6.55,13.68,2455,8
2026-05-18 05:20:51,2.1,12.65,12.55,12.96,1545545,90787,5.9,0,0,0.0,1007,475,50,10.53,3.06,3.22,10.15,2454,5
2026-05-18 05:21:52,1.1,11.69,12.30,12.85,1545545,90842,5.9,0,0,0.0,1007,475,50,14.74,3.03,5.44,12.72,2462,3
2026-05-18 05:22:52,1.0,12.69,12.35,12.82,1545545,90898,5.9,0,0,0.0,1007,475,50,9.28,3.00,3.66,10.47,2465,2
2026-05-18 05:23:52,1.3,11.75,12.14,12.72,1545545,90853,5.9,0,0,0.0,1007,475,50,10.78,2.97,5.70,12.95,2469,3
2026-05-18 05:24:53,2.0,13.72,12.53,12.81,1545545,90831,5.9,0,0,0.0,1007,475,50,11.45,2.90,7.54,14.34,2471,2
2026-05-18 05:25:53,3.3,13.27,12.66,12.84,1545545,90835,5.9,0,0,0.0,1007,475,50,13.70,3.03,8.82,15.92,2468,7
2026-05-18 05:26:53,1.2,11.92,12.40,12.74,1545545,90875,5.9,0,0,0.0,1007,475,50,13.41,2.98,7.35,14.22,2464,2
2026-05-18 05:27:54,1.1,11.11,12.04,12.59,1545545,90888,5.9,0,0,0.0,1007,475,50,9.84,3.03,2.10,8.92,2466,5
2026-05-18 05:28:54,3.2,10.45,11.70,12.44,1545545,90883,5.9,0,0,0.0,1007,475,50,11.65,2.92,2.83,9.77,2472,7
2026-05-18 05:29:54,1.1,11.11,11.70,12.39,1545545,90877,5.9,0,0,0.0,1007,475,50,10.57,3.13,7.75,14.16,2477,2
2026-05-18 05:30:55,1.0,10.24,11.34,12.22,1545545,90882,5.9,0,0,0.0,1007,475,50,9.80,2.74,1.80,8.57,2467,3
2026-05-18 05:31:55,1.2,10.48,11.21,12.12,1545545,90880,5.9,0,0,0.0,1007,475,50,9.66,3.07,1.45,8.23,2462,5
2026-05-18 05:32:55,1.9,10.02,10.95,11.97,1545545,90893,5.9,0,0,0.0,1007,475,50,12.05,2.96,1.06,7.82,2449,1
2026-05-18 05:33:56,1.2,11.71,11.29,12.03,1545545,90889,5.9,0,0,0.0,1007,475,50,7.81,2.57,8.59,16.15,2448,3
2026-05-18 05:34:56,2.7,11.45,11.22,11.95,1545545,90911,5.9,0,0,0.0,1007,475,50,15.54,3.07,6.16,13.42,2450,16
2026-05-18 05:35:56,1.4,13.80,12.08,12.21,1545545,90886,5.9,0,0,0.0,1007,475,50,15.37,2.94,5.69,12.88,2446,3
2026-05-18 05:36:57,1.2,12.97,12.21,12.25,1545545,90838,5.9,0,0,0.0,1007,475,50,11.24,3.01,7.44,14.46,2457,2
2026-05-18 05:37:57,12.6,11.20,11.81,12.10,1545545,90925,5.9,0,0,0.0,1007,475,50,14.01,2.89,2.92,10.00,2460,21
2026-05-18 05:38:57,1.2,11.63,11.85,12.10,1545545,90921,5.9,0,0,0.0,1007,475,50,10.91,2.98,7.96,15.26,2469,2
2026-05-18 05:39:58,2.0,11.74,11.79,12.06,1545545,90951,5.9,0,0,0.0,1007,475,50,10.91,3.11,3.02,9.99,2465,5
2026-05-18 05:40:58,1.4,11.37,11.68,12.00,1545545,90939,5.9,0,0,0.0,1007,475,50,15.55,2.86,5.47,12.76,2471,6
2026-05-18 05:41:58,3.5,11.72,11.66,11.97,1545545,90982,5.9,0,0,0.0,1007,475,50,15.11,2.91,3.65,10.53,2457,8
2026-05-18 05:42:59,1.2,11.17,11.55,11.92,1545545,90982,5.9,0,0,0.0,1007,475,50,8.12,3.00,3.27,10.30,2470,1
2026-05-18 05:43:59,1.1,11.80,11.69,11.94,1545545,90949,5.9,0,0,0.0,1007,475,50,17.00,2.87,6.51,13.87,2461,4
2026-05-18 05:44:59,1.1,10.46,11.27,11.78,1545545,90953,5.9,0,0,0.0,1007,475,50,13.71,3.00,0.98,7.78,2467,4
2026-05-18 05:46:00,1.1,10.01,11.01,11.66,1545545,90955,5.9,0,0,0.0,1007,475,50,8.73,3.01,1.01,7.68,2477,1
2026-05-18 05:47:00,1.0,9.97,10.80,11.54,1545545,90979,5.9,0,0,0.0,1007,475,50,8.80,3.06,1.06,7.77,2477,6
2026-05-18 05:48:00,1.0,9.75,10.58,11.42,1545545,90976,5.9,0,0,0.0,1007,475,50,13.43,2.61,1.83,8.67,2453,4
2026-05-18 05:49:01,1.4,11.12,10.85,11.46,1545545,90969,5.9,0,0,0.0,1007,475,50,11.75,2.94,3.55,10.51,2459,3
2026-05-18 05:50:01,1.4,10.96,10.82,11.41,1545545,90959,5.9,0,0,0.0,1007,475,50,11.69,2.95,2.77,9.78,2451,4
2026-05-18 05:51:01,1.1,10.16,10.62,11.30,1545545,90955,5.9,0,0,0.0,1007,475,50,9.76,2.98,1.02,7.66,2444,4
2026-05-18 05:52:02,1.1,10.79,10.71,11.29,1545545,90976,5.9,0,0,0.0,1007,475,50,11.69,3.00,6.30,13.31,2453,3
2026-05-18 05:53:02,3.3,12.68,11.26,11.44,1545545,90889,5.9,0,0,0.0,1007,475,50,10.46,3.05,7.29,14.82,2463,11
2026-05-18 05:54:02,3.2,13.47,11.77,11.61,1545545,90866,5.9,0,0,0.0,1007,475,50,9.51,2.93,12.02,19.57,2444,4
2026-05-18 05:55:03,3.2,11.77,11.61,11.56,1545545,90862,5.9,0,0,0.0,1007,475,50,13.83,3.11,7.36,14.52,2433,16
2026-05-18 05:56:03,1.2,12.03,11.77,11.62,1545545,90871,5.9,0,0,0.0,1007,475,50,14.16,2.82,6.43,13.81,2446,5
2026-05-18 05:57:03,3.1,12.19,11.83,11.65,1545545,90903,5.9,0,0,0.0,1007,475,50,10.07,3.08,5.30,12.44,2449,5
2026-05-18 05:58:04,1.0,11.19,11.62,11.59,1545545,90888,5.9,0,0,0.0,1007,475,50,12.85,3.12,3.72,10.80,2444,1
2026-05-18 05:59:04,1.9,10.05,11.25,11.47,1545545,90862,5.9,0,0,0.0,1007,475,50,11.46,2.97,1.79,8.56,2459,7
2026-05-18 06:00:04,3.1,12.66,11.76,11.63,1545545,90900,5.9,0,0,0.0,1007,475,50,11.62,2.88,9.28,16.24,2466,9
2026-05-18 06:01:05,0.8,10.32,11.33,11.49,1545545,16847,1.1,0,0,0.0,1007,474,50,13.99,52.02,2.34,2.56,2337,3
2026-05-18 06:02:05,0.4,8.78,10.67,11.25,1545545,16788,1.1,0,0,0.0,1007,474,50,7.78,3.20,0.50,1.38,2328,1
2026-05-18 06:03:05,0.5,8.28,10.18,11.05,1545545,16790,1.1,0,0,0.0,1007,474,50,12.68,2.60,0.51,1.53,2319,2
2026-05-18 06:04:06,0.4,8.23,9.83,10.87,1545545,16747,1.1,0,0,0.0,1007,474,50,11.64,2.44,0.45,1.35,2300,1
2026-05-18 06:05:06,1.8,9.81,10.18,10.93,1545545,16736,1.1,0,0,0.0,1007,474,50,12.06,2.38,0.46,1.33,2288,2
2026-05-18 06:06:06,0.5,8.73,9.80,10.75,1545545,16761,1.1,0,0,0.0,1007,474,50,13.92,2.58,0.41,1.39,2236,1
2026-05-18 06:07:07,0.4,8.46,9.53,10.60,1545545,16765,1.1,0,0,0.0,1007,474,50,10.80,2.46,0.49,1.36,2237,1
2026-05-18 06:08:07,0.4,8.40,9.31,10.46,1545545,16771,1.1,0,0,0.0,1007,474,50,11.71,2.48,0.50,1.52,2245,1
2026-05-18 06:09:07,0.4,8.28,9.11,10.31,1545545,16742,1.1,0,0,0.0,1007,474,50,12.75,2.65,0.45,1.35,2257,1
2026-05-18 06:10:08,0.6,8.32,8.96,10.18,1545545,16771,1.1,0,0,0.0,1007,474,50,7.37,2.79,0.47,1.37,2257,1
2026-05-18 06:11:08,0.5,8.79,8.98,10.11,1545545,16768,1.1,0,0,0.0,1007,474,50,13.77,2.47,0.45,1.36,2260,1
2026-05-18 06:12:08,0.4,8.58,8.91,10.01,1545545,16764,1.1,0,0,0.0,1007,474,50,11.75,2.40,0.55,1.37,2253,1
2026-05-18 06:13:09,0.4,8.26,8.75,9.89,1545545,16777,1.1,0,0,0.0,1007,474,50,12.61,2.62,0.53,1.52,2248,2
2026-05-18 06:14:09,0.4,8.14,8.63,9.77,1545545,16749,1.1,0,0,0.0,1007,474,50,14.77,2.49,0.43,1.36,2250,1
2026-05-18 06:15:09,0.4,8.23,8.57,9.68,1545545,16753,1.1,0,0,0.0,1007,474,50,12.91,2.46,0.45,1.34,2265,1
2026-05-18 06:16:09,0.5,8.08,8.46,9.57,1545545,16796,1.1,0,0,0.0,1007,474,50,10.57,2.57,0.46,1.45,2261,1
2026-05-18 06:17:10,1.3,8.12,8.41,9.48,1545545,16814,1.1,0,0,0.0,1007,474,50,17.37,2.70,0.48,1.40,2275,2
2026-05-18 06:18:10,0.4,8.12,8.36,9.40,1545545,16992,1.1,0,0,0.0,1007,474,50,14.55,4.77,0.81,3.68,2281,1
