timestamp,cpu_percent,load_1m,load_5m,load_15m,mem_total_mb,mem_used_mb,mem_percent,swap_total_mb,swap_used_mb,swap_percent,disk_total_gb,disk_used_gb,disk_percent,disk_read_mb,disk_write_mb,net_rx_mb,net_tx_mb,procs_total,procs_running
2026-05-16 04:24:22,1.7,14.46,15.99,14.21,1545545,85816,5.6,0,0,0.0,1007,738,77,1.11,2.20,0.95,8.61,2481,1
2026-05-16 04:25:22,1.8,12.66,15.17,14.04,1545545,85787,5.6,0,0,0.0,1007,738,77,1.03,0.77,0.91,7.59,2475,2
2026-05-16 04:26:22,1.6,11.76,14.44,13.86,1545545,85778,5.6,0,0,0.0,1007,738,77,1.03,1.01,1.00,7.80,2468,3
2026-05-16 04:27:23,1.6,11.61,13.91,13.71,1545545,85725,5.5,0,0,0.0,1007,738,77,1.05,1.24,0.89,7.76,2463,4
2026-05-16 04:28:23,1.8,11.37,13.33,13.52,1545545,85700,5.5,0,0,0.0,1007,738,77,1.03,0.87,0.92,7.59,2468,4
2026-05-16 04:29:23,1.8,11.68,13.07,13.42,1545545,85713,5.5,0,0,0.0,1007,738,77,1.03,0.80,0.87,7.70,2454,1
2026-05-16 04:30:24,1.9,11.24,12.70,13.27,1545545,85681,5.5,0,0,0.0,1007,738,77,1.03,0.91,0.92,7.67,2439,4
2026-05-16 04:31:24,1.6,11.43,12.49,13.16,1545545,85676,5.5,0,0,0.0,1007,738,77,1.03,0.88,0.91,7.60,2440,2
2026-05-16 04:32:24,0.5,10.27,12.02,12.95,1545545,13930,0.9,0,0,0.0,1007,738,77,1.03,8.25,2.08,4.29,2332,1
2026-05-16 04:33:25,1.1,9.74,11.55,12.73,1545545,18176,1.2,0,0,0.0,1007,738,77,1.03,7.54,1.64,3.00,2326,4
2026-05-16 04:34:25,1.4,10.00,11.29,12.57,1545545,25277,1.6,0,0,0.0,1007,738,77,1.03,3.91,0.76,2.75,2338,3
2026-05-16 04:35:25,2.2,10.49,11.16,12.44,1545545,34062,2.2,0,0,0.0,1007,738,77,1.03,1.99,1.11,3.22,2342,9
2026-05-16 04:36:26,5.0,14.81,12.28,12.75,1545545,35499,2.3,0,0,0.0,1007,738,77,1.03,1.84,0.76,2.74,2353,9
2026-05-16 04:37:26,24.3,28.41,15.78,13.88,1545545,80342,5.2,0,0,0.0,1007,738,77,1.03,80.61,0.85,2.94,2504,47
2026-05-16 04:38:26,5.6,26.21,17.18,14.47,1545545,84390,5.5,0,0,0.0,1007,738,77,1.03,4.29,0.80,2.81,2497,10
2026-05-16 04:39:27,1.5,18.97,16.92,14.56,1545545,85583,5.5,0,0,0.0,1007,738,77,1.03,84.61,0.97,3.91,2494,6
2026-05-16 04:40:27,1.4,13.37,15.66,14.27,1545545,85549,5.5,0,0,0.0,1007,738,77,1.03,1.34,1.21,7.84,2494,4
2026-05-16 04:41:27,1.3,11.24,14.65,14.01,1545545,85561,5.5,0,0,0.0,1007,738,77,1.03,1.15,1.00,7.66,2490,3
2026-05-16 04:42:28,1.9,13.49,14.55,14.01,1545545,14186,0.9,0,0,0.0,1007,738,77,1.03,16.99,4.42,6.09,2360,2
2026-05-16 04:43:28,1.7,11.03,13.62,13.72,1545545,18884,1.2,0,0,0.0,1007,738,77,1.03,6.53,0.40,1.99,2345,4
2026-05-16 04:44:28,2.1,10.66,13.02,13.50,1545545,26854,1.7,0,0,0.0,1007,738,77,1.03,1.97,0.35,1.87,2325,4
2026-05-16 04:45:29,5.1,12.82,13.09,13.49,1545545,33931,2.2,0,0,0.0,1007,738,77,1.03,2.19,0.81,2.10,2341,11
2026-05-16 04:46:29,5.0,15.70,13.88,13.74,1545545,34230,2.2,0,0,0.0,1007,738,77,1.03,1.11,0.33,1.77,2340,11
2026-05-16 04:47:29,5.5,32.37,18.68,15.37,1545545,80504,5.2,0,0,0.0,1007,738,77,1.03,119.62,0.35,1.81,2459,11
2026-05-16 04:48:30,7.3,22.88,18.47,15.51,1545545,82826,5.4,0,0,0.0,1007,738,77,1.03,142.02,0.49,2.05,2479,15
2026-05-16 04:49:30,1.4,15.11,17.11,15.23,1545545,83862,5.4,0,0,0.0,1007,738,77,1.03,8.87,0.50,1.85,2479,7
2026-05-16 04:50:30,1.5,16.83,17.44,15.47,1545545,83872,5.4,0,0,0.0,1007,738,77,1.03,1.01,0.34,1.79,2497,2
2026-05-16 04:51:31,1.4,12.72,16.15,15.15,1545545,83855,5.4,0,0,0.0,1007,738,77,1.03,1.00,0.36,1.82,2489,2
2026-05-16 04:52:31,1.5,11.30,15.10,14.85,1545545,83866,5.4,0,0,0.0,1007,738,77,1.03,1.04,0.35,1.80,2499,3
2026-05-16 04:53:31,1.5,10.70,14.23,14.56,1545545,83868,5.4,0,0,0.0,1007,738,77,1.03,1.07,0.33,1.80,2512,4
2026-05-16 04:54:32,1.5,10.35,13.46,14.28,1545545,83830,5.4,0,0,0.0,1007,738,77,1.03,1.06,0.39,1.99,2494,6
2026-05-16 04:55:32,1.2,11.42,13.15,14.11,1545545,83822,5.4,0,0,0.0,1007,738,77,1.03,1.05,0.34,1.80,2482,1
2026-05-16 04:56:32,1.4,11.87,12.94,13.98,1545545,83840,5.4,0,0,0.0,1007,738,77,1.03,0.95,0.47,1.80,2491,2
2026-05-16 04:57:33,1.8,12.74,12.98,13.93,1545545,83859,5.4,0,0,0.0,1007,738,77,1.03,1.23,6.10,7.61,2493,4
2026-05-16 04:58:33,1.4,12.02,12.73,13.78,1545545,83858,5.4,0,0,0.0,1007,738,77,1.03,0.98,3.11,4.36,2475,1
2026-05-16 04:59:33,2.0,11.93,12.54,13.64,1545545,83871,5.4,0,0,0.0,1007,738,77,1.03,1.03,6.37,7.48,2494,2
2026-05-16 05:00:34,1.9,11.81,12.37,13.51,1545545,83866,5.4,0,0,0.0,1007,738,77,1.03,1.07,7.46,8.35,2490,4
2026-05-16 05:01:34,1.5,11.19,12.09,13.34,1545545,83843,5.4,0,0,0.0,1007,738,77,1.03,1.04,3.25,4.42,2491,2
2026-05-16 05:02:34,1.5,11.03,11.89,13.19,1545545,83859,5.4,0,0,0.0,1007,738,77,1.03,1.07,0.34,1.77,2514,4
2026-05-16 05:03:35,1.5,10.79,11.69,13.04,1545545,83855,5.4,0,0,0.0,1007,738,77,1.03,1.04,0.32,1.82,2500,2
2026-05-16 05:04:35,6.6,12.15,11.85,13.01,1545545,83902,5.4,0,0,0.0,1007,738,77,1.03,1.91,6.45,7.86,2494,23
2026-05-16 05:05:35,1.8,11.90,11.88,12.95,1545545,83854,5.4,0,0,0.0,1007,738,77,1.03,1.12,2.75,4.47,2487,1
2026-05-16 05:06:36,1.5,11.60,11.80,12.85,1545545,83852,5.4,0,0,0.0,1007,738,77,1.03,1.03,0.34,1.80,2489,2
2026-05-16 05:07:36,1.7,11.47,11.66,12.73,1545545,83888,5.4,0,0,0.0,1007,738,77,1.03,1.06,0.35,1.82,2474,1
2026-05-16 05:08:36,1.6,11.45,11.62,12.65,1545545,83868,5.4,0,0,0.0,1007,738,77,1.03,1.05,0.31,1.78,2455,2
2026-05-16 05:09:37,1.6,10.68,11.33,12.48,1545545,83842,5.4,0,0,0.0,1007,738,77,1.03,0.88,0.34,1.77,2473,5
2026-05-16 05:10:37,1.4,10.81,11.27,12.39,1545545,83839,5.4,0,0,0.0,1007,738,77,1.03,1.08,0.30,1.81,2455,2
2026-05-16 05:11:37,1.5,10.50,11.07,12.25,1545545,83858,5.4,0,0,0.0,1007,738,77,1.03,1.10,0.47,2.00,2460,1
2026-05-16 05:12:38,1.6,10.67,11.01,12.15,1545545,83873,5.4,0,0,0.0,1007,738,77,1.03,1.04,0.36,1.84,2477,1
2026-05-16 05:13:38,1.3,10.62,10.96,12.06,1545545,83869,5.4,0,0,0.0,1007,738,77,1.03,1.04,0.32,1.78,2477,10
2026-05-16 05:14:38,1.5,11.09,11.03,12.01,1545545,83854,5.4,0,0,0.0,1007,738,77,1.03,0.93,1.94,3.36,2476,1
2026-05-16 05:15:39,3.2,11.30,11.07,11.97,1545545,83887,5.4,0,0,0.0,1007,738,77,1.03,1.07,5.11,6.38,2504,8
2026-05-16 05:16:39,1.6,11.75,11.24,11.97,1545545,83850,5.4,0,0,0.0,1007,738,77,1.03,1.16,7.07,8.18,2493,6
2026-05-16 05:17:39,1.4,12.54,11.57,12.04,1545545,83876,5.4,0,0,0.0,1007,738,77,1.03,0.98,5.71,7.27,2488,2
2026-05-16 05:18:40,2.2,11.50,11.44,11.96,1545545,83887,5.4,0,0,0.0,1007,738,77,1.03,1.02,2.99,4.22,2499,3
2026-05-16 05:19:40,1.6,12.22,11.60,11.98,1545545,83877,5.4,0,0,0.0,1007,738,77,1.03,0.91,10.54,12.01,2491,2
2026-05-16 05:20:40,1.6,11.20,11.41,11.89,1545545,83854,5.4,0,0,0.0,1007,738,77,1.03,1.04,2.66,3.98,2467,3
2026-05-16 05:21:41,1.2,11.18,11.34,11.83,1545545,83861,5.4,0,0,0.0,1007,738,77,1.03,1.25,3.91,5.15,2490,2
2026-05-16 05:22:41,1.8,11.25,11.35,11.81,1545545,83916,5.4,0,0,0.0,1007,738,77,1.03,1.11,7.60,8.58,2479,4
2026-05-16 05:23:41,3.1,11.75,11.41,11.79,1545545,83934,5.4,0,0,0.0,1007,738,77,1.03,1.04,8.11,9.00,2496,6
2026-05-16 05:24:42,1.5,11.36,11.44,11.78,1545545,83888,5.4,0,0,0.0,1007,738,77,1.03,1.14,4.83,6.13,2501,5
2026-05-16 05:25:42,1.5,10.99,11.34,11.73,1545545,83875,5.4,0,0,0.0,1007,738,77,1.03,0.73,4.61,5.96,2485,2
2026-05-16 05:26:42,8.2,11.28,11.34,11.70,1545545,83874,5.4,0,0,0.0,1007,738,77,1.03,0.85,0.42,1.85,2473,3
2026-05-16 05:27:43,1.4,11.76,11.47,11.73,1545545,83902,5.4,0,0,0.0,1007,738,77,1.03,0.85,5.78,7.18,2469,2
2026-05-16 05:28:43,2.1,12.36,11.57,11.73,1545545,83931,5.4,0,0,0.0,1007,738,77,1.03,0.75,5.91,6.99,2471,5
2026-05-16 05:29:43,1.2,11.43,11.41,11.67,1545545,83901,5.4,0,0,0.0,1007,738,77,1.03,0.73,4.40,5.53,2485,1
2026-05-16 05:30:44,2.1,11.18,11.35,11.63,1545545,83907,5.4,0,0,0.0,1007,738,77,1.03,0.75,5.88,7.32,2489,5
2026-05-16 05:31:44,2.0,12.03,11.52,11.67,1545545,83907,5.4,0,0,0.0,1007,738,77,1.03,0.86,4.14,5.27,2498,4
2026-05-16 05:32:44,1.8,12.26,11.59,11.68,1545545,83932,5.4,0,0,0.0,1007,738,77,1.03,0.78,7.16,8.01,2502,3
2026-05-16 05:33:45,1.7,11.41,11.47,11.63,1545545,83951,5.4,0,0,0.0,1007,738,77,1.03,0.80,7.12,8.90,2499,2
2026-05-16 05:34:45,1.1,10.98,11.33,11.57,1545545,83904,5.4,0,0,0.0,1007,738,77,1.03,0.82,2.05,3.40,2484,3
2026-05-16 05:35:45,1.4,11.31,11.35,11.56,1545545,83920,5.4,0,0,0.0,1007,738,77,1.03,0.77,1.15,2.56,2481,2
2026-05-16 05:36:46,1.6,11.11,11.26,11.52,1545545,83937,5.4,0,0,0.0,1007,738,77,1.03,0.78,5.59,6.71,2491,2
2026-05-16 05:37:46,1.5,10.25,11.02,11.42,1545545,83939,5.4,0,0,0.0,1007,738,77,1.03,0.69,5.81,6.74,2478,4
2026-05-16 05:38:46,1.9,10.72,11.05,11.40,1545545,83936,5.4,0,0,0.0,1007,738,77,1.03,0.74,2.28,3.60,2488,3
2026-05-16 05:39:47,1.5,9.76,10.71,11.26,1545545,83909,5.4,0,0,0.0,1007,738,77,1.03,0.98,0.42,1.99,2497,5
2026-05-16 05:40:47,1.2,10.12,10.63,11.20,1545545,83923,5.4,0,0,0.0,1007,738,77,1.03,0.62,3.11,4.38,2507,3
2026-05-16 05:41:47,2.1,10.43,10.59,11.15,1545545,83948,5.4,0,0,0.0,1007,738,77,1.03,0.78,3.46,4.69,2478,3
2026-05-16 05:42:48,2.9,10.64,10.64,11.13,1545545,83953,5.4,0,0,0.0,1007,738,77,1.03,0.75,2.46,3.77,2477,6
2026-05-16 05:43:48,2.0,10.40,10.55,11.07,1545545,83975,5.4,0,0,0.0,1007,738,77,1.03,0.70,3.75,4.99,2472,4
2026-05-16 05:44:48,1.3,12.00,11.04,11.21,1545545,83938,5.4,0,0,0.0,1007,738,77,1.03,0.89,7.24,8.55,2468,2
2026-05-16 05:45:49,3.2,11.94,11.12,11.22,1545545,83978,5.4,0,0,0.0,1007,738,77,1.03,0.88,6.53,8.03,2468,7
2026-05-16 05:46:49,2.1,11.24,11.06,11.19,1545545,83972,5.4,0,0,0.0,1007,738,77,1.03,0.82,5.58,6.73,2483,18
2026-05-16 05:47:49,2.0,13.75,11.73,11.40,1545545,83995,5.4,0,0,0.0,1007,738,77,1.03,0.78,8.47,9.60,2479,4
2026-05-16 05:48:50,1.4,12.58,11.82,11.46,1545545,84000,5.4,0,0,0.0,1007,738,77,1.03,0.67,7.43,8.49,2476,2
2026-05-16 05:49:50,1.5,11.26,11.58,11.40,1545545,83986,5.4,0,0,0.0,1007,738,77,1.03,0.79,1.90,3.31,2476,1
2026-05-16 05:50:50,2.1,10.39,11.26,11.30,1545545,84017,5.4,0,0,0.0,1007,738,77,1.03,0.70,7.27,8.24,2467,3
2026-05-16 05:51:51,1.1,10.14,11.06,11.22,1545545,83993,5.4,0,0,0.0,1007,738,77,1.03,0.81,2.23,3.57,2473,4
2026-05-16 05:52:51,1.3,10.24,10.91,11.16,1545545,84046,5.4,0,0,0.0,1007,738,77,1.03,0.64,4.74,5.84,2478,1
2026-05-16 05:53:51,1.6,11.78,11.25,11.26,1545545,84031,5.4,0,0,0.0,1007,738,77,1.03,0.79,7.13,7.95,2490,2
2026-05-16 05:54:52,1.8,14.50,11.96,11.49,1545545,84013,5.4,0,0,0.0,1007,738,77,1.03,0.86,4.41,5.58,2498,6
2026-05-16 05:55:52,1.2,15.89,13.02,11.90,1545545,84013,5.4,0,0,0.0,1007,738,77,1.03,0.76,6.27,7.27,2501,2
2026-05-16 05:56:52,11.0,20.52,14.63,12.52,1545545,84031,5.4,0,0,0.0,1007,738,77,1.03,0.77,7.87,9.77,2496,25
2026-05-16 05:57:53,1.3,19.64,15.39,12.90,1545545,84042,5.4,0,0,0.0,1007,738,77,1.03,0.85,7.50,8.48,2495,2
2026-05-16 05:58:53,1.4,15.61,14.99,12.92,1545545,84042,5.4,0,0,0.0,1007,738,77,1.03,0.81,1.12,2.51,2489,1
2026-05-16 05:59:53,1.2,13.20,14.43,12.85,1545545,84016,5.4,0,0,0.0,1007,738,77,1.03,0.66,3.12,4.42,2486,3
2026-05-16 06:00:54,2.1,15.27,14.58,12.99,1545545,84040,5.4,0,0,0.0,1007,738,77,1.03,0.80,4.37,5.77,2478,5
2026-05-16 06:01:54,1.5,14.75,14.95,13.24,1545545,84029,5.4,0,0,0.0,1007,738,77,1.03,5.47,9.44,10.23,2484,3
2026-05-16 06:02:54,1.1,13.89,14.54,13.20,1545545,84066,5.4,0,0,0.0,1007,738,77,1.03,0.82,9.96,10.53,2473,4
2026-05-16 06:03:55,1.3,11.06,13.60,12.96,1545545,84054,5.4,0,0,0.0,1007,738,77,1.03,0.74,0.35,1.81,2474,5
2026-05-16 06:04:55,1.9,13.23,13.73,13.04,1545545,84043,5.4,0,0,0.0,1007,738,77,1.03,0.80,7.51,8.39,2464,4
2026-05-16 06:05:55,1.7,14.46,14.09,13.21,1545545,84050,5.4,0,0,0.0,1007,738,77,1.03,0.82,10.95,12.87,2475,3
2026-05-16 06:06:56,1.2,12.09,13.48,13.06,1545545,84054,5.4,0,0,0.0,1007,738,77,1.03,0.86,0.66,2.16,2474,17
2026-05-16 06:07:56,1.4,12.78,13.46,13.08,1545545,84059,5.4,0,0,0.0,1007,738,77,1.03,0.81,7.65,9.46,2480,3
2026-05-16 06:08:56,2.4,12.96,13.30,13.04,1545545,84100,5.4,0,0,0.0,1007,738,77,1.03,0.74,6.15,7.76,2476,2
2026-05-16 06:09:57,2.0,12.28,13.14,13.01,1545545,84085,5.4,0,0,0.0,1007,738,77,1.03,0.66,8.72,10.06,2484,4
2026-05-16 06:10:57,1.3,11.07,12.68,12.86,1545545,84071,5.4,0,0,0.0,1007,738,77,1.03,0.74,4.00,5.16,2477,2
2026-05-16 06:11:57,1.9,10.01,12.07,12.64,1545545,84099,5.4,0,0,0.0,1007,738,77,1.03,0.89,2.41,3.70,2483,8
2026-05-16 06:12:58,10.1,11.75,12.23,12.66,1545545,84137,5.4,0,0,0.0,1007,738,77,1.03,0.80,10.31,12.18,2485,5
2026-05-16 06:13:58,1.8,11.61,12.09,12.58,1545545,84129,5.4,0,0,0.0,1007,738,77,1.03,0.61,10.08,11.05,2486,6
2026-05-16 06:14:58,3.1,10.32,11.65,12.39,1545545,84088,5.4,0,0,0.0,1007,738,77,1.03,0.93,0.34,1.87,2487,4
2026-05-16 06:15:59,1.7,11.60,11.72,12.37,1545545,84112,5.4,0,0,0.0,1007,738,77,1.03,0.84,6.32,7.64,2489,3
2026-05-16 06:16:59,1.4,12.43,11.98,12.42,1545545,84102,5.4,0,0,0.0,1007,738,77,1.03,0.86,2.09,3.57,2483,4
2026-05-16 06:17:59,1.3,10.95,11.63,12.27,1545545,84140,5.4,0,0,0.0,1007,738,77,1.03,0.71,4.31,5.43,2482,3
2026-05-16 06:19:00,2.0,10.53,11.38,12.14,1545545,84177,5.4,0,0,0.0,1007,738,77,1.03,0.73,4.07,5.33,2486,6
2026-05-16 06:20:00,1.7,10.82,11.32,12.07,1545545,84111,5.4,0,0,0.0,1007,738,77,1.03,0.80,4.23,5.37,2482,5
2026-05-16 06:21:00,1.5,11.63,11.50,12.09,1545545,84117,5.4,0,0,0.0,1007,738,77,1.03,0.73,5.15,6.18,2485,3
2026-05-16 06:22:01,1.1,10.84,11.31,11.99,1545545,84146,5.4,0,0,0.0,1007,738,77,1.03,1.01,5.45,6.59,2483,4
2026-05-16 06:23:01,1.2,10.62,11.13,11.88,1545545,84157,5.4,0,0,0.0,1007,738,77,1.03,0.82,2.71,4.01,2486,5
2026-05-16 06:24:01,1.2,13.73,11.97,12.12,1545545,84162,5.4,0,0,0.0,1007,738,77,1.03,0.84,7.53,9.42,2486,1
2026-05-16 06:25:02,1.9,11.70,11.68,12.01,1545545,84159,5.4,0,0,0.0,1007,738,77,1.03,0.79,4.44,5.60,2471,4
2026-05-16 06:26:02,1.2,11.01,11.50,11.93,1545545,84135,5.4,0,0,0.0,1007,738,77,1.03,0.82,2.31,3.56,2468,25
2026-05-16 06:27:02,1.9,13.45,11.96,12.05,1545545,84167,5.4,0,0,0.0,1007,738,77,1.03,0.88,9.17,10.32,2470,3
2026-05-16 06:28:03,1.3,11.61,11.73,11.96,1545545,84171,5.4,0,0,0.0,1007,738,77,1.03,0.76,0.83,2.24,2478,2
2026-05-16 06:29:03,1.4,10.11,11.29,11.80,1545545,84162,5.4,0,0,0.0,1007,738,77,1.03,0.79,0.33,1.82,2475,3
2026-05-16 06:30:03,3.0,10.12,11.06,11.68,1545545,84166,5.4,0,0,0.0,1007,738,77,1.03,0.76,5.95,7.41,2485,4
2026-05-16 06:31:04,1.8,11.04,11.19,11.69,1545545,84156,5.4,0,0,0.0,1007,738,77,1.03,0.78,6.69,8.10,2488,4
2026-05-16 06:32:04,1.8,11.36,11.26,11.68,1545545,84168,5.4,0,0,0.0,1007,738,77,1.03,0.84,8.15,9.53,2485,3
2026-05-16 06:33:04,2.2,10.60,11.01,11.56,1545545,84204,5.4,0,0,0.0,1007,738,77,1.03,0.67,5.46,6.44,2475,3
2026-05-16 06:34:05,1.3,12.15,11.40,11.67,1545545,84213,5.4,0,0,0.0,1007,738,77,1.03,0.76,11.46,13.37,2471,6
2026-05-16 06:35:05,2.0,11.87,11.40,11.65,1545545,84187,5.4,0,0,0.0,1007,738,77,1.03,0.90,10.05,11.33,2475,2
2026-05-16 06:36:05,1.4,11.60,11.47,11.66,1545545,84179,5.4,0,0,0.0,1007,738,77,1.03,0.81,6.27,7.59,2485,2
2026-05-16 06:37:06,1.6,10.88,11.28,11.58,1545545,84172,5.4,0,0,0.0,1007,738,77,1.03,0.82,0.75,2.21,2503,6
2026-05-16 06:38:06,1.3,10.34,11.06,11.48,1545545,84195,5.4,0,0,0.0,1007,738,77,1.03,0.76,0.34,1.80,2492,4
2026-05-16 06:39:06,1.5,10.21,10.91,11.40,1545545,84210,5.4,0,0,0.0,1007,738,77,1.03,0.69,5.08,6.20,2486,1
2026-05-16 06:40:07,1.3,11.09,11.03,11.42,1545545,84207,5.4,0,0,0.0,1007,738,77,1.03,0.87,6.65,7.63,2480,2
2026-05-16 06:41:07,2.0,10.81,10.99,11.38,1545545,84228,5.4,0,0,0.0,1007,738,77,1.03,0.72,7.35,8.30,2476,6
2026-05-16 06:42:07,1.2,10.33,10.83,11.30,1545545,84196,5.4,0,0,0.0,1007,738,77,1.03,0.88,1.90,3.24,2483,4
2026-05-16 06:43:08,1.4,10.18,10.68,11.22,1545545,84207,5.4,0,0,0.0,1007,738,77,1.03,0.77,0.37,1.79,2484,1
2026-05-16 06:44:08,1.3,10.42,10.64,11.17,1545545,84224,5.4,0,0,0.0,1007,738,77,1.03,0.71,0.31,1.81,2486,2
2026-05-16 06:45:08,2.9,11.76,11.01,11.26,1545545,84208,5.4,0,0,0.0,1007,738,77,1.03,0.84,9.14,10.73,2489,15
2026-05-16 06:46:09,1.1,11.01,10.97,11.23,1545545,84198,5.4,0,0,0.0,1007,738,77,1.03,0.87,5.49,6.68,2484,6
2026-05-16 06:47:09,1.3,10.60,10.86,11.18,1545545,84225,5.4,0,0,0.0,1007,738,77,1.03,1.00,4.73,6.08,2480,2
2026-05-16 06:48:09,1.3,11.46,11.06,11.23,1545545,84239,5.5,0,0,0.0,1007,738,77,1.03,0.63,5.28,7.03,2486,2
2026-05-16 06:49:10,1.5,11.43,11.10,11.23,1545545,84242,5.5,0,0,0.0,1007,738,77,1.03,0.77,0.30,1.79,2475,2
2026-05-16 06:50:10,1.7,12.98,11.67,11.42,1545545,84214,5.4,0,0,0.0,1007,738,77,1.03,0.79,6.33,7.27,2484,3
2026-05-16 06:51:10,3.2,11.59,11.50,11.38,1545545,84240,5.5,0,0,0.0,1007,738,77,1.03,0.61,4.23,5.56,2488,5
2026-05-16 06:52:11,1.3,12.64,11.95,11.55,1545545,84237,5.5,0,0,0.0,1007,738,77,1.03,0.95,10.91,13.29,2472,2
2026-05-16 06:53:11,1.3,11.80,11.88,11.55,1545545,84257,5.5,0,0,0.0,1007,738,77,1.03,0.80,0.69,2.17,2474,4
2026-05-16 06:54:11,1.4,12.44,12.15,11.67,1545545,84272,5.5,0,0,0.0,1007,738,77,1.03,0.78,9.05,10.03,2492,2
2026-05-16 06:55:12,1.2,11.25,11.84,11.59,1545545,84246,5.5,0,0,0.0,1007,738,77,1.03,0.82,1.49,2.89,2485,1
2026-05-16 06:56:12,2.0,10.92,11.61,11.53,1545545,84279,5.5,0,0,0.0,1007,738,77,1.03,0.77,6.39,7.58,2473,5
2026-05-16 06:57:12,1.1,10.68,11.49,11.49,1545545,84277,5.5,0,0,0.0,1007,738,77,1.19,1.48,5.90,7.61,2479,1
2026-05-16 06:58:13,1.2,10.12,11.19,11.39,1545545,84291,5.5,0,0,0.0,1007,738,77,1.03,0.84,0.78,2.34,2475,6
2026-05-16 06:59:13,1.5,10.64,11.16,11.37,1545545,84315,5.5,0,0,0.0,1007,738,77,1.03,0.63,7.44,8.54,2473,6
2026-05-16 07:00:13,1.3,10.76,11.08,11.32,1545545,84267,5.5,0,0,0.0,1007,738,77,1.06,0.80,5.53,6.51,2485,3
2026-05-16 07:01:14,1.7,10.85,11.05,11.30,1545545,84291,5.5,0,0,0.0,1007,738,77,1.03,3.20,3.04,4.42,2498,7
2026-05-16 07:02:14,1.2,11.69,11.35,11.39,1545545,84280,5.5,0,0,0.0,1007,738,77,1.03,0.79,6.99,8.39,2487,3
2026-05-16 07:03:14,1.7,10.35,11.04,11.28,1545545,84337,5.5,0,0,0.0,1007,738,77,1.03,0.74,0.78,2.34,2492,3
2026-05-16 07:04:14,1.3,10.62,11.05,11.27,1545545,84332,5.5,0,0,0.0,1007,738,77,1.03,0.88,7.25,8.77,2480,3
2026-05-16 07:05:15,1.3,10.61,10.95,11.22,1545545,84300,5.5,0,0,0.0,1007,738,77,1.03,0.80,0.36,1.79,2465,1
2026-05-16 07:06:15,1.2,10.59,10.91,11.19,1545545,84312,5.5,0,0,0.0,1007,738,77,1.03,0.77,0.30,1.79,2472,2
2026-05-16 07:07:15,2.4,11.59,11.10,11.23,1545545,84330,5.5,0,0,0.0,1007,738,77,1.03,0.79,2.86,4.11,2462,3
2026-05-16 07:08:16,1.2,11.42,11.24,11.27,1545545,84323,5.5,0,0,0.0,1007,738,77,1.03,0.81,3.75,5.00,2464,3
2026-05-16 07:09:16,1.7,12.53,11.68,11.43,1545545,84336,5.5,0,0,0.0,1007,738,77,1.03,0.86,6.40,8.40,2465,1
2026-05-16 07:10:16,1.4,12.41,11.79,11.48,1545545,84318,5.5,0,0,0.0,1007,738,77,1.03,0.64,3.35,4.98,2476,1
2026-05-16 07:11:17,1.2,12.19,11.92,11.55,1545545,84328,5.5,0,0,0.0,1007,738,77,1.03,0.77,8.67,9.61,2475,1
2026-05-16 07:12:17,1.3,10.91,11.62,11.47,1545545,84325,5.5,0,0,0.0,1007,738,77,1.03,0.85,1.11,2.56,2483,10
2026-05-16 07:13:17,1.3,10.45,11.35,11.39,1545545,84351,5.5,0,0,0.0,1007,738,77,1.03,0.75,1.52,2.88,2480,1
2026-05-16 07:14:18,2.6,10.50,11.20,11.33,1545545,84343,5.5,0,0,0.0,1007,738,77,1.03,0.82,3.99,5.27,2475,6
2026-05-16 07:15:18,1.8,10.04,10.93,11.23,1545545,84329,5.5,0,0,0.0,1007,738,77,1.03,0.82,5.71,6.68,2483,6
2026-05-16 07:16:18,2.9,10.30,10.86,11.18,1545545,84337,5.5,0,0,0.0,1007,738,77,1.03,0.82,6.46,7.75,2497,8
2026-05-16 07:17:19,1.8,10.68,10.89,11.17,1545545,84372,5.5,0,0,0.0,1007,738,77,1.03,0.86,9.27,10.40,2493,7
2026-05-16 07:18:19,1.7,9.99,10.65,11.07,1545545,84383,5.5,0,0,0.0,1007,738,77,1.03,0.69,2.93,4.21,2497,5
2026-05-16 07:19:19,2.5,11.77,11.15,11.22,1545545,84404,5.5,0,0,0.0,1007,738,77,1.03,0.74,2.27,3.55,2497,5
2026-05-16 07:20:20,2.7,11.56,11.20,11.24,1545545,84384,5.5,0,0,0.0,1007,738,77,1.03,0.85,8.26,9.30,2494,4
2026-05-16 07:21:20,2.1,15.14,12.60,11.73,1545545,84385,5.5,0,0,0.0,1007,738,77,2.07,0.93,5.77,7.11,2481,6
2026-05-16 07:22:20,3.5,12.37,12.29,11.68,1545545,84434,5.5,0,0,0.0,1007,738,77,1.03,0.85,7.88,9.03,2482,5
2026-05-16 07:23:21,1.2,11.45,12.14,11.68,1545545,84414,5.5,0,0,0.0,1007,738,77,0.00,0.77,3.66,5.37,2472,1
2026-05-16 07:24:21,1.4,14.90,12.91,11.96,1545545,84420,5.5,0,0,0.0,1007,738,77,2.07,0.92,1.11,2.50,2478,4
2026-05-16 07:25:21,2.2,12.48,12.54,11.90,1545545,84421,5.5,0,0,0.0,1007,738,77,1.03,0.82,11.16,12.39,2490,6
2026-05-16 07:26:22,1.5,11.44,12.22,11.82,1545545,84412,5.5,0,0,0.0,1007,738,77,1.03,0.82,5.15,6.82,2492,2
2026-05-16 07:27:22,4.6,10.93,11.93,11.75,1545545,84439,5.5,0,0,0.0,1007,738,77,1.03,1.01,7.75,8.49,2488,23
2026-05-16 07:28:22,5.4,10.68,11.71,11.68,1545545,84430,5.5,0,0,0.0,1007,738,77,1.03,0.83,6.18,7.97,2491,9
2026-05-16 07:29:23,2.2,10.16,11.34,11.56,1545545,84463,5.5,0,0,0.0,1007,738,77,1.03,0.61,5.07,6.09,2493,4
2026-05-16 07:30:23,1.3,10.03,11.09,11.46,1545545,84411,5.5,0,0,0.0,1007,738,77,1.03,0.89,2.38,3.73,2487,4
2026-05-16 07:31:23,1.4,9.84,10.86,11.35,1545545,84418,5.5,0,0,0.0,1007,738,77,1.03,0.83,5.19,6.48,2479,5
2026-05-16 07:32:24,1.4,9.68,10.63,11.24,1545545,84436,5.5,0,0,0.0,1007,738,77,1.03,0.90,3.17,4.37,2485,3
2026-05-16 07:33:24,2.0,9.97,10.55,11.18,1545545,84459,5.5,0,0,0.0,1007,738,77,1.03,0.63,1.10,2.51,2485,8
2026-05-16 07:34:24,1.8,9.79,10.41,11.09,1545545,84463,5.5,0,0,0.0,1007,738,77,1.03,0.88,8.89,9.94,2493,4
2026-05-16 07:35:25,1.2,11.92,10.86,11.20,1545545,84426,5.5,0,0,0.0,1007,738,77,1.03,0.85,8.57,9.96,2503,4
2026-05-16 07:36:25,1.1,10.19,10.56,11.07,1545545,84434,5.5,0,0,0.0,1007,738,77,1.03,0.71,0.32,1.79,2509,7
2026-05-16 07:37:25,1.3,9.93,10.51,11.03,1545545,84449,5.5,0,0,0.0,1007,738,77,1.03,0.97,0.42,1.96,2501,3
2026-05-16 07:38:26,2.3,13.49,11.17,11.21,1545545,84480,5.5,0,0,0.0,1007,738,77,1.03,0.73,4.26,5.45,2511,3
2026-05-16 07:39:26,1.7,10.71,10.80,11.08,1545545,84465,5.5,0,0,0.0,1007,738,77,1.03,0.66,2.40,3.67,2501,1
2026-05-16 07:40:26,1.1,12.25,11.26,11.22,1545545,84442,5.5,0,0,0.0,1007,738,77,1.03,0.75,4.66,5.84,2476,1
2026-05-16 07:41:27,2.0,16.59,12.60,11.68,1545545,84468,5.5,0,0,0.0,1007,738,77,1.03,0.77,7.06,8.32,2492,3
2026-05-16 07:42:27,1.3,14.96,12.89,11.83,1545545,84476,5.5,0,0,0.0,1007,738,77,1.03,0.89,8.01,8.82,2490,6
2026-05-16 07:43:27,1.7,14.86,13.34,12.06,1545545,84485,5.5,0,0,0.0,1007,738,77,1.03,0.80,6.55,7.56,2479,7
2026-05-16 07:44:28,2.7,13.22,13.37,12.17,1545545,84437,5.5,0,0,0.0,1007,738,77,1.03,0.88,3.64,5.05,2486,2
2026-05-16 07:45:28,1.9,14.32,13.85,12.41,1545545,84428,5.5,0,0,0.0,1007,738,77,1.03,0.87,4.51,5.59,2488,29
2026-05-16 07:46:28,1.7,14.15,13.90,12.52,1545545,84428,5.5,0,0,0.0,1007,738,77,1.03,0.74,4.96,6.12,2479,2
2026-05-16 07:47:29,1.7,11.34,13.12,12.34,1545545,84479,5.5,0,0,0.0,1007,738,77,1.03,0.93,0.64,2.04,2491,2
2026-05-16 07:48:29,1.1,12.22,13.02,12.35,1545545,84473,5.5,0,0,0.0,1007,738,77,1.03,0.82,2.85,4.32,2505,2
2026-05-16 07:49:29,1.1,14.00,13.08,12.40,1545545,84469,5.5,0,0,0.0,1007,738,77,1.03,0.68,0.33,1.78,2495,1
2026-05-16 07:50:30,1.9,12.05,12.69,12.30,1545545,84460,5.5,0,0,0.0,1007,738,77,1.03,0.76,3.53,4.72,2505,10
2026-05-16 07:51:30,1.6,12.00,12.60,12.30,1545545,84489,5.5,0,0,0.0,1007,738,77,1.03,0.82,10.03,11.00,2509,3
2026-05-16 07:52:30,1.2,10.27,11.99,12.11,1545545,84482,5.5,0,0,0.0,1007,738,77,1.03,0.81,1.31,2.74,2499,1
2026-05-16 07:53:31,1.9,10.01,11.57,11.95,1545545,84523,5.5,0,0,0.0,1007,738,77,1.03,0.71,3.23,4.45,2491,3
2026-05-16 07:54:31,2.1,11.04,11.54,11.91,1545545,84518,5.5,0,0,0.0,1007,738,77,1.03,0.84,7.96,9.36,2504,3
2026-05-16 07:55:31,1.2,10.79,11.43,11.85,1545545,84499,5.5,0,0,0.0,1007,738,77,1.03,0.88,6.05,6.99,2493,3
2026-05-16 07:56:32,1.0,9.85,11.04,11.69,1545545,84497,5.5,0,0,0.0,1007,738,77,1.03,0.72,1.19,2.53,2487,1
2026-05-16 07:57:32,1.9,9.38,10.67,11.52,1545545,84526,5.5,0,0,0.0,1007,738,77,1.03,0.76,2.39,3.69,2495,3
2026-05-16 07:58:32,1.2,9.88,10.55,11.43,1545545,84494,5.5,0,0,0.0,1007,738,77,1.10,0.79,3.47,4.62,2483,2
2026-05-16 07:59:33,3.1,12.52,11.04,11.53,1545545,84525,5.5,0,0,0.0,1007,738,77,1.03,0.79,5.27,6.75,2480,6
2026-05-16 08:00:33,1.9,12.65,11.39,11.62,1545545,84471,5.5,0,0,0.0,1007,738,77,1.03,0.79,8.27,10.05,2501,4
2026-05-16 08:01:33,2.8,10.68,11.06,11.49,1545545,84506,5.5,0,0,0.0,1007,738,77,1.03,0.75,1.76,3.16,2504,4
2026-05-16 08:02:34,1.5,11.74,11.38,11.58,1545545,84524,5.5,0,0,0.0,1007,738,77,1.03,0.84,4.96,6.28,2490,2
2026-05-16 08:03:34,1.0,10.78,11.11,11.47,1545545,84514,5.5,0,0,0.0,1007,738,77,1.03,0.76,3.63,4.80,2497,3
2026-05-16 08:04:34,1.9,10.97,11.11,11.45,1545545,84555,5.5,0,0,0.0,1007,738,77,1.03,0.84,6.19,7.17,2499,4
2026-05-16 08:05:35,1.1,12.06,11.67,11.64,1545545,84510,5.5,0,0,0.0,1007,738,77,1.03,0.74,1.70,3.13,2478,3
2026-05-16 08:06:35,1.1,12.10,11.71,11.65,1545545,84501,5.5,0,0,0.0,1007,738,77,1.03,0.88,3.12,4.41,2498,5
2026-05-16 08:07:35,1.6,10.22,11.26,11.50,1545545,84524,5.5,0,0,0.0,1007,738,77,1.03,0.79,0.34,1.83,2493,3
2026-05-16 08:08:36,1.2,9.20,10.79,11.32,1545545,84532,5.5,0,0,0.0,1007,738,77,1.03,0.77,0.73,2.16,2490,3
2026-05-16 08:09:36,1.5,10.98,11.00,11.36,1545545,84558,5.5,0,0,0.0,1007,738,77,1.03,0.62,7.28,8.67,2495,3
2026-05-16 08:10:36,1.4,9.94,10.71,11.23,1545545,84502,5.5,0,0,0.0,1007,738,77,1.03,0.71,0.35,1.88,2479,1
2026-05-16 08:11:37,1.9,11.34,10.95,11.28,1545545,84532,5.5,0,0,0.0,1007,738,77,1.03,0.77,7.28,8.82,2471,6
2026-05-16 08:12:37,1.4,10.29,10.72,11.18,1545545,84533,5.5,0,0,0.0,1007,738,77,1.03,0.84,3.25,4.44,2491,1
2026-05-16 08:13:37,1.2,10.00,10.54,11.09,1545545,84530,5.5,0,0,0.0,1007,738,77,1.03,0.73,0.33,1.80,2474,2
2026-05-16 08:14:38,3.3,10.26,10.46,11.02,1545545,84536,5.5,0,0,0.0,1007,738,77,1.03,0.67,6.48,7.61,2476,4
2026-05-16 08:15:38,1.3,11.41,10.76,11.09,1545545,84524,5.5,0,0,0.0,1007,738,77,1.03,0.85,6.14,7.89,2493,2
2026-05-16 08:16:38,1.7,10.78,10.67,11.03,1545545,84534,5.5,0,0,0.0,1007,738,77,1.03,0.87,4.21,5.62,2488,3
2026-05-16 08:17:39,1.9,14.23,11.55,11.31,1545545,84559,5.5,0,0,0.0,1007,738,77,1.03,0.79,11.85,13.89,2489,21
2026-05-16 08:18:39,2.1,12.42,11.59,11.34,1545545,84579,5.5,0,0,0.0,1007,738,77,1.03,0.66,8.88,9.56,2490,3
2026-05-16 08:19:39,1.1,13.34,12.12,11.55,1545545,84532,5.5,0,0,0.0,1007,738,77,1.03,0.75,6.22,8.03,2505,6
2026-05-16 08:20:40,1.9,12.69,12.21,11.62,1545545,84520,5.5,0,0,0.0,1007,738,77,1.03,0.68,4.99,6.37,2491,3
2026-05-16 08:21:40,1.2,12.17,12.11,11.62,1545545,84522,5.5,0,0,0.0,1007,738,77,1.03,0.94,3.16,4.45,2468,3
2026-05-16 08:22:40,1.4,10.59,11.68,11.50,1545545,84552,5.5,0,0,0.0,1007,738,77,1.03,0.92,3.54,4.82,2482,5
2026-05-16 08:23:41,4.0,10.40,11.38,11.40,1545545,84583,5.5,0,0,0.0,1007,738,77,1.03,0.70,1.99,3.38,2478,5
2026-05-16 08:24:41,1.1,12.89,11.95,11.60,1545545,84535,5.5,0,0,0.0,1007,738,77,1.03,0.71,9.86,12.39,2494,6
2026-05-16 08:25:41,1.0,10.97,11.62,11.51,1545545,84526,5.5,0,0,0.0,1007,738,77,1.03,0.74,5.10,6.20,2502,2
2026-05-16 08:26:42,2.2,10.04,11.22,11.38,1545545,84533,5.5,0,0,0.0,1007,738,77,1.03,0.79,0.38,1.81,2506,1
2026-05-16 08:27:42,6.3,10.70,11.18,11.35,1545545,84537,5.5,0,0,0.0,1007,738,77,1.03,0.99,4.80,6.03,2482,18
2026-05-16 08:28:42,3.0,11.00,11.15,11.33,1545545,84569,5.5,0,0,0.0,1007,738,77,1.03,0.57,4.97,6.14,2489,25
2026-05-16 08:29:43,1.9,12.00,11.47,11.43,1545545,84538,5.5,0,0,0.0,1007,738,77,1.03,0.68,4.65,6.43,2473,3
2026-05-16 08:30:43,1.1,11.87,11.56,11.47,1545545,84536,5.5,0,0,0.0,1007,738,77,1.03,0.77,9.36,11.12,2486,4
2026-05-16 08:31:43,1.1,10.24,11.17,11.34,1545545,84536,5.5,0,0,0.0,1007,738,77,1.03,0.79,1.09,2.64,2493,4
2026-05-16 08:32:44,1.2,10.86,11.14,11.32,1545545,84602,5.5,0,0,0.0,1007,738,77,1.03,0.73,6.24,7.42,2499,4
2026-05-16 08:33:44,1.1,10.91,11.10,11.29,1545545,84604,5.5,0,0,0.0,1007,738,77,1.03,0.79,1.58,3.08,2501,3
2026-05-16 08:34:44,1.3,12.92,11.60,11.45,1545545,84589,5.5,0,0,0.0,1007,738,77,1.03,0.79,7.97,9.65,2507,2
2026-05-16 08:35:45,1.2,11.70,11.58,11.45,1545545,84573,5.5,0,0,0.0,1007,738,77,1.03,0.71,0.35,1.77,2493,2
2026-05-16 08:36:45,1.3,10.39,11.21,11.33,1545545,84565,5.5,0,0,0.0,1007,738,77,1.10,0.84,1.90,3.28,2493,2
2026-05-16 08:37:45,2.0,10.67,11.12,11.29,1545545,84609,5.5,0,0,0.0,1007,738,77,1.19,0.72,7.01,7.88,2492,4
2026-05-16 08:38:46,1.2,10.90,11.22,11.32,1545545,84598,5.5,0,0,0.0,1007,738,77,1.03,0.75,7.73,8.64,2485,4
2026-05-16 08:39:46,3.4,11.14,11.17,11.30,1545545,84599,5.5,0,0,0.0,1007,738,77,1.03,0.70,4.28,5.77,2484,5
2026-05-16 08:40:46,1.4,12.37,11.60,11.44,1545545,84581,5.5,0,0,0.0,1007,738,77,1.03,0.73,11.27,12.22,2486,3
2026-05-16 08:41:47,1.1,12.02,11.65,11.46,1545545,84586,5.5,0,0,0.0,1007,738,77,1.03,0.91,8.07,8.77,2481,1
2026-05-16 08:42:47,1.0,10.22,11.20,11.32,1545545,84608,5.5,0,0,0.0,1007,738,77,1.03,0.63,1.93,3.26,2493,4
2026-05-16 08:43:47,2.5,10.17,10.99,11.24,1545545,84613,5.5,0,0,0.0,1007,738,77,1.03,0.80,1.08,2.54,2486,1
2026-05-16 08:44:48,3.0,12.15,11.31,11.33,1545545,84595,5.5,0,0,0.0,1007,738,77,1.03,0.78,4.06,5.54,2484,6
2026-05-16 08:45:48,1.7,11.96,11.43,11.37,1545545,84580,5.5,0,0,0.0,1007,738,77,1.03,0.78,3.33,5.11,2482,8
2026-05-16 08:46:49,2.8,11.36,11.34,11.34,1545545,84591,5.5,0,0,0.0,1007,738,77,1.03,0.75,6.51,7.59,2486,3
2026-05-16 08:47:49,1.0,10.67,11.16,11.28,1545545,84605,5.5,0,0,0.0,1007,738,77,1.03,0.73,4.72,5.80,2482,3
2026-05-16 08:48:49,1.1,10.16,10.91,11.18,1545545,84602,5.5,0,0,0.0,1007,738,77,1.03,0.73,0.31,1.82,2473,5
2026-05-16 08:49:50,1.3,10.28,10.79,11.12,1545545,84597,5.5,0,0,0.0,1007,738,77,1.03,0.77,4.32,5.59,2474,2
2026-05-16 08:50:50,2.1,9.92,10.61,11.04,1545545,84570,5.5,0,0,0.0,1007,738,77,1.03,0.67,5.13,6.30,2480,2
2026-05-16 08:51:50,1.8,15.74,12.25,11.58,1545545,84596,5.5,0,0,0.0,1007,738,77,1.03,0.90,7.18,8.03,2471,4
2026-05-16 08:52:51,1.2,12.23,11.97,11.53,1545545,84606,5.5,0,0,0.0,1007,738,77,1.03,0.69,7.15,7.95,2473,4
2026-05-16 08:53:51,2.5,10.67,11.54,11.40,1545545,84614,5.5,0,0,0.0,1007,738,77,1.03,0.66,0.31,1.77,2484,3
2026-05-16 08:54:51,1.2,11.80,11.77,11.50,1545545,84590,5.5,0,0,0.0,1007,738,77,1.03,0.90,8.96,10.15,2494,3
2026-05-16 08:55:52,1.9,11.75,11.73,11.50,1545545,84628,5.5,0,0,0.0,1007,738,77,1.03,0.89,7.31,8.32,2484,2
2026-05-16 08:56:52,1.1,11.46,11.67,11.49,1545545,84617,5.5,0,0,0.0,1007,738,77,1.03,0.77,9.04,9.71,2492,2
2026-05-16 08:57:52,7.6,11.78,11.62,11.48,1545545,84660,5.5,0,0,0.0,1007,738,77,1.03,0.73,5.05,6.53,2495,20
2026-05-16 08:58:53,2.9,10.80,11.43,11.42,1545545,84625,5.5,0,0,0.0,1007,738,77,1.03,0.64,3.21,4.93,2491,3
2026-05-16 08:59:53,1.2,10.73,11.28,11.37,1545545,84614,5.5,0,0,0.0,1007,738,77,1.03,0.77,6.50,8.03,2487,6
2026-05-16 09:00:53,3.0,10.98,11.22,11.34,1545545,84639,5.5,0,0,0.0,1007,738,77,1.78,0.76,7.41,9.11,2495,4
2026-05-16 09:01:54,1.1,10.80,11.09,11.29,1545545,84611,5.5,0,0,0.0,1007,738,77,1.16,0.94,2.40,4.28,2489,2
2026-05-16 09:02:54,1.3,11.91,11.29,11.34,1545545,84632,5.5,0,0,0.0,1007,738,77,1.08,0.79,5.11,6.26,2501,3
2026-05-16 09:03:54,1.2,11.40,11.27,11.33,1545545,84659,5.5,0,0,0.0,1007,738,77,1.13,0.73,8.28,9.13,2498,4
2026-05-16 09:04:55,3.0,10.75,11.08,11.26,1545545,84641,5.5,0,0,0.0,1007,738,77,1.03,0.73,2.67,4.04,2498,6
2026-05-16 09:05:55,1.2,10.69,11.02,11.22,1545545,84633,5.5,0,0,0.0,1007,738,77,1.03,0.75,4.63,6.02,2487,1
2026-05-16 09:06:55,1.9,10.41,10.88,11.16,1545545,84649,5.5,0,0,0.0,1007,738,77,1.03,1.04,5.11,6.34,2492,27
2026-05-16 09:07:55,1.2,10.39,10.78,11.11,1545545,84648,5.5,0,0,0.0,1007,738,77,1.03,0.69,2.80,4.06,2480,1
2026-05-16 09:08:56,2.0,11.55,10.99,11.15,1545545,84663,5.5,0,0,0.0,1007,738,77,1.03,0.69,8.73,10.16,2488,2
2026-05-16 09:09:56,3.5,10.97,10.90,11.11,1545545,84653,5.5,0,0,0.0,1007,738,77,1.03,0.78,7.82,8.93,2493,7
2026-05-16 09:10:56,2.0,10.84,10.87,11.09,1545545,84658,5.5,0,0,0.0,1007,738,77,1.03,0.61,7.85,8.86,2490,2
2026-05-16 09:11:57,1.1,10.98,10.94,11.10,1545545,84636,5.5,0,0,0.0,1007,738,77,1.03,0.91,5.69,7.40,2489,3
2026-05-16 09:12:57,1.1,10.79,10.86,11.06,1545545,84657,5.5,0,0,0.0,1007,738,77,1.03,0.87,0.42,1.99,2482,6
2026-05-16 09:13:57,1.2,10.19,10.66,10.98,1545545,84656,5.5,0,0,0.0,1007,738,77,1.03,0.73,2.70,4.02,2473,48
2026-05-16 09:14:58,1.1,9.73,10.44,10.88,1545545,84635,5.5,0,0,0.0,1007,738,77,1.03,0.73,2.74,4.00,2468,4
2026-05-16 09:15:58,2.8,11.67,10.75,10.95,1545545,84648,5.5,0,0,0.0,1007,738,77,1.03,0.75,7.58,8.80,2469,4
2026-05-16 09:16:58,1.8,11.16,10.80,10.96,1545545,84658,5.5,0,0,0.0,1007,738,77,1.03,0.98,10.52,11.75,2476,4
2026-05-16 09:17:59,3.0,12.34,11.24,11.10,1545545,84705,5.5,0,0,0.0,1007,738,77,1.03,0.77,11.09,13.07,2473,4
2026-05-16 09:18:59,1.8,10.99,11.08,11.06,1545545,84706,5.5,0,0,0.0,1007,738,77,1.03,0.75,9.05,10.06,2480,4
2026-05-16 09:19:59,2.8,11.76,11.21,11.10,1545545,84695,5.5,0,0,0.0,1007,738,77,1.03,0.73,8.62,9.80,2491,7
2026-05-16 09:21:00,1.8,10.78,11.05,11.05,1545545,84675,5.5,0,0,0.0,1007,738,77,1.03,0.71,1.03,2.58,2485,7
2026-05-16 09:22:00,1.7,10.03,10.79,10.96,1545545,84705,5.5,0,0,0.0,1007,738,77,1.03,0.98,3.03,4.26,2479,4
2026-05-16 09:23:00,2.1,15.68,12.20,11.43,1545545,84717,5.5,0,0,0.0,1007,738,77,1.03,0.75,10.48,11.56,2485,3
2026-05-16 09:24:01,1.2,14.22,12.45,11.57,1545545,84709,5.5,0,0,0.0,1007,738,77,1.03,0.81,2.92,4.30,2477,8
2026-05-16 09:25:01,2.0,14.30,12.86,11.77,1545545,84701,5.5,0,0,0.0,1007,738,77,1.10,0.83,9.06,9.67,2469,4
2026-05-16 09:26:01,1.2,12.36,12.61,11.75,1545545,84684,5.5,0,0,0.0,1007,738,77,1.28,0.65,3.68,4.79,2483,1
2026-05-16 09:27:02,1.2,14.92,13.40,12.08,1545545,84690,5.5,0,0,0.0,1007,738,77,1.03,0.94,4.69,5.89,2477,2
2026-05-16 09:28:02,3.1,18.87,14.89,12.68,1545545,84729,5.5,0,0,0.0,1007,738,77,1.03,0.79,9.22,10.55,2482,8
2026-05-16 09:29:02,12.9,17.19,15.19,12.94,1545545,84742,5.5,0,0,0.0,1007,738,77,1.03,0.75,9.05,10.62,2485,21
2026-05-16 09:30:03,3.6,16.55,15.38,13.14,1545545,84729,5.5,0,0,0.0,1007,738,77,1.03,0.83,10.80,12.64,2494,7
2026-05-16 09:31:03,4.2,15.98,15.31,13.25,1545545,84724,5.5,0,0,0.0,1007,738,77,1.03,0.76,7.84,9.46,2487,5
2026-05-16 09:32:03,1.2,12.29,14.41,13.07,1545545,84712,5.5,0,0,0.0,1007,738,77,1.03,0.75,3.32,4.81,2498,2
2026-05-16 09:33:04,1.2,11.14,13.68,12.90,1545545,84728,5.5,0,0,0.0,1007,738,77,1.15,0.79,3.90,5.08,2491,2
2026-05-16 09:34:04,1.1,10.54,13.07,12.74,1545545,84727,5.5,0,0,0.0,1007,738,77,1.03,0.73,1.09,2.51,2500,7
2026-05-16 09:35:04,1.4,10.19,12.52,12.57,1545545,84704,5.5,0,0,0.0,1007,738,77,1.03,0.79,0.41,1.99,2498,4
2026-05-16 09:36:05,1.3,9.38,11.87,12.34,1545545,84700,5.5,0,0,0.0,1007,738,77,1.03,0.84,0.34,1.79,2489,1
2026-05-16 09:37:05,1.1,9.16,11.35,12.13,1545545,84705,5.5,0,0,0.0,1007,738,77,1.03,0.87,0.38,1.81,2482,4
2026-05-16 09:38:05,3.5,11.30,11.50,12.13,1545545,84747,5.5,0,0,0.0,1007,738,77,1.03,0.77,8.57,9.66,2492,12
2026-05-16 09:39:06,2.2,10.96,11.35,12.04,1545545,84746,5.5,0,0,0.0,1007,738,77,1.03,0.63,2.85,4.29,2483,3
2026-05-16 09:40:06,2.3,10.56,11.24,11.96,1545545,84748,5.5,0,0,0.0,1007,738,77,1.03,0.79,3.56,5.14,2473,5
2026-05-16 09:41:06,1.7,11.07,11.24,11.91,1545545,84729,5.5,0,0,0.0,1007,738,77,1.03,0.73,8.13,10.05,2489,4
2026-05-16 09:42:07,2.1,11.47,11.39,11.93,1545545,84721,5.5,0,0,0.0,1007,738,77,1.03,0.85,7.27,8.11,2494,2
2026-05-16 09:43:07,1.2,11.43,11.46,11.92,1545545,84740,5.5,0,0,0.0,1007,738,77,1.03,0.74,7.55,8.90,2482,3
2026-05-16 09:44:07,1.1,10.34,11.14,11.78,1545545,84735,5.5,0,0,0.0,1007,738,77,1.03,0.67,0.71,2.15,2468,3
2026-05-16 09:45:08,3.1,9.94,10.86,11.64,1545545,84710,5.5,0,0,0.0,1007,738,77,1.03,0.75,4.30,5.44,2484,2
2026-05-16 09:46:08,1.3,9.58,10.61,11.50,1545545,84702,5.5,0,0,0.0,1007,738,77,1.03,0.80,0.41,1.99,2476,1
2026-05-16 09:47:08,1.2,11.21,10.90,11.54,1545545,84716,5.5,0,0,0.0,1007,738,77,1.03,0.89,5.89,6.99,2475,2
2026-05-16 09:48:09,1.7,11.05,10.89,11.50,1545545,84758,5.5,0,0,0.0,1007,738,77,1.03,0.75,3.77,4.87,2485,2
2026-05-16 09:49:09,1.1,11.26,10.94,11.47,1545545,84742,5.5,0,0,0.0,1007,738,77,1.03,0.74,1.72,3.10,2490,2
2026-05-16 09:50:09,2.8,10.94,10.83,11.39,1545545,84733,5.5,0,0,0.0,1007,738,77,1.03,0.65,2.57,4.06,2477,6
2026-05-16 09:51:10,1.7,11.20,11.08,11.46,1545545,84714,5.5,0,0,0.0,1007,738,77,1.03,0.81,5.30,7.08,2487,3
2026-05-16 09:52:10,2.0,10.43,10.87,11.36,1545545,84754,5.5,0,0,0.0,1007,738,77,1.09,0.82,8.21,9.22,2481,3
2026-05-16 09:53:10,1.3,10.52,10.86,11.33,1545545,84766,5.5,0,0,0.0,1007,738,77,1.03,0.78,4.96,6.00,2491,3
2026-05-16 09:54:11,1.8,13.72,11.65,11.56,1545545,84781,5.5,0,0,0.0,1007,738,77,1.03,0.70,7.49,9.24,2497,6
2026-05-16 09:55:11,1.3,11.43,11.36,11.47,1545545,84734,5.5,0,0,0.0,1007,738,77,1.03,0.70,5.80,7.15,2505,4
2026-05-16 09:56:11,1.1,10.42,11.09,11.37,1545545,84736,5.5,0,0,0.0,1007,738,77,1.03,0.83,5.22,6.18,2504,3
2026-05-16 09:57:12,1.0,10.24,10.95,11.30,1545545,84745,5.5,0,0,0.0,1007,738,77,1.03,0.91,5.16,6.28,2503,3
2026-05-16 09:58:12,1.8,10.01,10.76,11.21,1545545,84788,5.5,0,0,0.0,1007,738,77,1.03,0.69,6.21,7.21,2478,6
2026-05-16 09:59:12,1.2,9.92,10.61,11.14,1545545,84760,5.5,0,0,0.0,1007,738,77,1.03,0.68,2.91,4.14,2466,3
2026-05-16 10:00:13,1.1,10.92,10.79,11.16,1545545,84733,5.5,0,0,0.0,1007,738,77,1.03,0.77,7.77,8.96,2472,4
2026-05-16 10:01:13,1.8,10.64,10.70,11.10,1545545,84759,5.5,0,0,0.0,1007,738,77,1.13,2.94,6.32,7.25,2492,2
2026-05-16 10:02:13,1.6,10.15,10.55,11.03,1545545,84742,5.5,0,0,0.0,1007,738,77,1.07,0.86,1.93,3.41,2494,1
2026-05-16 10:03:14,1.6,10.61,10.61,11.01,1545545,84794,5.5,0,0,0.0,1007,738,77,1.09,0.77,5.12,6.30,2503,2
2026-05-16 10:04:14,1.2,11.16,10.82,11.06,1545545,84802,5.5,0,0,0.0,1007,738,77,1.03,0.87,6.38,7.40,2513,1
2026-05-16 10:05:14,1.8,11.23,10.95,11.09,1545545,84785,5.5,0,0,0.0,1007,738,77,1.03,0.77,6.20,7.13,2495,4
2026-05-16 10:06:15,1.0,11.43,11.05,11.12,1545545,84759,5.5,0,0,0.0,1007,738,77,1.03,0.64,10.85,11.41,2477,5
2026-05-16 10:07:15,1.8,11.55,11.14,11.14,1545545,84789,5.5,0,0,0.0,1007,738,77,1.03,0.83,12.28,12.88,2474,6
2026-05-16 10:08:15,2.9,11.80,11.26,11.18,1545545,84812,5.5,0,0,0.0,1007,738,77,1.03,0.75,12.37,12.87,2470,20
2026-05-16 10:09:16,3.1,11.97,11.47,11.26,1545545,84812,5.5,0,0,0.0,1007,738,77,1.03,0.80,11.87,13.24,2459,6
2026-05-16 10:10:16,2.1,13.74,12.14,11.51,1545545,84780,5.5,0,0,0.0,1007,738,77,1.03,0.75,11.74,13.01,2474,2
2026-05-16 10:11:17,1.9,13.14,12.29,11.60,1545545,84788,5.5,0,0,0.0,1007,738,77,1.03,0.62,11.05,12.89,2477,4
2026-05-16 10:12:17,1.7,12.85,12.39,11.69,1545545,84800,5.5,0,0,0.0,1007,738,77,1.03,0.82,11.86,12.98,2475,2
2026-05-16 10:13:17,6.2,12.88,12.51,11.77,1545545,84814,5.5,0,0,0.0,1007,738,77,1.03,0.81,12.24,12.57,2486,23
2026-05-16 10:14:18,13.4,13.86,12.87,11.95,1545545,84827,5.5,0,0,0.0,1007,738,77,1.03,0.81,11.25,12.94,2498,11
2026-05-16 10:15:18,2.9,13.51,12.98,12.05,1545545,84801,5.5,0,0,0.0,1007,738,77,1.03,0.76,11.60,12.88,2495,5
2026-05-16 10:16:18,3.2,12.28,12.71,12.01,1545545,84798,5.5,0,0,0.0,1007,738,77,1.03,0.77,11.99,12.68,2491,7
2026-05-16 10:17:19,2.1,12.90,12.83,12.10,1545545,84811,5.5,0,0,0.0,1007,738,77,1.03,0.85,11.78,12.82,2494,7
2026-05-16 10:18:19,1.6,13.21,12.98,12.19,1545545,84821,5.5,0,0,0.0,1007,738,77,1.03,0.66,11.71,12.83,2483,2
2026-05-16 10:19:19,2.0,13.78,13.09,12.28,1545545,84822,5.5,0,0,0.0,1007,738,77,1.03,0.77,11.92,12.70,2480,4
2026-05-16 10:20:20,3.3,14.50,13.35,12.41,1545545,84805,5.5,0,0,0.0,1007,738,77,1.03,0.75,11.82,12.55,2479,8
2026-05-16 10:21:20,2.9,13.54,13.42,12.51,1545545,84836,5.5,0,0,0.0,1007,738,77,2.07,0.77,11.75,12.64,2485,5
2026-05-16 10:22:20,3.3,12.58,13.16,12.48,1545545,84825,5.5,0,0,0.0,1007,738,77,1.03,0.85,11.55,12.60,2486,6
2026-05-16 10:23:21,3.2,13.37,13.28,12.56,1545545,84858,5.5,0,0,0.0,1007,738,77,1.03,0.81,11.62,12.74,2489,4
2026-05-16 10:24:21,2.2,13.61,13.29,12.61,1545545,84847,5.5,0,0,0.0,1007,738,77,1.16,0.78,11.50,12.79,2479,7
2026-05-16 10:25:21,1.8,13.10,13.24,12.63,1545545,84825,5.5,0,0,0.0,1007,738,77,1.03,0.84,11.63,12.73,2482,3
2026-05-16 10:26:22,2.2,12.75,13.12,12.63,1545545,84848,5.5,0,0,0.0,1007,738,77,1.20,0.82,12.23,12.61,2486,4
2026-05-16 10:27:22,4.4,11.49,12.70,12.52,1545545,84848,5.5,0,0,0.0,1007,738,77,1.18,0.87,11.67,12.83,2488,7
2026-05-16 10:28:22,3.3,13.77,13.17,12.69,1545545,84859,5.5,0,0,0.0,1007,738,77,1.31,0.76,10.84,12.39,2486,5
2026-05-16 10:29:23,2.0,13.22,13.11,12.70,1545545,84872,5.5,0,0,0.0,1007,738,77,1.03,0.73,11.60,12.53,2487,5
2026-05-16 10:30:23,3.0,12.96,13.06,12.71,1545545,84844,5.5,0,0,0.0,1007,738,77,1.03,0.73,11.76,12.38,2491,5
2026-05-16 10:31:23,2.2,12.18,12.79,12.64,1545545,84841,5.5,0,0,0.0,1007,738,77,1.03,0.80,11.87,12.62,2485,5
2026-05-16 10:32:24,3.0,11.42,12.45,12.53,1545545,84862,5.5,0,0,0.0,1007,738,77,1.03,0.76,11.98,12.50,2481,5
2026-05-16 10:33:24,3.4,12.16,12.48,12.54,1545545,84864,5.5,0,0,0.0,1007,738,77,1.03,0.75,10.88,12.32,2494,5
2026-05-16 10:34:24,1.8,11.86,12.35,12.49,1545545,84870,5.5,0,0,0.0,1007,738,77,1.03,0.76,11.84,12.65,2492,2
2026-05-16 10:35:25,1.8,11.29,12.06,12.38,1545545,84842,5.5,0,0,0.0,1007,738,77,1.03,0.75,11.75,12.40,2481,4
2026-05-16 10:36:25,3.1,11.20,11.89,12.30,1545545,84858,5.5,0,0,0.0,1007,738,77,1.03,0.79,11.82,12.70,2480,5
2026-05-16 10:37:25,1.8,11.57,11.87,12.26,1545545,84880,5.5,0,0,0.0,1007,738,77,1.03,0.80,12.03,12.57,2478,4
2026-05-16 10:38:26,1.7,13.47,12.36,12.41,1545545,84885,5.5,0,0,0.0,1007,738,77,1.03,0.77,12.09,12.35,2469,5
2026-05-16 10:39:26,3.0,13.96,12.73,12.53,1545545,84898,5.5,0,0,0.0,1007,738,77,1.03,0.68,11.35,12.42,2490,7
2026-05-16 10:40:26,2.2,12.88,12.64,12.52,1545545,84871,5.5,0,0,0.0,1007,738,77,1.03,0.67,11.21,12.57,2501,8
2026-05-16 10:41:27,1.9,12.02,12.41,12.44,1545545,84881,5.5,0,0,0.0,1007,738,77,1.03,0.79,12.01,12.34,2499,2
2026-05-16 10:42:27,2.3,11.44,12.16,12.35,1545545,84885,5.5,0,0,0.0,1007,738,77,1.03,0.91,11.57,12.77,2495,2
2026-05-16 10:43:27,9.4,11.40,11.98,12.28,1545545,84902,5.5,0,0,0.0,1007,738,77,1.03,0.74,11.60,12.27,2489,24
2026-05-16 10:44:28,11.2,11.88,12.00,12.26,1545545,84919,5.5,0,0,0.0,1007,738,77,1.03,0.79,10.86,12.58,2490,7
2026-05-16 10:45:28,3.0,14.04,12.54,12.43,1545545,84883,5.5,0,0,0.0,1007,738,77,1.03,0.79,11.20,12.28,2481,8
2026-05-16 10:46:28,2.9,13.39,12.61,12.46,1545545,84898,5.5,0,0,0.0,1007,738,77,1.03,0.82,11.39,12.70,2486,4
2026-05-16 10:47:29,1.9,13.12,12.72,12.51,1545545,84931,5.5,0,0,0.0,1007,738,77,1.03,0.77,11.97,12.34,2482,5
2026-05-16 10:48:29,2.8,12.86,12.72,12.52,1545545,84945,5.5,0,0,0.0,1007,738,77,1.03,0.80,11.25,12.46,2485,5
2026-05-16 10:49:29,4.4,11.63,12.39,12.42,1545545,84924,5.5,0,0,0.0,1007,738,77,1.03,0.73,11.71,12.39,2493,4
2026-05-16 10:50:30,2.1,11.17,12.14,12.33,1545545,84912,5.5,0,0,0.0,1007,738,77,1.03,0.71,11.15,12.18,2475,20
2026-05-16 10:51:30,3.3,11.44,12.10,12.31,1545545,84929,5.5,0,0,0.0,1007,738,77,1.03,0.66,11.06,12.31,2486,9
2026-05-16 10:52:30,2.3,11.27,11.96,12.25,1545545,84940,5.5,0,0,0.0,1007,738,77,1.03,0.78,11.54,12.53,2496,4
2026-05-16 10:53:31,3.4,10.99,11.76,12.16,1545545,84937,5.5,0,0,0.0,1007,738,77,1.03,0.84,11.46,12.52,2495,4
2026-05-16 10:54:31,2.0,11.71,11.77,12.13,1545545,84924,5.5,0,0,0.0,1007,738,77,1.03,0.87,11.73,12.63,2498,2
2026-05-16 10:55:31,1.8,11.53,11.67,12.07,1545545,84923,5.5,0,0,0.0,1007,738,77,1.09,0.91,11.97,12.30,2501,2
2026-05-16 10:56:32,3.0,11.64,11.64,12.03,1545545,84952,5.5,0,0,0.0,1007,738,77,1.03,0.75,11.09,11.99,2493,4
2026-05-16 10:57:32,1.8,12.20,11.76,12.05,1545545,84960,5.5,0,0,0.0,1007,738,77,1.03,0.91,11.36,12.20,2507,23
2026-05-16 10:58:32,1.9,13.65,12.33,12.23,1545545,84961,5.5,0,0,0.0,1007,738,77,1.03,0.73,11.19,12.71,2510,5
2026-05-16 10:59:33,1.9,11.96,12.09,12.15,1545545,84928,5.5,0,0,0.0,1007,738,77,1.03,0.84,12.05,12.50,2498,2
2026-05-16 11:00:33,2.1,11.77,12.06,12.14,1545545,84922,5.5,0,0,0.0,1007,738,77,1.03,1.03,11.95,12.32,2506,7
2026-05-16 11:01:33,3.2,13.32,12.42,12.26,1545545,84926,5.5,0,0,0.0,1007,738,77,1.08,3.19,11.48,12.50,2508,4
2026-05-16 11:02:34,3.2,12.10,12.21,12.19,1545545,84951,5.5,0,0,0.0,1007,738,77,1.09,0.85,11.28,12.47,2486,4
2026-05-16 11:03:34,1.7,12.22,12.22,12.20,1545545,84971,5.5,0,0,0.0,1007,738,77,1.44,0.69,11.67,12.22,2492,4
2026-05-16 11:04:34,1.8,11.56,12.00,12.12,1545545,84944,5.5,0,0,0.0,1007,738,77,1.03,0.92,11.75,12.31,2495,3
2026-05-16 11:05:35,1.7,11.47,11.90,12.07,1545545,84939,5.5,0,0,0.0,1007,738,77,1.03,0.84,11.50,12.42,2502,2
2026-05-16 11:06:35,2.1,12.38,12.00,12.09,1545545,84935,5.5,0,0,0.0,1007,738,77,1.03,0.70,10.73,12.01,2497,7
2026-05-16 11:07:35,2.1,12.23,12.06,12.11,1545545,84973,5.5,0,0,0.0,1007,738,77,1.03,0.79,11.43,12.02,2508,5
2026-05-16 11:08:36,2.1,17.29,13.60,12.64,1545545,84976,5.5,0,0,0.0,1007,738,77,1.11,0.75,10.77,12.69,2482,5
2026-05-16 11:09:36,1.6,13.91,13.39,12.63,1545545,84982,5.5,0,0,0.0,1007,738,77,1.03,0.83,11.84,12.21,2463,4
2026-05-16 11:10:36,2.3,12.63,13.21,12.62,1545545,84950,5.5,0,0,0.0,1007,738,77,1.76,0.72,11.96,12.48,2488,5
2026-05-16 11:11:37,1.9,13.46,13.38,12.72,1545545,84958,5.5,0,0,0.0,1007,738,77,1.32,0.73,11.95,12.29,2489,4
2026-05-16 11:12:37,1.6,11.62,12.89,12.59,1545545,84967,5.5,0,0,0.0,1007,738,77,1.07,0.83,11.96,12.26,2493,5
2026-05-16 11:13:37,1.7,13.96,13.08,12.66,1545545,84975,5.5,0,0,0.0,1007,738,77,1.03,0.71,11.60,12.10,2499,6
2026-05-16 11:14:38,1.9,14.39,13.47,12.83,1545545,84975,5.5,0,0,0.0,1007,738,77,1.03,0.73,11.69,12.18,2501,4
2026-05-16 11:15:38,3.2,18.59,14.70,13.28,1545545,84967,5.5,0,0,0.0,1007,738,77,1.03,0.88,11.22,12.00,2504,14
2026-05-16 11:16:38,1.8,19.52,15.73,13.73,1545545,84959,5.5,0,0,0.0,1007,738,77,1.03,0.84,11.19,12.67,2515,5
2026-05-16 11:17:39,1.8,16.48,15.68,13.85,1545545,84977,5.5,0,0,0.0,1007,738,77,1.03,0.74,11.55,12.39,2508,5
2026-05-16 11:18:39,2.9,16.14,15.70,13.97,1545545,85005,5.5,0,0,0.0,1007,738,77,1.03,0.79,11.55,12.38,2496,9
2026-05-16 11:19:39,1.8,14.10,15.29,13.94,1545545,84974,5.5,0,0,0.0,1007,738,77,1.03,0.75,11.55,12.49,2509,2
2026-05-16 11:20:40,2.9,12.03,14.45,13.73,1545545,84965,5.5,0,0,0.0,1007,738,77,1.10,0.71,11.61,12.33,2484,6
2026-05-16 11:21:40,3.2,13.31,14.46,13.78,1545545,84980,5.5,0,0,0.0,1007,738,77,1.03,0.95,11.00,12.15,2479,4
2026-05-16 11:22:40,1.9,14.26,14.47,13.82,1545545,85004,5.5,0,0,0.0,1007,738,77,1.03,0.95,11.39,12.71,2492,3
2026-05-16 11:23:41,1.6,12.70,13.99,13.70,1545545,85007,5.5,0,0,0.0,1007,738,77,1.11,0.73,11.43,12.52,2490,2
2026-05-16 11:24:41,2.9,13.10,13.74,13.62,1545545,84986,5.5,0,0,0.0,1007,738,77,2.49,0.80,11.35,12.06,2496,5
2026-05-16 11:25:41,3.1,13.68,13.85,13.67,1545545,84987,5.5,0,0,0.0,1007,738,77,1.57,0.89,10.97,12.87,2505,4
2026-05-16 11:26:42,1.7,11.65,13.25,13.47,1545545,84991,5.5,0,0,0.0,1007,738,77,1.03,0.82,11.90,12.23,2502,5
2026-05-16 11:27:42,1.8,12.70,13.23,13.45,1545545,85014,5.5,0,0,0.0,1007,738,77,1.03,0.95,11.81,12.29,2488,4
2026-05-16 11:28:42,2.1,13.08,13.17,13.41,1545545,85004,5.5,0,0,0.0,1007,738,77,1.03,0.68,11.55,12.20,2471,6
2026-05-16 11:29:43,1.7,11.49,12.73,13.25,1545545,84990,5.5,0,0,0.0,1007,738,77,1.03,0.79,11.80,12.13,2476,3
2026-05-16 11:30:43,3.0,13.26,13.02,13.31,1545545,84995,5.5,0,0,0.0,1007,738,77,1.03,0.72,11.06,12.10,2483,6
2026-05-16 11:31:43,3.0,13.43,13.16,13.34,1545545,85000,5.5,0,0,0.0,1007,738,77,1.03,0.71,11.34,12.61,2479,6
2026-05-16 11:32:44,1.7,11.98,12.84,13.22,1545545,85043,5.5,0,0,0.0,1007,738,77,1.03,0.81,11.73,12.52,2495,2
2026-05-16 11:33:44,1.7,12.50,12.81,13.19,1545545,85051,5.5,0,0,0.0,1007,738,77,1.03,0.76,11.66,12.43,2499,12
2026-05-16 11:34:44,1.7,12.04,12.65,13.11,1545545,85021,5.5,0,0,0.0,1007,738,77,1.03,0.73,11.88,12.17,2493,6
2026-05-16 11:35:45,2.1,12.30,12.61,13.06,1545545,85022,5.5,0,0,0.0,1007,738,77,1.03,0.77,11.65,12.19,2480,5
2026-05-16 11:36:45,2.0,12.22,12.52,13.00,1545545,85012,5.5,0,0,0.0,1007,738,77,1.03,0.88,11.24,12.15,2471,6
2026-05-16 11:37:45,1.8,11.73,12.33,12.91,1545545,85034,5.5,0,0,0.0,1007,738,77,1.03,0.75,11.32,12.40,2470,9
2026-05-16 11:38:46,2.0,12.21,12.38,12.89,1545545,85040,5.5,0,0,0.0,1007,738,77,1.03,0.72,11.75,12.30,2471,2
2026-05-16 11:39:46,1.6,13.30,12.76,12.99,1545545,85021,5.5,0,0,0.0,1007,738,77,1.03,0.75,11.31,12.42,2446,3
2026-05-16 11:40:46,2.2,12.04,12.53,12.90,1545545,85003,5.5,0,0,0.0,1007,738,77,1.03,0.71,11.49,12.28,2442,2
2026-05-16 11:41:47,1.8,12.63,12.68,12.93,1545545,85019,5.5,0,0,0.0,1007,738,77,1.03,0.90,11.44,12.70,2461,2
2026-05-16 11:42:47,1.8,11.37,12.28,12.78,1545545,85043,5.5,0,0,0.0,1007,738,77,1.03,0.74,11.55,12.13,2460,7
2026-05-16 11:43:47,2.0,12.18,12.29,12.75,1545545,85035,5.5,0,0,0.0,1007,738,77,1.03,0.86,11.47,12.51,2464,2
2026-05-16 11:44:48,9.2,13.98,12.61,12.82,1545545,85033,5.5,0,0,0.0,1007,738,77,33.69,0.88,11.60,29.49,2494,7
2026-05-16 11:45:48,3.3,13.40,12.67,12.83,1545545,85030,5.5,0,0,0.0,1007,738,77,5589.97,0.85,30.82,2823.29,2495,9
2026-05-16 11:46:48,3.1,11.79,12.32,12.69,1545545,85019,5.5,0,0,0.0,1007,738,77,5385.32,0.86,29.40,2721.02,2484,5
2026-05-16 11:47:49,1.9,11.06,12.03,12.57,1545545,85039,5.5,0,0,0.0,1007,738,77,1.03,0.66,11.43,12.19,2480,4
2026-05-16 11:48:49,1.9,12.39,12.26,12.62,1545545,85047,5.5,0,0,0.0,1007,738,77,1.03,0.71,11.20,12.16,2476,2
2026-05-16 11:49:49,1.6,11.50,12.03,12.51,1545545,85026,5.5,0,0,0.0,1007,738,77,1.03,0.91,11.77,12.36,2463,3
2026-05-16 11:50:50,2.1,13.17,12.33,12.58,1545545,85013,5.5,0,0,0.0,1007,738,77,1.03,0.70,11.02,11.93,2457,4
2026-05-16 11:51:50,1.6,11.36,12.00,12.45,1545545,85014,5.5,0,0,0.0,1007,738,77,1.03,0.83,11.82,12.18,2471,4
2026-05-16 11:52:50,3.3,12.35,12.22,12.50,1545545,85046,5.5,0,0,0.0,1007,738,77,1.03,0.78,11.38,12.04,2485,4
2026-05-16 11:53:51,1.9,13.03,12.44,12.56,1545545,85064,5.5,0,0,0.0,1007,738,77,1.03,0.74,11.55,12.09,2488,7
2026-05-16 11:54:51,1.7,12.91,12.56,12.60,1545545,85036,5.5,0,0,0.0,1007,738,77,1.03,0.70,11.70,12.10,2493,4
2026-05-16 11:55:51,1.8,12.68,12.45,12.55,1545545,85040,5.5,0,0,0.0,1007,738,77,1.03,0.91,11.95,12.35,2496,4
2026-05-16 11:56:52,1.8,12.74,12.52,12.57,1545545,85056,5.5,0,0,0.0,1007,738,77,1.03,0.92,11.69,12.09,2485,3
2026-05-16 11:57:52,2.7,12.67,12.54,12.57,1545545,85065,5.5,0,0,0.0,1007,738,77,1.03,0.62,11.45,12.42,2490,6
2026-05-16 11:58:52,1.8,11.32,12.21,12.45,1545545,85056,5.5,0,0,0.0,1007,738,77,1.03,0.68,11.69,12.28,2463,5
2026-05-16 11:59:53,6.1,11.58,12.08,12.39,1545545,85042,5.5,0,0,0.0,1007,738,77,1.03,0.81,11.15,12.27,2469,5
2026-05-16 12:00:53,3.0,13.19,12.40,12.48,1545545,85043,5.5,0,0,0.0,1007,738,77,1.03,0.99,11.23,12.51,2492,4
2026-05-16 12:01:53,3.5,14.47,13.05,12.71,1545545,85049,5.5,0,0,0.0,1007,738,77,1.03,0.91,10.97,12.22,2484,4
2026-05-16 12:02:54,1.6,13.67,13.12,12.75,1545545,85076,5.5,0,0,0.0,1007,738,77,1.03,0.73,11.14,12.35,2486,3
2026-05-16 12:03:54,1.7,12.84,13.09,12.77,1545545,85077,5.5,0,0,0.0,1007,738,77,1.03,0.82,11.66,12.04,2492,3
2026-05-16 12:04:54,2.0,11.79,12.80,12.69,1545545,85041,5.5,0,0,0.0,1007,738,77,1.03,0.73,11.34,12.19,2493,4
2026-05-16 12:05:55,1.7,12.03,12.68,12.66,1545545,85045,5.5,0,0,0.0,1007,738,77,1.03,0.80,11.48,11.94,2476,2
2026-05-16 12:06:55,1.1,10.46,12.12,12.47,1545545,85030,5.5,0,0,0.0,1007,738,77,1.03,0.94,4.94,6.13,2485,2
2026-05-16 12:07:55,1.8,11.28,12.05,12.42,1545545,85070,5.5,0,0,0.0,1007,738,77,1.03,0.71,9.49,10.92,2487,2
2026-05-16 12:08:56,1.7,11.33,11.95,12.36,1545545,85070,5.5,0,0,0.0,1007,738,77,1.03,0.66,9.12,9.77,2491,8
2026-05-16 12:09:56,1.5,10.03,11.49,12.18,1545545,85054,5.5,0,0,0.0,1007,738,77,1.03,0.76,2.90,4.17,2485,6
2026-05-16 12:10:56,3.1,11.77,11.53,12.14,1545545,85052,5.5,0,0,0.0,1007,738,77,1.03,0.77,2.97,4.30,2498,3
2026-05-16 12:11:57,3.0,11.86,11.67,12.15,1545545,85052,5.5,0,0,0.0,1007,738,77,1.03,0.91,9.36,11.19,2482,4
2026-05-16 12:12:57,1.0,10.93,11.48,12.06,1545545,85043,5.5,0,0,0.0,1007,738,77,1.06,0.65,4.20,5.64,2466,1
2026-05-16 12:13:57,1.8,13.05,11.91,12.16,1545545,85088,5.5,0,0,0.0,1007,738,77,1.03,0.82,9.75,11.10,2471,5
2026-05-16 12:14:58,4.2,11.50,11.69,12.07,1545545,85062,5.5,0,0,0.0,1007,738,77,1.03,0.82,3.70,4.94,2470,11
2026-05-16 12:15:58,1.4,10.68,11.50,11.99,1545545,85057,5.5,0,0,0.0,1007,738,77,1.13,0.73,5.31,7.19,2458,6
2026-05-16 12:16:58,1.2,10.90,11.45,11.94,1545545,85043,5.5,0,0,0.0,1007,738,77,1.03,0.86,6.33,7.37,2477,1
2026-05-16 12:17:59,1.4,10.88,11.29,11.85,1545545,85092,5.5,0,0,0.0,1007,738,77,1.03,0.88,6.16,7.82,2475,2
2026-05-16 12:18:59,1.1,10.40,11.07,11.74,1545545,85071,5.5,0,0,0.0,1007,738,77,1.03,0.78,5.15,6.16,2472,1
2026-05-16 12:19:59,1.9,10.58,11.00,11.67,1545545,85086,5.5,0,0,0.0,1007,738,77,1.03,0.73,8.52,9.33,2479,10
2026-05-16 12:21:00,2.4,11.20,11.07,11.65,1545545,85084,5.5,0,0,0.0,1007,738,77,1.03,0.71,8.67,9.79,2484,4
2026-05-16 12:22:00,1.0,9.98,10.75,11.50,1545545,85062,5.5,0,0,0.0,1007,738,77,1.03,1.09,1.27,2.66,2477,5
2026-05-16 12:23:00,1.3,9.42,10.44,11.35,1545545,85075,5.5,0,0,0.0,1007,738,77,1.03,0.80,0.34,1.83,2493,3
2026-05-16 12:24:01,1.0,9.40,10.24,11.22,1545545,85088,5.5,0,0,0.0,1007,738,77,1.03,0.73,1.95,3.48,2493,5
2026-05-16 12:25:01,1.2,10.21,10.34,11.19,1545545,85051,5.5,0,0,0.0,1007,738,77,1.03,0.79,3.15,4.36,2486,4
2026-05-16 12:26:01,1.0,9.33,10.05,11.03,1545545,85059,5.5,0,0,0.0,1007,738,77,1.03,0.84,0.40,1.76,2488,3
2026-05-16 12:27:02,3.1,11.11,10.31,11.05,1545545,85091,5.5,0,0,0.0,1007,738,77,1.03,0.85,4.12,5.78,2477,7
2026-05-16 12:28:02,1.0,9.98,10.13,10.94,1545545,85103,5.5,0,0,0.0,1007,738,77,1.03,0.76,1.85,3.34,2467,4
2026-05-16 12:29:02,11.5,9.71,10.03,10.86,1545545,85117,5.5,0,0,0.0,1007,738,77,1.03,0.80,1.37,2.79,2465,23
2026-05-16 12:30:03,0.9,9.90,10.12,10.84,1545545,85068,5.5,0,0,0.0,1007,738,77,1.03,1.12,6.39,7.87,2475,2
2026-05-16 12:31:03,1.2,9.61,9.99,10.75,1545545,85084,5.5,0,0,0.0,1007,738,77,1.03,0.83,2.35,3.65,2478,6
2026-05-16 12:32:03,2.8,10.19,10.12,10.75,1545545,85076,5.5,0,0,0.0,1007,738,77,1.03,0.71,0.72,2.27,2473,6
2026-05-16 12:33:04,2.2,11.43,10.54,10.86,1545545,85108,5.5,0,0,0.0,1007,738,77,1.03,0.82,7.79,8.69,2487,3
2026-05-16 12:34:04,1.2,12.38,11.13,11.05,1545545,85100,5.5,0,0,0.0,1007,738,77,1.03,0.77,9.52,10.57,2496,6
2026-05-16 12:35:04,3.0,11.63,11.12,11.05,1545545,85093,5.5,0,0,0.0,1007,738,77,1.03,0.88,9.89,10.89,2482,5
2026-05-16 12:36:05,1.8,11.79,11.32,11.13,1545545,85108,5.5,0,0,0.0,1007,738,77,1.03,0.72,8.21,9.32,2481,2
2026-05-16 12:37:05,1.1,10.50,11.06,11.05,1545545,85081,5.5,0,0,0.0,1007,738,77,1.03,0.86,5.23,7.10,2489,4
2026-05-16 12:38:05,3.4,11.93,11.26,11.11,1545545,85131,5.5,0,0,0.0,1007,738,77,1.03,0.76,4.80,6.74,2475,8
2026-05-16 12:39:06,1.5,10.49,10.97,11.02,1545545,85135,5.5,0,0,0.0,1007,738,77,1.03,0.62,3.05,4.46,2475,3
2026-05-16 12:40:06,1.1,10.41,10.83,10.96,1545545,85087,5.5,0,0,0.0,1007,738,77,1.03,0.83,3.86,5.19,2478,6
2026-05-16 12:41:06,1.4,9.87,10.60,10.88,1545545,85094,5.5,0,0,0.0,1007,738,77,1.03,0.81,1.73,3.17,2495,2
2026-05-16 12:42:07,1.0,9.44,10.34,10.77,1545545,85086,5.5,0,0,0.0,1007,738,77,1.03,0.74,0.36,1.80,2471,1
2026-05-16 12:43:07,0.9,9.62,10.23,10.70,1545545,85102,5.5,0,0,0.0,1007,738,77,1.03,0.74,2.30,3.62,2472,7
2026-05-16 12:44:07,1.0,9.83,10.17,10.65,1545545,85110,5.5,0,0,0.0,1007,738,77,1.03,0.80,3.50,4.75,2482,2
2026-05-16 12:45:08,3.6,9.84,10.12,10.61,1545545,85085,5.5,0,0,0.0,1007,738,77,1.03,0.77,5.52,6.56,2476,3
2026-05-16 12:46:08,1.2,9.35,9.93,10.51,1545545,85080,5.5,0,0,0.0,1007,738,77,1.03,0.89,0.38,1.89,2466,5
2026-05-16 12:47:08,1.2,11.12,10.20,10.56,1545545,85098,5.5,0,0,0.0,1007,738,77,1.03,0.92,5.15,6.39,2478,1
2026-05-16 12:48:09,0.9,16.72,11.47,10.94,1545545,85107,5.5,0,0,0.0,1007,738,77,1.03,0.78,0.72,2.16,2479,6
2026-05-16 12:49:09,1.0,13.07,11.39,10.95,1545545,85128,5.5,0,0,0.0,1007,738,77,1.03,0.64,7.90,8.70,2476,7
2026-05-16 12:50:09,3.8,12.53,11.48,11.00,1545545,85125,5.5,0,0,0.0,1007,738,77,1.03,0.72,7.76,9.38,2475,17
2026-05-16 12:51:10,1.4,13.26,11.91,11.18,1545545,85125,5.5,0,0,0.0,1007,738,77,1.03,0.75,10.81,11.99,2496,1
2026-05-16 12:52:10,1.1,12.61,12.10,11.30,1545545,85102,5.5,0,0,0.0,1007,738,77,1.03,0.98,9.00,11.33,2486,1
2026-05-16 12:53:10,1.9,13.71,12.37,11.43,1545545,85142,5.5,0,0,0.0,1007,738,77,1.03,0.70,3.66,4.80,2482,7
2026-05-16 12:54:11,1.0,17.57,13.94,12.04,1545545,85129,5.5,0,0,0.0,1007,738,77,1.03,0.72,6.11,7.21,2480,5
2026-05-16 12:55:11,1.2,14.56,13.93,12.17,1545545,85108,5.5,0,0,0.0,1007,738,77,1.03,0.78,7.56,8.38,2482,4
2026-05-16 12:56:11,1.1,13.21,13.81,12.25,1545545,85119,5.5,0,0,0.0,1007,738,77,1.03,0.80,3.98,5.07,2465,4
2026-05-16 12:57:12,1.0,11.91,13.36,12.19,1545545,85127,5.5,0,0,0.0,1007,738,77,1.03,0.85,3.94,5.20,2487,4
2026-05-16 12:58:12,1.1,10.39,12.64,12.02,1545545,85141,5.5,0,0,0.0,1007,738,77,1.03,0.82,0.35,1.89,2500,5
2026-05-16 12:59:12,1.1,9.59,11.98,11.83,1545545,85141,5.5,0,0,0.0,1007,738,77,1.07,0.71,2.74,3.98,2488,1
2026-05-16 13:00:13,1.8,18.11,13.51,12.33,1545545,85136,5.5,0,0,0.0,1007,738,77,1.03,0.73,6.37,7.40,2483,4
2026-05-16 13:01:13,1.8,12.68,12.80,12.16,1545545,85133,5.5,0,0,0.0,1007,738,77,1.03,0.83,6.14,7.12,2486,8
2026-05-16 13:02:13,1.0,10.35,12.13,11.97,1545545,85105,5.5,0,0,0.0,1007,738,77,1.03,0.89,4.10,5.27,2479,1
2026-05-16 13:03:14,1.3,10.77,11.88,11.89,1545545,85131,5.5,0,0,0.0,1007,738,77,1.03,0.79,2.37,3.83,2465,1
2026-05-16 13:04:14,1.1,10.33,11.56,11.78,1545545,85133,5.5,0,0,0.0,1007,738,77,1.03,0.77,3.51,4.70,2467,6
2026-05-16 13:05:14,1.1,9.91,11.20,11.64,1545545,85101,5.5,0,0,0.0,1007,738,77,1.03,0.85,0.35,1.79,2464,5
2026-05-16 13:06:15,1.0,9.60,10.86,11.50,1545545,85115,5.5,0,0,0.0,1007,738,77,1.03,0.73,0.31,1.80,2463,7
2026-05-16 13:07:15,1.1,9.44,10.58,11.36,1545545,85121,5.5,0,0,0.0,1007,738,77,1.03,0.83,4.72,5.83,2478,2
2026-05-16 13:08:15,1.2,10.35,10.54,11.29,1545545,85162,5.5,0,0,0.0,1007,738,77,1.03,0.71,1.09,2.55,2475,6
2026-05-16 13:09:16,1.8,10.15,10.48,11.22,1545545,85165,5.5,0,0,0.0,1007,738,77,1.03,0.75,5.38,6.79,2488,5
2026-05-16 13:10:16,1.0,10.17,10.42,11.15,1545545,85122,5.5,0,0,0.0,1007,738,77,1.03,0.71,7.87,9.13,2488,7
2026-05-16 13:11:16,2.2,9.57,10.19,11.03,1545545,85136,5.5,0,0,0.0,1007,738,77,1.03,0.75,1.21,2.55,2479,6
2026-05-16 13:12:17,1.0,9.55,10.13,10.96,1545545,85122,5.5,0,0,0.0,1007,738,77,1.03,0.80,4.03,5.85,2476,2
2026-05-16 13:13:17,1.0,10.50,10.37,10.99,1545545,85151,5.5,0,0,0.0,1007,738,77,1.03,0.71,9.60,11.09,2491,3
2026-05-16 13:14:17,1.6,10.41,10.33,10.93,1545545,85185,5.5,0,0,0.0,1007,738,77,1.03,0.77,5.03,6.25,2488,5
2026-05-16 13:15:18,7.7,10.62,10.49,10.96,1545545,85172,5.5,0,0,0.0,1007,738,77,1.03,0.91,5.73,6.80,2475,6
2026-05-16 13:16:18,1.0,11.19,10.73,11.01,1545545,85139,5.5,0,0,0.0,1007,738,77,1.07,0.74,9.32,10.43,2484,3
2026-05-16 13:17:18,1.1,11.98,11.07,11.11,1545545,85162,5.5,0,0,0.0,1007,738,77,1.10,0.77,7.64,9.30,2481,6
2026-05-16 13:18:19,1.7,10.60,10.84,11.03,1545545,85180,5.5,0,0,0.0,1007,738,77,1.03,0.77,0.60,2.05,2472,8
2026-05-16 13:19:19,1.0,9.89,10.59,10.93,1545545,85172,5.5,0,0,0.0,1007,738,77,1.03,0.78,2.84,4.07,2471,7
2026-05-16 13:20:19,1.8,9.68,10.39,10.84,1545545,85145,5.5,0,0,0.0,1007,738,77,1.03,0.77,2.35,3.95,2480,9
2026-05-16 13:21:20,2.2,10.48,10.55,10.87,1545545,85172,5.5,0,0,0.0,1007,738,77,1.03,0.86,0.37,1.79,2482,6
2026-05-16 13:22:20,2.8,9.65,10.29,10.76,1545545,85188,5.5,0,0,0.0,1007,738,77,2.07,1.00,2.52,3.78,2487,3
2026-05-16 13:23:20,1.5,9.70,10.21,10.70,1545545,85182,5.5,0,0,0.0,1007,738,77,0.00,0.68,6.97,7.84,2489,6
2026-05-16 13:24:21,2.9,12.64,10.85,10.88,1545545,85219,5.5,0,0,0.0,1007,738,77,2.07,0.82,10.79,12.34,2484,8
2026-05-16 13:25:21,1.2,11.87,11.12,10.98,1545545,85167,5.5,0,0,0.0,1007,738,77,1.09,0.89,3.87,5.21,2481,2
2026-05-16 13:26:21,1.4,10.47,10.88,10.91,1545545,85182,5.5,0,0,0.0,1007,738,77,0.05,0.77,3.67,4.80,2474,6
2026-05-16 13:27:22,1.3,9.37,10.49,10.77,1545545,85177,5.5,0,0,0.0,1007,738,77,2.07,0.79,0.39,1.93,2468,1
2026-05-16 13:28:22,1.3,10.52,10.53,10.76,1545545,85206,5.5,0,0,0.0,1007,738,77,1.03,0.73,6.26,7.38,2491,3
2026-05-16 13:29:22,1.6,10.32,10.42,10.71,1545545,85213,5.5,0,0,0.0,1007,738,77,1.03,0.73,4.52,6.14,2487,4
2026-05-16 13:30:23,1.1,9.78,10.26,10.64,1545545,85168,5.5,0,0,0.0,1007,738,77,1.03,0.78,0.31,1.87,2483,3
2026-05-16 13:31:23,1.8,9.79,10.20,10.59,1545545,85198,5.5,0,0,0.0,1007,738,77,1.23,0.64,6.58,8.15,2479,3
2026-05-16 13:32:23,1.3,9.94,10.23,10.58,1545545,85205,5.5,0,0,0.0,1007,738,77,1.03,0.91,7.53,8.60,2486,4
2026-05-16 13:33:24,1.1,10.05,10.21,10.55,1545545,85209,5.5,0,0,0.0,1007,738,77,1.04,0.72,10.76,11.24,2476,4
2026-05-16 13:34:24,2.9,10.56,10.26,10.55,1545545,85240,5.5,0,0,0.0,1007,738,77,1.03,0.65,8.59,9.88,2472,5
2026-05-16 13:35:24,1.2,10.74,10.47,10.60,1545545,85187,5.5,0,0,0.0,1007,738,77,1.03,0.83,6.02,7.51,2484,1
2026-05-16 13:36:25,3.2,11.52,10.69,10.67,1545545,85229,5.5,0,0,0.0,1007,738,77,1.05,0.81,11.47,12.81,2483,6
2026-05-16 13:37:25,1.1,11.45,10.86,10.73,1545545,85217,5.5,0,0,0.0,1007,738,77,1.03,0.87,7.54,9.04,2484,2
2026-05-16 13:38:25,1.3,10.75,10.74,10.70,1545545,85241,5.5,0,0,0.0,1007,738,77,1.03,0.63,5.95,6.89,2477,2
2026-05-16 13:39:26,1.1,10.67,10.66,10.67,1545545,85214,5.5,0,0,0.0,1007,738,77,1.03,0.75,5.26,6.92,2484,1
2026-05-16 13:40:26,2.2,10.35,10.53,10.62,1545545,85210,5.5,0,0,0.0,1007,738,77,1.03,0.71,7.54,8.36,2490,8
2026-05-16 13:41:26,3.4,10.88,10.67,10.67,1545545,85215,5.5,0,0,0.0,1007,738,77,1.03,0.73,6.06,7.07,2488,7
2026-05-16 13:42:27,2.1,11.03,10.83,10.73,1545545,85243,5.5,0,0,0.0,1007,738,77,1.03,0.91,7.63,9.16,2497,4
2026-05-16 13:43:27,1.8,12.69,11.42,10.94,1545545,85252,5.5,0,0,0.0,1007,738,77,1.03,0.81,10.11,11.96,2490,17
2026-05-16 13:44:27,1.1,12.69,11.65,11.05,1545545,85253,5.5,0,0,0.0,1007,738,77,1.03,0.89,12.31,13.26,2489,10
2026-05-16 13:45:28,1.5,12.42,11.77,11.13,1545545,85213,5.5,0,0,0.0,1007,738,77,1.03,0.61,7.29,8.69,2499,6
2026-05-16 13:46:28,2.8,12.79,11.96,11.23,1545545,85243,5.5,0,0,0.0,1007,738,77,1.03,0.86,11.07,12.73,2498,8
2026-05-16 13:47:28,2.2,11.52,11.77,11.21,1545545,85235,5.5,0,0,0.0,1007,738,77,1.05,0.86,7.06,7.99,2499,10
2026-05-16 13:48:29,3.0,11.64,11.74,11.23,1545545,85262,5.5,0,0,0.0,1007,738,77,1.03,0.83,8.10,9.00,2489,3
2026-05-16 13:49:29,2.1,13.85,12.38,11.49,1545545,85268,5.5,0,0,0.0,1007,738,77,1.03,0.67,10.45,11.96,2490,6
2026-05-16 13:50:29,1.2,11.51,11.95,11.40,1545545,85215,5.5,0,0,0.0,1007,738,77,1.03,0.79,3.15,4.35,2486,3
2026-05-16 13:51:30,3.6,11.20,11.72,11.35,1545545,85278,5.5,0,0,0.0,1007,738,77,1.03,0.81,7.30,8.22,2482,6
2026-05-16 13:52:30,1.2,11.25,11.67,11.36,1545545,85256,5.5,0,0,0.0,1007,738,77,1.03,0.75,10.39,11.52,2480,5
2026-05-16 13:53:30,1.3,10.58,11.39,11.27,1545545,85247,5.5,0,0,0.0,1007,738,77,1.03,0.83,6.13,7.67,2490,6
2026-05-16 13:54:31,2.9,11.75,11.49,11.31,1545545,85271,5.5,0,0,0.0,1007,738,77,1.03,0.83,7.87,9.60,2493,6
2026-05-16 13:55:31,1.1,11.08,11.40,11.30,1545545,85237,5.5,0,0,0.0,1007,738,77,1.10,0.85,6.18,7.87,2496,1
2026-05-16 13:56:31,1.9,10.20,11.07,11.19,1545545,85261,5.5,0,0,0.0,1007,738,77,1.32,0.74,2.61,3.85,2495,4
2026-05-16 13:57:32,2.8,12.43,11.57,11.35,1545545,85278,5.5,0,0,0.0,1007,738,77,1.27,0.86,9.52,11.36,2488,7
2026-05-16 13:58:32,1.1,11.58,11.54,11.36,1545545,85240,5.5,0,0,0.0,1007,738,77,1.03,0.82,4.35,5.66,2501,3
2026-05-16 13:59:32,11.6,10.85,11.32,11.29,1545545,85262,5.5,0,0,0.0,1007,738,77,1.03,0.75,3.50,4.80,2489,18
2026-05-16 14:00:33,1.0,10.69,11.27,11.28,1545545,85222,5.5,0,0,0.0,1007,738,77,1.03,0.77,5.19,7.25,2486,6
2026-05-16 14:01:33,1.6,10.56,11.12,11.23,1545545,85242,5.5,0,0,0.0,1007,738,77,1.03,1.03,10.18,11.16,2494,3
2026-05-16 14:02:33,2.0,13.05,11.71,11.42,1545545,85254,5.5,0,0,0.0,1007,738,77,1.03,0.75,11.97,13.09,2473,3
2026-05-16 14:03:34,1.9,12.96,11.88,11.50,1545545,85262,5.5,0,0,0.0,1007,738,77,1.03,0.75,11.81,12.72,2469,5
2026-05-16 14:04:34,1.8,11.58,11.72,11.47,1545545,85272,5.5,0,0,0.0,1007,738,77,1.03,0.84,11.95,12.54,2491,3
2026-05-16 14:05:34,1.9,11.58,11.71,11.48,1545545,85246,5.5,0,0,0.0,1007,738,77,1.03,0.88,12.21,12.82,2484,3
2026-05-16 14:06:35,2.9,11.49,11.66,11.48,1545545,85240,5.5,0,0,0.0,1007,738,77,1.03,0.71,12.14,12.49,2482,4
2026-05-16 14:07:35,1.8,11.63,11.71,11.51,1545545,85271,5.5,0,0,0.0,1007,738,77,1.03,0.79,11.44,12.67,2504,5
2026-05-16 14:08:35,3.4,11.89,11.73,11.52,1545545,85275,5.5,0,0,0.0,1007,738,77,1.03,0.71,11.57,12.65,2499,7
2026-05-16 14:09:36,1.9,14.28,12.35,11.75,1545545,85282,5.5,0,0,0.0,1007,738,77,1.03,0.78,11.65,12.74,2479,4
2026-05-16 14:10:36,1.6,13.62,12.68,11.91,1545545,85263,5.5,0,0,0.0,1007,738,77,1.03,0.71,11.96,13.03,2491,4
2026-05-16 14:11:36,2.9,14.06,12.99,12.07,1545545,85260,5.5,0,0,0.0,1007,738,77,1.03,0.88,11.43,12.81,2491,7
2026-05-16 14:12:37,3.1,13.15,12.87,12.08,1545545,85277,5.5,0,0,0.0,1007,738,77,1.03,0.86,11.51,12.80,2495,6
2026-05-16 14:13:37,2.7,12.15,12.70,12.08,1545545,85285,5.5,0,0,0.0,1007,738,77,1.03,0.70,11.67,12.93,2501,4
2026-05-16 14:14:37,1.7,12.53,12.77,12.14,1545545,85290,5.5,0,0,0.0,1007,738,77,1.03,0.66,12.13,12.49,2500,3
2026-05-16 14:15:38,1.8,12.20,12.61,12.12,1545545,85256,5.5,0,0,0.0,1007,738,77,1.03,0.88,11.80,12.42,2490,2
2026-05-16 14:16:38,1.5,11.91,12.44,12.09,1545545,85256,5.5,0,0,0.0,1007,738,77,1.03,0.84,11.96,12.62,2499,9
2026-05-16 14:17:38,1.9,12.54,12.49,12.13,1545545,85273,5.5,0,0,0.0,1007,738,77,1.07,1.01,11.23,12.23,2475,3
2026-05-16 14:18:39,3.1,11.92,12.31,12.09,1545545,85298,5.5,0,0,0.0,1007,738,77,1.68,0.86,11.52,12.69,2476,4
2026-05-16 14:19:39,1.8,13.60,12.69,12.23,1545545,85295,5.5,0,0,0.0,1007,738,77,1.09,0.91,11.38,12.72,2468,3
2026-05-16 14:20:39,3.3,12.00,12.38,12.15,1545545,85249,5.5,0,0,0.0,1007,738,77,1.03,0.62,11.34,12.32,2481,9
2026-05-16 14:21:40,2.2,11.58,12.26,12.13,1545545,85254,5.5,0,0,0.0,1007,738,77,1.03,1.04,11.97,12.91,2486,2
2026-05-16 14:22:40,1.1,12.68,12.47,12.21,1545545,85256,5.5,0,0,0.0,1007,738,77,1.03,0.85,11.03,11.95,2498,3
2026-05-16 14:23:40,1.2,10.86,11.96,12.05,1545545,85252,5.5,0,0,0.0,1007,738,77,1.03,0.75,0.35,1.77,2504,4
2026-05-16 14:24:41,1.0,9.91,11.50,11.88,1545545,85244,5.5,0,0,0.0,1007,738,77,1.03,0.79,0.29,1.78,2498,1
2026-05-16 14:25:41,1.2,9.83,11.18,11.74,1545545,85228,5.5,0,0,0.0,1007,738,77,1.03,0.79,3.85,5.16,2477,3
2026-05-16 14:26:41,1.0,9.52,10.85,11.60,1545545,85237,5.5,0,0,0.0,1007,738,77,1.03,0.82,1.94,3.27,2480,1
2026-05-16 14:27:42,1.1,9.01,10.44,11.40,1545545,85252,5.5,0,0,0.0,1007,738,77,1.11,0.97,0.43,2.00,2458,1
2026-05-16 14:28:42,1.6,11.49,10.82,11.47,1545545,85277,5.5,0,0,0.0,1007,738,77,1.03,0.66,7.84,8.69,2460,2
2026-05-16 14:29:42,1.1,11.51,11.05,11.51,1545545,85249,5.5,0,0,0.0,1007,738,77,1.03,0.80,10.30,11.19,2469,1
2026-05-16 14:30:43,3.4,12.42,11.35,11.58,1545545,85272,5.5,0,0,0.0,1007,738,77,1.03,0.74,10.14,11.27,2479,6
2026-05-16 14:31:43,1.7,11.43,11.31,11.56,1545545,85251,5.5,0,0,0.0,1007,738,77,1.29,0.92,9.58,11.39,2487,2
2026-05-16 14:32:43,1.1,10.20,10.98,11.43,1545545,85258,5.5,0,0,0.0,1007,738,77,1.15,0.85,1.80,3.19,2488,4
2026-05-16 14:33:44,1.1,10.63,10.95,11.39,1545545,85265,5.5,0,0,0.0,1007,738,77,1.05,0.83,4.87,6.02,2480,2
2026-05-16 14:34:44,2.1,9.52,10.58,11.23,1545545,85249,5.5,0,0,0.0,1007,738,77,1.03,0.73,0.58,2.05,2472,6
2026-05-16 14:35:44,1.0,10.23,10.55,11.17,1545545,85239,5.5,0,0,0.0,1007,738,77,1.03,0.82,0.44,1.90,2475,1
2026-05-16 14:36:45,1.8,13.18,11.29,11.39,1545545,85265,5.5,0,0,0.0,1007,738,77,1.03,0.82,3.90,5.08,2467,2
2026-05-16 14:37:45,3.0,19.19,13.38,12.10,1545545,85278,5.5,0,0,0.0,1007,738,77,1.03,0.83,11.73,13.24,2483,5
2026-05-16 14:38:45,1.1,15.68,13.39,12.18,1545545,85284,5.5,0,0,0.0,1007,738,77,1.03,0.75,2.66,4.01,2485,5
2026-05-16 14:39:46,1.9,20.87,15.29,12.91,1545545,85270,5.5,0,0,0.0,1007,738,77,1.03,0.80,9.89,11.15,2497,2
2026-05-16 14:40:46,1.3,17.19,15.13,13.00,1545545,85242,5.5,0,0,0.0,1007,738,77,1.46,0.68,4.48,5.65,2491,3
2026-05-16 14:41:46,0.9,11.85,13.97,12.73,1545545,85253,5.5,0,0,0.0,1007,738,77,1.11,0.86,3.22,4.44,2488,5
2026-05-16 14:42:47,1.0,10.18,13.11,12.51,1545545,85274,5.5,0,0,0.0,1007,738,77,1.09,0.75,0.36,1.80,2478,3
2026-05-16 14:43:47,0.8,10.09,12.54,12.35,1545545,85276,5.5,0,0,0.0,1007,738,77,1.03,0.79,3.14,4.33,2480,1
2026-05-16 14:44:47,2.5,10.15,12.11,12.21,1545545,85281,5.5,0,0,0.0,1007,738,77,1.03,0.86,4.31,5.70,2477,1
2026-05-16 14:45:48,1.9,10.65,11.84,12.11,1545545,85274,5.5,0,0,0.0,1007,738,77,1.13,0.79,4.99,6.06,2473,2
2026-05-16 14:46:48,1.1,10.96,11.73,12.05,1545545,85255,5.5,0,0,0.0,1007,738,77,1.03,0.79,4.83,5.96,2493,4
2026-05-16 14:47:48,1.1,10.14,11.35,11.90,1545545,85268,5.5,0,0,0.0,1007,738,77,1.03,0.72,6.72,7.76,2481,1
2026-05-16 14:48:49,3.1,12.89,11.94,12.07,1545545,85298,5.5,0,0,0.0,1007,738,77,1.03,0.73,11.16,12.42,2487,7
2026-05-16 14:49:49,1.9,11.48,11.68,11.97,1545545,85275,5.5,0,0,0.0,1007,738,77,1.03,0.82,7.66,8.77,2470,4
2026-05-16 14:50:49,3.0,11.77,11.59,11.91,1545545,85286,5.5,0,0,0.0,1007,738,77,1.03,0.71,5.12,6.17,2477,7
2026-05-16 14:51:50,1.9,11.16,11.51,11.86,1545545,85280,5.5,0,0,0.0,1007,738,77,1.03,0.83,9.84,11.61,2478,3
2026-05-16 14:52:50,1.9,10.17,11.20,11.74,1545545,85310,5.5,0,0,0.0,1007,738,77,1.03,0.76,4.99,5.99,2495,6
2026-05-16 14:53:50,1.9,10.06,10.99,11.63,1545545,85312,5.5,0,0,0.0,1007,738,77,1.03,0.77,4.65,5.75,2473,2
2026-05-16 14:54:51,3.1,11.13,11.14,11.64,1545545,85296,5.5,0,0,0.0,1007,738,77,1.03,0.79,5.06,6.25,2492,7
2026-05-16 14:55:51,1.0,10.80,11.09,11.59,1545545,85273,5.5,0,0,0.0,1007,738,77,1.43,0.78,8.58,9.81,2482,2
2026-05-16 14:56:51,1.1,10.08,10.82,11.47,1545545,85286,5.5,0,0,0.0,1007,738,77,1.10,0.88,0.35,1.80,2462,2
2026-05-16 14:57:52,1.2,10.64,10.81,11.42,1545545,85312,5.5,0,0,0.0,1007,738,77,1.08,0.80,5.95,6.87,2475,3
2026-05-16 14:58:52,1.0,10.31,10.68,11.34,1545545,85295,5.5,0,0,0.0,1007,738,77,1.14,0.70,0.71,2.16,2473,7
2026-05-16 14:59:52,1.1,10.86,10.76,11.32,1545545,85285,5.5,0,0,0.0,1007,738,77,1.03,0.69,4.87,6.60,2478,2
2026-05-16 15:00:53,1.7,9.95,10.51,11.20,1545545,85296,5.5,0,0,0.0,1007,738,77,1.03,0.85,6.09,7.20,2492,5
2026-05-16 15:01:53,1.1,9.74,10.36,11.10,1545545,85289,5.5,0,0,0.0,1007,738,77,1.03,3.32,2.65,3.90,2497,1
2026-05-16 15:02:53,1.7,11.40,10.76,11.19,1545545,85316,5.5,0,0,0.0,1007,738,77,1.03,0.80,8.60,10.11,2481,3
2026-05-16 15:03:54,1.1,10.19,10.54,11.09,1545545,85304,5.5,0,0,0.0,1007,738,77,1.03,0.74,4.98,6.12,2477,3
2026-05-16 15:04:54,1.6,10.53,10.54,11.05,1545545,85302,5.5,0,0,0.0,1007,738,77,1.03,0.71,7.01,8.11,2480,3
2026-05-16 15:05:54,3.4,13.05,11.21,11.24,1545545,85314,5.5,0,0,0.0,1007,738,77,1.03,0.82,6.55,7.54,2482,7
2026-05-16 15:06:55,1.8,11.90,11.22,11.25,1545545,85315,5.5,0,0,0.0,1007,738,77,1.10,0.98,6.65,8.46,2495,6
2026-05-16 15:07:55,1.8,11.04,11.11,11.20,1545545,85324,5.5,0,0,0.0,1007,738,77,1.03,0.66,7.80,9.16,2488,21
2026-05-16 15:08:55,4.7,11.84,11.30,11.26,1545545,85333,5.5,0,0,0.0,1007,738,77,1.03,0.77,7.79,8.88,2510,4
2026-05-16 15:09:56,2.9,10.65,11.04,11.17,1545545,85326,5.5,0,0,0.0,1007,738,77,1.25,0.73,7.02,8.00,2495,4
2026-05-16 15:10:56,1.2,10.20,10.88,11.11,1545545,85336,5.5,0,0,0.0,1007,738,77,1.20,0.75,6.40,7.31,2492,6
2026-05-16 15:11:56,1.2,11.93,11.31,11.25,1545545,85317,5.5,0,0,0.0,1007,738,77,1.03,0.80,7.46,8.48,2482,3
2026-05-16 15:12:57,1.1,10.45,10.99,11.14,1545545,85315,5.5,0,0,0.0,1007,738,77,1.03,0.79,2.83,4.19,2481,4
2026-05-16 15:13:57,4.3,10.03,10.74,11.04,1545545,85352,5.5,0,0,0.0,1007,738,77,1.03,0.80,5.72,6.72,2475,21
2026-05-16 15:14:57,3.0,11.23,10.91,11.08,1545545,85325,5.5,0,0,0.0,1007,738,77,1.05,0.70,6.85,8.16,2481,5
2026-05-16 15:15:58,1.0,10.94,10.97,11.09,1545545,85297,5.5,0,0,0.0,1007,738,77,1.03,0.78,5.32,6.66,2485,2
2026-05-16 15:16:58,2.0,9.82,10.62,10.96,1545545,85342,5.5,0,0,0.0,1007,738,77,1.03,0.94,2.52,3.78,2483,6
2026-05-16 15:17:58,1.1,10.25,10.64,10.95,1545545,85325,5.5,0,0,0.0,1007,738,77,1.03,0.83,7.28,8.70,2480,4
2026-05-16 15:18:59,1.1,9.41,10.35,10.83,1545545,85325,5.5,0,0,0.0,1007,738,77,1.03,0.74,1.57,2.86,2456,4
2026-05-16 15:19:59,1.8,12.15,10.89,10.98,1545545,85327,5.5,0,0,0.0,1007,738,77,1.03,0.62,7.13,8.98,2462,9
2026-05-16 15:20:59,1.8,11.65,10.92,10.98,1545545,85332,5.5,0,0,0.0,1007,738,77,1.03,0.69,7.12,8.19,2456,2
2026-05-16 15:22:00,1.6,10.65,10.81,10.94,1545545,85316,5.5,0,0,0.0,1007,738,77,1.03,1.14,2.29,3.57,2465,5
2026-05-16 15:23:00,3.1,10.62,10.79,10.93,1545545,85365,5.5,0,0,0.0,1007,738,77,1.03,0.81,1.81,3.22,2473,6
2026-05-16 15:24:00,2.0,9.93,10.60,10.86,1545545,85369,5.5,0,0,0.0,1007,738,77,1.05,0.81,5.04,6.50,2478,5
2026-05-16 15:25:01,0.9,9.30,10.31,10.74,1545545,85307,5.5,0,0,0.0,1007,738,77,1.03,0.82,3.72,4.84,2471,1
2026-05-16 15:26:01,1.1,9.62,10.21,10.68,1545545,85318,5.5,0,0,0.0,1007,738,77,1.03,0.80,1.16,2.51,2461,4
2026-05-16 15:27:01,3.0,9.52,10.04,10.59,1545545,85347,5.5,0,0,0.0,1007,738,77,1.03,0.74,2.15,3.56,2458,7
2026-05-16 15:28:02,1.1,11.29,10.48,10.71,1545545,85331,5.5,0,0,0.0,1007,738,77,1.03,0.85,6.66,8.06,2476,3
2026-05-16 15:29:02,1.5,11.89,10.87,10.83,1545545,85377,5.5,0,0,0.0,1007,738,77,1.03,0.80,5.29,6.46,2485,2
2026-05-16 15:30:02,11.6,13.99,11.57,11.07,1545545,85355,5.5,0,0,0.0,1007,738,77,1.03,0.71,8.12,9.54,2495,27
2026-05-16 15:31:03,1.0,12.24,11.56,11.10,1545545,85324,5.5,0,0,0.0,1007,738,77,1.03,0.75,7.71,8.77,2506,2
2026-05-16 15:32:03,2.9,11.29,11.42,11.08,1545545,85357,5.5,0,0,0.0,1007,738,77,1.03,0.79,1.47,2.88,2503,8
2026-05-16 15:33:03,1.1,12.25,11.72,11.21,1545545,85360,5.5,0,0,0.0,1007,738,77,1.03,0.76,10.96,13.21,2482,7
2026-05-16 15:34:04,1.0,10.95,11.45,11.14,1545545,85364,5.5,0,0,0.0,1007,738,77,1.03,0.68,3.53,4.70,2472,2
2026-05-16 15:35:04,1.0,9.91,11.07,11.03,1545545,85347,5.5,0,0,0.0,1007,738,77,1.03,0.86,1.62,3.10,2457,1
2026-05-16 15:36:04,1.8,9.40,10.71,10.91,1545545,85350,5.5,0,0,0.0,1007,738,77,1.12,0.81,0.77,2.18,2451,5
2026-05-16 15:37:05,2.1,9.93,10.65,10.88,1545545,85341,5.5,0,0,0.0,1007,738,77,1.03,0.74,7.47,8.35,2462,1
2026-05-16 15:38:05,0.9,9.99,10.65,10.87,1545545,85352,5.5,0,0,0.0,1007,738,77,1.03,0.82,4.32,5.45,2473,2
2026-05-16 15:39:05,2.2,9.24,10.29,10.73,1545545,85387,5.5,0,0,0.0,1007,738,77,1.03,0.70,1.00,2.42,2475,4
2026-05-16 15:40:06,1.5,10.27,10.52,10.79,1545545,85340,5.5,0,0,0.0,1007,738,77,1.03,0.75,7.66,8.77,2478,4
2026-05-16 15:41:06,1.2,9.64,10.28,10.69,1545545,85334,5.5,0,0,0.0,1007,738,77,1.03,0.79,2.07,3.44,2475,4
2026-05-16 15:42:06,1.3,10.75,10.50,10.74,1545545,85333,5.5,0,0,0.0,1007,738,77,1.03,0.84,5.83,7.03,2460,2
2026-05-16 15:43:07,1.1,10.34,10.42,10.69,1545545,85357,5.5,0,0,0.0,1007,738,77,1.03,0.69,0.33,1.80,2450,3
2026-05-16 15:44:07,1.0,10.86,10.57,10.73,1545545,85373,5.5,0,0,0.0,1007,738,77,1.03,0.71,5.12,6.18,2459,1
2026-05-16 15:45:07,9.5,10.14,10.39,10.66,1545545,85338,5.5,0,0,0.0,1007,738,77,1.03,0.86,0.37,1.81,2447,13
2026-05-16 15:46:08,3.0,11.24,10.65,10.73,1545545,85368,5.5,0,0,0.0,1007,738,77,1.03,0.84,11.37,12.53,2460,4
2026-05-16 15:47:08,1.8,10.56,10.63,10.72,1545545,85364,5.5,0,0,0.0,1007,738,77,1.03,0.79,5.29,6.55,2466,4
2026-05-16 15:48:08,1.9,9.64,10.34,10.62,1545545,85380,5.5,0,0,0.0,1007,738,77,1.03,0.71,2.91,4.23,2471,4
2026-05-16 15:49:09,1.8,9.91,10.34,10.60,1545545,85402,5.5,0,0,0.0,1007,738,77,1.03,0.77,5.15,6.62,2464,2
2026-05-16 15:50:09,0.9,10.10,10.35,10.59,1545545,85351,5.5,0,0,0.0,1007,738,77,1.03,0.70,7.75,8.61,2482,3
2026-05-16 15:51:09,1.8,11.93,10.71,10.69,1545545,85365,5.5,0,0,0.0,1007,738,77,1.03,0.68,9.93,10.64,2470,2
2026-05-16 15:52:10,1.4,12.42,11.14,10.84,1545545,85350,5.5,0,0,0.0,1007,738,77,1.03,1.02,5.42,7.01,2476,9
2026-05-16 15:53:10,1.0,10.34,10.77,10.73,1545545,85360,5.5,0,0,0.0,1007,738,77,1.03,1.18,0.74,2.16,2476,7
2026-05-16 15:54:10,1.3,9.57,10.46,10.62,1545545,85371,5.5,0,0,0.0,1007,738,77,1.03,0.68,0.34,1.77,2477,1
2026-05-16 15:55:11,1.0,9.73,10.37,10.58,1545545,85346,5.5,0,0,0.0,1007,738,77,1.03,0.77,2.30,3.63,2474,5
2026-05-16 15:56:11,2.1,10.38,10.48,10.61,1545545,85386,5.5,0,0,0.0,1007,738,77,1.03,0.69,5.87,6.75,2472,4
2026-05-16 15:57:11,1.0,10.61,10.62,10.66,1545545,85369,5.5,0,0,0.0,1007,738,77,1.03,0.87,6.94,8.76,2472,3
2026-05-16 15:58:12,3.4,11.83,11.09,10.82,1545545,85403,5.5,0,0,0.0,1007,738,77,1.03,0.74,6.55,8.22,2500,5
2026-05-16 15:59:12,5.5,14.24,11.87,11.11,1545545,85386,5.5,0,0,0.0,1007,738,77,1.03,0.68,8.36,10.00,2506,25
2026-05-16 16:00:12,5.0,13.32,12.04,11.21,1545545,85362,5.5,0,0,0.0,1007,738,77,1.03,0.69,11.43,13.17,2508,4
2026-05-16 16:01:13,1.0,12.42,12.07,11.28,1545545,85354,5.5,0,0,0.0,1007,738,77,1.03,0.84,6.65,7.67,2509,1
2026-05-16 16:02:13,0.9,10.99,11.82,11.25,1545545,85348,5.5,0,0,0.0,1007,738,77,1.03,0.94,0.34,1.81,2494,5
2026-05-16 16:03:13,1.2,10.39,11.51,11.18,1545545,85372,5.5,0,0,0.0,1007,738,77,1.03,0.71,8.01,8.98,2473,1
2026-05-16 16:04:14,1.9,11.90,11.73,11.27,1545545,85397,5.5,0,0,0.0,1007,738,77,1.03,0.77,8.64,9.63,2469,2
2026-05-16 16:05:14,1.0,11.03,11.52,11.23,1545545,85341,5.5,0,0,0.0,1007,738,77,1.03,0.84,0.75,2.18,2469,1
2026-05-16 16:06:14,1.1,10.45,11.27,11.16,1545545,85344,5.5,0,0,0.0,1007,738,77,1.09,0.73,5.13,6.20,2477,5
2026-05-16 16:07:15,3.2,10.22,11.09,11.10,1545545,85374,5.5,0,0,0.0,1007,738,77,1.03,0.88,5.99,7.28,2489,5
2026-05-16 16:08:15,1.2,10.58,11.07,11.10,1545545,85381,5.5,0,0,0.0,1007,738,77,1.03,0.82,10.74,11.81,2492,8
2026-05-16 16:09:15,2.0,12.39,11.32,11.17,1545545,85403,5.5,0,0,0.0,1007,738,77,1.03,0.73,5.87,7.46,2487,6
2026-05-16 16:10:16,1.0,11.12,11.17,11.13,1545545,85350,5.5,0,0,0.0,1007,738,77,1.03,0.74,3.88,4.98,2474,2
2026-05-16 16:11:16,2.2,10.08,10.85,11.02,1545545,85373,5.5,0,0,0.0,1007,738,77,1.03,0.58,4.40,5.41,2474,5
2026-05-16 16:12:16,1.1,9.33,10.51,10.89,1545545,85362,5.5,0,0,0.0,1007,738,77,1.03,0.79,4.72,5.84,2467,1
2026-05-16 16:13:17,1.1,9.36,10.29,10.79,1545545,85382,5.5,0,0,0.0,1007,738,77,1.04,0.77,3.86,5.19,2460,1
2026-05-16 16:14:17,2.2,10.11,10.33,10.77,1545545,85402,5.5,0,0,0.0,1007,738,77,1.03,0.68,4.60,5.80,2464,6
2026-05-16 16:15:17,3.6,11.04,10.48,10.79,1545545,85375,5.5,0,0,0.0,1007,738,77,1.03,0.77,8.57,9.33,2476,8
2026-05-16 16:16:18,1.6,11.17,10.67,10.84,1545545,85358,5.5,0,0,0.0,1007,738,77,1.03,0.77,8.30,9.39,2475,6
2026-05-16 16:17:18,1.0,9.99,10.43,10.74,1545545,85361,5.5,0,0,0.0,1007,738,77,1.03,0.90,0.60,2.06,2472,2
2026-05-16 16:18:18,1.0,9.88,10.30,10.68,1545545,85375,5.5,0,0,0.0,1007,738,77,1.03,0.64,0.71,2.26,2472,1
2026-05-16 16:19:19,3.2,9.45,10.11,10.59,1545545,85423,5.5,0,0,0.0,1007,738,77,1.03,0.69,2.58,3.90,2477,6
2026-05-16 16:20:19,1.1,9.93,10.19,10.59,1545545,85374,5.5,0,0,0.0,1007,738,77,1.03,0.84,2.84,4.46,2479,5
2026-05-16 16:21:19,4.5,16.66,11.95,11.16,1545545,85408,5.5,0,0,0.0,1007,738,77,1.03,0.72,5.18,6.38,2481,9
2026-05-16 16:22:20,2.6,14.52,12.23,11.31,1545545,85399,5.5,0,0,0.0,1007,738,77,2.07,0.95,5.73,6.94,2485,4
2026-05-16 16:23:20,1.5,14.92,12.68,11.52,1545545,85404,5.5,0,0,0.0,1007,738,77,1.03,0.62,1.91,3.26,2491,3
2026-05-16 16:24:20,1.7,16.39,13.67,11.94,1545545,85412,5.5,0,0,0.0,1007,738,77,1.03,0.86,5.40,6.80,2491,2
2026-05-16 16:25:21,1.1,12.22,12.97,11.81,1545545,85375,5.5,0,0,0.0,1007,738,77,1.03,0.77,0.37,1.87,2467,6
2026-05-16 16:26:21,1.2,13.13,13.10,11.92,1545545,85397,5.5,0,0,0.0,1007,738,77,1.03,0.83,3.99,5.26,2473,6
2026-05-16 16:27:21,1.3,11.33,12.56,11.80,1545545,85388,5.5,0,0,0.0,1007,738,77,1.03,0.78,0.31,1.79,2476,2
2026-05-16 16:28:22,1.2,11.90,12.56,11.86,1545545,85411,5.5,0,0,0.0,1007,738,77,1.03,0.89,7.92,8.97,2470,1
2026-05-16 16:29:22,2.0,15.51,13.45,12.20,1545545,85424,5.5,0,0,0.0,1007,738,77,1.03,0.75,6.44,8.03,2477,1
2026-05-16 16:30:22,1.8,13.04,13.11,12.16,1545545,85427,5.5,0,0,0.0,1007,738,77,1.03,0.71,7.01,7.95,2488,2
2026-05-16 16:31:23,2.2,11.67,12.68,12.07,1545545,85429,5.5,0,0,0.0,1007,738,77,1.03,0.74,5.98,7.09,2485,4
2026-05-16 16:32:23,0.9,10.40,12.13,11.92,1545545,85406,5.5,0,0,0.0,1007,738,77,1.03,0.89,0.51,1.97,2484,4
2026-05-16 16:33:23,1.3,14.43,13.11,12.28,1545545,85430,5.5,0,0,0.0,1007,738,77,1.03,0.64,0.70,2.25,2480,5
2026-05-16 16:34:24,1.1,12.48,12.75,12.20,1545545,85453,5.5,0,0,0.0,1007,738,77,1.03,0.79,6.28,7.33,2486,2
2026-05-16 16:35:24,2.2,12.43,12.55,12.16,1545545,85419,5.5,0,0,0.0,1007,738,77,1.03,0.78,3.52,4.69,2488,6
2026-05-16 16:36:24,1.2,10.57,11.98,11.98,1545545,85421,5.5,0,0,0.0,1007,738,77,1.03,0.85,2.78,4.03,2482,5
2026-05-16 16:37:25,1.0,9.66,11.48,11.81,1545545,85415,5.5,0,0,0.0,1007,738,77,1.03,0.75,0.43,1.99,2475,3
2026-05-16 16:38:25,1.1,18.40,13.22,12.36,1545545,85455,5.5,0,0,0.0,1007,738,77,1.03,0.84,9.10,9.88,2482,3
2026-05-16 16:39:25,1.3,14.05,12.85,12.28,1545545,85446,5.5,0,0,0.0,1007,738,77,1.03,0.70,3.81,5.21,2477,1
2026-05-16 16:40:26,1.9,11.64,12.35,12.14,1545545,85440,5.5,0,0,0.0,1007,738,77,1.03,0.65,8.45,9.22,2475,5
2026-05-16 16:41:26,1.1,10.12,11.77,11.96,1545545,85414,5.5,0,0,0.0,1007,738,77,1.03,0.69,0.72,2.09,2474,3
2026-05-16 16:42:26,1.4,10.52,11.57,11.87,1545545,85437,5.5,0,0,0.0,1007,738,77,1.03,0.88,3.57,4.96,2479,1
2026-05-16 16:43:27,1.1,9.47,11.08,11.69,1545545,85436,5.5,0,0,0.0,1007,738,77,1.03,0.75,1.12,2.53,2464,6
2026-05-16 16:44:27,1.1,9.16,10.70,11.52,1545545,85440,5.5,0,0,0.0,1007,738,77,1.03,0.74,0.31,1.78,2459,3
2026-05-16 16:45:27,1.2,9.46,10.51,11.40,1545545,85421,5.5,0,0,0.0,1007,738,77,1.03,0.83,0.71,2.19,2461,2
2026-05-16 16:46:28,1.8,10.00,10.49,11.33,1545545,85414,5.5,0,0,0.0,1007,738,77,1.03,0.73,2.00,3.30,2475,3
2026-05-16 16:47:28,3.5,9.79,10.35,11.23,1545545,85458,5.5,0,0,0.0,1007,738,77,1.03,0.86,4.00,5.12,2477,4
2026-05-16 16:48:28,1.9,10.28,10.42,11.20,1545545,85432,5.5,0,0,0.0,1007,738,77,1.03,0.78,4.64,6.66,2484,2
2026-05-16 16:49:29,1.1,9.89,10.28,11.10,1545545,85432,5.5,0,0,0.0,1007,738,77,1.03,0.65,7.17,8.30,2496,1
2026-05-16 16:50:29,1.7,10.10,10.25,11.04,1545545,85415,5.5,0,0,0.0,1007,738,77,1.03,0.77,5.08,6.17,2501,7
2026-05-16 16:51:29,2.0,9.16,9.96,10.88,1545545,85429,5.5,0,0,0.0,1007,738,77,1.03,0.75,2.03,3.35,2477,2
2026-05-16 16:52:30,1.7,9.42,9.91,10.81,1545545,85434,5.5,0,0,0.0,1007,738,77,1.03,0.81,6.27,7.27,2496,3
2026-05-16 16:53:30,1.0,9.87,9.93,10.76,1545545,85443,5.5,0,0,0.0,1007,738,77,1.03,0.80,3.17,4.58,2483,4
2026-05-16 16:54:30,1.3,10.14,10.02,10.74,1545545,85440,5.5,0,0,0.0,1007,738,77,1.03,0.77,0.36,1.79,2472,2
2026-05-16 16:55:31,3.1,16.75,12.19,11.46,1545545,85441,5.5,0,0,0.0,1007,738,77,1.03,0.84,8.71,10.39,2493,6
2026-05-16 16:56:31,1.0,13.47,12.09,11.47,1545545,85433,5.5,0,0,0.0,1007,738,77,1.03,0.74,9.12,10.04,2508,8
2026-05-16 16:57:31,2.0,10.99,11.62,11.34,1545545,85475,5.5,0,0,0.0,1007,738,77,1.13,0.89,4.63,5.78,2490,5
2026-05-16 16:58:32,1.8,10.94,11.54,11.33,1545545,85474,5.5,0,0,0.0,1007,738,77,1.03,0.75,11.55,12.78,2503,2
2026-05-16 16:59:32,1.0,9.74,11.06,11.18,1545545,85452,5.5,0,0,0.0,1007,738,77,1.05,0.73,0.53,2.10,2511,1
2026-05-16 17:00:32,10.1,11.51,11.22,11.22,1545545,85455,5.5,0,0,0.0,1007,738,77,1.03,0.79,6.83,8.59,2487,20
2026-05-16 17:01:33,3.1,12.30,11.52,11.32,1545545,85455,5.5,0,0,0.0,1007,738,77,1.03,0.79,11.65,13.97,2506,4
2026-05-16 17:02:33,1.2,10.70,11.28,11.26,1545545,85459,5.5,0,0,0.0,1007,738,77,1.03,0.76,2.91,4.59,2505,3
2026-05-16 17:03:33,1.1,11.55,11.30,11.26,1545545,85455,5.5,0,0,0.0,1007,738,77,1.03,0.75,0.69,2.25,2486,3
2026-05-16 17:04:34,2.8,10.62,11.08,11.18,1545545,85464,5.5,0,0,0.0,1007,738,77,1.03,0.87,1.50,2.85,2497,3
2026-05-16 17:05:34,1.1,12.13,11.38,11.28,1545545,85437,5.5,0,0,0.0,1007,738,77,1.03,0.81,7.50,8.91,2492,2
2026-05-16 17:06:34,1.1,12.32,11.56,11.34,1545545,85431,5.5,0,0,0.0,1007,738,77,1.03,0.67,5.86,6.97,2470,1
2026-05-16 17:07:35,3.0,11.23,11.34,11.28,1545545,85476,5.5,0,0,0.0,1007,738,77,1.03,0.86,6.36,7.73,2474,8
2026-05-16 17:08:35,2.1,10.70,11.15,11.21,1545545,85476,5.5,0,0,0.0,1007,738,77,1.03,0.72,3.54,5.14,2497,8
2026-05-16 17:09:35,2.1,11.20,11.21,11.23,1545545,85480,5.5,0,0,0.0,1007,738,77,1.03,0.79,8.10,9.61,2498,2
2026-05-16 17:10:36,1.1,10.43,10.96,11.14,1545545,85442,5.5,0,0,0.0,1007,738,77,1.03,0.68,6.72,7.87,2496,2
2026-05-16 17:11:36,1.1,10.91,10.96,11.13,1545545,85448,5.5,0,0,0.0,1007,738,77,1.03,0.80,0.41,1.78,2508,2
2026-05-16 17:12:36,2.1,10.22,10.73,11.03,1545545,85473,5.5,0,0,0.0,1007,738,77,1.03,0.84,2.19,3.53,2486,3
2026-05-16 17:13:37,3.0,11.44,10.94,11.08,1545545,85487,5.5,0,0,0.0,1007,738,77,1.03,0.81,7.55,9.11,2478,5
2026-05-16 17:14:37,1.1,12.64,11.37,11.22,1545545,85478,5.5,0,0,0.0,1007,738,77,1.03,0.58,11.42,12.74,2486,2
2026-05-16 17:15:37,2.1,11.68,11.35,11.23,1545545,85454,5.5,0,0,0.0,1007,738,77,1.03,0.95,8.48,9.48,2464,3
2026-05-16 17:16:38,1.0,11.15,11.27,11.20,1545545,85432,5.5,0,0,0.0,1007,738,77,1.03,0.75,2.15,3.57,2451,3
2026-05-16 17:17:38,3.7,13.67,11.78,11.37,1545545,85470,5.5,0,0,0.0,1007,738,77,1.03,0.82,5.89,7.13,2477,5
2026-05-16 17:18:38,1.8,11.54,11.49,11.30,1545545,85485,5.5,0,0,0.0,1007,738,77,1.03,0.71,5.11,6.28,2469,2
2026-05-16 17:19:39,1.2,12.29,11.72,11.39,1545545,85478,5.5,0,0,0.0,1007,738,77,1.03,0.80,4.85,6.52,2486,2
2026-05-16 17:20:39,1.7,10.43,11.27,11.25,1545545,85465,5.5,0,0,0.0,1007,738,77,1.03,0.66,2.53,3.83,2494,5
2026-05-16 17:21:39,1.9,10.14,11.07,11.18,1545545,85464,5.5,0,0,0.0,1007,738,77,1.03,1.65,9.58,10.37,2487,5
2026-05-16 17:22:40,1.3,13.23,11.69,11.38,1545545,85463,5.5,0,0,0.0,1007,738,77,1.03,1.48,8.69,10.16,2477,2
2026-05-16 17:23:40,1.2,10.34,11.12,11.20,1545545,85453,5.5,0,0,0.0,1007,738,77,1.03,0.77,0.30,1.77,2488,5
2026-05-16 17:24:40,1.2,9.70,10.79,11.08,1545545,85461,5.5,0,0,0.0,1007,738,77,1.03,0.69,5.92,6.90,2468,7
2026-05-16 17:25:41,1.0,9.48,10.51,10.97,1545545,85426,5.5,0,0,0.0,1007,738,77,1.03,0.81,1.47,2.90,2463,2
2026-05-16 17:26:41,1.0,12.14,11.06,11.12,1545545,85428,5.5,0,0,0.0,1007,738,77,1.03,0.90,6.88,8.51,2477,2
2026-05-16 17:27:41,1.1,11.19,10.98,11.09,1545545,85463,5.5,0,0,0.0,1007,738,77,1.03,0.78,7.68,8.60,2460,2
2026-05-16 17:28:42,1.6,13.15,11.51,11.26,1545545,85477,5.5,0,0,0.0,1007,738,77,1.03,0.83,10.06,11.34,2451,3
2026-05-16 17:29:42,1.8,11.88,11.51,11.28,1545545,85494,5.5,0,0,0.0,1007,738,77,1.03,0.66,6.80,7.67,2461,9
2026-05-16 17:30:42,1.0,11.54,11.59,11.33,1545545,85455,5.5,0,0,0.0,1007,738,77,1.03,0.73,6.64,7.57,2486,3
2026-05-16 17:31:43,1.7,11.53,11.57,11.34,1545545,85474,5.5,0,0,0.0,1007,738,77,1.03,0.83,7.93,9.22,2479,8
2026-05-16 17:32:43,1.0,11.45,11.59,11.36,1545545,85466,5.5,0,0,0.0,1007,738,77,1.03,0.79,3.63,5.36,2479,3
2026-05-16 17:33:43,1.1,11.72,11.58,11.36,1545545,85469,5.5,0,0,0.0,1007,738,77,1.03,0.79,7.39,8.72,2498,3
2026-05-16 17:34:44,1.8,11.09,11.41,11.32,1545545,85480,5.5,0,0,0.0,1007,738,77,1.03,0.79,3.53,4.88,2483,4
2026-05-16 17:35:44,1.0,9.76,10.99,11.18,1545545,85457,5.5,0,0,0.0,1007,738,77,1.09,0.69,4.22,5.47,2464,3
2026-05-16 17:36:44,1.1,9.21,10.61,11.04,1545545,85452,5.5,0,0,0.0,1007,738,77,1.16,0.78,0.75,2.15,2478,4
2026-05-16 17:37:45,1.0,9.48,10.41,10.94,1545545,85480,5.5,0,0,0.0,1007,738,77,1.17,0.70,5.16,6.17,2474,3
2026-05-16 17:38:45,1.8,9.29,10.18,10.82,1545545,85493,5.5,0,0,0.0,1007,738,77,1.05,0.69,0.93,2.48,2444,3
2026-05-16 17:39:45,1.1,9.61,10.12,10.76,1545545,85457,5.5,0,0,0.0,1007,738,77,1.03,0.76,2.58,3.82,2457,3
2026-05-16 17:40:46,1.2,17.60,11.90,11.31,1545545,85465,5.5,0,0,0.0,1007,738,77,1.03,0.77,8.51,9.83,2460,1
2026-05-16 17:41:46,1.2,12.18,11.39,11.17,1545545,85449,5.5,0,0,0.0,1007,738,77,1.03,0.80,2.48,3.70,2456,1
2026-05-16 17:42:46,2.2,10.37,11.00,11.05,1545545,85484,5.5,0,0,0.0,1007,738,77,1.03,0.58,2.54,3.78,2467,2
2026-05-16 17:43:46,0.9,10.00,10.86,11.00,1545545,85466,5.5,0,0,0.0,1007,738,77,1.03,0.77,3.00,4.29,2468,5
2026-05-16 17:44:47,1.1,14.56,12.32,11.51,1545545,85453,5.5,0,0,0.0,1007,738,77,1.03,0.78,4.70,5.97,2462,6
2026-05-16 17:45:47,1.6,12.78,12.27,11.55,1545545,85479,5.5,0,0,0.0,1007,738,77,1.03,0.76,5.84,6.77,2459,3
2026-05-16 17:46:47,4.0,10.83,11.80,11.43,1545545,85458,5.5,0,0,0.0,1007,738,77,1.03,0.75,2.88,4.16,2452,3
2026-05-16 17:47:48,1.0,10.02,11.43,11.33,1545545,85472,5.5,0,0,0.0,1007,738,77,1.03,0.79,3.94,5.03,2454,1
2026-05-16 17:48:48,1.8,10.40,11.26,11.27,1545545,85498,5.5,0,0,0.0,1007,738,77,1.03,0.82,8.68,9.64,2466,7
2026-05-16 17:49:48,1.2,10.06,11.02,11.19,1545545,85457,5.5,0,0,0.0,1007,738,77,1.03,0.67,7.06,8.24,2480,4
2026-05-16 17:50:49,3.3,11.59,11.21,11.24,1545545,85471,5.5,0,0,0.0,1007,738,77,1.03,0.81,5.97,7.34,2479,4
2026-05-16 17:51:49,1.8,10.61,11.03,11.18,1545545,85487,5.5,0,0,0.0,1007,738,77,1.03,0.74,4.04,5.50,2490,3
2026-05-16 17:52:49,1.1,10.03,10.84,11.10,1545545,85489,5.5,0,0,0.0,1007,738,77,1.03,0.69,1.95,3.27,2490,6
2026-05-16 17:53:50,1.4,10.05,10.70,11.04,1545545,85483,5.5,0,0,0.0,1007,738,77,1.03,0.68,8.52,9.83,2483,4
2026-05-16 17:54:50,3.0,9.92,10.52,10.95,1545545,85491,5.5,0,0,0.0,1007,738,77,1.03,0.82,6.75,8.06,2487,5
2026-05-16 17:55:50,1.3,9.78,10.40,10.89,1545545,85481,5.5,0,0,0.0,1007,738,77,1.03,0.94,2.54,4.08,2488,1
2026-05-16 17:56:51,1.9,9.47,10.23,10.80,1545545,85501,5.5,0,0,0.0,1007,738,77,1.03,0.66,5.53,6.48,2478,5
2026-05-16 17:57:51,1.0,11.50,10.57,10.88,1545545,85499,5.5,0,0,0.0,1007,738,77,1.03,0.75,8.12,9.60,2467,1
2026-05-16 17:58:51,1.0,9.85,10.28,10.76,1545545,85489,5.5,0,0,0.0,1007,738,77,1.03,0.79,0.35,1.79,2471,3
2026-05-16 17:59:52,1.9,9.47,10.09,10.66,1545545,85493,5.5,0,0,0.0,1007,738,77,1.03,0.78,4.44,5.54,2454,2
2026-05-16 18:00:52,1.7,9.37,9.94,10.57,1545545,85495,5.5,0,0,0.0,1007,738,77,1.03,0.72,2.40,3.81,2457,15
2026-05-16 18:01:52,1.1,9.34,9.83,10.49,1545545,85466,5.5,0,0,0.0,1007,738,77,1.03,0.95,2.97,4.25,2461,4
2026-05-16 18:02:53,1.8,11.44,10.22,10.57,1545545,85511,5.5,0,0,0.0,1007,738,77,1.03,0.79,2.41,3.79,2457,4
2026-05-16 18:03:53,1.6,11.44,10.34,10.59,1545545,85515,5.5,0,0,0.0,1007,738,77,1.03,0.78,6.63,7.89,2458,4
2026-05-16 18:04:53,1.1,13.40,11.05,10.81,1545545,85470,5.5,0,0,0.0,1007,738,77,1.03,0.79,6.04,7.46,2482,1
2026-05-16 18:05:54,1.1,11.90,11.02,10.81,1545545,85479,5.5,0,0,0.0,1007,738,77,1.10,0.78,0.70,2.16,2465,1
2026-05-16 18:06:54,1.2,15.40,12.28,11.26,1545545,85477,5.5,0,0,0.0,1007,738,77,1.04,0.94,6.36,7.56,2480,11
2026-05-16 18:07:54,1.9,15.95,13.14,11.63,1545545,85509,5.5,0,0,0.0,1007,738,77,1.03,0.71,8.79,9.75,2481,4
2026-05-16 18:08:55,1.1,14.36,13.31,11.79,1545545,85497,5.5,0,0,0.0,1007,738,77,1.03,0.62,5.61,7.07,2478,7
2026-05-16 18:09:55,1.2,14.93,13.73,12.03,1545545,85481,5.5,0,0,0.0,1007,738,77,1.03,0.73,4.31,5.44,2472,1
2026-05-16 18:10:55,1.3,12.06,13.13,11.93,1545545,85477,5.5,0,0,0.0,1007,738,77,1.03,0.73,2.35,3.62,2475,5
2026-05-16 18:11:56,1.1,12.74,13.14,12.01,1545545,85477,5.5,0,0,0.0,1007,738,77,1.03,0.93,7.47,8.61,2472,1
2026-05-16 18:12:56,2.0,16.26,14.15,12.43,1545545,85519,5.5,0,0,0.0,1007,738,77,1.03,0.64,11.04,12.39,2468,3
2026-05-16 18:13:56,1.6,13.67,13.86,12.44,1545545,85505,5.5,0,0,0.0,1007,738,77,1.03,0.81,8.01,10.22,2482,3
2026-05-16 18:14:57,1.2,12.30,13.40,12.37,1545545,85484,5.5,0,0,0.0,1007,738,77,1.03,0.72,5.25,6.87,2482,5
2026-05-16 18:15:57,1.2,11.47,12.90,12.26,1545545,85481,5.5,0,0,0.0,1007,738,77,1.14,0.79,3.49,4.76,2487,16
2026-05-16 18:16:57,1.0,11.65,12.70,12.22,1545545,85481,5.5,0,0,0.0,1007,738,77,1.03,0.91,4.63,5.93,2483,3
2026-05-16 18:17:58,1.9,11.49,12.52,12.20,1545545,85526,5.5,0,0,0.0,1007,738,77,1.03,0.83,8.17,9.11,2488,3
2026-05-16 18:18:58,1.0,10.08,11.90,12.00,1545545,85518,5.5,0,0,0.0,1007,738,77,1.03,0.73,3.40,4.55,2469,1
2026-05-16 18:19:58,1.7,12.01,12.17,12.09,1545545,85519,5.5,0,0,0.0,1007,738,77,1.03,0.61,7.99,9.70,2474,2
2026-05-16 18:20:59,2.0,11.22,11.86,11.98,1545545,85509,5.5,0,0,0.0,1007,738,77,1.03,0.79,4.19,5.38,2474,19
2026-05-16 18:21:59,1.0,13.29,12.41,12.17,1545545,85501,5.5,0,0,0.0,1007,738,77,1.03,1.06,11.08,12.90,2482,2
2026-05-16 18:22:59,1.9,11.02,11.92,12.01,1545545,85516,5.5,0,0,0.0,1007,738,77,1.03,0.83,5.47,6.90,2488,3
2026-05-16 18:24:00,1.2,10.57,11.65,11.92,1545545,85516,5.5,0,0,0.0,1007,738,77,1.03,0.77,1.54,2.96,2487,3
2026-05-16 18:25:00,4.5,12.30,11.88,11.97,1545545,85506,5.5,0,0,0.0,1007,738,77,1.03,0.82,8.28,9.22,2487,6
2026-05-16 18:26:00,1.7,10.79,11.52,11.84,1545545,85483,5.5,0,0,0.0,1007,738,77,1.03,0.82,4.12,5.71,2482,1
2026-05-16 18:27:01,1.1,10.23,11.22,11.72,1545545,85508,5.5,0,0,0.0,1007,738,77,1.03,0.87,2.72,3.99,2475,1
2026-05-16 18:28:01,1.1,11.67,11.45,11.77,1545545,85519,5.5,0,0,0.0,1007,738,77,1.03,0.82,7.80,8.99,2469,6
2026-05-16 18:29:01,3.0,11.88,11.55,11.78,1545545,85537,5.5,0,0,0.0,1007,738,77,1.15,0.82,10.53,11.54,2486,20
2026-05-16 18:30:02,1.0,11.37,11.56,11.77,1545545,85486,5.5,0,0,0.0,1007,738,77,1.03,0.79,4.14,6.03,2487,1
2026-05-16 18:31:02,0.9,12.71,12.19,11.99,1545545,85485,5.5,0,0,0.0,1007,738,77,1.03,0.73,0.31,1.78,2487,3
2026-05-16 18:32:02,2.0,11.32,11.84,11.88,1545545,85514,5.5,0,0,0.0,1007,738,77,1.03,0.79,2.53,3.86,2479,2
2026-05-16 18:33:03,1.1,10.81,11.61,11.80,1545545,85508,5.5,0,0,0.0,1007,738,77,1.03,0.79,9.24,10.07,2467,1
2026-05-16 18:34:03,3.1,10.73,11.41,11.72,1545545,85525,5.5,0,0,0.0,1007,738,77,1.03,0.79,4.57,6.03,2457,5
2026-05-16 18:35:03,1.9,11.26,11.44,11.71,1545545,85503,5.5,0,0,0.0,1007,738,77,1.03,0.85,10.62,11.85,2458,3
2026-05-16 18:36:04,1.0,11.47,11.43,11.68,1545545,85494,5.5,0,0,0.0,1007,738,77,1.03,0.71,5.85,7.00,2464,1
2026-05-16 18:37:04,1.8,10.92,11.25,11.60,1545545,85511,5.5,0,0,0.0,1007,738,77,1.03,0.88,3.08,4.35,2475,2
2026-05-16 18:38:04,3.1,12.59,11.73,11.75,1545545,85529,5.5,0,0,0.0,1007,738,77,1.04,0.72,12.05,13.56,2462,25
2026-05-16 18:39:05,1.8,11.31,11.57,11.70,1545545,85531,5.5,0,0,0.0,1007,738,77,1.33,0.68,7.61,9.15,2455,2
2026-05-16 18:40:05,1.8,12.89,11.81,11.76,1545545,85517,5.5,0,0,0.0,1007,738,77,1.11,0.87,5.99,7.16,2448,2
2026-05-16 18:41:05,3.3,13.28,12.05,11.84,1545545,85508,5.5,0,0,0.0,1007,738,77,1.03,0.79,11.87,12.60,2463,6
2026-05-16 18:42:06,1.2,11.31,11.74,11.75,1545545,85498,5.5,0,0,0.0,1007,738,77,1.03,0.83,9.42,10.25,2462,2
2026-05-16 18:43:06,1.9,9.70,11.20,11.56,1545545,85532,5.5,0,0,0.0,1007,738,77,1.08,0.64,1.15,2.52,2475,6
2026-05-16 18:44:06,1.3,10.68,11.27,11.57,1545545,85515,5.5,0,0,0.0,1007,738,77,1.03,0.75,9.43,11.35,2481,1
2026-05-16 18:45:07,1.0,9.59,10.87,11.41,1545545,85496,5.5,0,0,0.0,1007,738,77,1.03,0.86,1.47,2.92,2483,2
2026-05-16 18:46:07,1.7,9.81,10.69,11.31,1545545,85515,5.5,0,0,0.0,1007,738,77,1.11,0.92,2.31,3.81,2459,6
2026-05-16 18:47:07,1.1,10.93,10.84,11.32,1545545,85501,5.5,0,0,0.0,1007,738,77,1.05,0.81,6.34,8.35,2462,2
2026-05-16 18:48:08,1.9,11.03,10.84,11.29,1545545,85539,5.5,0,0,0.0,1007,738,77,1.03,0.65,6.15,7.56,2475,2
2026-05-16 18:49:08,1.2,9.93,10.53,11.15,1545545,85542,5.5,0,0,0.0,1007,738,77,1.03,0.76,0.73,2.16,2476,3
2026-05-16 18:50:08,3.2,11.74,11.04,11.29,1545545,85530,5.5,0,0,0.0,1007,738,77,1.03,0.71,7.89,9.86,2486,4
2026-05-16 18:51:09,1.9,11.81,11.19,11.33,1545545,85526,5.5,0,0,0.0,1007,738,77,1.03,0.81,9.42,10.69,2490,2
2026-05-16 18:52:09,1.2,11.08,11.12,11.30,1545545,85506,5.5,0,0,0.0,1007,738,77,1.04,0.79,6.72,7.65,2489,2
2026-05-16 18:53:09,1.8,14.51,12.02,11.59,1545545,85543,5.5,0,0,0.0,1007,738,77,1.03,0.77,10.63,11.49,2484,4
2026-05-16 18:54:10,2.8,11.31,11.55,11.45,1545545,85540,5.5,0,0,0.0,1007,738,77,1.03,0.75,2.31,3.62,2476,1
2026-05-16 18:55:10,1.0,10.33,11.26,11.36,1545545,85500,5.5,0,0,0.0,1007,738,77,1.03,0.71,0.31,1.78,2459,1
2026-05-16 18:56:10,1.2,9.76,10.91,11.23,1545545,85516,5.5,0,0,0.0,1007,738,77,1.03,0.87,0.74,2.18,2472,1
2026-05-16 18:57:11,1.0,9.57,10.65,11.12,1545545,85514,5.5,0,0,0.0,1007,738,77,1.06,0.94,1.19,2.73,2470,5
2026-05-16 18:58:11,3.4,14.32,11.78,11.48,1545545,85552,5.5,0,0,0.0,1007,738,77,1.03,0.70,11.48,12.91,2452,6
2026-05-16 18:59:11,1.8,12.71,11.83,11.52,1545545,85549,5.5,0,0,0.0,1007,738,77,1.03,0.65,5.84,7.29,2466,2
2026-05-16 19:00:12,1.7,12.30,11.87,11.55,1545545,85525,5.5,0,0,0.0,1007,738,77,1.15,0.80,7.26,8.55,2491,4
2026-05-16 19:01:12,1.0,10.59,11.50,11.44,1545545,85509,5.5,0,0,0.0,1007,738,77,1.03,5.19,2.83,4.12,2477,8
2026-05-16 19:02:12,1.0,9.54,11.05,11.29,1545545,85506,5.5,0,0,0.0,1007,738,77,1.10,0.99,0.76,2.29,2475,5
2026-05-16 19:03:13,1.0,10.63,11.11,11.30,1545545,85522,5.5,0,0,0.0,1007,738,77,1.08,0.73,4.79,5.89,2466,3
2026-05-16 19:04:13,0.9,10.15,10.90,11.22,1545545,85523,5.5,0,0,0.0,1007,738,77,1.03,0.80,0.38,1.78,2456,1
2026-05-16 19:05:13,1.1,9.92,10.71,11.13,1545545,85506,5.5,0,0,0.0,1007,738,77,1.03,0.72,0.31,1.88,2450,2
2026-05-16 19:06:14,1.1,9.86,10.50,11.02,1545545,85520,5.5,0,0,0.0,1007,738,77,1.03,0.77,5.02,6.28,2459,1
2026-05-16 19:07:14,1.1,9.60,10.31,10.93,1545545,85509,5.5,0,0,0.0,1007,738,77,1.03,0.86,0.31,1.80,2463,4
2026-05-16 19:08:14,2.0,9.60,10.18,10.84,1545545,85558,5.5,0,0,0.0,1007,738,77,1.03,0.86,2.72,4.11,2477,3
2026-05-16 19:09:15,1.0,11.04,10.53,10.92,1545545,85533,5.5,0,0,0.0,1007,738,77,1.03,0.64,8.99,10.38,2478,1
2026-05-16 19:10:15,1.0,10.65,10.47,10.87,1545545,85507,5.5,0,0,0.0,1007,738,77,1.03,0.73,2.30,3.62,2482,8
2026-05-16 19:11:15,2.0,11.21,10.65,10.91,1545545,85527,5.5,0,0,0.0,1007,738,77,1.12,0.79,2.08,3.35,2484,6
2026-05-16 19:12:16,3.4,13.32,11.35,11.13,1545545,85531,5.5,0,0,0.0,1007,738,77,1.23,0.77,11.49,13.41,2495,11
2026-05-16 19:13:16,2.9,14.09,11.97,11.36,1545545,85578,5.5,0,0,0.0,1007,738,77,1.04,0.73,11.74,14.58,2489,6
2026-05-16 19:14:16,3.0,14.29,12.39,11.54,1545545,85563,5.5,0,0,0.0,1007,738,77,1.12,0.80,11.42,13.95,2500,5
2026-05-16 19:15:17,3.0,12.33,12.13,11.50,1545545,85548,5.5,0,0,0.0,1007,738,77,1.03,0.73,7.66,9.42,2492,5
2026-05-16 19:16:17,3.0,11.02,11.79,11.42,1545545,85548,5.5,0,0,0.0,1007,738,77,1.30,0.82,4.50,5.80,2487,4
2026-05-16 19:17:17,1.1,9.88,11.33,11.29,1545545,85516,5.5,0,0,0.0,1007,738,77,1.04,0.77,1.88,3.36,2478,7
2026-05-16 19:18:18,2.6,9.00,10.83,11.12,1545545,85527,5.5,0,0,0.0,1007,738,77,1.12,0.84,0.34,1.81,2473,2
2026-05-16 19:19:18,3.1,10.70,10.93,11.13,1545545,85554,5.5,0,0,0.0,1007,738,77,1.03,0.80,8.60,10.11,2468,9
2026-05-16 19:20:18,3.1,11.23,11.13,11.19,1545545,85530,5.5,0,0,0.0,1007,738,77,1.03,0.65,8.13,9.22,2469,2
2026-05-16 19:21:19,1.7,10.93,11.05,11.16,1545545,85523,5.5,0,0,0.0,1007,738,77,1.03,0.76,5.47,6.54,2470,3
2026-05-16 19:22:19,1.0,10.67,10.99,11.14,1545545,85509,5.5,0,0,0.0,1007,738,77,1.03,1.07,4.84,5.93,2460,3
2026-05-16 19:23:19,2.7,11.46,11.10,11.16,1545545,85557,5.5,0,0,0.0,1007,738,77,1.03,0.61,9.10,9.80,2467,3
2026-05-16 19:24:20,2.8,10.50,10.88,11.08,1545545,85545,5.5,0,0,0.0,1007,738,77,2.07,0.79,4.41,5.48,2455,4
2026-05-16 19:25:20,3.0,9.65,10.57,10.96,1545545,85550,5.5,0,0,0.0,1007,738,77,0.00,0.89,1.97,3.48,2452,6
2026-05-16 19:26:20,1.8,9.48,10.38,10.87,1545545,85546,5.5,0,0,0.0,1007,738,77,2.07,0.80,3.54,4.82,2459,5
2026-05-16 19:27:21,1.0,9.11,10.11,10.74,1545545,85523,5.5,0,0,0.0,1007,738,77,1.03,0.73,0.32,1.79,2471,1
2026-05-16 19:28:21,1.2,9.68,10.11,10.70,1545545,85543,5.5,0,0,0.0,1007,738,77,1.03,0.90,0.31,1.78,2462,6
2026-05-16 19:29:21,1.7,11.56,10.61,10.84,1545545,85565,5.5,0,0,0.0,1007,738,77,1.03,0.75,9.95,10.77,2471,4
2026-05-16 19:30:22,1.7,13.16,11.22,11.04,1545545,85557,5.5,0,0,0.0,1007,738,77,1.03,0.76,6.04,7.14,2476,3
2026-05-16 19:31:22,1.2,10.66,10.85,10.92,1545545,85530,5.5,0,0,0.0,1007,738,77,1.03,0.79,1.46,2.92,2463,1
2026-05-16 19:32:22,1.0,10.29,10.69,10.86,1545545,85537,5.5,0,0,0.0,1007,738,77,1.03,0.82,0.34,1.82,2460,8
2026-05-16 19:33:23,2.9,9.90,10.48,10.77,1545545,85580,5.5,0,0,0.0,1007,738,77,1.06,0.73,3.17,4.68,2460,3
2026-05-16 19:34:23,2.0,10.49,10.48,10.75,1545545,85562,5.5,0,0,0.0,1007,738,77,1.03,0.68,7.81,9.00,2464,2
2026-05-16 19:35:24,1.1,10.19,10.42,10.71,1545545,85530,5.5,0,0,0.0,1007,738,77,1.03,0.82,1.32,2.80,2468,3
2026-05-16 19:36:24,1.4,9.64,10.23,10.63,1545545,85556,5.5,0,0,0.0,1007,738,77,1.03,0.76,1.16,2.71,2478,2
2026-05-16 19:37:24,1.7,11.07,10.50,10.70,1545545,85554,5.5,0,0,0.0,1007,738,77,1.03,0.89,6.10,7.71,2474,4
2026-05-16 19:38:24,1.0,9.83,10.25,10.60,1545545,85558,5.5,0,0,0.0,1007,738,77,1.03,0.69,1.09,2.53,2482,1
2026-05-16 19:39:25,2.6,10.76,10.40,10.62,1545545,85559,5.5,0,0,0.0,1007,738,77,1.03,0.74,7.69,9.20,2469,1
2026-05-16 19:40:25,1.1,10.31,10.35,10.59,1545545,85535,5.5,0,0,0.0,1007,738,77,1.03,0.79,3.49,4.85,2477,4
2026-05-16 19:41:25,2.3,10.62,10.52,10.64,1545545,85559,5.5,0,0,0.0,1007,738,77,1.03,0.73,5.51,6.48,2480,4
2026-05-16 19:42:26,2.0,9.74,10.29,10.55,1545545,85551,5.5,0,0,0.0,1007,738,77,1.03,0.80,4.34,5.58,2470,2
2026-05-16 19:43:26,1.4,10.35,10.42,10.59,1545545,85556,5.5,0,0,0.0,1007,738,77,1.03,0.76,8.70,10.11,2476,8
2026-05-16 19:44:26,2.0,9.94,10.28,10.53,1545545,85579,5.5,0,0,0.0,1007,738,77,1.03,0.69,2.03,3.32,2476,5
2026-05-16 19:45:27,1.9,9.83,10.21,10.49,1545545,85561,5.5,0,0,0.0,1007,738,77,1.03,0.92,4.68,5.70,2476,2
2026-05-16 19:46:27,1.1,10.40,10.34,10.52,1545545,85566,5.5,0,0,0.0,1007,738,77,1.03,0.78,6.70,7.58,2476,1
2026-05-16 19:47:27,2.7,10.14,10.28,10.48,1545545,85533,5.5,0,0,0.0,1007,738,77,1.03,0.99,4.78,6.02,2477,6
2026-05-16 19:48:28,1.9,13.02,10.89,10.67,1545545,85560,5.5,0,0,0.0,1007,738,77,1.03,0.66,2.43,3.75,2468,3
2026-05-16 19:49:28,3.2,15.71,12.09,11.10,1545545,85566,5.5,0,0,0.0,1007,738,77,1.03,0.71,7.15,8.07,2477,7
2026-05-16 19:50:28,1.2,12.52,11.92,11.11,1545545,85534,5.5,0,0,0.0,1007,738,77,1.03,0.75,3.79,4.99,2478,1
2026-05-16 19:51:29,1.0,10.53,11.45,10.99,1545545,85526,5.5,0,0,0.0,1007,738,77,1.03,0.74,0.33,1.83,2458,4
2026-05-16 19:52:29,1.8,11.00,11.30,10.96,1545545,85573,5.5,0,0,0.0,1007,738,77,1.14,0.82,0.72,2.17,2465,6
2026-05-16 19:53:29,1.0,13.11,11.98,11.23,1545545,85578,5.5,0,0,0.0,1007,738,77,1.03,0.81,9.98,10.79,2477,2
2026-05-16 19:54:30,1.7,12.41,12.00,11.28,1545545,85556,5.5,0,0,0.0,1007,738,77,1.03,0.70,1.56,2.89,2471,4
2026-05-16 19:55:30,1.1,11.86,12.00,11.33,1545545,85524,5.5,0,0,0.0,1007,738,77,1.03,0.76,2.31,3.67,2464,8
2026-05-16 19:56:30,1.1,10.04,11.45,11.18,1545545,85529,5.5,0,0,0.0,1007,738,77,1.03,0.66,0.37,1.79,2470,3
2026-05-16 19:57:31,3.0,13.62,11.95,11.35,1545545,85564,5.5,0,0,0.0,1007,738,77,1.03,0.88,5.44,6.65,2471,4
2026-05-16 19:58:31,1.8,14.86,12.83,11.71,1545545,85576,5.5,0,0,0.0,1007,738,77,1.03,0.82,12.18,13.35,2462,6
2026-05-16 19:59:31,1.0,11.82,12.34,11.61,1545545,85566,5.5,0,0,0.0,1007,738,77,1.03,0.77,3.97,5.12,2476,3
2026-05-16 20:00:32,1.2,10.86,11.97,11.53,1545545,85528,5.5,0,0,0.0,1007,738,77,1.03,0.75,7.11,8.04,2481,8
2026-05-16 20:01:32,1.6,10.19,11.54,11.40,1545545,85559,5.5,0,0,0.0,1007,738,77,1.08,0.80,2.41,3.74,2475,4
2026-05-16 20:02:32,1.3,10.48,11.34,11.34,1545545,85568,5.5,0,0,0.0,1007,738,77,1.03,0.83,4.59,5.77,2496,2
2026-05-16 20:03:33,3.0,12.36,11.57,11.41,1545545,85560,5.5,0,0,0.0,1007,738,77,1.03,0.66,5.21,7.02,2478,4
2026-05-16 20:04:33,1.8,10.60,11.21,11.29,1545545,85551,5.5,0,0,0.0,1007,738,77,1.03,0.84,1.48,3.22,2465,2
2026-05-16 20:05:33,1.0,10.19,11.01,11.22,1545545,85522,5.5,0,0,0.0,1007,738,77,1.03,0.80,3.19,4.41,2473,1
2026-05-16 20:06:34,1.1,9.15,10.55,11.05,1545545,85519,5.5,0,0,0.0,1007,738,77,1.03,0.66,0.31,1.81,2469,2
2026-05-16 20:07:34,1.9,10.22,10.60,11.03,1545545,85561,5.5,0,0,0.0,1007,738,77,1.03,0.86,5.02,6.30,2464,7
2026-05-16 20:08:34,1.0,11.02,10.74,11.05,1545545,85553,5.5,0,0,0.0,1007,738,77,1.03,0.70,6.93,8.28,2471,6
2026-05-16 20:09:35,1.1,10.07,10.51,10.95,1545545,85584,5.5,0,0,0.0,1007,738,77,1.03,0.76,0.71,2.19,2470,5
2026-05-16 20:10:35,3.3,11.05,10.65,10.97,1545545,85544,5.5,0,0,0.0,1007,738,77,1.03,0.77,5.54,6.95,2457,6
2026-05-16 20:11:35,1.3,10.97,10.81,11.00,1545545,85525,5.5,0,0,0.0,1007,738,77,1.03,0.65,2.23,3.79,2475,4
2026-05-16 20:12:36,1.8,10.41,10.67,10.95,1545545,85560,5.5,0,0,0.0,1007,738,77,1.03,0.80,2.53,3.84,2467,2
2026-05-16 20:13:36,2.2,10.93,10.83,10.98,1545545,85577,5.5,0,0,0.0,1007,738,77,1.03,0.74,9.20,9.89,2474,7
2026-05-16 20:14:36,3.0,13.71,11.50,11.20,1545545,85581,5.5,0,0,0.0,1007,738,77,1.03,0.61,8.73,9.62,2496,5
2026-05-16 20:15:37,1.2,11.69,11.37,11.17,1545545,85540,5.5,0,0,0.0,1007,738,77,1.03,0.96,4.71,6.27,2479,1
2026-05-16 20:16:37,1.8,10.76,11.16,11.11,1545545,85553,5.5,0,0,0.0,1007,738,77,1.03,0.74,6.22,7.07,2477,7
2026-05-16 20:17:37,4.6,12.60,11.57,11.25,1545545,85577,5.5,0,0,0.0,1007,738,77,1.03,0.87,9.82,11.70,2494,4
2026-05-16 20:18:38,3.0,11.63,11.49,11.25,1545545,85590,5.5,0,0,0.0,1007,738,77,1.03,0.69,6.33,7.55,2474,6
2026-05-16 20:19:38,3.0,12.28,11.64,11.31,1545545,85577,5.5,0,0,0.0,1007,738,77,1.03,0.66,10.47,11.63,2472,20
2026-05-16 20:20:38,3.7,11.58,11.59,11.32,1545545,85548,5.5,0,0,0.0,1007,738,77,1.78,0.75,8.41,10.35,2482,7
2026-05-16 20:21:39,0.9,12.07,11.87,11.45,1545545,85526,5.5,0,0,0.0,1007,738,77,1.44,0.96,7.87,10.08,2482,2
2026-05-16 20:22:39,1.0,10.81,11.55,11.36,1545545,85542,5.5,0,0,0.0,1007,738,77,1.12,0.87,5.17,6.15,2475,1
2026-05-16 20:23:39,1.9,11.01,11.46,11.34,1545545,85568,5.5,0,0,0.0,1007,738,77,1.03,0.58,10.04,10.84,2466,2
2026-05-16 20:24:40,1.7,9.94,11.08,11.22,1545545,85556,5.5,0,0,0.0,1007,738,77,1.03,0.84,4.13,5.21,2464,5
2026-05-16 20:25:40,1.1,13.69,11.84,11.46,1545545,85541,5.5,0,0,0.0,1007,738,77,1.03,0.77,0.72,2.20,2472,4
2026-05-16 20:26:40,1.9,11.68,11.60,11.40,1545545,85556,5.5,0,0,0.0,1007,738,77,1.03,0.93,4.81,5.89,2461,2
2026-05-16 20:27:41,1.1,10.16,11.19,11.27,1545545,85558,5.5,0,0,0.0,1007,738,77,1.03,0.86,1.19,2.64,2466,3
2026-05-16 20:28:41,1.1,10.57,11.09,11.23,1545545,85560,5.5,0,0,0.0,1007,738,77,1.03,0.80,3.88,5.13,2469,2
2026-05-16 20:29:41,1.1,10.82,11.13,11.24,1545545,85562,5.5,0,0,0.0,1007,738,77,1.03,0.72,6.72,8.60,2471,1
2026-05-16 20:30:42,0.8,9.99,10.82,11.12,1545545,85538,5.5,0,0,0.0,1007,738,77,1.03,0.64,2.33,3.64,2464,1
2026-05-16 20:31:42,2.9,11.04,10.89,11.12,1545545,85559,5.5,0,0,0.0,1007,738,77,1.03,0.80,6.34,7.54,2475,6
2026-05-16 20:32:42,1.0,10.09,10.65,11.02,1545545,85557,5.5,0,0,0.0,1007,738,77,1.08,0.87,4.29,5.55,2469,1
2026-05-16 20:33:43,8.8,11.76,11.02,11.13,1545545,85577,5.5,0,0,0.0,1007,738,77,1.03,0.65,8.72,9.87,2483,24
2026-05-16 20:34:43,1.1,11.94,11.32,11.23,1545545,85570,5.5,0,0,0.0,1007,738,77,1.03,0.71,5.96,7.50,2477,3
2026-05-16 20:35:43,1.1,10.97,11.18,11.19,1545545,85551,5.5,0,0,0.0,1007,738,77,1.03,0.73,4.78,5.89,2480,1
2026-05-16 20:36:44,1.0,10.40,10.98,11.12,1545545,85534,5.5,0,0,0.0,1007,738,77,1.03,0.88,0.36,1.77,2481,2
2026-05-16 20:37:44,1.1,10.72,10.97,11.10,1545545,85553,5.5,0,0,0.0,1007,738,77,1.18,0.86,1.93,3.27,2470,4
2026-05-16 20:38:44,1.7,9.82,10.65,10.98,1545545,85588,5.5,0,0,0.0,1007,738,77,1.03,0.66,2.81,4.23,2457,6
2026-05-16 20:39:45,2.8,11.42,10.94,11.06,1545545,85561,5.5,0,0,0.0,1007,738,77,1.03,0.72,11.99,13.62,2463,4
2026-05-16 20:40:45,1.0,10.25,10.70,10.97,1545545,85526,5.5,0,0,0.0,1007,738,77,1.03,0.70,1.72,3.14,2457,2
2026-05-16 20:41:45,1.2,10.53,10.69,10.94,1545545,85551,5.5,0,0,0.0,1007,738,77,1.03,0.75,5.30,6.24,2464,2
2026-05-16 20:42:46,0.9,10.85,10.73,10.94,1545545,85573,5.5,0,0,0.0,1007,738,77,1.03,0.79,9.40,10.41,2472,4
2026-05-16 20:43:46,1.8,10.76,10.75,10.94,1545545,85594,5.5,0,0,0.0,1007,738,77,1.03,0.74,4.75,6.00,2469,4
2026-05-16 20:44:46,3.9,10.95,10.86,10.97,1545545,85576,5.5,0,0,0.0,1007,738,77,1.03,0.78,5.74,6.80,2476,8
2026-05-16 20:45:47,1.1,11.04,10.90,10.97,1545545,85556,5.5,0,0,0.0,1007,738,77,1.03,0.73,5.26,6.40,2476,3
2026-05-16 20:46:47,1.8,10.82,10.84,10.95,1545545,85579,5.5,0,0,0.0,1007,738,77,1.03,0.82,7.08,7.89,2477,7
2026-05-16 20:47:47,9.5,11.41,11.00,10.99,1545545,85589,5.5,0,0,0.0,1007,738,77,1.03,0.77,9.66,10.75,2468,16
2026-05-16 20:48:48,1.0,11.02,10.99,10.99,1545545,85574,5.5,0,0,0.0,1007,738,77,1.03,0.73,6.41,7.64,2482,4
2026-05-16 20:49:48,1.3,9.47,10.56,10.84,1545545,85549,5.5,0,0,0.0,1007,738,77,1.03,0.77,0.42,2.00,2462,3
2026-05-16 20:50:48,1.2,9.78,10.44,10.79,1545545,85549,5.5,0,0,0.0,1007,738,77,1.03,0.75,3.14,4.41,2459,2
2026-05-16 20:51:49,1.1,9.89,10.34,10.72,1545545,85544,5.5,0,0,0.0,1007,738,77,1.03,0.79,0.39,1.82,2466,4
2026-05-16 20:52:49,3.0,9.84,10.23,10.66,1545545,85581,5.5,0,0,0.0,1007,738,77,1.03,0.75,2.51,3.93,2471,8
2026-05-16 20:53:49,1.9,9.90,10.21,10.63,1545545,85573,5.5,0,0,0.0,1007,738,77,1.03,0.74,3.27,4.56,2459,2
2026-05-16 20:54:50,3.6,11.29,10.55,10.72,1545545,85564,5.5,0,0,0.0,1007,738,77,1.03,0.80,6.41,7.68,2464,5
2026-05-16 20:55:50,3.2,11.55,10.73,10.77,1545545,85565,5.5,0,0,0.0,1007,738,77,1.03,0.84,5.54,7.01,2462,5
2026-05-16 20:56:50,2.0,12.74,11.24,10.94,1545545,85581,5.5,0,0,0.0,1007,738,77,1.03,0.93,8.93,9.87,2459,4
2026-05-16 20:57:51,1.1,11.10,11.09,10.91,1545545,85585,5.5,0,0,0.0,1007,738,77,1.03,0.67,8.44,9.66,2468,3
2026-05-16 20:58:51,1.6,10.78,11.00,10.89,1545545,85607,5.5,0,0,0.0,1007,738,77,1.03,0.73,7.88,9.05,2475,4
2026-05-16 20:59:51,0.9,10.55,10.93,10.88,1545545,85601,5.5,0,0,0.0,1007,738,77,1.03,0.77,6.61,7.48,2480,3
2026-05-16 21:00:52,1.8,11.27,11.10,10.94,1545545,85580,5.5,0,0,0.0,1007,738,77,1.03,0.88,7.63,8.88,2478,4
2026-05-16 21:01:52,1.9,10.31,10.84,10.86,1545545,85565,5.5,0,0,0.0,1007,738,77,1.03,0.89,4.54,5.71,2471,2
2026-05-16 21:02:52,1.1,13.96,12.14,11.33,1545545,85581,5.5,0,0,0.0,1007,738,77,1.03,0.74,6.39,7.40,2476,1
2026-05-16 21:03:53,1.2,12.26,11.97,11.32,1545545,85572,5.5,0,0,0.0,1007,738,77,1.03,0.80,6.77,8.58,2480,1
2026-05-16 21:04:53,1.9,10.78,11.59,11.23,1545545,85577,5.5,0,0,0.0,1007,738,77,1.03,0.71,5.86,6.85,2470,5
2026-05-16 21:05:53,3.1,10.86,11.43,11.19,1545545,85561,5.5,0,0,0.0,1007,738,77,1.03,0.82,6.65,7.88,2486,4
2026-05-16 21:06:54,3.1,10.86,11.31,11.17,1545545,85573,5.5,0,0,0.0,1007,738,77,1.03,0.82,8.78,10.71,2484,9
2026-05-16 21:07:54,1.8,10.67,11.17,11.13,1545545,85591,5.5,0,0,0.0,1007,738,77,1.03,0.85,6.92,7.97,2475,2
2026-05-16 21:08:54,2.0,9.63,10.77,10.99,1545545,85604,5.5,0,0,0.0,1007,738,77,1.03,0.73,1.96,3.32,2478,7
2026-05-16 21:09:55,1.2,9.86,10.66,10.94,1545545,85556,5.5,0,0,0.0,1007,738,77,1.03,0.62,2.39,3.71,2474,2
2026-05-16 21:10:55,2.2,9.44,10.36,10.82,1545545,85571,5.5,0,0,0.0,1007,738,77,1.03,0.77,1.89,3.21,2457,2
2026-05-16 21:11:55,1.2,9.83,10.29,10.76,1545545,85549,5.5,0,0,0.0,1007,738,77,1.03,0.85,2.89,4.24,2470,1
2026-05-16 21:12:56,1.0,9.80,10.19,10.70,1545545,85572,5.5,0,0,0.0,1007,738,77,1.03,0.64,0.78,2.18,2456,4
2026-05-16 21:13:56,1.8,9.98,10.16,10.65,1545545,85599,5.5,0,0,0.0,1007,738,77,1.03,0.77,1.08,2.50,2455,3
2026-05-16 21:14:56,1.6,12.51,10.96,10.90,1545545,85552,5.5,0,0,0.0,1007,738,77,1.03,0.77,9.80,10.75,2467,3
2026-05-16 21:15:57,1.8,11.01,10.77,10.83,1545545,85573,5.5,0,0,0.0,1007,738,77,1.03,0.91,2.28,3.58,2474,10
2026-05-16 21:16:57,2.8,12.05,11.16,10.97,1545545,85564,5.5,0,0,0.0,1007,738,77,1.03,0.75,12.04,13.95,2481,21
2026-05-16 21:17:57,1.3,11.27,11.17,10.99,1545545,85564,5.5,0,0,0.0,1007,738,77,1.03,0.88,6.94,8.15,2494,7
2026-05-16 21:18:58,1.0,9.93,10.83,10.88,1545545,85569,5.5,0,0,0.0,1007,738,77,1.03,0.71,0.31,1.79,2481,1
2026-05-16 21:19:58,1.8,11.43,11.03,10.94,1545545,85576,5.5,0,0,0.0,1007,738,77,1.03,0.68,7.96,9.60,2472,6
2026-05-16 21:20:58,1.4,11.33,11.10,10.97,1545545,85544,5.5,0,0,0.0,1007,738,77,1.03,0.72,6.60,7.95,2476,4
2026-05-16 21:21:59,1.9,11.24,11.12,10.99,1545545,85573,5.5,0,0,0.0,1007,738,77,1.03,1.02,9.57,10.17,2471,6
2026-05-16 21:22:59,2.1,10.41,10.93,10.93,1545545,85585,5.5,0,0,0.0,1007,738,77,1.03,0.79,5.47,6.63,2462,8
2026-05-16 21:23:59,1.2,10.04,10.77,10.88,1545545,85564,5.5,0,0,0.0,1007,738,77,1.03,0.70,5.71,6.67,2478,1
2026-05-16 21:25:00,2.0,9.89,10.60,10.82,1545545,85593,5.5,0,0,0.0,1007,738,77,1.03,0.76,2.73,3.98,2478,4
2026-05-16 21:26:00,1.8,9.60,10.46,10.76,1545545,85571,5.5,0,0,0.0,1007,738,77,1.03,0.80,2.13,3.39,2476,6
2026-05-16 21:27:00,1.5,10.58,10.58,10.78,1545545,85555,5.5,0,0,0.0,1007,738,77,1.03,0.76,6.21,7.11,2478,1
2026-05-16 21:28:01,1.8,9.89,10.37,10.69,1545545,85588,5.5,0,0,0.0,1007,738,77,1.03,0.96,9.14,9.92,2480,2
2026-05-16 21:29:01,1.1,10.34,10.47,10.71,1545545,85579,5.5,0,0,0.0,1007,738,77,1.03,0.79,7.12,9.23,2482,4
2026-05-16 21:30:01,1.0,10.07,10.37,10.66,1545545,85577,5.5,0,0,0.0,1007,738,77,1.03,0.76,5.87,7.00,2484,2
2026-05-16 21:31:02,3.0,10.37,10.36,10.64,1545545,85578,5.5,0,0,0.0,1007,738,77,1.03,0.66,5.32,6.99,2477,22
2026-05-16 21:32:02,1.0,10.24,10.34,10.61,1545545,85564,5.5,0,0,0.0,1007,738,77,1.03,0.79,4.97,6.30,2483,1
2026-05-16 21:33:02,9.4,11.50,10.58,10.67,1545545,85606,5.5,0,0,0.0,1007,738,77,1.03,0.82,3.78,4.90,2472,19
2026-05-16 21:34:03,1.0,14.08,11.55,11.00,1545545,85587,5.5,0,0,0.0,1007,738,77,1.03,0.79,7.65,8.93,2467,2
2026-05-16 21:35:03,1.9,13.03,11.70,11.09,1545545,85583,5.5,0,0,0.0,1007,738,77,1.03,0.73,4.60,5.68,2465,8
2026-05-16 21:36:03,1.6,11.71,11.68,11.13,1545545,85556,5.5,0,0,0.0,1007,738,77,1.03,0.82,5.48,7.03,2479,1
2026-05-16 21:37:04,1.1,12.96,12.07,11.30,1545545,85565,5.5,0,0,0.0,1007,738,77,1.03,0.88,3.08,4.48,2477,3
2026-05-16 21:38:04,1.1,24.10,15.23,12.42,1545545,85573,5.5,0,0,0.0,1007,738,77,1.03,0.68,7.13,9.09,2481,2
2026-05-16 21:39:04,1.3,22.41,16.01,12.84,1545545,85586,5.5,0,0,0.0,1007,738,77,1.03,0.77,3.49,4.72,2475,6
2026-05-16 21:40:05,1.0,15.45,15.27,12.79,1545545,85549,5.5,0,0,0.0,1007,738,77,1.03,0.80,3.47,5.04,2478,3
2026-05-16 21:41:05,2.0,17.08,15.60,13.05,1545545,85566,5.5,0,0,0.0,1007,738,77,1.03,0.66,8.86,9.99,2464,3
2026-05-16 21:42:05,2.1,16.39,15.57,13.19,1545545,85563,5.5,0,0,0.0,1007,738,77,1.03,0.86,9.91,11.13,2462,7
2026-05-16 21:43:06,1.6,14.34,15.23,13.23,1545545,85572,5.5,0,0,0.0,1007,738,77,1.03,0.75,6.29,7.60,2462,4
2026-05-16 21:44:06,1.2,11.70,14.31,13.03,1545545,85592,5.5,0,0,0.0,1007,738,77,1.12,0.73,2.72,3.96,2464,3
2026-05-16 21:45:06,3.6,14.04,14.38,13.13,1545545,85584,5.5,0,0,0.0,1007,738,77,1.03,0.79,8.09,9.34,2465,7
2026-05-16 21:46:07,1.2,12.24,13.84,13.02,1545545,85558,5.5,0,0,0.0,1007,738,77,1.16,0.82,6.78,8.05,2479,5
2026-05-16 21:47:07,1.1,11.51,13.41,12.93,1545545,85565,5.5,0,0,0.0,1007,738,77,1.03,0.82,6.17,7.55,2478,1
2026-05-16 21:48:07,2.3,10.32,12.74,12.73,1545545,85586,5.5,0,0,0.0,1007,738,77,1.03,0.73,3.59,4.74,2473,2
2026-05-16 21:49:08,3.0,10.92,12.36,12.59,1545545,85609,5.5,0,0,0.0,1007,738,77,1.03,0.63,3.27,4.74,2473,4
2026-05-16 21:50:08,1.2,12.03,12.42,12.60,1545545,85559,5.5,0,0,0.0,1007,738,77,1.03,0.77,7.61,9.56,2490,4
2026-05-16 21:51:08,2.5,10.15,11.81,12.37,1545545,85569,5.5,0,0,0.0,1007,738,77,1.03,0.80,0.64,2.31,2469,3
2026-05-16 21:52:09,2.0,13.19,12.39,12.54,1545545,85587,5.5,0,0,0.0,1007,738,77,1.03,0.86,11.01,12.99,2481,2
2026-05-16 21:53:09,1.2,13.09,12.59,12.60,1545545,85593,5.5,0,0,0.0,1007,738,77,1.03,0.62,10.45,11.17,2481,5
2026-05-16 21:54:09,1.8,11.00,12.06,12.41,1545545,85618,5.5,0,0,0.0,1007,738,77,1.03,0.77,2.61,3.90,2482,2
2026-05-16 21:55:10,1.6,11.70,12.08,12.40,1545545,85576,5.5,0,0,0.0,1007,738,77,1.05,0.77,9.94,10.70,2475,1
2026-05-16 21:56:10,1.7,10.35,11.64,12.23,1545545,85609,5.5,0,0,0.0,1007,738,77,1.03,0.79,4.49,5.70,2484,4
2026-05-16 21:57:10,2.2,11.78,11.89,12.28,1545545,85606,5.5,0,0,0.0,1007,738,77,1.03,0.88,10.95,12.09,2472,3
2026-05-16 21:58:11,1.6,13.28,12.28,12.39,1545545,85622,5.5,0,0,0.0,1007,738,77,1.03,0.79,10.85,11.85,2477,3
2026-05-16 21:59:11,1.0,10.78,11.77,12.21,1545545,85610,5.5,0,0,0.0,1007,738,77,1.03,0.68,1.60,2.93,2474,4
2026-05-16 22:00:11,2.7,10.17,11.36,12.04,1545545,85616,5.5,0,0,0.0,1007,738,77,1.03,0.78,2.93,4.28,2472,5
2026-05-16 22:01:12,1.2,9.90,11.10,11.90,1545545,85579,5.5,0,0,0.0,1007,738,77,1.03,5.32,5.58,6.77,2476,1
2026-05-16 22:02:12,1.7,10.55,11.06,11.84,1545545,85591,5.5,0,0,0.0,1007,738,77,1.03,0.86,4.87,6.09,2469,3
2026-05-16 22:03:12,1.4,11.18,11.08,11.79,1545545,85604,5.5,0,0,0.0,1007,738,77,1.03,0.75,10.40,11.71,2473,5
2026-05-16 22:04:13,1.8,10.11,10.78,11.64,1545545,85614,5.5,0,0,0.0,1007,738,77,1.03,0.77,4.72,5.73,2481,6
2026-05-16 22:05:13,1.3,11.65,11.12,11.70,1545545,85569,5.5,0,0,0.0,1007,738,77,1.03,0.84,9.90,10.69,2488,5
2026-05-16 22:06:13,1.1,10.25,10.82,11.56,1545545,85571,5.5,0,0,0.0,1007,738,77,1.03,0.60,1.86,3.37,2491,7
2026-05-16 22:07:14,3.0,12.20,11.17,11.63,1545545,85602,5.5,0,0,0.0,1007,738,77,1.03,0.93,4.69,5.96,2504,4
2026-05-16 22:08:14,2.9,11.85,11.18,11.60,1545545,85614,5.5,0,0,0.0,1007,738,77,1.03,0.71,5.76,7.24,2495,19
2026-05-16 22:09:14,2.1,12.78,11.66,11.74,1545545,85615,5.5,0,0,0.0,1007,738,77,1.03,0.69,10.85,11.67,2487,2
2026-05-16 22:10:15,3.0,12.99,11.90,11.82,1545545,85597,5.5,0,0,0.0,1007,738,77,1.03,0.72,8.54,9.56,2484,5
2026-05-16 22:11:15,1.1,11.66,11.76,11.78,1545545,85574,5.5,0,0,0.0,1007,738,77,1.03,0.71,7.30,8.64,2485,7
2026-05-16 22:12:15,1.1,11.09,11.57,11.71,1545545,85586,5.5,0,0,0.0,1007,738,77,1.03,0.82,7.05,8.09,2473,4
2026-05-16 22:13:16,1.1,10.01,11.19,11.57,1545545,85600,5.5,0,0,0.0,1007,738,77,1.03,0.76,1.24,2.72,2467,5
2026-05-16 22:14:16,1.4,9.58,10.87,11.44,1545545,85606,5.5,0,0,0.0,1007,738,77,1.03,0.73,0.39,1.78,2457,5
2026-05-16 22:15:16,1.1,9.23,10.56,11.29,1545545,85584,5.5,0,0,0.0,1007,738,77,1.03,0.82,1.90,3.25,2452,1
2026-05-16 22:16:17,1.9,9.41,10.35,11.17,1545545,85571,5.5,0,0,0.0,1007,738,77,1.03,0.82,0.67,2.16,2455,2
2026-05-16 22:17:17,1.1,9.30,10.17,11.06,1545545,85575,5.5,0,0,0.0,1007,738,77,1.03,0.80,4.33,5.44,2454,1
2026-05-16 22:18:17,11.5,11.25,10.58,11.14,1545545,85612,5.5,0,0,0.0,1007,738,77,1.03,0.80,6.82,7.82,2472,5
2026-05-16 22:19:18,1.8,11.76,10.96,11.25,1545545,85616,5.5,0,0,0.0,1007,738,77,1.03,0.88,8.72,10.55,2487,3
2026-05-16 22:20:18,1.0,10.96,10.93,11.22,1545545,85579,5.5,0,0,0.0,1007,738,77,1.03,0.73,8.76,9.51,2484,3
2026-05-16 22:21:19,1.8,10.20,10.70,11.12,1545545,85584,5.5,0,0,0.0,1007,738,77,1.03,0.67,0.54,2.11,2489,3
2026-05-16 22:22:19,1.1,12.01,11.10,11.23,1545545,85578,5.5,0,0,0.0,1007,738,77,1.03,0.95,11.12,13.03,2484,1
2026-05-16 22:23:19,3.3,10.56,10.84,11.13,1545545,85599,5.5,0,0,0.0,1007,738,77,1.03,0.82,2.52,3.81,2477,6
2026-05-16 22:24:20,2.2,11.21,11.02,11.18,1545545,85607,5.5,0,0,0.0,1007,738,77,1.03,0.75,6.97,9.25,2480,9
2026-05-16 22:25:20,3.5,11.33,11.07,11.18,1545545,85609,5.5,0,0,0.0,1007,738,77,2.07,0.80,6.30,7.29,2476,5
2026-05-16 22:26:20,2.0,10.55,10.87,11.10,1545545,85586,5.5,0,0,0.0,1007,738,77,0.00,0.75,0.35,1.75,2481,3
2026-05-16 22:27:21,1.3,10.83,10.94,11.11,1545545,85589,5.5,0,0,0.0,1007,738,77,2.07,0.81,3.88,5.24,2480,2
2026-05-16 22:28:21,1.1,12.79,11.42,11.27,1545545,85635,5.5,0,0,0.0,1007,738,77,1.03,0.82,5.80,7.23,2486,3
2026-05-16 22:29:21,1.3,11.57,11.30,11.23,1545545,85616,5.5,0,0,0.0,1007,738,77,1.03,0.80,6.78,7.57,2476,3
2026-05-16 22:30:22,1.6,9.99,10.91,11.10,1545545,85597,5.5,0,0,0.0,1007,738,77,1.03,0.85,0.79,2.54,2474,2
2026-05-16 22:31:22,1.6,11.29,11.04,11.13,1545545,85632,5.5,0,0,0.0,1007,738,77,1.03,0.70,9.09,10.09,2470,4
2026-05-16 22:32:22,1.2,10.48,10.92,11.08,1545545,85597,5.5,0,0,0.0,1007,738,77,1.03,0.82,2.23,3.57,2480,2
2026-05-16 22:33:23,3.9,9.83,10.62,10.97,1545545,85611,5.5,0,0,0.0,1007,738,77,1.03,0.76,0.41,1.82,2472,4
2026-05-16 22:34:23,1.3,11.13,10.85,11.03,1545545,85632,5.5,0,0,0.0,1007,738,77,1.03,0.79,10.63,11.49,2480,2
2026-05-16 22:35:23,1.2,10.87,10.79,10.99,1545545,85592,5.5,0,0,0.0,1007,738,77,1.03,0.72,3.92,5.16,2488,3
2026-05-16 22:36:23,1.8,11.17,10.91,11.02,1545545,85620,5.5,0,0,0.0,1007,738,77,1.03,0.85,8.70,9.96,2477,2
2026-05-16 22:37:24,3.2,11.25,10.95,11.03,1545545,85628,5.5,0,0,0.0,1007,738,77,1.03,0.89,10.02,10.76,2477,6
2026-05-16 22:38:24,1.1,11.78,11.23,11.12,1545545,85624,5.5,0,0,0.0,1007,738,77,1.03,0.72,6.31,7.86,2476,4
2026-05-16 22:39:24,3.0,11.50,11.22,11.12,1545545,85652,5.5,0,0,0.0,1007,738,77,1.03,0.75,6.11,7.13,2486,5
2026-05-16 22:40:25,1.0,11.74,11.39,11.19,1545545,85587,5.5,0,0,0.0,1007,738,77,1.03,0.75,8.43,10.50,2493,4
2026-05-16 22:41:25,1.1,10.79,11.13,11.11,1545545,85602,5.5,0,0,0.0,1007,738,77,1.03,0.73,0.51,2.07,2498,2
2026-05-16 22:42:25,2.9,11.19,11.10,11.10,1545545,85621,5.5,0,0,0.0,1007,738,77,1.03,0.86,2.90,4.22,2487,7
2026-05-16 22:43:26,2.0,11.18,11.12,11.10,1545545,85650,5.5,0,0,0.0,1007,738,77,1.03,0.78,9.27,10.74,2503,3
2026-05-16 22:44:26,1.6,9.89,10.78,10.98,1545545,85632,5.5,0,0,0.0,1007,738,77,1.03,0.77,5.38,6.35,2510,3
2026-05-16 22:45:26,2.2,9.55,10.52,10.88,1545545,85630,5.5,0,0,0.0,1007,738,77,1.03,0.85,2.26,3.58,2489,4
2026-05-16 22:46:27,1.1,10.70,10.77,10.95,1545545,85608,5.5,0,0,0.0,1007,738,77,1.03,0.75,8.73,9.76,2491,4
2026-05-16 22:47:27,1.9,9.95,10.53,10.86,1545545,85628,5.5,0,0,0.0,1007,738,77,1.03,0.96,3.77,5.06,2487,5
2026-05-16 22:48:27,3.0,11.70,10.85,10.94,1545545,85642,5.5,0,0,0.0,1007,738,77,1.03,0.72,8.59,9.97,2487,3
2026-05-16 22:49:28,1.1,10.26,10.64,10.86,1545545,85628,5.5,0,0,0.0,1007,738,77,1.03,0.71,2.03,3.32,2467,1
2026-05-16 22:50:28,1.7,11.07,10.75,10.88,1545545,85605,5.5,0,0,0.0,1007,738,77,1.03,0.76,6.19,7.66,2479,5
2026-05-16 22:51:28,1.2,10.69,10.69,10.85,1545545,85623,5.5,0,0,0.0,1007,738,77,1.03,0.74,8.88,10.17,2482,1
2026-05-16 22:52:29,1.9,11.07,10.79,10.88,1545545,85625,5.5,0,0,0.0,1007,738,77,1.03,0.91,6.16,7.86,2475,3
2026-05-16 22:53:29,2.0,9.74,10.44,10.75,1545545,85638,5.5,0,0,0.0,1007,738,77,1.03,0.73,3.67,4.90,2483,3
2026-05-16 22:54:29,1.9,11.93,10.81,10.85,1545545,85637,5.5,0,0,0.0,1007,738,77,1.03,0.77,7.08,7.97,2481,2
2026-05-16 22:55:30,1.7,10.82,10.73,10.82,1545545,85611,5.5,0,0,0.0,1007,738,77,1.03,0.83,8.25,9.03,2479,5
2026-05-16 22:56:30,1.3,10.89,10.73,10.81,1545545,85626,5.5,0,0,0.0,1007,738,77,1.03,0.87,4.30,5.48,2487,2
2026-05-16 22:57:30,1.1,11.44,10.89,10.86,1545545,85625,5.5,0,0,0.0,1007,738,77,1.03,0.87,6.53,7.99,2486,4
2026-05-16 22:58:31,3.1,11.46,11.01,10.91,1545545,85644,5.5,0,0,0.0,1007,738,77,1.03,0.70,7.49,8.60,2485,7
2026-05-16 22:59:31,1.1,10.81,10.96,10.90,1545545,85646,5.5,0,0,0.0,1007,738,77,1.03,0.77,5.94,8.09,2497,1
2026-05-16 23:00:31,3.0,10.21,10.71,10.81,1545545,85638,5.5,0,0,0.0,1007,738,77,1.03,0.80,4.54,5.78,2501,5
2026-05-16 23:01:32,1.9,12.39,11.31,11.02,1545545,85637,5.5,0,0,0.0,1007,738,77,1.03,3.16,11.74,13.33,2496,4
2026-05-16 23:02:32,1.1,10.70,11.04,10.94,1545545,85625,5.5,0,0,0.0,1007,738,77,1.03,0.82,1.80,3.16,2500,9
2026-05-16 23:03:32,11.9,10.16,10.83,10.88,1545545,85657,5.5,0,0,0.0,1007,738,77,1.03,0.75,6.14,7.44,2499,20
2026-05-16 23:04:33,1.9,10.32,10.68,10.82,1545545,85660,5.5,0,0,0.0,1007,738,77,1.03,0.73,3.96,5.07,2485,7
2026-05-16 23:05:33,1.9,10.64,10.68,10.81,1545545,85604,5.5,0,0,0.0,1007,738,77,1.03,0.75,8.57,9.74,2491,2
2026-05-16 23:06:33,1.1,10.44,10.63,10.78,1545545,85600,5.5,0,0,0.0,1007,738,77,1.03,0.76,4.84,6.17,2487,6
2026-05-16 23:07:34,1.0,9.71,10.37,10.68,1545545,85627,5.5,0,0,0.0,1007,738,77,1.03,0.85,0.31,1.87,2480,6
2026-05-16 23:08:34,1.0,10.08,10.33,10.65,1545545,85620,5.5,0,0,0.0,1007,738,77,1.03,0.68,0.70,2.17,2493,11
2026-05-16 23:09:34,1.4,9.91,10.25,10.60,1545545,85635,5.5,0,0,0.0,1007,738,77,1.03,0.86,1.64,3.10,2484,1
2026-05-16 23:10:35,1.0,10.81,10.52,10.68,1545545,85593,5.5,0,0,0.0,1007,738,77,1.03,0.73,6.35,7.33,2460,4
2026-05-16 23:11:35,2.1,9.79,10.26,10.58,1545545,85611,5.5,0,0,0.0,1007,738,77,1.03,0.80,4.98,6.01,2458,2
2026-05-16 23:12:35,1.2,9.58,10.11,10.50,1545545,85611,5.5,0,0,0.0,1007,738,77,1.03,0.72,2.90,4.15,2474,2
2026-05-16 23:13:36,1.8,9.89,10.08,10.46,1545545,85643,5.5,0,0,0.0,1007,738,77,1.03,0.73,5.16,6.20,2469,7
2026-05-16 23:14:36,1.2,9.44,9.91,10.38,1545545,85641,5.5,0,0,0.0,1007,738,77,1.03,0.76,4.72,5.78,2466,4
2026-05-16 23:15:36,1.4,11.88,10.73,10.64,1545545,85600,5.5,0,0,0.0,1007,738,77,1.03,1.00,0.81,2.34,2487,2
2026-05-16 23:16:37,1.9,12.41,10.88,10.69,1545545,85615,5.5,0,0,0.0,1007,738,77,1.03,0.68,3.98,5.12,2473,3
2026-05-16 23:17:37,2.9,11.64,11.00,10.74,1545545,85614,5.5,0,0,0.0,1007,738,77,1.03,0.86,5.89,6.90,2472,23
2026-05-16 23:18:37,3.2,12.27,11.38,10.89,1545545,85616,5.5,0,0,0.0,1007,738,77,1.03,0.71,1.88,3.28,2482,4
2026-05-16 23:19:38,3.1,15.78,12.36,11.25,1545545,85647,5.5,0,0,0.0,1007,738,77,1.03,0.75,6.28,7.62,2472,9
2026-05-16 23:20:38,3.4,17.43,13.32,11.64,1545545,85607,5.5,0,0,0.0,1007,738,77,1.03,0.77,8.50,10.31,2476,6
2026-05-16 23:21:38,1.0,17.40,14.13,12.03,1545545,85610,5.5,0,0,0.0,1007,738,77,1.03,0.96,9.27,10.31,2494,6
2026-05-16 23:22:39,2.2,17.05,14.53,12.29,1545545,85629,5.5,0,0,0.0,1007,738,77,1.03,0.86,7.71,8.73,2480,5
2026-05-16 23:23:39,2.9,17.62,15.22,12.67,1545545,85634,5.5,0,0,0.0,1007,738,77,1.03,0.80,12.09,13.23,2482,5
2026-05-16 23:24:39,1.8,13.53,14.46,12.57,1545545,85643,5.5,0,0,0.0,1007,738,77,1.03,0.79,12.38,12.73,2505,4
2026-05-16 23:25:40,2.7,13.21,14.43,12.69,1545545,85610,5.5,0,0,0.0,1007,738,77,1.03,0.86,12.04,12.69,2484,3
2026-05-16 23:26:40,1.9,14.99,14.96,12.99,1545545,85610,5.5,0,0,0.0,1007,738,77,1.03,0.89,12.02,13.19,2489,3
2026-05-16 23:27:40,1.7,14.87,15.11,13.18,1545545,85633,5.5,0,0,0.0,1007,738,77,1.03,0.75,11.97,12.74,2502,3
2026-05-16 23:28:41,2.8,15.54,15.40,13.41,1545545,85646,5.5,0,0,0.0,1007,738,77,1.03,0.89,11.17,12.72,2491,4
2026-05-16 23:29:41,1.7,12.96,14.69,13.29,1545545,85660,5.5,0,0,0.0,1007,738,77,1.03,0.66,12.24,12.59,2480,4
2026-05-16 23:30:41,2.9,11.94,14.07,13.16,1545545,85631,5.5,0,0,0.0,1007,738,77,1.03,0.80,12.04,12.50,2480,21
2026-05-16 23:31:42,1.6,12.87,13.96,13.18,1545545,85616,5.5,0,0,0.0,1007,738,77,1.03,0.94,11.52,12.55,2473,2
2026-05-16 23:32:42,6.2,13.29,13.86,13.20,1545545,85636,5.5,0,0,0.0,1007,738,77,1.03,0.70,11.87,12.46,2473,27
2026-05-16 23:33:42,2.0,13.26,13.75,13.20,1545545,85643,5.5,0,0,0.0,1007,738,77,1.03,0.67,11.85,12.58,2484,4
2026-05-16 23:34:43,1.9,14.19,13.86,13.27,1545545,85658,5.5,0,0,0.0,1007,738,77,1.03,0.80,11.56,12.59,2489,5
2026-05-16 23:35:43,1.5,12.32,13.34,13.12,1545545,85626,5.5,0,0,0.0,1007,738,77,1.03,0.82,12.19,12.47,2492,2
2026-05-16 23:36:43,2.0,10.94,12.74,12.93,1545545,85626,5.5,0,0,0.0,1007,738,77,1.03,0.87,12.13,12.58,2484,5
2026-05-16 23:37:44,1.0,10.81,12.43,12.81,1545545,85632,5.5,0,0,0.0,1007,738,77,1.03,0.80,7.68,8.74,2488,3
2026-05-16 23:38:44,1.7,12.91,12.61,12.84,1545545,85655,5.5,0,0,0.0,1007,738,77,1.05,0.74,5.68,7.31,2474,2
2026-05-16 23:39:44,1.8,11.65,12.30,12.72,1545545,85653,5.5,0,0,0.0,1007,738,77,1.03,0.68,4.29,5.67,2475,5
2026-05-16 23:40:45,1.2,10.74,11.94,12.57,1545545,85601,5.5,0,0,0.0,1007,738,77,1.03,0.67,5.86,6.89,2476,4
2026-05-16 23:41:45,0.9,10.08,11.51,12.38,1545545,85597,5.5,0,0,0.0,1007,738,77,1.03,0.82,0.43,1.88,2479,1
2026-05-16 23:42:45,3.3,11.98,11.74,12.40,1545545,85652,5.5,0,0,0.0,1007,738,77,1.03,0.76,4.73,6.01,2474,7
2026-05-16 23:43:46,0.9,10.94,11.48,12.26,1545545,85631,5.5,0,0,0.0,1007,738,77,1.03,0.82,1.88,3.37,2477,1
2026-05-16 23:44:46,2.4,11.06,11.40,12.18,1545545,85629,5.5,0,0,0.0,1007,738,77,1.03,0.73,7.99,8.75,2475,3
2026-05-16 23:45:46,2.7,11.53,11.41,12.13,1545545,85622,5.5,0,0,0.0,1007,738,77,1.03,0.90,8.94,10.23,2481,7
2026-05-16 23:46:47,1.0,12.81,11.80,12.22,1545545,85617,5.5,0,0,0.0,1007,738,77,1.03,0.73,11.50,13.00,2469,3
2026-05-16 23:47:47,1.0,10.63,11.37,12.05,1545545,85624,5.5,0,0,0.0,1007,738,77,1.03,0.80,2.27,3.63,2484,4
2026-05-16 23:48:47,1.2,9.92,11.03,11.88,1545545,85625,5.5,0,0,0.0,1007,738,77,1.03,0.75,1.56,3.10,2481,2
2026-05-16 23:49:48,1.1,9.19,10.61,11.68,1545545,85607,5.5,0,0,0.0,1007,738,77,1.03,0.69,0.34,1.79,2478,1
2026-05-16 23:50:48,3.2,10.39,10.61,11.61,1545545,85610,5.5,0,0,0.0,1007,738,77,1.03,0.75,4.68,6.03,2472,7
2026-05-16 23:51:48,1.4,10.46,10.63,11.56,1545545,85605,5.5,0,0,0.0,1007,738,77,1.03,0.79,6.85,8.56,2477,4
2026-05-16 23:52:49,1.7,10.30,10.51,11.45,1545545,85646,5.5,0,0,0.0,1007,738,77,1.03,0.77,3.81,5.01,2460,3
2026-05-16 23:53:49,1.1,10.36,10.50,11.39,1545545,85636,5.5,0,0,0.0,1007,738,77,1.03,1.02,6.77,7.87,2480,1
2026-05-16 23:54:49,1.0,9.50,10.23,11.24,1545545,85606,5.5,0,0,0.0,1007,738,77,1.03,0.71,1.17,2.61,2496,5
2026-05-16 23:55:50,1.9,9.69,10.21,11.17,1545545,85610,5.5,0,0,0.0,1007,738,77,1.03,0.84,1.97,3.26,2481,4
2026-05-16 23:56:50,2.9,9.83,10.13,11.08,1545545,85632,5.5,0,0,0.0,1007,738,77,1.03,0.79,4.98,5.95,2477,8
2026-05-16 23:57:50,1.2,9.11,9.88,10.93,1545545,85633,5.5,0,0,0.0,1007,738,77,1.03,0.86,0.55,1.97,2479,8
2026-05-16 23:58:51,1.9,10.11,10.03,10.92,1545545,85631,5.5,0,0,0.0,1007,738,77,1.03,0.72,6.15,7.52,2471,4
2026-05-16 23:59:51,1.0,10.13,10.02,10.86,1545545,85606,5.5,0,0,0.0,1007,738,77,1.03,0.70,5.20,6.37,2471,5
2026-05-17 00:00:51,1.4,9.95,9.99,10.79,1545545,85611,5.5,0,0,0.0,1007,738,77,1.03,0.78,3.93,5.10,2485,6
2026-05-17 00:01:52,2.3,12.47,10.57,10.93,1545545,85634,5.5,0,0,0.0,1007,738,77,1.04,1.23,8.66,9.57,2500,3
2026-05-17 00:02:52,1.0,12.12,10.83,11.00,1545545,85626,5.5,0,0,0.0,1007,738,77,1.03,0.71,6.21,7.55,2485,1
2026-05-17 00:03:52,1.1,10.62,10.62,10.91,1545545,85628,5.5,0,0,0.0,1007,738,77,1.03,0.67,2.63,3.99,2488,8
2026-05-17 00:04:53,1.6,13.14,11.32,11.14,1545545,85642,5.5,0,0,0.0,1007,738,77,1.03,0.81,8.19,9.61,2478,2
2026-05-17 00:05:53,1.0,11.77,11.35,11.16,1545545,85608,5.5,0,0,0.0,1007,738,77,1.03,0.87,5.66,7.48,2489,1
2026-05-17 00:06:53,1.7,11.17,11.24,11.13,1545545,85627,5.5,0,0,0.0,1007,738,77,1.03,0.79,5.68,6.97,2473,3
2026-05-17 00:07:54,3.0,12.09,11.42,11.20,1545545,85647,5.5,0,0,0.0,1007,738,77,1.03,0.74,7.67,8.99,2483,5
2026-05-17 00:08:54,1.0,11.16,11.35,11.19,1545545,85630,5.5,0,0,0.0,1007,738,77,1.07,0.75,5.72,7.76,2484,2
2026-05-17 00:09:54,1.1,11.54,11.46,11.24,1545545,85618,5.5,0,0,0.0,1007,738,77,1.25,0.74,5.11,6.14,2480,3
2026-05-17 00:10:55,0.9,10.70,11.30,11.20,1545545,85603,5.5,0,0,0.0,1007,738,77,1.15,0.72,3.65,4.95,2467,1
2026-05-17 00:11:55,3.0,11.48,11.35,11.22,1545545,85636,5.5,0,0,0.0,1007,738,77,1.03,0.94,7.89,9.40,2475,15
2026-05-17 00:12:55,1.3,12.20,11.62,11.32,1545545,85639,5.5,0,0,0.0,1007,738,77,1.03,0.79,10.53,12.99,2481,1
2026-05-17 00:13:56,1.0,11.12,11.46,11.29,1545545,85649,5.5,0,0,0.0,1007,738,77,1.03,0.68,1.89,3.25,2481,2
2026-05-17 00:14:56,1.7,11.40,11.46,11.30,1545545,85650,5.5,0,0,0.0,1007,738,77,1.03,0.77,10.83,12.25,2495,3
2026-05-17 00:15:56,1.3,9.92,11.02,11.16,1545545,85622,5.5,0,0,0.0,1007,738,77,1.03,0.96,1.48,2.85,2500,3
2026-05-17 00:16:57,1.0,9.85,10.82,11.08,1545545,85619,5.5,0,0,0.0,1007,738,77,1.03,0.91,5.19,6.41,2484,1
2026-05-17 00:17:57,1.0,12.24,11.47,11.29,1545545,85657,5.5,0,0,0.0,1007,738,77,1.03,0.69,11.62,12.89,2491,3
2026-05-17 00:18:57,2.7,11.02,11.26,11.23,1545545,85648,5.5,0,0,0.0,1007,738,77,1.03,0.71,2.30,3.63,2485,5
2026-05-17 00:19:58,1.1,10.16,10.98,11.14,1545545,85626,5.5,0,0,0.0,1007,738,77,1.03,0.80,1.89,3.29,2456,2
2026-05-17 00:20:58,4.3,12.25,11.41,11.27,1545545,85636,5.5,0,0,0.0,1007,738,77,1.13,0.70,7.73,9.37,2467,8
2026-05-17 00:21:58,1.4,10.33,11.03,11.15,1545545,85645,5.5,0,0,0.0,1007,738,77,1.15,1.01,4.27,5.64,2472,4
2026-05-17 00:22:59,3.0,12.48,11.38,11.26,1545545,85660,5.5,0,0,0.0,1007,738,77,1.04,0.84,6.75,8.33,2455,9
2026-05-17 00:23:59,1.2,11.17,11.22,11.21,1545545,85645,5.5,0,0,0.0,1007,738,77,1.08,0.66,1.60,3.20,2454,2
2026-05-17 00:24:59,1.1,10.48,11.02,11.14,1545545,85620,5.5,0,0,0.0,1007,738,77,1.03,0.82,0.31,1.78,2477,7
2026-05-17 00:26:00,2.0,9.64,10.70,11.02,1545545,85648,5.5,0,0,0.0,1007,738,77,1.03,0.79,7.04,7.88,2481,6
2026-05-17 00:27:00,3.0,10.19,10.63,10.98,1545545,85644,5.5,0,0,0.0,1007,738,77,1.03,0.83,7.03,8.19,2483,5
2026-05-17 00:28:00,3.1,12.75,11.29,11.18,1545545,85654,5.5,0,0,0.0,1007,738,77,1.17,0.86,10.58,11.80,2493,6
2026-05-17 00:29:01,1.2,11.54,11.28,11.19,1545545,85641,5.5,0,0,0.0,1007,738,77,1.03,0.85,7.78,8.64,2492,1
2026-05-17 00:30:01,1.3,11.07,11.24,11.18,1545545,85643,5.5,0,0,0.0,1007,738,77,1.03,0.70,5.92,6.91,2477,4
2026-05-17 00:31:01,1.2,11.84,11.56,11.30,1545545,85623,5.5,0,0,0.0,1007,738,77,1.03,0.81,6.80,8.57,2482,5
2026-05-17 00:32:02,1.8,10.57,11.23,11.21,1545545,85649,5.5,0,0,0.0,1007,738,77,1.03,0.69,5.13,6.13,2482,7
2026-05-17 00:33:02,1.1,10.18,11.02,11.13,1545545,85648,5.5,0,0,0.0,1007,738,77,1.03,0.75,9.96,10.67,2479,3
2026-05-17 00:34:02,11.5,9.95,10.80,11.05,1545545,85671,5.5,0,0,0.0,1007,738,77,1.03,0.83,1.38,2.88,2467,21
2026-05-17 00:35:03,1.0,10.02,10.75,11.02,1545545,85618,5.5,0,0,0.0,1007,738,77,1.03,0.75,3.13,4.76,2467,4
2026-05-17 00:36:03,1.3,10.24,10.71,10.99,1545545,85623,5.5,0,0,0.0,1007,738,77,1.03,0.77,0.38,1.82,2455,2
2026-05-17 00:37:03,1.2,10.99,10.84,11.02,1545545,85615,5.5,0,0,0.0,1007,738,77,1.03,0.87,7.17,9.08,2452,6
2026-05-17 00:38:04,1.1,10.72,10.78,10.99,1545545,85641,5.5,0,0,0.0,1007,738,77,1.12,0.82,0.70,2.15,2460,2
2026-05-17 00:39:04,1.7,10.05,10.59,10.91,1545545,85663,5.5,0,0,0.0,1007,738,77,1.03,0.79,0.73,2.35,2459,3
2026-05-17 00:40:04,1.2,10.05,10.52,10.86,1545545,85616,5.5,0,0,0.0,1007,738,77,1.03,0.66,6.32,7.33,2466,4
2026-05-17 00:41:05,3.0,10.56,10.55,10.85,1545545,85638,5.5,0,0,0.0,1007,738,77,1.03,0.71,4.46,5.66,2467,8
2026-05-17 00:42:05,1.2,11.59,10.88,10.95,1545545,85610,5.5,0,0,0.0,1007,738,77,1.03,0.83,4.46,6.22,2467,5
2026-05-17 00:43:05,2.2,13.07,11.39,11.12,1545545,85657,5.5,0,0,0.0,1007,738,77,1.03,0.71,7.99,8.76,2470,14
2026-05-17 00:44:06,1.5,11.23,11.19,11.06,1545545,85651,5.5,0,0,0.0,1007,738,77,1.03,0.71,7.32,8.66,2482,1
2026-05-17 00:45:06,3.2,12.31,11.47,11.16,1545545,85649,5.5,0,0,0.0,1007,738,77,1.03,0.89,7.99,9.64,2487,6
2026-05-17 00:46:06,1.8,11.74,11.66,11.26,1545545,85648,5.5,0,0,0.0,1007,738,77,1.03,0.83,8.43,9.50,2497,2
2026-05-17 00:47:07,1.0,10.77,11.42,11.21,1545545,85623,5.5,0,0,0.0,1007,738,77,1.03,0.70,3.48,4.68,2499,4
2026-05-17 00:48:07,1.7,9.78,11.01,11.08,1545545,85660,5.5,0,0,0.0,1007,738,77,1.03,1.21,3.86,5.01,2492,2
2026-05-17 00:49:07,4.3,13.33,11.64,11.28,1545545,85670,5.5,0,0,0.0,1007,738,77,1.03,0.74,6.33,8.05,2487,4
2026-05-17 00:50:08,3.1,10.96,11.25,11.17,1545545,85656,5.5,0,0,0.0,1007,738,77,1.03,0.77,2.88,4.56,2485,7
2026-05-17 00:51:08,1.2,11.64,11.32,11.19,1545545,85619,5.5,0,0,0.0,1007,738,77,1.03,0.83,7.86,9.75,2481,5
2026-05-17 00:52:08,1.3,9.70,10.82,11.02,1545545,85618,5.5,0,0,0.0,1007,738,77,1.03,0.88,0.81,2.27,2476,2
2026-05-17 00:53:09,3.0,11.89,11.16,11.12,1545545,85650,5.5,0,0,0.0,1007,738,77,1.03,0.78,7.24,8.70,2479,9
2026-05-17 00:54:09,1.9,12.93,11.59,11.27,1545545,85655,5.5,0,0,0.0,1007,738,77,1.03,0.68,9.59,11.17,2477,4
2026-05-17 00:55:09,1.0,11.57,11.50,11.26,1545545,85611,5.5,0,0,0.0,1007,738,77,1.03,0.78,6.32,8.26,2474,1
2026-05-17 00:56:10,2.4,11.50,11.46,11.26,1545545,85634,5.5,0,0,0.0,1007,738,77,1.03,0.86,7.93,9.14,2474,1
2026-05-17 00:57:10,1.1,10.10,11.08,11.14,1545545,85635,5.5,0,0,0.0,1007,738,77,1.03,0.95,4.80,5.80,2479,4
2026-05-17 00:58:10,1.2,9.50,10.71,11.00,1545545,85652,5.5,0,0,0.0,1007,738,77,1.03,0.71,3.92,5.10,2480,2
2026-05-17 00:59:11,1.1,9.61,10.53,10.92,1545545,85657,5.5,0,0,0.0,1007,738,77,1.03,0.77,0.30,1.78,2482,5
2026-05-17 01:00:11,1.2,11.72,10.84,11.00,1545545,85634,5.5,0,0,0.0,1007,738,77,1.03,0.79,4.49,6.17,2486,5
2026-05-17 01:01:11,1.1,10.27,10.60,10.91,1545545,85652,5.5,0,0,0.0,1007,738,77,1.03,0.88,2.77,4.08,2480,3
2026-05-17 01:02:12,1.7,17.22,12.39,11.50,1545545,85653,5.5,0,0,0.0,1007,738,77,1.03,1.07,8.14,9.02,2474,3
2026-05-17 01:03:12,2.8,18.38,13.44,11.90,1545545,85672,5.5,0,0,0.0,1007,738,77,1.03,0.75,9.38,10.52,2474,4
2026-05-17 01:04:12,1.9,14.02,13.04,11.86,1545545,85674,5.5,0,0,0.0,1007,738,77,1.03,0.78,2.77,4.24,2474,4
2026-05-17 01:05:13,1.9,16.79,14.07,12.29,1545545,85641,5.5,0,0,0.0,1007,738,77,1.03,0.70,9.20,10.42,2473,4
2026-05-17 01:06:13,3.1,20.81,15.71,12.97,1545545,85638,5.5,0,0,0.0,1007,738,77,1.35,0.87,11.39,12.95,2467,4
2026-05-17 01:07:13,1.0,15.78,15.22,12.97,1545545,85631,5.5,0,0,0.0,1007,738,77,1.03,0.94,7.05,8.39,2466,3
2026-05-17 01:08:14,2.7,17.03,15.91,13.36,1545545,85668,5.5,0,0,0.0,1007,738,77,1.03,0.80,6.58,8.03,2472,9
2026-05-17 01:09:14,1.0,12.34,14.77,13.13,1545545,85656,5.5,0,0,0.0,1007,738,77,1.03,0.69,1.04,2.59,2476,8
2026-05-17 01:10:14,1.0,11.95,14.22,13.04,1545545,85631,5.5,0,0,0.0,1007,738,77,1.03,0.71,5.91,6.85,2479,1
2026-05-17 01:11:15,2.2,14.34,14.56,13.23,1545545,85649,5.5,0,0,0.0,1007,738,77,1.03,0.72,5.29,6.23,2471,3
2026-05-17 01:12:15,1.1,11.16,13.65,13.01,1545545,85627,5.5,0,0,0.0,1007,738,77,1.03,0.97,2.71,4.02,2460,6
2026-05-17 01:13:15,1.8,10.64,13.03,12.83,1545545,85666,5.5,0,0,0.0,1007,738,77,1.03,0.82,4.11,5.31,2459,2
2026-05-17 01:14:16,1.7,10.69,12.65,12.71,1545545,85677,5.5,0,0,0.0,1007,738,77,1.03,0.72,6.37,7.68,2457,2
2026-05-17 01:15:16,1.9,9.91,12.09,12.51,1545545,85630,5.5,0,0,0.0,1007,738,77,1.03,0.80,4.35,5.50,2458,5
2026-05-17 01:16:17,1.2,12.56,12.45,12.61,1545545,85630,5.5,0,0,0.0,1007,738,77,1.03,0.92,7.78,8.95,2479,3
2026-05-17 01:17:17,1.2,10.75,11.94,12.42,1545545,85643,5.5,0,0,0.0,1007,738,77,1.03,0.76,3.17,4.35,2482,3
2026-05-17 01:18:17,1.0,10.26,11.62,12.28,1545545,85652,5.5,0,0,0.0,1007,738,77,1.03,0.83,1.24,2.72,2486,5
2026-05-17 01:19:18,1.3,9.93,11.24,12.11,1545545,85669,5.5,0,0,0.0,1007,738,77,1.03,0.79,2.27,3.65,2487,3
2026-05-17 01:20:18,1.1,9.73,10.95,11.95,1545545,85635,5.5,0,0,0.0,1007,738,77,1.03,0.70,1.94,3.26,2477,1
2026-05-17 01:21:18,2.0,11.18,11.05,11.91,1545545,85655,5.5,0,0,0.0,1007,738,77,1.03,0.76,10.19,10.82,2467,4
2026-05-17 01:22:19,1.0,10.15,10.81,11.78,1545545,85633,5.5,0,0,0.0,1007,738,77,1.03,1.04,3.24,4.69,2476,4
2026-05-17 01:23:19,0.9,16.10,12.27,12.21,1545545,85652,5.5,0,0,0.0,1007,738,77,1.03,0.78,1.59,3.01,2460,4
2026-05-17 01:24:19,3.0,13.10,12.09,12.15,1545545,85678,5.5,0,0,0.0,1007,738,77,1.03,0.88,4.11,5.64,2463,6
2026-05-17 01:25:20,2.2,12.00,11.96,12.10,1545545,85663,5.5,0,0,0.0,1007,738,77,1.03,0.80,8.05,9.61,2485,3
2026-05-17 01:26:20,3.1,11.17,11.75,12.02,1545545,85658,5.5,0,0,0.0,1007,738,77,2.07,0.81,9.70,11.26,2482,5
2026-05-17 01:27:20,2.2,10.87,11.54,11.93,1545545,85665,5.5,0,0,0.0,1007,738,77,1.03,0.82,3.64,4.80,2473,2
2026-05-17 01:28:21,1.3,10.43,11.30,11.82,1545545,85678,5.5,0,0,0.0,1007,738,77,1.03,0.95,3.10,4.31,2494,1
2026-05-17 01:29:21,1.9,10.43,11.20,11.76,1545545,85692,5.5,0,0,0.0,1007,738,77,0.00,0.84,6.68,7.84,2495,20
2026-05-17 01:30:21,1.2,10.35,11.09,11.69,1545545,85648,5.5,0,0,0.0,1007,738,77,2.21,0.85,3.05,4.51,2481,2
2026-05-17 01:31:22,2.2,10.03,10.85,11.56,1545545,85673,5.5,0,0,0.0,1007,738,77,1.18,0.67,4.01,5.39,2488,6
2026-05-17 01:32:22,1.1,9.68,10.64,11.45,1545545,85662,5.5,0,0,0.0,1007,738,77,1.19,0.89,4.86,6.40,2484,2
2026-05-17 01:33:22,1.9,10.52,10.76,11.44,1545545,85684,5.5,0,0,0.0,1007,738,77,1.10,0.78,6.95,7.82,2484,5
2026-05-17 01:34:23,1.3,10.49,10.77,11.40,1545545,85675,5.5,0,0,0.0,1007,738,77,1.03,0.80,5.29,6.41,2479,4
2026-05-17 01:35:23,3.2,12.84,11.43,11.59,1545545,85677,5.5,0,0,0.0,1007,738,77,1.35,0.83,10.67,12.46,2492,30
2026-05-17 01:36:23,1.2,15.99,12.64,12.00,1545545,85667,5.5,0,0,0.0,1007,738,77,1.42,0.79,10.89,12.23,2501,1
2026-05-17 01:37:24,3.3,13.04,12.35,11.94,1545545,85677,5.5,0,0,0.0,1007,738,77,1.03,0.91,4.55,5.98,2486,6
2026-05-17 01:38:24,1.5,12.32,12.43,12.00,1545545,85677,5.5,0,0,0.0,1007,738,77,1.27,0.75,5.89,7.20,2490,3
2026-05-17 01:39:24,1.3,10.91,11.99,11.88,1545545,85673,5.5,0,0,0.0,1007,738,77,1.58,0.75,5.12,6.18,2491,4
2026-05-17 01:40:25,3.0,11.03,11.79,11.81,1545545,85669,5.5,0,0,0.0,1007,738,77,1.16,0.84,2.78,4.44,2477,7
2026-05-17 01:41:25,2.8,11.03,11.68,11.77,1545545,85672,5.5,0,0,0.0,1007,738,77,1.03,0.66,11.10,12.49,2474,3
2026-05-17 01:42:25,1.3,10.47,11.45,11.69,1545545,85646,5.5,0,0,0.0,1007,738,77,1.07,0.90,4.39,5.64,2490,1
2026-05-17 01:43:26,1.1,11.14,11.50,11.69,1545545,85676,5.5,0,0,0.0,1007,738,77,1.03,0.72,3.12,4.37,2483,1
2026-05-17 01:44:26,1.9,11.15,11.38,11.64,1545545,85695,5.5,0,0,0.0,1007,738,77,1.03,0.71,7.72,9.02,2494,5
2026-05-17 01:45:26,1.5,10.55,11.29,11.59,1545545,85653,5.5,0,0,0.0,1007,738,77,1.09,0.88,3.13,4.38,2499,3
2026-05-17 01:46:27,3.1,11.74,11.38,11.60,1545545,85672,5.5,0,0,0.0,1007,738,77,1.03,0.86,3.39,4.89,2482,5
2026-05-17 01:47:27,1.0,11.85,11.40,11.59,1545545,85639,5.5,0,0,0.0,1007,738,77,1.03,0.74,5.60,6.76,2474,5
2026-05-17 01:48:27,1.2,10.06,10.96,11.43,1545545,85661,5.5,0,0,0.0,1007,738,77,1.14,0.82,1.58,2.92,2474,2
2026-05-17 01:49:28,1.4,11.38,11.13,11.45,1545545,85670,5.5,0,0,0.0,1007,738,77,1.43,0.71,7.90,8.80,2474,1
2026-05-17 01:50:28,2.9,14.25,11.82,11.66,1545545,85671,5.5,0,0,0.0,1007,738,77,1.14,0.76,8.83,10.63,2482,8
2026-05-17 01:51:28,1.3,13.37,12.09,11.77,1545545,85663,5.5,0,0,0.0,1007,738,77,1.08,0.72,9.29,11.28,2485,1
2026-05-17 01:52:29,2.1,11.11,11.66,11.64,1545545,85670,5.5,0,0,0.0,1007,738,77,1.06,0.94,5.38,6.97,2496,2
2026-05-17 01:53:29,1.1,10.04,11.27,11.51,1545545,85688,5.5,0,0,0.0,1007,738,77,1.03,0.72,0.86,2.24,2492,1
2026-05-17 01:54:29,1.2,9.45,10.86,11.35,1545545,85707,5.5,0,0,0.0,1007,738,77,1.03,0.68,1.53,2.92,2496,3
2026-05-17 01:55:30,1.1,11.42,11.18,11.43,1545545,85665,5.5,0,0,0.0,1007,738,77,1.03,0.81,6.32,7.22,2478,4
2026-05-17 01:56:30,1.6,11.83,11.40,11.49,1545545,85673,5.5,0,0,0.0,1007,738,77,1.03,0.92,9.96,10.62,2487,5
2026-05-17 01:57:30,1.6,12.80,11.63,11.55,1545545,85671,5.5,0,0,0.0,1007,738,77,1.03,0.93,3.28,4.59,2488,4
2026-05-17 01:58:31,2.7,12.05,11.62,11.56,1545545,85706,5.5,0,0,0.0,1007,738,77,1.13,0.70,9.16,10.18,2491,8
2026-05-17 01:59:31,1.7,10.98,11.39,11.48,1545545,85708,5.5,0,0,0.0,1007,738,77,1.03,0.71,5.88,6.95,2486,4
2026-05-17 02:00:31,1.1,10.65,11.23,11.42,1545545,85650,5.5,0,0,0.0,1007,738,77,1.03,0.80,7.88,9.26,2506,5
2026-05-17 02:01:32,1.2,10.88,11.17,11.38,1545545,85676,5.5,0,0,0.0,1007,738,77,1.03,0.83,5.46,6.66,2494,6
2026-05-17 02:02:32,2.2,11.43,11.26,11.40,1545545,85664,5.5,0,0,0.0,1007,738,77,1.03,0.91,10.40,11.98,2487,5
2026-05-17 02:03:32,1.1,13.03,11.67,11.53,1545545,85700,5.5,0,0,0.0,1007,738,77,1.38,0.80,9.48,10.50,2486,3
2026-05-17 02:04:33,1.2,11.97,11.63,11.53,1545545,85704,5.5,0,0,0.0,1007,738,77,1.05,0.83,8.25,9.14,2475,6
2026-05-17 02:05:33,2.5,10.83,11.34,11.43,1545545,85662,5.5,0,0,0.0,1007,738,77,1.10,0.76,0.73,2.16,2467,1
2026-05-17 02:06:33,1.1,10.35,11.06,11.32,1545545,85687,5.5,0,0,0.0,1007,738,77,1.03,0.79,1.09,2.54,2473,2
2026-05-17 02:07:33,1.9,10.32,10.91,11.26,1545545,85688,5.5,0,0,0.0,1007,738,77,1.03,0.84,2.96,4.31,2485,2
2026-05-17 02:08:34,1.8,10.99,11.04,11.28,1545545,85702,5.5,0,0,0.0,1007,738,77,1.12,0.77,9.33,11.10,2487,4
2026-05-17 02:09:34,1.0,9.81,10.71,11.15,1545545,85662,5.5,0,0,0.0,1007,738,77,1.12,0.75,4.78,5.87,2506,1
2026-05-17 02:10:34,1.1,10.17,10.69,11.12,1545545,85657,5.5,0,0,0.0,1007,738,77,1.03,0.80,8.51,9.82,2508,4
2026-05-17 02:11:35,1.9,10.02,10.57,11.05,1545545,85684,5.5,0,0,0.0,1007,738,77,1.16,0.77,4.48,5.59,2495,4
2026-05-17 02:12:35,2.1,10.31,10.57,11.02,1545545,85696,5.5,0,0,0.0,1007,738,77,1.03,0.75,8.93,10.09,2501,11
2026-05-17 02:13:36,1.1,10.31,10.54,10.98,1545545,85682,5.5,0,0,0.0,1007,738,77,1.03,0.71,7.09,8.01,2486,2
2026-05-17 02:14:36,1.8,11.51,10.82,11.04,1545545,85711,5.5,0,0,0.0,1007,738,77,1.03,0.75,5.34,6.51,2478,4
2026-05-17 02:15:36,1.7,10.40,10.65,10.97,1545545,85652,5.5,0,0,0.0,1007,738,77,1.03,0.86,6.52,7.47,2483,1
2026-05-17 02:16:37,1.0,9.28,10.27,10.82,1545545,85662,5.5,0,0,0.0,1007,738,77,1.08,0.75,0.34,1.78,2491,2
2026-05-17 02:17:37,1.8,9.25,10.08,10.72,1545545,85706,5.5,0,0,0.0,1007,738,77,1.09,0.90,3.68,4.88,2482,7
2026-05-17 02:18:37,2.1,9.35,9.97,10.64,1545545,85712,5.5,0,0,0.0,1007,738,77,1.10,0.62,5.27,6.27,2490,6
2026-05-17 02:19:38,1.9,10.79,10.18,10.66,1545545,85718,5.5,0,0,0.0,1007,738,77,1.18,0.90,7.50,8.37,2482,3
2026-05-17 02:20:38,1.1,10.26,10.16,10.62,1545545,85668,5.5,0,0,0.0,1007,738,77,1.03,0.77,4.59,5.72,2473,1
2026-05-17 02:21:38,1.0,10.14,10.12,10.58,1545545,85683,5.5,0,0,0.0,1007,738,77,1.03,0.74,1.53,2.90,2462,4
2026-05-17 02:22:38,3.1,10.92,10.29,10.61,1545545,85710,5.5,0,0,0.0,1007,738,77,1.03,1.00,8.56,9.53,2488,3
2026-05-17 02:23:39,0.9,10.46,10.31,10.60,1545545,85700,5.5,0,0,0.0,1007,738,77,1.03,0.71,4.85,6.05,2484,1
2026-05-17 02:24:39,1.7,9.41,10.05,10.49,1545545,85718,5.5,0,0,0.0,1007,738,77,1.22,0.77,0.59,2.05,2471,2
2026-05-17 02:25:39,1.0,10.85,10.43,10.60,1545545,85671,5.5,0,0,0.0,1007,738,77,1.04,0.96,5.50,7.19,2477,2
2026-05-17 02:26:40,1.6,10.63,10.47,10.60,1545545,85668,5.5,0,0,0.0,1007,738,77,1.03,0.87,5.42,6.72,2469,3
2026-05-17 02:27:40,1.0,9.95,10.32,10.54,1545545,85682,5.5,0,0,0.0,1007,738,77,1.03,0.80,1.13,2.55,2462,3
2026-05-17 02:28:40,1.2,9.81,10.21,10.49,1545545,85684,5.5,0,0,0.0,1007,738,77,1.03,0.82,1.17,2.57,2478,1
2026-05-17 02:29:41,1.1,9.57,10.07,10.42,1545545,85693,5.5,0,0,0.0,1007,738,77,1.03,0.75,2.30,3.60,2480,3
2026-05-17 02:30:41,1.8,9.48,9.92,10.35,1545545,85689,5.5,0,0,0.0,1007,738,77,1.03,0.79,3.24,4.45,2476,3
2026-05-17 02:31:41,1.0,9.64,9.92,10.32,1545545,85668,5.5,0,0,0.0,1007,738,77,1.03,0.81,2.64,4.11,2483,1
2026-05-17 02:32:42,1.0,9.65,9.86,10.27,1545545,85686,5.5,0,0,0.0,1007,738,77,1.03,0.83,0.35,1.80,2468,7
2026-05-17 02:33:42,1.0,9.08,9.65,10.17,1545545,85692,5.5,0,0,0.0,1007,738,77,1.03,0.67,0.36,1.76,2453,2
2026-05-17 02:34:42,6.5,9.20,9.59,10.12,1545545,85705,5.5,0,0,0.0,1007,738,77,1.03,0.75,8.75,9.56,2466,4
2026-05-17 02:35:43,3.6,10.84,9.94,10.20,1545545,85689,5.5,0,0,0.0,1007,738,77,1.03,0.78,11.53,13.08,2481,25
2026-05-17 02:36:43,1.1,10.87,10.15,10.26,1545545,85672,5.5,0,0,0.0,1007,738,77,1.03,0.92,4.70,6.04,2472,3
2026-05-17 02:37:43,1.0,10.05,10.03,10.21,1545545,85681,5.5,0,0,0.0,1007,738,77,1.03,0.80,0.32,1.88,2476,5
2026-05-17 02:38:44,2.0,14.56,11.14,10.57,1545545,85703,5.5,0,0,0.0,1007,738,77,1.03,0.76,6.73,7.57,2469,6
2026-05-17 02:39:44,3.1,15.37,11.74,10.79,1545545,85728,5.5,0,0,0.0,1007,738,77,1.03,0.73,6.82,8.19,2468,4
2026-05-17 02:40:44,1.3,12.47,11.62,10.82,1545545,85670,5.5,0,0,0.0,1007,738,77,1.03,0.78,7.87,9.47,2459,4
2026-05-17 02:41:45,1.0,11.41,11.41,10.79,1545545,85665,5.5,0,0,0.0,1007,738,77,1.10,0.79,5.61,6.63,2458,3
2026-05-17 02:42:45,1.0,10.25,11.10,10.72,1545545,85693,5.5,0,0,0.0,1007,738,77,1.03,0.77,4.38,5.66,2458,2
2026-05-17 02:43:45,1.2,9.85,10.82,10.65,1545545,85707,5.5,0,0,0.0,1007,738,77,1.07,0.80,3.57,4.72,2466,2
2026-05-17 02:44:46,1.8,9.70,10.56,10.57,1545545,85719,5.5,0,0,0.0,1007,738,77,1.03,0.77,4.54,5.58,2474,4
2026-05-17 02:45:46,2.1,12.58,11.08,10.74,1545545,85695,5.5,0,0,0.0,1007,738,77,1.03,0.97,6.14,7.09,2467,4
2026-05-17 02:46:46,1.7,13.18,11.45,10.88,1545545,85694,5.5,0,0,0.0,1007,738,77,1.03,0.76,8.12,8.89,2477,6
2026-05-17 02:47:47,1.0,14.23,12.07,11.13,1545545,85694,5.5,0,0,0.0,1007,738,77,1.03,0.77,4.12,5.42,2498,1
2026-05-17 02:48:47,1.0,15.88,13.04,11.53,1545545,85726,5.5,0,0,0.0,1007,738,77,1.03,0.77,7.55,8.48,2494,2
2026-05-17 02:49:47,1.1,18.32,14.28,12.06,1545545,85689,5.5,0,0,0.0,1007,738,77,1.03,0.69,4.36,5.48,2490,4
2026-05-17 02:50:48,1.0,17.62,14.69,12.33,1545545,85689,5.5,0,0,0.0,1007,738,77,1.03,0.68,2.68,3.99,2500,3
2026-05-17 02:51:48,1.0,13.63,14.08,12.26,1545545,85684,5.5,0,0,0.0,1007,738,77,1.03,0.77,3.13,4.37,2482,1
2026-05-17 02:52:48,2.6,15.48,15.02,12.73,1545545,85686,5.5,0,0,0.0,1007,738,77,1.03,0.80,2.74,4.09,2472,3
2026-05-17 02:53:49,3.3,16.31,15.26,12.95,1545545,85715,5.5,0,0,0.0,1007,738,77,1.03,0.85,10.50,11.94,2483,6
2026-05-17 02:54:49,2.9,15.52,15.02,13.00,1545545,85696,5.5,0,0,0.0,1007,738,77,1.03,0.66,7.08,8.52,2474,11
2026-05-17 02:55:49,1.8,14.38,14.95,13.12,1545545,85702,5.5,0,0,0.0,1007,738,77,1.03,0.80,11.21,12.21,2469,3
2026-05-17 02:56:50,2.3,15.74,15.47,13.42,1545545,85710,5.5,0,0,0.0,1007,738,77,1.05,0.82,8.97,10.11,2485,1
2026-05-17 02:57:50,1.6,11.63,14.33,13.16,1545545,85723,5.5,0,0,0.0,1007,738,77,1.03,0.75,1.89,3.16,2479,4
2026-05-17 02:58:50,1.1,12.21,14.19,13.19,1545545,85699,5.5,0,0,0.0,1007,738,77,1.03,0.72,6.80,8.84,2471,7
2026-05-17 02:59:51,1.2,10.53,13.36,12.97,1545545,85689,5.5,0,0,0.0,1007,738,77,1.03,0.94,1.53,3.00,2470,4
2026-05-17 03:00:51,0.9,10.30,12.79,12.80,1545545,85662,5.5,0,0,0.0,1007,738,77,1.07,0.75,5.11,6.19,2473,5
2026-05-17 03:01:51,0.9,9.83,12.22,12.60,1545545,85669,5.5,0,0,0.0,1007,738,77,1.03,3.23,1.52,2.88,2454,2
2026-05-17 03:02:52,1.1,9.96,11.78,12.42,1545545,85685,5.5,0,0,0.0,1007,738,77,1.03,0.81,2.24,3.73,2475,2
2026-05-17 03:03:52,5.6,9.09,11.18,12.17,1545545,85702,5.5,0,0,0.0,1007,738,77,1.53,0.73,1.14,2.55,2479,21
2026-05-17 03:04:52,1.7,9.66,10.96,12.03,1545545,85710,5.5,0,0,0.0,1007,738,77,1.37,0.85,4.69,5.88,2492,2
2026-05-17 03:05:53,1.1,11.50,11.19,12.04,1545545,85685,5.5,0,0,0.0,1007,738,77,1.79,0.68,6.97,8.46,2483,4
2026-05-17 03:06:53,0.9,10.85,11.11,11.95,1545545,85684,5.5,0,0,0.0,1007,738,77,1.37,0.89,5.06,6.29,2484,1
2026-05-17 03:07:53,1.1,9.56,10.69,11.75,1545545,85699,5.5,0,0,0.0,1007,738,77,1.24,0.80,0.33,1.88,2469,2
2026-05-17 03:08:54,1.3,10.35,10.75,11.71,1545545,85698,5.5,0,0,0.0,1007,738,77,1.04,0.76,6.24,7.46,2470,2
2026-05-17 03:09:54,1.2,10.40,10.68,11.62,1545545,85706,5.5,0,0,0.0,1007,738,77,1.03,0.67,4.94,6.51,2467,8
2026-05-17 03:10:54,1.2,10.49,10.64,11.55,1545545,85680,5.5,0,0,0.0,1007,738,77,1.03,0.86,3.63,4.91,2471,2
2026-05-17 03:11:55,2.1,10.15,10.47,11.43,1545545,85703,5.5,0,0,0.0,1007,738,77,1.03,0.84,0.78,2.19,2463,3
2026-05-17 03:12:55,1.1,10.31,10.58,11.41,1545545,85702,5.5,0,0,0.0,1007,738,77,1.11,0.77,6.29,7.31,2462,2
2026-05-17 03:13:56,1.0,9.86,10.41,11.30,1545545,85704,5.5,0,0,0.0,1007,738,77,1.29,0.71,5.57,6.51,2470,5
2026-05-17 03:14:56,1.9,11.91,10.87,11.40,1545545,85702,5.5,0,0,0.0,1007,738,77,1.03,0.72,8.77,10.32,2468,2
2026-05-17 03:15:56,1.6,10.56,10.67,11.30,1545545,85675,5.5,0,0,0.0,1007,738,77,1.09,0.93,0.82,2.33,2471,4
2026-05-17 03:16:57,1.1,11.31,10.95,11.36,1545545,85675,5.5,0,0,0.0,1007,738,77,1.03,0.84,6.12,7.67,2486,1
2026-05-17 03:17:57,3.1,11.62,11.00,11.34,1545545,85721,5.5,0,0,0.0,1007,738,77,1.03,0.76,4.01,5.46,2479,4
2026-05-17 03:18:57,8.3,10.69,10.87,11.28,1545545,85704,5.5,0,0,0.0,1007,738,77,1.03,0.77,3.70,5.05,2476,23
2026-05-17 03:19:58,4.4,12.92,11.47,11.46,1545545,85730,5.5,0,0,0.0,1007,738,77,1.03,0.70,7.95,9.04,2482,23
2026-05-17 03:20:58,1.1,11.38,11.30,11.40,1545545,85682,5.5,0,0,0.0,1007,738,77,1.24,0.70,4.12,5.31,2471,2
2026-05-17 03:21:58,2.1,10.09,10.94,11.27,1545545,85688,5.5,0,0,0.0,1007,738,77,1.03,0.98,1.59,3.20,2457,4
2026-05-17 03:22:59,3.0,10.90,10.87,11.22,1545545,85730,5.5,0,0,0.0,1007,738,77,1.07,0.82,4.54,5.98,2463,6
2026-05-17 03:23:59,0.9,13.58,11.59,11.43,1545545,85717,5.5,0,0,0.0,1007,738,77,1.03,0.68,11.41,13.39,2459,12
2026-05-17 03:24:59,1.3,10.78,11.13,11.28,1545545,85698,5.5,0,0,0.0,1007,738,77,1.03,0.80,0.32,1.78,2450,1
2026-05-17 03:26:00,1.2,9.97,10.85,11.17,1545545,85694,5.5,0,0,0.0,1007,738,77,1.04,0.79,2.38,3.63,2455,2
2026-05-17 03:27:00,1.4,9.67,10.61,11.07,1545545,85691,5.5,0,0,0.0,1007,738,77,1.03,0.95,6.76,7.72,2454,3
2026-05-17 03:28:00,3.1,10.93,10.80,11.10,1545545,85710,5.5,0,0,0.0,1007,738,77,1.03,0.81,10.72,11.77,2469,12
2026-05-17 03:29:01,0.9,11.32,10.96,11.14,1545545,85711,5.5,0,0,0.0,1007,738,77,1.03,0.67,9.35,11.25,2475,1
2026-05-17 03:30:01,1.0,10.57,10.84,11.09,1545545,85680,5.5,0,0,0.0,1007,738,77,1.03,0.80,6.70,7.63,2473,7
2026-05-17 03:31:01,1.8,11.88,11.15,11.18,1545545,85693,5.5,0,0,0.0,1007,738,77,1.03,0.77,11.97,13.21,2477,4
2026-05-17 03:32:02,1.8,10.71,10.98,11.12,1545545,85694,5.5,0,0,0.0,1007,738,77,1.03,0.73,5.89,6.93,2479,8
2026-05-17 03:33:02,1.1,9.78,10.70,11.02,1545545,85702,5.5,0,0,0.0,1007,738,77,1.23,0.84,3.99,5.43,2466,6
2026-05-17 03:34:02,3.0,10.70,10.79,11.02,1545545,85721,5.5,0,0,0.0,1007,738,77,1.03,0.69,7.72,9.27,2462,5
2026-05-17 03:35:03,3.5,10.01,10.59,10.94,1545545,85669,5.5,0,0,0.0,1007,738,77,1.03,0.72,2.63,4.07,2463,12
2026-05-17 03:36:03,1.2,11.08,10.88,11.02,1545545,85664,5.5,0,0,0.0,1007,738,77,1.03,0.91,2.72,3.95,2468,2
2026-05-17 03:37:03,1.1,10.50,10.79,10.98,1545545,85679,5.5,0,0,0.0,1007,738,77,1.03,0.85,3.05,4.47,2480,3
2026-05-17 03:38:03,3.1,11.41,11.01,11.05,1545545,85714,5.5,0,0,0.0,1007,738,77,1.03,0.72,9.20,10.73,2480,9
2026-05-17 03:39:04,1.1,11.43,11.15,11.10,1545545,85697,5.5,0,0,0.0,1007,738,77,1.03,0.85,6.66,8.05,2476,1
2026-05-17 03:40:04,2.0,10.46,10.93,11.02,1545545,85698,5.5,0,0,0.0,1007,738,77,1.03,0.75,0.76,2.14,2469,2
2026-05-17 03:41:04,1.2,12.12,11.43,11.19,1545545,85667,5.5,0,0,0.0,1007,738,77,1.04,0.74,5.36,7.14,2458,1
2026-05-17 03:42:05,1.5,12.28,11.62,11.27,1545545,85706,5.5,0,0,0.0,1007,738,77,1.03,3.22,5.52,6.56,2448,5
2026-05-17 03:43:05,1.3,10.67,11.30,11.19,1545545,85697,5.5,0,0,0.0,1007,738,77,1.03,1.21,3.47,4.79,2465,3
2026-05-17 03:44:05,1.2,10.04,11.02,11.10,1545545,85706,5.5,0,0,0.0,1007,738,77,1.03,0.82,6.29,7.59,2478,1
2026-05-17 03:45:06,1.4,11.74,11.35,11.21,1545545,85697,5.5,0,0,0.0,1007,738,77,1.03,0.71,7.15,8.96,2487,1
2026-05-17 03:46:06,1.7,12.10,11.62,11.31,1545545,85674,5.5,0,0,0.0,1007,738,77,1.03,0.81,5.32,6.98,2484,2
2026-05-17 03:47:06,1.0,10.75,11.31,11.22,1545545,85676,5.5,0,0,0.0,1007,738,77,1.03,0.84,2.33,3.62,2489,1
2026-05-17 03:48:07,0.9,10.00,10.97,11.11,1545545,85702,5.5,0,0,0.0,1007,738,77,1.03,0.71,1.09,2.53,2469,2
2026-05-17 03:49:07,1.2,11.78,11.26,11.19,1545545,85708,5.5,0,0,0.0,1007,738,77,1.50,0.72,6.76,8.57,2469,3
2026-05-17 03:50:07,1.2,10.07,10.87,11.06,1545545,85682,5.5,0,0,0.0,1007,738,77,1.47,0.83,0.80,2.36,2458,1
2026-05-17 03:51:08,1.8,10.27,10.77,11.01,1545545,85698,5.5,0,0,0.0,1007,738,77,1.09,0.78,3.14,4.39,2470,4
2026-05-17 03:52:08,1.0,10.78,10.84,11.02,1545545,85682,5.5,0,0,0.0,1007,738,77,1.03,0.75,4.34,5.51,2471,2
2026-05-17 03:53:08,1.3,10.47,10.75,10.98,1545545,85705,5.5,0,0,0.0,1007,738,77,1.03,0.77,1.48,2.99,2471,4
2026-05-17 03:54:09,2.8,10.28,10.59,10.91,1545545,85733,5.5,0,0,0.0,1007,738,77,1.03,0.79,5.65,6.93,2460,5
2026-05-17 03:55:09,1.0,9.93,10.50,10.86,1545545,85681,5.5,0,0,0.0,1007,738,77,1.15,0.85,3.94,5.75,2453,4
2026-05-17 03:56:09,1.0,10.72,10.57,10.86,1545545,85699,5.5,0,0,0.0,1007,738,77,1.06,0.73,6.37,7.34,2457,3
2026-05-17 03:57:10,1.6,10.06,10.43,10.79,1545545,85695,5.5,0,0,0.0,1007,738,77,1.03,0.90,3.92,5.07,2460,2
2026-05-17 03:58:10,1.9,10.35,10.46,10.78,1545545,85698,5.5,0,0,0.0,1007,738,77,1.03,0.67,6.75,8.61,2477,2
2026-05-17 03:59:10,3.2,9.62,10.22,10.68,1545545,85725,5.5,0,0,0.0,1007,738,77,1.04,0.70,2.95,4.18,2486,4
2026-05-17 04:00:11,1.9,10.47,10.34,10.68,1545545,85705,5.5,0,0,0.0,1007,738,77,1.03,0.84,8.57,10.17,2488,2
2026-05-17 04:01:11,0.9,10.05,10.27,10.64,1545545,85682,5.5,0,0,0.0,1007,738,77,1.03,2.99,5.00,6.68,2482,6
2026-05-17 04:02:11,1.0,11.13,10.57,10.72,1545545,85682,5.5,0,0,0.0,1007,738,77,1.03,0.96,5.44,6.80,2480,2
2026-05-17 04:03:12,1.0,9.79,10.30,10.62,1545545,85684,5.5,0,0,0.0,1007,738,77,1.03,0.69,0.31,1.75,2463,1
2026-05-17 04:04:12,1.5,9.28,10.05,10.51,1545545,85699,5.5,0,0,0.0,1007,738,77,1.03,0.80,0.33,1.84,2461,22
2026-05-17 04:05:12,2.9,10.21,10.14,10.51,1545545,85700,5.5,0,0,0.0,1007,738,77,1.03,0.79,9.50,10.54,2477,8
2026-05-17 04:06:13,1.1,9.91,10.09,10.47,1545545,85675,5.5,0,0,0.0,1007,738,77,1.03,0.79,2.11,3.78,2476,3
2026-05-17 04:07:13,1.0,10.28,10.16,10.47,1545545,85677,5.5,0,0,0.0,1007,738,77,1.03,0.94,4.77,5.93,2475,4
2026-05-17 04:08:13,1.0,9.86,10.07,10.42,1545545,85702,5.5,0,0,0.0,1007,738,77,1.12,0.62,6.36,7.33,2482,4
2026-05-17 04:09:14,3.0,9.60,9.95,10.35,1545545,85717,5.5,0,0,0.0,1007,738,77,1.15,0.80,2.74,4.05,2484,5
2026-05-17 04:10:14,0.9,11.66,10.57,10.55,1545545,85671,5.5,0,0,0.0,1007,738,77,1.03,0.65,6.09,7.57,2479,1
2026-05-17 04:11:14,3.0,11.43,10.70,10.59,1545545,85697,5.5,0,0,0.0,1007,738,77,1.03,0.77,7.44,8.49,2488,5
2026-05-17 04:12:15,0.9,12.20,11.13,10.75,1545545,85671,5.5,0,0,0.0,1007,738,77,1.03,0.91,7.47,9.01,2491,7
2026-05-17 04:13:15,1.8,10.46,10.84,10.68,1545545,85720,5.5,0,0,0.0,1007,738,77,1.03,0.80,4.09,5.25,2485,8
2026-05-17 04:14:15,1.3,9.96,10.66,10.63,1545545,85712,5.5,0,0,0.0,1007,738,77,1.03,0.65,4.14,5.27,2498,2
2026-05-17 04:15:16,0.9,9.80,10.50,10.58,1545545,85692,5.5,0,0,0.0,1007,738,77,1.03,0.78,3.54,4.69,2491,1
2026-05-17 04:16:16,2.9,11.35,10.72,10.64,1545545,85696,5.5,0,0,0.0,1007,738,77,1.66,0.82,7.05,8.26,2483,8
2026-05-17 04:17:16,3.4,11.27,10.85,10.69,1545545,85701,5.5,0,0,0.0,1007,738,77,1.34,0.93,8.01,9.08,2486,24
2026-05-17 04:18:17,1.2,10.29,10.67,10.64,1545545,85691,5.5,0,0,0.0,1007,738,77,1.12,0.71,2.98,4.34,2486,5
2026-05-17 04:19:17,1.7,10.65,10.64,10.63,1545545,85730,5.5,0,0,0.0,1007,738,77,1.03,0.75,7.71,8.88,2468,28
2026-05-17 04:20:17,1.1,10.66,10.70,10.65,1545545,85687,5.5,0,0,0.0,1007,738,77,1.03,0.75,10.25,11.28,2469,2
2026-05-17 04:21:18,1.5,10.16,10.52,10.59,1545545,85709,5.5,0,0,0.0,1007,738,77,1.03,0.74,6.61,7.49,2473,7
2026-05-17 04:22:18,1.9,11.37,10.77,10.67,1545545,85714,5.5,0,0,0.0,1007,738,77,1.03,1.10,8.99,10.85,2473,2
2026-05-17 04:23:18,1.1,9.92,10.47,10.57,1545545,85723,5.5,0,0,0.0,1007,738,77,1.06,0.79,0.65,2.30,2475,3
2026-05-17 04:24:19,1.9,9.19,10.18,10.47,1545545,85741,5.5,0,0,0.0,1007,738,77,1.47,0.82,1.26,2.67,2486,4
2026-05-17 04:25:19,1.7,9.15,10.00,10.39,1545545,85715,5.5,0,0,0.0,1007,738,77,1.03,0.76,3.34,4.53,2490,8
2026-05-17 04:26:19,2.0,9.96,10.09,10.39,1545545,85701,5.5,0,0,0.0,1007,738,77,1.09,0.70,4.00,5.11,2483,7
2026-05-17 04:27:20,2.1,9.46,9.94,10.32,1545545,85751,5.5,0,0,0.0,1007,738,77,1.03,0.86,0.35,1.85,2480,4
2026-05-17 04:28:20,1.8,8.99,9.72,10.22,1545545,85721,5.5,0,0,0.0,1007,738,77,2.11,0.88,3.54,4.69,2476,5
2026-05-17 04:29:20,2.1,10.12,9.95,10.27,1545545,85738,5.5,0,0,0.0,1007,738,77,1.03,0.81,10.37,12.06,2470,2
2026-05-17 04:30:21,1.0,9.88,9.93,10.25,1545545,85704,5.5,0,0,0.0,1007,738,77,1.03,0.79,4.35,5.51,2469,3
2026-05-17 04:31:21,1.1,11.05,10.28,10.35,1545545,85708,5.5,0,0,0.0,1007,738,77,0.07,0.80,2.33,3.62,2455,6
2026-05-17 04:32:21,1.3,14.77,11.85,10.90,1545545,85694,5.5,0,0,0.0,1007,738,77,2.07,0.78,3.56,4.72,2458,2
2026-05-17 04:33:22,2.0,13.63,11.99,11.01,1545545,85747,5.5,0,0,0.0,1007,738,77,1.57,0.64,2.33,3.74,2472,2
2026-05-17 04:34:22,2.1,17.90,13.36,11.53,1545545,85751,5.5,0,0,0.0,1007,738,77,1.67,0.75,11.00,11.96,2490,3
2026-05-17 04:35:22,11.9,14.91,13.10,11.55,1545545,85739,5.5,0,0,0.0,1007,738,77,1.33,0.83,1.67,3.11,2492,26
2026-05-17 04:36:23,3.1,16.83,13.84,11.90,1545545,85706,5.5,0,0,0.0,1007,738,77,1.23,0.79,5.42,6.54,2492,3
2026-05-17 04:37:23,1.8,23.14,16.23,12.84,1545545,85730,5.5,0,0,0.0,1007,738,77,1.03,0.86,9.87,11.36,2504,8
2026-05-17 04:38:23,1.2,16.67,15.76,12.90,1545545,85744,5.5,0,0,0.0,1007,738,77,1.03,0.73,9.29,11.01,2495,2
2026-05-17 04:39:24,3.5,18.41,16.46,13.32,1545545,85772,5.5,0,0,0.0,1007,738,77,1.21,0.70,3.42,4.71,2479,4
2026-05-17 04:40:24,1.1,13.96,15.64,13.24,1545545,85725,5.5,0,0,0.0,1007,738,77,1.03,0.83,7.67,9.44,2492,2
2026-05-17 04:41:24,2.0,13.64,15.23,13.25,1545545,85751,5.5,0,0,0.0,1007,738,77,1.03,0.76,8.36,9.49,2490,3
2026-05-17 04:42:25,0.9,11.05,14.22,13.02,1545545,85720,5.5,0,0,0.0,1007,738,77,1.03,0.79,3.93,5.05,2484,1
2026-05-17 04:43:25,1.0,10.14,13.37,12.81,1545545,85742,5.5,0,0,0.0,1007,738,77,1.03,0.88,0.69,2.20,2482,4
2026-05-17 04:44:25,1.4,10.96,13.01,12.71,1545545,85771,5.5,0,0,0.0,1007,738,77,1.03,1.04,6.63,8.70,2492,5
2026-05-17 04:45:26,1.0,11.50,12.69,12.62,1545545,85725,5.5,0,0,0.0,1007,738,77,1.03,0.91,6.27,7.33,2481,3
2026-05-17 04:46:26,1.5,10.23,12.11,12.42,1545545,85720,5.5,0,0,0.0,1007,738,77,1.03,0.85,4.44,5.61,2486,7
2026-05-17 04:47:26,3.2,11.60,12.15,12.41,1545545,85739,5.5,0,0,0.0,1007,738,77,1.04,0.97,8.23,9.34,2478,7
2026-05-17 04:48:27,1.2,10.88,11.86,12.30,1545545,85735,5.5,0,0,0.0,1007,738,77,1.42,0.86,5.06,6.31,2484,4
2026-05-17 04:49:27,4.1,10.39,11.54,12.15,1545545,85762,5.5,0,0,0.0,1007,738,77,1.16,0.75,5.54,6.58,2484,16
2026-05-17 04:50:27,3.4,10.40,11.27,12.02,1545545,85750,5.5,0,0,0.0,1007,738,77,1.03,0.71,6.07,7.32,2477,6
2026-05-17 04:51:28,3.1,11.59,11.40,12.02,1545545,85752,5.5,0,0,0.0,1007,738,77,1.03,0.77,12.22,14.22,2482,4
2026-05-17 04:52:28,1.1,12.02,11.57,12.03,1545545,85713,5.5,0,0,0.0,1007,738,77,1.03,0.91,7.32,9.07,2492,1
2026-05-17 04:53:29,2.3,11.23,11.42,11.95,1545545,85756,5.5,0,0,0.0,1007,738,77,1.14,0.62,8.47,9.63,2488,3
2026-05-17 04:54:29,0.9,11.58,11.49,11.94,1545545,85743,5.5,0,0,0.0,1007,738,77,1.03,0.76,8.92,10.51,2500,2
2026-05-17 04:55:29,3.2,12.16,11.64,11.96,1545545,85725,5.5,0,0,0.0,1007,738,77,1.03,0.78,7.26,8.22,2495,4
2026-05-17 04:56:30,3.4,12.07,11.83,12.01,1545545,85758,5.5,0,0,0.0,1007,738,77,1.12,0.84,10.46,11.68,2491,6
2026-05-17 04:57:30,3.5,12.35,11.85,12.00,1545545,85764,5.5,0,0,0.0,1007,738,77,1.05,0.88,4.15,5.59,2494,20
2026-05-17 04:58:30,2.9,13.25,12.15,12.09,1545545,85759,5.5,0,0,0.0,1007,738,77,1.03,0.69,9.34,11.30,2491,7
2026-05-17 04:59:31,1.1,11.59,11.90,12.01,1545545,85751,5.5,0,0,0.0,1007,738,77,1.03,0.68,6.77,7.99,2498,6
2026-05-17 05:00:31,3.4,11.54,11.73,11.94,1545545,85746,5.5,0,0,0.0,1007,738,77,1.03,0.83,4.34,5.50,2495,5
2026-05-17 05:01:31,1.1,12.39,11.99,12.02,1545545,85721,5.5,0,0,0.0,1007,738,77,1.03,0.81,8.69,10.40,2489,4
2026-05-17 05:02:32,2.1,13.15,12.26,12.10,1545545,85738,5.5,0,0,0.0,1007,738,77,1.03,0.79,8.16,9.16,2468,3
2026-05-17 05:03:32,1.9,13.20,12.49,12.20,1545545,85759,5.5,0,0,0.0,1007,738,77,1.04,0.78,12.08,13.51,2484,6
2026-05-17 05:04:32,1.8,12.57,12.40,12.18,1545545,85764,5.5,0,0,0.0,1007,738,77,1.03,0.84,8.82,10.61,2477,2
2026-05-17 05:05:32,1.0,10.80,11.91,12.03,1545545,85717,5.5,0,0,0.0,1007,738,77,1.07,0.74,4.30,5.41,2478,2
2026-05-17 05:06:33,1.3,10.83,11.71,11.95,1545545,85721,5.5,0,0,0.0,1007,738,77,1.03,0.67,3.49,4.80,2488,5
2026-05-17 05:07:33,1.2,10.20,11.34,11.80,1545545,85711,5.5,0,0,0.0,1007,738,77,1.07,0.86,0.36,1.81,2486,7
2026-05-17 05:08:33,1.7,11.64,11.51,11.83,1545545,85767,5.5,0,0,0.0,1007,738,77,1.03,0.81,8.26,9.73,2470,2
2026-05-17 05:09:34,1.0,10.21,11.10,11.67,1545545,85745,5.5,0,0,0.0,1007,738,77,1.03,0.75,1.06,2.47,2482,2
2026-05-17 05:10:34,1.2,10.28,10.93,11.56,1545545,85711,5.5,0,0,0.0,1007,738,77,1.03,0.65,5.51,6.51,2467,10
2026-05-17 05:11:34,3.0,11.57,11.14,11.60,1545545,85732,5.5,0,0,0.0,1007,738,77,1.03,0.71,7.31,8.37,2468,5
2026-05-17 05:12:35,1.9,12.34,11.46,11.68,1545545,85737,5.5,0,0,0.0,1007,738,77,1.03,0.87,9.03,10.83,2483,3
2026-05-17 05:13:35,1.1,11.30,11.34,11.62,1545545,85737,5.5,0,0,0.0,1007,738,77,1.11,0.79,8.95,9.96,2504,2
2026-05-17 05:14:35,2.0,11.06,11.31,11.60,1545545,85769,5.5,0,0,0.0,1007,738,77,1.06,0.64,7.60,8.72,2492,4
2026-05-17 05:15:36,1.9,10.47,11.09,11.50,1545545,85735,5.5,0,0,0.0,1007,738,77,1.03,0.79,1.73,3.06,2495,2
2026-05-17 05:16:36,2.1,11.76,11.34,11.56,1545545,85751,5.5,0,0,0.0,1007,738,77,1.03,0.75,11.42,12.98,2500,4
2026-05-17 05:17:36,1.2,12.21,11.45,11.58,1545545,85765,5.5,0,0,0.0,1007,738,77,1.03,0.76,8.15,9.74,2488,2
2026-05-17 05:18:37,1.1,12.73,11.74,11.67,1545545,85737,5.5,0,0,0.0,1007,738,77,1.03,0.72,7.97,9.62,2481,5
2026-05-17 05:19:37,2.3,11.56,11.63,11.64,1545545,85747,5.5,0,0,0.0,1007,738,77,1.03,0.84,1.18,2.74,2484,3
2026-05-17 05:20:37,1.2,9.95,11.15,11.47,1545545,85725,5.5,0,0,0.0,1007,738,77,1.03,0.68,0.31,1.80,2469,1
2026-05-17 05:21:38,0.9,9.73,10.88,11.35,1545545,85723,5.5,0,0,0.0,1007,738,77,1.03,0.76,0.35,1.79,2467,3
2026-05-17 05:22:38,1.0,10.86,11.09,11.40,1545545,85716,5.5,0,0,0.0,1007,738,77,1.03,0.90,6.31,7.38,2482,4
2026-05-17 05:23:38,1.1,10.47,10.95,11.33,1545545,85743,5.5,0,0,0.0,1007,738,77,1.03,0.73,0.36,1.92,2467,4
2026-05-17 05:24:39,2.0,15.54,12.26,11.75,1545545,85754,5.5,0,0,0.0,1007,738,77,1.16,0.76,8.37,9.47,2478,3
2026-05-17 05:25:39,2.1,12.45,11.99,11.70,1545545,85722,5.5,0,0,0.0,1007,738,77,1.03,0.83,6.44,7.56,2488,2
2026-05-17 05:26:39,1.1,12.41,12.04,11.73,1545545,85725,5.5,0,0,0.0,1007,738,77,1.03,0.89,5.60,6.94,2488,1
2026-05-17 05:27:40,3.6,10.38,11.53,11.57,1545545,85763,5.5,0,0,0.0,1007,738,77,1.03,0.76,0.32,1.80,2481,5
2026-05-17 05:28:40,1.8,10.94,11.50,11.56,1545545,85756,5.5,0,0,0.0,1007,738,77,1.03,0.90,7.37,8.13,2486,8
2026-05-17 05:29:40,1.3,10.33,11.21,11.45,1545545,85743,5.5,0,0,0.0,1007,738,77,1.03,0.65,1.73,3.09,2476,2
2026-05-17 05:30:41,1.7,11.22,11.22,11.44,1545545,85740,5.5,0,0,0.0,1007,738,77,1.03,0.88,7.09,8.08,2481,5
2026-05-17 05:31:41,1.6,11.97,11.50,11.52,1545545,85742,5.5,0,0,0.0,1007,738,77,1.03,0.85,7.53,9.55,2485,3
2026-05-17 05:32:41,2.5,10.87,11.24,11.43,1545545,85755,5.5,0,0,0.0,1007,738,77,1.03,0.63,1.92,3.25,2478,5
2026-05-17 05:33:42,0.9,9.96,10.91,11.30,1545545,85741,5.5,0,0,0.0,1007,738,77,1.03,0.74,1.19,2.51,2484,7
2026-05-17 05:34:42,1.1,9.53,10.63,11.18,1545545,85747,5.5,0,0,0.0,1007,738,77,1.03,0.73,0.32,1.82,2476,7
2026-05-17 05:35:42,9.5,11.48,10.94,11.25,1545545,85716,5.5,0,0,0.0,1007,738,77,1.03,0.84,9.82,11.74,2476,3
2026-05-17 05:36:43,3.2,14.52,11.86,11.55,1545545,85748,5.5,0,0,0.0,1007,738,77,1.05,0.82,12.62,13.80,2483,5
2026-05-17 05:37:43,1.0,12.15,11.79,11.55,1545545,85728,5.5,0,0,0.0,1007,738,77,1.03,0.75,2.10,3.73,2479,1
2026-05-17 05:38:43,1.1,11.30,11.62,11.50,1545545,85733,5.5,0,0,0.0,1007,738,77,1.07,0.73,6.91,8.48,2474,3
2026-05-17 05:39:44,1.8,10.07,11.19,11.36,1545545,85766,5.5,0,0,0.0,1007,738,77,1.09,0.62,3.26,4.48,2467,4
2026-05-17 05:40:44,1.1,9.64,10.87,11.24,1545545,85712,5.5,0,0,0.0,1007,738,77,1.03,0.80,1.32,2.74,2464,5
2026-05-17 05:41:44,1.1,9.57,10.61,11.13,1545545,85723,5.5,0,0,0.0,1007,738,77,1.03,0.83,2.44,3.83,2463,5
2026-05-17 05:42:45,1.8,9.40,10.36,11.01,1545545,85769,5.5,0,0,0.0,1007,738,77,1.03,0.79,5.99,6.98,2474,14
2026-05-17 05:43:45,1.0,9.27,10.17,10.90,1545545,85745,5.5,0,0,0.0,1007,738,77,1.03,0.71,4.41,5.44,2483,6
2026-05-17 05:44:45,1.3,9.47,10.06,10.81,1545545,85743,5.5,0,0,0.0,1007,738,77,1.03,0.75,0.31,1.80,2486,1
2026-05-17 05:45:46,1.0,9.52,9.97,10.73,1545545,85717,5.5,0,0,0.0,1007,738,77,1.03,0.84,1.91,3.24,2497,2
2026-05-17 05:46:46,3.7,9.70,9.93,10.67,1545545,85740,5.5,0,0,0.0,1007,738,77,1.03,0.83,3.51,4.79,2490,6
2026-05-17 05:47:46,1.4,9.88,10.00,10.65,1545545,85756,5.5,0,0,0.0,1007,738,77,1.03,0.80,3.01,4.78,2490,7
2026-05-17 05:48:47,1.0,9.58,9.91,10.58,1545545,85739,5.5,0,0,0.0,1007,738,77,1.03,0.74,0.38,1.79,2476,1
2026-05-17 05:49:47,1.0,10.48,10.12,10.61,1545545,85757,5.5,0,0,0.0,1007,738,77,1.03,0.67,7.12,8.04,2477,3
2026-05-17 05:50:47,3.3,10.65,10.26,10.63,1545545,85747,5.5,0,0,0.0,1007,738,77,1.03,0.73,6.47,8.04,2490,8
2026-05-17 05:51:48,1.8,11.20,10.45,10.67,1545545,85740,5.5,0,0,0.0,1007,738,77,1.03,0.87,7.22,9.04,2490,2
2026-05-17 05:52:48,1.2,10.51,10.39,10.63,1545545,85731,5.5,0,0,0.0,1007,738,77,1.04,0.77,6.20,7.34,2483,1
2026-05-17 05:53:48,1.2,17.26,11.75,11.05,1545545,85741,5.5,0,0,0.0,1007,738,77,1.08,0.78,2.00,3.53,2480,1
2026-05-17 05:54:49,1.0,14.64,11.94,11.16,1545545,85765,5.5,0,0,0.0,1007,738,77,1.03,0.79,5.54,6.54,2480,1
2026-05-17 05:55:49,1.7,11.99,11.64,11.10,1545545,85768,5.5,0,0,0.0,1007,738,77,1.03,0.85,6.75,7.78,2466,2
2026-05-17 05:56:49,1.9,10.67,11.32,11.02,1545545,85754,5.5,0,0,0.0,1007,738,77,1.03,0.78,2.72,3.94,2467,5
2026-05-17 05:57:50,1.3,11.18,11.43,11.08,1545545,85781,5.6,0,0,0.0,1007,738,77,1.03,0.75,9.24,10.69,2488,5
2026-05-17 05:58:50,1.7,11.00,11.32,11.06,1545545,85768,5.5,0,0,0.0,1007,738,77,1.03,0.85,6.77,8.00,2497,3
2026-05-17 05:59:50,1.2,11.08,11.39,11.11,1545545,85730,5.5,0,0,0.0,1007,738,77,1.03,0.70,4.17,5.63,2488,1
2026-05-17 06:00:51,1.8,10.20,11.08,11.02,1545545,85751,5.5,0,0,0.0,1007,738,77,1.03,0.89,1.41,2.82,2483,4
2026-05-17 06:01:51,2.9,10.50,11.04,11.01,1545545,85759,5.5,0,0,0.0,1007,738,77,1.03,0.73,8.35,9.33,2473,5
2026-05-17 06:02:51,1.7,10.05,10.81,10.93,1545545,85768,5.5,0,0,0.0,1007,738,77,1.13,0.82,6.28,7.23,2464,3
2026-05-17 06:03:52,1.7,10.43,10.68,10.87,1545545,85768,5.5,0,0,0.0,1007,738,77,1.03,0.69,4.40,5.47,2455,8
2026-05-17 06:04:52,1.0,9.90,10.53,10.81,1545545,85732,5.5,0,0,0.0,1007,738,77,1.03,0.89,4.36,5.68,2462,4
2026-05-17 06:05:52,2.0,9.52,10.28,10.71,1545545,85758,5.5,0,0,0.0,1007,738,77,1.03,0.85,3.72,4.93,2474,4
2026-05-17 06:06:53,3.0,11.87,10.74,10.83,1545545,85755,5.5,0,0,0.0,1007,738,77,1.03,0.67,9.94,11.14,2477,10
2026-05-17 06:07:53,3.0,11.52,10.88,10.88,1545545,85777,5.5,0,0,0.0,1007,738,77,1.03,0.87,5.83,7.50,2476,6
2026-05-17 06:08:53,1.1,10.72,10.88,10.89,1545545,85756,5.5,0,0,0.0,1007,738,77,1.03,0.73,5.30,6.57,2491,1
2026-05-17 06:09:54,1.1,10.10,10.66,10.81,1545545,85770,5.5,0,0,0.0,1007,738,77,1.03,0.77,4.72,5.78,2475,7
2026-05-17 06:10:54,1.1,9.71,10.49,10.74,1545545,85734,5.5,0,0,0.0,1007,738,77,1.03,0.79,5.99,7.11,2481,3
2026-05-17 06:11:54,3.1,11.00,10.72,10.80,1545545,85760,5.5,0,0,0.0,1007,738,77,1.03,0.87,7.86,9.04,2487,4
2026-05-17 06:12:55,0.9,10.72,10.67,10.78,1545545,85747,5.5,0,0,0.0,1007,738,77,1.03,0.68,4.86,6.44,2493,8
2026-05-17 06:13:55,1.7,10.97,10.70,10.78,1545545,85772,5.5,0,0,0.0,1007,738,77,1.40,0.64,5.60,6.60,2497,4
2026-05-17 06:14:55,3.1,13.95,11.48,11.04,1545545,85773,5.5,0,0,0.0,1007,738,77,1.03,0.78,7.26,8.36,2498,5
2026-05-17 06:15:56,1.0,19.46,13.87,11.90,1545545,85731,5.5,0,0,0.0,1007,738,77,1.03,0.89,8.06,9.93,2480,7
2026-05-17 06:16:56,1.0,15.11,13.48,11.88,1545545,85744,5.5,0,0,0.0,1007,738,77,1.12,0.93,1.13,2.62,2484,7
2026-05-17 06:17:56,1.7,16.40,13.84,12.09,1545545,85752,5.5,0,0,0.0,1007,738,77,1.03,0.71,4.19,5.38,2473,5
2026-05-17 06:18:57,1.0,14.10,13.70,12.15,1545545,85742,5.5,0,0,0.0,1007,738,77,1.03,0.79,10.91,11.41,2473,4
2026-05-17 06:19:57,2.8,11.49,13.01,12.01,1545545,85749,5.5,0,0,0.0,1007,738,77,1.03,0.74,0.32,1.80,2472,21
2026-05-17 06:20:57,1.9,12.83,12.99,12.06,1545545,85757,5.5,0,0,0.0,1007,738,77,1.03,0.63,5.39,6.38,2472,2
2026-05-17 06:21:58,3.1,15.67,13.56,12.30,1545545,85743,5.5,0,0,0.0,1007,738,77,1.08,1.00,9.10,10.53,2476,8
2026-05-17 06:22:58,1.2,11.38,12.71,12.09,1545545,85752,5.5,0,0,0.0,1007,738,77,1.03,0.90,1.88,3.25,2475,4
2026-05-17 06:23:58,2.9,11.98,12.51,12.05,1545545,85787,5.6,0,0,0.0,1007,738,77,1.03,0.77,3.35,4.79,2472,4
2026-05-17 06:24:59,2.0,11.05,12.23,11.99,1545545,85776,5.5,0,0,0.0,1007,738,77,1.03,0.77,2.97,4.69,2472,3
2026-05-17 06:25:59,1.8,10.07,11.72,11.82,1545545,85740,5.5,0,0,0.0,1007,738,77,1.03,0.77,1.61,2.96,2476,4
2026-05-17 06:26:59,1.1,10.02,11.42,11.71,1545545,85733,5.5,0,0,0.0,1007,738,77,1.33,0.98,5.91,7.10,2480,1
2026-05-17 06:28:00,2.2,11.53,11.64,11.77,1545545,85772,5.5,0,0,0.0,1007,738,77,1.03,0.71,8.87,10.67,2493,3
2026-05-17 06:29:00,1.0,11.38,11.62,11.76,1545545,85783,5.6,0,0,0.0,1007,738,77,1.04,0.90,2.23,3.58,2496,1
2026-05-17 06:30:00,1.3,12.19,11.73,11.79,1545545,85761,5.5,0,0,0.0,1007,738,77,1.03,0.61,5.65,7.29,2491,7
2026-05-17 06:31:01,1.7,10.68,11.37,11.66,1545545,85753,5.5,0,0,0.0,1007,738,77,1.03,0.73,6.65,7.56,2482,2
2026-05-17 06:32:01,0.9,10.15,11.13,11.55,1545545,85727,5.5,0,0,0.0,1007,738,77,1.10,0.92,3.59,4.76,2475,2
2026-05-17 06:33:01,1.0,10.06,10.91,11.45,1545545,85754,5.5,0,0,0.0,1007,738,77,1.03,0.76,2.76,4.24,2469,4
2026-05-17 06:34:02,1.6,10.04,10.77,11.37,1545545,85777,5.5,0,0,0.0,1007,738,77,1.03,0.72,3.34,4.47,2470,5
2026-05-17 06:35:02,1.8,10.35,10.77,11.33,1545545,85745,5.5,0,0,0.0,1007,738,77,1.10,0.77,6.34,7.80,2481,3
2026-05-17 06:36:02,1.8,12.20,11.22,11.45,1545545,85739,5.5,0,0,0.0,1007,738,77,1.03,0.80,12.45,12.99,2489,21
2026-05-17 06:37:03,1.1,12.14,11.46,11.53,1545545,85726,5.5,0,0,0.0,1007,738,77,1.03,0.79,7.02,8.80,2478,6
2026-05-17 06:38:03,1.0,10.97,11.28,11.46,1545545,85756,5.5,0,0,0.0,1007,738,77,1.19,0.75,6.76,7.62,2487,2
2026-05-17 06:39:03,2.4,11.12,11.26,11.44,1545545,85779,5.6,0,0,0.0,1007,738,77,1.19,0.78,8.35,9.29,2476,3
2026-05-17 06:40:04,2.0,10.29,11.01,11.34,1545545,85747,5.5,0,0,0.0,1007,738,77,1.05,0.69,3.95,5.02,2456,2
2026-05-17 06:41:04,1.8,10.10,10.80,11.25,1545545,85760,5.5,0,0,0.0,1007,738,77,1.14,0.73,4.00,5.07,2462,3
2026-05-17 06:42:04,1.2,9.48,10.47,11.10,1545545,85743,5.5,0,0,0.0,1007,738,77,1.06,0.85,1.25,2.64,2456,1
2026-05-17 06:43:05,1.0,9.52,10.30,11.00,1545545,85756,5.5,0,0,0.0,1007,738,77,1.03,0.75,3.79,5.27,2451,1
2026-05-17 06:44:05,2.2,12.42,10.74,11.09,1545545,85778,5.6,0,0,0.0,1007,738,77,1.03,0.75,2.75,4.21,2459,4
2026-05-17 06:45:05,1.2,11.43,10.74,11.07,1545545,85737,5.5,0,0,0.0,1007,738,77,1.03,0.77,6.06,6.91,2470,1
2026-05-17 06:46:06,1.5,10.15,10.49,10.96,1545545,85723,5.5,0,0,0.0,1007,738,77,1.03,0.85,1.51,2.90,2463,2
2026-05-17 06:47:06,1.7,10.77,10.62,10.98,1545545,85738,5.5,0,0,0.0,1007,738,77,1.03,0.80,5.75,7.12,2477,4
2026-05-17 06:48:06,1.0,9.93,10.43,10.89,1545545,85753,5.5,0,0,0.0,1007,738,77,1.03,0.68,0.33,1.79,2477,3
2026-05-17 06:49:07,1.8,11.04,10.59,10.91,1545545,85781,5.6,0,0,0.0,1007,738,77,1.03,0.66,4.34,5.50,2480,4
2026-05-17 06:50:07,2.6,11.02,10.71,10.94,1545545,85739,5.5,0,0,0.0,1007,738,77,1.04,0.81,5.23,6.33,2467,3
2026-05-17 06:51:07,5.7,10.16,10.57,10.88,1545545,85741,5.5,0,0,0.0,1007,738,77,1.03,0.81,0.78,2.24,2478,2
2026-05-17 06:52:08,1.4,10.93,10.76,10.93,1545545,85747,5.5,0,0,0.0,1007,738,77,1.03,0.69,9.61,10.91,2475,2
2026-05-17 06:53:08,1.0,10.20,10.60,10.86,1545545,85762,5.5,0,0,0.0,1007,738,77,1.03,0.77,1.12,2.52,2476,3
2026-05-17 06:54:08,1.1,10.09,10.48,10.80,1545545,85755,5.5,0,0,0.0,1007,738,77,1.03,0.67,5.48,6.62,2472,2
2026-05-17 06:55:09,1.0,10.39,10.56,10.81,1545545,85738,5.5,0,0,0.0,1007,738,77,1.05,0.82,4.84,6.01,2479,1
2026-05-17 06:56:09,1.8,10.49,10.49,10.77,1545545,85765,5.5,0,0,0.0,1007,738,77,1.03,0.77,3.96,5.01,2474,2
2026-05-17 06:57:09,1.8,10.73,10.49,10.75,1545545,85778,5.6,0,0,0.0,1007,738,77,1.09,0.91,6.56,7.95,2466,5
2026-05-17 06:58:10,1.5,9.54,10.20,10.63,1545545,85766,5.5,0,0,0.0,1007,738,77,1.03,0.69,2.32,3.62,2474,2
2026-05-17 06:59:10,0.9,9.47,10.07,10.56,1545545,85769,5.5,0,0,0.0,1007,738,77,1.03,0.71,0.31,1.79,2481,3
2026-05-17 07:00:11,2.0,9.83,10.08,10.53,1545545,85770,5.5,0,0,0.0,1007,738,77,1.03,0.75,4.16,5.21,2474,8
2026-05-17 07:01:11,1.0,10.25,10.18,10.54,1545545,85745,5.5,0,0,0.0,1007,738,77,1.03,3.07,6.60,7.70,2476,1
2026-05-17 07:02:11,3.0,12.46,10.62,10.65,1545545,85776,5.5,0,0,0.0,1007,738,77,1.03,0.95,3.54,4.89,2475,6
2026-05-17 07:03:12,1.7,11.29,10.61,10.65,1545545,85785,5.6,0,0,0.0,1007,738,77,1.03,0.76,9.82,10.60,2480,5
2026-05-17 07:04:12,1.2,11.03,10.68,10.67,1545545,85762,5.5,0,0,0.0,1007,738,77,1.03,0.67,4.19,5.55,2478,2
2026-05-17 07:05:12,0.9,9.81,10.43,10.59,1545545,85737,5.5,0,0,0.0,1007,738,77,1.03,0.73,3.97,5.08,2469,2
2026-05-17 07:06:13,1.2,12.16,11.00,10.77,1545545,85736,5.5,0,0,0.0,1007,738,77,1.03,0.88,7.44,9.36,2484,4
2026-05-17 07:07:13,1.1,10.08,10.61,10.65,1545545,85734,5.5,0,0,0.0,1007,738,77,1.03,0.92,0.79,2.36,2498,1
2026-05-17 07:08:13,2.0,10.85,10.72,10.68,1545545,85778,5.6,0,0,0.0,1007,738,77,1.03,0.59,8.60,9.27,2493,9
2026-05-17 07:09:14,2.1,11.14,10.83,10.72,1545545,85785,5.6,0,0,0.0,1007,738,77,1.03,0.69,1.12,2.62,2485,2
2026-05-17 07:10:14,3.2,13.72,11.54,10.98,1545545,85765,5.5,0,0,0.0,1007,738,77,1.06,0.74,10.81,12.01,2503,21
2026-05-17 07:11:14,1.3,11.65,11.37,10.95,1545545,85736,5.5,0,0,0.0,1007,738,77,1.03,0.75,3.77,4.99,2479,1
2026-05-17 07:12:15,1.1,10.44,11.09,10.88,1545545,85736,5.5,0,0,0.0,1007,738,77,1.03,0.81,0.37,1.91,2474,1
2026-05-17 07:13:15,1.0,9.71,10.76,10.78,1545545,85760,5.5,0,0,0.0,1007,738,77,1.03,0.74,0.77,2.25,2472,1
2026-05-17 07:14:15,1.9,11.35,11.03,10.87,1545545,85781,5.6,0,0,0.0,1007,738,77,1.03,0.71,6.11,7.07,2473,3
2026-05-17 07:15:16,1.2,10.75,10.95,10.86,1545545,85738,5.5,0,0,0.0,1007,738,77,1.16,0.72,5.37,6.35,2466,1
2026-05-17 07:16:16,3.1,11.90,11.11,10.91,1545545,85767,5.5,0,0,0.0,1007,738,77,1.03,0.82,4.06,5.40,2480,6
2026-05-17 07:17:16,1.7,12.20,11.36,11.01,1545545,85748,5.5,0,0,0.0,1007,738,77,1.03,0.92,6.72,8.06,2488,4
2026-05-17 07:18:17,0.9,10.71,11.09,10.94,1545545,85769,5.5,0,0,0.0,1007,738,77,1.03,0.87,5.59,6.73,2477,1
2026-05-17 07:19:17,1.0,10.16,10.93,10.90,1545545,85768,5.5,0,0,0.0,1007,738,77,1.03,0.62,4.29,5.43,2488,2
2026-05-17 07:20:17,3.1,11.09,11.01,10.92,1545545,85772,5.5,0,0,0.0,1007,738,77,1.14,0.72,6.87,8.19,2489,7
2026-05-17 07:21:18,1.1,11.04,11.05,10.95,1545545,85738,5.5,0,0,0.0,1007,738,77,1.03,0.72,5.45,6.89,2481,1
2026-05-17 07:22:18,0.9,10.02,10.77,10.86,1545545,85759,5.5,0,0,0.0,1007,738,77,1.03,0.95,0.72,2.19,2464,1
2026-05-17 07:23:18,1.8,12.56,11.27,11.02,1545545,85791,5.6,0,0,0.0,1007,738,77,1.03,0.81,11.65,12.76,2478,3
2026-05-17 07:24:19,1.1,11.31,11.15,10.99,1545545,85767,5.5,0,0,0.0,1007,738,77,1.25,0.85,6.87,7.86,2470,1
2026-05-17 07:25:19,1.0,10.10,10.85,10.90,1545545,85742,5.5,0,0,0.0,1007,738,77,1.22,0.77,0.38,1.77,2465,4
2026-05-17 07:26:19,3.4,13.70,11.55,11.13,1545545,85771,5.5,0,0,0.0,1007,738,77,1.10,0.72,7.34,8.93,2469,6
2026-05-17 07:27:20,1.7,12.50,11.66,11.19,1545545,85770,5.5,0,0,0.0,1007,738,77,1.03,0.88,7.99,9.49,2475,6
2026-05-17 07:28:20,2.2,10.55,11.25,11.08,1545545,85770,5.5,0,0,0.0,1007,738,77,2.08,0.85,0.30,1.79,2471,2
2026-05-17 07:29:20,1.3,9.80,10.89,10.97,1545545,85783,5.6,0,0,0.0,1007,738,77,1.03,0.77,0.40,1.98,2478,2
2026-05-17 07:30:21,1.2,11.10,10.98,10.98,1545545,85756,5.5,0,0,0.0,1007,738,77,1.03,0.77,4.00,5.12,2464,3
2026-05-17 07:31:21,1.0,9.77,10.60,10.85,1545545,85764,5.5,0,0,0.0,1007,738,77,1.03,0.71,0.69,2.17,2467,7
2026-05-17 07:32:21,1.2,9.61,10.47,10.80,1545545,85758,5.5,0,0,0.0,1007,738,77,1.03,0.88,2.31,3.64,2457,5
2026-05-17 07:33:22,1.5,9.40,10.26,10.70,1545545,85788,5.6,0,0,0.0,1007,738,77,1.03,0.63,4.25,5.66,2465,4
2026-05-17 07:34:22,2.4,10.13,10.34,10.70,1545545,85790,5.6,0,0,0.0,1007,738,77,1.03,0.86,7.31,8.84,2470,2
2026-05-17 07:35:22,1.4,10.39,10.39,10.70,1545545,85765,5.5,0,0,0.0,1007,738,77,1.03,0.78,2.81,4.05,2476,2
2026-05-17 07:36:23,2.2,9.68,10.18,10.60,1545545,85784,5.6,0,0,0.0,1007,738,77,1.03,0.65,5.33,6.42,2471,3
2026-05-17 07:37:23,2.1,9.71,10.10,10.55,1545545,85786,5.6,0,0,0.0,1007,738,77,1.03,0.87,7.80,8.78,2479,2
2026-05-17 07:38:23,1.4,10.52,10.24,10.57,1545545,85811,5.6,0,0,0.0,1007,738,77,1.20,0.71,5.28,6.60,2487,4
2026-05-17 07:39:24,2.1,11.31,10.44,10.61,1545545,85804,5.6,0,0,0.0,1007,738,77,1.09,0.76,2.07,3.37,2483,2
2026-05-17 07:40:24,1.5,10.84,10.55,10.64,1545545,85757,5.5,0,0,0.0,1007,738,77,1.03,0.71,2.62,4.04,2491,6
2026-05-17 07:41:24,2.3,9.81,10.30,10.55,1545545,85771,5.5,0,0,0.0,1007,738,77,1.03,0.79,1.33,2.64,2486,3
2026-05-17 07:42:25,2.8,11.55,10.76,10.69,1545545,85762,5.5,0,0,0.0,1007,738,77,1.03,0.87,10.03,11.38,2485,1
2026-05-17 07:43:25,2.3,10.56,10.61,10.64,1545545,85817,5.6,0,0,0.0,1007,738,77,1.03,0.67,7.71,8.80,2479,2
2026-05-17 07:44:25,3.2,11.61,10.78,10.69,1545545,85812,5.6,0,0,0.0,1007,738,77,1.34,0.74,5.96,7.30,2496,6
2026-05-17 07:45:26,1.2,11.87,11.06,10.80,1545545,85752,5.5,0,0,0.0,1007,738,77,1.13,0.83,9.19,10.43,2494,1
2026-05-17 07:46:26,2.5,10.19,10.73,10.70,1545545,85764,5.5,0,0,0.0,1007,738,77,1.03,0.97,0.83,2.30,2516,5
2026-05-17 07:47:26,1.2,9.88,10.51,10.63,1545545,85756,5.5,0,0,0.0,1007,738,77,1.03,0.85,4.36,5.50,2505,2
2026-05-17 07:48:27,1.1,10.69,10.63,10.66,1545545,85777,5.5,0,0,0.0,1007,738,77,1.03,0.60,8.71,9.41,2501,3
2026-05-17 07:49:27,3.6,11.06,10.75,10.70,1545545,85824,5.6,0,0,0.0,1007,738,77,1.03,0.73,6.19,7.29,2498,22
2026-05-17 07:50:27,8.1,10.95,10.90,10.76,1545545,85776,5.5,0,0,0.0,1007,738,77,1.03,0.82,5.87,7.09,2493,6
2026-05-17 07:51:28,2.2,10.93,10.87,10.76,1545545,85795,5.6,0,0,0.0,1007,738,77,1.03,0.75,7.35,8.27,2494,4
2026-05-17 07:52:28,1.0,11.49,11.07,10.84,1545545,85757,5.5,0,0,0.0,1007,738,77,1.03,0.84,4.99,6.22,2505,4
2026-05-17 07:53:28,1.2,9.97,10.73,10.74,1545545,85778,5.6,0,0,0.0,1007,738,77,1.03,0.80,1.12,2.62,2497,2
2026-05-17 07:54:29,3.2,10.15,10.61,10.69,1545545,85814,5.6,0,0,0.0,1007,738,77,1.29,0.63,3.17,4.45,2496,7
2026-05-17 07:55:29,1.6,10.68,10.68,10.71,1545545,85761,5.5,0,0,0.0,1007,738,77,1.28,0.80,9.53,10.94,2489,3
2026-05-17 07:56:29,2.5,10.13,10.52,10.65,1545545,85769,5.5,0,0,0.0,1007,738,77,1.16,0.88,0.43,1.78,2479,2
2026-05-17 07:57:30,1.7,9.78,10.37,10.60,1545545,85774,5.5,0,0,0.0,1007,738,77,1.09,0.79,3.19,4.56,2493,6
2026-05-17 07:58:30,2.2,12.46,10.80,10.71,1545545,85808,5.6,0,0,0.0,1007,738,77,1.03,0.73,4.72,6.37,2503,13
2026-05-17 07:59:30,3.3,15.14,11.97,11.13,1545545,85820,5.6,0,0,0.0,1007,738,77,1.03,0.71,8.27,9.26,2507,4
2026-05-17 08:00:31,1.3,14.69,12.49,11.36,1545545,85758,5.5,0,0,0.0,1007,738,77,1.03,0.81,8.82,10.68,2482,1
2026-05-17 08:01:31,2.0,15.61,13.15,11.66,1545545,85778,5.6,0,0,0.0,1007,738,77,1.22,0.72,6.08,7.47,2493,4
2026-05-17 08:02:32,1.2,16.80,13.96,12.03,1545545,85761,5.5,0,0,0.0,1007,738,77,1.03,0.94,4.76,6.42,2499,5
2026-05-17 08:03:32,1.7,14.37,13.75,12.08,1545545,85797,5.6,0,0,0.0,1007,738,77,1.03,0.79,2.74,4.00,2481,4
2026-05-17 08:04:32,1.0,13.37,13.56,12.12,1545545,85791,5.6,0,0,0.0,1007,738,77,1.60,0.79,3.89,5.07,2488,1
2026-05-17 08:05:33,1.2,12.46,13.31,12.13,1545545,85753,5.5,0,0,0.0,1007,738,77,1.23,0.68,3.51,4.68,2491,3
2026-05-17 08:06:33,1.8,10.93,12.69,11.99,1545545,85774,5.5,0,0,0.0,1007,738,77,1.03,0.79,3.67,4.81,2483,3
2026-05-17 08:07:33,1.0,11.23,12.53,11.98,1545545,85751,5.5,0,0,0.0,1007,738,77,1.03,0.92,7.03,7.89,2500,1
2026-05-17 08:08:34,3.2,12.05,12.37,11.95,1545545,85801,5.6,0,0,0.0,1007,738,77,1.03,0.71,1.62,3.22,2503,5
2026-05-17 08:09:34,1.1,10.46,11.81,11.78,1545545,85776,5.5,0,0,0.0,1007,738,77,1.03,0.70,1.09,2.49,2495,1
2026-05-17 08:10:34,2.1,9.68,11.33,11.62,1545545,85770,5.5,0,0,0.0,1007,738,77,1.08,0.75,0.72,2.16,2507,4
2026-05-17 08:11:35,1.2,10.31,11.29,11.59,1545545,85757,5.5,0,0,0.0,1007,738,77,1.06,0.71,3.53,4.90,2500,4
2026-05-17 08:12:35,3.8,11.00,11.33,11.58,1545545,85778,5.6,0,0,0.0,1007,738,77,1.03,0.78,7.86,8.89,2482,3
2026-05-17 08:13:35,3.2,12.43,11.71,11.70,1545545,85803,5.6,0,0,0.0,1007,738,77,1.03,0.86,6.78,8.17,2495,5
2026-05-17 08:14:36,1.1,11.88,11.75,11.72,1545545,85788,5.6,0,0,0.0,1007,738,77,1.09,0.80,10.28,11.55,2492,1
2026-05-17 08:15:36,1.2,10.85,11.54,11.65,1545545,85749,5.5,0,0,0.0,1007,738,77,1.03,0.90,5.53,6.55,2483,4
2026-05-17 08:16:36,1.8,13.71,12.08,11.82,1545545,85737,5.5,0,0,0.0,1007,738,77,1.03,0.67,5.04,6.43,2483,1
2026-05-17 08:17:37,1.3,12.52,12.03,11.82,1545545,85750,5.5,0,0,0.0,1007,738,77,1.03,0.79,7.24,8.72,2472,4
2026-05-17 08:18:37,2.6,10.66,11.61,11.69,1545545,85795,5.6,0,0,0.0,1007,738,77,1.03,0.75,5.23,6.37,2469,6
2026-05-17 08:19:37,1.3,11.11,11.60,11.68,1545545,85773,5.5,0,0,0.0,1007,738,77,1.73,0.79,5.57,7.34,2465,1
2026-05-17 08:20:38,9.4,10.98,11.45,11.62,1545545,85769,5.5,0,0,0.0,1007,738,77,1.03,0.70,5.77,6.75,2478,7
2026-05-17 08:21:38,1.2,11.00,11.47,11.62,1545545,85750,5.5,0,0,0.0,1007,738,77,1.20,0.80,5.26,6.43,2492,1
2026-05-17 08:22:38,2.0,10.24,11.14,11.50,1545545,85790,5.6,0,0,0.0,1007,738,77,1.03,1.03,4.64,5.85,2483,4
2026-05-17 08:23:39,1.2,9.86,10.90,11.40,1545545,85775,5.5,0,0,0.0,1007,738,77,1.03,0.62,2.73,4.19,2485,3
2026-05-17 08:24:39,1.0,12.58,11.55,11.59,1545545,85778,5.6,0,0,0.0,1007,738,77,1.03,0.90,4.41,6.26,2483,4
2026-05-17 08:25:39,1.4,10.88,11.26,11.49,1545545,85755,5.5,0,0,0.0,1007,738,77,1.03,0.86,3.59,4.91,2480,6
2026-05-17 08:26:40,1.8,9.82,10.87,11.33,1545545,85780,5.6,0,0,0.0,1007,738,77,1.03,0.82,1.99,3.18,2480,5
2026-05-17 08:27:40,1.3,9.37,10.57,11.20,1545545,85771,5.5,0,0,0.0,1007,738,77,1.03,0.73,2.77,4.03,2484,1
2026-05-17 08:28:40,1.2,9.56,10.38,11.09,1545545,85780,5.6,0,0,0.0,1007,738,77,1.03,0.91,5.92,6.88,2486,1
2026-05-17 08:29:41,0.9,9.36,10.17,10.97,1545545,85811,5.6,0,0,0.0,1007,738,77,1.03,0.75,0.69,2.16,2493,4
2026-05-17 08:30:41,1.1,9.39,10.03,10.87,1545545,85755,5.5,0,0,0.0,1007,738,77,1.15,0.88,2.73,4.08,2480,3
2026-05-17 08:31:41,1.1,10.42,10.28,10.91,1545545,85746,5.5,0,0,0.0,1007,738,77,1.11,0.73,3.17,4.46,2469,5
2026-05-17 08:32:42,1.0,9.57,10.08,10.80,1545545,85766,5.5,0,0,0.0,1007,738,77,1.03,0.82,0.37,1.82,2465,5
2026-05-17 08:33:42,1.0,9.54,9.99,10.72,1545545,85771,5.5,0,0,0.0,1007,738,77,1.03,0.65,0.31,1.74,2458,1
2026-05-17 08:34:42,1.1,10.03,10.00,10.68,1545545,85779,5.6,0,0,0.0,1007,738,77,1.03,0.76,3.07,4.41,2463,7
2026-05-17 08:35:43,11.3,14.51,11.18,11.03,1545545,85784,5.6,0,0,0.0,1007,738,77,1.03,0.70,9.53,11.26,2487,22
2026-05-17 08:36:43,1.5,14.25,11.73,11.23,1545545,85759,5.5,0,0,0.0,1007,738,77,1.03,1.00,9.12,11.16,2492,4
2026-05-17 08:37:43,1.0,11.83,11.51,11.19,1545545,85773,5.5,0,0,0.0,1007,738,77,1.03,0.84,1.96,3.36,2490,3
2026-05-17 08:38:44,1.1,10.32,11.12,11.07,1545545,85774,5.5,0,0,0.0,1007,738,77,1.17,0.64,0.71,2.15,2492,9
2026-05-17 08:39:44,0.9,9.64,10.79,10.96,1545545,85772,5.5,0,0,0.0,1007,738,77,1.18,0.71,0.29,1.79,2481,2
2026-05-17 08:40:44,2.0,10.00,10.66,10.90,1545545,85763,5.5,0,0,0.0,1007,738,77,1.14,0.69,4.75,5.77,2463,2
2026-05-17 08:41:45,1.1,10.46,10.68,10.90,1545545,85756,5.5,0,0,0.0,1007,738,77,1.03,0.95,6.88,7.74,2467,2
2026-05-17 08:42:45,1.1,10.33,10.61,10.86,1545545,85782,5.6,0,0,0.0,1007,738,77,1.03,0.71,6.21,7.64,2494,1
2026-05-17 08:43:45,1.7,11.35,10.78,10.90,1545545,85797,5.6,0,0,0.0,1007,738,77,1.03,0.80,11.12,11.56,2482,8
2026-05-17 08:44:46,1.0,10.47,10.64,10.84,1545545,85784,5.6,0,0,0.0,1007,738,77,1.03,0.79,1.52,2.92,2489,2
2026-05-17 08:45:46,1.1,10.04,10.45,10.76,1545545,85760,5.5,0,0,0.0,1007,738,77,1.03,0.82,4.72,5.78,2483,7
2026-05-17 08:46:46,1.5,10.02,10.40,10.72,1545545,85769,5.5,0,0,0.0,1007,738,77,1.16,0.76,6.31,7.23,2465,2
2026-05-17 08:47:47,1.1,9.81,10.26,10.66,1545545,85784,5.6,0,0,0.0,1007,738,77,1.26,0.85,5.22,6.36,2445,2
2026-05-17 08:48:47,3.1,9.95,10.19,10.60,1545545,85802,5.6,0,0,0.0,1007,738,77,1.03,0.77,4.64,5.94,2454,24
2026-05-17 08:49:47,3.0,11.49,10.60,10.72,1545545,85792,5.6,0,0,0.0,1007,738,77,1.05,0.71,10.68,12.37,2464,2
2026-05-17 08:50:48,4.7,12.65,10.92,10.82,1545545,85786,5.6,0,0,0.0,1007,738,77,1.03,0.72,4.69,6.03,2473,5
2026-05-17 08:51:48,2.5,12.79,11.33,10.97,1545545,85782,5.6,0,0,0.0,1007,738,77,1.03,0.82,5.87,7.51,2487,3
2026-05-17 08:52:48,1.0,11.30,11.17,10.94,1545545,85771,5.5,0,0,0.0,1007,738,77,1.10,0.80,3.29,4.52,2491,1
2026-05-17 08:53:49,1.0,11.23,11.16,10.95,1545545,85781,5.6,0,0,0.0,1007,738,77,1.03,0.80,0.39,1.99,2488,2
2026-05-17 08:54:49,1.0,10.96,11.10,10.94,1545545,85783,5.6,0,0,0.0,1007,738,77,1.10,0.63,2.34,3.59,2474,3
2026-05-17 08:55:49,2.0,10.43,10.90,10.88,1545545,85779,5.6,0,0,0.0,1007,738,77,1.03,0.85,6.97,7.87,2458,6
2026-05-17 08:56:50,3.5,10.46,10.79,10.84,1545545,85801,5.6,0,0,0.0,1007,738,77,1.03,0.89,6.55,7.57,2464,8
2026-05-17 08:57:50,1.7,15.88,12.54,11.45,1545545,85793,5.6,0,0,0.0,1007,738,77,1.03,0.71,3.03,4.30,2469,1
2026-05-17 08:58:50,2.0,14.06,12.61,11.54,1545545,85817,5.6,0,0,0.0,1007,738,77,1.03,0.90,10.81,12.56,2489,2
2026-05-17 08:59:51,1.1,12.22,12.40,11.54,1545545,85772,5.5,0,0,0.0,1007,738,77,1.03,0.62,7.06,8.85,2487,4
2026-05-17 09:00:51,1.3,10.34,11.82,11.39,1545545,85752,5.5,0,0,0.0,1007,738,77,1.03,0.81,0.34,1.78,2493,2
2026-05-17 09:01:51,1.0,10.12,11.52,11.32,1545545,85743,5.5,0,0,0.0,1007,738,77,1.31,0.95,5.93,6.88,2484,1
2026-05-17 09:02:52,1.2,9.87,11.22,11.23,1545545,85775,5.5,0,0,0.0,1007,738,77,1.03,0.73,5.96,6.91,2483,2
2026-05-17 09:03:52,0.9,10.63,11.23,11.23,1545545,85778,5.6,0,0,0.0,1007,738,77,1.13,0.71,5.12,6.16,2477,3
2026-05-17 09:04:52,3.1,11.35,11.30,11.25,1545545,85784,5.6,0,0,0.0,1007,738,77,1.12,0.82,6.18,7.39,2476,6
2026-05-17 09:05:53,5.3,11.12,11.29,11.26,1545545,85755,5.5,0,0,0.0,1007,738,77,1.14,0.84,4.61,6.47,2479,2
2026-05-17 09:06:53,1.0,10.43,11.07,11.18,1545545,85758,5.5,0,0,0.0,1007,738,77,1.03,0.89,3.82,5.07,2482,3
2026-05-17 09:07:53,1.1,9.88,10.82,11.09,1545545,85777,5.5,0,0,0.0,1007,738,77,1.21,0.70,4.75,5.80,2478,3
2026-05-17 09:08:53,1.9,9.66,10.58,10.99,1545545,85793,5.6,0,0,0.0,1007,738,77,1.10,0.68,0.57,2.09,2473,3
2026-05-17 09:09:54,2.0,10.37,10.65,10.99,1545545,85802,5.6,0,0,0.0,1007,738,77,1.22,0.75,6.92,8.61,2482,4
2026-05-17 09:10:54,3.1,10.07,10.50,10.91,1545545,85773,5.5,0,0,0.0,1007,738,77,1.14,0.88,2.16,3.61,2487,7
2026-05-17 09:11:54,1.0,11.05,10.83,11.01,1545545,85754,5.5,0,0,0.0,1007,738,77,1.09,0.70,8.06,9.21,2482,5
2026-05-17 09:12:55,3.4,10.89,10.77,10.97,1545545,85793,5.6,0,0,0.0,1007,738,77,1.03,0.83,4.62,6.00,2483,8
2026-05-17 09:13:55,3.0,11.53,10.98,11.03,1545545,85792,5.6,0,0,0.0,1007,738,77,1.03,0.72,10.67,12.15,2473,12
2026-05-17 09:14:55,1.2,11.24,11.16,11.10,1545545,85788,5.6,0,0,0.0,1007,738,77,1.03,0.70,6.32,7.52,2458,3
2026-05-17 09:15:56,1.1,10.46,10.96,11.04,1545545,85766,5.5,0,0,0.0,1007,738,77,1.03,0.90,3.16,4.56,2468,1
2026-05-17 09:16:56,2.5,10.08,10.71,10.94,1545545,85800,5.6,0,0,0.0,1007,738,77,1.19,0.97,5.70,6.67,2481,3
2026-05-17 09:17:56,1.1,9.46,10.46,10.84,1545545,85777,5.5,0,0,0.0,1007,738,77,1.05,0.59,3.78,4.91,2484,7
2026-05-17 09:18:57,1.0,10.08,10.48,10.82,1545545,85778,5.6,0,0,0.0,1007,738,77,1.03,0.78,2.72,3.99,2487,7
2026-05-17 09:19:57,2.4,10.61,10.63,10.86,1545545,85782,5.6,0,0,0.0,1007,738,77,1.03,0.77,5.10,6.19,2490,4
2026-05-17 09:20:57,1.1,11.25,10.79,10.90,1545545,85763,5.5,0,0,0.0,1007,738,77,1.03,0.79,6.25,7.52,2481,1
2026-05-17 09:21:58,1.8,10.23,10.58,10.82,1545545,85782,5.6,0,0,0.0,1007,738,77,1.03,0.92,3.49,4.78,2469,3
2026-05-17 09:22:58,3.0,11.19,10.81,10.88,1545545,85789,5.6,0,0,0.0,1007,738,77,1.03,0.76,6.21,7.54,2475,7
2026-05-17 09:23:58,1.9,12.26,11.18,11.01,1545545,85797,5.6,0,0,0.0,1007,738,77,1.03,0.70,11.58,13.53,2473,3
2026-05-17 09:24:59,1.1,11.82,11.25,11.04,1545545,85788,5.6,0,0,0.0,1007,738,77,1.03,0.70,10.05,10.99,2479,3
2026-05-17 09:25:59,1.9,11.62,11.30,11.07,1545545,85766,5.5,0,0,0.0,1007,738,77,1.03,0.84,10.35,11.80,2473,2
2026-05-17 09:26:59,1.7,10.89,11.15,11.04,1545545,85769,5.5,0,0,0.0,1007,738,77,1.03,0.77,9.29,9.99,2484,4
2026-05-17 09:28:00,1.6,11.55,11.27,11.08,1545545,85773,5.5,0,0,0.0,1007,738,77,1.03,0.74,6.76,7.56,2483,1
2026-05-17 09:29:00,1.0,10.31,10.97,10.99,1545545,85773,5.5,0,0,0.0,1007,738,77,1.03,0.90,2.33,3.63,2488,6
2026-05-17 09:30:00,1.7,11.09,11.10,11.03,1545545,85762,5.5,0,0,0.0,1007,738,77,1.03,0.75,5.24,6.95,2486,3
2026-05-17 09:31:01,1.9,10.76,10.98,10.99,1545545,85776,5.5,0,0,0.0,1007,738,77,1.45,0.74,6.32,7.25,2493,3
2026-05-17 09:32:01,1.2,10.81,10.94,10.98,1545545,85754,5.5,0,0,0.0,1007,738,77,1.05,0.86,7.80,8.95,2488,2
2026-05-17 09:33:01,1.3,10.02,10.70,10.90,1545545,85803,5.6,0,0,0.0,1007,738,77,1.09,0.79,2.42,3.83,2491,7
2026-05-17 09:34:02,1.0,9.56,10.44,10.79,1545545,85776,5.5,0,0,0.0,1007,738,77,1.10,0.76,0.37,1.79,2490,1
2026-05-17 09:35:02,1.0,9.23,10.18,10.68,1545545,85786,5.6,0,0,0.0,1007,738,77,1.11,0.68,1.89,3.25,2490,3
2026-05-17 09:36:02,11.6,9.03,9.93,10.56,1545545,85788,5.6,0,0,0.0,1007,738,77,1.03,0.80,1.68,3.09,2489,22
2026-05-17 09:37:03,1.9,9.70,9.98,10.54,1545545,85785,5.6,0,0,0.0,1007,738,77,1.03,0.87,4.95,6.82,2484,2
2026-05-17 09:38:03,1.1,13.49,11.03,10.86,1545545,85779,5.6,0,0,0.0,1007,738,77,1.03,0.80,6.60,8.27,2477,1
2026-05-17 09:39:04,1.0,11.09,10.77,10.78,1545545,85783,5.6,0,0,0.0,1007,738,77,1.12,0.70,3.02,4.64,2487,3
2026-05-17 09:40:04,2.2,10.79,10.75,10.77,1545545,85769,5.5,0,0,0.0,1007,738,77,1.14,0.78,3.64,5.10,2489,3
2026-05-17 09:41:04,1.1,10.35,10.66,10.75,1545545,85752,5.5,0,0,0.0,1007,738,77,1.18,0.68,6.86,7.98,2492,1
2026-05-17 09:42:05,2.2,10.37,10.60,10.72,1545545,85750,5.5,0,0,0.0,1007,738,77,1.03,0.67,0.33,1.79,2497,8
2026-05-17 09:43:05,1.1,10.74,10.68,10.74,1545545,85778,5.6,0,0,0.0,1007,738,77,1.03,0.84,4.35,5.46,2491,8
2026-05-17 09:44:05,1.0,11.98,10.99,10.84,1545545,85780,5.6,0,0,0.0,1007,738,77,1.03,1.27,2.33,3.95,2475,3
2026-05-17 09:45:06,0.9,11.43,11.13,10.90,1545545,85761,5.5,0,0,0.0,1007,738,77,1.03,0.80,3.95,5.07,2477,4
2026-05-17 09:46:06,2.0,11.15,11.01,10.87,1545545,85771,5.5,0,0,0.0,1007,738,77,1.03,0.78,1.05,2.47,2474,4
2026-05-17 09:47:06,1.7,10.29,10.81,10.81,1545545,85747,5.5,0,0,0.0,1007,738,77,1.25,0.86,6.39,7.31,2488,2
2026-05-17 09:48:07,1.1,12.16,11.39,11.01,1545545,85775,5.5,0,0,0.0,1007,738,77,1.03,0.70,4.72,5.79,2484,3
2026-05-17 09:49:07,1.0,10.79,11.12,10.95,1545545,85774,5.5,0,0,0.0,1007,738,77,1.03,0.83,0.39,1.90,2489,3
2026-05-17 09:50:07,4.6,15.17,12.19,11.32,1545545,85780,5.6,0,0,0.0,1007,738,77,1.11,0.78,7.24,8.73,2478,9
2026-05-17 09:51:08,1.1,11.51,11.73,11.22,1545545,85767,5.5,0,0,0.0,1007,738,77,1.03,0.75,3.82,5.44,2477,4
2026-05-17 09:52:08,1.0,10.61,11.48,11.17,1545545,85753,5.5,0,0,0.0,1007,738,77,1.03,0.74,3.12,4.38,2477,2
2026-05-17 09:53:08,1.4,11.77,11.60,11.22,1545545,85779,5.6,0,0,0.0,1007,738,77,1.06,0.78,7.54,8.38,2482,8
2026-05-17 09:54:09,1.0,12.34,11.82,11.33,1545545,85786,5.6,0,0,0.0,1007,738,77,1.03,0.70,8.54,9.71,2489,2
2026-05-17 09:55:09,1.0,10.73,11.47,11.23,1545545,85780,5.6,0,0,0.0,1007,738,77,1.03,0.71,6.39,7.47,2486,1
2026-05-17 09:56:09,1.0,12.64,11.93,11.41,1545545,85770,5.5,0,0,0.0,1007,738,77,1.03,0.83,6.29,7.36,2492,2
2026-05-17 09:57:10,1.7,10.72,11.46,11.27,1545545,85776,5.5,0,0,0.0,1007,738,77,1.03,0.87,3.96,5.08,2491,5
2026-05-17 09:58:10,1.5,13.38,12.12,11.51,1545545,85790,5.6,0,0,0.0,1007,738,77,1.03,0.70,11.08,12.60,2483,2
2026-05-17 09:59:10,1.6,12.32,11.98,11.50,1545545,85803,5.6,0,0,0.0,1007,738,77,1.12,0.60,9.07,10.18,2478,3
2026-05-17 10:00:11,1.1,10.06,11.40,11.33,1545545,85765,5.5,0,0,0.0,1007,738,77,1.03,0.84,1.42,2.81,2479,7
2026-05-17 10:01:11,3.0,11.11,11.48,11.36,1545545,85795,5.6,0,0,0.0,1007,738,77,1.03,0.86,6.01,7.40,2479,6
2026-05-17 10:02:11,1.5,10.92,11.45,11.37,1545545,85798,5.6,0,0,0.0,1007,738,77,1.08,0.91,3.00,4.27,2482,7
2026-05-17 10:03:12,1.9,10.69,11.32,11.33,1545545,85807,5.6,0,0,0.0,1007,738,77,1.03,0.75,8.49,9.25,2484,2
2026-05-17 10:04:12,3.1,10.63,11.19,11.28,1545545,85802,5.6,0,0,0.0,1007,738,77,1.03,0.69,7.66,8.56,2465,8
2026-05-17 10:05:12,2.0,11.54,11.43,11.36,1545545,85769,5.5,0,0,0.0,1007,738,77,1.03,0.77,8.31,9.79,2471,2
2026-05-17 10:06:13,1.2,10.78,11.31,11.33,1545545,85757,5.5,0,0,0.0,1007,738,77,1.03,0.88,3.77,5.09,2465,2
2026-05-17 10:07:13,2.8,12.08,11.53,11.40,1545545,85793,5.6,0,0,0.0,1007,738,77,1.03,0.88,11.36,12.55,2482,4
2026-05-17 10:08:13,1.9,14.91,12.70,11.82,1545545,85799,5.6,0,0,0.0,1007,738,77,1.12,0.65,4.39,6.20,2490,9
2026-05-17 10:09:14,1.0,11.89,12.29,11.74,1545545,85787,5.6,0,0,0.0,1007,738,77,1.12,0.71,2.72,3.94,2503,4
2026-05-17 10:10:14,1.0,10.97,12.04,11.70,1545545,85762,5.5,0,0,0.0,1007,738,77,1.03,0.73,6.82,8.44,2495,1
2026-05-17 10:11:14,1.0,10.65,11.71,11.60,1545545,85758,5.5,0,0,0.0,1007,738,77,1.03,0.75,2.69,4.09,2510,3
2026-05-17 10:12:15,1.0,10.07,11.35,11.48,1545545,85759,5.5,0,0,0.0,1007,738,77,1.03,0.84,2.40,3.85,2489,1
2026-05-17 10:13:15,3.2,12.23,11.73,11.61,1545545,85799,5.6,0,0,0.0,1007,738,77,1.17,0.74,8.71,10.12,2488,5
2026-05-17 10:14:15,1.8,10.77,11.41,11.50,1545545,85801,5.6,0,0,0.0,1007,738,77,1.09,0.78,7.09,7.99,2482,2
2026-05-17 10:15:16,1.0,9.60,10.99,11.35,1545545,85765,5.5,0,0,0.0,1007,738,77,1.03,0.72,1.68,3.08,2483,4
2026-05-17 10:16:16,1.0,9.90,10.79,11.26,1545545,85776,5.5,0,0,0.0,1007,738,77,1.03,0.76,1.49,2.93,2480,1
2026-05-17 10:17:16,2.4,11.34,11.11,11.34,1545545,85795,5.6,0,0,0.0,1007,738,77,1.03,0.88,5.94,6.99,2483,1
2026-05-17 10:18:17,1.9,10.39,10.87,11.24,1545545,85817,5.6,0,0,0.0,1007,738,77,1.03,0.86,1.27,2.72,2476,2
2026-05-17 10:19:17,3.0,10.22,10.76,11.18,1545545,85816,5.6,0,0,0.0,1007,738,77,1.10,0.74,3.62,4.90,2470,7
2026-05-17 10:20:17,1.0,9.80,10.57,11.09,1545545,85764,5.5,0,0,0.0,1007,738,77,1.03,0.74,3.45,5.25,2469,4
2026-05-17 10:21:18,9.8,10.26,10.52,11.04,1545545,85787,5.6,0,0,0.0,1007,738,77,1.03,0.67,3.36,4.53,2472,4
2026-05-17 10:22:18,1.3,10.35,10.52,11.00,1545545,85773,5.5,0,0,0.0,1007,738,77,1.03,1.09,9.31,9.97,2472,4
2026-05-17 10:23:18,1.1,9.99,10.37,10.92,1545545,85795,5.6,0,0,0.0,1007,738,77,1.03,0.76,3.13,4.70,2478,1
2026-05-17 10:24:19,0.9,9.41,10.15,10.81,1545545,85794,5.6,0,0,0.0,1007,738,77,1.03,0.75,0.77,2.16,2479,1
2026-05-17 10:25:19,1.1,10.44,10.29,10.81,1545545,85773,5.5,0,0,0.0,1007,738,77,1.06,0.77,5.45,6.62,2481,5
2026-05-17 10:26:19,1.9,10.12,10.23,10.76,1545545,85779,5.6,0,0,0.0,1007,738,77,1.03,0.82,0.38,1.78,2472,2
2026-05-17 10:27:20,2.0,10.00,10.20,10.71,1545545,85790,5.6,0,0,0.0,1007,738,77,1.03,0.81,6.32,7.33,2478,4
2026-05-17 10:28:20,2.1,10.95,10.40,10.75,1545545,85795,5.6,0,0,0.0,1007,738,77,2.07,0.88,4.94,6.49,2476,4
2026-05-17 10:29:20,1.4,10.52,10.35,10.71,1545545,85809,5.6,0,0,0.0,1007,738,77,1.03,0.80,0.37,2.01,2478,4
2026-05-17 10:30:21,2.3,11.73,10.60,10.76,1545545,85808,5.6,0,0,0.0,1007,738,77,1.03,0.86,7.75,8.52,2485,4
2026-05-17 10:31:21,1.2,12.23,10.85,10.83,1545545,85792,5.6,0,0,0.0,1007,738,77,1.03,0.63,6.12,7.18,2487,2
2026-05-17 10:32:21,1.0,10.93,10.68,10.77,1545545,85810,5.6,0,0,0.0,1007,738,77,1.03,0.88,4.54,6.07,2484,4
2026-05-17 10:33:22,1.1,9.77,10.40,10.67,1545545,85811,5.6,0,0,0.0,1007,738,77,1.03,0.77,3.13,4.46,2478,2
2026-05-17 10:34:22,1.2,10.56,10.45,10.66,1545545,85847,5.6,0,0,0.0,1007,738,77,1.03,0.74,4.32,5.71,2474,4
2026-05-17 10:35:22,1.0,9.91,10.25,10.58,1545545,85798,5.6,0,0,0.0,1007,738,77,1.03,0.75,1.96,3.25,2465,1
2026-05-17 10:36:23,6.8,10.48,10.35,10.59,1545545,85816,5.6,0,0,0.0,1007,738,77,1.03,0.86,8.20,9.03,2475,7
2026-05-17 10:37:23,1.9,11.41,10.66,10.69,1545545,85806,5.6,0,0,0.0,1007,738,77,1.03,0.85,8.34,10.02,2487,3
2026-05-17 10:38:23,1.2,12.53,11.21,10.88,1545545,85796,5.6,0,0,0.0,1007,738,77,1.03,0.71,7.77,9.36,2479,5
2026-05-17 10:39:24,1.3,12.93,11.57,11.03,1545545,85813,5.6,0,0,0.0,1007,738,77,1.03,0.68,1.49,2.91,2485,10
2026-05-17 10:40:24,3.1,13.60,11.88,11.16,1545545,85788,5.6,0,0,0.0,1007,738,77,1.03,0.89,8.30,10.16,2477,5
2026-05-17 10:41:24,1.5,12.29,11.79,11.17,1545545,85799,5.6,0,0,0.0,1007,738,77,1.03,0.77,2.12,3.56,2484,3
2026-05-17 10:42:25,1.1,10.65,11.44,11.09,1545545,85785,5.6,0,0,0.0,1007,738,77,1.03,0.75,4.67,5.90,2470,4
2026-05-17 10:43:25,0.9,10.82,11.40,11.11,1545545,85811,5.6,0,0,0.0,1007,738,77,1.10,0.73,1.10,2.53,2481,1
2026-05-17 10:44:25,2.2,9.97,11.02,10.99,1545545,85828,5.6,0,0,0.0,1007,738,77,1.16,0.77,0.94,2.36,2489,4
2026-05-17 10:45:26,1.1,9.84,10.79,10.91,1545545,85783,5.6,0,0,0.0,1007,738,77,1.03,0.75,6.55,7.48,2498,5
2026-05-17 10:46:26,1.0,9.57,10.54,10.82,1545545,85778,5.6,0,0,0.0,1007,738,77,1.03,0.97,3.55,4.83,2493,3
2026-05-17 10:47:26,1.8,10.70,10.68,10.85,1545545,85804,5.6,0,0,0.0,1007,738,77,1.03,0.74,11.01,12.17,2505,5
2026-05-17 10:48:27,1.2,10.68,10.64,10.82,1545545,85812,5.6,0,0,0.0,1007,738,77,1.03,0.84,4.93,6.21,2493,2
2026-05-17 10:49:27,1.1,11.25,10.83,10.88,1545545,85805,5.6,0,0,0.0,1007,738,77,1.03,0.62,6.19,7.44,2500,3
2026-05-17 10:50:27,1.8,10.87,10.77,10.85,1545545,85802,5.6,0,0,0.0,1007,738,77,1.03,0.80,7.38,8.44,2493,5
2026-05-17 10:51:28,1.1,9.82,10.49,10.75,1545545,85786,5.6,0,0,0.0,1007,738,77,1.03,0.73,1.67,3.21,2476,1
2026-05-17 10:52:28,2.0,10.35,10.55,10.75,1545545,85790,5.6,0,0,0.0,1007,738,77,1.03,0.85,4.05,5.31,2477,5
2026-05-17 10:53:28,3.4,11.58,10.80,10.82,1545545,85810,5.6,0,0,0.0,1007,738,77,1.16,0.62,8.63,10.01,2477,6
2026-05-17 10:54:29,1.1,11.10,10.74,10.79,1545545,85807,5.6,0,0,0.0,1007,738,77,1.03,0.76,1.54,3.16,2474,9
2026-05-17 10:55:29,1.1,10.80,10.70,10.78,1545545,85790,5.6,0,0,0.0,1007,738,77,1.08,0.84,6.36,8.19,2481,4
2026-05-17 10:56:29,1.2,10.05,10.50,10.70,1545545,85796,5.6,0,0,0.0,1007,738,77,1.03,0.95,1.60,2.99,2488,6
2026-05-17 10:57:30,2.2,13.13,11.25,10.94,1545545,85798,5.6,0,0,0.0,1007,738,77,1.03,0.84,8.13,9.58,2485,9
2026-05-17 10:58:30,4.3,13.08,11.47,11.03,1545545,85829,5.6,0,0,0.0,1007,738,77,1.03,0.77,8.98,10.18,2488,4
2026-05-17 10:59:30,1.5,12.89,11.72,11.14,1545545,85819,5.6,0,0,0.0,1007,738,77,1.03,0.92,8.78,10.27,2498,3
2026-05-17 11:00:31,1.9,11.48,11.53,11.12,1545545,85813,5.6,0,0,0.0,1007,738,77,1.03,0.80,5.92,6.86,2493,7
2026-05-17 11:01:31,1.1,10.17,11.11,10.99,1545545,85795,5.6,0,0,0.0,1007,738,77,1.03,3.23,1.57,2.94,2491,1
2026-05-17 11:02:31,2.2,10.14,10.89,10.92,1545545,85812,5.6,0,0,0.0,1007,738,77,1.03,0.94,4.47,5.70,2487,2
2026-05-17 11:03:32,1.1,11.78,11.30,11.06,1545545,85813,5.6,0,0,0.0,1007,738,77,1.03,0.72,9.81,11.59,2484,4
2026-05-17 11:04:32,1.2,9.65,10.78,10.90,1545545,85796,5.6,0,0,0.0,1007,738,77,1.03,0.75,0.31,1.73,2480,6
2026-05-17 11:05:32,1.2,10.75,10.87,10.92,1545545,85798,5.6,0,0,0.0,1007,738,77,1.03,0.80,4.59,6.16,2480,8
2026-05-17 11:06:33,1.1,10.05,10.64,10.84,1545545,85772,5.5,0,0,0.0,1007,738,77,1.03,0.92,0.31,1.79,2466,1
2026-05-17 11:07:33,1.1,10.37,10.64,10.83,1545545,85787,5.6,0,0,0.0,1007,738,77,1.03,0.73,1.49,2.94,2484,3
2026-05-17 11:08:33,2.0,10.50,10.60,10.80,1545545,85821,5.6,0,0,0.0,1007,738,77,1.03,0.84,1.70,3.26,2481,10
2026-05-17 11:09:34,1.1,10.23,10.56,10.78,1545545,85809,5.6,0,0,0.0,1007,738,77,1.03,0.68,5.43,6.44,2474,1
2026-05-17 11:10:34,1.0,9.62,10.30,10.67,1545545,85774,5.5,0,0,0.0,1007,738,77,1.03,0.80,5.98,6.88,2472,2
2026-05-17 11:11:34,1.1,9.90,10.27,10.64,1545545,85789,5.6,0,0,0.0,1007,738,77,1.03,0.61,3.16,4.37,2488,2
2026-05-17 11:12:35,1.4,10.94,10.51,10.70,1545545,85793,5.6,0,0,0.0,1007,738,77,1.03,0.88,11.26,12.45,2475,6
2026-05-17 11:13:35,2.0,11.07,10.63,10.73,1545545,85832,5.6,0,0,0.0,1007,738,77,1.03,0.78,5.63,7.13,2475,4
2026-05-17 11:14:35,1.2,11.13,10.75,10.77,1545545,85811,5.6,0,0,0.0,1007,738,77,1.03,0.69,8.84,9.82,2493,9
2026-05-17 11:15:36,3.0,11.98,10.96,10.83,1545545,85810,5.6,0,0,0.0,1007,738,77,1.03,0.87,8.25,9.64,2500,4
2026-05-17 11:16:36,1.6,10.91,10.84,10.80,1545545,85790,5.6,0,0,0.0,1007,738,77,1.03,0.84,7.01,7.84,2485,1
2026-05-17 11:17:37,1.2,10.81,10.80,10.79,1545545,85786,5.6,0,0,0.0,1007,738,77,1.03,0.84,7.79,8.97,2497,6
2026-05-17 11:18:37,1.2,10.12,10.60,10.72,1545545,85823,5.6,0,0,0.0,1007,738,77,1.03,0.67,3.92,5.10,2479,2
2026-05-17 11:19:37,1.2,10.62,10.70,10.75,1545545,85828,5.6,0,0,0.0,1007,738,77,1.03,0.80,2.37,3.87,2480,1
2026-05-17 11:20:38,2.0,10.77,10.69,10.74,1545545,85815,5.6,0,0,0.0,1007,738,77,1.03,0.77,6.44,7.34,2475,8
2026-05-17 11:21:38,2.1,10.18,10.50,10.67,1545545,85786,5.6,0,0,0.0,1007,738,77,1.03,0.72,5.35,6.88,2467,3
2026-05-17 11:22:38,2.9,11.02,10.64,10.70,1545545,85821,5.6,0,0,0.0,1007,738,77,1.03,0.93,9.82,10.86,2462,7
2026-05-17 11:23:39,3.0,16.13,11.88,11.11,1545545,85842,5.6,0,0,0.0,1007,738,77,1.03,0.77,8.02,10.40,2490,3
2026-05-17 11:24:39,1.2,13.20,11.91,11.17,1545545,85828,5.6,0,0,0.0,1007,738,77,1.03,0.86,6.50,8.83,2483,5
2026-05-17 11:25:39,1.2,11.78,11.67,11.13,1545545,85793,5.6,0,0,0.0,1007,738,77,1.03,0.76,0.36,1.86,2485,1
2026-05-17 11:26:39,1.8,10.38,11.30,11.03,1545545,85806,5.6,0,0,0.0,1007,738,77,1.04,0.89,1.27,2.63,2497,7
2026-05-17 11:27:40,1.5,10.45,11.16,11.00,1545545,85781,5.6,0,0,0.0,1007,738,77,1.03,0.79,5.43,6.53,2482,1
2026-05-17 11:28:40,1.2,14.53,12.29,11.40,1545545,85814,5.6,0,0,0.0,1007,738,77,1.12,0.76,5.27,6.90,2474,4
2026-05-17 11:29:40,1.2,11.46,11.80,11.29,1545545,85803,5.6,0,0,0.0,1007,738,77,1.03,0.82,0.31,1.78,2458,3
2026-05-17 11:30:41,1.0,11.99,11.86,11.34,1545545,85789,5.6,0,0,0.0,1007,738,77,1.05,0.81,6.42,7.46,2466,2
2026-05-17 11:31:41,1.0,11.38,11.75,11.33,1545545,85785,5.6,0,0,0.0,1007,738,77,1.03,0.84,2.37,3.61,2474,3
2026-05-17 11:32:41,1.3,10.01,11.26,11.19,1545545,85798,5.6,0,0,0.0,1007,738,77,1.03,0.76,0.35,1.81,2476,3
2026-05-17 11:33:42,3.4,16.79,12.78,11.70,1545545,85816,5.6,0,0,0.0,1007,738,77,1.03,0.69,9.20,10.22,2473,26
2026-05-17 11:34:42,1.1,13.63,12.71,11.75,1545545,85807,5.6,0,0,0.0,1007,738,77,1.03,0.67,2.40,3.94,2485,7
2026-05-17 11:35:42,0.9,13.15,12.69,11.80,1545545,85788,5.6,0,0,0.0,1007,738,77,1.03,0.90,4.90,6.52,2486,5
2026-05-17 11:36:43,1.0,10.40,11.99,11.62,1545545,85789,5.6,0,0,0.0,1007,738,77,1.03,0.96,3.23,4.52,2478,3
2026-05-17 11:37:43,0.9,9.81,11.56,11.49,1545545,85800,5.6,0,0,0.0,1007,738,77,1.03,0.69,0.74,2.18,2478,5
2026-05-17 11:38:43,1.7,11.32,11.57,11.50,1545545,85827,5.6,0,0,0.0,1007,738,77,1.03,0.71,6.16,7.34,2470,3
2026-05-17 11:39:44,1.4,9.76,11.08,11.33,1545545,85816,5.6,0,0,0.0,1007,738,77,1.03,0.78,2.41,3.72,2467,2
2026-05-17 11:40:44,1.7,9.61,10.81,11.22,1545545,85804,5.6,0,0,0.0,1007,738,77,1.03,0.67,2.82,4.06,2457,3
2026-05-17 11:41:44,2.1,16.86,12.55,11.78,1545545,85806,5.6,0,0,0.0,1007,738,77,1.03,0.96,6.27,7.23,2451,4
2026-05-17 11:42:45,1.0,12.10,11.95,11.62,1545545,85804,5.6,0,0,0.0,1007,738,77,1.03,0.77,1.70,3.14,2460,3
2026-05-17 11:43:45,3.3,12.27,12.06,11.68,1545545,85826,5.6,0,0,0.0,1007,738,77,1.03,0.75,10.60,12.00,2484,4
2026-05-17 11:44:45,1.1,10.70,11.64,11.56,1545545,85811,5.6,0,0,0.0,1007,738,77,1.03,0.74,2.90,4.12,2486,1
2026-05-17 11:45:46,1.0,10.41,11.39,11.48,1545545,85780,5.6,0,0,0.0,1007,738,77,1.03,0.87,8.15,9.30,2490,1
2026-05-17 11:46:46,1.3,9.85,11.03,11.35,1545545,85822,5.6,0,0,0.0,1007,738,77,1.29,0.88,3.56,4.74,2481,5
2026-05-17 11:47:46,3.1,12.07,11.35,11.43,1545545,85824,5.6,0,0,0.0,1007,738,77,1.24,0.80,11.97,13.31,2484,6
2026-05-17 11:48:47,1.3,13.51,11.96,11.64,1545545,85813,5.6,0,0,0.0,1007,738,77,1.34,0.71,8.66,10.92,2480,4
2026-05-17 11:49:47,1.0,11.56,11.68,11.56,1545545,85822,5.6,0,0,0.0,1007,738,77,1.05,0.72,5.09,6.23,2476,20
2026-05-17 11:50:47,11.2,13.77,12.18,11.73,1545545,85801,5.6,0,0,0.0,1007,738,77,1.03,0.73,11.99,14.07,2477,3
2026-05-17 11:51:48,1.0,12.81,12.27,11.80,1545545,85796,5.6,0,0,0.0,1007,738,77,1.03,0.83,4.79,5.99,2473,5
2026-05-17 11:52:48,1.0,12.19,12.11,11.77,1545545,85810,5.6,0,0,0.0,1007,738,77,1.03,0.88,4.72,5.85,2467,5
2026-05-17 11:53:48,1.3,10.63,11.66,11.63,1545545,85811,5.6,0,0,0.0,1007,738,77,1.03,0.76,2.77,4.28,2467,7
2026-05-17 11:54:49,1.6,10.59,11.50,11.58,1545545,85833,5.6,0,0,0.0,1007,738,77,1.03,0.64,4.81,6.41,2475,2
2026-05-17 11:55:49,1.1,11.44,11.65,11.63,1545545,85786,5.6,0,0,0.0,1007,738,77,1.03,0.77,10.30,11.27,2475,10
2026-05-17 11:56:49,1.2,10.21,11.25,11.50,1545545,85811,5.6,0,0,0.0,1007,738,77,1.03,0.88,0.45,1.80,2485,3
2026-05-17 11:57:50,1.5,11.21,11.37,11.52,1545545,85822,5.6,0,0,0.0,1007,738,77,1.03,0.68,5.89,6.90,2489,1
2026-05-17 11:58:50,1.0,10.20,11.03,11.39,1545545,85818,5.6,0,0,0.0,1007,738,77,1.03,0.73,0.81,2.35,2484,1
2026-05-17 11:59:50,1.8,9.81,10.78,11.28,1545545,85823,5.6,0,0,0.0,1007,738,77,1.03,0.80,2.57,3.81,2483,3
2026-05-17 12:00:51,1.1,10.37,10.81,11.26,1545545,85793,5.6,0,0,0.0,1007,738,77,1.03,0.88,4.70,6.20,2476,3
2026-05-17 12:01:51,3.1,11.60,11.09,11.33,1545545,85811,5.6,0,0,0.0,1007,738,77,1.03,0.90,10.94,12.78,2486,9
2026-05-17 12:02:51,3.0,12.70,11.48,11.45,1545545,85832,5.6,0,0,0.0,1007,738,77,1.03,0.83,10.40,12.47,2487,7
2026-05-17 12:03:52,1.1,12.42,11.71,11.53,1545545,85823,5.6,0,0,0.0,1007,738,77,1.03,0.80,7.20,8.52,2486,1
2026-05-17 12:04:52,1.9,11.04,11.42,11.44,1545545,85815,5.6,0,0,0.0,1007,738,77,1.03,0.93,6.98,8.25,2491,2
2026-05-17 12:05:52,11.4,10.43,11.16,11.35,1545545,85823,5.6,0,0,0.0,1007,738,77,1.47,0.64,3.30,4.54,2494,22
2026-05-17 12:06:53,1.0,10.63,11.13,11.33,1545545,85801,5.6,0,0,0.0,1007,738,77,1.21,0.93,9.91,10.50,2478,1
2026-05-17 12:07:53,2.0,10.05,10.87,11.23,1545545,85840,5.6,0,0,0.0,1007,738,77,1.09,0.77,7.10,7.99,2476,3
2026-05-17 12:08:53,1.1,10.58,10.93,11.22,1545545,85821,5.6,0,0,0.0,1007,738,77,1.05,0.72,5.94,6.98,2479,2
2026-05-17 12:09:54,1.1,10.28,10.75,11.14,1545545,85832,5.6,0,0,0.0,1007,738,77,1.03,0.82,1.11,2.52,2472,2
2026-05-17 12:10:54,1.1,10.96,10.93,11.18,1545545,85803,5.6,0,0,0.0,1007,738,77,1.03,0.74,5.19,6.37,2480,4
2026-05-17 12:11:54,1.2,10.83,10.86,11.14,1545545,85805,5.6,0,0,0.0,1007,738,77,1.03,0.79,0.82,2.18,2474,2
2026-05-17 12:12:55,2.1,11.18,11.02,11.18,1545545,85841,5.6,0,0,0.0,1007,738,77,1.03,0.73,1.63,3.02,2463,3
2026-05-17 12:13:55,1.1,10.71,10.96,11.15,1545545,85828,5.6,0,0,0.0,1007,738,77,1.03,0.77,7.40,9.25,2468,5
2026-05-17 12:14:55,1.4,9.77,10.63,11.02,1545545,85819,5.6,0,0,0.0,1007,738,77,1.03,0.67,1.49,2.89,2481,5
2026-05-17 12:15:56,1.3,9.74,10.47,10.94,1545545,85808,5.6,0,0,0.0,1007,738,77,1.03,0.88,0.37,1.98,2476,2
2026-05-17 12:16:56,1.4,9.51,10.29,10.85,1545545,85846,5.6,0,0,0.0,1007,738,77,1.03,0.95,0.37,1.78,2479,4
2026-05-17 12:17:56,1.8,9.54,10.18,10.78,1545545,85842,5.6,0,0,0.0,1007,738,77,1.03,0.68,1.59,2.98,2484,2
2026-05-17 12:18:57,1.9,11.80,10.81,10.96,1545545,85840,5.6,0,0,0.0,1007,738,77,1.03,0.75,9.96,11.38,2479,3
2026-05-17 12:19:57,2.6,13.11,11.33,11.13,1545545,85836,5.6,0,0,0.0,1007,738,77,1.03,0.61,9.10,10.86,2477,2
2026-05-17 12:20:57,2.7,11.74,11.21,11.10,1545545,85809,5.6,0,0,0.0,1007,738,77,1.03,0.76,2.20,3.65,2472,4
2026-05-17 12:21:58,1.9,11.63,11.28,11.13,1545545,85828,5.6,0,0,0.0,1007,738,77,1.03,1.11,7.54,8.48,2477,3
2026-05-17 12:22:58,1.8,12.33,11.50,11.21,1545545,85830,5.6,0,0,0.0,1007,738,77,1.03,0.91,11.46,12.62,2482,5
2026-05-17 12:23:58,1.2,11.52,11.49,11.23,1545545,85809,5.6,0,0,0.0,1007,738,77,1.16,0.60,5.33,7.01,2483,4
2026-05-17 12:24:59,2.0,10.77,11.30,11.18,1545545,85839,5.6,0,0,0.0,1007,738,77,1.03,0.82,6.21,7.16,2479,3
2026-05-17 12:25:59,1.9,10.37,11.10,11.12,1545545,85813,5.6,0,0,0.0,1007,738,77,1.03,0.79,8.02,8.82,2481,3
2026-05-17 12:26:59,1.1,10.40,11.01,11.09,1545545,85797,5.6,0,0,0.0,1007,738,77,1.31,0.96,5.98,7.07,2475,3
2026-05-17 12:28:00,1.5,10.97,11.09,11.11,1545545,85815,5.6,0,0,0.0,1007,738,77,1.15,0.77,6.86,8.67,2481,1
2026-05-17 12:29:00,3.0,14.43,11.80,11.34,1545545,85844,5.6,0,0,0.0,1007,738,77,1.03,0.86,5.84,7.53,2475,7
2026-05-17 12:30:00,1.4,12.20,11.67,11.33,1545545,85811,5.6,0,0,0.0,1007,738,77,1.03,0.73,6.48,8.49,2475,2
2026-05-17 12:31:01,1.7,11.57,11.57,11.31,1545545,85834,5.6,0,0,0.0,1007,738,77,1.03,0.74,6.27,7.71,2478,4
2026-05-17 12:32:01,1.1,10.89,11.47,11.29,1545545,85800,5.6,0,0,0.0,1007,738,77,1.64,0.91,5.82,6.76,2473,1
2026-05-17 12:33:01,1.0,10.97,11.38,11.27,1545545,85817,5.6,0,0,0.0,1007,738,77,1.43,0.82,7.63,8.60,2467,2
2026-05-17 12:34:02,3.0,13.14,11.92,11.47,1545545,85846,5.6,0,0,0.0,1007,738,77,1.14,0.74,11.13,12.19,2468,5
2026-05-17 12:35:02,1.0,11.58,11.72,11.43,1545545,85819,5.6,0,0,0.0,1007,738,77,1.03,0.66,6.83,7.90,2475,6
2026-05-17 12:36:02,2.2,12.75,11.97,11.53,1545545,85817,5.6,0,0,0.0,1007,738,77,1.18,0.82,8.45,9.45,2479,2
2026-05-17 12:37:03,3.1,10.98,11.61,11.43,1545545,85800,5.6,0,0,0.0,1007,738,77,1.07,0.82,2.12,3.47,2484,2
2026-05-17 12:38:03,1.2,10.72,11.48,11.40,1545545,85809,5.6,0,0,0.0,1007,738,77,1.20,0.70,6.04,7.87,2484,2
2026-05-17 12:39:03,1.2,10.46,11.29,11.34,1545545,85821,5.6,0,0,0.0,1007,738,77,1.20,0.75,0.78,2.37,2479,3
2026-05-17 12:40:04,2.9,10.71,11.17,11.29,1545545,85827,5.6,0,0,0.0,1007,738,77,1.14,0.79,5.24,6.50,2473,8
2026-05-17 12:41:04,1.0,10.14,10.99,11.22,1545545,85800,5.6,0,0,0.0,1007,738,77,1.09,0.68,3.68,5.18,2482,1
2026-05-17 12:42:04,3.1,10.69,10.94,11.19,1545545,85832,5.6,0,0,0.0,1007,738,77,1.09,0.87,5.72,7.36,2480,7
2026-05-17 12:43:05,2.0,12.02,11.21,11.26,1545545,85842,5.6,0,0,0.0,1007,738,77,1.03,0.67,9.24,9.89,2483,2
2026-05-17 12:44:05,1.3,10.06,10.83,11.13,1545545,85845,5.6,0,0,0.0,1007,738,77,1.03,0.81,2.25,3.77,2480,3
2026-05-17 12:45:05,1.2,9.80,10.61,11.03,1545545,85811,5.6,0,0,0.0,1007,738,77,1.03,0.87,0.35,1.77,2464,5
2026-05-17 12:46:06,2.1,9.96,10.50,10.97,1545545,85827,5.6,0,0,0.0,1007,738,77,1.37,0.77,2.14,3.49,2464,2
2026-05-17 12:47:06,1.2,9.70,10.34,10.88,1545545,85837,5.6,0,0,0.0,1007,738,77,1.21,0.78,1.29,2.70,2468,1
2026-05-17 12:48:06,1.1,18.58,12.00,11.37,1545545,85846,5.6,0,0,0.0,1007,738,77,1.03,0.73,1.13,2.54,2466,1
2026-05-17 12:49:07,1.0,13.01,11.56,11.26,1545545,85831,5.6,0,0,0.0,1007,738,77,1.07,0.73,5.46,6.66,2472,3
2026-05-17 12:50:07,1.2,11.89,11.55,11.28,1545545,85832,5.6,0,0,0.0,1007,738,77,1.03,0.84,8.34,9.45,2487,1
2026-05-17 12:51:07,1.2,14.88,12.72,11.70,1545545,85798,5.6,0,0,0.0,1007,738,77,1.14,0.64,0.34,1.80,2474,2
2026-05-17 12:52:08,1.0,11.67,12.20,11.59,1545545,85800,5.6,0,0,0.0,1007,738,77,1.07,0.84,0.36,1.83,2479,1
2026-05-17 12:53:08,7.4,11.24,11.93,11.53,1545545,85845,5.6,0,0,0.0,1007,738,77,1.69,0.70,6.04,7.75,2481,6
2026-05-17 12:54:08,1.1,10.35,11.57,11.44,1545545,85823,5.6,0,0,0.0,1007,738,77,1.03,0.76,6.34,7.35,2491,3
2026-05-17 12:55:09,1.8,13.11,11.89,11.54,1545545,85824,5.6,0,0,0.0,1007,738,77,1.11,0.68,3.87,5.04,2479,2
2026-05-17 12:56:09,1.1,10.93,11.52,11.43,1545545,85818,5.6,0,0,0.0,1007,738,77,1.03,0.90,8.92,9.73,2490,6
2026-05-17 12:57:09,1.2,11.50,11.56,11.45,1545545,85815,5.6,0,0,0.0,1007,738,77,1.03,0.86,5.44,6.72,2486,1
2026-05-17 12:58:10,1.5,10.17,11.18,11.33,1545545,85828,5.6,0,0,0.0,1007,738,77,1.03,0.70,4.75,5.83,2488,1
2026-05-17 12:59:10,1.0,9.70,10.87,11.21,1545545,85837,5.6,0,0,0.0,1007,738,77,1.03,0.66,7.15,7.93,2489,3
2026-05-17 13:00:10,1.2,9.45,10.58,11.09,1545545,85812,5.6,0,0,0.0,1007,738,77,1.03,0.74,0.32,1.79,2488,2
2026-05-17 13:01:11,1.8,10.38,10.66,11.08,1545545,85842,5.6,0,0,0.0,1007,738,77,1.03,3.06,9.58,11.13,2482,4
2026-05-17 13:02:11,1.0,11.31,10.81,11.11,1545545,85832,5.6,0,0,0.0,1007,738,77,1.03,0.91,10.40,11.18,2486,6
2026-05-17 13:03:11,1.0,9.74,10.48,10.97,1545545,85837,5.6,0,0,0.0,1007,738,77,1.05,0.66,0.34,1.77,2479,2
2026-05-17 13:04:12,1.2,9.77,10.30,10.88,1545545,85836,5.6,0,0,0.0,1007,738,77,1.03,0.75,3.90,5.11,2480,6
2026-05-17 13:05:12,1.0,9.92,10.23,10.81,1545545,85817,5.6,0,0,0.0,1007,738,77,1.03,0.75,3.88,5.16,2474,3
2026-05-17 13:06:12,1.2,9.42,10.05,10.71,1545545,85813,5.6,0,0,0.0,1007,738,77,1.03,0.80,0.31,1.78,2480,1
2026-05-17 13:07:13,1.0,8.95,9.80,10.58,1545545,85819,5.6,0,0,0.0,1007,738,77,1.03,0.88,1.62,3.12,2485,2
2026-05-17 13:08:13,1.8,9.04,9.67,10.49,1545545,85820,5.6,0,0,0.0,1007,738,77,1.03,0.76,3.96,5.09,2485,1
2026-05-17 13:09:13,1.0,18.75,11.81,11.14,1545545,85851,5.6,0,0,0.0,1007,738,77,1.03,0.63,6.58,7.92,2489,5
2026-05-17 13:10:14,2.0,14.31,11.76,11.17,1545545,85843,5.6,0,0,0.0,1007,738,77,1.03,0.76,7.45,8.88,2486,5
2026-05-17 13:11:14,1.1,11.60,11.45,11.10,1545545,85810,5.6,0,0,0.0,1007,738,77,1.03,0.68,2.99,4.17,2477,4
2026-05-17 13:12:14,1.0,11.00,11.38,11.10,1545545,85818,5.6,0,0,0.0,1007,738,77,1.03,0.86,3.97,5.21,2468,3
2026-05-17 13:13:15,1.0,10.79,11.31,11.09,1545545,85842,5.6,0,0,0.0,1007,738,77,1.14,0.79,0.78,2.26,2466,5
2026-05-17 13:14:15,1.9,14.75,12.11,11.37,1545545,85864,5.6,0,0,0.0,1007,738,77,1.03,0.71,2.10,3.44,2471,8
2026-05-17 13:15:15,1.2,14.90,12.70,11.62,1545545,85813,5.6,0,0,0.0,1007,738,77,1.03,0.84,7.30,8.21,2478,1
2026-05-17 13:16:16,1.2,15.34,13.46,11.96,1545545,85806,5.6,0,0,0.0,1007,738,77,1.24,0.71,4.66,5.88,2481,6
2026-05-17 13:17:16,2.0,13.35,13.14,11.94,1545545,85856,5.6,0,0,0.0,1007,738,77,1.17,0.90,4.31,5.44,2484,2
2026-05-17 13:18:16,1.3,13.67,13.37,12.10,1545545,85820,5.6,0,0,0.0,1007,738,77,1.03,0.79,7.26,8.23,2476,4
2026-05-17 13:19:17,1.3,12.39,12.99,12.04,1545545,85837,5.6,0,0,0.0,1007,738,77,1.03,0.77,4.71,5.91,2468,3
2026-05-17 13:20:17,3.5,10.47,12.32,11.87,1545545,85821,5.6,0,0,0.0,1007,738,77,1.03,0.70,3.47,4.65,2463,22
2026-05-17 13:21:17,1.2,11.07,12.28,11.89,1545545,85803,5.6,0,0,0.0,1007,738,77,1.03,0.70,5.54,7.66,2482,4
2026-05-17 13:22:18,1.0,10.45,11.85,11.77,1545545,85812,5.6,0,0,0.0,1007,738,77,1.03,1.00,1.55,2.91,2494,6
2026-05-17 13:23:18,1.8,11.45,11.96,11.81,1545545,85851,5.6,0,0,0.0,1007,738,77,1.64,0.83,6.65,7.90,2501,3
2026-05-17 13:24:18,1.3,16.59,13.03,12.17,1545545,85835,5.6,0,0,0.0,1007,738,77,1.03,0.76,0.42,1.97,2498,1
2026-05-17 13:25:19,1.0,11.60,12.25,11.95,1545545,85813,5.6,0,0,0.0,1007,738,77,1.24,0.61,0.33,1.78,2501,4
2026-05-17 13:26:19,1.2,11.11,12.01,11.89,1545545,85813,5.6,0,0,0.0,1007,738,77,1.09,0.77,2.65,4.12,2489,6
2026-05-17 13:27:19,2.0,10.62,11.81,11.84,1545545,85824,5.6,0,0,0.0,1007,738,77,1.03,0.87,3.53,4.78,2476,11
2026-05-17 13:28:20,2.2,9.61,11.29,11.65,1545545,85827,5.6,0,0,0.0,1007,738,77,2.07,0.66,0.33,1.77,2476,7
2026-05-17 13:29:20,1.2,9.35,10.88,11.48,1545545,85844,5.6,0,0,0.0,1007,738,77,1.03,0.96,2.05,3.47,2473,7
2026-05-17 13:30:20,2.2,9.78,10.71,11.38,1545545,85845,5.6,0,0,0.0,1007,738,77,1.03,0.83,1.80,3.18,2474,4
2026-05-17 13:31:21,1.1,10.67,10.93,11.43,1545545,85824,5.6,0,0,0.0,1007,738,77,1.28,0.64,5.42,7.06,2487,4
2026-05-17 13:32:21,1.8,12.79,11.50,11.59,1545545,85839,5.6,0,0,0.0,1007,738,77,1.03,0.82,7.73,9.52,2481,3
2026-05-17 13:33:21,1.5,10.58,11.11,11.45,1545545,85846,5.6,0,0,0.0,1007,738,77,1.04,0.74,0.98,2.53,2489,1
2026-05-17 13:34:22,1.0,9.32,10.66,11.27,1545545,85846,5.6,0,0,0.0,1007,738,77,1.03,0.73,0.35,1.77,2490,6
2026-05-17 13:35:22,1.3,9.02,10.35,11.13,1545545,85829,5.6,0,0,0.0,1007,738,77,1.05,0.83,1.19,2.71,2486,1
2026-05-17 13:36:22,1.0,9.46,10.25,11.04,1545545,85826,5.6,0,0,0.0,1007,738,77,1.12,0.83,1.90,3.34,2476,2
2026-05-17 13:37:23,1.2,10.60,10.42,11.05,1545545,85833,5.6,0,0,0.0,1007,738,77,1.03,0.87,4.73,5.86,2473,5
2026-05-17 13:38:23,1.1,10.30,10.37,10.99,1545545,85869,5.6,0,0,0.0,1007,738,77,1.03,0.69,9.95,10.54,2464,2
2026-05-17 13:39:23,1.2,10.37,10.46,10.98,1545545,85858,5.6,0,0,0.0,1007,738,77,1.03,0.70,4.52,6.26,2458,1
2026-05-17 13:40:24,3.2,9.99,10.34,10.91,1545545,85828,5.6,0,0,0.0,1007,738,77,1.03,0.88,5.59,6.71,2473,6
2026-05-17 13:41:24,1.1,9.47,10.12,10.80,1545545,85839,5.6,0,0,0.0,1007,738,77,1.03,0.73,0.85,2.26,2477,6
2026-05-17 13:42:24,1.4,10.03,10.14,10.76,1545545,85826,5.6,0,0,0.0,1007,738,77,1.03,0.84,4.25,5.64,2471,4
2026-05-17 13:43:25,1.2,9.87,10.10,10.71,1545545,85842,5.6,0,0,0.0,1007,738,77,1.03,0.74,4.93,6.44,2482,5
2026-05-17 13:44:25,1.0,11.25,10.56,10.84,1545545,85856,5.6,0,0,0.0,1007,738,77,1.05,0.73,6.30,7.34,2485,6
2026-05-17 13:45:25,3.3,10.86,10.58,10.82,1545545,85855,5.6,0,0,0.0,1007,738,77,1.19,0.86,6.58,7.70,2476,6
2026-05-17 13:46:26,1.2,10.02,10.41,10.75,1545545,85824,5.6,0,0,0.0,1007,738,77,1.11,0.96,5.27,6.44,2486,1
2026-05-17 13:47:26,1.5,9.91,10.32,10.70,1545545,85838,5.6,0,0,0.0,1007,738,77,1.03,0.78,0.71,2.20,2490,3
2026-05-17 13:48:26,1.2,10.21,10.41,10.71,1545545,85846,5.6,0,0,0.0,1007,738,77,1.03,0.72,5.81,7.08,2481,1
2026-05-17 13:49:27,2.0,10.02,10.29,10.65,1545545,85876,5.6,0,0,0.0,1007,738,77,1.03,0.71,2.19,3.51,2480,3
2026-05-17 13:50:27,3.6,10.66,10.41,10.66,1545545,85868,5.6,0,0,0.0,1007,738,77,1.03,0.76,7.12,8.61,2492,2
2026-05-17 13:51:27,1.1,10.90,10.59,10.71,1545545,85839,5.6,0,0,0.0,1007,738,77,1.03,0.68,8.02,9.69,2486,2
2026-05-17 13:52:28,1.7,9.84,10.36,10.62,1545545,85839,5.6,0,0,0.0,1007,738,77,1.03,0.98,4.13,5.29,2489,3
2026-05-17 13:53:28,1.3,10.49,10.47,10.65,1545545,85868,5.6,0,0,0.0,1007,738,77,1.03,0.68,6.24,7.15,2511,1
2026-05-17 13:54:28,1.3,12.35,10.93,10.79,1545545,85886,5.6,0,0,0.0,1007,738,77,1.03,0.73,8.47,10.02,2503,2
2026-05-17 13:55:29,1.2,10.39,10.62,10.69,1545545,85838,5.6,0,0,0.0,1007,738,77,1.10,0.68,0.36,1.78,2498,3
2026-05-17 13:56:29,1.3,10.31,10.50,10.64,1545545,85858,5.6,0,0,0.0,1007,738,77,1.03,0.86,1.98,3.26,2484,1
2026-05-17 13:57:30,2.7,13.17,11.15,10.85,1545545,85876,5.6,0,0,0.0,1007,738,77,1.03,0.90,10.23,11.40,2488,17
2026-05-17 13:58:30,1.7,11.63,11.08,10.84,1545545,85865,5.6,0,0,0.0,1007,738,77,1.12,0.64,6.34,7.35,2464,1
2026-05-17 13:59:30,2.3,11.12,11.02,10.83,1545545,85876,5.6,0,0,0.0,1007,738,77,1.03,0.71,7.13,8.00,2482,2
2026-05-17 14:00:31,1.0,10.25,10.79,10.77,1545545,85841,5.6,0,0,0.0,1007,738,77,1.03,0.75,2.72,4.01,2486,2
2026-05-17 14:01:31,1.7,11.31,10.96,10.82,1545545,85852,5.6,0,0,0.0,1007,738,77,1.03,5.38,3.50,4.68,2471,3
2026-05-17 14:02:31,2.1,10.74,10.82,10.78,1545545,85847,5.6,0,0,0.0,1007,738,77,1.03,0.87,2.65,3.94,2478,4
2026-05-17 14:03:32,1.1,10.82,10.89,10.81,1545545,85881,5.6,0,0,0.0,1007,738,77,1.10,0.80,9.63,10.67,2471,5
2026-05-17 14:04:32,1.0,10.19,10.66,10.73,1545545,85880,5.6,0,0,0.0,1007,738,77,1.03,0.74,2.70,3.99,2472,3
2026-05-17 14:05:32,6.9,10.23,10.59,10.70,1545545,85845,5.6,0,0,0.0,1007,738,77,1.03,0.73,0.76,2.18,2490,25
2026-05-17 14:06:33,1.4,13.50,11.36,10.96,1545545,85852,5.6,0,0,0.0,1007,738,77,1.10,0.78,10.19,11.13,2482,4
2026-05-17 14:07:33,1.0,12.94,11.57,11.05,1545545,85839,5.6,0,0,0.0,1007,738,77,1.03,0.88,5.39,6.78,2490,2
2026-05-17 14:08:33,1.6,10.61,11.17,10.95,1545545,85862,5.6,0,0,0.0,1007,738,77,1.03,0.68,1.70,3.23,2491,10
2026-05-17 14:09:34,1.1,10.97,11.22,10.98,1545545,85845,5.6,0,0,0.0,1007,738,77,1.03,0.81,8.37,9.79,2470,3
2026-05-17 14:10:34,1.0,10.01,10.87,10.87,1545545,85817,5.6,0,0,0.0,1007,738,77,1.03,0.68,0.35,1.77,2466,9
2026-05-17 14:11:34,1.0,9.73,10.62,10.79,1545545,85825,5.6,0,0,0.0,1007,738,77,1.03,0.76,3.60,4.76,2477,4
2026-05-17 14:12:35,1.0,9.85,10.45,10.72,1545545,85829,5.6,0,0,0.0,1007,738,77,1.03,0.82,3.12,4.40,2464,5
2026-05-17 14:13:35,1.5,9.27,10.16,10.60,1545545,85848,5.6,0,0,0.0,1007,738,77,1.03,0.77,1.11,2.54,2452,1
2026-05-17 14:14:35,1.1,9.43,10.04,10.53,1545545,85862,5.6,0,0,0.0,1007,738,77,1.03,0.87,6.41,7.50,2464,6
2026-05-17 14:15:36,0.9,10.08,10.14,10.53,1545545,85839,5.6,0,0,0.0,1007,738,77,1.03,0.77,5.07,6.34,2456,2
2026-05-17 14:16:36,1.0,9.25,9.89,10.42,1545545,85845,5.6,0,0,0.0,1007,738,77,1.03,0.73,3.12,4.35,2458,2
2026-05-17 14:17:36,1.5,9.90,9.94,10.40,1545545,85836,5.6,0,0,0.0,1007,738,77,1.07,1.18,1.07,2.54,2472,6
2026-05-17 14:18:37,3.0,9.81,9.89,10.36,1545545,85854,5.6,0,0,0.0,1007,738,77,1.03,0.89,2.68,4.15,2469,4
2026-05-17 14:19:37,1.9,9.84,9.93,10.34,1545545,85851,5.6,0,0,0.0,1007,738,77,1.03,0.81,6.37,7.67,2466,6
2026-05-17 14:20:37,1.1,9.60,9.84,10.28,1545545,85835,5.6,0,0,0.0,1007,738,77,1.03,0.79,2.21,3.57,2473,3
2026-05-17 14:21:38,12.4,9.33,9.72,10.21,1545545,85864,5.6,0,0,0.0,1007,738,77,1.09,0.75,1.75,3.11,2486,4
2026-05-17 14:22:38,1.2,10.15,9.93,10.26,1545545,85841,5.6,0,0,0.0,1007,738,77,1.03,1.18,3.97,5.44,2470,6
2026-05-17 14:23:38,1.7,9.75,9.90,10.23,1545545,85867,5.6,0,0,0.0,1007,738,77,1.03,0.70,1.70,3.14,2471,4
2026-05-17 14:24:39,1.9,10.10,10.03,10.25,1545545,85869,5.6,0,0,0.0,1007,738,77,1.03,0.79,6.79,7.75,2481,6
2026-05-17 14:25:39,1.6,10.94,10.40,10.37,1545545,85861,5.6,0,0,0.0,1007,738,77,1.39,0.72,4.89,6.09,2470,3
2026-05-17 14:26:39,3.3,11.33,10.53,10.41,1545545,85852,5.6,0,0,0.0,1007,738,77,1.16,0.98,5.92,7.60,2463,5
2026-05-17 14:27:40,2.0,12.48,10.91,10.55,1545545,85852,5.6,0,0,0.0,1007,738,77,1.09,0.66,9.87,11.51,2476,21
2026-05-17 14:28:40,1.2,11.24,10.84,10.55,1545545,85851,5.6,0,0,0.0,1007,738,77,1.03,0.83,7.76,8.62,2483,2
2026-05-17 14:29:40,3.2,10.67,10.68,10.51,1545545,85886,5.6,0,0,0.0,1007,738,77,1.03,0.72,7.80,8.86,2481,5
2026-05-17 14:30:41,1.0,11.24,10.91,10.60,1545545,85831,5.6,0,0,0.0,1007,738,77,1.03,0.80,3.04,4.73,2477,5
2026-05-17 14:31:41,1.2,10.12,10.61,10.52,1545545,85823,5.6,0,0,0.0,1007,738,77,1.03,1.00,3.55,4.79,2475,5
2026-05-17 14:32:41,1.8,11.16,10.88,10.62,1545545,85847,5.6,0,0,0.0,1007,738,77,1.16,0.88,8.16,9.48,2476,2
2026-05-17 14:33:42,1.0,10.28,10.70,10.57,1545545,85871,5.6,0,0,0.0,1007,738,77,1.03,0.68,2.66,3.96,2474,4
2026-05-17 14:34:42,1.0,10.77,10.82,10.62,1545545,85863,5.6,0,0,0.0,1007,738,77,1.03,0.71,3.52,4.71,2472,1
2026-05-17 14:35:42,1.0,10.61,10.75,10.61,1545545,85837,5.6,0,0,0.0,1007,738,77,1.03,0.70,0.33,1.77,2478,1
2026-05-17 14:36:43,0.9,10.73,10.70,10.60,1545545,85835,5.6,0,0,0.0,1007,738,77,1.03,0.90,0.44,2.00,2492,2
2026-05-17 14:37:43,1.0,9.86,10.46,10.52,1545545,85842,5.6,0,0,0.0,1007,738,77,1.03,0.70,0.31,1.80,2478,1
2026-05-17 14:38:43,1.0,9.85,10.36,10.49,1545545,85863,5.6,0,0,0.0,1007,738,77,1.18,0.73,5.11,6.27,2479,5
2026-05-17 14:39:44,1.9,9.97,10.28,10.45,1545545,85880,5.6,0,0,0.0,1007,738,77,1.09,0.70,2.72,3.97,2489,4
2026-05-17 14:40:44,1.0,9.80,10.18,10.41,1545545,85839,5.6,0,0,0.0,1007,738,77,1.03,0.78,3.55,4.73,2493,2
2026-05-17 14:41:44,1.2,10.34,10.25,10.41,1545545,85841,5.6,0,0,0.0,1007,738,77,1.03,0.75,10.07,10.56,2480,2
2026-05-17 14:42:45,1.0,10.04,10.17,10.37,1545545,85847,5.6,0,0,0.0,1007,738,77,1.03,0.82,1.22,2.73,2480,1
2026-05-17 14:43:45,3.0,10.13,10.13,10.35,1545545,85874,5.6,0,0,0.0,1007,738,77,1.03,0.75,3.67,5.39,2471,4
2026-05-17 14:44:45,3.4,12.03,10.54,10.46,1545545,85869,5.6,0,0,0.0,1007,738,77,1.03,0.77,6.10,7.64,2472,7
2026-05-17 14:45:46,0.9,10.43,10.39,10.42,1545545,85830,5.6,0,0,0.0,1007,738,77,1.03,0.71,1.13,2.63,2476,1
2026-05-17 14:46:46,1.1,12.05,10.88,10.58,1545545,85832,5.6,0,0,0.0,1007,738,77,1.03,0.84,6.44,8.18,2478,2
2026-05-17 14:47:46,2.1,11.28,10.82,10.58,1545545,85872,5.6,0,0,0.0,1007,738,77,1.03,0.84,2.06,3.43,2486,2
2026-05-17 14:48:47,2.1,10.15,10.60,10.52,1545545,85886,5.6,0,0,0.0,1007,738,77,1.03,0.70,4.25,5.78,2495,3
2026-05-17 14:49:47,2.5,10.41,10.62,10.53,1545545,85880,5.6,0,0,0.0,1007,738,77,1.03,0.78,4.39,5.54,2494,3
2026-05-17 14:50:47,1.8,10.18,10.50,10.49,1545545,85855,5.6,0,0,0.0,1007,738,77,1.03,0.61,6.56,7.61,2469,4
2026-05-17 14:51:48,8.2,11.57,10.81,10.60,1545545,85847,5.6,0,0,0.0,1007,738,77,1.03,0.82,7.46,9.03,2488,8
2026-05-17 14:52:48,2.6,11.83,11.05,10.70,1545545,85878,5.6,0,0,0.0,1007,738,77,1.03,0.77,10.19,11.58,2483,2
2026-05-17 14:53:48,1.2,10.76,10.91,10.67,1545545,85851,5.6,0,0,0.0,1007,738,77,1.03,0.74,4.00,5.33,2473,2
2026-05-17 14:54:49,1.8,10.79,10.85,10.66,1545545,85876,5.6,0,0,0.0,1007,738,77,1.04,0.76,7.05,7.97,2473,6
2026-05-17 14:55:49,1.4,10.01,10.62,10.59,1545545,85830,5.6,0,0,0.0,1007,738,77,1.03,0.81,1.61,2.96,2486,8
2026-05-17 14:56:49,1.8,11.07,10.65,10.60,1545545,85857,5.6,0,0,0.0,1007,738,77,1.03,0.86,0.79,2.17,2471,2
2026-05-17 14:57:50,1.8,11.95,10.88,10.67,1545545,85885,5.6,0,0,0.0,1007,738,77,1.03,0.70,3.78,5.24,2480,1
2026-05-17 14:58:50,1.0,10.24,10.57,10.58,1545545,85855,5.6,0,0,0.0,1007,738,77,1.03,0.82,0.36,1.89,2486,1
2026-05-17 14:59:50,1.2,13.66,11.67,10.97,1545545,85866,5.6,0,0,0.0,1007,738,77,1.20,0.67,7.90,8.98,2479,3
2026-05-17 15:00:51,1.0,13.89,12.12,11.17,1545545,85825,5.6,0,0,0.0,1007,738,77,1.05,0.73,3.15,4.33,2473,1
2026-05-17 15:01:51,1.1,13.01,12.31,11.30,1545545,85830,5.6,0,0,0.0,1007,738,77,1.15,3.33,3.90,5.18,2484,2
2026-05-17 15:02:51,2.0,16.89,13.21,11.66,1545545,85878,5.6,0,0,0.0,1007,738,77,1.09,0.60,7.67,8.70,2477,3
2026-05-17 15:03:52,1.0,13.31,12.97,11.68,1545545,85855,5.6,0,0,0.0,1007,738,77,1.03,0.72,4.31,5.93,2464,2
2026-05-17 15:04:52,1.1,13.11,13.01,11.77,1545545,85842,5.6,0,0,0.0,1007,738,77,1.03,0.94,7.94,9.02,2469,2
2026-05-17 15:05:52,2.0,12.14,12.72,11.75,1545545,85855,5.6,0,0,0.0,1007,738,77,1.16,0.74,8.08,8.83,2485,3
2026-05-17 15:06:53,1.6,11.80,12.53,11.75,1545545,85848,5.6,0,0,0.0,1007,738,77,1.32,0.84,5.88,6.91,2472,2
2026-05-17 15:07:53,1.0,12.02,12.61,11.83,1545545,85863,5.6,0,0,0.0,1007,738,77,1.07,0.64,7.48,9.22,2471,1
2026-05-17 15:08:53,1.1,10.09,11.96,11.66,1545545,85856,5.6,0,0,0.0,1007,738,77,1.03,0.79,1.07,2.64,2470,1
2026-05-17 15:09:54,2.0,9.29,11.38,11.47,1545545,85875,5.6,0,0,0.0,1007,738,77,1.03,0.78,0.58,2.04,2470,4
2026-05-17 15:10:54,1.6,9.32,11.03,11.35,1545545,85827,5.6,0,0,0.0,1007,738,77,1.08,0.69,5.76,6.85,2472,3
2026-05-17 15:11:54,1.0,10.85,11.11,11.35,1545545,85845,5.6,0,0,0.0,1007,738,77,1.03,0.80,5.51,6.66,2481,1
2026-05-17 15:12:55,1.1,10.65,11.05,11.32,1545545,85859,5.6,0,0,0.0,1007,738,77,1.03,0.73,7.89,8.85,2493,1
2026-05-17 15:13:55,2.9,11.48,11.13,11.33,1545545,85879,5.6,0,0,0.0,1007,738,77,1.03,0.82,6.28,7.50,2493,4
2026-05-17 15:14:55,2.1,13.05,11.59,11.47,1545545,85885,5.6,0,0,0.0,1007,738,77,1.03,0.59,9.26,10.62,2493,5
2026-05-17 15:15:56,0.9,10.97,11.24,11.35,1545545,85845,5.6,0,0,0.0,1007,738,77,1.03,0.89,1.93,3.36,2482,2
2026-05-17 15:16:56,2.0,9.85,10.87,11.22,1545545,85868,5.6,0,0,0.0,1007,738,77,1.03,0.87,1.13,2.50,2471,6
2026-05-17 15:17:56,3.1,10.74,10.97,11.23,1545545,85881,5.6,0,0,0.0,1007,738,77,1.04,0.71,4.55,5.71,2467,6
2026-05-17 15:18:57,0.9,12.24,11.30,11.33,1545545,85874,5.6,0,0,0.0,1007,738,77,1.03,0.80,9.01,10.45,2472,2
2026-05-17 15:19:57,2.5,11.75,11.38,11.35,1545545,85877,5.6,0,0,0.0,1007,738,77,1.03,0.71,7.54,9.35,2475,5
2026-05-17 15:20:57,1.1,10.79,11.13,11.27,1545545,85845,5.6,0,0,0.0,1007,738,77,1.03,0.63,0.33,1.76,2477,5
2026-05-17 15:21:58,1.5,10.80,11.06,11.23,1545545,85888,5.6,0,0,0.0,1007,738,77,1.05,1.12,2.41,3.96,2482,9
2026-05-17 15:22:58,1.1,9.67,10.71,11.10,1545545,85867,5.6,0,0,0.0,1007,738,77,1.03,0.97,0.72,2.18,2487,1
2026-05-17 15:23:58,3.1,10.25,10.64,11.05,1545545,85883,5.6,0,0,0.0,1007,738,77,1.09,0.78,5.50,6.65,2484,4
2026-05-17 15:24:59,1.0,13.98,12.04,11.53,1545545,85874,5.6,0,0,0.0,1007,738,77,1.03,0.77,7.11,8.99,2482,4
2026-05-17 15:25:59,1.0,10.55,11.41,11.34,1545545,85836,5.6,0,0,0.0,1007,738,77,1.10,0.79,0.39,1.80,2480,4
2026-05-17 15:26:59,1.1,9.70,10.99,11.20,1545545,85845,5.6,0,0,0.0,1007,738,77,1.03,0.85,1.97,3.38,2473,7
2026-05-17 15:28:00,2.0,14.02,11.80,11.45,1545545,85907,5.6,0,0,0.0,1007,738,77,1.03,0.84,4.50,5.71,2467,2
2026-05-17 15:29:00,3.1,12.71,11.84,11.49,1545545,85886,5.6,0,0,0.0,1007,738,77,1.03,0.79,11.58,13.48,2464,4
2026-05-17 15:30:00,1.4,10.55,11.39,11.35,1545545,85895,5.6,0,0,0.0,1007,738,77,1.03,0.69,2.74,4.07,2461,2
2026-05-17 15:31:01,1.0,10.26,11.17,11.28,1545545,85840,5.6,0,0,0.0,1007,738,77,1.03,0.69,4.28,5.46,2462,1
2026-05-17 15:32:01,3.0,10.47,11.15,11.27,1545545,85856,5.6,0,0,0.0,1007,738,77,1.10,0.86,3.42,4.71,2462,4
2026-05-17 15:33:01,0.9,10.39,11.05,11.23,1545545,85849,5.6,0,0,0.0,1007,738,77,1.03,0.75,8.91,9.84,2468,7
2026-05-17 15:34:02,1.1,9.79,10.76,11.12,1545545,85858,5.6,0,0,0.0,1007,738,77,1.03,0.70,0.31,1.79,2462,3
2026-05-17 15:35:02,1.2,10.78,10.90,11.15,1545545,85842,5.6,0,0,0.0,1007,738,77,1.03,0.71,6.63,7.76,2461,7
2026-05-17 15:36:02,1.1,11.17,10.94,11.14,1545545,85846,5.6,0,0,0.0,1007,738,77,1.03,0.86,5.77,7.11,2459,2
2026-05-17 15:37:03,1.7,10.73,10.82,11.08,1545545,85856,5.6,0,0,0.0,1007,738,77,1.03,0.88,7.21,8.08,2467,5
2026-05-17 15:38:03,1.0,10.02,10.70,11.03,1545545,85856,5.6,0,0,0.0,1007,738,77,1.59,0.70,1.88,3.20,2468,1
2026-05-17 15:39:03,1.3,9.54,10.46,10.93,1545545,85861,5.6,0,0,0.0,1007,738,77,1.03,0.81,0.44,2.10,2481,8
2026-05-17 15:40:04,1.8,9.74,10.35,10.86,1545545,85863,5.6,0,0,0.0,1007,738,77,1.31,0.72,9.36,10.04,2475,3
2026-05-17 15:41:04,1.0,9.98,10.31,10.81,1545545,85842,5.6,0,0,0.0,1007,738,77,1.30,0.67,4.90,6.10,2473,1
2026-05-17 15:42:04,1.3,9.39,10.08,10.70,1545545,85839,5.6,0,0,0.0,1007,738,77,1.09,0.82,0.37,1.81,2468,1
2026-05-17 15:43:05,1.9,9.04,9.86,10.58,1545545,85867,5.6,0,0,0.0,1007,738,77,1.15,0.72,2.31,3.67,2467,3
2026-05-17 15:44:05,1.2,9.42,9.84,10.53,1545545,85853,5.6,0,0,0.0,1007,738,77,1.03,0.84,5.61,6.80,2460,2
2026-05-17 15:45:05,1.3,9.53,9.79,10.47,1545545,85837,5.6,0,0,0.0,1007,738,77,1.10,0.73,2.70,3.99,2460,1
2026-05-17 15:46:06,2.1,10.18,9.93,10.47,1545545,85853,5.6,0,0,0.0,1007,738,77,1.03,0.77,6.73,7.68,2479,5
2026-05-17 15:47:06,1.9,10.65,10.14,10.51,1545545,85856,5.6,0,0,0.0,1007,738,77,1.03,0.86,6.65,8.48,2476,4
2026-05-17 15:48:06,1.5,10.22,10.12,10.48,1545545,85859,5.6,0,0,0.0,1007,738,77,1.03,0.79,8.69,9.85,2473,3
2026-05-17 15:49:07,1.1,10.40,10.17,10.47,1545545,85865,5.6,0,0,0.0,1007,738,77,1.03,0.72,0.34,1.77,2463,5
2026-05-17 15:50:07,3.1,11.06,10.35,10.51,1545545,85872,5.6,0,0,0.0,1007,738,77,1.03,0.80,4.41,5.95,2471,4
2026-05-17 15:51:07,1.1,12.82,11.03,10.73,1545545,85846,5.6,0,0,0.0,1007,738,77,1.03,0.71,6.44,7.95,2465,6
2026-05-17 15:52:08,1.7,11.85,11.07,10.77,1545545,85866,5.6,0,0,0.0,1007,738,77,1.03,0.79,2.59,3.80,2466,2
2026-05-17 15:53:08,1.1,10.48,10.81,10.69,1545545,85856,5.6,0,0,0.0,1007,738,77,1.03,0.74,1.74,3.08,2458,5
2026-05-17 15:54:08,2.1,10.91,10.83,10.70,1545545,85864,5.6,0,0,0.0,1007,738,77,1.03,0.68,7.39,8.73,2475,5
2026-05-17 15:55:09,1.1,10.68,10.78,10.70,1545545,85861,5.6,0,0,0.0,1007,738,77,1.03,0.71,6.01,7.12,2483,2
2026-05-17 15:56:09,1.1,10.18,10.65,10.66,1545545,85855,5.6,0,0,0.0,1007,738,77,1.03,0.83,2.34,3.62,2473,3
2026-05-17 15:57:09,1.2,10.08,10.52,10.61,1545545,85852,5.6,0,0,0.0,1007,738,77,1.03,0.86,0.37,1.79,2459,3
2026-05-17 15:58:10,1.9,9.88,10.39,10.56,1545545,85919,5.6,0,0,0.0,1007,738,77,1.03,0.70,3.52,4.72,2474,4
2026-05-17 15:59:10,1.8,9.43,10.18,10.48,1545545,85883,5.6,0,0,0.0,1007,738,77,1.03,0.65,3.67,4.87,2465,2
2026-05-17 16:00:10,1.2,11.20,10.72,10.66,1545545,85850,5.6,0,0,0.0,1007,738,77,1.03,0.81,7.87,9.34,2472,3
2026-05-17 16:01:11,1.6,11.27,10.76,10.67,1545545,85871,5.6,0,0,0.0,1007,738,77,1.03,0.91,6.27,7.37,2484,3
2026-05-17 16:02:11,3.0,10.94,10.73,10.66,1545545,85868,5.6,0,0,0.0,1007,738,77,1.03,0.82,4.42,5.59,2488,5
2026-05-17 16:03:11,2.0,11.28,10.98,10.76,1545545,85884,5.6,0,0,0.0,1007,738,77,1.03,0.66,7.40,8.76,2486,5
2026-05-17 16:04:12,1.3,10.42,10.85,10.73,1545545,85862,5.6,0,0,0.0,1007,738,77,1.03,0.77,2.29,3.56,2482,1
2026-05-17 16:05:12,1.9,11.30,11.04,10.81,1545545,85865,5.6,0,0,0.0,1007,738,77,1.06,0.67,11.74,13.15,2480,3
2026-05-17 16:06:12,1.9,12.27,11.49,10.98,1545545,85869,5.6,0,0,0.0,1007,738,77,1.03,0.88,9.50,11.23,2481,5
2026-05-17 16:07:13,1.9,10.51,11.13,10.89,1545545,85874,5.6,0,0,0.0,1007,738,77,1.03,0.91,3.01,4.28,2491,12
2026-05-17 16:08:13,2.0,9.70,10.79,10.79,1545545,85867,5.6,0,0,0.0,1007,738,77,1.03,0.66,4.43,5.74,2485,5
2026-05-17 16:09:13,2.8,10.82,10.91,10.83,1545545,85884,5.6,0,0,0.0,1007,738,77,1.03,0.80,8.00,9.01,2492,5
2026-05-17 16:10:14,1.1,10.96,11.01,10.87,1545545,85876,5.6,0,0,0.0,1007,738,77,1.09,0.70,9.22,10.99,2493,3
2026-05-17 16:11:14,1.0,10.54,10.86,10.83,1545545,85845,5.6,0,0,0.0,1007,738,77,1.03,0.77,2.32,3.62,2491,4
2026-05-17 16:12:14,2.1,10.80,10.89,10.84,1545545,85881,5.6,0,0,0.0,1007,738,77,1.32,0.83,7.58,8.48,2481,2
2026-05-17 16:13:15,2.8,12.18,11.26,10.97,1545545,85890,5.6,0,0,0.0,1007,738,77,1.14,0.74,10.11,11.70,2483,30
2026-05-17 16:14:15,1.1,10.47,10.97,10.89,1545545,85889,5.6,0,0,0.0,1007,738,77,1.03,0.79,2.28,3.66,2477,2
2026-05-17 16:15:15,1.2,12.01,11.18,10.96,1545545,85850,5.6,0,0,0.0,1007,738,77,1.09,0.81,4.88,6.54,2465,5
2026-05-17 16:16:16,1.7,11.58,11.19,10.98,1545545,85859,5.6,0,0,0.0,1007,738,77,1.03,0.72,10.33,11.66,2476,2
2026-05-17 16:17:16,1.1,10.43,11.01,10.93,1545545,85848,5.6,0,0,0.0,1007,738,77,1.03,0.91,1.64,3.00,2487,5
2026-05-17 16:18:16,1.8,10.63,10.95,10.92,1545545,85896,5.6,0,0,0.0,1007,738,77,1.10,0.76,4.39,5.65,2489,10
2026-05-17 16:19:17,1.1,10.06,10.75,10.85,1545545,85876,5.6,0,0,0.0,1007,738,77,1.05,0.77,5.95,6.95,2486,1
2026-05-17 16:20:17,3.5,10.77,10.84,10.88,1545545,85878,5.6,0,0,0.0,1007,738,77,1.29,0.65,8.40,9.50,2492,4
2026-05-17 16:21:17,1.9,10.02,10.64,10.81,1545545,85859,5.6,0,0,0.0,1007,738,77,1.16,0.70,3.57,4.80,2481,7
2026-05-17 16:22:18,1.9,10.07,10.50,10.75,1545545,85876,5.6,0,0,0.0,1007,738,77,1.03,0.99,4.94,5.99,2482,6
2026-05-17 16:23:18,1.8,9.91,10.39,10.69,1545545,85869,5.6,0,0,0.0,1007,738,77,1.09,0.80,2.52,3.93,2476,2
2026-05-17 16:24:18,2.0,10.12,10.36,10.66,1545545,85892,5.6,0,0,0.0,1007,738,77,1.03,0.76,9.93,10.57,2486,2
2026-05-17 16:25:19,1.1,9.90,10.30,10.62,1545545,85851,5.6,0,0,0.0,1007,738,77,1.03,0.76,8.18,9.03,2493,8
2026-05-17 16:26:19,1.1,9.64,10.14,10.55,1545545,85848,5.6,0,0,0.0,1007,738,77,1.03,0.77,2.74,4.00,2498,1
2026-05-17 16:27:19,3.0,10.75,10.37,10.60,1545545,85887,5.6,0,0,0.0,1007,738,77,1.03,0.81,7.11,8.92,2495,3
2026-05-17 16:28:20,4.2,11.76,10.72,10.70,1545545,85915,5.6,0,0,0.0,1007,738,77,2.07,0.69,11.67,13.42,2496,8
2026-05-17 16:29:20,2.2,12.36,11.00,10.80,1545545,85907,5.6,0,0,0.0,1007,738,77,1.03,0.92,9.64,10.71,2500,5
2026-05-17 16:30:20,1.3,10.47,10.72,10.72,1545545,85865,5.6,0,0,0.0,1007,738,77,1.03,0.83,3.63,4.83,2489,3
2026-05-17 16:31:21,1.8,9.82,10.48,10.63,1545545,85884,5.6,0,0,0.0,1007,738,77,1.03,0.67,9.33,10.03,2486,3
2026-05-17 16:32:21,3.7,9.92,10.36,10.58,1545545,85895,5.6,0,0,0.0,1007,738,77,1.15,0.86,5.77,7.01,2492,7
2026-05-17 16:33:21,2.2,12.80,11.15,10.84,1545545,85903,5.6,0,0,0.0,1007,738,77,1.03,0.74,11.40,13.25,2502,2
2026-05-17 16:34:22,1.0,11.64,11.24,10.90,1545545,85898,5.6,0,0,0.0,1007,738,77,1.03,0.74,9.07,9.73,2484,1
2026-05-17 16:35:22,2.0,9.87,10.80,10.77,1545545,85878,5.6,0,0,0.0,1007,738,77,1.80,0.75,1.20,2.74,2472,3
2026-05-17 16:36:23,1.3,10.48,10.79,10.77,1545545,85867,5.6,0,0,0.0,1007,738,77,1.44,0.76,6.20,7.44,2461,1
2026-05-17 16:37:23,1.0,10.37,10.72,10.74,1545545,85868,5.6,0,0,0.0,1007,738,77,1.03,0.94,6.69,7.73,2461,1
2026-05-17 16:38:23,1.1,9.92,10.52,10.67,1545545,85882,5.6,0,0,0.0,1007,738,77,1.15,0.75,1.14,2.54,2457,3
2026-05-17 16:39:24,1.2,9.50,10.27,10.57,1545545,85888,5.6,0,0,0.0,1007,738,77,1.03,0.68,1.51,2.98,2460,6
2026-05-17 16:40:24,2.2,14.15,11.42,10.95,1545545,85894,5.6,0,0,0.0,1007,738,77,1.03,0.79,11.47,13.75,2485,3
2026-05-17 16:41:24,1.0,11.26,11.07,10.85,1545545,85866,5.6,0,0,0.0,1007,738,77,1.06,0.85,1.12,2.46,2497,2
2026-05-17 16:42:25,1.1,11.57,11.26,10.93,1545545,85872,5.6,0,0,0.0,1007,738,77,1.03,0.83,5.92,6.91,2489,1
2026-05-17 16:43:25,1.0,12.11,11.51,11.04,1545545,85904,5.6,0,0,0.0,1007,738,77,1.89,0.62,4.39,5.38,2486,1
2026-05-17 16:44:25,1.0,11.50,11.46,11.05,1545545,85906,5.6,0,0,0.0,1007,738,77,1.11,0.79,0.67,2.19,2484,2
2026-05-17 16:45:26,1.9,14.06,12.31,11.38,1545545,85892,5.6,0,0,0.0,1007,738,77,1.03,0.77,9.34,11.12,2480,3
2026-05-17 16:46:26,3.2,15.05,13.04,11.70,1545545,85895,5.6,0,0,0.0,1007,738,77,1.03,0.95,6.37,7.83,2495,4
2026-05-17 16:47:26,3.7,14.53,13.27,11.86,1545545,85903,5.6,0,0,0.0,1007,738,77,1.03,0.78,8.41,10.60,2512,4
2026-05-17 16:48:26,1.3,12.28,13.00,11.87,1545545,85902,5.6,0,0,0.0,1007,738,77,1.03,0.69,3.62,5.09,2527,1
2026-05-17 16:49:27,1.1,12.04,12.73,11.84,1545545,85895,5.6,0,0,0.0,1007,738,77,1.16,0.70,4.29,5.42,2509,1
2026-05-17 16:50:27,5.7,13.23,13.10,12.03,1545545,85882,5.6,0,0,0.0,1007,738,77,1.03,0.78,9.09,9.95,2505,25
2026-05-17 16:51:27,1.1,12.00,12.78,11.98,1545545,85887,5.6,0,0,0.0,1007,738,77,1.03,0.71,5.16,6.33,2490,5
2026-05-17 16:52:28,1.9,11.05,12.29,11.87,1545545,85879,5.6,0,0,0.0,1007,738,77,1.03,0.93,7.62,8.55,2477,8
2026-05-17 16:53:28,1.7,10.96,12.04,11.80,1545545,85907,5.6,0,0,0.0,1007,738,77,1.04,0.71,8.58,9.23,2483,2
2026-05-17 16:54:28,1.7,10.59,11.69,11.70,1545545,85924,5.6,0,0,0.0,1007,738,77,1.03,0.72,3.76,5.04,2483,3
2026-05-17 16:55:29,1.5,12.15,11.87,11.75,1545545,85889,5.6,0,0,0.0,1007,738,77,1.03,0.76,11.16,12.07,2488,2
2026-05-17 16:56:29,1.8,12.82,12.18,11.87,1545545,85897,5.6,0,0,0.0,1007,738,77,1.03,0.93,3.60,4.83,2488,3
2026-05-17 16:57:29,1.8,11.68,11.96,11.81,1545545,85902,5.6,0,0,0.0,1007,738,77,1.10,0.88,7.28,8.27,2488,4
2026-05-17 16:58:30,1.6,10.50,11.56,11.68,1545545,85905,5.6,0,0,0.0,1007,738,77,1.03,0.74,1.89,3.24,2475,2
2026-05-17 16:59:30,1.0,9.89,11.20,11.55,1545545,85913,5.6,0,0,0.0,1007,738,77,1.03,0.70,5.11,6.18,2495,2
2026-05-17 17:00:30,1.2,9.34,10.81,11.39,1545545,85873,5.6,0,0,0.0,1007,738,77,1.03,0.70,0.33,1.76,2474,1
2026-05-17 17:01:31,1.0,9.67,10.62,11.29,1545545,85886,5.6,0,0,0.0,1007,738,77,1.09,0.80,4.32,5.46,2483,6
2026-05-17 17:02:31,2.0,9.94,10.52,11.21,1545545,85904,5.6,0,0,0.0,1007,738,77,1.03,0.88,4.74,5.85,2488,4
2026-05-17 17:03:31,3.3,12.68,11.14,11.38,1545545,85921,5.6,0,0,0.0,1007,738,77,1.03,0.78,12.21,13.76,2493,7
2026-05-17 17:04:32,3.1,13.71,11.74,11.57,1545545,85936,5.6,0,0,0.0,1007,738,77,1.38,0.68,11.70,14.23,2495,7
2026-05-17 17:05:32,2.5,12.88,11.87,11.63,1545545,85881,5.6,0,0,0.0,1007,738,77,1.06,0.78,5.74,7.38,2511,24
2026-05-17 17:06:32,1.8,11.45,11.67,11.58,1545545,85906,5.6,0,0,0.0,1007,738,77,1.20,0.82,7.23,8.09,2513,3
2026-05-17 17:07:33,9.3,11.01,11.47,11.51,1545545,85898,5.6,0,0,0.0,1007,738,77,1.03,0.90,6.62,7.63,2505,17
2026-05-17 17:08:33,1.0,10.30,11.21,11.42,1545545,85902,5.6,0,0,0.0,1007,738,77,1.07,0.66,5.53,6.76,2484,5
2026-05-17 17:09:33,1.5,10.03,10.97,11.32,1545545,85897,5.6,0,0,0.0,1007,738,77,1.04,0.78,5.90,7.00,2488,5
2026-05-17 17:10:34,1.0,11.02,11.17,11.38,1545545,85871,5.6,0,0,0.0,1007,738,77,1.03,0.71,8.39,9.98,2468,3
2026-05-17 17:11:34,1.0,10.03,10.87,11.26,1545545,85875,5.6,0,0,0.0,1007,738,77,1.03,0.69,6.73,7.57,2472,5
2026-05-17 17:12:34,1.1,12.17,11.26,11.36,1545545,85885,5.6,0,0,0.0,1007,738,77,1.06,0.79,7.06,8.23,2482,4
2026-05-17 17:13:35,1.2,11.13,11.12,11.31,1545545,85895,5.6,0,0,0.0,1007,738,77,1.03,0.72,7.95,8.76,2480,1
2026-05-17 17:14:35,1.2,10.48,10.92,11.22,1545545,85926,5.6,0,0,0.0,1007,738,77,1.03,0.82,4.05,5.23,2482,5
2026-05-17 17:15:35,1.4,10.90,11.02,11.24,1545545,85868,5.6,0,0,0.0,1007,738,77,1.03,0.76,5.95,6.90,2491,3
2026-05-17 17:16:36,1.2,10.20,10.82,11.16,1545545,85872,5.6,0,0,0.0,1007,738,77,1.03,0.77,4.26,5.44,2478,5
2026-05-17 17:17:36,1.3,9.74,10.59,11.06,1545545,85897,5.6,0,0,0.0,1007,738,77,1.03,0.87,3.13,4.36,2475,1
2026-05-17 17:18:36,1.4,12.19,11.24,11.26,1545545,85888,5.6,0,0,0.0,1007,738,77,1.03,0.69,9.79,11.72,2490,4
2026-05-17 17:19:37,1.2,10.50,10.95,11.16,1545545,85900,5.6,0,0,0.0,1007,738,77,1.03,0.85,4.01,5.19,2485,3
2026-05-17 17:20:37,3.0,10.11,10.75,11.07,1545545,85874,5.6,0,0,0.0,1007,738,77,1.03,0.71,3.56,4.88,2494,16
2026-05-17 17:21:37,2.0,10.11,10.71,11.04,1545545,85889,5.6,0,0,0.0,1007,738,77,1.03,0.85,5.64,6.68,2501,2
2026-05-17 17:22:38,1.0,9.86,10.54,10.97,1545545,85875,5.6,0,0,0.0,1007,738,77,1.03,2.30,5.39,6.41,2496,1
2026-05-17 17:23:38,2.9,9.81,10.40,10.89,1545545,85902,5.6,0,0,0.0,1007,738,77,1.03,0.69,1.48,2.85,2478,6
2026-05-17 17:24:38,2.0,11.04,10.64,10.94,1545545,85910,5.6,0,0,0.0,1007,738,77,1.12,0.79,7.57,9.03,2509,2
2026-05-17 17:25:39,3.4,12.00,11.10,11.09,1545545,85874,5.6,0,0,0.0,1007,738,77,1.03,0.83,7.48,8.81,2474,4
2026-05-17 17:26:39,1.0,11.15,11.00,11.06,1545545,85870,5.6,0,0,0.0,1007,738,77,1.03,0.87,6.17,7.08,2474,1
2026-05-17 17:27:39,1.0,10.31,10.85,11.00,1545545,85871,5.6,0,0,0.0,1007,738,77,1.03,0.79,3.51,4.74,2491,1
2026-05-17 17:28:40,2.1,10.05,10.65,10.92,1545545,85904,5.6,0,0,0.0,1007,738,77,1.03,0.80,5.11,6.16,2491,5
2026-05-17 17:29:40,1.0,9.86,10.50,10.85,1545545,85897,5.6,0,0,0.0,1007,738,77,1.10,0.70,3.18,4.38,2473,2
2026-05-17 17:30:40,1.0,9.13,10.17,10.71,1545545,85867,5.6,0,0,0.0,1007,738,77,1.03,0.87,2.33,3.67,2476,2
2026-05-17 17:31:41,3.0,11.96,10.67,10.85,1545545,85885,5.6,0,0,0.0,1007,738,77,1.03,0.86,10.67,13.04,2478,5
2026-05-17 17:32:41,1.0,10.95,10.66,10.83,1545545,85871,5.6,0,0,0.0,1007,738,77,1.03,0.66,4.48,5.84,2492,4
2026-05-17 17:33:41,2.7,12.35,11.05,10.96,1545545,85915,5.6,0,0,0.0,1007,738,77,1.03,0.77,2.02,3.33,2482,3
2026-05-17 17:34:42,1.9,12.15,11.26,11.03,1545545,85910,5.6,0,0,0.0,1007,738,77,1.03,0.62,9.21,9.86,2497,3
2026-05-17 17:35:42,1.0,11.55,11.25,11.04,1545545,85876,5.6,0,0,0.0,1007,738,77,1.16,0.80,2.55,3.86,2489,6
2026-05-17 17:36:43,4.3,10.37,10.95,10.95,1545545,85872,5.6,0,0,0.0,1007,738,77,1.03,0.87,4.07,5.27,2466,3
2026-05-17 17:37:43,3.3,11.28,11.05,10.98,1545545,85890,5.6,0,0,0.0,1007,738,77,1.03,0.78,9.74,10.39,2488,4
2026-05-17 17:38:43,2.1,10.24,10.79,10.90,1545545,85908,5.6,0,0,0.0,1007,738,77,1.03,0.64,3.91,5.20,2484,6
2026-05-17 17:39:44,3.3,11.62,11.22,11.05,1545545,85923,5.6,0,0,0.0,1007,738,77,1.03,0.82,9.71,11.29,2473,3
2026-05-17 17:40:44,1.0,10.16,10.92,10.96,1545545,85857,5.6,0,0,0.0,1007,738,77,1.03,0.59,3.79,5.24,2475,8
2026-05-17 17:41:44,3.1,9.72,10.65,10.86,1545545,85885,5.6,0,0,0.0,1007,738,77,1.03,0.90,4.62,5.70,2467,9
2026-05-17 17:42:45,1.6,9.85,10.55,10.81,1545545,85895,5.6,0,0,0.0,1007,738,77,1.16,0.78,9.02,9.89,2445,3
2026-05-17 17:43:45,1.8,10.67,10.73,10.87,1545545,85914,5.6,0,0,0.0,1007,738,77,1.03,0.71,7.50,9.15,2455,3
2026-05-17 17:44:45,1.0,10.28,10.62,10.82,1545545,85895,5.6,0,0,0.0,1007,738,77,1.03,0.71,5.58,6.62,2452,4
2026-05-17 17:45:46,1.0,10.49,10.60,10.80,1545545,85872,5.6,0,0,0.0,1007,738,77,1.03,0.82,3.55,4.71,2447,2
2026-05-17 17:46:46,2.9,12.54,11.08,10.95,1545545,85899,5.6,0,0,0.0,1007,738,77,1.10,0.90,11.75,13.05,2474,4
2026-05-17 17:47:46,3.3,11.34,11.00,10.93,1545545,85900,5.6,0,0,0.0,1007,738,77,1.03,0.69,7.20,8.35,2482,6
2026-05-17 17:48:47,1.0,10.23,10.78,10.86,1545545,85890,5.6,0,0,0.0,1007,738,77,1.15,0.80,5.20,6.39,2474,1
2026-05-17 17:49:47,2.6,10.17,10.69,10.82,1545545,85900,5.6,0,0,0.0,1007,738,77,1.06,0.73,1.95,3.26,2485,7
2026-05-17 17:50:47,1.2,10.82,10.73,10.82,1545545,85883,5.6,0,0,0.0,1007,738,77,1.03,0.78,9.34,10.47,2488,4
2026-05-17 17:51:48,2.5,9.53,10.39,10.70,1545545,85882,5.6,0,0,0.0,1007,738,77,1.03,0.74,1.11,2.58,2467,2
2026-05-17 17:52:48,1.8,10.60,10.50,10.72,1545545,85924,5.6,0,0,0.0,1007,738,77,1.03,0.74,5.86,6.90,2467,5
2026-05-17 17:53:48,1.9,10.36,10.45,10.69,1545545,85905,5.6,0,0,0.0,1007,738,77,1.03,0.88,6.07,7.18,2483,2
2026-05-17 17:54:49,2.9,9.81,10.27,10.61,1545545,85909,5.6,0,0,0.0,1007,738,77,1.03,0.67,6.92,8.05,2483,4
2026-05-17 17:55:49,1.1,10.24,10.42,10.65,1545545,85874,5.6,0,0,0.0,1007,738,77,1.03,0.79,3.08,4.69,2495,3
2026-05-17 17:56:49,1.0,9.64,10.23,10.57,1545545,85880,5.6,0,0,0.0,1007,738,77,1.03,0.74,6.00,6.89,2497,4
2026-05-17 17:57:50,1.2,9.60,10.10,10.50,1545545,85897,5.6,0,0,0.0,1007,738,77,1.16,0.82,2.28,3.64,2489,4
2026-05-17 17:58:50,1.9,9.44,9.95,10.42,1545545,85925,5.6,0,0,0.0,1007,738,77,1.03,0.77,2.76,4.08,2473,4
2026-05-17 17:59:50,1.7,9.36,9.85,10.36,1545545,85921,5.6,0,0,0.0,1007,738,77,1.03,0.68,6.70,7.66,2475,2
2026-05-17 18:00:51,1.0,10.57,10.11,10.42,1545545,85882,5.6,0,0,0.0,1007,738,77,1.04,0.82,7.69,9.25,2472,6
2026-05-17 18:01:51,3.1,11.95,10.58,10.56,1545545,85900,5.6,0,0,0.0,1007,738,77,1.27,0.83,7.64,9.09,2468,8
2026-05-17 18:02:51,2.0,12.64,11.07,10.73,1545545,85912,5.6,0,0,0.0,1007,738,77,1.03,0.85,10.67,11.98,2475,12
2026-05-17 18:03:52,1.0,12.70,11.49,10.91,1545545,85904,5.6,0,0,0.0,1007,738,77,1.03,0.79,11.89,12.96,2466,2
2026-05-17 18:04:52,1.0,11.22,11.31,10.88,1545545,85929,5.6,0,0,0.0,1007,738,77,1.16,0.67,3.22,4.56,2481,5
2026-05-17 18:05:52,1.1,10.87,11.20,10.87,1545545,85883,5.6,0,0,0.0,1007,738,77,1.12,0.88,3.51,4.73,2468,2
2026-05-17 18:06:53,1.0,10.21,10.93,10.80,1545545,85886,5.6,0,0,0.0,1007,738,77,1.35,0.95,1.12,2.55,2475,3
2026-05-17 18:07:53,2.9,12.07,11.19,10.89,1545545,85921,5.6,0,0,0.0,1007,738,77,1.21,0.71,10.09,11.27,2475,5
2026-05-17 18:08:53,1.1,10.98,11.05,10.86,1545545,85892,5.6,0,0,0.0,1007,738,77,1.54,0.65,4.54,6.09,2492,3
2026-05-17 18:09:54,1.1,10.27,10.83,10.80,1545545,85908,5.6,0,0,0.0,1007,738,77,1.27,0.85,0.34,1.76,2489,1
2026-05-17 18:10:54,2.4,10.07,10.65,10.74,1545545,85884,5.6,0,0,0.0,1007,738,77,1.12,0.84,4.82,6.05,2499,3
2026-05-17 18:11:54,1.0,10.12,10.54,10.69,1545545,85879,5.6,0,0,0.0,1007,738,77,1.03,0.86,2.75,4.02,2490,5
2026-05-17 18:12:55,1.6,9.99,10.45,10.65,1545545,85905,5.6,0,0,0.0,1007,738,77,1.03,0.75,4.75,5.87,2484,3
2026-05-17 18:13:55,1.0,10.77,10.58,10.68,1545545,85905,5.6,0,0,0.0,1007,738,77,1.58,0.62,8.26,9.01,2471,2
2026-05-17 18:14:55,1.3,9.80,10.31,10.58,1545545,85905,5.6,0,0,0.0,1007,738,77,1.09,0.79,1.13,2.51,2473,2
2026-05-17 18:15:56,1.1,9.48,10.13,10.50,1545545,85885,5.6,0,0,0.0,1007,738,77,1.44,0.84,2.04,3.44,2476,4
2026-05-17 18:16:56,2.9,9.99,10.13,10.47,1545545,85890,5.6,0,0,0.0,1007,738,77,1.07,0.97,3.10,4.42,2485,5
2026-05-17 18:17:56,3.5,11.00,10.48,10.58,1545545,85924,5.6,0,0,0.0,1007,738,77,1.03,0.62,8.74,10.89,2481,6
2026-05-17 18:18:57,2.2,10.19,10.38,10.54,1545545,85913,5.6,0,0,0.0,1007,738,77,1.03,0.73,7.78,8.78,2481,2
2026-05-17 18:19:57,1.2,10.61,10.45,10.55,1545545,85916,5.6,0,0,0.0,1007,738,77,1.03,0.75,4.59,5.74,2467,1
2026-05-17 18:20:57,1.1,12.04,10.91,10.71,1545545,85864,5.6,0,0,0.0,1007,738,77,1.03,0.80,6.66,7.76,2467,7
2026-05-17 18:21:58,2.0,11.83,11.09,10.78,1545545,85910,5.6,0,0,0.0,1007,738,77,1.03,0.84,11.14,12.79,2483,19
2026-05-17 18:22:58,1.7,10.60,10.91,10.74,1545545,85889,5.6,0,0,0.0,1007,738,77,1.16,0.81,5.27,6.45,2490,4
2026-05-17 18:23:58,1.3,10.63,10.89,10.75,1545545,85890,5.6,0,0,0.0,1007,738,77,1.03,0.82,6.95,8.04,2500,1
2026-05-17 18:24:59,1.8,11.19,10.92,10.76,1545545,85921,5.6,0,0,0.0,1007,738,77,1.05,0.69,4.04,5.22,2521,4
2026-05-17 18:25:59,1.6,11.78,11.01,10.79,1545545,85885,5.6,0,0,0.0,1007,738,77,1.06,0.72,1.83,3.09,2504,4
2026-05-17 18:26:59,1.1,13.01,11.62,11.02,1545545,85868,5.6,0,0,0.0,1007,738,77,1.14,0.98,3.16,4.40,2486,4
2026-05-17 18:28:00,1.2,12.84,12.02,11.21,1545545,85896,5.6,0,0,0.0,1007,738,77,1.37,0.75,5.58,6.75,2489,2
2026-05-17 18:29:00,2.4,11.97,12.00,11.26,1545545,85896,5.6,0,0,0.0,1007,738,77,1.10,0.73,6.34,7.20,2493,1
2026-05-17 18:30:00,1.6,11.31,11.83,11.24,1545545,85905,5.6,0,0,0.0,1007,738,77,1.18,0.78,0.72,2.22,2480,2
2026-05-17 18:31:01,1.5,13.10,12.22,11.42,1545545,85900,5.6,0,0,0.0,1007,738,77,1.10,0.77,11.57,12.01,2493,2
2026-05-17 18:32:01,1.1,11.73,11.98,11.38,1545545,85885,5.6,0,0,0.0,1007,738,77,1.11,0.82,7.54,8.37,2486,4
2026-05-17 18:33:01,1.2,11.17,11.74,11.33,1545545,85901,5.6,0,0,0.0,1007,738,77,1.03,0.74,3.23,4.56,2472,2
2026-05-17 18:34:02,0.9,10.98,11.60,11.31,1545545,85917,5.6,0,0,0.0,1007,738,77,1.20,0.73,5.52,6.53,2463,1
2026-05-17 18:35:02,1.0,11.39,11.63,11.34,1545545,85917,5.6,0,0,0.0,1007,738,77,1.09,0.84,4.31,5.45,2465,2
2026-05-17 18:36:02,1.9,12.76,11.96,11.47,1545545,85899,5.6,0,0,0.0,1007,738,77,1.03,0.72,9.63,10.75,2473,3
2026-05-17 18:37:03,1.7,10.64,11.52,11.35,1545545,85907,5.6,0,0,0.0,1007,738,77,1.30,0.93,3.19,4.46,2479,4
2026-05-17 18:38:03,2.0,10.83,11.39,11.32,1545545,85905,5.6,0,0,0.0,1007,738,77,1.14,0.78,5.36,6.37,2490,9
2026-05-17 18:39:03,3.0,12.69,11.70,11.42,1545545,85932,5.6,0,0,0.0,1007,738,77,1.03,1.23,7.27,8.59,2486,6
2026-05-17 18:40:04,1.7,10.64,11.32,11.31,1545545,85892,5.6,0,0,0.0,1007,738,77,1.03,0.67,4.22,5.58,2485,4
2026-05-17 18:41:04,2.0,13.98,12.21,11.62,1545545,85886,5.6,0,0,0.0,1007,738,77,1.03,0.75,5.21,6.40,2494,3
2026-05-17 18:42:04,3.2,12.46,12.02,11.58,1545545,85893,5.6,0,0,0.0,1007,738,77,1.22,0.90,7.66,8.74,2500,7
2026-05-17 18:43:05,1.3,12.60,12.15,11.65,1545545,85907,5.6,0,0,0.0,1007,738,77,1.03,0.71,10.03,11.15,2492,4
2026-05-17 18:44:05,1.1,10.88,11.75,11.55,1545545,85917,5.6,0,0,0.0,1007,738,77,1.03,0.77,2.00,3.44,2495,6
2026-05-17 18:45:05,1.3,10.00,11.35,11.42,1545545,85884,5.6,0,0,0.0,1007,738,77,1.03,0.82,7.16,8.00,2486,9
2026-05-17 18:46:06,1.5,9.69,10.99,11.29,1545545,85874,5.6,0,0,0.0,1007,738,77,1.03,0.69,2.72,3.99,2473,1
2026-05-17 18:47:06,1.9,10.66,11.01,11.28,1545545,85898,5.6,0,0,0.0,1007,738,77,1.03,0.93,9.63,10.94,2486,6
2026-05-17 18:48:06,1.0,12.77,11.53,11.44,1545545,85908,5.6,0,0,0.0,1007,738,77,1.03,0.77,7.84,8.94,2482,9
2026-05-17 18:49:07,1.0,12.22,11.57,11.45,1545545,85915,5.6,0,0,0.0,1007,738,77,1.03,0.74,6.30,7.23,2489,3
2026-05-17 18:50:07,2.7,11.36,11.42,11.41,1545545,85899,5.6,0,0,0.0,1007,738,77,1.03,0.76,8.97,10.53,2486,24
2026-05-17 18:51:07,7.8,11.06,11.42,11.41,1545545,85873,5.6,0,0,0.0,1007,738,77,1.03,0.68,7.69,9.18,2483,3
2026-05-17 18:52:08,1.2,10.49,11.24,11.35,1545545,85879,5.6,0,0,0.0,1007,738,77,1.03,0.88,5.54,6.58,2475,5
2026-05-17 18:53:08,1.6,9.97,11.00,11.26,1545545,85919,5.6,0,0,0.0,1007,738,77,1.03,0.62,3.12,4.35,2474,3
2026-05-17 18:54:08,1.0,10.43,11.03,11.26,1545545,85909,5.6,0,0,0.0,1007,738,77,1.14,0.76,4.28,5.52,2476,7
2026-05-17 18:55:09,4.0,11.07,11.06,11.25,1545545,85910,5.6,0,0,0.0,1007,738,77,1.03,0.86,10.13,11.03,2472,8
2026-05-17 18:56:09,1.2,11.20,11.18,11.29,1545545,85894,5.6,0,0,0.0,1007,738,77,1.03,0.65,5.49,7.15,2474,4
2026-05-17 18:57:09,3.0,11.87,11.48,11.39,1545545,85916,5.6,0,0,0.0,1007,738,77,1.03,1.04,7.24,8.81,2475,5
2026-05-17 18:58:10,3.6,11.74,11.52,11.41,1545545,85928,5.6,0,0,0.0,1007,738,77,1.05,0.72,7.19,8.49,2476,7
2026-05-17 18:59:10,1.1,10.98,11.40,11.38,1545545,85907,5.6,0,0,0.0,1007,738,77,1.05,0.67,4.24,5.90,2470,2
2026-05-17 19:00:10,1.1,10.36,11.15,11.29,1545545,85904,5.6,0,0,0.0,1007,738,77,1.03,0.69,4.72,5.79,2482,1
2026-05-17 19:01:11,2.3,10.49,11.08,11.26,1545545,85892,5.6,0,0,0.0,1007,738,77,1.03,3.18,6.04,7.10,2474,5
2026-05-17 19:02:11,0.8,9.73,10.77,11.14,1545545,85901,5.6,0,0,0.0,1007,738,77,1.09,0.91,5.95,6.91,2470,1
2026-05-17 19:03:11,1.0,9.91,10.65,11.08,1545545,85903,5.6,0,0,0.0,1007,738,77,1.09,0.65,3.92,5.05,2470,1
2026-05-17 19:04:12,1.0,9.83,10.48,10.99,1545545,85909,5.6,0,0,0.0,1007,738,77,1.03,0.74,0.68,2.15,2478,2
2026-05-17 19:05:12,1.0,11.27,10.84,11.09,1545545,85892,5.6,0,0,0.0,1007,738,77,1.12,0.66,8.38,10.00,2474,1
2026-05-17 19:06:12,1.6,9.80,10.51,10.95,1545545,85897,5.6,0,0,0.0,1007,738,77,1.03,0.88,1.72,3.07,2488,5
2026-05-17 19:07:13,0.9,9.28,10.24,10.83,1545545,85879,5.6,0,0,0.0,1007,738,77,1.16,0.85,3.87,5.12,2482,3
2026-05-17 19:08:13,2.9,10.33,10.33,10.83,1545545,85903,5.6,0,0,0.0,1007,738,77,1.03,0.68,7.35,8.70,2471,5
2026-05-17 19:09:13,1.2,11.68,10.84,10.98,1545545,85896,5.6,0,0,0.0,1007,738,77,1.03,0.72,3.99,5.83,2468,3
2026-05-17 19:10:14,1.0,12.22,11.23,11.11,1545545,85885,5.6,0,0,0.0,1007,738,77,2.12,0.71,5.11,6.16,2466,3
2026-05-17 19:11:14,1.1,10.54,10.94,11.02,1545545,85874,5.6,0,0,0.0,1007,738,77,1.92,0.70,5.16,6.21,2474,6
2026-05-17 19:12:14,1.7,9.51,10.58,10.89,1545545,85906,5.6,0,0,0.0,1007,738,77,1.30,0.86,2.91,4.27,2479,3
2026-05-17 19:13:15,1.5,9.82,10.50,10.84,1545545,85920,5.6,0,0,0.0,1007,738,77,1.22,0.78,4.39,5.48,2480,2
2026-05-17 19:14:15,1.1,10.39,10.58,10.85,1545545,85922,5.6,0,0,0.0,1007,738,77,1.25,0.73,9.94,11.21,2495,3
2026-05-17 19:15:15,1.2,12.70,11.35,11.11,1545545,85895,5.6,0,0,0.0,1007,738,77,1.03,0.66,10.57,12.51,2499,3
2026-05-17 19:16:16,1.9,11.14,11.14,11.05,1545545,85907,5.6,0,0,0.0,1007,738,77,1.05,0.76,9.18,9.85,2489,2
2026-05-17 19:17:16,1.8,10.57,10.98,11.00,1545545,85937,5.6,0,0,0.0,1007,738,77,1.06,0.95,7.23,8.07,2475,7
2026-05-17 19:18:16,1.9,13.39,11.66,11.22,1545545,85927,5.6,0,0,0.0,1007,738,77,1.15,0.89,10.77,11.65,2488,7
2026-05-17 19:19:17,1.6,13.13,12.01,11.38,1545545,85939,5.6,0,0,0.0,1007,738,77,1.03,0.73,12.26,13.35,2482,3
2026-05-17 19:20:17,0.9,13.53,12.33,11.53,1545545,85883,5.6,0,0,0.0,1007,738,77,1.24,0.68,8.79,9.59,2480,1
2026-05-17 19:21:17,1.0,11.39,11.95,11.45,1545545,85879,5.6,0,0,0.0,1007,738,77,1.03,0.79,4.74,5.76,2496,1
2026-05-17 19:22:18,5.3,11.26,11.80,11.43,1545545,85914,5.6,0,0,0.0,1007,738,77,1.03,0.97,5.00,6.01,2500,4
2026-05-17 19:23:18,1.0,10.29,11.49,11.35,1545545,85900,5.6,0,0,0.0,1007,738,77,1.03,0.79,2.13,3.72,2485,5
2026-05-17 19:24:18,1.0,9.57,11.07,11.21,1545545,85903,5.6,0,0,0.0,1007,738,77,1.03,0.78,0.29,1.87,2473,1
2026-05-17 19:25:19,1.0,9.71,10.82,11.11,1545545,85894,5.6,0,0,0.0,1007,738,77,1.03,0.80,1.51,2.89,2453,1
2026-05-17 19:26:19,2.1,11.53,11.09,11.19,1545545,85893,5.6,0,0,0.0,1007,738,77,1.05,0.81,9.12,9.82,2449,3
2026-05-17 19:27:19,2.0,9.87,10.71,11.05,1545545,85899,5.6,0,0,0.0,1007,738,77,1.03,0.80,1.18,2.65,2460,3
2026-05-17 19:28:20,2.3,10.28,10.71,11.03,1545545,85925,5.6,0,0,0.0,1007,738,77,2.14,0.78,7.08,8.00,2476,7
2026-05-17 19:29:20,1.8,10.48,10.79,11.04,1545545,85914,5.6,0,0,0.0,1007,738,77,1.03,0.88,5.99,7.12,2484,6
2026-05-17 19:30:20,1.4,10.54,10.74,11.00,1545545,85885,5.6,0,0,0.0,1007,738,77,1.12,0.74,1.49,2.91,2497,4
2026-05-17 19:31:21,2.0,10.40,10.70,10.97,1545545,85887,5.6,0,0,0.0,1007,738,77,1.03,0.73,5.47,6.67,2488,5
2026-05-17 19:32:21,1.8,9.78,10.48,10.88,1545545,85922,5.6,0,0,0.0,1007,738,77,1.03,0.84,2.27,3.69,2482,5
2026-05-17 19:33:21,1.9,10.78,10.56,10.88,1545545,85935,5.6,0,0,0.0,1007,738,77,1.03,0.77,7.81,8.63,2471,4
2026-05-17 19:34:22,1.0,10.25,10.47,10.83,1545545,85915,5.6,0,0,0.0,1007,738,77,1.03,0.77,2.81,4.28,2480,4
2026-05-17 19:35:22,1.9,10.22,10.44,10.79,1545545,85926,5.6,0,0,0.0,1007,738,77,1.03,0.77,5.66,7.08,2479,12
2026-05-17 19:36:22,9.9,9.48,10.19,10.68,1545545,85903,5.6,0,0,0.0,1007,738,77,1.09,0.77,2.56,3.80,2478,3
2026-05-17 19:37:23,1.2,10.94,10.49,10.76,1545545,85910,5.6,0,0,0.0,1007,738,77,1.14,0.84,10.96,11.94,2477,3
2026-05-17 19:38:23,1.8,10.85,10.57,10.77,1545545,85943,5.6,0,0,0.0,1007,738,77,1.16,0.76,4.72,5.75,2482,6
2026-05-17 19:39:23,1.8,10.19,10.41,10.70,1545545,85955,5.6,0,0,0.0,1007,738,77,1.32,0.87,4.76,6.00,2479,7
2026-05-17 19:40:24,1.3,9.62,10.21,10.61,1545545,85905,5.6,0,0,0.0,1007,738,77,1.09,0.71,3.12,4.46,2484,6
2026-05-17 19:41:24,1.0,9.72,10.11,10.55,1545545,85895,5.6,0,0,0.0,1007,738,77,1.03,0.75,1.65,3.00,2478,2
2026-05-17 19:42:24,2.1,9.41,9.97,10.48,1545545,85923,5.6,0,0,0.0,1007,738,77,1.03,0.86,1.99,3.29,2471,2
2026-05-17 19:43:25,1.1,9.74,9.98,10.45,1545545,85920,5.6,0,0,0.0,1007,738,77,1.03,0.74,6.62,7.71,2485,4
2026-05-17 19:44:25,1.7,10.59,10.14,10.47,1545545,85940,5.6,0,0,0.0,1007,738,77,1.03,0.76,4.85,5.98,2489,3
2026-05-17 19:45:25,1.1,10.18,10.14,10.45,1545545,85903,5.6,0,0,0.0,1007,738,77,1.03,0.71,3.96,5.48,2481,1
2026-05-17 19:46:26,1.1,10.71,10.33,10.50,1545545,85934,5.6,0,0,0.0,1007,738,77,1.03,0.91,6.84,7.84,2489,1
2026-05-17 19:47:26,1.4,9.60,10.07,10.40,1545545,85938,5.6,0,0,0.0,1007,738,77,1.03,0.89,0.73,2.14,2491,1
2026-05-17 19:48:26,1.3,11.35,10.51,10.53,1545545,85925,5.6,0,0,0.0,1007,738,77,1.03,0.69,9.73,10.92,2473,4
2026-05-17 19:49:27,3.1,15.33,11.66,10.92,1545545,85962,5.6,0,0,0.0,1007,738,77,1.03,0.73,9.82,11.38,2470,5
2026-05-17 19:50:27,1.1,12.36,11.48,10.90,1545545,85910,5.6,0,0,0.0,1007,738,77,1.04,0.75,2.26,3.95,2489,2
2026-05-17 19:51:27,1.2,10.53,11.09,10.80,1545545,85898,5.6,0,0,0.0,1007,738,77,1.17,0.66,0.84,2.39,2488,4
2026-05-17 19:52:28,1.0,10.08,10.85,10.73,1545545,85902,5.6,0,0,0.0,1007,738,77,1.20,0.89,2.34,3.66,2488,2
2026-05-17 19:53:28,1.0,9.90,10.67,10.68,1545545,85915,5.6,0,0,0.0,1007,738,77,1.03,0.72,0.73,2.15,2483,3
2026-05-17 19:54:28,1.3,9.99,10.55,10.64,1545545,85931,5.6,0,0,0.0,1007,738,77,1.03,0.73,4.69,5.91,2476,2
2026-05-17 19:55:29,1.9,9.91,10.42,10.59,1545545,85912,5.6,0,0,0.0,1007,738,77,1.03,0.62,3.35,4.67,2460,4
2026-05-17 19:56:29,1.6,10.52,10.53,10.62,1545545,85934,5.6,0,0,0.0,1007,738,77,1.03,0.85,6.33,7.52,2471,14
2026-05-17 19:57:29,1.8,10.35,10.48,10.59,1545545,85948,5.6,0,0,0.0,1007,738,77,1.03,0.95,9.00,9.82,2477,3
2026-05-17 19:58:30,2.3,10.13,10.35,10.54,1545545,85957,5.6,0,0,0.0,1007,738,77,1.03,0.63,5.95,6.97,2487,4
2026-05-17 19:59:30,0.9,9.33,10.09,10.44,1545545,85936,5.6,0,0,0.0,1007,738,77,1.16,0.70,0.86,2.29,2479,2
2026-05-17 20:00:30,1.1,10.04,10.11,10.42,1545545,85918,5.6,0,0,0.0,1007,738,77,1.13,0.69,5.42,6.65,2501,3
2026-05-17 20:01:31,0.9,10.25,10.23,10.44,1545545,85920,5.6,0,0,0.0,1007,738,77,1.03,0.82,9.24,10.68,2486,2
2026-05-17 20:02:31,1.1,10.66,10.32,10.46,1545545,85916,5.6,0,0,0.0,1007,738,77,1.03,0.82,7.92,8.77,2490,6
2026-05-17 20:03:31,1.0,17.13,12.07,11.04,1545545,85930,5.6,0,0,0.0,1007,738,77,1.03,0.82,3.24,4.55,2494,2
2026-05-17 20:04:32,2.0,12.50,11.71,10.98,1545545,85946,5.6,0,0,0.0,1007,738,77,1.03,0.75,4.04,5.19,2478,7
2026-05-17 20:05:32,1.1,11.52,11.64,11.01,1545545,85917,5.6,0,0,0.0,1007,738,77,1.03,0.68,5.63,6.88,2469,2
2026-05-17 20:06:32,1.0,10.54,11.34,10.95,1545545,85910,5.6,0,0,0.0,1007,738,77,1.03,0.80,0.69,2.15,2485,5
2026-05-17 20:07:33,1.8,11.69,11.47,11.01,1545545,85897,5.6,0,0,0.0,1007,738,77,1.03,0.85,4.83,5.93,2479,5
2026-05-17 20:08:33,1.1,12.57,11.85,11.18,1545545,85925,5.6,0,0,0.0,1007,738,77,1.03,0.77,8.46,10.09,2482,4
2026-05-17 20:09:33,1.0,10.82,11.48,11.09,1545545,85932,5.6,0,0,0.0,1007,738,77,1.03,0.78,0.33,1.88,2487,2
2026-05-17 20:10:34,1.0,12.14,11.79,11.22,1545545,85913,5.6,0,0,0.0,1007,738,77,1.03,0.70,9.02,9.97,2477,5
2026-05-17 20:11:34,1.0,11.87,11.76,11.25,1545545,85915,5.6,0,0,0.0,1007,738,77,1.22,0.61,4.38,5.41,2463,4
2026-05-17 20:12:34,1.6,14.04,12.24,11.43,1545545,85931,5.6,0,0,0.0,1007,738,77,1.21,0.85,1.59,2.96,2475,3
2026-05-17 20:13:35,1.3,14.71,12.84,11.69,1545545,85941,5.6,0,0,0.0,1007,738,77,1.27,0.79,7.50,8.35,2466,10
2026-05-17 20:14:35,2.0,15.61,13.30,11.91,1545545,85961,5.6,0,0,0.0,1007,738,77,1.05,0.69,2.59,3.96,2470,9
2026-05-17 20:15:35,2.5,14.30,13.19,11.95,1545545,85935,5.6,0,0,0.0,1007,738,77,1.03,0.79,5.69,6.72,2481,2
2026-05-17 20:16:36,1.0,12.34,12.82,11.90,1545545,85915,5.6,0,0,0.0,1007,738,77,1.03,0.81,4.72,5.83,2469,3
2026-05-17 20:17:36,1.5,10.46,12.16,11.73,1545545,85908,5.6,0,0,0.0,1007,738,77,1.37,0.90,3.96,5.09,2473,2
2026-05-17 20:18:36,1.0,11.28,12.20,11.78,1545545,85926,5.6,0,0,0.0,1007,738,77,2.06,0.68,4.22,5.61,2475,1
2026-05-17 20:19:37,1.2,10.43,11.75,11.65,1545545,85948,5.6,0,0,0.0,1007,738,77,1.35,0.75,8.06,8.98,2485,9
2026-05-17 20:20:37,4.2,10.46,11.55,11.58,1545545,85898,5.6,0,0,0.0,1007,738,77,1.30,0.75,5.50,6.53,2481,21
2026-05-17 20:21:37,1.0,10.26,11.27,11.48,1545545,85906,5.6,0,0,0.0,1007,738,77,1.04,0.71,2.69,3.97,2479,4
2026-05-17 20:22:38,3.4,13.92,11.94,11.69,1545545,85919,5.6,0,0,0.0,1007,738,77,1.03,1.00,9.42,10.37,2495,8
2026-05-17 20:23:38,3.3,12.27,11.84,11.67,1545545,85939,5.6,0,0,0.0,1007,738,77,1.07,0.83,8.90,10.30,2471,8
2026-05-17 20:24:39,2.9,12.39,11.89,11.69,1545545,85968,5.6,0,0,0.0,1007,738,77,1.09,0.64,9.70,10.83,2457,5
2026-05-17 20:25:39,3.1,11.92,11.81,11.67,1545545,85923,5.6,0,0,0.0,1007,738,77,1.16,0.91,6.88,8.53,2476,5
2026-05-17 20:26:39,1.1,12.31,12.01,11.76,1545545,85907,5.6,0,0,0.0,1007,738,77,1.03,0.89,8.15,9.75,2477,3
2026-05-17 20:27:40,1.7,13.25,12.41,11.92,1545545,85904,5.6,0,0,0.0,1007,738,77,1.12,0.75,9.85,10.74,2476,2
2026-05-17 20:28:40,1.8,11.62,12.15,11.86,1545545,85923,5.6,0,0,0.0,1007,738,77,1.10,0.75,4.33,5.51,2490,4
2026-05-17 20:29:40,1.7,10.96,11.83,11.76,1545545,85950,5.6,0,0,0.0,1007,738,77,1.03,0.73,5.76,6.67,2503,6
2026-05-17 20:30:41,1.0,10.07,11.44,11.63,1545545,85907,5.6,0,0,0.0,1007,738,77,1.03,0.85,2.15,3.53,2480,3
2026-05-17 20:31:41,2.9,11.00,11.34,11.58,1545545,85940,5.6,0,0,0.0,1007,738,77,1.03,0.79,2.84,4.27,2481,4
2026-05-17 20:32:41,3.1,12.71,11.74,11.70,1545545,85939,5.6,0,0,0.0,1007,738,77,1.03,0.80,10.93,13.11,2481,5
2026-05-17 20:33:42,3.3,12.08,11.73,11.70,1545545,85947,5.6,0,0,0.0,1007,738,77,1.12,0.66,7.30,8.19,2486,2
2026-05-17 20:34:42,1.2,12.51,11.93,11.77,1545545,85932,5.6,0,0,0.0,1007,738,77,1.03,0.73,10.67,12.48,2497,7
2026-05-17 20:35:42,1.8,10.86,11.51,11.63,1545545,85922,5.6,0,0,0.0,1007,738,77,1.03,0.68,6.67,7.55,2504,5
2026-05-17 20:36:43,3.1,12.18,11.68,11.68,1545545,85922,5.6,0,0,0.0,1007,738,77,1.07,1.01,11.94,13.82,2495,4
2026-05-17 20:37:43,1.7,12.42,11.82,11.73,1545545,85925,5.6,0,0,0.0,1007,738,77,1.03,0.71,8.19,10.21,2502,4
2026-05-17 20:38:43,1.1,11.30,11.60,11.66,1545545,85944,5.6,0,0,0.0,1007,738,77,1.03,0.70,10.00,11.50,2474,4
2026-05-17 20:39:44,3.2,11.02,11.39,11.58,1545545,85955,5.6,0,0,0.0,1007,738,77,1.03,0.70,7.47,8.99,2460,7
2026-05-17 20:40:44,0.9,11.59,11.50,11.60,1545545,85933,5.6,0,0,0.0,1007,738,77,1.03,0.78,12.20,13.20,2457,4
2026-05-17 20:41:44,1.3,13.14,11.91,11.73,1545545,85933,5.6,0,0,0.0,1007,738,77,1.03,0.80,6.64,8.12,2477,6
2026-05-17 20:42:45,1.1,11.21,11.55,11.62,1545545,85910,5.6,0,0,0.0,1007,738,77,1.03,0.79,5.60,6.65,2475,3
2026-05-17 20:43:45,2.9,10.28,11.23,11.50,1545545,85945,5.6,0,0,0.0,1007,738,77,1.03,0.77,6.30,7.33,2478,4
2026-05-17 20:44:45,1.1,14.42,12.76,12.04,1545545,85939,5.6,0,0,0.0,1007,738,77,1.03,0.83,7.97,9.64,2485,2
2026-05-17 20:45:46,2.0,12.06,12.34,11.94,1545545,85940,5.6,0,0,0.0,1007,738,77,1.03,0.74,6.53,7.75,2483,4
2026-05-17 20:46:46,0.9,10.99,12.04,11.86,1545545,85913,5.6,0,0,0.0,1007,738,77,1.03,0.86,6.32,7.25,2475,1
2026-05-17 20:47:46,1.9,11.86,11.99,11.85,1545545,85935,5.6,0,0,0.0,1007,738,77,1.03,0.81,7.52,8.77,2481,4
2026-05-17 20:48:47,2.9,12.61,12.11,11.90,1545545,85956,5.6,0,0,0.0,1007,738,77,1.10,0.73,6.67,7.66,2481,11
2026-05-17 20:49:47,2.1,10.65,11.63,11.74,1545545,85941,5.6,0,0,0.0,1007,738,77,1.25,0.67,2.32,3.75,2481,1
2026-05-17 20:50:47,1.6,12.12,11.84,11.81,1545545,85927,5.6,0,0,0.0,1007,738,77,1.03,0.75,10.90,11.78,2479,8
2026-05-17 20:51:48,1.1,10.77,11.53,11.70,1545545,85914,5.6,0,0,0.0,1007,738,77,1.03,0.73,5.79,7.29,2471,4
2026-05-17 20:52:48,2.0,9.79,11.11,11.55,1545545,85957,5.6,0,0,0.0,1007,738,77,1.03,0.84,3.11,4.35,2472,4
2026-05-17 20:53:48,3.7,12.04,11.37,11.60,1545545,85952,5.6,0,0,0.0,1007,738,77,1.05,0.94,3.67,5.08,2473,3
2026-05-17 20:54:49,1.1,11.73,11.51,11.64,1545545,85940,5.6,0,0,0.0,1007,738,77,1.10,0.86,5.73,7.21,2474,1
2026-05-17 20:55:49,1.1,11.30,11.41,11.60,1545545,85915,5.6,0,0,0.0,1007,738,77,1.10,0.75,3.08,4.34,2466,1
2026-05-17 20:56:49,1.2,10.18,11.06,11.46,1545545,85932,5.6,0,0,0.0,1007,738,77,1.10,0.78,2.74,3.98,2467,3
2026-05-17 20:57:50,1.9,10.49,11.01,11.42,1545545,85981,5.6,0,0,0.0,1007,738,77,1.03,0.75,7.75,8.58,2484,4
2026-05-17 20:58:50,2.0,11.71,11.29,11.49,1545545,85970,5.6,0,0,0.0,1007,738,77,1.03,0.84,7.20,8.26,2490,2
2026-05-17 20:59:50,1.1,12.03,11.50,11.55,1545545,85946,5.6,0,0,0.0,1007,738,77,1.03,0.75,7.52,8.72,2498,2
2026-05-17 21:00:51,1.9,11.52,11.43,11.52,1545545,85929,5.6,0,0,0.0,1007,738,77,1.03,0.75,11.75,12.84,2508,3
2026-05-17 21:01:51,1.1,10.80,11.24,11.45,1545545,85912,5.6,0,0,0.0,1007,738,77,1.03,0.86,1.33,2.75,2513,1
2026-05-17 21:02:51,1.7,12.74,11.63,11.57,1545545,85965,5.6,0,0,0.0,1007,738,77,1.03,0.70,7.72,9.23,2493,6
2026-05-17 21:03:52,1.6,11.32,11.44,11.50,1545545,85953,5.6,0,0,0.0,1007,738,77,1.03,0.85,4.28,5.37,2484,2
2026-05-17 21:04:52,2.9,10.96,11.32,11.46,1545545,85962,5.6,0,0,0.0,1007,738,77,1.03,0.84,3.96,5.27,2478,4
2026-05-17 21:05:52,1.3,10.50,11.12,11.38,1545545,85923,5.6,0,0,0.0,1007,738,77,1.08,0.78,3.49,4.80,2468,7
2026-05-17 21:06:53,1.2,10.69,11.02,11.33,1545545,85930,5.6,0,0,0.0,1007,738,77,1.03,0.79,2.66,4.01,2467,3
2026-05-17 21:07:53,1.0,10.09,10.81,11.24,1545545,85925,5.6,0,0,0.0,1007,738,77,1.07,0.86,5.34,6.70,2477,3
2026-05-17 21:08:53,1.0,9.60,10.54,11.11,1545545,85923,5.6,0,0,0.0,1007,738,77,1.12,0.75,2.32,3.78,2476,3
2026-05-17 21:09:54,1.0,9.87,10.47,11.05,1545545,85938,5.6,0,0,0.0,1007,738,77,1.03,0.75,1.15,2.52,2473,5
2026-05-17 21:10:54,1.8,10.15,10.43,11.00,1545545,85930,5.6,0,0,0.0,1007,738,77,1.03,0.78,6.85,7.86,2472,8
2026-05-17 21:11:54,1.6,10.56,10.49,10.98,1545545,85922,5.6,0,0,0.0,1007,738,77,1.03,0.89,8.79,9.59,2462,10
2026-05-17 21:12:55,1.2,12.81,11.23,11.21,1545545,85938,5.6,0,0,0.0,1007,738,77,1.09,0.69,11.89,13.13,2470,1
2026-05-17 21:13:55,1.1,10.85,10.96,11.12,1545545,85921,5.6,0,0,0.0,1007,738,77,1.03,0.66,0.33,1.78,2474,2
2026-05-17 21:14:55,2.0,10.69,10.91,11.09,1545545,85953,5.6,0,0,0.0,1007,738,77,1.03,0.79,4.78,5.89,2482,2
2026-05-17 21:15:56,1.9,10.70,10.92,11.08,1545545,85909,5.6,0,0,0.0,1007,738,77,1.03,0.85,7.13,8.14,2492,1
2026-05-17 21:16:56,0.9,9.73,10.61,10.97,1545545,85907,5.6,0,0,0.0,1007,738,77,1.03,0.80,4.27,5.45,2492,5
2026-05-17 21:17:56,3.3,10.63,10.60,10.93,1545545,85950,5.6,0,0,0.0,1007,738,77,1.04,0.84,8.06,9.15,2488,4
2026-05-17 21:18:57,1.1,9.98,10.45,10.86,1545545,85936,5.6,0,0,0.0,1007,738,77,1.03,0.73,1.96,3.55,2487,2
2026-05-17 21:19:57,1.2,9.88,10.32,10.79,1545545,85935,5.6,0,0,0.0,1007,738,77,1.03,0.67,5.55,6.56,2480,1
2026-05-17 21:20:57,1.7,11.79,10.71,10.89,1545545,85934,5.6,0,0,0.0,1007,738,77,1.03,0.75,6.06,7.71,2485,6
2026-05-17 21:21:58,3.2,11.44,10.76,10.89,1545545,85931,5.6,0,0,0.0,1007,738,77,1.03,0.98,6.91,8.69,2481,8
2026-05-17 21:22:58,1.7,10.67,10.65,10.85,1545545,85957,5.6,0,0,0.0,1007,738,77,1.10,0.90,9.44,10.15,2481,2
2026-05-17 21:23:58,1.3,11.94,11.00,10.95,1545545,85952,5.6,0,0,0.0,1007,738,77,1.03,0.81,9.61,11.33,2479,4
2026-05-17 21:24:59,1.8,10.61,10.83,10.90,1545545,85970,5.6,0,0,0.0,1007,738,77,1.03,0.71,2.46,3.70,2468,2
2026-05-17 21:25:59,2.8,13.65,11.61,11.16,1545545,85934,5.6,0,0,0.0,1007,738,77,1.03,0.82,11.65,13.29,2468,5
2026-05-17 21:26:59,1.1,11.66,11.53,11.17,1545545,85921,5.6,0,0,0.0,1007,738,77,1.03,0.95,4.14,5.98,2475,4
2026-05-17 21:28:00,1.1,10.43,11.22,11.08,1545545,85931,5.6,0,0,0.0,1007,738,77,1.05,0.90,4.75,5.87,2475,5
2026-05-17 21:29:00,1.4,10.66,11.14,11.07,1545545,85933,5.6,0,0,0.0,1007,738,77,1.03,0.73,5.81,7.09,2474,7
2026-05-17 21:30:00,2.1,9.99,10.91,10.99,1545545,85934,5.6,0,0,0.0,1007,738,77,1.03,0.78,4.50,5.69,2490,2
2026-05-17 21:31:01,1.9,9.36,10.56,10.87,1545545,85940,5.6,0,0,0.0,1007,738,77,1.03,0.75,1.60,2.96,2474,6
2026-05-17 21:32:01,3.0,10.00,10.48,10.82,1545545,85927,5.6,0,0,0.0,1007,738,77,1.03,0.79,5.07,6.40,2473,3
2026-05-17 21:33:01,1.1,12.89,11.29,11.08,1545545,85940,5.6,0,0,0.0,1007,738,77,1.03,0.85,10.62,11.80,2477,5
2026-05-17 21:34:02,1.1,11.97,11.34,11.11,1545545,85947,5.6,0,0,0.0,1007,738,77,1.03,0.76,4.34,5.42,2480,3
2026-05-17 21:35:02,1.7,10.50,11.00,11.00,1545545,85969,5.6,0,0,0.0,1007,738,77,1.06,0.71,4.30,5.39,2489,6
2026-05-17 21:36:02,8.6,10.79,10.98,10.99,1545545,85931,5.6,0,0,0.0,1007,738,77,1.03,0.77,5.54,6.58,2490,22
2026-05-17 21:37:03,1.6,10.00,10.69,10.89,1545545,85931,5.6,0,0,0.0,1007,738,77,1.09,0.92,3.87,5.12,2497,3
2026-05-17 21:38:03,1.0,10.18,10.68,10.88,1545545,85931,5.6,0,0,0.0,1007,738,77,1.10,0.80,0.70,2.14,2482,5
2026-05-17 21:39:03,1.1,9.62,10.43,10.78,1545545,85939,5.6,0,0,0.0,1007,738,77,1.16,0.70,1.65,3.17,2479,7
2026-05-17 21:40:04,1.0,9.32,10.20,10.68,1545545,85920,5.6,0,0,0.0,1007,738,77,1.03,0.79,0.34,1.76,2470,4
2026-05-17 21:41:04,1.0,9.53,10.10,10.61,1545545,85905,5.6,0,0,0.0,1007,738,77,1.03,0.63,2.46,3.71,2470,6
2026-05-17 21:42:04,2.2,10.53,10.26,10.63,1545545,85937,5.6,0,0,0.0,1007,738,77,1.07,0.86,9.70,10.65,2469,5
2026-05-17 21:43:05,3.1,10.36,10.27,10.61,1545545,85953,5.6,0,0,0.0,1007,738,77,1.03,0.64,6.23,7.23,2485,7
2026-05-17 21:44:05,2.9,10.99,10.50,10.67,1545545,85954,5.6,0,0,0.0,1007,738,77,1.03,0.82,9.14,10.86,2474,6
2026-05-17 21:45:05,1.2,10.75,10.56,10.69,1545545,85918,5.6,0,0,0.0,1007,738,77,1.03,0.79,7.66,8.82,2483,2
2026-05-17 21:46:06,0.9,10.48,10.52,10.67,1545545,85919,5.6,0,0,0.0,1007,738,77,1.03,0.71,6.74,7.65,2495,3
2026-05-17 21:47:06,1.0,10.50,10.54,10.66,1545545,85920,5.6,0,0,0.0,1007,738,77,1.03,0.89,5.34,6.78,2489,1
2026-05-17 21:48:06,2.2,9.99,10.36,10.59,1545545,85962,5.6,0,0,0.0,1007,738,77,1.04,0.75,5.37,6.38,2490,2
2026-05-17 21:49:07,1.9,10.43,10.38,10.58,1545545,85967,5.6,0,0,0.0,1007,738,77,1.03,0.73,7.50,8.64,2493,2
2026-05-17 21:50:07,3.3,10.67,10.36,10.55,1545545,85940,5.6,0,0,0.0,1007,738,77,1.03,0.78,4.88,6.31,2482,9
2026-05-17 21:51:07,1.1,10.35,10.45,10.58,1545545,85915,5.6,0,0,0.0,1007,738,77,1.03,0.73,5.04,6.32,2475,10
2026-05-17 21:52:08,1.0,10.03,10.35,10.54,1545545,85917,5.6,0,0,0.0,1007,738,77,1.03,0.80,0.71,2.18,2469,1
2026-05-17 21:53:08,1.3,10.64,10.47,10.56,1545545,85931,5.6,0,0,0.0,1007,738,77,1.03,0.68,5.09,6.15,2462,3
2026-05-17 21:54:08,2.9,13.08,11.07,10.76,1545545,85965,5.6,0,0,0.0,1007,738,77,1.03,0.76,2.82,4.31,2462,5
2026-05-17 21:55:09,1.2,13.24,11.57,10.95,1545545,85937,5.6,0,0,0.0,1007,738,77,1.03,0.72,8.04,9.35,2469,5
2026-05-17 21:56:09,2.0,15.50,12.52,11.31,1545545,85951,5.6,0,0,0.0,1007,738,77,1.03,0.80,8.04,9.08,2472,2
2026-05-17 21:57:09,1.8,15.12,12.96,11.54,1545545,85952,5.6,0,0,0.0,1007,738,77,1.14,0.92,5.38,6.47,2479,4
2026-05-17 21:58:10,2.0,16.65,13.65,11.86,1545545,85983,5.6,0,0,0.0,1007,738,77,1.03,0.70,5.56,6.63,2478,2
2026-05-17 21:59:10,2.0,17.42,14.41,12.23,1545545,85969,5.6,0,0,0.0,1007,738,77,1.03,0.63,12.40,13.49,2475,2
2026-05-17 22:00:10,1.1,13.68,14.04,12.25,1545545,85928,5.6,0,0,0.0,1007,738,77,1.03,0.86,2.71,4.03,2476,3
2026-05-17 22:01:11,1.2,11.11,13.26,12.09,1545545,85916,5.6,0,0,0.0,1007,738,77,1.16,2.97,2.00,3.47,2480,6
2026-05-17 22:02:11,3.0,12.95,13.51,12.26,1545545,85943,5.6,0,0,0.0,1007,738,77,1.15,0.77,8.86,10.22,2476,4
2026-05-17 22:03:11,1.0,10.84,12.83,12.10,1545545,85940,5.6,0,0,0.0,1007,738,77,1.10,0.72,5.90,6.93,2467,3
2026-05-17 22:04:12,1.0,14.99,13.66,12.43,1545545,85940,5.6,0,0,0.0,1007,738,77,1.18,0.71,7.80,8.97,2486,1
2026-05-17 22:05:12,1.9,13.56,13.43,12.43,1545545,85949,5.6,0,0,0.0,1007,738,77,1.03,0.76,6.25,7.26,2483,3
2026-05-17 22:06:12,1.4,13.80,13.41,12.48,1545545,85933,5.6,0,0,0.0,1007,738,77,1.41,0.72,11.70,13.08,2482,4
2026-05-17 22:07:13,1.8,11.14,12.73,12.30,1545545,85947,5.6,0,0,0.0,1007,738,77,1.52,0.91,1.60,3.04,2468,5
2026-05-17 22:08:13,1.7,9.88,12.04,12.09,1545545,85943,5.6,0,0,0.0,1007,738,77,1.14,0.74,3.16,4.43,2470,4
2026-05-17 22:09:13,1.1,9.91,11.66,11.95,1545545,85945,5.6,0,0,0.0,1007,738,77,1.14,0.68,6.59,7.62,2451,1
2026-05-17 22:10:14,1.0,10.08,11.39,11.84,1545545,85934,5.6,0,0,0.0,1007,738,77,1.04,0.73,2.32,3.63,2468,1
2026-05-17 22:11:14,1.9,10.46,11.27,11.77,1545545,85928,5.6,0,0,0.0,1007,738,77,1.03,0.72,6.99,8.12,2469,4
2026-05-17 22:12:14,1.2,9.99,10.99,11.64,1545545,85920,5.6,0,0,0.0,1007,738,77,1.03,0.89,4.48,5.72,2481,1
2026-05-17 22:13:15,1.2,9.51,10.68,11.50,1545545,85934,5.6,0,0,0.0,1007,738,77,1.12,0.76,3.89,5.05,2481,2
2026-05-17 22:14:15,0.9,9.36,10.42,11.35,1545545,85942,5.6,0,0,0.0,1007,738,77,1.08,0.66,0.73,2.17,2485,5
2026-05-17 22:15:15,1.0,9.83,10.36,11.27,1545545,85930,5.6,0,0,0.0,1007,738,77,1.03,0.77,6.30,7.30,2476,1
2026-05-17 22:16:16,3.0,12.52,10.91,11.40,1545545,85940,5.6,0,0,0.0,1007,738,77,1.03,0.82,7.52,8.41,2476,4
2026-05-17 22:17:16,1.0,14.95,11.76,11.65,1545545,85920,5.6,0,0,0.0,1007,738,77,1.03,0.92,7.07,8.09,2487,10
2026-05-17 22:18:16,1.6,12.81,11.71,11.64,1545545,85960,5.6,0,0,0.0,1007,738,77,1.03,0.70,10.34,11.25,2502,5
2026-05-17 22:19:17,1.3,11.29,11.44,11.54,1545545,85947,5.6,0,0,0.0,1007,738,77,1.03,0.77,4.20,5.60,2495,1
2026-05-17 22:20:17,2.7,10.15,11.12,11.43,1545545,85930,5.6,0,0,0.0,1007,738,77,1.03,0.78,2.76,4.04,2496,3
2026-05-17 22:21:17,1.0,9.68,10.81,11.30,1545545,85923,5.6,0,0,0.0,1007,738,77,1.03,0.76,0.74,2.17,2489,6
2026-05-17 22:22:18,2.2,9.25,10.46,11.15,1545545,85941,5.6,0,0,0.0,1007,738,77,1.03,0.92,0.77,2.21,2473,2
2026-05-17 22:23:18,1.0,9.70,10.39,11.08,1545545,85957,5.6,0,0,0.0,1007,738,77,1.03,0.90,5.84,7.21,2468,2
2026-05-17 22:24:18,0.9,10.60,10.49,11.07,1545545,85959,5.6,0,0,0.0,1007,738,77,1.03,0.70,8.34,9.12,2468,5
2026-05-17 22:25:19,1.2,11.30,10.76,11.13,1545545,85923,5.6,0,0,0.0,1007,738,77,1.65,0.66,3.47,4.81,2468,4
2026-05-17 22:26:19,3.0,12.21,11.12,11.23,1545545,85937,5.6,0,0,0.0,1007,738,77,1.21,0.74,9.48,10.74,2479,6
2026-05-17 22:27:19,1.6,11.86,11.30,11.29,1545545,85925,5.6,0,0,0.0,1007,738,77,1.03,0.90,6.30,8.00,2483,5
2026-05-17 22:28:20,2.5,10.33,10.97,11.17,1545545,85975,5.6,0,0,0.0,1007,738,77,1.03,0.74,4.35,5.52,2474,4
2026-05-17 22:29:20,2.3,10.40,10.91,11.14,1545545,85978,5.6,0,0,0.0,1007,738,77,2.07,0.94,5.95,7.07,2478,1
2026-05-17 22:30:20,1.4,10.67,10.90,11.12,1545545,85941,5.6,0,0,0.0,1007,738,77,1.03,0.73,1.90,3.24,2475,2
2026-05-17 22:31:21,1.8,10.05,10.65,11.02,1545545,85958,5.6,0,0,0.0,1007,738,77,1.17,0.68,2.10,3.40,2473,6
2026-05-17 22:32:21,2.2,10.79,10.79,11.04,1545545,85968,5.6,0,0,0.0,1007,738,77,1.03,0.85,12.37,13.33,2481,4
2026-05-17 22:33:21,1.3,9.84,10.52,10.93,1545545,85967,5.6,0,0,0.0,1007,738,77,0.00,0.69,4.73,5.89,2489,3
2026-05-17 22:34:22,1.2,10.92,10.77,11.00,1545545,85980,5.6,0,0,0.0,1007,738,77,2.07,0.76,4.54,6.41,2480,5
2026-05-17 22:35:22,1.0,10.23,10.60,10.92,1545545,85947,5.6,0,0,0.0,1007,738,77,1.03,0.80,1.91,3.44,2480,3
2026-05-17 22:36:22,1.2,9.68,10.40,10.84,1545545,85952,5.6,0,0,0.0,1007,738,77,1.03,0.71,3.96,5.08,2479,2
2026-05-17 22:37:23,1.0,9.74,10.29,10.77,1545545,85954,5.6,0,0,0.0,1007,738,77,1.03,0.90,0.36,1.84,2463,6
2026-05-17 22:38:23,1.4,10.54,10.40,10.78,1545545,85968,5.6,0,0,0.0,1007,738,77,1.03,0.66,3.36,4.97,2468,3
2026-05-17 22:39:23,1.1,10.20,10.30,10.72,1545545,85993,5.6,0,0,0.0,1007,738,77,1.03,0.73,9.08,9.84,2458,1
2026-05-17 22:40:24,1.0,10.23,10.31,10.69,1545545,85942,5.6,0,0,0.0,1007,738,77,1.03,0.73,3.20,4.64,2462,1
2026-05-17 22:41:24,2.5,10.38,10.32,10.67,1545545,85966,5.6,0,0,0.0,1007,738,77,1.03,0.72,7.28,8.08,2472,1
2026-05-17 22:42:24,1.0,11.04,10.52,10.72,1545545,85945,5.6,0,0,0.0,1007,738,77,1.03,0.94,7.32,8.76,2481,2
2026-05-17 22:43:25,1.2,10.27,10.41,10.67,1545545,85968,5.6,0,0,0.0,1007,738,77,1.03,0.59,7.14,7.94,2482,1
2026-05-17 22:44:25,1.0,10.05,10.31,10.62,1545545,86002,5.6,0,0,0.0,1007,738,77,1.03,0.78,6.69,7.74,2486,2
2026-05-17 22:45:25,1.1,9.74,10.14,10.54,1545545,85960,5.6,0,0,0.0,1007,738,77,1.03,0.85,1.13,2.58,2484,3
2026-05-17 22:46:25,1.2,10.45,10.27,10.55,1545545,85951,5.6,0,0,0.0,1007,738,77,1.03,0.74,6.01,6.98,2464,2
2026-05-17 22:47:26,1.1,10.76,10.41,10.59,1545545,85959,5.6,0,0,0.0,1007,738,77,1.03,0.96,5.96,6.90,2467,2
2026-05-17 22:48:26,1.5,10.76,10.47,10.60,1545545,85979,5.6,0,0,0.0,1007,738,77,1.03,0.69,1.49,2.92,2484,1
2026-05-17 22:49:26,2.0,11.77,10.89,10.74,1545545,85999,5.6,0,0,0.0,1007,738,77,1.03,0.69,10.72,12.45,2480,4
2026-05-17 22:50:27,1.1,10.29,10.65,10.67,1545545,85972,5.6,0,0,0.0,1007,738,77,1.03,0.65,5.80,6.89,2468,2
2026-05-17 22:51:27,1.9,10.17,10.51,10.61,1545545,85970,5.6,0,0,0.0,1007,738,77,1.03,0.84,4.68,5.80,2482,3
2026-05-17 22:52:27,1.3,12.90,11.13,10.81,1545545,85972,5.6,0,0,0.0,1007,738,77,1.03,0.89,6.94,7.88,2479,2
2026-05-17 22:53:28,3.4,11.38,11.06,10.81,1545545,85959,5.6,0,0,0.0,1007,738,77,1.03,0.64,5.99,6.95,2475,2
2026-05-17 22:54:28,1.7,11.18,11.07,10.83,1545545,85990,5.6,0,0,0.0,1007,738,77,1.49,0.77,9.08,9.82,2503,8
2026-05-17 22:55:28,3.0,10.36,10.87,10.78,1545545,85967,5.6,0,0,0.0,1007,738,77,1.03,0.75,5.39,6.61,2515,4
2026-05-17 22:56:29,1.1,9.98,10.71,10.73,1545545,85960,5.6,0,0,0.0,1007,738,77,1.03,0.89,5.85,7.12,2514,8
2026-05-17 22:57:29,1.7,9.40,10.41,10.62,1545545,85976,5.6,0,0,0.0,1007,738,77,1.03,0.86,4.67,5.88,2522,16
2026-05-17 22:58:29,1.6,12.22,11.34,10.95,1545545,86006,5.6,0,0,0.0,1007,738,77,1.32,0.75,1.24,2.72,2516,2
2026-05-17 22:59:30,2.4,11.86,11.42,11.01,1545545,86015,5.6,0,0,0.0,1007,738,77,1.07,0.66,6.45,7.36,2485,3
2026-05-17 23:00:30,1.2,12.92,11.87,11.19,1545545,85953,5.6,0,0,0.0,1007,738,77,1.03,0.68,5.95,7.63,2491,2
2026-05-17 23:01:30,1.1,10.66,11.43,11.08,1545545,85955,5.6,0,0,0.0,1007,738,77,1.04,3.16,3.13,4.33,2477,2
2026-05-17 23:02:31,1.5,10.40,11.20,11.02,1545545,85957,5.6,0,0,0.0,1007,738,77,1.03,0.85,6.48,7.38,2486,5
2026-05-17 23:03:31,1.1,9.31,10.74,10.87,1545545,85964,5.6,0,0,0.0,1007,738,77,1.03,0.79,0.74,2.26,2485,1
2026-05-17 23:04:31,1.2,11.61,11.08,10.98,1545545,85979,5.6,0,0,0.0,1007,738,77,1.19,0.66,10.64,11.31,2496,1
2026-05-17 23:05:32,2.3,11.10,11.00,10.96,1545545,85974,5.6,0,0,0.0,1007,738,77,1.31,0.78,5.36,6.53,2486,4
2026-05-17 23:06:32,5.1,10.74,10.86,10.91,1545545,85972,5.6,0,0,0.0,1007,738,77,1.07,0.78,7.47,8.94,2501,21
2026-05-17 23:07:33,1.5,11.28,11.00,10.96,1545545,85946,5.6,0,0,0.0,1007,738,77,1.20,0.79,10.47,11.61,2487,1
2026-05-17 23:08:33,1.9,11.38,11.07,10.98,1545545,85985,5.6,0,0,0.0,1007,738,77,1.07,0.73,5.07,6.18,2487,4
2026-05-17 23:09:33,1.1,11.74,11.35,11.09,1545545,85978,5.6,0,0,0.0,1007,738,77,1.26,0.77,7.03,8.51,2466,6
2026-05-17 23:10:34,1.0,11.86,11.44,11.14,1545545,85937,5.6,0,0,0.0,1007,738,77,1.28,0.68,5.37,6.95,2487,3
2026-05-17 23:11:34,2.1,11.18,11.32,11.11,1545545,85968,5.6,0,0,0.0,1007,738,77,1.10,0.73,9.10,9.71,2474,2
2026-05-17 23:12:34,1.0,10.91,11.26,11.11,1545545,85944,5.6,0,0,0.0,1007,738,77,1.04,0.80,8.52,9.14,2475,3
2026-05-17 23:13:35,1.7,10.70,11.13,11.07,1545545,85994,5.6,0,0,0.0,1007,738,77,1.35,0.84,6.14,7.04,2480,3
2026-05-17 23:14:35,1.0,10.28,10.95,11.01,1545545,85974,5.6,0,0,0.0,1007,738,77,1.05,0.78,4.94,6.30,2501,4
2026-05-17 23:15:35,2.1,9.80,10.69,10.92,1545545,85958,5.6,0,0,0.0,1007,738,77,1.09,0.72,3.51,4.73,2490,6
2026-05-17 23:16:36,1.2,9.72,10.50,10.84,1545545,85957,5.6,0,0,0.0,1007,738,77,1.05,0.79,1.90,3.29,2504,2
2026-05-17 23:17:36,1.1,11.04,10.73,10.90,1545545,85961,5.6,0,0,0.0,1007,738,77,1.03,0.99,5.44,6.73,2489,6
2026-05-17 23:18:36,2.1,10.59,10.65,10.86,1545545,85980,5.6,0,0,0.0,1007,738,77,1.03,0.76,5.28,6.30,2484,3
2026-05-17 23:19:37,1.3,10.34,10.61,10.83,1545545,85991,5.6,0,0,0.0,1007,738,77,1.03,0.76,5.00,6.25,2495,5
2026-05-17 23:20:37,2.6,9.75,10.40,10.75,1545545,85974,5.6,0,0,0.0,1007,738,77,1.03,0.66,1.53,2.97,2493,8
2026-05-17 23:21:37,3.1,9.97,10.32,10.69,1545545,85961,5.6,0,0,0.0,1007,738,77,1.03,0.80,4.79,5.96,2487,8
2026-05-17 23:22:38,2.3,9.66,10.23,10.64,1545545,85955,5.6,0,0,0.0,1007,738,77,1.08,0.97,5.24,6.73,2500,3
2026-05-17 23:23:38,1.0,9.63,10.08,10.56,1545545,85971,5.6,0,0,0.0,1007,738,77,1.07,0.73,0.34,1.79,2489,2
2026-05-17 23:24:38,3.2,10.43,10.15,10.55,1545545,85981,5.6,0,0,0.0,1007,738,77,1.03,0.75,4.46,5.73,2481,8
2026-05-17 23:25:39,1.1,10.39,10.28,10.58,1545545,85942,5.6,0,0,0.0,1007,738,77,1.03,0.82,6.17,8.46,2500,2
2026-05-17 23:26:39,1.6,9.62,10.09,10.49,1545545,85961,5.6,0,0,0.0,1007,738,77,1.12,0.88,2.43,3.68,2487,2
2026-05-17 23:27:39,1.0,9.37,9.94,10.42,1545545,85932,5.6,0,0,0.0,1007,738,77,1.03,0.72,1.08,2.47,2478,6
2026-05-17 23:28:40,2.1,9.96,9.94,10.38,1545545,85978,5.6,0,0,0.0,1007,738,77,1.33,0.75,2.65,3.92,2473,6
2026-05-17 23:29:40,2.1,9.85,9.92,10.34,1545545,85978,5.6,0,0,0.0,1007,738,77,1.03,0.86,7.08,8.17,2475,2
2026-05-17 23:30:40,3.2,11.28,10.35,10.47,1545545,85961,5.6,0,0,0.0,1007,738,77,1.05,0.79,11.48,12.79,2496,10
2026-05-17 23:31:41,1.9,17.74,12.50,11.21,1545545,85959,5.6,0,0,0.0,1007,738,77,1.73,0.95,7.45,9.13,2490,2
2026-05-17 23:32:41,1.7,12.72,12.00,11.11,1545545,85966,5.6,0,0,0.0,1007,738,77,1.09,0.75,6.02,6.97,2493,2
2026-05-17 23:33:41,1.1,11.16,11.68,11.06,1545545,85963,5.6,0,0,0.0,1007,738,77,1.03,0.68,3.03,4.34,2487,4
2026-05-17 23:34:42,1.0,10.58,11.43,11.01,1545545,85971,5.6,0,0,0.0,1007,738,77,1.03,0.66,3.01,4.44,2487,1
2026-05-17 23:35:42,1.1,9.97,11.09,10.92,1545545,85949,5.6,0,0,0.0,1007,738,77,1.04,0.73,2.73,3.99,2467,3
2026-05-17 23:36:42,8.2,9.07,10.60,10.76,1545545,85951,5.6,0,0,0.0,1007,738,77,1.70,0.96,1.17,2.75,2478,15
2026-05-17 23:37:43,1.0,10.58,10.69,10.77,1545545,85957,5.6,0,0,0.0,1007,738,77,1.07,0.79,6.32,7.29,2478,4
2026-05-17 23:38:43,1.1,13.56,11.56,11.07,1545545,85982,5.6,0,0,0.0,1007,738,77,1.10,0.73,4.30,5.46,2488,1
2026-05-17 23:39:43,1.5,15.22,12.24,11.33,1545545,85995,5.6,0,0,0.0,1007,738,77,1.03,0.62,4.29,5.54,2480,1
2026-05-17 23:40:44,2.2,14.11,12.49,11.47,1545545,85972,5.6,0,0,0.0,1007,738,77,1.08,0.82,4.32,5.41,2482,2
2026-05-17 23:41:44,1.7,15.10,13.25,11.81,1545545,85961,5.6,0,0,0.0,1007,738,77,1.03,0.81,11.88,12.80,2487,3
2026-05-17 23:42:44,3.2,22.15,15.12,12.51,1545545,85964,5.6,0,0,0.0,1007,738,77,1.04,0.79,10.03,10.78,2487,3
2026-05-17 23:43:45,0.9,17.45,15.17,12.70,1545545,85973,5.6,0,0,0.0,1007,738,77,1.03,0.66,7.66,9.18,2490,4
2026-05-17 23:44:45,3.3,16.90,15.26,12.87,1545545,85999,5.6,0,0,0.0,1007,738,77,1.03,0.79,7.25,8.51,2498,5
2026-05-17 23:45:45,2.8,15.20,14.86,12.87,1545545,85949,5.6,0,0,0.0,1007,738,77,1.03,0.70,3.28,4.85,2481,8
2026-05-17 23:46:46,1.7,15.27,15.20,13.13,1545545,85961,5.6,0,0,0.0,1007,738,77,1.03,0.98,8.95,10.23,2465,7
2026-05-17 23:47:46,2.0,15.51,15.43,13.35,1545545,85955,5.6,0,0,0.0,1007,738,77,1.46,0.89,8.91,10.80,2477,2
2026-05-17 23:48:46,1.5,12.40,14.60,13.19,1545545,85956,5.6,0,0,0.0,1007,738,77,1.24,0.66,6.13,7.68,2476,6
2026-05-17 23:49:47,1.0,12.74,14.25,13.16,1545545,85967,5.6,0,0,0.0,1007,738,77,1.22,0.65,5.82,7.07,2467,4
2026-05-17 23:50:47,1.0,10.65,13.37,12.92,1545545,85948,5.6,0,0,0.0,1007,738,77,1.03,0.77,3.51,4.71,2476,9
2026-05-17 23:51:47,1.0,11.03,12.95,12.80,1545545,85945,5.6,0,0,0.0,1007,738,77,1.09,0.75,6.94,8.32,2486,5
2026-05-17 23:52:48,1.0,10.77,12.49,12.65,1545545,85942,5.6,0,0,0.0,1007,738,77,1.03,0.89,3.18,4.36,2477,4
2026-05-17 23:53:48,2.0,12.12,12.41,12.60,1545545,85982,5.6,0,0,0.0,1007,738,77,1.13,0.75,3.06,4.37,2471,5
2026-05-17 23:54:48,1.1,10.58,11.91,12.41,1545545,85955,5.6,0,0,0.0,1007,738,77,1.03,0.73,3.66,4.86,2469,5
2026-05-17 23:55:48,1.8,11.56,11.84,12.35,1545545,85954,5.6,0,0,0.0,1007,738,77,1.15,0.75,5.41,6.76,2469,2
2026-05-17 23:56:49,1.0,10.45,11.45,12.18,1545545,85948,5.6,0,0,0.0,1007,738,77,1.32,0.98,4.40,5.43,2478,5
2026-05-17 23:57:49,1.5,9.88,11.14,12.03,1545545,85960,5.6,0,0,0.0,1007,738,77,1.24,0.63,8.63,9.61,2487,2
2026-05-17 23:58:49,1.9,10.02,10.95,11.91,1545545,85984,5.6,0,0,0.0,1007,738,77,1.22,0.88,5.82,7.42,2476,8
2026-05-17 23:59:50,2.2,11.29,11.08,11.89,1545545,85990,5.6,0,0,0.0,1007,738,77,1.03,0.77,5.86,6.93,2484,5
2026-05-18 00:00:50,3.0,13.36,11.55,11.99,1545545,85977,5.6,0,0,0.0,1007,738,77,1.21,0.83,9.10,10.57,2492,5
2026-05-18 00:01:50,2.0,11.92,11.51,11.95,1545545,85980,5.6,0,0,0.0,1007,738,77,1.15,0.96,8.24,9.55,2490,2
2026-05-18 00:02:51,1.7,14.47,12.30,12.19,1545545,86001,5.6,0,0,0.0,1007,738,77,1.22,0.64,7.50,8.30,2485,7
2026-05-18 00:03:51,1.0,11.18,11.74,12.00,1545545,85997,5.6,0,0,0.0,1007,738,77,1.10,0.79,3.26,4.44,2490,8
2026-05-18 00:04:51,1.0,10.78,11.55,11.92,1545545,85968,5.6,0,0,0.0,1007,738,77,1.15,0.81,6.48,8.32,2481,3
2026-05-18 00:05:52,1.2,11.65,11.62,11.92,1545545,85956,5.6,0,0,0.0,1007,738,77,1.31,0.86,10.37,11.85,2477,7
2026-05-18 00:06:52,2.0,10.81,11.38,11.82,1545545,85956,5.6,0,0,0.0,1007,738,77,1.24,0.87,7.30,8.18,2476,6
2026-05-18 00:07:52,1.2,11.92,11.66,11.89,1545545,85964,5.6,0,0,0.0,1007,738,77,1.99,0.66,7.31,8.21,2478,5
2026-05-18 00:08:53,1.1,11.34,11.52,11.82,1545545,85978,5.6,0,0,0.0,1007,738,77,1.03,0.86,6.43,8.22,2485,3
2026-05-18 00:09:53,3.1,11.00,11.33,11.73,1545545,86001,5.6,0,0,0.0,1007,738,77,1.03,0.82,5.91,7.44,2486,7
2026-05-18 00:10:53,1.0,11.03,11.31,11.70,1545545,85951,5.6,0,0,0.0,1007,738,77,1.03,0.80,11.31,12.20,2484,8
2026-05-18 00:11:54,2.7,9.92,10.92,11.54,1545545,85966,5.6,0,0,0.0,1007,738,77,1.03,0.72,1.98,3.27,2470,1
2026-05-18 00:12:54,1.8,11.59,11.12,11.56,1545545,85983,5.6,0,0,0.0,1007,738,77,1.03,0.92,3.07,4.32,2467,2
2026-05-18 00:13:54,1.1,10.34,10.88,11.45,1545545,85963,5.6,0,0,0.0,1007,738,77,1.34,0.69,5.19,6.22,2472,2
2026-05-18 00:14:55,0.9,9.67,10.59,11.32,1545545,85971,5.6,0,0,0.0,1007,738,77,1.04,0.74,3.51,4.72,2486,3
2026-05-18 00:15:55,0.9,9.52,10.38,11.19,1545545,85952,5.6,0,0,0.0,1007,738,77,1.03,0.90,1.56,3.09,2473,2
2026-05-18 00:16:55,1.2,10.32,10.40,11.15,1545545,85954,5.6,0,0,0.0,1007,738,77,1.07,0.91,4.72,5.87,2472,2
2026-05-18 00:17:56,1.0,11.22,10.72,11.21,1545545,85975,5.6,0,0,0.0,1007,738,77,1.03,0.71,10.41,11.83,2480,2
2026-05-18 00:18:56,3.0,11.36,10.86,11.23,1545545,85984,5.6,0,0,0.0,1007,738,77,1.03,0.75,10.20,10.81,2482,7
2026-05-18 00:19:56,2.1,11.02,10.95,11.24,1545545,85993,5.6,0,0,0.0,1007,738,77,1.03,0.79,4.38,5.94,2473,3
2026-05-18 00:20:57,1.1,10.20,10.72,11.15,1545545,85946,5.6,0,0,0.0,1007,738,77,1.03,0.70,6.27,7.22,2480,1
2026-05-18 00:21:57,1.0,14.10,12.09,11.61,1545545,85958,5.6,0,0,0.0,1007,738,77,1.03,0.87,2.82,4.20,2478,1
2026-05-18 00:22:57,2.9,12.64,12.06,11.64,1545545,85992,5.6,0,0,0.0,1007,738,77,1.03,1.00,6.17,7.17,2477,3
2026-05-18 00:23:58,1.1,11.62,11.90,11.61,1545545,85971,5.6,0,0,0.0,1007,738,77,1.07,0.79,6.79,7.98,2469,8
2026-05-18 00:24:58,1.9,9.99,11.38,11.44,1545545,85965,5.6,0,0,0.0,1007,738,77,1.03,0.65,0.30,1.78,2474,1
2026-05-18 00:25:58,1.0,10.31,11.22,11.38,1545545,85941,5.6,0,0,0.0,1007,738,77,1.03,0.67,5.83,7.19,2478,1
2026-05-18 00:26:59,1.1,9.79,10.88,11.25,1545545,85949,5.6,0,0,0.0,1007,738,77,1.03,1.11,0.44,1.99,2478,3
2026-05-18 00:27:59,1.1,11.40,11.11,11.31,1545545,85976,5.6,0,0,0.0,1007,738,77,1.03,0.70,6.27,7.33,2471,4
2026-05-18 00:28:59,1.1,11.29,11.13,11.30,1545545,85980,5.6,0,0,0.0,1007,738,77,1.03,0.89,8.36,9.10,2485,4
2026-05-18 00:30:00,2.2,10.90,11.07,11.27,1545545,86009,5.6,0,0,0.0,1007,738,77,1.03,0.82,2.81,4.07,2476,3
2026-05-18 00:31:00,1.9,10.02,10.77,11.15,1545545,85973,5.6,0,0,0.0,1007,738,77,1.03,0.73,2.75,4.04,2475,4
2026-05-18 00:32:00,1.2,10.16,10.69,11.10,1545545,85947,5.6,0,0,0.0,1007,738,77,1.03,0.85,2.19,3.49,2478,2
2026-05-18 00:33:01,3.1,12.87,11.33,11.29,1545545,85987,5.6,0,0,0.0,1007,738,77,1.03,0.83,8.53,10.16,2477,6
2026-05-18 00:34:01,1.3,12.73,11.77,11.46,1545545,85958,5.6,0,0,0.0,1007,738,77,1.09,0.77,6.05,7.75,2482,6
2026-05-18 00:35:01,2.0,12.00,11.78,11.48,1545545,85985,5.6,0,0,0.0,1007,738,77,1.03,0.69,7.10,8.13,2490,8
2026-05-18 00:36:02,1.0,10.53,11.39,11.37,1545545,85948,5.6,0,0,0.0,1007,738,77,1.03,0.75,4.24,5.38,2500,1
2026-05-18 00:37:02,3.3,10.42,11.18,11.29,1545545,85969,5.6,0,0,0.0,1007,738,77,1.03,0.98,4.23,5.53,2502,4
2026-05-18 00:38:02,2.2,10.43,11.05,11.24,1545545,85988,5.6,0,0,0.0,1007,738,77,1.03,0.84,5.03,6.30,2498,2
2026-05-18 00:39:03,6.9,10.87,11.02,11.21,1545545,85991,5.6,0,0,0.0,1007,738,77,1.03,0.75,8.05,9.45,2495,5
2026-05-18 00:40:03,8.8,11.37,11.29,11.30,1545545,86001,5.6,0,0,0.0,1007,738,77,1.03,0.71,4.14,5.52,2482,5
2026-05-18 00:41:03,2.0,10.08,10.93,11.18,1545545,85959,5.6,0,0,0.0,1007,738,77,1.03,0.76,2.13,3.62,2480,4
2026-05-18 00:42:04,1.8,10.52,10.88,11.15,1545545,85969,5.6,0,0,0.0,1007,738,77,1.03,0.93,11.13,11.92,2491,4
2026-05-18 00:43:04,2.8,12.27,11.19,11.23,1545545,85982,5.6,0,0,0.0,1007,738,77,1.03,0.69,5.07,6.72,2489,8
2026-05-18 00:44:04,1.1,12.56,11.57,11.36,1545545,85971,5.6,0,0,0.0,1007,738,77,1.14,0.83,10.06,12.50,2481,2
2026-05-18 00:45:05,1.3,10.87,11.24,11.26,1545545,85975,5.6,0,0,0.0,1007,738,77,1.03,0.82,2.31,3.66,2488,2
2026-05-18 00:46:05,1.1,10.24,10.98,11.16,1545545,85968,5.6,0,0,0.0,1007,738,77,1.10,0.68,5.90,6.90,2472,2
2026-05-18 00:47:05,1.2,9.93,10.69,11.05,1545545,85949,5.6,0,0,0.0,1007,738,77,1.03,0.90,0.30,1.78,2476,2
2026-05-18 00:48:06,1.8,11.97,11.24,11.22,1545545,85959,5.6,0,0,0.0,1007,738,77,1.03,0.80,7.63,9.28,2473,2
2026-05-18 00:49:06,2.0,10.62,10.96,11.12,1545545,86020,5.6,0,0,0.0,1007,738,77,1.03,0.84,6.55,7.50,2461,6
2026-05-18 00:50:06,1.1,11.38,11.10,11.16,1545545,85959,5.6,0,0,0.0,1007,738,77,1.10,0.70,8.88,10.14,2474,3
2026-05-18 00:51:07,3.2,10.30,10.86,11.07,1545545,85987,5.6,0,0,0.0,1007,738,77,1.03,0.79,5.55,6.57,2479,2
2026-05-18 00:52:07,2.0,12.85,11.38,11.23,1545545,85977,5.6,0,0,0.0,1007,738,77,1.03,0.80,9.90,11.51,2482,5
2026-05-18 00:53:07,1.0,10.77,11.02,11.11,1545545,85964,5.6,0,0,0.0,1007,738,77,1.03,0.71,1.13,2.54,2489,3
2026-05-18 00:54:08,1.5,9.85,10.69,10.99,1545545,85989,5.6,0,0,0.0,1007,738,77,1.03,0.70,4.43,5.47,2492,2
2026-05-18 00:55:08,1.1,9.41,10.43,10.88,1545545,85953,5.6,0,0,0.0,1007,738,77,1.07,0.82,3.58,4.90,2487,1
2026-05-18 00:56:08,1.0,9.18,10.18,10.77,1545545,85950,5.6,0,0,0.0,1007,738,77,1.03,0.78,0.75,2.25,2505,3
2026-05-18 00:57:09,2.0,9.80,10.17,10.72,1545545,85964,5.6,0,0,0.0,1007,738,77,1.03,0.82,6.18,7.19,2489,2
2026-05-18 00:58:09,1.8,9.33,9.95,10.61,1545545,85983,5.6,0,0,0.0,1007,738,77,1.03,0.84,1.20,2.59,2480,6
2026-05-18 00:59:09,1.1,9.46,9.90,10.55,1545545,85976,5.6,0,0,0.0,1007,738,77,1.03,0.73,3.12,4.39,2490,1
2026-05-18 01:00:10,4.1,16.58,11.50,11.04,1545545,85979,5.6,0,0,0.0,1007,738,77,1.19,0.73,4.18,5.84,2498,5
2026-05-18 01:01:10,1.4,13.85,11.66,11.13,1545545,85957,5.6,0,0,0.0,1007,738,77,1.03,0.96,9.96,11.73,2495,3
2026-05-18 01:02:11,1.0,13.01,11.82,11.21,1545545,85947,5.6,0,0,0.0,1007,738,77,1.03,0.93,3.10,4.46,2490,9
2026-05-18 01:03:11,2.0,10.93,11.44,11.12,1545545,85996,5.6,0,0,0.0,1007,738,77,1.28,0.79,3.57,4.77,2496,4
2026-05-18 01:04:11,1.7,10.84,11.37,11.12,1545545,85970,5.6,0,0,0.0,1007,738,77,1.03,0.73,5.41,6.55,2487,1
2026-05-18 01:05:12,2.2,11.09,11.32,11.11,1545545,86002,5.6,0,0,0.0,1007,738,77,1.12,0.68,6.80,7.78,2485,8
2026-05-18 01:06:12,1.0,9.74,10.89,10.98,1545545,85964,5.6,0,0,0.0,1007,738,77,1.03,0.89,2.34,3.75,2477,2
2026-05-18 01:07:12,1.0,11.48,11.29,11.12,1545545,85952,5.6,0,0,0.0,1007,738,77,1.03,0.97,10.50,12.63,2489,7
2026-05-18 01:08:13,1.0,10.39,11.02,11.04,1545545,85962,5.6,0,0,0.0,1007,738,77,1.03,0.75,1.95,3.27,2478,4
2026-05-18 01:09:13,1.0,10.19,10.88,10.98,1545545,85974,5.6,0,0,0.0,1007,738,77,1.03,0.68,3.54,4.73,2487,2
2026-05-18 01:10:13,2.9,11.06,10.89,10.97,1545545,85988,5.6,0,0,0.0,1007,738,77,1.03,0.75,9.64,10.87,2486,6
2026-05-18 01:11:14,1.9,10.75,10.89,10.97,1545545,85964,5.6,0,0,0.0,1007,738,77,1.16,0.75,10.87,11.81,2492,4
2026-05-18 01:12:14,0.9,11.03,11.05,11.03,1545545,85963,5.6,0,0,0.0,1007,738,77,1.03,0.88,7.58,9.36,2486,2
2026-05-18 01:13:14,1.1,9.70,10.69,10.91,1545545,85989,5.6,0,0,0.0,1007,738,77,1.03,0.85,0.72,2.17,2484,4
2026-05-18 01:14:15,1.7,9.91,10.60,10.86,1545545,85997,5.6,0,0,0.0,1007,738,77,1.03,0.72,1.16,2.59,2487,2
2026-05-18 01:15:15,1.1,10.00,10.54,10.83,1545545,85982,5.6,0,0,0.0,1007,738,77,1.03,0.71,3.87,5.05,2484,1
2026-05-18 01:16:15,1.1,9.25,10.22,10.70,1545545,85955,5.6,0,0,0.0,1007,738,77,1.03,0.81,0.72,2.16,2480,1
2026-05-18 01:17:16,2.0,9.94,10.20,10.65,1545545,85978,5.6,0,0,0.0,1007,738,77,1.03,0.96,6.52,8.46,2476,2
2026-05-18 01:18:16,1.7,9.81,10.11,10.60,1545545,85991,5.6,0,0,0.0,1007,738,77,1.03,0.76,5.66,6.73,2475,19
2026-05-18 01:19:16,2.2,10.22,10.16,10.58,1545545,86001,5.6,0,0,0.0,1007,738,77,1.03,0.71,7.88,8.85,2479,7
2026-05-18 01:20:17,2.9,10.03,10.07,10.52,1545545,85986,5.6,0,0,0.0,1007,738,77,1.03,0.75,6.99,8.28,2483,7
2026-05-18 01:21:17,2.9,11.52,10.41,10.61,1545545,85968,5.6,0,0,0.0,1007,738,77,1.03,0.80,7.29,8.21,2480,2
2026-05-18 01:22:17,2.9,10.89,10.42,10.60,1545545,85981,5.6,0,0,0.0,1007,738,77,1.03,0.87,5.05,6.59,2478,5
2026-05-18 01:23:18,2.8,14.58,11.38,10.91,1545545,85990,5.6,0,0,0.0,1007,738,77,1.03,0.96,5.78,7.34,2494,9
2026-05-18 01:24:18,1.0,13.48,11.73,11.06,1545545,85986,5.6,0,0,0.0,1007,738,77,1.03,0.83,5.80,6.90,2494,2
2026-05-18 01:25:18,3.2,17.83,13.30,11.65,1545545,85985,5.6,0,0,0.0,1007,738,77,1.03,0.71,8.44,9.90,2490,8
2026-05-18 01:26:19,1.2,16.11,13.69,11.89,1545545,85982,5.6,0,0,0.0,1007,738,77,1.03,0.75,9.43,11.50,2507,3
2026-05-18 01:27:19,1.9,18.16,14.77,12.37,1545545,85977,5.6,0,0,0.0,1007,738,77,1.03,0.90,6.12,7.40,2492,5
2026-05-18 01:28:19,2.3,15.61,14.47,12.41,1545545,86008,5.6,0,0,0.0,1007,738,77,1.03,0.93,5.92,6.98,2489,4
2026-05-18 01:29:20,2.9,15.78,14.62,12.58,1545545,85991,5.6,0,0,0.0,1007,738,77,1.03,0.84,10.69,12.00,2488,8
2026-05-18 01:30:20,1.4,13.43,14.10,12.53,1545545,85973,5.6,0,0,0.0,1007,738,77,2.47,0.92,5.48,6.45,2496,3
2026-05-18 01:31:20,1.4,12.01,13.65,12.47,1545545,85974,5.6,0,0,0.0,1007,738,77,1.03,0.81,5.97,6.95,2490,2
2026-05-18 01:32:21,3.0,13.91,13.79,12.59,1545545,85992,5.6,0,0,0.0,1007,738,77,0.02,0.73,9.32,10.51,2491,5
2026-05-18 01:33:21,1.3,13.46,13.79,12.67,1545545,85992,5.6,0,0,0.0,1007,738,77,1.03,0.78,11.36,12.34,2486,6
2026-05-18 01:34:21,2.1,11.85,13.26,12.56,1545545,86019,5.6,0,0,0.0,1007,738,77,2.07,0.83,4.16,5.60,2481,6
2026-05-18 01:35:22,1.3,12.37,13.15,12.56,1545545,85976,5.6,0,0,0.0,1007,738,77,1.03,0.76,10.66,13.02,2470,4
2026-05-18 01:36:22,1.1,10.97,12.58,12.40,1545545,85974,5.6,0,0,0.0,1007,738,77,1.15,0.76,2.73,3.96,2475,5
2026-05-18 01:37:22,3.3,10.81,12.17,12.27,1545545,86000,5.6,0,0,0.0,1007,738,77,1.03,0.78,4.24,5.95,2487,6
2026-05-18 01:38:23,1.4,11.04,12.06,12.22,1545545,85995,5.6,0,0,0.0,1007,738,77,1.03,0.85,5.15,6.83,2483,2
2026-05-18 01:39:23,1.8,12.03,12.02,12.19,1545545,86019,5.6,0,0,0.0,1007,738,77,1.14,0.75,4.95,6.03,2497,5
2026-05-18 01:40:23,1.7,12.11,12.12,12.22,1545545,85978,5.6,0,0,0.0,1007,738,77,1.03,0.72,7.32,8.55,2494,4
2026-05-18 01:41:24,1.1,10.46,11.64,12.04,1545545,85994,5.6,0,0,0.0,1007,738,77,1.03,0.77,4.05,5.15,2488,4
2026-05-18 01:42:24,2.1,10.18,11.32,11.91,1545545,86009,5.6,0,0,0.0,1007,738,77,1.03,0.88,7.11,8.01,2489,1
2026-05-18 01:43:24,2.0,10.43,11.16,11.81,1545545,86019,5.6,0,0,0.0,1007,738,77,1.48,0.79,4.19,5.36,2496,3
2026-05-18 01:44:25,1.1,10.18,11.00,11.72,1545545,86016,5.6,0,0,0.0,1007,738,77,1.16,0.86,5.51,6.78,2482,5
2026-05-18 01:45:25,1.9,9.43,10.62,11.54,1545545,86008,5.6,0,0,0.0,1007,738,77,1.04,0.70,0.98,2.50,2497,5
2026-05-18 01:46:25,1.3,9.50,10.44,11.42,1545545,85979,5.6,0,0,0.0,1007,738,77,1.08,0.91,5.42,6.38,2494,1
2026-05-18 01:47:26,1.1,9.85,10.44,11.36,1545545,85987,5.6,0,0,0.0,1007,738,77,1.03,1.04,0.69,2.15,2490,2
2026-05-18 01:48:26,1.8,12.09,11.05,11.52,1545545,86029,5.6,0,0,0.0,1007,738,77,1.03,0.80,12.31,13.16,2490,4
2026-05-18 01:49:26,1.5,11.11,11.01,11.48,1545545,86005,5.6,0,0,0.0,1007,738,77,1.03,0.67,6.65,8.34,2497,2
2026-05-18 01:50:27,1.1,11.07,10.98,11.44,1545545,86011,5.6,0,0,0.0,1007,738,77,1.03,0.92,9.15,9.85,2489,2
2026-05-18 01:51:27,1.2,9.61,10.58,11.27,1545545,85973,5.6,0,0,0.0,1007,738,77,1.03,0.81,1.27,2.72,2484,5
2026-05-18 01:52:27,2.3,9.22,10.27,11.12,1545545,85970,5.6,0,0,0.0,1007,738,77,1.03,0.88,1.53,2.90,2494,4
2026-05-18 01:53:28,1.2,9.82,10.26,11.06,1545545,85988,5.6,0,0,0.0,1007,738,77,1.03,0.61,5.81,7.04,2489,3
2026-05-18 01:54:28,1.1,10.22,10.33,11.03,1545545,86004,5.6,0,0,0.0,1007,738,77,1.03,0.70,5.86,7.00,2488,1
2026-05-18 01:55:28,1.2,9.91,10.26,10.96,1545545,85988,5.6,0,0,0.0,1007,738,77,1.03,0.68,4.34,5.49,2492,5
2026-05-18 01:56:29,1.0,9.64,10.11,10.87,1545545,85998,5.6,0,0,0.0,1007,738,77,1.03,0.96,7.66,8.47,2476,2
2026-05-18 01:57:29,1.6,9.90,10.09,10.81,1545545,86003,5.6,0,0,0.0,1007,738,77,1.03,0.93,0.72,2.23,2468,3
2026-05-18 01:58:29,2.0,10.63,10.27,10.83,1545545,86039,5.6,0,0,0.0,1007,738,77,1.57,0.90,9.73,10.64,2490,2
2026-05-18 01:59:30,1.6,9.59,10.04,10.71,1545545,86050,5.6,0,0,0.0,1007,738,77,1.07,0.65,2.40,3.73,2485,2
2026-05-18 02:00:30,1.3,10.15,10.08,10.68,1545545,85979,5.6,0,0,0.0,1007,738,77,1.21,0.87,3.54,4.76,2473,3
2026-05-18 02:01:30,2.7,9.87,10.02,10.62,1545545,86003,5.6,0,0,0.0,1007,738,77,1.03,0.84,1.77,3.11,2485,2
2026-05-18 02:02:31,1.1,10.03,10.05,10.59,1545545,85974,5.6,0,0,0.0,1007,738,77,1.03,0.84,4.17,5.45,2485,5
2026-05-18 02:03:31,1.9,10.53,10.19,10.61,1545545,86023,5.6,0,0,0.0,1007,738,77,1.03,0.81,3.83,5.16,2469,4
2026-05-18 02:04:31,1.3,10.29,10.24,10.60,1545545,86029,5.6,0,0,0.0,1007,738,77,1.03,0.80,3.54,4.71,2486,6
2026-05-18 02:05:32,1.0,9.62,10.04,10.51,1545545,85983,5.6,0,0,0.0,1007,738,77,1.03,0.63,0.33,1.78,2480,3
2026-05-18 02:06:32,1.2,11.65,10.50,10.64,1545545,85985,5.6,0,0,0.0,1007,738,77,1.03,0.85,2.72,4.00,2473,1
2026-05-18 02:07:32,1.2,10.24,10.29,10.55,1545545,85979,5.6,0,0,0.0,1007,738,77,1.03,1.05,3.51,4.78,2481,6
2026-05-18 02:08:33,7.1,10.61,10.42,10.58,1545545,86025,5.6,0,0,0.0,1007,738,77,1.04,0.78,5.37,6.51,2474,8
2026-05-18 02:09:33,0.9,11.41,10.73,10.68,1545545,85999,5.6,0,0,0.0,1007,738,77,1.10,0.71,6.59,8.41,2457,4
2026-05-18 02:10:33,1.4,11.74,10.90,10.74,1545545,85977,5.6,0,0,0.0,1007,738,77,1.03,0.75,6.50,8.08,2467,6
2026-05-18 02:11:34,1.1,10.61,10.68,10.67,1545545,85986,5.6,0,0,0.0,1007,738,77,1.03,0.75,1.20,2.56,2472,2
2026-05-18 02:12:34,0.9,10.87,10.71,10.68,1545545,85976,5.6,0,0,0.0,1007,738,77,1.15,0.89,2.74,3.98,2461,4
2026-05-18 02:13:34,2.0,10.40,10.62,10.65,1545545,86028,5.6,0,0,0.0,1007,738,77,1.10,0.71,5.17,6.48,2491,25
2026-05-18 02:14:35,1.2,10.47,10.64,10.65,1545545,86006,5.6,0,0,0.0,1007,738,77,1.03,0.81,3.91,5.07,2481,1
2026-05-18 02:15:35,1.7,10.25,10.53,10.61,1545545,86002,5.6,0,0,0.0,1007,738,77,1.03,0.76,0.89,2.32,2471,2
2026-05-18 02:16:35,3.1,11.73,10.88,10.73,1545545,86014,5.6,0,0,0.0,1007,738,77,1.03,0.81,7.10,8.38,2495,5
2026-05-18 02:17:36,1.0,11.43,10.95,10.76,1545545,85993,5.6,0,0,0.0,1007,738,77,1.03,0.96,6.59,8.15,2497,3
2026-05-18 02:18:36,1.2,11.06,10.89,10.75,1545545,86077,5.6,0,0,0.0,1007,738,77,1.03,0.79,3.08,4.36,2480,1
2026-05-18 02:19:36,1.0,10.36,10.70,10.69,1545545,86023,5.6,0,0,0.0,1007,738,77,1.16,0.85,3.20,4.56,2486,3
2026-05-18 02:20:37,2.9,9.74,10.45,10.61,1545545,86009,5.6,0,0,0.0,1007,738,77,1.03,0.86,3.09,4.41,2503,2
2026-05-18 02:21:37,1.3,10.77,10.60,10.65,1545545,86003,5.6,0,0,0.0,1007,738,77,1.03,0.75,5.53,6.57,2478,2
2026-05-18 02:22:37,2.0,10.38,10.50,10.61,1545545,86001,5.6,0,0,0.0,1007,738,77,1.03,0.90,5.66,6.70,2468,5
2026-05-18 02:23:38,2.0,10.53,10.53,10.61,1545545,86022,5.6,0,0,0.0,1007,738,77,1.03,0.79,10.09,10.75,2485,2
2026-05-18 02:24:38,1.0,10.32,10.55,10.62,1545545,85981,5.6,0,0,0.0,1007,738,77,1.03,0.83,6.81,7.74,2463,3
2026-05-18 02:25:38,3.2,10.00,10.40,10.56,1545545,86006,5.6,0,0,0.0,1007,738,77,1.03,0.78,1.42,3.02,2463,3
2026-05-18 02:26:39,1.0,11.18,10.65,10.64,1545545,85980,5.6,0,0,0.0,1007,738,77,1.03,0.86,6.04,7.19,2480,2
2026-05-18 02:27:39,1.0,12.22,11.01,10.76,1545545,85974,5.6,0,0,0.0,1007,738,77,1.03,0.92,5.36,6.84,2476,1
2026-05-18 02:28:39,1.3,11.04,10.90,10.74,1545545,85999,5.6,0,0,0.0,1007,738,77,1.03,0.71,1.06,2.48,2465,5
2026-05-18 02:29:40,2.9,10.51,10.76,10.70,1545545,86015,5.6,0,0,0.0,1007,738,77,1.18,0.91,3.55,4.75,2484,1
2026-05-18 02:30:40,1.8,11.00,10.81,10.72,1545545,85998,5.6,0,0,0.0,1007,738,77,1.03,0.89,10.07,11.12,2493,4
2026-05-18 02:31:40,1.1,10.35,10.66,10.67,1545545,85999,5.6,0,0,0.0,1007,738,77,1.03,0.82,5.38,6.43,2487,3
2026-05-18 02:32:41,0.9,10.04,10.48,10.60,1545545,85999,5.6,0,0,0.0,1007,738,77,1.03,0.83,0.74,2.18,2485,5
2026-05-18 02:33:41,1.9,11.95,10.79,10.69,1545545,86030,5.6,0,0,0.0,1007,738,77,1.03,0.62,7.64,8.45,2485,7
2026-05-18 02:34:41,1.0,10.43,10.58,10.63,1545545,86012,5.6,0,0,0.0,1007,738,77,1.03,0.88,1.35,2.77,2480,1
2026-05-18 02:35:42,2.8,12.44,10.98,10.75,1545545,85992,5.6,0,0,0.0,1007,738,77,1.03,0.74,11.04,11.90,2487,5
2026-05-18 02:36:42,3.3,11.72,11.03,10.79,1545545,86009,5.6,0,0,0.0,1007,738,77,1.03,0.90,5.30,6.91,2486,8
2026-05-18 02:37:43,2.9,12.94,11.51,10.97,1545545,86001,5.6,0,0,0.0,1007,738,77,1.03,0.85,11.57,14.12,2501,7
2026-05-18 02:38:43,2.9,11.96,11.52,11.01,1545545,86027,5.6,0,0,0.0,1007,738,77,1.03,0.75,10.95,13.44,2508,20
2026-05-18 02:39:43,1.3,11.21,11.41,11.00,1545545,86008,5.6,0,0,0.0,1007,738,77,1.03,0.69,2.71,4.53,2500,5
2026-05-18 02:40:44,3.3,10.10,11.08,10.91,1545545,85997,5.6,0,0,0.0,1007,738,77,1.03,0.82,5.92,6.99,2499,4
2026-05-18 02:41:44,3.0,10.08,10.99,10.90,1545545,85987,5.6,0,0,0.0,1007,738,77,1.03,0.82,5.38,6.76,2475,6
2026-05-18 02:42:44,1.9,10.37,10.89,10.87,1545545,85991,5.6,0,0,0.0,1007,738,77,1.03,0.89,2.83,4.29,2477,3
2026-05-18 02:43:45,1.1,10.09,10.70,10.80,1545545,85999,5.6,0,0,0.0,1007,738,77,1.03,0.68,2.77,4.15,2461,4
2026-05-18 02:44:45,1.8,10.67,10.74,10.81,1545545,86032,5.6,0,0,0.0,1007,738,77,1.03,0.80,5.89,7.24,2482,3
2026-05-18 02:45:45,1.1,11.47,10.93,10.87,1545545,86003,5.6,0,0,0.0,1007,738,77,1.03,0.79,8.60,9.31,2481,3
2026-05-18 02:46:46,1.9,10.53,10.79,10.82,1545545,86010,5.6,0,0,0.0,1007,738,77,1.03,0.95,7.67,8.48,2493,15
2026-05-18 02:47:46,0.9,12.69,11.27,10.98,1545545,85983,5.6,0,0,0.0,1007,738,77,1.03,0.79,2.33,3.69,2490,5
2026-05-18 02:48:46,1.5,11.08,11.06,10.93,1545545,86006,5.6,0,0,0.0,1007,738,77,1.03,0.81,1.52,2.87,2481,2
2026-05-18 02:49:47,1.0,10.74,10.97,10.90,1545545,86013,5.6,0,0,0.0,1007,738,77,1.10,0.77,5.89,6.91,2462,2
2026-05-18 02:50:47,1.0,10.21,10.78,10.84,1545545,85996,5.6,0,0,0.0,1007,738,77,1.03,0.79,6.23,7.45,2464,5
2026-05-18 02:51:47,1.0,10.11,10.66,10.80,1545545,85996,5.6,0,0,0.0,1007,738,77,1.03,0.74,3.48,4.87,2459,7
2026-05-18 02:52:48,2.3,9.40,10.36,10.68,1545545,85990,5.6,0,0,0.0,1007,738,77,1.46,0.88,0.40,1.88,2441,1
2026-05-18 02:53:48,2.0,10.24,10.38,10.66,1545545,86045,5.6,0,0,0.0,1007,738,77,1.16,0.75,6.13,7.40,2463,4
2026-05-18 02:54:48,1.1,9.39,10.11,10.55,1545545,86023,5.6,0,0,0.0,1007,738,77,1.03,0.70,0.45,1.98,2472,5
2026-05-18 02:55:49,1.8,9.77,10.06,10.51,1545545,86009,5.6,0,0,0.0,1007,738,77,1.03,0.78,6.42,7.42,2468,5
2026-05-18 02:56:49,0.9,10.62,10.24,10.54,1545545,86000,5.6,0,0,0.0,1007,738,77,1.10,0.86,6.65,7.55,2482,4
2026-05-18 02:57:49,1.7,15.78,11.87,11.08,1545545,86029,5.6,0,0,0.0,1007,738,77,1.03,0.92,4.98,6.01,2501,2
2026-05-18 02:58:50,1.2,11.88,11.45,10.99,1545545,86021,5.6,0,0,0.0,1007,738,77,1.03,0.84,1.37,2.90,2495,9
2026-05-18 02:59:50,3.1,11.29,11.36,10.99,1545545,86055,5.6,0,0,0.0,1007,738,77,1.03,0.69,6.99,7.99,2492,6
2026-05-18 03:00:50,2.2,10.46,11.16,10.94,1545545,86023,5.6,0,0,0.0,1007,738,77,1.03,0.83,4.56,5.79,2478,3
2026-05-18 03:01:51,1.8,11.18,11.32,11.02,1545545,86030,5.6,0,0,0.0,1007,738,77,1.03,3.31,10.86,11.60,2482,4
2026-05-18 03:02:51,1.3,10.52,11.08,10.95,1545545,86018,5.6,0,0,0.0,1007,738,77,1.03,0.74,7.92,8.80,2482,1
2026-05-18 03:03:51,1.1,11.40,11.30,11.04,1545545,86020,5.6,0,0,0.0,1007,738,77,1.03,0.82,4.67,5.95,2475,6
2026-05-18 03:04:52,1.7,15.84,12.74,11.56,1545545,86049,5.6,0,0,0.0,1007,738,77,1.03,0.74,8.55,9.31,2476,3
2026-05-18 03:05:52,0.9,12.33,12.29,11.48,1545545,86004,5.6,0,0,0.0,1007,738,77,1.03,0.78,6.58,7.49,2483,1
2026-05-18 03:06:52,1.0,12.80,12.40,11.57,1545545,85992,5.6,0,0,0.0,1007,738,77,1.03,0.93,3.52,4.71,2477,2
2026-05-18 03:07:53,1.2,10.83,11.90,11.45,1545545,86010,5.6,0,0,0.0,1007,738,77,1.73,0.73,0.35,1.79,2485,1
2026-05-18 03:08:53,1.0,9.42,11.29,11.26,1545545,86010,5.6,0,0,0.0,1007,738,77,1.14,0.72,0.31,1.79,2489,1
2026-05-18 03:09:53,1.7,12.01,11.63,11.38,1545545,86035,5.6,0,0,0.0,1007,738,77,1.23,0.93,6.05,7.22,2497,2
2026-05-18 03:10:54,1.1,14.72,12.56,11.71,1545545,86003,5.6,0,0,0.0,1007,738,77,1.03,0.71,11.11,12.57,2501,3
2026-05-18 03:11:54,3.0,16.64,13.37,12.04,1545545,86028,5.6,0,0,0.0,1007,738,77,1.23,0.82,6.09,7.25,2500,4
2026-05-18 03:12:54,1.7,15.28,13.53,12.17,1545545,86039,5.6,0,0,0.0,1007,738,77,1.55,0.85,9.77,11.14,2490,2
2026-05-18 03:13:55,1.0,11.15,12.67,11.96,1545545,86018,5.6,0,0,0.0,1007,738,77,1.09,0.74,1.20,2.61,2494,1
2026-05-18 03:14:55,0.8,9.99,12.06,11.79,1545545,86030,5.6,0,0,0.0,1007,738,77,1.04,0.78,1.08,2.53,2491,6
2026-05-18 03:15:55,3.2,11.15,11.85,11.73,1545545,86024,5.6,0,0,0.0,1007,738,77,1.08,0.86,6.16,7.24,2483,18
2026-05-18 03:16:56,1.0,12.74,12.26,11.88,1545545,86005,5.6,0,0,0.0,1007,738,77,1.23,1.04,5.62,7.04,2480,4
2026-05-18 03:17:56,1.7,11.10,11.86,11.77,1545545,86040,5.6,0,0,0.0,1007,738,77,1.03,0.80,2.98,4.18,2475,3
2026-05-18 03:18:56,1.5,10.02,11.43,11.62,1545545,86027,5.6,0,0,0.0,1007,738,77,1.25,0.63,1.24,2.68,2484,5
2026-05-18 03:19:57,1.3,12.11,11.80,11.74,1545545,86041,5.6,0,0,0.0,1007,738,77,2.33,0.73,6.16,7.52,2485,5
2026-05-18 03:20:57,0.9,10.25,11.37,11.59,1545545,86009,5.6,0,0,0.0,1007,738,77,1.15,0.95,3.96,5.21,2471,6
2026-05-18 03:21:57,1.0,9.63,10.99,11.45,1545545,86001,5.6,0,0,0.0,1007,738,77,1.09,0.83,3.98,5.17,2457,4
2026-05-18 03:22:58,1.8,10.40,11.00,11.42,1545545,86048,5.6,0,0,0.0,1007,738,77,1.11,0.77,7.86,8.63,2469,9
2026-05-18 03:23:58,1.0,10.79,11.12,11.44,1545545,86019,5.6,0,0,0.0,1007,738,77,1.31,0.74,8.80,9.52,2472,1
2026-05-18 03:24:58,3.2,11.42,11.15,11.43,1545545,86034,5.6,0,0,0.0,1007,738,77,1.24,0.82,7.78,9.35,2475,6
2026-05-18 03:25:59,1.0,10.11,10.84,11.30,1545545,85992,5.6,0,0,0.0,1007,738,77,1.04,0.79,4.10,5.46,2482,2
2026-05-18 03:26:59,2.0,12.82,11.41,11.47,1545545,86010,5.6,0,0,0.0,1007,738,77,1.14,0.86,10.65,11.73,2505,3
2026-05-18 03:27:59,3.1,13.36,11.70,11.56,1545545,86042,5.6,0,0,0.0,1007,738,77,1.13,0.85,9.00,10.86,2498,11
2026-05-18 03:29:00,1.2,10.88,11.29,11.42,1545545,86032,5.6,0,0,0.0,1007,738,77,1.06,0.75,1.57,3.10,2493,7
2026-05-18 03:30:00,1.1,10.08,10.98,11.31,1545545,86043,5.6,0,0,0.0,1007,738,77,1.09,0.83,3.09,4.35,2495,5
2026-05-18 03:31:00,2.2,10.53,10.98,11.29,1545545,86028,5.6,0,0,0.0,1007,738,77,1.03,0.77,5.68,6.67,2494,5
2026-05-18 03:32:01,1.2,13.91,12.29,11.74,1545545,86021,5.6,0,0,0.0,1007,738,77,1.03,0.85,4.47,5.83,2480,8
2026-05-18 03:33:01,1.0,11.60,11.90,11.65,1545545,86021,5.6,0,0,0.0,1007,738,77,1.09,0.77,3.23,4.53,2479,2
2026-05-18 03:34:01,1.0,10.04,11.41,11.49,1545545,86027,5.6,0,0,0.0,1007,738,77,1.03,0.89,5.14,6.19,2482,8
2026-05-18 03:35:02,2.7,9.81,11.10,11.38,1545545,86048,5.6,0,0,0.0,1007,738,77,1.09,1.21,6.54,7.60,2465,17
2026-05-18 03:36:02,1.8,9.75,10.88,11.29,1545545,86017,5.6,0,0,0.0,1007,738,77,1.03,0.70,7.58,9.28,2473,3
2026-05-18 03:37:02,1.2,10.68,10.92,11.27,1545545,86010,5.6,0,0,0.0,1007,738,77,1.03,0.79,5.59,6.67,2466,5
2026-05-18 03:38:03,1.1,9.61,10.56,11.12,1545545,86023,5.6,0,0,0.0,1007,738,77,1.03,0.88,1.65,3.09,2465,4
2026-05-18 03:39:03,0.9,9.86,10.47,11.06,1545545,86022,5.6,0,0,0.0,1007,738,77,1.03,0.91,2.74,3.97,2465,3
2026-05-18 03:40:03,1.5,9.47,10.25,10.94,1545545,86027,5.6,0,0,0.0,1007,738,77,1.03,0.81,1.10,2.61,2474,5
2026-05-18 03:41:04,1.1,10.67,10.46,10.97,1545545,86021,5.6,0,0,0.0,1007,738,77,1.03,0.70,9.25,9.92,2472,2
2026-05-18 03:42:04,1.0,10.23,10.37,10.90,1545545,86015,5.6,0,0,0.0,1007,738,77,1.03,0.85,7.10,8.02,2472,1
2026-05-18 03:43:04,1.0,9.69,10.18,10.80,1545545,86026,5.6,0,0,0.0,1007,738,77,1.03,0.79,3.12,4.37,2488,3
2026-05-18 03:44:05,3.2,9.82,10.14,10.75,1545545,86058,5.6,0,0,0.0,1007,738,77,1.03,0.78,7.20,8.21,2489,5
2026-05-18 03:45:05,1.8,10.82,10.54,10.86,1545545,86035,5.6,0,0,0.0,1007,738,77,1.03,3.48,7.14,8.12,2481,2
2026-05-18 03:46:05,1.1,9.59,10.25,10.74,1545545,86000,5.6,0,0,0.0,1007,738,77,1.03,1.05,3.10,4.30,2476,2
2026-05-18 03:47:06,2.2,9.58,10.10,10.66,1545545,86023,5.6,0,0,0.0,1007,738,77,1.26,0.95,4.67,5.86,2483,4
2026-05-18 03:48:06,1.1,10.59,10.27,10.68,1545545,86033,5.6,0,0,0.0,1007,738,77,1.03,0.88,11.84,12.55,2477,6
2026-05-18 03:49:06,1.0,9.80,10.14,10.61,1545545,86027,5.6,0,0,0.0,1007,738,77,1.16,0.68,5.63,6.60,2484,1
2026-05-18 03:50:07,2.4,10.72,10.33,10.64,1545545,86030,5.6,0,0,0.0,1007,738,77,1.03,0.88,7.49,9.53,2490,5
2026-05-18 03:51:07,2.9,11.50,10.73,10.77,1545545,86030,5.6,0,0,0.0,1007,738,77,1.03,0.71,6.26,7.39,2485,19
2026-05-18 03:52:07,3.8,11.18,10.74,10.76,1545545,86032,5.6,0,0,0.0,1007,738,77,1.03,0.87,7.50,8.58,2482,7
2026-05-18 03:53:08,1.7,10.51,10.63,10.73,1545545,86032,5.6,0,0,0.0,1007,738,77,1.03,0.70,3.48,4.86,2474,4
2026-05-18 03:54:08,1.8,10.21,10.50,10.67,1545545,86052,5.6,0,0,0.0,1007,738,77,1.03,0.84,4.66,5.75,2460,2
2026-05-18 03:55:08,3.1,13.83,11.41,10.97,1545545,86040,5.6,0,0,0.0,1007,738,77,1.03,0.88,11.80,13.71,2463,5
2026-05-18 03:56:09,1.0,12.29,11.46,11.02,1545545,86016,5.6,0,0,0.0,1007,738,77,1.07,0.69,6.83,8.01,2471,3
2026-05-18 03:57:09,1.0,11.42,11.32,11.00,1545545,86026,5.6,0,0,0.0,1007,738,77,1.03,0.94,6.66,8.64,2476,1
2026-05-18 03:58:09,1.1,10.24,11.02,10.91,1545545,86040,5.6,0,0,0.0,1007,738,77,1.03,0.85,3.93,5.10,2479,3
2026-05-18 03:59:10,1.8,11.26,11.25,11.01,1545545,86042,5.6,0,0,0.0,1007,738,77,1.03,0.62,6.75,7.67,2495,1
2026-05-18 04:00:10,1.0,12.89,11.75,11.19,1545545,86021,5.6,0,0,0.0,1007,738,77,1.16,0.80,8.40,9.95,2484,3
2026-05-18 04:01:10,1.2,11.42,11.52,11.15,1545545,86031,5.6,0,0,0.0,1007,738,77,1.16,0.90,5.59,6.74,2488,1
2026-05-18 04:02:11,0.9,10.29,11.17,11.05,1545545,86035,5.6,0,0,0.0,1007,738,77,1.03,0.91,5.90,6.97,2482,3
2026-05-18 04:03:11,1.4,11.68,11.31,11.10,1545545,86064,5.6,0,0,0.0,1007,738,77,1.09,0.70,8.74,10.39,2484,1
2026-05-18 04:04:11,1.1,10.54,11.07,11.03,1545545,86030,5.6,0,0,0.0,1007,738,77,1.03,0.80,1.55,2.90,2472,2
2026-05-18 04:05:12,1.0,9.59,10.73,10.91,1545545,86019,5.6,0,0,0.0,1007,738,77,1.11,0.83,1.87,3.28,2476,3
2026-05-18 04:06:12,1.7,9.69,10.56,10.85,1545545,86031,5.6,0,0,0.0,1007,738,77,1.03,0.76,5.44,6.55,2476,4
2026-05-18 04:07:12,1.1,9.18,10.27,10.73,1545545,86014,5.6,0,0,0.0,1007,738,77,1.04,0.94,2.05,3.51,2463,1
2026-05-18 04:08:13,1.7,9.96,10.26,10.69,1545545,86056,5.6,0,0,0.0,1007,738,77,1.09,0.76,4.93,6.01,2460,2
2026-05-18 04:09:13,1.7,10.93,10.46,10.73,1545545,86066,5.6,0,0,0.0,1007,738,77,1.03,0.76,11.23,12.45,2471,2
2026-05-18 04:10:13,1.0,10.49,10.41,10.70,1545545,86013,5.6,0,0,0.0,1007,738,77,1.03,0.72,6.91,7.99,2469,1
2026-05-18 04:11:14,1.8,10.27,10.34,10.65,1545545,86026,5.6,0,0,0.0,1007,738,77,1.03,0.82,3.69,4.83,2460,14
2026-05-18 04:12:14,1.8,11.96,10.79,10.78,1545545,86029,5.6,0,0,0.0,1007,738,77,1.03,0.98,6.54,7.90,2470,3
2026-05-18 04:13:14,1.0,10.96,10.76,10.78,1545545,86049,5.6,0,0,0.0,1007,738,77,1.03,0.73,6.96,8.34,2479,5
2026-05-18 04:14:15,3.1,10.09,10.52,10.69,1545545,86057,5.6,0,0,0.0,1007,738,77,1.03,0.69,2.12,3.46,2466,4
2026-05-18 04:15:15,1.0,10.65,10.61,10.71,1545545,86032,5.6,0,0,0.0,1007,738,77,1.03,0.82,7.82,9.36,2471,2
2026-05-18 04:16:15,1.1,10.53,10.58,10.70,1545545,86032,5.6,0,0,0.0,1007,738,77,1.03,0.75,3.48,4.73,2491,5
2026-05-18 04:17:16,1.1,10.64,10.61,10.70,1545545,86018,5.6,0,0,0.0,1007,738,77,1.25,0.99,5.30,7.12,2494,5
2026-05-18 04:18:16,1.2,10.46,10.59,10.69,1545545,86078,5.6,0,0,0.0,1007,738,77,1.03,0.88,4.34,5.52,2498,1
2026-05-18 04:19:16,1.1,9.64,10.34,10.60,1545545,86048,5.6,0,0,0.0,1007,738,77,1.03,0.76,3.15,4.34,2494,5
2026-05-18 04:20:17,2.1,10.39,10.39,10.60,1545545,86046,5.6,0,0,0.0,1007,738,77,1.16,0.72,6.21,7.20,2489,4
2026-05-18 04:21:17,1.0,10.58,10.43,10.60,1545545,86021,5.6,0,0,0.0,1007,738,77,1.03,0.77,8.04,8.87,2479,3
2026-05-18 04:22:17,1.0,10.38,10.36,10.56,1545545,86049,5.6,0,0,0.0,1007,738,77,1.03,1.03,4.76,5.83,2468,1
2026-05-18 04:23:18,1.0,9.41,10.09,10.45,1545545,86052,5.6,0,0,0.0,1007,738,77,1.03,0.96,1.98,3.44,2462,3
2026-05-18 04:24:18,1.0,10.81,10.43,10.55,1545545,86047,5.6,0,0,0.0,1007,738,77,1.03,0.69,4.78,5.79,2458,5
2026-05-18 04:25:18,1.8,10.34,10.36,10.52,1545545,86042,5.6,0,0,0.0,1007,738,77,1.03,0.88,2.53,3.94,2455,2
2026-05-18 04:26:19,1.1,11.03,10.60,10.59,1545545,86041,5.6,0,0,0.0,1007,738,77,1.03,0.80,5.61,6.88,2461,5
2026-05-18 04:27:19,1.3,11.18,10.74,10.64,1545545,86027,5.6,0,0,0.0,1007,738,77,1.03,0.87,6.61,7.87,2474,3
2026-05-18 04:28:19,3.9,11.70,10.89,10.70,1545545,86075,5.6,0,0,0.0,1007,738,77,1.03,0.83,8.45,9.91,2483,5
2026-05-18 04:29:20,2.3,11.29,10.92,10.72,1545545,86068,5.6,0,0,0.0,1007,738,77,1.03,0.86,7.10,8.50,2496,3
2026-05-18 04:30:20,1.2,11.28,11.02,10.77,1545545,86038,5.6,0,0,0.0,1007,738,77,2.07,0.86,6.73,7.63,2505,5
2026-05-18 04:31:20,1.3,10.76,10.92,10.75,1545545,86040,5.6,0,0,0.0,1007,738,77,1.03,0.71,2.28,3.67,2494,1
2026-05-18 04:32:21,1.0,10.32,10.73,10.69,1545545,86046,5.6,0,0,0.0,1007,738,77,1.03,0.88,4.76,5.81,2493,4
2026-05-18 04:33:21,1.3,10.19,10.64,10.66,1545545,86062,5.6,0,0,0.0,1007,738,77,0.00,0.78,7.08,8.05,2484,9
2026-05-18 04:34:22,1.6,10.14,10.52,10.62,1545545,86063,5.6,0,0,0.0,1007,738,77,2.07,0.75,3.65,5.07,2480,3
2026-05-18 04:35:22,1.7,9.75,10.32,10.54,1545545,86053,5.6,0,0,0.0,1007,738,77,1.03,0.84,4.40,5.48,2475,5
2026-05-18 04:36:22,1.8,10.77,10.45,10.57,1545545,86068,5.6,0,0,0.0,1007,738,77,1.07,0.73,7.11,8.16,2480,3
2026-05-18 04:37:23,1.6,11.56,10.74,10.66,1545545,86070,5.6,0,0,0.0,1007,738,77,1.03,0.91,11.93,13.20,2484,3
2026-05-18 04:38:23,1.8,10.46,10.54,10.60,1545545,86079,5.6,0,0,0.0,1007,738,77,1.10,0.61,3.19,4.51,2484,2
2026-05-18 04:39:23,1.0,9.66,10.36,10.54,1545545,86058,5.6,0,0,0.0,1007,738,77,1.03,0.90,3.44,4.62,2490,2
2026-05-18 04:40:24,1.7,10.65,10.52,10.58,1545545,86057,5.6,0,0,0.0,1007,738,77,1.07,0.91,3.81,5.36,2492,5
2026-05-18 04:41:24,1.3,10.61,10.52,10.57,1545545,86052,5.6,0,0,0.0,1007,738,77,1.07,0.66,4.97,6.00,2493,2
2026-05-18 04:42:24,1.2,10.96,10.60,10.60,1545545,86041,5.6,0,0,0.0,1007,738,77,1.27,0.91,3.88,5.19,2482,1
2026-05-18 04:43:25,1.0,10.11,10.44,10.54,1545545,86069,5.6,0,0,0.0,1007,738,77,1.09,0.92,3.49,4.70,2476,1
2026-05-18 04:44:25,3.0,10.17,10.38,10.51,1545545,86091,5.6,0,0,0.0,1007,738,77,1.03,0.95,8.80,9.73,2483,6
2026-05-18 04:45:25,2.9,14.09,11.42,10.86,1545545,86057,5.6,0,0,0.0,1007,738,77,1.03,0.94,11.98,13.58,2489,18
2026-05-18 04:46:26,1.8,13.18,11.57,10.94,1545545,86066,5.6,0,0,0.0,1007,738,77,1.03,0.73,11.48,13.34,2496,4
2026-05-18 04:47:26,1.1,10.78,11.16,10.84,1545545,86046,5.6,0,0,0.0,1007,738,77,1.09,1.06,2.20,3.49,2499,2
2026-05-18 04:48:26,2.2,9.68,10.77,10.72,1545545,86067,5.6,0,0,0.0,1007,738,77,1.12,0.89,2.69,3.97,2502,5
2026-05-18 04:49:27,1.0,9.57,10.52,10.64,1545545,86080,5.6,0,0,0.0,1007,738,77,1.14,0.81,2.73,3.99,2501,3
2026-05-18 04:50:27,1.1,10.16,10.47,10.61,1545545,86076,5.6,0,0,0.0,1007,738,77,1.03,0.74,3.13,4.42,2494,2
2026-05-18 04:51:27,1.7,13.20,11.25,10.87,1545545,86066,5.6,0,0,0.0,1007,738,77,1.22,0.80,8.00,9.28,2492,7
2026-05-18 04:52:28,8.2,12.37,11.25,10.88,1545545,86040,5.6,0,0,0.0,1007,738,77,1.03,0.84,3.10,4.32,2501,4
2026-05-18 04:53:28,1.7,14.19,11.89,11.12,1545545,86075,5.6,0,0,0.0,1007,738,77,1.03,0.68,5.60,6.61,2500,4
2026-05-18 04:54:28,1.2,14.45,12.49,11.38,1545545,86068,5.6,0,0,0.0,1007,738,77,1.03,0.77,11.46,12.93,2489,5
2026-05-18 04:55:29,1.1,13.76,12.64,11.50,1545545,86056,5.6,0,0,0.0,1007,738,77,1.03,0.77,2.35,3.60,2489,2
2026-05-18 04:56:29,1.6,14.96,13.34,11.83,1545545,86065,5.6,0,0,0.0,1007,738,77,1.03,0.94,5.64,7.03,2487,2
2026-05-18 04:57:29,1.5,13.39,13.19,11.87,1545545,86065,5.6,0,0,0.0,1007,738,77,1.03,0.92,7.78,9.59,2476,4
2026-05-18 04:58:30,1.2,12.87,12.99,11.88,1545545,86096,5.6,0,0,0.0,1007,738,77,1.03,0.67,7.13,8.00,2490,8
2026-05-18 04:59:30,1.9,10.83,12.36,11.73,1545545,86075,5.6,0,0,0.0,1007,738,77,1.03,0.73,1.51,2.86,2492,3
2026-05-18 05:00:30,1.3,10.56,11.99,11.64,1545545,86047,5.6,0,0,0.0,1007,738,77,1.21,0.85,4.79,5.82,2482,4
2026-05-18 05:01:31,1.2,10.39,11.63,11.53,1545545,86052,5.6,0,0,0.0,1007,738,77,1.79,0.89,3.51,4.73,2481,1
2026-05-18 05:02:31,2.0,9.91,11.23,11.40,1545545,86073,5.6,0,0,0.0,1007,738,77,1.06,0.86,3.32,4.61,2487,3
2026-05-18 05:03:31,1.0,9.67,10.91,11.28,1545545,86056,5.6,0,0,0.0,1007,738,77,1.06,0.89,1.45,2.82,2481,5
2026-05-18 05:04:32,2.6,11.97,11.31,11.39,1545545,86048,5.6,0,0,0.0,1007,738,77,1.03,0.76,9.48,11.26,2486,5
2026-05-18 05:05:32,1.1,10.33,10.93,11.25,1545545,86038,5.6,0,0,0.0,1007,738,77,1.24,0.73,2.77,3.98,2488,5
2026-05-18 05:06:32,1.3,10.14,10.75,11.16,1545545,86034,5.6,0,0,0.0,1007,738,77,1.03,0.80,3.09,4.38,2498,3
2026-05-18 05:07:33,0.9,9.32,10.43,11.02,1545545,86030,5.6,0,0,0.0,1007,738,77,1.03,1.02,1.94,3.27,2483,2
2026-05-18 05:08:33,1.8,10.53,10.55,11.03,1545545,86071,5.6,0,0,0.0,1007,738,77,1.03,0.83,9.85,10.69,2495,2
2026-05-18 05:09:33,1.9,13.36,11.29,11.24,1545545,86078,5.6,0,0,0.0,1007,738,77,1.11,0.70,7.00,9.04,2493,3
2026-05-18 05:10:34,3.2,12.57,11.40,11.28,1545545,86054,5.6,0,0,0.0,1007,738,77,1.03,0.68,12.55,13.25,2481,7
2026-05-18 05:11:34,1.9,10.56,11.04,11.17,1545545,86065,5.6,0,0,0.0,1007,738,77,1.03,0.77,5.24,6.32,2498,7
2026-05-18 05:12:34,1.0,10.11,10.80,11.07,1545545,86037,5.6,0,0,0.0,1007,738,77,1.03,0.91,2.92,4.20,2482,3
2026-05-18 05:13:35,2.1,10.19,10.69,11.01,1545545,86084,5.6,0,0,0.0,1007,738,77,1.03,0.70,4.48,5.79,2486,7
2026-05-18 05:14:35,1.1,9.67,10.46,10.91,1545545,86082,5.6,0,0,0.0,1007,738,77,1.03,0.80,2.23,3.56,2502,1
2026-05-18 05:15:35,1.2,10.31,10.61,10.94,1545545,86034,5.6,0,0,0.0,1007,738,77,1.03,0.89,4.37,5.42,2477,1
2026-05-18 05:16:36,1.0,9.98,10.48,10.88,1545545,86034,5.6,0,0,0.0,1007,738,77,1.03,0.74,5.51,6.55,2465,1
2026-05-18 05:17:36,1.9,10.07,10.38,10.82,1545545,86064,5.6,0,0,0.0,1007,738,77,1.17,0.94,7.14,7.97,2487,4
2026-05-18 05:18:36,3.2,10.15,10.34,10.77,1545545,86083,5.6,0,0,0.0,1007,738,77,1.30,0.85,7.60,8.52,2480,8
2026-05-18 05:19:37,1.0,10.05,10.30,10.73,1545545,86061,5.6,0,0,0.0,1007,738,77,1.26,0.74,4.26,5.73,2474,3
2026-05-18 05:20:37,1.0,9.85,10.20,10.67,1545545,86041,5.6,0,0,0.0,1007,738,77,1.03,0.79,1.19,2.52,2488,7
2026-05-18 05:21:37,2.7,9.90,10.14,10.62,1545545,86039,5.6,0,0,0.0,1007,738,77,1.03,0.85,4.34,5.43,2481,2
2026-05-18 05:22:38,13.1,9.72,10.04,10.55,1545545,86062,5.6,0,0,0.0,1007,738,77,1.03,1.00,4.92,6.01,2470,13
2026-05-18 05:23:38,1.1,11.40,10.38,10.63,1545545,86077,5.6,0,0,0.0,1007,738,77,1.03,0.82,8.26,9.84,2490,4
2026-05-18 05:24:38,1.8,10.27,10.24,10.57,1545545,86067,5.6,0,0,0.0,1007,738,77,1.03,0.84,6.12,7.15,2478,6
2026-05-18 05:25:39,1.8,10.70,10.39,10.60,1545545,86058,5.6,0,0,0.0,1007,738,77,1.10,0.78,2.73,4.15,2479,5
2026-05-18 05:26:39,1.8,12.49,10.97,10.78,1545545,86061,5.6,0,0,0.0,1007,738,77,1.03,0.97,11.10,13.28,2506,2
2026-05-18 05:27:39,2.9,13.07,11.44,10.96,1545545,86055,5.6,0,0,0.0,1007,738,77,1.03,0.75,9.93,11.45,2497,4
2026-05-18 05:28:39,1.5,11.35,11.27,10.94,1545545,86078,5.6,0,0,0.0,1007,738,77,1.03,0.77,5.49,7.00,2486,1
2026-05-18 05:29:40,3.4,11.15,11.19,10.93,1545545,86081,5.6,0,0,0.0,1007,738,77,1.30,0.81,10.06,10.72,2487,4
2026-05-18 05:30:40,1.0,10.03,10.85,10.82,1545545,86036,5.6,0,0,0.0,1007,738,77,1.09,0.92,1.45,3.06,2486,4
2026-05-18 05:31:40,1.8,9.80,10.64,10.76,1545545,86045,5.6,0,0,0.0,1007,738,77,1.03,0.80,3.26,4.46,2472,2
2026-05-18 05:32:41,1.9,10.62,10.82,10.81,1545545,86062,5.6,0,0,0.0,1007,738,77,1.03,0.84,7.34,8.86,2487,2
2026-05-18 05:33:41,2.1,10.71,10.82,10.81,1545545,86080,5.6,0,0,0.0,1007,738,77,1.03,0.71,6.69,7.56,2492,2
2026-05-18 05:34:41,1.0,11.57,11.10,10.91,1545545,86074,5.6,0,0,0.0,1007,738,77,1.03,0.75,10.63,11.18,2495,4
2026-05-18 05:35:42,1.0,9.99,10.74,10.80,1545545,86045,5.6,0,0,0.0,1007,738,77,1.09,0.81,0.39,1.91,2492,3
2026-05-18 05:36:42,1.0,9.79,10.56,10.74,1545545,86026,5.6,0,0,0.0,1007,738,77,1.03,0.98,5.98,6.97,2494,7
2026-05-18 05:37:42,1.0,9.96,10.47,10.69,1545545,86040,5.6,0,0,0.0,1007,738,77,1.03,0.79,5.12,6.18,2477,1
2026-05-18 05:38:43,2.1,9.77,10.31,10.62,1545545,86068,5.6,0,0,0.0,1007,738,77,1.03,0.66,2.29,3.56,2468,9
2026-05-18 05:39:43,1.1,12.70,11.11,10.88,1545545,86083,5.6,0,0,0.0,1007,738,77,1.39,0.72,12.10,13.24,2480,5
2026-05-18 05:40:43,2.9,12.86,11.39,10.99,1545545,86060,5.6,0,0,0.0,1007,738,77,1.42,0.85,9.19,10.28,2484,5
2026-05-18 05:41:44,1.7,13.24,11.92,11.21,1545545,86058,5.6,0,0,0.0,1007,738,77,1.14,0.91,10.13,11.14,2479,4
2026-05-18 05:42:44,2.2,11.46,11.65,11.16,1545545,86063,5.6,0,0,0.0,1007,738,77,1.03,0.67,6.26,7.24,2497,2
2026-05-18 05:43:44,1.6,11.89,11.67,11.19,1545545,86077,5.6,0,0,0.0,1007,738,77,1.04,0.79,5.61,6.65,2497,2
2026-05-18 05:44:45,0.9,11.25,11.54,11.18,1545545,86070,5.6,0,0,0.0,1007,738,77,1.03,0.75,3.57,4.80,2478,1
2026-05-18 05:45:45,1.0,10.67,11.28,11.11,1545545,86040,5.6,0,0,0.0,1007,738,77,1.06,0.75,0.31,1.78,2475,5
2026-05-18 05:46:45,2.1,10.96,11.23,11.10,1545545,86055,5.6,0,0,0.0,1007,738,77,1.03,0.93,6.98,7.87,2470,2
2026-05-18 05:47:46,1.0,11.04,11.23,11.11,1545545,86039,5.6,0,0,0.0,1007,738,77,1.03,0.97,6.32,8.10,2471,1
2026-05-18 05:48:46,1.1,10.29,10.96,11.02,1545545,86072,5.6,0,0,0.0,1007,738,77,1.27,0.68,2.72,3.99,2471,6
2026-05-18 05:49:46,1.0,9.85,10.70,10.93,1545545,86055,5.6,0,0,0.0,1007,738,77,1.03,0.69,3.09,4.35,2476,4
2026-05-18 05:50:47,2.1,10.25,10.65,10.89,1545545,86067,5.6,0,0,0.0,1007,738,77,1.09,0.80,6.28,7.64,2479,4
2026-05-18 05:51:47,0.9,9.98,10.55,10.85,1545545,86045,5.6,0,0,0.0,1007,738,77,1.04,0.85,8.67,9.44,2485,22
2026-05-18 05:52:47,2.5,10.43,10.51,10.81,1545545,86055,5.6,0,0,0.0,1007,738,77,1.16,0.74,6.03,7.11,2486,3
2026-05-18 05:53:48,0.9,10.10,10.36,10.74,1545545,86047,5.6,0,0,0.0,1007,738,77,1.89,0.75,0.67,2.16,2484,5
2026-05-18 05:54:48,3.1,12.81,10.91,10.89,1545545,86089,5.6,0,0,0.0,1007,738,77,1.30,0.82,6.13,7.90,2476,8
2026-05-18 05:55:48,1.1,12.18,11.16,10.98,1545545,86027,5.6,0,0,0.0,1007,738,77,1.03,0.78,3.68,5.15,2477,1
2026-05-18 05:56:49,1.9,11.65,11.15,10.99,1545545,86065,5.6,0,0,0.0,1007,738,77,1.11,0.90,7.97,8.71,2463,3
2026-05-18 05:57:49,1.7,11.48,11.28,11.05,1545545,86064,5.6,0,0,0.0,1007,738,77,1.21,0.80,8.13,9.76,2454,2
2026-05-18 05:58:49,1.1,10.74,11.12,11.01,1545545,86060,5.6,0,0,0.0,1007,738,77,1.06,0.89,3.51,4.86,2472,2
2026-05-18 05:59:50,1.3,9.54,10.70,10.87,1545545,86088,5.6,0,0,0.0,1007,738,77,1.03,0.70,0.32,1.79,2471,3
2026-05-18 06:00:50,0.5,9.34,10.50,10.79,1545545,13933,0.9,0,0,0.0,1007,738,77,1.62,7.06,1.54,1.94,2355,1
2026-05-18 06:01:50,0.6,8.49,10.04,10.61,1545545,13882,0.9,0,0,0.0,1007,738,77,1.09,6.94,0.38,1.57,2352,1
2026-05-18 06:02:51,0.5,8.29,9.67,10.44,1545545,13853,0.9,0,0,0.0,1007,738,77,1.19,0.71,0.33,1.58,2347,1
2026-05-18 06:03:51,0.5,8.10,9.36,10.29,1545545,13864,0.9,0,0,0.0,1007,738,77,1.14,0.81,0.32,1.56,2321,1
2026-05-18 06:04:51,0.4,8.04,9.11,10.14,1545545,13867,0.9,0,0,0.0,1007,738,77,1.21,0.93,0.41,1.71,2304,1
2026-05-18 06:05:52,0.4,8.09,8.94,10.02,1545545,13825,0.9,0,0,0.0,1007,738,77,1.03,0.70,0.31,1.56,2268,1
2026-05-18 06:06:52,0.4,8.03,8.76,9.89,1545545,13817,0.9,0,0,0.0,1007,738,77,1.05,0.75,0.35,1.57,2268,1
2026-05-18 06:07:52,0.4,8.05,8.64,9.77,1545545,13829,0.9,0,0,0.0,1007,738,77,1.53,0.75,0.31,1.56,2283,1
2026-05-18 06:08:53,0.4,8.08,8.53,9.66,1545545,13891,0.9,0,0,0.0,1007,738,77,1.09,1.16,0.32,1.57,2285,1
