timestamp,cpu_percent,load_1m,load_5m,load_15m,mem_total_mb,mem_used_mb,mem_percent,swap_total_mb,swap_used_mb,swap_percent,disk_total_gb,disk_used_gb,disk_percent,disk_read_mb,disk_write_mb,net_rx_mb,net_tx_mb,procs_total,procs_running
2026-05-16 04:09:08,1.5,9.80,12.16,12.68,2062688,113469,5.5,0,0,0.0,69,55,84,2.42,15.86,16.07,19.36,2555,5
2026-05-16 04:10:08,3.1,9.58,11.66,12.47,2062688,113461,5.5,0,0,0.0,69,55,84,0.00,12.93,15.97,18.45,2554,6
2026-05-16 04:11:09,1.2,10.34,11.47,12.35,2062688,113462,5.5,0,0,0.0,69,55,84,0.00,15.98,19.91,22.94,2536,4
2026-05-16 04:12:09,1.6,10.12,11.20,12.20,2062688,113475,5.5,0,0,0.0,69,55,84,0.00,13.09,21.11,23.57,2531,5
2026-05-16 04:13:10,1.7,10.12,11.00,12.07,2062688,113466,5.5,0,0,0.0,69,55,84,0.00,13.41,20.91,23.82,2533,2
2026-05-16 04:14:10,1.9,10.18,10.81,11.92,2062688,113464,5.5,0,0,0.0,69,55,84,0.00,12.81,20.97,23.51,2539,6
2026-05-16 04:15:11,1.4,9.77,10.56,11.77,2062688,113447,5.5,0,0,0.0,69,55,84,0.00,13.11,21.14,23.58,2543,3
2026-05-16 04:16:11,1.3,9.53,10.35,11.62,2062688,113454,5.5,0,0,0.0,69,55,84,0.00,15.89,21.03,23.92,2552,3
2026-05-16 04:17:11,1.8,9.76,10.27,11.51,2062688,113466,5.5,0,0,0.0,69,55,84,0.00,13.50,21.02,23.48,2552,2
2026-05-16 04:18:12,1.4,10.06,10.24,11.42,2062688,113447,5.5,0,0,0.0,69,55,84,0.00,13.27,21.36,24.25,2547,4
2026-05-16 04:19:12,1.4,10.31,10.25,11.34,2062688,113454,5.5,0,0,0.0,69,55,84,0.00,13.06,20.89,23.43,2544,5
2026-05-16 04:20:13,1.6,9.68,10.07,11.21,2062688,113463,5.5,0,0,0.0,69,55,84,0.00,12.87,20.86,23.42,2544,4
2026-05-16 04:21:13,9.6,9.98,10.11,11.15,2062688,113516,5.5,0,0,0.0,69,55,84,0.00,16.48,22.28,24.46,2531,2
2026-05-16 04:22:14,1.3,9.30,9.91,11.02,2062688,44787,2.2,0,0,0.0,69,55,84,0.00,39.31,10.83,12.87,2451,2
2026-05-16 04:23:14,0.8,9.95,9.97,10.97,2062688,50038,2.4,0,0,0.0,69,55,84,0.00,25.78,6.26,9.17,2449,2
2026-05-16 04:24:14,1.5,10.75,10.22,11.00,2062688,57527,2.8,0,0,0.0,69,55,84,0.00,15.21,6.18,8.71,2437,3
2026-05-16 04:25:15,5.2,13.08,10.87,11.16,2062688,63615,3.1,0,0,0.0,69,55,84,0.00,16.37,6.60,8.89,2442,12
2026-05-16 04:26:15,4.8,16.57,12.17,11.59,2062688,66473,3.2,0,0,0.0,69,55,84,0.00,14.97,6.09,8.80,2456,11
2026-05-16 04:27:16,5.9,28.99,17.40,13.48,2062688,110249,5.3,0,0,0.0,69,55,84,0.00,446.43,6.28,8.98,2544,12
2026-05-16 04:28:16,2.1,20.95,17.24,13.67,2062688,113539,5.5,0,0,0.0,69,55,84,0.00,461.70,6.43,9.22,2572,5
2026-05-16 04:29:17,1.4,13.79,15.88,13.43,2062688,113465,5.5,0,0,0.0,69,55,84,0.00,13.76,22.26,24.63,2574,3
2026-05-16 04:30:17,1.8,11.78,14.92,13.25,2062688,113478,5.5,0,0,0.0,69,55,84,0.00,13.80,26.30,28.68,2577,3
2026-05-16 04:31:17,1.5,10.46,14.00,13.04,2062688,113474,5.5,0,0,0.0,69,55,84,0.00,15.89,25.90,28.43,2575,3
2026-05-16 04:32:18,1.5,10.20,13.30,12.86,2062688,46655,2.3,0,0,0.0,69,55,84,0.00,49.05,19.20,19.99,2465,4
2026-05-16 04:33:18,5.1,9.75,12.61,12.64,2062688,53087,2.6,0,0,0.0,69,55,84,0.00,22.98,6.96,10.55,2436,2
2026-05-16 04:34:19,1.1,9.85,12.13,12.48,2062688,60320,2.9,0,0,0.0,69,55,84,0.00,14.46,6.67,10.11,2432,4
2026-05-16 04:35:19,5.5,13.48,12.70,12.65,2062688,65118,3.2,0,0,0.0,69,55,84,0.00,15.66,6.93,10.28,2432,9
2026-05-16 04:36:20,63.2,19.44,14.23,13.16,2062688,99063,4.8,0,0,0.0,69,55,84,0.00,79.72,6.63,9.82,2605,123
2026-05-16 04:37:20,5.5,24.43,17.45,14.39,2062688,112897,5.5,0,0,0.0,69,55,84,0.00,309.61,6.62,10.27,2541,11
2026-05-16 04:38:21,1.4,18.19,17.05,14.45,2062688,115271,5.6,0,0,0.0,69,55,84,0.00,362.20,7.52,12.15,2547,3
2026-05-16 04:39:21,1.9,13.24,15.81,14.19,2062688,115222,5.6,0,0,0.0,69,55,84,0.00,12.85,16.82,24.74,2560,3
2026-05-16 04:40:21,1.4,11.85,14.90,13.98,2062688,115222,5.6,0,0,0.0,69,55,84,0.00,13.45,16.62,24.55,2574,2
2026-05-16 04:41:22,1.5,10.36,13.91,13.70,2062688,115203,5.6,0,0,0.0,69,55,84,0.00,13.29,16.62,24.63,2571,2
2026-05-16 04:42:22,1.6,9.92,13.14,13.44,2062688,115229,5.6,0,0,0.0,69,55,84,0.00,16.12,16.83,25.10,2561,3
2026-05-16 04:43:23,1.5,9.92,12.58,13.23,2062688,115205,5.6,0,0,0.0,69,55,84,0.00,13.26,16.73,25.04,2547,7
2026-05-16 04:44:23,5.8,10.05,12.14,13.04,2062688,115201,5.6,0,0,0.0,69,55,84,0.00,12.89,16.66,24.76,2538,2
2026-05-16 04:45:23,1.9,10.86,11.98,12.93,2062688,115235,5.6,0,0,0.0,69,55,84,0.00,21.53,19.22,27.30,2531,3
2026-05-16 04:46:24,1.6,11.64,12.02,12.88,2062688,115302,5.6,0,0,0.0,69,55,84,0.00,15.74,26.16,33.94,2549,5
2026-05-16 04:47:24,3.4,12.75,12.22,12.89,2062688,112522,5.5,0,0,0.0,69,55,84,0.00,17.05,28.40,36.46,2547,6
2026-05-16 04:48:25,3.0,13.03,12.38,12.90,2062688,112494,5.5,0,0,0.0,69,55,84,0.00,13.43,33.08,43.60,2546,9
2026-05-16 04:49:25,3.4,14.42,12.93,13.06,2062688,112488,5.5,0,0,0.0,69,55,84,0.00,13.17,30.67,38.22,2558,5
2026-05-16 04:50:26,2.0,12.09,12.52,12.91,2062688,112462,5.5,0,0,0.0,69,55,84,0.00,13.84,23.36,31.43,2557,7
2026-05-16 04:51:26,1.8,11.52,12.27,12.80,2062688,112431,5.5,0,0,0.0,69,55,84,0.00,13.64,22.60,30.70,2555,4
2026-05-16 04:52:27,3.1,11.57,12.10,12.70,2062688,112042,5.4,0,0,0.0,69,55,84,0.00,16.99,26.58,34.86,2553,5
2026-05-16 04:53:27,3.6,14.13,12.78,12.90,2062688,111986,5.4,0,0,0.0,69,55,84,0.00,13.57,30.62,38.55,2545,9
2026-05-16 04:54:27,3.1,14.13,13.13,13.02,2062688,111965,5.4,0,0,0.0,69,55,84,0.00,13.79,28.03,36.29,2546,9
2026-05-16 04:55:28,1.4,12.52,12.87,12.94,2062688,111930,5.4,0,0,0.0,69,55,84,0.00,13.32,26.60,34.71,2550,2
2026-05-16 04:56:28,1.9,19.79,14.88,13.62,2062688,112000,5.4,0,0,0.0,69,55,84,0.00,13.46,25.27,33.30,2543,5
2026-05-16 04:57:29,1.9,14.21,14.20,13.46,2062688,111971,5.4,0,0,0.0,69,55,84,0.00,16.07,26.48,34.80,2536,3
2026-05-16 04:58:29,2.1,11.46,13.40,13.23,2062688,111959,5.4,0,0,0.0,69,55,84,0.00,13.42,22.55,30.86,2546,6
2026-05-16 04:59:30,2.5,10.87,12.87,13.06,2062688,111953,5.4,0,0,0.0,69,55,84,0.00,13.13,22.26,30.55,2544,2
2026-05-16 05:00:30,1.6,11.10,12.59,12.95,2062688,111981,5.4,0,0,0.0,69,55,84,0.00,125.33,22.54,30.69,2549,1
2026-05-16 05:01:30,1.4,10.87,12.27,12.82,2062688,111982,5.4,0,0,0.0,69,55,84,0.00,18.16,22.35,30.41,2545,6
2026-05-16 05:02:31,1.6,10.56,11.93,12.67,2062688,111925,5.4,0,0,0.0,69,55,84,0.00,40.36,22.38,30.71,2528,8
2026-05-16 05:03:31,1.9,10.77,11.72,12.54,2062688,111976,5.4,0,0,0.0,69,55,84,0.00,13.66,27.10,35.41,2535,3
2026-05-16 05:04:32,3.0,13.04,12.27,12.69,2062688,111964,5.4,0,0,0.0,69,55,84,0.00,13.36,30.63,38.40,2526,7
2026-05-16 05:05:32,12.6,12.35,12.23,12.65,2062688,111997,5.4,0,0,0.0,69,55,84,0.00,13.33,30.91,38.51,2532,6
2026-05-16 05:06:33,3.4,22.35,15.07,13.59,2062688,112000,5.4,0,0,0.0,69,55,84,0.00,13.71,30.63,38.34,2542,7
2026-05-16 05:07:33,4.1,17.11,14.82,13.59,2062688,112025,5.4,0,0,0.0,69,55,84,0.00,16.59,31.14,38.93,2544,4
2026-05-16 05:08:33,3.1,13.39,14.21,13.46,2062688,111994,5.4,0,0,0.0,69,55,84,0.00,13.95,27.73,35.69,2547,25
2026-05-16 05:09:34,11.5,11.70,13.63,13.31,2062688,112035,5.4,0,0,0.0,69,55,84,0.00,13.59,28.34,37.09,2552,11
2026-05-16 05:10:34,3.0,11.60,13.25,13.20,2062688,112028,5.4,0,0,0.0,69,55,84,0.00,14.10,30.09,37.78,2542,10
2026-05-16 05:11:35,3.1,12.17,13.18,13.18,2062688,112031,5.4,0,0,0.0,69,55,84,0.00,21.74,28.01,35.96,2532,7
2026-05-16 05:12:35,3.7,15.57,14.16,13.53,2062688,112064,5.4,0,0,0.0,69,55,84,0.00,16.27,30.75,38.71,2529,8
2026-05-16 05:13:36,1.8,13.77,13.89,13.47,2062688,112023,5.4,0,0,0.0,69,55,84,0.00,14.11,28.89,36.71,2540,3
2026-05-16 05:14:36,5.7,12.94,13.68,13.43,2062688,112073,5.4,0,0,0.0,69,55,84,0.00,13.51,29.59,37.79,2544,9
2026-05-16 05:15:36,3.3,12.65,13.50,13.39,2062688,112070,5.4,0,0,0.0,69,55,84,0.00,13.86,29.82,37.62,2543,9
2026-05-16 05:16:37,3.2,11.93,13.11,13.26,2062688,112076,5.4,0,0,0.0,69,55,84,0.00,13.26,28.68,36.69,2550,7
2026-05-16 05:17:37,3.2,16.95,14.07,13.56,2062688,112096,5.4,0,0,0.0,69,55,84,0.00,16.23,29.36,37.01,2555,6
2026-05-16 05:18:38,2.1,13.46,13.55,13.41,2062688,112113,5.4,0,0,0.0,69,55,84,0.00,13.82,29.34,37.71,2544,5
2026-05-16 05:19:38,1.7,11.54,12.93,13.20,2062688,112068,5.4,0,0,0.0,69,55,84,0.00,13.45,25.45,33.95,2542,5
2026-05-16 05:20:39,1.6,11.54,12.69,13.10,2062688,112091,5.4,0,0,0.0,69,55,84,0.00,13.84,28.59,36.65,2532,4
2026-05-16 05:21:39,1.8,11.17,12.40,12.97,2062688,112099,5.4,0,0,0.0,69,55,84,0.00,13.59,28.61,36.79,2528,2
2026-05-16 05:22:39,3.3,11.61,12.20,12.86,2062688,112130,5.4,0,0,0.0,69,55,84,0.00,16.02,26.10,34.13,2516,7
2026-05-16 05:23:40,3.1,19.65,14.13,13.47,2062688,112142,5.4,0,0,0.0,69,55,84,0.00,13.74,29.80,38.09,2517,10
2026-05-16 05:24:40,3.1,18.07,14.81,13.75,2062688,112151,5.4,0,0,0.0,69,55,84,0.00,13.98,31.26,39.01,2515,8
2026-05-16 05:25:41,2.3,18.83,15.76,14.15,2062688,112159,5.4,0,0,0.0,69,55,84,0.00,13.63,29.97,37.61,2517,4
2026-05-16 05:26:41,3.3,19.50,16.37,14.45,2062688,112157,5.4,0,0,0.0,69,55,84,0.00,13.45,28.45,36.14,2522,10
2026-05-16 05:27:42,1.7,17.51,16.38,14.58,2062688,112179,5.4,0,0,0.0,69,55,84,0.00,16.05,29.84,37.39,2528,3
2026-05-16 05:28:42,3.0,31.55,20.10,15.94,2062688,112195,5.4,0,0,0.0,69,55,84,0.00,11.82,29.98,38.27,2528,6
2026-05-16 05:29:42,3.2,25.73,20.50,16.34,2062688,112191,5.4,0,0,0.0,69,55,84,0.00,13.83,30.53,38.59,2528,10
2026-05-16 05:30:43,3.3,25.33,21.28,16.86,2062688,112188,5.4,0,0,0.0,69,55,84,0.00,13.83,31.05,38.72,2533,6
2026-05-16 05:31:43,3.6,19.46,20.34,16.82,2062688,112226,5.4,0,0,0.0,69,55,84,0.00,21.48,31.19,38.61,2538,26
2026-05-16 05:32:44,12.5,20.69,20.73,17.18,2062688,112251,5.4,0,0,0.0,69,55,84,0.00,13.37,30.19,38.05,2535,24
2026-05-16 05:33:44,1.8,17.14,19.93,17.16,2062688,112239,5.4,0,0,0.0,69,55,84,0.00,16.61,31.46,39.33,2541,8
2026-05-16 05:34:45,1.5,16.62,19.44,17.17,2062688,112218,5.4,0,0,0.0,69,55,84,0.00,13.59,28.84,36.88,2545,3
2026-05-16 05:35:45,2.9,14.51,18.23,16.89,2062688,112258,5.4,0,0,0.0,69,55,84,0.00,13.71,26.60,34.66,2538,6
2026-05-16 05:36:45,3.6,14.07,17.40,16.69,2062688,112259,5.4,0,0,0.0,69,55,84,0.00,13.75,29.54,37.33,2530,5
2026-05-16 05:37:46,3.7,14.21,16.73,16.49,2062688,112287,5.4,0,0,0.0,69,55,84,0.00,13.46,30.90,38.59,2522,6
2026-05-16 05:38:46,3.7,13.67,16.12,16.30,2062688,112274,5.4,0,0,0.0,69,55,84,0.00,16.20,30.91,38.68,2514,8
2026-05-16 05:39:47,3.4,13.04,15.56,16.10,2062688,112282,5.4,0,0,0.0,69,55,84,0.00,13.82,29.82,38.02,2515,6
2026-05-16 05:40:47,3.6,12.65,14.99,15.87,2062688,112301,5.4,0,0,0.0,69,55,84,0.00,14.31,29.27,37.05,2522,12
2026-05-16 05:41:48,3.7,12.19,14.47,15.63,2062688,112317,5.4,0,0,0.0,69,55,84,0.00,13.42,30.59,38.14,2536,5
2026-05-16 05:42:48,3.3,12.01,14.01,15.40,2062688,112325,5.4,0,0,0.0,69,55,84,0.00,13.46,30.07,38.15,2538,5
2026-05-16 05:43:48,3.1,12.53,13.79,15.24,2062688,112335,5.4,0,0,0.0,69,55,84,0.00,16.84,30.24,38.67,2537,21
2026-05-16 05:44:49,3.1,12.07,13.38,15.00,2062688,112328,5.4,0,0,0.0,69,55,84,0.00,13.96,29.03,37.28,2534,6
2026-05-16 05:45:49,3.5,13.67,13.55,14.95,2062688,112337,5.4,0,0,0.0,69,55,84,0.00,13.80,30.25,37.89,2529,5
2026-05-16 05:46:50,1.8,12.28,13.18,14.73,2062688,112310,5.4,0,0,0.0,69,55,84,0.00,13.47,27.48,35.54,2531,3
2026-05-16 05:47:50,3.5,12.09,12.92,14.54,2062688,112359,5.4,0,0,0.0,69,55,84,0.00,13.27,27.24,35.08,2531,5
2026-05-16 05:48:51,1.7,11.06,12.52,14.30,2062688,112321,5.4,0,0,0.0,69,55,84,0.00,16.59,26.35,34.66,2531,5
2026-05-16 05:49:51,3.7,11.26,12.32,14.12,2062688,112357,5.4,0,0,0.0,69,55,84,0.00,13.71,26.89,35.61,2524,6
2026-05-16 05:50:51,2.9,11.80,12.32,14.01,2062688,112358,5.4,0,0,0.0,69,55,84,0.00,14.66,29.96,37.85,2531,4
2026-05-16 05:51:52,3.3,11.49,12.13,13.83,2062688,112361,5.4,0,0,0.0,69,55,84,0.00,13.43,27.44,35.38,2538,4
2026-05-16 05:52:52,2.8,12.01,12.16,13.74,2062688,112388,5.4,0,0,0.0,69,55,84,0.00,13.45,30.93,38.40,2536,4
2026-05-16 05:53:53,3.5,12.02,12.15,13.63,2062688,112392,5.4,0,0,0.0,69,55,84,0.00,17.26,30.61,38.47,2543,8
2026-05-16 05:54:53,1.7,12.98,12.49,13.66,2062688,112358,5.4,0,0,0.0,69,55,84,0.00,22.20,29.85,37.84,2546,2
2026-05-16 05:55:54,3.6,12.69,12.49,13.59,2062688,112369,5.4,0,0,0.0,69,55,84,0.00,14.00,28.61,36.79,2539,4
2026-05-16 05:56:54,1.8,12.29,12.41,13.49,2062688,112367,5.4,0,0,0.0,69,55,84,0.00,13.48,27.42,35.31,2536,5
2026-05-16 05:57:55,3.3,11.91,12.27,13.37,2062688,112411,5.4,0,0,0.0,69,55,84,0.00,13.60,27.96,36.01,2533,9
2026-05-16 05:58:55,3.3,11.63,12.10,13.24,2062688,112399,5.4,0,0,0.0,69,55,84,0.00,16.73,28.44,36.40,2538,6
2026-05-16 05:59:55,2.9,12.12,12.15,13.18,2062688,112426,5.5,0,0,0.0,69,55,84,0.00,11.64,31.24,39.38,2543,26
2026-05-16 06:00:56,3.6,21.00,14.62,13.96,2062688,112429,5.5,0,0,0.0,69,55,84,0.00,15.04,30.87,38.69,2531,7
2026-05-16 06:01:56,3.3,15.13,14.10,13.82,2062688,112412,5.4,0,0,0.0,69,55,84,0.00,38.07,27.99,35.81,2531,6
2026-05-16 06:02:57,3.1,13.34,13.77,13.72,2062688,112465,5.5,0,0,0.0,69,55,84,0.00,13.31,31.07,38.62,2526,4
2026-05-16 06:03:57,3.5,13.82,13.76,13.71,2062688,112445,5.5,0,0,0.0,69,55,84,0.00,16.56,30.64,38.39,2538,6
2026-05-16 06:04:58,2.3,13.03,13.52,13.63,2062688,112414,5.4,0,0,0.0,69,55,84,0.00,21.59,31.30,39.06,2529,22
2026-05-16 06:05:58,3.3,13.15,13.53,13.63,2062688,112417,5.5,0,0,0.0,69,55,84,0.00,13.71,29.48,37.77,2539,6
2026-05-16 06:06:58,3.2,21.33,15.35,14.22,2062688,112419,5.5,0,0,0.0,69,55,84,0.00,13.14,30.87,38.45,2543,19
2026-05-16 06:07:59,11.2,15.83,14.87,14.13,2062688,112441,5.5,0,0,0.0,69,55,84,0.00,13.49,29.89,37.75,2538,14
2026-05-16 06:08:59,2.1,12.79,14.20,13.95,2062688,112421,5.5,0,0,0.0,69,55,84,0.00,13.56,28.50,36.17,2519,2
2026-05-16 06:10:00,3.2,12.53,13.83,13.83,2062688,112438,5.5,0,0,0.0,69,55,84,0.00,16.75,27.90,36.01,2529,7
2026-05-16 06:11:00,4.1,13.35,13.96,13.88,2062688,112473,5.5,0,0,0.0,69,55,84,0.00,14.09,30.91,38.96,2526,5
2026-05-16 06:12:01,3.3,13.13,13.81,13.83,2062688,112476,5.5,0,0,0.0,69,55,84,0.00,13.58,29.17,36.94,2521,6
2026-05-16 06:13:01,1.8,12.01,13.34,13.67,2062688,112471,5.5,0,0,0.0,69,55,84,0.00,13.40,26.51,34.65,2532,3
2026-05-16 06:14:01,1.7,12.43,13.25,13.62,2062688,112445,5.5,0,0,0.0,69,55,84,0.00,13.78,26.47,34.44,2538,176
2026-05-16 06:15:02,3.4,12.30,13.09,13.54,2062688,112470,5.5,0,0,0.0,69,55,84,0.00,14.56,31.02,39.15,2530,9
2026-05-16 06:16:02,2.3,12.65,13.15,13.54,2062688,112481,5.5,0,0,0.0,69,55,84,0.00,13.48,29.37,37.34,2535,4
2026-05-16 06:17:03,1.7,18.90,15.16,14.22,2062688,112459,5.5,0,0,0.0,69,55,84,0.00,13.24,23.76,31.88,2536,4
2026-05-16 06:18:03,3.4,14.58,14.64,14.10,2062688,112516,5.5,0,0,0.0,69,55,84,0.00,13.79,30.73,38.70,2535,7
2026-05-16 06:19:04,6.6,15.08,14.60,14.11,2062688,112485,5.5,0,0,0.0,69,55,84,0.00,13.83,30.60,38.43,2534,24
2026-05-16 06:20:04,11.6,14.83,14.71,14.18,2062688,112508,5.5,0,0,0.0,69,55,84,0.00,16.47,30.97,39.14,2546,5
2026-05-16 06:21:04,2.7,13.55,14.34,14.08,2062688,112511,5.5,0,0,0.0,69,55,84,0.00,14.41,31.25,39.12,2544,5
2026-05-16 06:22:05,2.4,12.22,13.81,13.92,2062688,112523,5.5,0,0,0.0,69,55,84,0.00,13.44,30.52,38.09,2540,5
2026-05-16 06:23:05,1.9,11.86,13.44,13.78,2062688,112521,5.5,0,0,0.0,69,55,85,0.00,13.67,28.47,36.35,2545,4
2026-05-16 06:24:06,3.7,11.51,13.05,13.63,2062688,112528,5.5,0,0,0.0,69,55,85,0.00,13.64,26.98,34.99,2541,7
2026-05-16 06:25:06,3.6,13.97,13.37,13.70,2062688,112529,5.5,0,0,0.0,69,55,85,0.00,17.00,30.93,39.03,2543,7
2026-05-16 06:26:07,2.9,14.19,13.43,13.69,2062688,112532,5.5,0,0,0.0,69,55,85,0.00,14.16,30.97,39.04,2543,6
2026-05-16 06:27:07,3.6,12.52,13.07,13.54,2062688,112517,5.5,0,0,0.0,69,55,85,0.00,21.13,28.15,36.31,2529,7
2026-05-16 06:28:07,3.1,13.04,13.03,13.49,2062688,112530,5.5,0,0,0.0,69,55,85,0.00,13.46,29.96,37.57,2525,7
2026-05-16 06:29:08,1.5,11.59,12.66,13.34,2062688,112470,5.5,0,0,0.0,69,55,85,0.00,13.46,28.77,36.46,2532,3
2026-05-16 06:30:08,3.1,11.97,12.52,13.25,2062688,112530,5.5,0,0,0.0,69,55,85,0.00,16.86,29.62,37.67,2528,9
2026-05-16 06:31:09,3.4,15.26,13.14,13.40,2062688,112528,5.5,0,0,0.0,69,55,85,0.00,14.91,29.23,37.80,2530,4
2026-05-16 06:32:09,3.2,13.23,12.97,13.32,2062688,112535,5.5,0,0,0.0,69,55,85,0.00,13.27,30.95,38.49,2535,9
2026-05-16 06:33:09,2.9,13.83,13.25,13.40,2062688,112520,5.5,0,0,0.0,69,55,85,0.00,13.74,30.78,38.47,2537,8
2026-05-16 06:34:10,3.3,12.04,12.85,13.25,2062688,112535,5.5,0,0,0.0,69,55,85,0.00,13.75,28.01,36.09,2531,7
2026-05-16 06:35:10,2.1,12.54,12.84,13.22,2062688,112526,5.5,0,0,0.0,69,55,85,0.00,16.64,29.45,37.73,2521,3
2026-05-16 06:36:11,3.1,12.77,12.89,13.22,2062688,112552,5.5,0,0,0.0,69,55,85,0.00,14.39,31.04,38.88,2516,3
2026-05-16 06:37:11,1.6,12.39,12.80,13.17,2062688,112532,5.5,0,0,0.0,69,55,85,0.00,13.61,28.40,36.13,2511,4
2026-05-16 06:38:12,3.0,12.72,12.83,13.15,2062688,112550,5.5,0,0,0.0,69,55,85,0.00,13.45,29.26,37.22,2509,10
2026-05-16 06:39:12,3.4,26.55,16.07,14.21,2062688,112553,5.5,0,0,0.0,69,55,85,0.00,13.52,30.26,38.07,2498,8
2026-05-16 06:40:12,1.7,17.40,15.41,14.10,2062688,112543,5.5,0,0,0.0,69,55,85,0.00,16.95,28.81,36.86,2502,1
2026-05-16 06:41:13,7.0,14.59,14.87,13.99,2062688,112587,5.5,0,0,0.0,69,55,85,0.00,14.48,28.44,36.67,2510,7
2026-05-16 06:42:13,3.7,12.83,14.31,13.85,2062688,112604,5.5,0,0,0.0,69,55,85,0.00,13.41,29.02,36.92,2521,5
2026-05-16 06:43:14,1.9,12.09,13.87,13.73,2062688,112562,5.5,0,0,0.0,69,55,85,0.00,14.04,26.65,35.06,2530,4
2026-05-16 06:44:14,8.7,11.66,13.43,13.58,2062688,112586,5.5,0,0,0.0,69,55,85,0.00,14.80,30.04,37.68,2527,8
2026-05-16 06:45:15,3.3,11.45,13.05,13.44,2062688,112596,5.5,0,0,0.0,69,55,85,0.00,22.23,28.29,35.95,2531,6
2026-05-16 06:46:15,3.5,11.83,12.87,13.35,2062688,112577,5.5,0,0,0.0,69,55,85,0.00,14.14,30.35,39.12,2528,7
2026-05-16 06:47:15,3.5,13.06,12.95,13.35,2062688,112609,5.5,0,0,0.0,69,55,85,0.00,14.10,28.86,36.85,2525,6
2026-05-16 06:48:16,3.5,12.69,12.86,13.29,2062688,112592,5.5,0,0,0.0,69,55,85,0.00,13.58,31.11,38.72,2533,3
2026-05-16 06:49:16,3.4,12.35,12.73,13.22,2062688,112590,5.5,0,0,0.0,69,55,85,0.00,13.95,30.92,38.58,2524,6
2026-05-16 06:50:17,3.3,13.02,12.85,13.23,2062688,112619,5.5,0,0,0.0,69,55,85,0.00,16.20,31.26,38.79,2523,4
2026-05-16 06:51:17,3.4,13.50,12.97,13.24,2062688,112614,5.5,0,0,0.0,69,55,85,0.00,14.97,31.09,39.12,2522,7
2026-05-16 06:52:18,2.7,18.76,15.58,14.18,2062688,112599,5.5,0,0,0.0,69,55,85,0.00,13.96,26.80,35.10,2525,4
2026-05-16 06:53:18,2.0,13.78,14.77,14.00,2062688,112587,5.5,0,0,0.0,69,55,85,0.00,13.42,29.52,37.25,2528,3
2026-05-16 06:54:19,5.1,12.73,14.28,13.87,2062688,112602,5.5,0,0,0.0,69,55,85,0.00,13.85,26.78,34.95,2540,26
2026-05-16 06:55:19,3.4,12.86,14.01,13.80,2062688,112633,5.5,0,0,0.0,69,55,85,0.00,16.10,29.38,37.19,2539,5
2026-05-16 06:56:19,3.2,17.05,15.42,14.33,2062688,112631,5.5,0,0,0.0,69,55,85,0.00,14.39,30.30,38.61,2538,11
2026-05-16 06:57:20,2.9,20.00,16.69,14.84,2062688,112646,5.5,0,0,0.0,69,55,85,0.00,14.58,29.28,37.70,2532,4
2026-05-16 06:58:20,1.9,14.88,15.84,14.66,2062688,112633,5.5,0,0,0.0,69,55,85,0.00,13.83,28.00,35.65,2530,6
2026-05-16 06:59:21,2.3,12.38,14.92,14.41,2062688,112636,5.5,0,0,0.0,69,55,85,0.00,13.61,26.54,34.58,2519,2
2026-05-16 07:00:21,3.4,12.04,14.38,14.26,2062688,112694,5.5,0,0,0.0,69,55,84,0.00,360.06,30.82,38.67,2526,5
2026-05-16 07:01:22,3.0,13.57,14.25,14.21,2062688,112656,5.5,0,0,0.0,69,55,84,0.00,23.75,31.04,38.80,2538,6
2026-05-16 07:02:22,3.3,13.03,14.01,14.13,2062688,112639,5.5,0,0,0.0,69,55,84,0.00,37.88,29.91,38.11,2546,5
2026-05-16 07:03:22,3.1,12.27,13.60,13.98,2062688,112610,5.5,0,0,0.0,69,55,84,0.00,13.50,27.01,35.00,2547,7
2026-05-16 07:04:23,3.2,11.76,13.21,13.83,2062688,112584,5.5,0,0,0.0,69,55,84,0.00,13.79,30.88,38.71,2541,5
2026-05-16 07:05:23,1.5,11.61,12.91,13.68,2062688,112606,5.5,0,0,0.0,69,55,84,0.00,14.23,27.72,35.71,2530,23
2026-05-16 07:06:24,12.2,11.58,12.70,13.56,2062688,112619,5.5,0,0,0.0,69,55,84,0.00,16.50,30.19,38.36,2514,24
2026-05-16 07:07:24,3.2,11.82,12.57,13.46,2062688,112649,5.5,0,0,0.0,69,55,84,0.00,13.82,28.01,36.43,2512,6
2026-05-16 07:08:25,3.3,12.83,12.76,13.47,2062688,112626,5.5,0,0,0.0,69,55,84,0.00,13.75,30.79,38.26,2524,24
2026-05-16 07:09:25,2.9,15.72,13.43,13.64,2062688,112568,5.5,0,0,0.0,69,55,84,0.00,13.52,29.13,36.91,2520,4
2026-05-16 07:10:25,3.3,17.60,14.30,13.92,2062688,112621,5.5,0,0,0.0,69,55,84,0.00,21.99,29.93,37.69,2539,8
2026-05-16 07:11:26,3.5,17.89,15.09,14.23,2062688,112590,5.5,0,0,0.0,69,55,84,0.00,16.64,29.70,37.93,2559,4
2026-05-16 07:12:26,1.4,15.40,14.90,14.22,2062688,112592,5.5,0,0,0.0,69,55,84,0.00,13.83,25.00,33.44,2541,2
2026-05-16 07:13:27,2.1,18.33,15.93,14.62,2062688,112611,5.5,0,0,0.0,69,55,84,0.00,13.54,30.38,38.26,2541,5
2026-05-16 07:14:27,1.5,16.89,16.05,14.75,2062688,112468,5.5,0,0,0.0,69,55,84,0.00,13.57,28.93,36.80,2540,4
2026-05-16 07:15:28,3.3,32.53,20.51,16.35,2062688,112511,5.5,0,0,0.0,69,55,84,0.00,13.63,28.22,35.94,2534,21
2026-05-16 07:16:28,3.2,26.06,20.90,16.75,2062688,112492,5.5,0,0,0.0,69,55,84,0.00,14.77,31.10,39.01,2529,5
2026-05-16 07:17:28,3.1,20.94,20.36,16.82,2062688,112482,5.5,0,0,0.0,69,55,84,0.00,13.76,28.41,36.48,2528,6
2026-05-16 07:18:29,2.4,19.03,19.89,16.88,2062688,112425,5.5,0,0,0.0,69,55,84,0.00,13.38,28.20,36.68,2529,1
2026-05-16 07:19:29,3.1,17.63,19.25,16.86,2062688,112459,5.5,0,0,0.0,69,55,84,0.00,13.36,29.32,37.00,2539,9
2026-05-16 07:20:30,2.4,16.08,18.72,16.84,2062688,112441,5.5,0,0,0.0,69,55,84,0.00,13.76,27.86,35.64,2542,3
2026-05-16 07:21:30,3.3,14.00,17.62,16.58,2062688,112465,5.5,0,0,0.0,69,55,84,0.00,16.64,29.46,37.56,2536,6
2026-05-16 07:22:31,2.3,12.90,16.67,16.31,2062688,112467,5.5,0,0,0.0,69,55,84,0.00,13.73,29.26,37.25,2541,5
2026-05-16 07:23:31,3.4,11.99,15.75,16.02,2062688,112480,5.5,0,0,0.0,69,55,84,0.00,13.62,25.82,34.18,2531,6
2026-05-16 07:24:31,3.5,11.98,15.03,15.75,2062688,112451,5.5,0,0,0.0,69,55,84,0.00,13.68,25.14,33.25,2523,27
2026-05-16 07:25:32,3.3,11.81,14.42,15.49,2062688,112457,5.5,0,0,0.0,69,55,84,0.00,13.51,27.41,35.46,2516,6
2026-05-16 07:26:32,5.0,11.54,13.87,15.24,2062688,112473,5.5,0,0,0.0,69,55,84,0.00,16.59,28.00,36.14,2511,7
2026-05-16 07:27:33,2.2,24.16,16.54,16.03,2062688,112497,5.5,0,0,0.0,69,55,84,0.00,14.14,30.59,38.42,2532,8
2026-05-16 07:28:33,9.7,15.75,15.49,15.70,2062688,112484,5.5,0,0,0.0,69,55,84,0.00,13.74,28.99,37.25,2534,7
2026-05-16 07:29:33,3.1,14.27,15.12,15.56,2062688,112482,5.5,0,0,0.0,69,55,84,0.00,13.91,30.63,38.62,2533,9
2026-05-16 07:30:34,2.2,12.85,14.58,15.35,2062688,112504,5.5,0,0,0.0,69,55,84,0.00,14.09,30.27,38.19,2543,10
2026-05-16 07:31:34,3.2,12.48,14.13,15.14,2062688,112497,5.5,0,0,0.0,69,55,84,0.00,16.79,30.33,38.06,2542,10
2026-05-16 07:32:35,3.4,12.57,13.87,14.98,2062688,112529,5.5,0,0,0.0,69,55,84,0.00,21.60,30.36,38.56,2522,7
2026-05-16 07:33:35,3.3,11.63,13.38,14.74,2062688,112513,5.5,0,0,0.0,69,55,84,0.00,13.81,29.07,37.14,2534,7
2026-05-16 07:34:36,3.6,11.66,13.07,14.55,2062688,112500,5.5,0,0,0.0,69,55,84,0.00,14.35,29.90,37.52,2529,4
2026-05-16 07:35:36,6.1,12.54,13.07,14.45,2062688,112530,5.5,0,0,0.0,69,55,84,0.00,13.78,30.63,38.15,2528,23
2026-05-16 07:36:37,1.6,13.28,13.24,14.43,2062688,112519,5.5,0,0,0.0,69,55,84,0.00,16.41,29.35,37.13,2522,2
2026-05-16 07:37:37,3.4,13.44,13.24,14.35,2062688,112561,5.5,0,0,0.0,69,55,84,0.00,13.96,29.41,37.71,2531,8
2026-05-16 07:38:37,1.8,11.61,12.77,14.12,2062688,112530,5.5,0,0,0.0,69,55,84,0.00,13.79,29.19,37.30,2531,5
2026-05-16 07:39:38,3.3,11.18,12.45,13.92,2062688,112525,5.5,0,0,0.0,69,55,84,0.00,13.68,24.43,32.64,2528,3
2026-05-16 07:40:38,3.2,14.19,12.93,13.99,2062688,112554,5.5,0,0,0.0,69,55,84,0.00,14.06,30.96,38.34,2536,6
2026-05-16 07:41:39,11.2,13.01,12.80,13.87,2062688,112560,5.5,0,0,0.0,69,55,84,0.00,16.28,29.37,37.21,2539,18
2026-05-16 07:42:39,1.7,12.54,12.72,13.78,2062688,112542,5.5,0,0,0.0,69,55,84,0.00,13.99,28.16,36.39,2528,5
2026-05-16 07:43:40,1.5,11.96,12.53,13.65,2062688,112518,5.5,0,0,0.0,69,55,84,0.00,14.22,28.56,36.76,2545,2
2026-05-16 07:44:40,3.4,11.37,12.25,13.48,2062688,112550,5.5,0,0,0.0,69,55,84,0.00,13.73,25.61,33.79,2542,6
2026-05-16 07:45:40,1.8,12.43,12.42,13.45,2062688,112574,5.5,0,0,0.0,69,55,84,0.00,14.17,30.43,37.93,2537,3
2026-05-16 07:46:41,3.2,12.54,12.52,13.43,2062688,112571,5.5,0,0,0.0,69,55,84,0.00,12.11,30.48,38.18,2530,6
2026-05-16 07:47:41,1.9,12.69,12.66,13.42,2062688,112603,5.5,0,0,0.0,69,55,84,0.00,17.84,31.00,38.88,2527,4
2026-05-16 07:48:42,3.1,12.20,12.50,13.32,2062688,112597,5.5,0,0,0.0,69,55,84,0.00,14.28,30.55,38.72,2511,4
2026-05-16 07:49:42,2.9,11.55,12.33,13.21,2062688,112564,5.5,0,0,0.0,69,55,84,0.00,13.75,28.05,35.93,2515,6
2026-05-16 07:50:43,1.7,11.61,12.19,13.10,2062688,112562,5.5,0,0,0.0,69,55,84,0.00,14.20,23.54,31.63,2526,5
2026-05-16 07:51:43,9.2,12.93,12.37,13.10,2062688,112574,5.5,0,0,0.0,69,55,85,0.00,13.42,27.79,35.85,2532,7
2026-05-16 07:52:43,3.4,12.95,12.53,13.11,2062688,112622,5.5,0,0,0.0,69,55,85,0.00,16.86,30.83,38.81,2536,7
2026-05-16 07:53:44,6.6,13.70,12.85,13.19,2062688,112602,5.5,0,0,0.0,69,55,85,0.00,14.25,30.95,39.19,2537,16
2026-05-16 07:54:44,3.1,14.02,13.13,13.26,2062688,112589,5.5,0,0,0.0,69,55,85,0.00,21.52,30.49,38.41,2536,4
2026-05-16 07:55:45,3.0,13.12,13.01,13.22,2062688,112610,5.5,0,0,0.0,69,55,85,0.00,14.03,31.04,38.46,2527,12
2026-05-16 07:56:45,3.1,12.08,12.75,13.11,2062688,112610,5.5,0,0,0.0,69,55,85,0.00,13.78,31.20,38.72,2532,7
2026-05-16 07:57:46,3.1,12.09,12.60,13.03,2062688,112648,5.5,0,0,0.0,69,55,85,0.00,16.81,30.08,38.09,2528,7
2026-05-16 07:58:46,3.6,13.02,12.78,13.07,2062688,112633,5.5,0,0,0.0,69,55,85,0.00,13.90,30.91,38.91,2530,28
2026-05-16 07:59:46,3.2,12.30,12.67,13.01,2062688,112629,5.5,0,0,0.0,69,55,85,0.00,14.62,30.82,38.31,2538,9
2026-05-16 08:00:47,3.1,13.01,12.89,13.07,2062688,112629,5.5,0,0,0.0,69,55,85,0.00,14.32,30.49,38.25,2539,9
2026-05-16 08:01:47,1.6,11.23,12.43,12.90,2062688,112594,5.5,0,0,0.0,69,55,85,0.00,35.56,27.81,35.70,2534,2
2026-05-16 08:02:48,19.0,13.04,12.83,13.02,2062688,112666,5.5,0,0,0.0,69,55,85,0.00,16.70,30.59,38.81,2541,6
2026-05-16 08:03:48,3.1,13.64,13.03,13.07,2062688,112633,5.5,0,0,0.0,69,55,85,0.00,14.04,30.71,38.80,2534,16
2026-05-16 08:04:49,9.8,12.36,12.79,12.99,2062688,112643,5.5,0,0,0.0,69,55,85,0.00,21.80,29.77,37.78,2529,21
2026-05-16 08:05:49,2.1,11.29,12.41,12.84,2062688,112608,5.5,0,0,0.0,69,55,85,0.00,14.01,29.22,36.94,2536,2
2026-05-16 08:06:50,3.2,10.94,12.09,12.70,2062688,112619,5.5,0,0,0.0,69,55,85,0.00,13.29,25.46,33.57,2531,4
2026-05-16 08:07:50,3.3,11.17,11.92,12.60,2062688,112679,5.5,0,0,0.0,69,55,85,0.00,16.89,28.76,37.01,2539,7
2026-05-16 08:08:50,3.3,10.63,11.67,12.47,2062688,112649,5.5,0,0,0.0,69,55,85,0.00,14.04,27.76,35.83,2535,5
2026-05-16 08:09:51,2.1,10.71,11.57,12.39,2062688,112614,5.5,0,0,0.0,69,55,85,0.00,13.70,27.63,35.76,2539,4
2026-05-16 08:10:51,3.6,12.44,11.90,12.45,2062688,112642,5.5,0,0,0.0,69,55,85,0.00,14.20,30.50,38.01,2532,7
2026-05-16 08:11:52,3.2,12.14,11.93,12.43,2062688,112654,5.5,0,0,0.0,69,55,85,0.00,13.56,30.03,37.64,2534,7
2026-05-16 08:12:52,3.2,11.82,11.85,12.36,2062688,112674,5.5,0,0,0.0,69,55,85,0.00,16.38,27.35,35.48,2537,5
2026-05-16 08:13:53,3.4,14.29,12.54,12.57,2062688,112635,5.5,0,0,0.0,69,55,85,0.00,14.24,31.13,39.20,2530,4
2026-05-16 08:14:53,3.2,12.52,12.34,12.50,2062688,112669,5.5,0,0,0.0,69,55,85,0.00,13.91,27.47,35.98,2525,7
2026-05-16 08:15:53,3.4,20.24,15.50,13.63,2062688,112669,5.5,0,0,0.0,69,55,85,0.00,13.62,29.75,37.45,2531,25
2026-05-16 08:16:54,12.0,15.20,14.94,13.56,2062688,112678,5.5,0,0,0.0,69,55,85,0.00,13.55,30.44,38.59,2523,18
2026-05-16 08:17:54,3.5,13.63,14.67,13.56,2062688,112713,5.5,0,0,0.0,69,55,85,0.00,16.54,29.64,37.47,2514,7
2026-05-16 08:18:55,4.5,12.92,14.28,13.50,2062688,112703,5.5,0,0,0.0,69,55,85,0.00,13.90,30.65,38.99,2527,9
2026-05-16 08:19:55,3.1,12.68,13.99,13.45,2062688,112678,5.5,0,0,0.0,69,55,85,0.00,13.50,29.40,37.35,2520,5
2026-05-16 08:20:56,3.7,13.19,13.87,13.44,2062688,112698,5.5,0,0,0.0,69,55,85,0.00,14.57,30.37,38.07,2522,4
2026-05-16 08:21:56,17.9,19.50,15.46,14.00,2062688,112709,5.5,0,0,0.0,69,55,85,0.00,13.30,29.49,37.20,2533,10
2026-05-16 08:22:56,3.0,17.05,15.51,14.11,2062688,112745,5.5,0,0,0.0,69,55,85,0.00,16.17,30.35,38.19,2533,4
2026-05-16 08:23:57,3.6,13.85,14.88,13.98,2062688,112721,5.5,0,0,0.0,69,55,85,0.00,13.91,30.68,39.17,2525,5
2026-05-16 08:24:57,2.0,16.01,15.36,14.21,2062688,112709,5.5,0,0,0.0,69,55,85,0.00,13.72,27.71,35.90,2520,2
2026-05-16 08:25:58,3.7,13.62,14.77,14.07,2062688,112701,5.5,0,0,0.0,69,55,85,0.00,13.96,30.76,38.35,2524,6
2026-05-16 08:26:58,3.1,12.63,14.28,13.95,2062688,112709,5.5,0,0,0.0,69,55,85,0.00,21.33,30.26,38.09,2525,10
2026-05-16 08:27:59,4.7,12.77,14.00,13.87,2062688,112737,5.5,0,0,0.0,69,55,85,0.00,16.14,29.41,37.61,2532,24
2026-05-16 08:28:59,2.0,11.83,13.55,13.73,2062688,112717,5.5,0,0,0.0,69,55,85,0.00,13.94,30.39,38.25,2533,3
2026-05-16 08:29:59,2.1,11.58,13.16,13.58,2062688,112734,5.5,0,0,0.0,69,55,85,0.00,13.75,27.43,35.83,2539,3
2026-05-16 08:31:00,2.9,10.60,12.58,13.35,2062688,112724,5.5,0,0,0.0,69,55,85,0.00,13.97,28.94,36.81,2543,9
2026-05-16 08:32:00,3.0,11.46,12.47,13.27,2062688,112721,5.5,0,0,0.0,69,55,85,0.00,13.47,29.67,37.33,2550,7
2026-05-16 08:33:01,3.2,12.13,12.51,13.23,2062688,112757,5.5,0,0,0.0,69,55,85,0.00,11.64,28.98,36.97,2549,5
2026-05-16 08:34:01,2.3,12.05,12.44,13.16,2062688,112721,5.5,0,0,0.0,69,55,85,0.00,16.84,31.51,39.35,2540,4
2026-05-16 08:35:02,3.0,11.81,12.29,13.06,2062688,112740,5.5,0,0,0.0,69,55,85,0.00,13.93,29.67,37.76,2529,4
2026-05-16 08:36:02,3.7,11.48,12.15,12.97,2062688,112734,5.5,0,0,0.0,69,55,85,0.00,13.98,27.22,35.23,2524,6
2026-05-16 08:37:02,2.3,12.55,12.40,13.01,2062688,112728,5.5,0,0,0.0,69,55,85,0.00,13.94,28.26,36.21,2517,2
2026-05-16 08:38:03,3.6,13.80,12.71,13.06,2062688,112761,5.5,0,0,0.0,69,55,85,0.00,13.32,28.42,36.42,2519,6
2026-05-16 08:39:03,3.2,12.68,12.59,13.00,2062688,112753,5.5,0,0,0.0,69,55,85,0.00,16.86,31.03,38.98,2524,6
2026-05-16 08:40:04,3.4,12.52,12.55,12.96,2062688,112745,5.5,0,0,0.0,69,55,85,0.00,14.20,31.07,39.32,2527,5
2026-05-16 08:41:04,3.3,35.96,17.85,14.68,2062688,112760,5.5,0,0,0.0,69,55,85,0.00,14.31,28.76,36.48,2523,7
2026-05-16 08:42:05,3.1,21.52,16.99,14.58,2062688,112743,5.5,0,0,0.0,69,55,85,0.00,13.51,29.55,37.45,2525,7
2026-05-16 08:43:05,4.1,21.08,17.66,14.95,2062688,112782,5.5,0,0,0.0,69,55,85,0.00,13.56,27.77,35.88,2532,5
2026-05-16 08:44:05,3.3,18.27,17.58,15.10,2062688,112781,5.5,0,0,0.0,69,55,85,0.00,16.93,31.01,38.94,2525,10
2026-05-16 08:45:06,3.3,14.34,16.56,14.90,2062688,112752,5.5,0,0,0.0,69,55,85,0.00,22.09,31.02,39.28,2539,6
2026-05-16 08:46:06,2.8,12.46,15.61,14.67,2062688,112767,5.5,0,0,0.0,69,55,85,0.00,13.57,27.75,35.62,2539,4
2026-05-16 08:47:07,3.3,12.04,14.84,14.46,2062688,112757,5.5,0,0,0.0,69,55,85,0.00,13.55,27.77,35.76,2535,5
2026-05-16 08:48:07,3.3,12.23,14.52,14.38,2062688,112795,5.5,0,0,0.0,69,55,85,0.00,13.60,28.71,36.75,2540,9
2026-05-16 08:49:08,2.8,12.28,14.12,14.25,2062688,112789,5.5,0,0,0.0,69,55,85,0.00,16.41,31.02,38.83,2529,9
2026-05-16 08:50:08,3.3,12.51,13.87,14.16,2062688,112770,5.5,0,0,0.0,69,55,85,0.00,13.87,30.35,38.72,2523,4
2026-05-16 08:51:08,2.9,11.56,13.35,13.96,2062688,112779,5.5,0,0,0.0,69,55,85,0.00,14.13,28.85,37.11,2532,15
2026-05-16 08:52:09,11.7,11.94,13.07,13.82,2062688,112797,5.5,0,0,0.0,69,55,85,0.00,13.79,29.24,37.31,2533,6
2026-05-16 08:53:09,3.7,12.51,13.05,13.77,2062688,112815,5.5,0,0,0.0,69,55,85,0.00,13.33,30.88,38.81,2531,23
2026-05-16 08:54:10,2.2,15.31,13.74,13.96,2062688,112779,5.5,0,0,0.0,69,55,85,0.00,16.64,27.26,35.46,2542,2
2026-05-16 08:55:10,1.8,17.47,14.74,14.29,2062688,112758,5.5,0,0,0.0,69,55,85,0.00,14.17,28.42,36.93,2541,2
2026-05-16 08:56:11,2.0,23.03,17.25,15.21,2062688,112784,5.5,0,0,0.0,69,55,85,0.00,14.12,29.56,37.46,2531,4
2026-05-16 08:57:11,3.3,18.69,17.12,15.30,2062688,112799,5.5,0,0,0.0,69,55,85,0.00,13.58,28.83,36.88,2528,6
2026-05-16 08:58:11,3.4,17.61,17.04,15.38,2062688,112783,5.5,0,0,0.0,69,55,85,0.00,13.21,31.16,38.66,2524,10
2026-05-16 08:59:12,1.8,15.50,16.75,15.39,2062688,112767,5.5,0,0,0.0,69,55,85,0.00,15.09,29.08,36.81,2513,8
2026-05-16 09:00:12,3.5,20.25,18.48,16.12,2062688,112824,5.5,0,0,0.0,69,55,84,0.00,138.27,29.65,38.20,2516,6
2026-05-16 09:01:13,2.1,16.04,17.53,15.93,2062688,112837,5.5,0,0,0.0,69,55,84,0.00,19.66,27.79,35.89,2519,6
2026-05-16 09:02:13,3.9,17.56,17.54,16.03,2062688,112833,5.5,0,0,0.0,69,55,84,0.00,37.93,28.02,36.13,2516,6
2026-05-16 09:03:14,3.8,19.23,17.94,16.26,2062688,112809,5.5,0,0,0.0,69,55,84,0.00,13.63,30.60,38.53,2533,19
2026-05-16 09:04:14,12.2,20.26,18.60,16.61,2062688,112818,5.5,0,0,0.0,69,55,84,0.00,16.25,31.01,38.55,2537,9
2026-05-16 09:05:14,1.6,15.23,17.58,16.38,2062688,112833,5.5,0,0,0.0,69,55,84,0.00,14.66,28.05,36.60,2534,3
2026-05-16 09:06:15,3.2,12.77,16.40,16.05,2062688,112836,5.5,0,0,0.0,69,55,84,0.00,14.44,24.71,32.91,2533,7
2026-05-16 09:07:15,1.7,12.38,15.67,15.82,2062688,112840,5.5,0,0,0.0,69,55,84,0.00,13.66,30.36,38.18,2545,6
2026-05-16 09:08:16,3.4,12.31,15.02,15.58,2062688,112836,5.5,0,0,0.0,69,55,84,0.00,11.78,29.54,37.35,2548,8
2026-05-16 09:09:16,5.3,12.17,14.48,15.36,2062688,112841,5.5,0,0,0.0,69,55,84,0.00,13.80,31.24,38.87,2538,5
2026-05-16 09:10:17,3.2,13.29,14.47,15.31,2062688,112856,5.5,0,0,0.0,69,55,84,0.00,17.57,30.95,39.08,2539,6
2026-05-16 09:11:17,1.9,12.23,14.04,15.11,2062688,112811,5.5,0,0,0.0,69,55,84,0.00,14.02,28.68,36.64,2536,5
2026-05-16 09:12:17,3.3,26.35,16.83,15.95,2062688,112859,5.5,0,0,0.0,69,55,84,0.00,21.77,28.46,36.49,2527,8
2026-05-16 09:13:18,1.8,18.30,16.27,15.81,2062688,112843,5.5,0,0,0.0,69,55,84,0.00,13.52,31.21,38.70,2523,5
2026-05-16 09:14:18,3.0,14.52,15.59,15.61,2062688,112840,5.5,0,0,0.0,69,55,84,0.00,14.55,27.84,35.56,2530,7
2026-05-16 09:15:19,6.2,15.46,15.58,15.60,2062688,112843,5.5,0,0,0.0,69,55,84,0.00,17.36,31.46,39.70,2532,6
2026-05-16 09:16:19,3.6,12.11,14.61,15.26,2062688,112824,5.5,0,0,0.0,69,55,84,0.00,13.93,25.22,33.40,2523,5
2026-05-16 09:17:20,3.3,12.92,14.30,15.10,2062688,112863,5.5,0,0,0.0,69,55,84,0.00,13.58,26.57,34.56,2528,5
2026-05-16 09:18:20,3.0,13.85,14.18,15.01,2062688,112844,5.5,0,0,0.0,69,55,84,0.00,13.43,29.64,37.59,2532,4
2026-05-16 09:19:20,3.1,14.02,14.10,14.92,2062688,112859,5.5,0,0,0.0,69,55,84,0.00,13.46,29.66,37.27,2521,6
2026-05-16 09:20:21,2.5,13.48,14.03,14.85,2062688,112866,5.5,0,0,0.0,69,55,84,0.00,16.84,31.03,39.30,2531,2
2026-05-16 09:21:21,2.8,13.47,13.94,14.77,2062688,112850,5.5,0,0,0.0,69,55,84,0.00,14.35,28.59,36.76,2528,10
2026-05-16 09:22:22,3.1,13.99,14.03,14.75,2062688,112894,5.5,0,0,0.0,69,55,84,0.00,13.39,30.63,38.13,2524,8
2026-05-16 09:23:22,3.1,13.02,13.71,14.59,2062688,112868,5.5,0,0,0.0,69,55,84,0.00,13.56,30.63,38.35,2516,7
2026-05-16 09:24:23,3.4,15.26,14.25,14.72,2062688,112844,5.5,0,0,0.0,69,55,84,0.00,13.94,29.66,37.38,2519,12
2026-05-16 09:25:23,7.6,12.93,13.78,14.53,2062688,112878,5.5,0,0,0.0,69,55,84,0.00,17.22,27.57,36.37,2518,8
2026-05-16 09:26:23,3.4,12.81,13.60,14.42,2062688,112888,5.5,0,0,0.0,69,55,84,0.00,14.34,30.51,38.53,2517,28
2026-05-16 09:27:24,11.7,13.06,13.60,14.37,2062688,112908,5.5,0,0,0.0,69,55,84,0.00,13.91,30.91,38.77,2519,8
2026-05-16 09:28:24,9.3,12.32,13.28,14.21,2062688,112887,5.5,0,0,0.0,69,55,84,0.00,13.59,30.70,38.23,2520,17
2026-05-16 09:29:25,3.1,12.22,13.08,14.08,2062688,112885,5.5,0,0,0.0,69,55,84,0.00,13.62,28.64,36.61,2518,6
2026-05-16 09:30:25,2.1,12.67,13.04,14.00,2062688,112880,5.5,0,0,0.0,69,55,84,0.00,17.42,30.16,38.37,2522,4
2026-05-16 09:31:26,1.9,13.96,13.24,14.00,2062688,112881,5.5,0,0,0.0,69,55,84,0.00,14.24,30.65,38.67,2523,3
2026-05-16 09:32:26,1.9,12.11,12.85,13.82,2062688,112893,5.5,0,0,0.0,69,55,84,0.00,21.51,26.81,34.99,2533,3
2026-05-16 09:33:26,3.2,12.39,12.75,13.72,2062688,112890,5.5,0,0,0.0,69,55,84,0.00,13.50,28.17,36.01,2537,7
2026-05-16 09:34:27,3.7,13.94,13.03,13.75,2062688,112892,5.5,0,0,0.0,69,55,84,0.00,13.56,29.67,37.40,2544,6
2026-05-16 09:35:27,3.2,14.46,13.18,13.74,2062688,112913,5.5,0,0,0.0,69,55,84,0.00,17.19,31.27,39.10,2550,5
2026-05-16 09:36:28,2.0,13.79,13.28,13.74,2062688,112882,5.5,0,0,0.0,69,55,84,0.00,13.94,30.11,38.10,2545,1
2026-05-16 09:37:28,2.2,13.45,13.31,13.72,2062688,112921,5.5,0,0,0.0,69,55,84,0.00,13.82,30.73,38.45,2540,5
2026-05-16 09:38:29,3.1,14.36,13.72,13.85,2062688,112904,5.5,0,0,0.0,69,55,84,0.00,11.43,30.78,38.54,2532,21
2026-05-16 09:39:29,3.3,13.79,13.78,13.86,2062688,112922,5.5,0,0,0.0,69,55,84,0.00,13.55,31.03,38.81,2541,4
2026-05-16 09:40:29,3.5,12.58,13.44,13.74,2062688,112928,5.5,0,0,0.0,69,55,84,0.00,17.29,28.10,36.32,2539,3
2026-05-16 09:41:30,2.2,11.52,12.99,13.57,2062688,112918,5.5,0,0,0.0,69,55,84,0.00,14.08,27.12,35.60,2545,5
2026-05-16 09:42:30,1.6,12.72,13.07,13.56,2062688,112938,5.5,0,0,0.0,69,55,84,0.00,13.72,29.03,36.98,2541,4
2026-05-16 09:43:31,3.2,12.57,12.95,13.48,2062688,112918,5.5,0,0,0.0,69,55,84,0.00,13.70,29.11,36.92,2540,8
2026-05-16 09:44:31,3.1,12.54,12.84,13.41,2062688,112937,5.5,0,0,0.0,69,55,84,0.00,13.88,29.32,37.19,2534,5
2026-05-16 09:45:32,26.5,11.60,12.56,13.27,2062688,112975,5.5,0,0,0.0,69,55,84,0.00,16.71,30.65,38.22,2533,2
2026-05-16 09:46:32,3.4,11.75,12.43,13.18,2062688,112975,5.5,0,0,0.0,69,55,84,0.00,14.34,30.49,38.91,2528,7
2026-05-16 09:47:32,10.1,11.94,12.36,13.11,2062688,112995,5.5,0,0,0.0,69,55,84,0.00,13.50,30.73,38.20,2527,4
2026-05-16 09:48:33,5.2,12.24,12.44,13.09,2062688,112972,5.5,0,0,0.0,69,55,84,0.00,13.94,27.83,35.94,2523,1
2026-05-16 09:49:33,1.9,12.37,12.50,13.07,2062688,112990,5.5,0,0,0.0,69,55,84,0.00,13.62,29.82,37.68,2525,92
2026-05-16 09:50:34,11.6,11.52,12.25,12.95,2062688,112952,5.5,0,0,0.0,69,55,84,0.00,14.41,26.92,35.03,2525,18
2026-05-16 09:51:34,3.0,11.72,12.16,12.87,2062688,112955,5.5,0,0,0.0,69,55,84,0.00,17.14,29.80,38.58,2524,5
2026-05-16 09:52:35,3.4,11.94,12.13,12.82,2062688,112992,5.5,0,0,0.0,69,55,84,0.00,13.61,29.65,37.42,2534,7
2026-05-16 09:53:35,1.4,11.80,12.07,12.76,2062688,112976,5.5,0,0,0.0,69,55,84,0.00,13.24,30.36,38.00,2536,5
2026-05-16 09:54:35,1.9,11.70,12.00,12.69,2062688,112968,5.5,0,0,0.0,69,55,84,0.00,13.87,27.36,35.45,2543,2
2026-05-16 09:55:36,3.3,11.96,12.01,12.65,2062688,112982,5.5,0,0,0.0,69,55,84,0.00,21.84,29.60,37.27,2553,5
2026-05-16 09:56:36,2.9,12.35,12.07,12.62,2062688,112986,5.5,0,0,0.0,69,55,84,0.00,16.77,31.26,39.44,2546,7
2026-05-16 09:57:37,3.1,11.78,11.97,12.55,2062688,113007,5.5,0,0,0.0,69,55,84,0.00,13.52,31.23,38.81,2546,9
2026-05-16 09:58:37,3.1,18.28,13.41,12.99,2062688,112991,5.5,0,0,0.0,69,55,84,0.00,13.47,30.53,38.31,2550,8
2026-05-16 09:59:38,3.1,15.34,13.34,12.99,2062688,112996,5.5,0,0,0.0,69,55,84,0.00,13.09,30.91,38.29,2549,5
2026-05-16 10:00:38,1.8,12.22,12.84,12.84,2062688,112995,5.5,0,0,0.0,69,55,84,0.00,14.30,27.30,35.12,2542,5
2026-05-16 10:01:38,4.0,11.65,12.57,12.74,2062688,113000,5.5,0,0,0.0,69,55,84,0.00,17.05,29.78,38.29,2538,22
2026-05-16 10:02:39,3.1,23.67,15.41,13.68,2062688,113002,5.5,0,0,0.0,69,55,84,0.00,37.94,30.86,38.72,2541,7
2026-05-16 10:03:39,4.7,18.02,15.25,13.73,2062688,112997,5.5,0,0,0.0,69,55,84,0.00,14.00,30.66,38.56,2533,5
2026-05-16 10:04:40,1.9,14.36,14.71,13.64,2062688,112990,5.5,0,0,0.0,69,55,84,0.00,13.50,29.31,37.12,2534,3
2026-05-16 10:05:40,3.1,13.34,14.33,13.58,2062688,112968,5.5,0,0,0.0,69,55,84,0.00,22.14,29.72,37.60,2535,5
2026-05-16 10:06:41,3.3,12.34,13.85,13.45,2062688,112996,5.5,0,0,0.0,69,55,84,0.00,17.65,30.10,38.67,2543,9
2026-05-16 10:07:41,2.2,14.97,14.21,13.60,2062688,113017,5.5,0,0,0.0,69,55,84,0.00,13.46,30.87,38.48,2540,4
2026-05-16 10:08:41,3.1,12.72,13.70,13.46,2062688,112994,5.5,0,0,0.0,69,55,84,0.00,13.46,29.20,37.08,2538,7
2026-05-16 10:09:42,3.4,13.23,13.59,13.43,2062688,112987,5.5,0,0,0.0,69,55,85,0.00,13.79,31.25,38.96,2540,5
2026-05-16 10:10:42,2.8,12.41,13.30,13.34,2062688,113010,5.5,0,0,0.0,69,55,85,0.00,14.57,30.87,38.65,2538,10
2026-05-16 10:11:43,2.1,12.04,13.03,13.24,2062688,113006,5.5,0,0,0.0,69,55,85,0.00,17.17,29.99,38.13,2533,5
2026-05-16 10:12:43,3.2,13.03,13.07,13.24,2062688,113019,5.5,0,0,0.0,69,55,85,0.00,14.07,29.26,37.40,2533,4
2026-05-16 10:13:44,27.6,13.03,13.07,13.23,2062688,113005,5.5,0,0,0.0,69,55,85,0.00,13.73,29.74,37.68,2533,5
2026-05-16 10:14:44,11.3,14.44,13.33,13.30,2062688,112995,5.5,0,0,0.0,69,55,85,0.00,13.57,30.97,38.56,2520,7
2026-05-16 10:15:44,3.0,19.20,15.09,13.91,2062688,113001,5.5,0,0,0.0,69,55,85,0.00,13.91,30.12,37.95,2517,4
2026-05-16 10:16:45,1.9,22.01,17.00,14.66,2062688,112989,5.5,0,0,0.0,69,55,85,0.00,17.08,28.54,36.88,2510,4
2026-05-16 10:17:45,3.2,15.55,16.00,14.46,2062688,113037,5.5,0,0,0.0,69,55,85,0.00,13.83,28.08,36.15,2523,5
2026-05-16 10:18:46,3.2,13.92,15.47,14.37,2062688,113013,5.5,0,0,0.0,69,55,85,0.00,13.43,28.96,37.04,2525,5
2026-05-16 10:19:46,3.3,13.53,15.05,14.29,2062688,113021,5.5,0,0,0.0,69,55,85,0.00,11.00,29.89,37.94,2534,7
2026-05-16 10:20:47,2.9,12.78,14.57,14.17,2062688,113011,5.5,0,0,0.0,69,55,85,0.00,14.66,30.54,38.20,2533,8
2026-05-16 10:21:47,3.3,12.63,14.24,14.09,2062688,113023,5.5,0,0,0.0,69,55,85,0.00,16.92,30.92,38.87,2536,7
2026-05-16 10:22:48,3.3,12.86,13.98,14.00,2062688,113058,5.5,0,0,0.0,69,55,85,0.00,13.77,30.96,38.97,2529,5
2026-05-16 10:23:48,2.9,12.05,13.52,13.84,2062688,113045,5.5,0,0,0.0,69,55,85,0.00,13.46,26.49,34.56,2531,4
2026-05-16 10:24:48,3.1,12.19,13.28,13.74,2062688,113029,5.5,0,0,0.0,69,55,85,0.00,13.86,28.66,36.77,2537,19
2026-05-16 10:25:49,3.7,11.76,12.97,13.60,2062688,113041,5.5,0,0,0.0,69,55,85,0.00,14.21,27.57,35.76,2546,6
2026-05-16 10:26:49,1.6,11.87,12.76,13.49,2062688,113012,5.5,0,0,0.0,69,55,85,0.00,24.54,29.03,37.12,2541,6
2026-05-16 10:27:50,3.2,12.02,12.65,13.40,2062688,113067,5.5,0,0,0.0,69,55,85,0.00,14.21,29.52,37.63,2550,5
2026-05-16 10:28:50,2.1,11.36,12.37,13.26,2062688,113025,5.5,0,0,0.0,69,55,85,0.00,13.48,29.09,37.07,2544,2
2026-05-16 10:29:50,1.6,11.12,12.13,13.12,2062688,113021,5.5,0,0,0.0,69,55,85,0.00,13.77,26.36,34.46,2538,1
2026-05-16 10:30:51,3.3,12.19,12.18,13.07,2062688,113075,5.5,0,0,0.0,69,55,85,0.00,14.05,27.94,35.97,2533,5
2026-05-16 10:31:51,3.1,14.50,12.79,13.22,2062688,113078,5.5,0,0,0.0,69,55,85,0.00,16.63,31.13,39.07,2533,4
2026-05-16 10:32:52,3.2,13.91,13.00,13.27,2062688,113102,5.5,0,0,0.0,69,55,85,0.00,14.30,30.44,38.85,2531,6
2026-05-16 10:33:52,3.4,12.52,12.72,13.15,2062688,113062,5.5,0,0,0.0,69,55,85,0.00,13.89,28.37,36.28,2532,7
2026-05-16 10:34:53,3.5,12.19,12.59,13.08,2062688,113069,5.5,0,0,0.0,69,55,85,0.00,13.52,29.62,37.39,2540,7
2026-05-16 10:35:53,5.0,13.42,12.86,13.14,2062688,113070,5.5,0,0,0.0,69,55,85,0.00,13.74,29.33,37.46,2538,3
2026-05-16 10:36:53,3.7,13.00,12.83,13.11,2062688,113090,5.5,0,0,0.0,69,55,85,0.00,14.58,28.09,36.43,2538,23
2026-05-16 10:37:54,7.7,13.05,12.88,13.10,2062688,113122,5.5,0,0,0.0,69,55,85,0.00,16.12,30.05,38.67,2543,8
2026-05-16 10:38:54,1.7,13.78,13.27,13.23,2062688,113099,5.5,0,0,0.0,69,55,85,0.00,14.02,30.98,38.64,2534,2
2026-05-16 10:39:55,2.1,14.91,13.66,13.37,2062688,113081,5.5,0,0,0.0,69,55,85,0.00,13.46,29.26,36.96,2531,4
2026-05-16 10:40:55,6.3,17.30,14.38,13.62,2062688,113091,5.5,0,0,0.0,69,55,85,0.00,14.43,25.81,33.91,2537,6
2026-05-16 10:41:56,2.4,18.95,15.37,14.01,2062688,113093,5.5,0,0,0.0,69,55,85,0.00,13.99,30.47,38.69,2531,4
2026-05-16 10:42:56,3.3,19.27,16.12,14.35,2062688,113121,5.5,0,0,0.0,69,55,85,0.00,16.88,31.56,39.36,2526,6
2026-05-16 10:43:57,2.8,16.93,16.10,14.47,2062688,113095,5.5,0,0,0.0,69,55,85,0.00,13.68,30.90,38.55,2524,7
2026-05-16 10:44:57,1.7,15.20,15.78,14.45,2062688,113056,5.5,0,0,0.0,69,55,85,0.00,21.76,25.17,33.37,2524,4
2026-05-16 10:45:57,3.4,25.28,18.49,15.46,2062688,113117,5.5,0,0,0.0,69,55,85,0.00,14.03,27.46,35.38,2527,7
2026-05-16 10:46:58,1.6,18.89,18.02,15.49,2062688,113094,5.5,0,0,0.0,69,55,85,0.00,13.92,29.83,37.81,2530,4
2026-05-16 10:47:58,3.4,14.59,16.81,15.23,2062688,113141,5.5,0,0,0.0,69,55,85,0.00,16.87,23.97,32.73,2540,7
2026-05-16 10:48:59,3.2,16.37,16.89,15.35,2062688,113117,5.5,0,0,0.0,69,55,85,0.00,13.82,31.10,38.73,2542,16
2026-05-16 10:49:59,2.0,16.23,16.74,15.40,2062688,113118,5.5,0,0,0.0,69,55,85,0.00,11.30,29.61,37.55,2547,5
2026-05-16 10:51:00,2.1,13.65,15.88,15.19,2062688,113100,5.5,0,0,0.0,69,55,85,0.00,14.26,28.45,36.24,2549,3
2026-05-16 10:52:00,1.6,12.38,15.12,14.97,2062688,113098,5.5,0,0,0.0,69,55,85,0.00,13.64,27.61,35.48,2544,5
2026-05-16 10:53:00,3.2,13.32,14.78,14.85,2062688,113112,5.5,0,0,0.0,69,55,85,0.00,16.41,29.05,37.67,2543,5
2026-05-16 10:54:01,3.1,13.32,14.57,14.78,2062688,113114,5.5,0,0,0.0,69,55,85,0.00,14.06,30.65,38.28,2539,9
2026-05-16 10:55:01,3.0,13.34,14.36,14.69,2062688,113118,5.5,0,0,0.0,69,55,85,0.00,13.75,30.39,38.18,2529,3
2026-05-16 10:56:02,1.8,12.47,13.91,14.52,2062688,113117,5.5,0,0,0.0,69,55,85,0.00,13.91,27.44,35.46,2533,6
2026-05-16 10:57:02,3.9,13.03,13.81,14.44,2062688,113129,5.5,0,0,0.0,69,55,85,0.00,13.65,28.43,36.26,2537,9
2026-05-16 10:58:03,6.7,14.07,13.88,14.42,2062688,113131,5.5,0,0,0.0,69,55,85,0.00,17.83,30.46,39.11,2540,8
2026-05-16 10:59:03,3.6,13.60,13.70,14.32,2062688,113119,5.5,0,0,0.0,69,55,85,0.00,13.69,28.99,36.99,2547,5
2026-05-16 11:00:03,3.7,13.03,13.51,14.21,2062688,113197,5.5,0,0,0.0,69,55,84,0.00,136.57,30.86,38.49,2553,7
2026-05-16 11:01:04,11.3,13.14,13.47,14.15,2062688,113146,5.5,0,0,0.0,69,55,84,0.00,17.76,28.98,37.10,2547,19
2026-05-16 11:02:04,2.8,12.64,13.26,14.04,2062688,113130,5.5,0,0,0.0,69,55,84,0.00,37.82,29.10,36.96,2537,5
2026-05-16 11:03:05,3.3,12.99,13.37,14.03,2062688,113140,5.5,0,0,0.0,69,55,84,0.00,16.96,30.53,38.74,2542,5
2026-05-16 11:04:05,2.1,11.68,12.92,13.83,2062688,113113,5.5,0,0,0.0,69,55,84,0.00,14.00,29.61,37.59,2536,4
2026-05-16 11:05:06,2.0,11.27,12.60,13.66,2062688,113119,5.5,0,0,0.0,69,55,84,0.00,13.85,24.60,32.74,2530,4
2026-05-16 11:06:06,2.5,11.29,12.36,13.52,2062688,113119,5.5,0,0,0.0,69,55,84,0.00,13.88,28.98,36.84,2531,5
2026-05-16 11:07:06,3.3,11.41,12.20,13.39,2062688,113125,5.5,0,0,0.0,69,55,84,0.00,14.12,27.27,35.13,2540,5
2026-05-16 11:08:07,1.9,11.80,12.17,13.30,2062688,113133,5.5,0,0,0.0,69,55,84,0.00,16.86,27.75,36.23,2536,5
2026-05-16 11:09:07,3.1,11.70,12.05,13.18,2062688,113143,5.5,0,0,0.0,69,55,84,0.00,14.14,27.66,35.96,2528,6
2026-05-16 11:10:08,3.0,11.54,11.95,13.08,2062688,113160,5.5,0,0,0.0,69,55,84,0.00,13.86,27.58,35.57,2528,5
2026-05-16 11:11:08,1.8,11.04,11.73,12.93,2062688,113095,5.5,0,0,0.0,69,55,84,0.00,13.98,26.62,34.63,2533,2
2026-05-16 11:12:09,3.2,11.47,11.70,12.84,2062688,113130,5.5,0,0,0.0,69,55,84,0.00,21.52,28.89,36.99,2519,21
2026-05-16 11:13:09,3.2,12.26,11.92,12.85,2062688,113146,5.5,0,0,0.0,69,55,84,0.00,17.17,30.89,38.82,2534,11
2026-05-16 11:14:09,4.0,12.88,12.26,12.91,2062688,113142,5.5,0,0,0.0,69,55,84,0.00,14.18,29.41,37.82,2535,4
2026-05-16 11:15:10,2.1,11.76,12.07,12.80,2062688,113151,5.5,0,0,0.0,69,55,84,0.00,13.98,28.26,36.20,2534,3
2026-05-16 11:16:10,3.0,13.23,12.34,12.84,2062688,113165,5.5,0,0,0.0,69,55,84,0.00,13.58,28.46,36.36,2532,9
2026-05-16 11:17:11,2.7,13.08,12.55,12.89,2062688,113182,5.5,0,0,0.0,69,55,84,0.00,14.16,29.63,37.31,2538,6
2026-05-16 11:18:11,1.5,12.11,12.44,12.83,2062688,113167,5.5,0,0,0.0,69,55,84,0.00,17.16,28.21,36.61,2530,3
2026-05-16 11:19:11,2.9,12.43,12.41,12.79,2062688,113182,5.5,0,0,0.0,69,55,84,0.00,13.48,30.46,38.37,2521,9
2026-05-16 11:20:12,5.3,14.64,13.10,13.01,2062688,113192,5.5,0,0,0.0,69,55,84,0.00,13.65,29.85,37.71,2525,9
2026-05-16 11:21:12,3.4,13.13,12.97,12.97,2062688,113191,5.5,0,0,0.0,69,55,84,0.00,14.22,31.04,38.76,2526,5
2026-05-16 11:22:13,3.3,23.03,15.86,13.96,2062688,113231,5.5,0,0,0.0,69,55,84,0.00,13.64,30.01,37.82,2529,7
2026-05-16 11:23:13,1.9,15.63,15.06,13.80,2062688,113200,5.5,0,0,0.0,69,55,84,0.00,13.61,27.04,35.69,2525,3
2026-05-16 11:24:14,3.8,13.49,14.51,13.69,2062688,113178,5.5,0,0,0.0,69,55,84,0.00,16.90,26.89,35.54,2521,5
2026-05-16 11:25:14,3.0,21.30,17.40,14.79,2062688,113178,5.5,0,0,0.0,69,55,84,0.00,13.53,29.97,37.68,2517,6
2026-05-16 11:26:14,3.2,17.23,16.82,14.75,2062688,113191,5.5,0,0,0.0,69,55,84,0.00,13.61,30.71,38.62,2523,5
2026-05-16 11:27:15,3.0,14.77,16.15,14.64,2062688,113227,5.5,0,0,0.0,69,55,84,0.00,13.50,30.99,38.67,2528,6
2026-05-16 11:28:15,2.7,13.71,15.72,14.60,2062688,113204,5.5,0,0,0.0,69,55,84,0.00,14.75,28.24,36.48,2542,5
2026-05-16 11:29:16,1.9,12.27,14.99,14.42,2062688,113161,5.5,0,0,0.0,69,55,84,0.00,17.39,30.58,38.68,2552,6
2026-05-16 11:30:16,4.1,12.74,14.55,14.30,2062688,113186,5.5,0,0,0.0,69,55,84,0.00,14.09,29.97,37.45,2555,6
2026-05-16 11:31:17,1.8,12.08,14.05,14.14,2062688,113199,5.5,0,0,0.0,69,55,84,0.00,11.40,30.18,37.93,2551,4
2026-05-16 11:32:17,1.7,11.76,13.64,14.00,2062688,113187,5.5,0,0,0.0,69,55,84,0.00,21.59,29.87,37.52,2534,7
2026-05-16 11:33:17,3.6,12.10,13.37,13.88,2062688,113176,5.5,0,0,0.0,69,55,84,0.00,13.96,30.18,38.57,2539,11
2026-05-16 11:34:18,2.0,13.12,13.31,13.82,2062688,113161,5.5,0,0,0.0,69,55,84,0.00,16.88,28.03,36.12,2529,1
2026-05-16 11:35:18,3.2,12.50,13.05,13.69,2062688,113185,5.5,0,0,0.0,69,55,84,0.00,14.02,28.78,36.61,2537,6
2026-05-16 11:36:19,12.5,27.39,16.14,14.66,2062688,113180,5.5,0,0,0.0,69,55,84,0.00,13.99,28.54,36.88,2533,20
2026-05-16 11:37:19,3.2,18.41,15.66,14.59,2062688,113222,5.5,0,0,0.0,69,55,84,0.00,13.80,28.34,36.36,2528,7
2026-05-16 11:38:20,3.3,13.91,14.88,14.39,2062688,113195,5.5,0,0,0.0,69,55,84,0.00,13.56,30.14,38.20,2516,8
2026-05-16 11:39:20,3.6,12.84,14.47,14.28,2062688,113204,5.5,0,0,0.0,69,55,84,0.00,16.84,29.70,38.01,2514,6
2026-05-16 11:40:20,3.4,12.78,14.14,14.18,2062688,113221,5.5,0,0,0.0,69,55,84,0.00,14.00,30.88,38.60,2515,7
2026-05-16 11:41:21,2.9,12.90,13.92,14.10,2062688,113218,5.5,0,0,0.0,69,55,84,0.00,13.61,30.38,38.19,2521,6
2026-05-16 11:42:21,1.9,12.53,13.62,13.98,2062688,113221,5.5,0,0,0.0,69,55,84,0.00,13.63,28.91,37.10,2533,5
2026-05-16 11:43:22,2.3,12.00,13.23,13.82,2062688,113225,5.5,0,0,0.0,69,55,84,0.00,14.02,28.53,37.01,2535,2
2026-05-16 11:44:22,3.7,13.44,13.39,13.84,2062688,113213,5.5,0,0,0.0,69,55,84,0.00,16.96,30.48,38.79,2531,7
2026-05-16 11:45:23,3.0,13.16,13.32,13.78,2062688,113225,5.5,0,0,0.0,69,55,84,0.00,13.96,30.67,38.38,2524,7
2026-05-16 11:46:23,3.9,13.56,13.38,13.77,2062688,113233,5.5,0,0,0.0,69,55,84,0.00,14.01,28.85,36.94,2520,5
2026-05-16 11:47:23,3.4,11.95,12.94,13.59,2062688,113239,5.5,0,0,0.0,69,55,84,0.00,13.64,28.08,36.02,2518,9
2026-05-16 11:48:24,13.4,12.74,12.97,13.56,2062688,113224,5.5,0,0,0.0,69,55,84,0.00,14.35,31.16,39.19,2527,23
2026-05-16 11:49:24,1.9,13.80,13.21,13.60,2062688,113214,5.5,0,0,0.0,69,55,85,0.00,16.71,29.54,37.99,2527,7
2026-05-16 11:50:25,1.6,13.05,13.12,13.55,2062688,113209,5.5,0,0,0.0,69,55,85,0.00,14.24,30.33,38.02,2534,4
2026-05-16 11:51:25,3.1,18.82,14.57,14.01,2062688,113228,5.5,0,0,0.0,69,55,85,0.00,13.91,28.23,36.06,2526,5
2026-05-16 11:52:26,3.0,13.72,13.89,13.80,2062688,113262,5.5,0,0,0.0,69,55,85,0.00,13.73,31.46,38.65,2541,7
2026-05-16 11:53:26,2.4,12.60,13.62,13.72,2062688,113246,5.5,0,0,0.0,69,55,85,0.00,13.85,31.14,38.90,2532,4
2026-05-16 11:54:26,1.9,12.38,13.39,13.64,2062688,113245,5.5,0,0,0.0,69,55,85,0.00,24.84,31.34,38.79,2541,5
2026-05-16 11:55:27,3.4,12.77,13.27,13.58,2062688,113242,5.5,0,0,0.0,69,55,85,0.00,13.80,31.21,38.99,2545,5
2026-05-16 11:56:27,3.2,12.16,12.99,13.45,2062688,113248,5.5,0,0,0.0,69,55,85,0.00,13.53,31.10,38.40,2541,5
2026-05-16 11:57:28,2.1,12.14,12.85,13.38,2062688,113255,5.5,0,0,0.0,69,55,85,0.00,13.82,31.57,38.89,2542,4
2026-05-16 11:58:28,2.0,11.71,12.60,13.26,2062688,113266,5.5,0,0,0.0,69,55,85,0.00,13.48,31.24,38.71,2547,4
2026-05-16 11:59:29,3.4,12.91,12.79,13.28,2062688,113253,5.5,0,0,0.0,69,55,85,0.00,16.86,30.99,38.96,2539,22
2026-05-16 12:00:29,2.0,12.32,12.69,13.22,2062688,113249,5.5,0,0,0.0,69,55,85,0.00,13.98,31.60,39.40,2533,4
2026-05-16 12:01:29,3.1,12.53,12.65,13.17,2062688,113258,5.5,0,0,0.0,69,55,85,0.00,11.80,31.13,38.47,2534,4
2026-05-16 12:02:30,3.5,12.50,12.62,13.13,2062688,113303,5.5,0,0,0.0,69,55,85,0.00,37.70,31.00,38.43,2526,6
2026-05-16 12:03:30,3.4,23.38,15.36,14.01,2062688,113272,5.5,0,0,0.0,69,55,85,0.00,21.93,31.24,38.55,2518,9
2026-05-16 12:04:31,1.8,29.29,17.91,14.93,2062688,113264,5.5,0,0,0.0,69,55,85,0.00,14.18,31.26,39.01,2520,6
2026-05-16 12:05:31,2.2,18.44,16.85,14.75,2062688,113287,5.5,0,0,0.0,69,55,85,0.00,17.15,31.46,39.12,2526,3
2026-05-16 12:06:32,2.8,14.72,16.06,14.61,2062688,113277,5.5,0,0,0.0,69,55,85,0.00,13.89,31.18,38.51,2527,6
2026-05-16 12:07:32,3.3,12.34,15.17,14.39,2062688,113307,5.5,0,0,0.0,69,55,85,0.00,13.21,31.28,38.68,2538,5
2026-05-16 12:08:32,28.2,12.48,14.66,14.26,2062688,113280,5.5,0,0,0.0,69,55,85,0.00,13.96,31.20,38.61,2540,6
2026-05-16 12:09:33,3.3,12.61,14.29,14.16,2062688,113297,5.5,0,0,0.0,69,55,85,0.00,14.27,31.16,39.17,2534,7
2026-05-16 12:10:33,2.0,13.62,14.27,14.16,2062688,113314,5.5,0,0,0.0,69,55,85,0.00,17.33,31.23,38.96,2544,4
2026-05-16 12:11:34,4.0,12.95,13.94,14.06,2062688,113293,5.5,0,0,0.0,69,55,85,0.00,13.82,31.02,38.65,2539,6
2026-05-16 12:12:34,2.8,11.61,13.39,13.86,2062688,113325,5.5,0,0,0.0,69,55,85,0.00,13.55,31.56,38.86,2525,8
2026-05-16 12:13:35,3.4,11.91,13.10,13.73,2062688,113303,5.5,0,0,0.0,69,55,85,0.00,13.91,31.33,38.52,2530,6
2026-05-16 12:14:35,3.2,12.59,13.04,13.66,2062688,113305,5.5,0,0,0.0,69,55,85,0.00,14.27,31.31,39.15,2530,6
2026-05-16 12:15:35,3.3,12.49,12.95,13.60,2062688,113311,5.5,0,0,0.0,69,55,85,0.00,16.93,31.08,38.84,2528,8
2026-05-16 12:16:36,3.2,12.31,12.92,13.55,2062688,113313,5.5,0,0,0.0,69,55,85,0.00,13.78,31.08,38.49,2523,6
2026-05-16 12:17:36,3.7,12.56,12.98,13.53,2062688,113321,5.5,0,0,0.0,69,55,85,0.00,13.36,31.24,38.55,2523,6
2026-05-16 12:18:37,4.0,12.59,12.88,13.46,2062688,113302,5.5,0,0,0.0,69,55,85,0.00,13.84,31.07,38.48,2525,9
2026-05-16 12:19:37,3.0,12.60,12.81,13.40,2062688,113310,5.5,0,0,0.0,69,55,85,0.00,13.83,31.42,39.24,2528,8
2026-05-16 12:20:38,2.9,11.94,12.62,13.29,2062688,113336,5.5,0,0,0.0,69,55,85,0.00,17.83,31.36,38.93,2540,3
2026-05-16 12:21:38,6.2,13.11,12.83,13.32,2062688,113318,5.5,0,0,0.0,69,55,85,0.00,13.88,31.23,38.66,2550,41
2026-05-16 12:22:38,2.1,13.61,13.04,13.36,2062688,113348,5.5,0,0,0.0,69,55,85,0.00,13.39,31.30,38.84,2546,8
2026-05-16 12:23:39,9.6,20.55,15.93,14.39,2062688,113308,5.5,0,0,0.0,69,55,85,0.00,13.88,31.31,38.67,2548,19
2026-05-16 12:24:39,2.1,15.46,15.36,14.29,2062688,113304,5.5,0,0,0.0,69,55,85,0.00,22.34,31.48,39.21,2541,4
2026-05-16 12:25:40,3.3,20.38,16.84,14.86,2062688,113310,5.5,0,0,0.0,69,55,85,0.00,17.39,31.40,39.02,2541,4
2026-05-16 12:26:40,2.0,17.61,16.65,14.92,2062688,113298,5.5,0,0,0.0,69,55,85,0.00,13.43,31.37,38.71,2530,4
2026-05-16 12:27:41,1.7,24.20,18.23,15.55,2062688,113328,5.5,0,0,0.0,69,55,85,0.00,14.04,31.22,38.53,2546,2
2026-05-16 12:28:41,3.0,21.82,18.71,15.89,2062688,113322,5.5,0,0,0.0,69,55,85,0.00,13.58,31.32,38.76,2535,8
2026-05-16 12:29:42,1.5,18.87,18.45,15.98,2062688,113323,5.5,0,0,0.0,69,55,85,0.00,13.96,29.12,37.53,2537,2
2026-05-16 12:30:42,27.1,17.86,18.20,16.04,2062688,113341,5.5,0,0,0.0,69,55,85,0.00,17.20,28.43,36.61,2544,7
2026-05-16 12:31:42,3.5,17.47,18.15,16.16,2062688,113331,5.5,0,0,0.0,69,55,85,0.00,14.35,30.67,38.70,2548,8
2026-05-16 12:32:43,3.3,21.10,19.00,16.58,2062688,113333,5.5,0,0,0.0,69,55,85,0.00,11.46,30.10,37.99,2547,7
2026-05-16 12:33:43,1.7,17.31,18.38,16.52,2062688,113334,5.5,0,0,0.0,69,55,85,0.00,13.90,30.14,37.66,2550,7
2026-05-16 12:34:44,4.0,18.47,18.60,16.72,2062688,113312,5.5,0,0,0.0,69,55,85,0.00,14.07,29.16,37.67,2546,7
2026-05-16 12:35:44,8.7,17.57,18.25,16.72,2062688,113338,5.5,0,0,0.0,69,55,85,0.00,16.82,30.49,38.20,2534,8
2026-05-16 12:36:45,3.1,14.98,17.38,16.51,2062688,113337,5.5,0,0,0.0,69,55,85,0.00,13.81,30.06,38.12,2534,4
2026-05-16 12:37:45,5.5,14.17,16.72,16.34,2062688,113363,5.5,0,0,0.0,69,55,85,0.00,13.27,29.29,37.07,2534,7
2026-05-16 12:38:45,3.4,17.71,17.16,16.51,2062688,113326,5.5,0,0,0.0,69,55,85,0.00,14.07,30.78,38.37,2537,5
2026-05-16 12:39:46,3.3,14.53,16.38,16.28,2062688,113330,5.5,0,0,0.0,69,55,85,0.00,14.02,29.46,37.83,2531,96
2026-05-16 12:40:46,1.7,26.04,18.45,16.95,2062688,113327,5.5,0,0,0.0,69,55,85,0.00,14.57,27.60,35.43,2546,4
2026-05-16 12:41:47,3.3,17.57,17.39,16.68,2062688,113346,5.5,0,0,0.0,69,55,85,0.00,16.75,30.95,38.91,2534,15
2026-05-16 12:42:47,2.1,14.45,16.51,16.41,2062688,113357,5.5,0,0,0.0,69,55,85,0.00,21.83,31.27,38.80,2537,4
2026-05-16 12:43:48,3.6,14.01,15.92,16.21,2062688,113351,5.5,0,0,0.0,69,55,85,0.00,13.74,30.41,38.25,2536,7
2026-05-16 12:44:48,2.1,13.93,15.46,16.03,2062688,113347,5.5,0,0,0.0,69,55,85,0.00,13.95,29.64,37.73,2533,6
2026-05-16 12:45:48,3.2,13.05,14.91,15.80,2062688,113364,5.5,0,0,0.0,69,55,85,0.00,13.70,30.22,37.84,2530,9
2026-05-16 12:46:49,5.3,12.86,14.58,15.63,2062688,113384,5.5,0,0,0.0,69,55,85,0.00,17.05,31.61,39.48,2533,4
2026-05-16 12:47:49,6.0,12.36,14.06,15.38,2062688,113411,5.5,0,0,0.0,69,55,85,0.00,13.50,28.18,36.16,2536,6
2026-05-16 12:48:50,3.2,22.13,16.69,16.20,2062688,113390,5.5,0,0,0.0,69,55,85,0.00,13.50,29.05,36.82,2527,6
2026-05-16 12:49:50,3.2,15.70,15.82,15.93,2062688,113395,5.5,0,0,0.0,69,55,85,0.00,13.98,28.62,36.97,2525,5
2026-05-16 12:50:51,2.1,13.38,15.15,15.69,2062688,113396,5.5,0,0,0.0,69,55,85,0.00,14.46,31.13,38.74,2530,3
2026-05-16 12:51:51,2.0,12.58,14.62,15.48,2062688,113386,5.5,0,0,0.0,69,55,85,0.00,16.86,27.67,36.12,2528,3
2026-05-16 12:52:51,1.7,11.32,13.93,15.19,2062688,113383,5.5,0,0,0.0,69,55,85,0.00,13.50,25.12,33.25,2526,3
2026-05-16 12:53:52,2.2,12.42,13.88,15.10,2062688,113383,5.5,0,0,0.0,69,55,85,0.00,14.01,25.60,33.73,2533,1
2026-05-16 12:54:52,3.3,13.53,13.94,15.04,2062688,113406,5.5,0,0,0.0,69,55,85,0.00,13.95,30.31,38.31,2533,3
2026-05-16 12:55:53,2.2,12.52,13.61,14.85,2062688,113386,5.5,0,0,0.0,69,55,85,0.00,14.06,29.65,37.55,2533,3
2026-05-16 12:56:53,7.1,11.51,13.12,14.60,2062688,113382,5.5,0,0,0.0,69,55,85,0.00,15.69,24.44,33.11,2533,6
2026-05-16 12:57:53,3.2,12.23,13.02,14.47,2062688,113410,5.5,0,0,0.0,69,55,85,0.00,13.91,29.46,37.49,2533,9
2026-05-16 12:58:54,3.2,12.56,12.94,14.35,2062688,113427,5.5,0,0,0.0,69,55,85,0.00,13.98,28.45,36.65,2527,10
2026-05-16 12:59:54,3.0,12.87,12.92,14.25,2062688,113418,5.5,0,0,0.0,69,55,85,0.00,14.01,28.32,36.37,2540,7
2026-05-16 13:00:55,1.9,12.44,12.81,14.13,2062688,113412,5.5,0,0,0.0,69,55,84,0.00,1086.11,29.68,37.85,2536,5
2026-05-16 13:01:55,3.0,12.00,12.62,13.98,2062688,113407,5.5,0,0,0.0,69,55,84,0.00,47.00,29.25,37.49,2536,7
2026-05-16 13:02:56,3.6,11.77,12.37,13.80,2062688,113409,5.5,0,0,0.0,69,55,84,0.00,13.97,27.74,36.03,2538,5
2026-05-16 13:03:56,3.5,11.54,12.18,13.64,2062688,113406,5.5,0,0,0.0,69,55,84,0.00,13.65,29.65,37.28,2539,7
2026-05-16 13:04:56,3.0,12.08,12.22,13.56,2062688,113391,5.5,0,0,0.0,69,55,84,0.00,13.82,26.89,34.90,2524,6
2026-05-16 13:05:57,2.3,12.45,12.31,13.51,2062688,113410,5.5,0,0,0.0,69,55,84,0.00,14.11,29.61,38.05,2530,4
2026-05-16 13:06:57,3.2,12.32,12.32,13.44,2062688,113398,5.5,0,0,0.0,69,55,84,0.00,16.61,30.19,38.00,2529,5
2026-05-16 13:07:58,3.1,13.62,12.75,13.52,2062688,113430,5.5,0,0,0.0,69,55,84,0.00,13.76,31.01,38.80,2522,6
2026-05-16 13:08:58,3.2,14.28,13.05,13.57,2062688,113415,5.5,0,0,0.0,69,55,84,0.00,14.07,29.54,37.57,2527,7
2026-05-16 13:09:59,2.7,12.92,12.86,13.47,2062688,113393,5.5,0,0,0.0,69,55,84,0.00,13.91,28.91,37.06,2543,7
2026-05-16 13:10:59,11.8,12.39,12.72,13.38,2062688,113416,5.5,0,0,0.0,69,55,84,0.00,14.68,30.24,38.72,2537,15
2026-05-16 13:11:59,3.3,11.75,12.49,13.26,2062688,113403,5.5,0,0,0.0,69,55,84,0.00,24.52,29.32,37.04,2527,9
2026-05-16 13:13:00,2.0,12.48,12.56,13.24,2062688,113416,5.5,0,0,0.0,69,55,84,0.00,13.68,31.28,39.18,2535,5
2026-05-16 13:14:00,3.0,12.46,12.53,13.18,2062688,113399,5.5,0,0,0.0,69,55,84,0.00,13.71,29.79,37.54,2524,8
2026-05-16 13:15:01,3.3,12.98,12.65,13.18,2062688,113408,5.5,0,0,0.0,69,55,84,0.00,14.13,30.14,37.87,2516,6
2026-05-16 13:16:01,3.4,15.12,13.53,13.46,2062688,113414,5.5,0,0,0.0,69,55,84,0.00,13.99,31.02,39.06,2531,8
2026-05-16 13:17:02,2.8,12.69,13.10,13.31,2062688,113413,5.5,0,0,0.0,69,55,84,0.00,16.59,27.63,35.52,2529,7
2026-05-16 13:18:02,3.8,13.01,13.07,13.28,2062688,113456,5.5,0,0,0.0,69,55,84,0.00,13.88,30.90,39.11,2528,7
2026-05-16 13:19:02,6.4,12.39,12.88,13.21,2062688,113394,5.5,0,0,0.0,69,55,84,0.00,13.35,29.82,37.51,2536,5
2026-05-16 13:20:03,1.9,12.22,12.76,13.15,2062688,113407,5.5,0,0,0.0,69,55,84,0.00,13.69,28.17,36.33,2541,2
2026-05-16 13:21:03,3.3,12.26,12.63,13.07,2062688,113444,5.5,0,0,0.0,69,55,84,0.00,15.05,30.52,38.59,2537,7
2026-05-16 13:22:04,7.7,11.76,12.46,12.99,2062688,113410,5.5,0,0,0.0,69,55,84,0.00,13.54,29.97,37.84,2533,12
2026-05-16 13:23:04,3.4,11.96,12.39,12.93,2062688,113461,5.5,0,0,0.0,69,55,84,0.00,14.29,30.46,38.85,2534,7
2026-05-16 13:24:05,1.8,11.56,12.25,12.85,2062688,113407,5.5,0,0,0.0,69,55,84,0.00,13.84,28.50,36.48,2518,5
2026-05-16 13:25:05,3.5,12.30,12.35,12.85,2062688,113432,5.5,0,0,0.0,69,55,84,0.00,13.85,28.06,36.04,2515,9
2026-05-16 13:26:05,1.8,11.25,12.04,12.71,2062688,113412,5.5,0,0,0.0,69,55,84,0.00,14.32,24.66,33.19,2531,4
2026-05-16 13:27:06,2.7,12.68,12.36,12.78,2062688,113441,5.5,0,0,0.0,69,55,84,0.00,13.45,29.38,37.56,2526,5
2026-05-16 13:28:06,3.2,11.89,12.20,12.70,2062688,113472,5.5,0,0,0.0,69,55,84,0.00,16.95,27.30,35.70,2524,5
2026-05-16 13:29:07,2.2,11.56,12.04,12.61,2062688,113401,5.5,0,0,0.0,69,55,84,0.00,14.02,27.77,35.77,2529,4
2026-05-16 13:30:07,3.6,12.48,12.26,12.65,2062688,113429,5.5,0,0,0.0,69,55,84,0.00,13.91,29.84,37.80,2527,17
2026-05-16 13:31:08,2.1,11.65,12.08,12.57,2062688,113411,5.5,0,0,0.0,69,55,84,0.00,14.67,27.40,35.70,2516,5
2026-05-16 13:32:08,1.8,11.58,11.98,12.50,2062688,113415,5.5,0,0,0.0,69,55,84,0.00,21.70,23.62,31.83,2516,4
2026-05-16 13:33:08,5.1,12.42,12.13,12.51,2062688,113441,5.5,0,0,0.0,69,55,84,0.00,16.84,30.23,38.21,2524,5
2026-05-16 13:34:09,12.0,13.24,12.49,12.62,2062688,113453,5.5,0,0,0.0,69,55,84,0.00,13.51,30.92,38.84,2524,29
2026-05-16 13:35:09,3.2,13.77,12.76,12.70,2062688,113439,5.5,0,0,0.0,69,55,84,0.00,13.87,31.14,38.81,2530,6
2026-05-16 13:36:10,3.5,13.83,12.93,12.76,2062688,113461,5.5,0,0,0.0,69,55,84,0.00,14.12,29.01,37.17,2536,8
2026-05-16 13:37:10,3.1,12.76,12.78,12.72,2062688,113463,5.5,0,0,0.0,69,55,84,0.00,14.24,30.87,38.82,2529,6
2026-05-16 13:38:11,2.5,12.47,12.68,12.69,2062688,113464,5.5,0,0,0.0,69,55,85,0.00,16.74,31.15,38.98,2522,5
2026-05-16 13:39:11,2.9,12.35,12.59,12.66,2062688,113472,5.5,0,0,0.0,69,55,85,0.00,13.87,31.25,38.68,2534,7
2026-05-16 13:40:11,2.1,12.77,12.69,12.69,2062688,113489,5.5,0,0,0.0,69,55,85,0.00,14.32,29.42,37.33,2527,7
2026-05-16 13:41:12,3.2,13.42,12.84,12.73,2062688,113478,5.5,0,0,0.0,69,55,85,0.00,14.05,30.76,38.65,2527,8
2026-05-16 13:42:12,2.2,13.30,12.94,12.78,2062688,113478,5.5,0,0,0.0,69,55,85,0.00,13.90,31.30,38.89,2534,4
2026-05-16 13:43:13,4.2,12.52,12.71,12.70,2062688,113517,5.5,0,0,0.0,69,55,85,0.00,16.85,28.64,36.76,2534,7
2026-05-16 13:44:13,3.4,11.88,12.48,12.62,2062688,113473,5.5,0,0,0.0,69,55,85,0.00,14.09,28.13,36.18,2521,3
2026-05-16 13:45:14,4.0,12.12,12.43,12.60,2062688,113493,5.5,0,0,0.0,69,55,85,0.00,14.25,31.08,38.76,2530,8
2026-05-16 13:46:14,11.1,11.56,12.24,12.52,2062688,113493,5.5,0,0,0.0,69,55,85,0.00,13.87,27.90,36.12,2526,19
2026-05-16 13:47:14,3.1,12.40,12.34,12.54,2062688,113475,5.5,0,0,0.0,69,55,85,0.00,13.90,29.66,37.42,2524,6
2026-05-16 13:48:15,3.0,13.59,12.68,12.64,2062688,113497,5.5,0,0,0.0,69,55,85,0.00,16.79,31.20,38.90,2534,7
2026-05-16 13:49:15,3.5,12.91,12.68,12.65,2062688,113491,5.5,0,0,0.0,69,55,85,0.00,13.79,31.32,38.90,2531,7
2026-05-16 13:50:16,3.7,13.56,12.94,12.74,2062688,113500,5.5,0,0,0.0,69,55,85,0.00,14.56,30.82,38.23,2519,27
2026-05-16 13:51:16,3.3,13.36,12.89,12.73,2062688,113487,5.5,0,0,0.0,69,55,85,0.00,14.76,28.32,36.38,2522,4
2026-05-16 13:52:17,1.7,11.58,12.50,12.60,2062688,113483,5.5,0,0,0.0,69,55,85,0.00,13.77,26.82,34.88,2537,3
2026-05-16 13:53:17,3.8,15.74,13.45,12.92,2062688,113530,5.5,0,0,0.0,69,55,85,0.00,16.17,28.21,36.35,2534,7
2026-05-16 13:54:17,3.2,13.38,13.14,12.84,2062688,113513,5.5,0,0,0.0,69,55,85,0.00,12.14,29.21,37.22,2547,6
2026-05-16 13:55:18,2.3,12.35,12.93,12.79,2062688,113499,5.5,0,0,0.0,69,55,85,0.00,21.87,30.33,38.03,2554,3
2026-05-16 13:56:18,3.3,12.64,12.89,12.78,2062688,113484,5.5,0,0,0.0,69,55,85,0.00,14.01,31.06,38.69,2565,8
2026-05-16 13:57:19,3.7,12.77,12.95,12.81,2062688,113527,5.5,0,0,0.0,69,55,85,0.00,13.91,30.92,39.12,2542,22
2026-05-16 13:58:19,4.1,12.23,12.74,12.75,2062688,113550,5.5,0,0,0.0,69,55,85,0.00,14.86,30.12,37.69,2551,6
2026-05-16 13:59:20,3.4,11.98,12.56,12.68,2062688,113510,5.5,0,0,0.0,69,55,85,0.00,16.65,27.87,36.21,2537,5
2026-05-16 14:00:20,4.2,12.36,12.58,12.68,2062688,113516,5.5,0,0,0.0,69,55,85,0.00,13.77,31.37,38.95,2539,16
2026-05-16 14:01:20,2.1,13.65,12.82,12.76,2062688,113523,5.5,0,0,0.0,69,55,85,0.00,30.63,30.33,38.20,2547,3
2026-05-16 14:02:21,3.1,12.80,12.70,12.72,2062688,113522,5.5,0,0,0.0,69,55,85,0.00,21.86,29.80,37.98,2545,5
2026-05-16 14:03:21,3.4,12.58,12.74,12.73,2062688,113522,5.5,0,0,0.0,69,55,85,0.00,13.54,29.89,37.84,2538,9
2026-05-16 14:04:22,1.8,11.67,12.49,12.65,2062688,113495,5.5,0,0,0.0,69,55,85,0.00,16.64,31.11,39.08,2540,2
2026-05-16 14:05:22,2.0,11.84,12.42,12.62,2062688,113502,5.5,0,0,0.0,69,55,85,0.00,21.75,29.71,37.45,2538,4
2026-05-16 14:06:23,3.1,13.67,12.81,12.74,2062688,113499,5.5,0,0,0.0,69,55,85,0.00,14.09,28.40,36.33,2529,4
2026-05-16 14:07:23,4.9,11.90,12.51,12.64,2062688,113494,5.5,0,0,0.0,69,55,85,0.00,13.65,26.94,35.40,2521,3
2026-05-16 14:08:23,3.0,11.95,12.40,12.59,2062688,113506,5.5,0,0,0.0,69,55,85,0.00,13.91,27.21,35.26,2526,7
2026-05-16 14:09:24,3.0,13.88,12.82,12.72,2062688,113509,5.5,0,0,0.0,69,55,85,0.00,14.60,31.57,39.67,2520,7
2026-05-16 14:10:24,3.1,16.50,13.62,13.00,2062688,113522,5.5,0,0,0.0,69,55,85,0.00,14.27,29.66,37.33,2524,6
2026-05-16 14:11:25,1.8,17.01,14.49,13.35,2062688,113474,5.5,0,0,0.0,69,55,85,0.00,13.73,27.32,35.29,2524,2
2026-05-16 14:12:25,3.5,17.07,14.88,13.54,2062688,113528,5.5,0,0,0.0,69,55,85,0.00,13.98,27.51,35.87,2538,5
2026-05-16 14:13:26,1.6,17.96,15.52,13.85,2062688,113510,5.5,0,0,0.0,69,55,85,0.00,13.79,30.15,37.90,2541,2
2026-05-16 14:14:26,3.6,17.93,15.96,14.10,2062688,113515,5.5,0,0,0.0,69,55,85,0.00,17.04,28.73,36.94,2537,7
2026-05-16 14:15:26,2.9,19.33,16.69,14.47,2062688,113513,5.5,0,0,0.0,69,55,85,0.00,13.65,31.23,38.67,2531,4
2026-05-16 14:16:27,2.1,20.76,17.72,14.97,2062688,113514,5.5,0,0,0.0,69,55,85,0.00,13.95,31.12,38.67,2536,3
2026-05-16 14:17:27,2.2,19.65,18.03,15.25,2062688,113527,5.5,0,0,0.0,69,55,85,0.00,13.84,29.41,37.55,2535,4
2026-05-16 14:18:28,3.2,16.43,17.38,15.20,2062688,113519,5.5,0,0,0.0,69,55,85,0.00,13.71,28.46,36.27,2536,6
2026-05-16 14:19:28,25.6,15.90,17.19,15.27,2062688,113529,5.5,0,0,0.0,69,55,85,0.00,16.29,30.07,38.29,2541,6
2026-05-16 14:20:29,2.2,13.95,16.46,15.15,2062688,113531,5.5,0,0,0.0,69,55,85,0.00,14.18,27.44,35.78,2538,18
2026-05-16 14:21:29,12.1,13.27,15.85,15.02,2062688,113528,5.5,0,0,0.0,69,55,85,0.00,14.26,27.95,35.86,2529,6
2026-05-16 14:22:29,1.9,13.06,15.42,14.93,2062688,113543,5.5,0,0,0.0,69,55,85,0.00,14.38,27.64,35.89,2535,8
2026-05-16 14:23:30,20.3,25.98,18.55,16.02,2062688,113553,5.5,0,0,0.0,69,55,85,0.00,13.80,27.81,35.59,2533,6
2026-05-16 14:24:30,1.7,17.16,17.46,15.81,2062688,113517,5.5,0,0,0.0,69,55,85,0.00,16.62,27.67,35.53,2530,2
2026-05-16 14:25:31,3.1,14.23,16.57,15.61,2062688,113556,5.5,0,0,0.0,69,55,85,0.00,14.37,30.66,38.63,2538,6
2026-05-16 14:26:31,3.4,13.45,16.00,15.48,2062688,113547,5.5,0,0,0.0,69,55,85,0.00,13.75,29.38,37.22,2531,4
2026-05-16 14:27:32,3.1,13.86,15.60,15.37,2062688,113572,5.5,0,0,0.0,69,55,85,0.00,22.06,30.69,38.89,2533,5
2026-05-16 14:28:32,2.4,13.24,15.21,15.25,2062688,113535,5.5,0,0,0.0,69,55,85,0.00,13.52,27.61,35.64,2540,3
2026-05-16 14:29:32,4.0,13.02,14.74,15.09,2062688,113550,5.5,0,0,0.0,69,55,85,0.00,16.57,28.55,36.57,2536,5
2026-05-16 14:30:33,2.2,13.14,14.44,14.96,2062688,113562,5.5,0,0,0.0,69,55,85,0.00,14.60,31.16,39.05,2540,4
2026-05-16 14:31:33,4.1,13.84,14.26,14.85,2062688,113570,5.5,0,0,0.0,69,55,85,0.00,14.18,25.38,33.50,2546,7
2026-05-16 14:32:34,1.8,12.80,13.91,14.70,2062688,113584,5.5,0,0,0.0,69,55,85,0.00,13.63,30.55,38.75,2536,3
2026-05-16 14:33:34,9.2,12.20,13.50,14.50,2062688,113582,5.5,0,0,0.0,69,55,85,0.00,13.88,28.76,36.94,2540,4
2026-05-16 14:34:35,3.4,12.17,13.22,14.34,2062688,113573,5.5,0,0,0.0,69,55,85,0.00,16.94,29.36,37.20,2541,5
2026-05-16 14:35:35,1.8,12.56,13.08,14.21,2062688,113568,5.5,0,0,0.0,69,55,85,0.00,13.68,31.10,38.94,2529,2
2026-05-16 14:36:35,1.6,12.25,12.90,14.08,2062688,113583,5.5,0,0,0.0,69,55,85,0.00,14.24,28.61,36.39,2544,4
2026-05-16 14:37:36,3.1,11.55,12.59,13.90,2062688,113583,5.5,0,0,0.0,69,55,85,0.00,13.95,30.89,38.96,2539,4
2026-05-16 14:38:36,3.4,12.18,12.59,13.81,2062688,113565,5.5,0,0,0.0,69,55,85,0.00,13.72,29.70,37.51,2540,6
2026-05-16 14:39:37,3.2,12.29,12.64,13.76,2062688,113573,5.5,0,0,0.0,69,55,85,0.00,13.73,30.38,38.16,2541,5
2026-05-16 14:40:37,3.3,12.30,12.58,13.66,2062688,113585,5.5,0,0,0.0,69,55,85,0.00,14.98,30.64,38.77,2541,7
2026-05-16 14:41:38,3.1,13.12,12.81,13.68,2062688,113587,5.5,0,0,0.0,69,55,85,0.00,13.51,30.82,38.44,2534,7
2026-05-16 14:42:38,3.5,11.93,12.52,13.52,2062688,113622,5.5,0,0,0.0,69,55,85,0.00,13.53,29.10,37.20,2535,7
2026-05-16 14:43:38,4.0,12.00,12.42,13.42,2062688,113579,5.5,0,0,0.0,69,55,85,0.00,14.02,29.75,38.01,2538,7
2026-05-16 14:44:39,12.3,11.49,12.20,13.28,2062688,113569,5.5,0,0,0.0,69,55,85,0.00,13.87,26.91,34.99,2529,4
2026-05-16 14:45:39,2.5,26.14,15.35,14.24,2062688,113602,5.5,0,0,0.0,69,55,85,0.00,25.20,31.53,39.35,2531,3
2026-05-16 14:46:40,3.3,17.19,14.69,14.08,2062688,113590,5.5,0,0,0.0,69,55,85,0.00,14.64,28.76,36.52,2538,5
2026-05-16 14:47:40,3.2,14.72,14.47,14.05,2062688,113615,5.5,0,0,0.0,69,55,85,0.00,13.95,31.20,38.81,2537,9
2026-05-16 14:48:41,3.4,15.78,14.78,14.18,2062688,113602,5.5,0,0,0.0,69,55,85,0.00,13.89,31.26,39.22,2538,5
2026-05-16 14:49:41,3.5,14.69,14.69,14.19,2062688,113600,5.5,0,0,0.0,69,55,85,0.00,13.68,30.53,38.30,2534,6
2026-05-16 14:50:42,3.2,12.87,14.16,14.04,2062688,113620,5.5,0,0,0.0,69,55,85,0.00,17.38,27.09,35.39,2540,5
2026-05-16 14:51:42,1.8,13.08,14.08,14.02,2062688,113603,5.5,0,0,0.0,69,55,85,0.00,13.47,31.34,39.05,2539,1
2026-05-16 14:52:42,2.0,15.31,14.49,14.16,2062688,113621,5.5,0,0,0.0,69,55,85,0.00,14.42,29.90,37.70,2535,5
2026-05-16 14:53:43,3.5,13.22,14.06,14.03,2062688,113611,5.5,0,0,0.0,69,55,85,0.00,14.81,28.67,37.23,2540,6
2026-05-16 14:54:43,1.6,12.64,13.73,13.92,2062688,113594,5.5,0,0,0.0,69,55,85,0.00,13.42,29.77,37.81,2546,7
2026-05-16 14:55:44,2.0,12.28,13.45,13.81,2062688,113606,5.5,0,0,0.0,69,55,85,0.00,17.29,28.12,36.84,2537,3
2026-05-16 14:56:44,11.2,11.04,12.87,13.59,2062688,113609,5.5,0,0,0.0,69,55,85,0.00,14.08,24.36,32.54,2542,6
2026-05-16 14:57:45,3.1,12.27,12.93,13.56,2062688,113642,5.5,0,0,0.0,69,55,85,0.00,13.83,31.00,38.44,2529,7
2026-05-16 14:58:45,2.1,12.02,12.71,13.44,2062688,113606,5.5,0,0,0.0,69,55,85,0.00,13.79,30.13,38.46,2534,3
2026-05-16 14:59:45,3.3,12.65,12.80,13.43,2062688,113654,5.5,0,0,0.0,69,55,85,0.00,13.70,29.65,37.56,2538,3
2026-05-16 15:00:46,1.6,12.06,12.71,13.37,2062688,113630,5.5,0,0,0.0,69,55,84,0.00,140.32,26.65,35.13,2547,2
2026-05-16 15:01:46,3.1,12.41,12.66,13.30,2062688,113634,5.5,0,0,0.0,69,55,84,0.00,43.16,28.54,36.40,2549,6
2026-05-16 15:02:47,3.5,12.38,12.61,13.24,2062688,113644,5.5,0,0,0.0,69,55,84,0.00,13.43,31.26,38.72,2550,6
2026-05-16 15:03:47,3.1,18.11,14.60,13.91,2062688,113608,5.5,0,0,0.0,69,55,84,0.00,14.14,26.90,35.50,2545,16
2026-05-16 15:04:48,2.1,13.66,13.93,13.72,2062688,113601,5.5,0,0,0.0,69,55,84,0.00,13.96,26.85,34.75,2541,4
2026-05-16 15:05:48,3.7,14.23,14.18,13.83,2062688,113614,5.5,0,0,0.0,69,55,84,0.00,17.14,30.23,38.66,2545,25
2026-05-16 15:06:48,1.6,12.22,13.64,13.66,2062688,113598,5.5,0,0,0.0,69,55,84,0.00,13.52,28.47,36.14,2549,2
2026-05-16 15:07:49,3.3,13.41,13.66,13.66,2062688,113621,5.5,0,0,0.0,69,55,84,0.00,13.66,28.16,36.29,2547,5
2026-05-16 15:08:49,1.9,12.73,13.40,13.57,2062688,113618,5.5,0,0,0.0,69,55,84,0.00,14.36,30.44,38.66,2543,7
2026-05-16 15:09:50,2.9,15.61,14.81,14.09,2062688,113622,5.5,0,0,0.0,69,55,84,0.00,13.45,23.90,32.07,2543,24
2026-05-16 15:10:50,3.2,12.21,13.97,13.85,2062688,113636,5.5,0,0,0.0,69,55,84,0.00,15.12,26.88,35.43,2541,9
2026-05-16 15:11:51,2.0,12.00,13.58,13.72,2062688,113644,5.5,0,0,0.0,69,55,84,0.00,22.40,29.76,37.59,2536,4
2026-05-16 15:12:51,1.5,11.64,13.24,13.59,2062688,113620,5.5,0,0,0.0,69,55,84,0.00,13.77,28.39,36.29,2536,5
2026-05-16 15:13:51,1.8,15.83,14.75,14.13,2062688,113602,5.5,0,0,0.0,69,55,84,0.00,13.86,27.38,35.68,2541,3
2026-05-16 15:14:52,2.2,13.54,14.35,14.04,2062688,113631,5.5,0,0,0.0,69,55,84,0.00,14.09,30.70,38.27,2537,7
2026-05-16 15:15:52,1.8,14.21,14.39,14.07,2062688,113622,5.5,0,0,0.0,69,55,84,0.00,17.12,30.85,38.50,2544,5
2026-05-16 15:16:53,3.5,13.60,14.24,14.04,2062688,113632,5.5,0,0,0.0,69,55,85,0.00,13.70,30.31,38.33,2545,8
2026-05-16 15:17:53,3.2,14.60,14.36,14.09,2062688,113664,5.5,0,0,0.0,69,55,85,0.00,13.64,31.31,38.91,2538,8
2026-05-16 15:18:54,2.1,12.64,13.89,13.95,2062688,113620,5.5,0,0,0.0,69,55,85,0.00,14.02,27.21,35.98,2537,3
2026-05-16 15:19:54,3.2,11.60,13.32,13.75,2062688,113633,5.5,0,0,0.0,69,55,85,0.00,13.80,25.28,33.38,2541,7
2026-05-16 15:20:54,3.4,13.64,13.69,13.85,2062688,113654,5.5,0,0,0.0,69,55,85,0.00,17.01,31.04,38.93,2540,7
2026-05-16 15:21:55,3.2,12.62,13.41,13.75,2062688,113643,5.5,0,0,0.0,69,55,85,0.00,14.09,28.60,36.71,2542,13
2026-05-16 15:22:55,3.3,12.46,13.20,13.65,2062688,113664,5.5,0,0,0.0,69,55,85,0.00,13.74,29.70,37.52,2542,8
2026-05-16 15:23:56,3.1,20.62,15.30,14.33,2062688,113642,5.5,0,0,0.0,69,55,85,0.00,14.04,30.92,39.14,2543,5
2026-05-16 15:24:56,2.3,14.97,14.66,14.17,2062688,113645,5.5,0,0,0.0,69,55,85,0.00,14.04,29.83,37.46,2530,3
2026-05-16 15:25:57,1.6,14.40,14.50,14.14,2062688,113629,5.5,0,0,0.0,69,55,85,0.00,16.81,29.22,36.86,2531,5
2026-05-16 15:26:57,3.3,11.98,13.78,13.92,2062688,113663,5.5,0,0,0.0,69,55,85,0.00,14.38,27.64,36.03,2529,8
2026-05-16 15:27:57,3.2,11.96,13.43,13.78,2062688,113693,5.5,0,0,0.0,69,55,85,0.00,13.63,29.99,37.56,2529,7
2026-05-16 15:28:58,1.9,27.55,16.83,14.89,2062688,113639,5.5,0,0,0.0,69,55,85,0.00,13.71,29.38,37.76,2533,2
2026-05-16 15:29:58,3.7,18.75,16.23,14.80,2062688,113688,5.5,0,0,0.0,69,55,85,0.00,13.82,30.78,38.34,2532,6
2026-05-16 15:30:59,3.3,14.69,15.53,14.65,2062688,113697,5.5,0,0,0.0,69,55,85,0.00,17.08,31.11,38.86,2540,4
2026-05-16 15:31:59,2.4,13.49,14.99,14.51,2062688,113683,5.5,0,0,0.0,69,55,85,0.00,22.23,28.68,36.95,2543,6
2026-05-16 15:33:00,3.3,14.25,14.83,14.48,2062688,113700,5.5,0,0,0.0,69,55,85,0.00,13.54,30.15,37.77,2534,4
2026-05-16 15:34:00,3.3,12.94,14.38,14.35,2062688,113677,5.5,0,0,0.0,69,55,85,0.00,14.19,29.48,37.81,2533,7
2026-05-16 15:35:01,3.1,12.27,13.96,14.21,2062688,113691,5.5,0,0,0.0,69,55,85,0.00,14.21,27.29,35.13,2544,4
2026-05-16 15:36:01,3.2,11.88,13.52,14.04,2062688,113696,5.5,0,0,0.0,69,55,85,0.00,14.05,29.92,37.75,2537,6
2026-05-16 15:37:01,2.8,18.26,15.55,14.73,2062688,113661,5.5,0,0,0.0,69,55,85,0.00,16.73,26.72,35.09,2537,5
2026-05-16 15:38:02,1.9,20.30,16.57,15.12,2062688,113707,5.5,0,0,0.0,69,55,85,0.00,13.56,29.52,37.34,2540,6
2026-05-16 15:39:02,4.0,15.83,15.95,15.00,2062688,113700,5.5,0,0,0.0,69,55,85,0.00,13.97,28.99,37.05,2545,9
2026-05-16 15:40:03,2.4,14.24,15.57,14.93,2062688,113710,5.5,0,0,0.0,69,55,85,0.00,13.68,30.67,38.23,2542,5
2026-05-16 15:41:03,2.0,12.80,14.89,14.74,2062688,113697,5.5,0,0,0.0,69,55,85,0.00,11.54,29.48,37.43,2542,5
2026-05-16 15:42:04,7.1,12.07,14.30,14.55,2062688,113694,5.5,0,0,0.0,69,55,85,0.00,16.89,29.78,38.44,2555,27
2026-05-16 15:43:04,1.6,11.64,13.81,14.36,2062688,113714,5.5,0,0,0.0,69,55,85,0.00,13.86,30.32,38.24,2545,5
2026-05-16 15:44:04,3.4,12.16,13.54,14.23,2062688,113697,5.5,0,0,0.0,69,55,85,0.00,13.96,28.98,36.92,2542,8
2026-05-16 15:45:05,2.0,11.59,13.11,14.04,2062688,113695,5.5,0,0,0.0,69,55,85,0.00,13.77,29.91,37.83,2536,1
2026-05-16 15:46:05,3.3,13.21,13.27,14.03,2062688,113695,5.5,0,0,0.0,69,55,85,0.00,13.95,28.02,35.88,2531,3
2026-05-16 15:47:06,2.6,12.19,12.96,13.88,2062688,113687,5.5,0,0,0.0,69,55,85,0.00,17.07,29.98,38.12,2532,5
2026-05-16 15:48:06,1.8,11.36,12.54,13.67,2062688,113736,5.5,0,0,0.0,69,55,85,0.00,14.02,26.13,34.32,2539,4
2026-05-16 15:49:07,1.7,12.47,12.59,13.61,2062688,113692,5.5,0,0,0.0,69,55,85,0.00,13.58,28.62,36.74,2547,2
2026-05-16 15:50:07,3.4,11.97,12.38,13.47,2062688,113720,5.5,0,0,0.0,69,55,85,0.00,13.86,25.00,33.42,2553,7
2026-05-16 15:51:07,3.1,14.07,12.86,13.57,2062688,113712,5.5,0,0,0.0,69,55,85,0.00,14.35,31.10,38.75,2555,4
2026-05-16 15:52:08,2.2,12.49,12.64,13.44,2062688,113715,5.5,0,0,0.0,69,55,85,0.00,16.79,30.47,38.26,2556,3
2026-05-16 15:53:08,1.4,11.69,12.43,13.33,2062688,113696,5.5,0,0,0.0,69,55,85,0.00,13.46,29.53,37.27,2545,2
2026-05-16 15:54:09,1.9,15.72,13.62,13.68,2062688,113685,5.5,0,0,0.0,69,55,85,0.00,13.86,28.34,36.73,2534,5
2026-05-16 15:55:09,3.1,14.62,13.60,13.66,2062688,113711,5.5,0,0,0.0,69,55,85,0.00,14.05,27.18,35.39,2532,4
2026-05-16 15:56:10,3.3,21.30,15.36,14.25,2062688,113708,5.5,0,0,0.0,69,55,85,0.00,22.02,25.02,33.16,2539,7
2026-05-16 15:57:10,3.2,21.14,16.18,14.58,2062688,113705,5.5,0,0,0.0,69,55,85,0.00,16.66,27.76,35.77,2531,6
2026-05-16 15:58:10,4.0,20.15,16.82,14.91,2062688,113732,5.5,0,0,0.0,69,55,85,0.00,13.82,28.64,36.68,2532,7
2026-05-16 15:59:11,3.2,17.65,16.72,14.99,2062688,113724,5.5,0,0,0.0,69,55,85,0.00,14.54,30.03,38.21,2541,6
2026-05-16 16:00:11,3.2,21.73,18.00,15.54,2062688,113726,5.5,0,0,0.0,69,55,85,0.00,13.75,30.38,38.27,2530,8
2026-05-16 16:01:12,1.6,18.03,17.52,15.52,2062688,113709,5.5,0,0,0.0,69,55,85,0.00,14.07,29.36,37.02,2535,5
2026-05-16 16:02:12,27.8,17.72,17.73,15.73,2062688,113715,5.5,0,0,0.0,69,55,85,0.00,40.80,30.73,38.89,2539,5
2026-05-16 16:03:13,3.2,20.43,18.36,16.06,2062688,113729,5.5,0,0,0.0,69,55,85,0.00,13.66,29.13,37.11,2540,4
2026-05-16 16:04:13,7.1,22.04,19.15,16.47,2062688,113717,5.5,0,0,0.0,69,55,85,0.00,13.80,31.16,38.99,2544,20
2026-05-16 16:05:13,3.4,19.29,18.97,16.59,2062688,113716,5.5,0,0,0.0,69,55,85,0.00,14.21,30.43,38.44,2539,8
2026-05-16 16:06:14,15.6,14.40,17.72,16.31,2062688,113718,5.5,0,0,0.0,69,55,85,0.00,21.78,30.03,37.83,2522,21
2026-05-16 16:07:14,3.2,14.39,17.02,16.16,2062688,113727,5.5,0,0,0.0,69,55,85,0.00,16.48,31.01,38.77,2526,7
2026-05-16 16:08:15,3.2,14.20,16.51,16.04,2062688,113748,5.5,0,0,0.0,69,55,85,0.00,13.66,29.02,37.18,2525,6
2026-05-16 16:09:15,3.0,33.87,22.12,18.01,2062688,113710,5.5,0,0,0.0,69,55,85,0.00,14.34,28.03,36.11,2530,6
2026-05-16 16:10:16,3.5,21.23,20.62,17.75,2062688,113730,5.5,0,0,0.0,69,55,85,0.00,14.32,31.03,39.05,2534,5
2026-05-16 16:11:16,1.9,14.89,18.96,17.36,2062688,113722,5.5,0,0,0.0,69,55,85,0.00,14.10,27.99,35.96,2550,4
2026-05-16 16:12:16,2.2,13.67,17.85,17.08,2062688,113727,5.5,0,0,0.0,69,55,85,0.00,14.54,27.51,35.57,2558,6
2026-05-16 16:13:17,1.7,12.01,16.59,16.69,2062688,113721,5.5,0,0,0.0,69,55,85,0.00,13.76,29.79,37.57,2553,2
2026-05-16 16:14:17,2.0,11.99,15.72,16.38,2062688,113728,5.5,0,0,0.0,69,55,85,0.00,14.67,29.17,36.92,2549,3
2026-05-16 16:15:18,3.3,12.38,15.15,16.14,2062688,113732,5.5,0,0,0.0,69,55,85,0.00,13.89,31.35,39.41,2538,5
2026-05-16 16:16:18,2.4,12.52,14.67,15.91,2062688,113723,5.5,0,0,0.0,69,55,85,0.00,13.91,30.93,38.73,2525,19
2026-05-16 16:17:19,2.9,12.10,14.10,15.63,2062688,113763,5.5,0,0,0.0,69,55,85,0.00,17.00,29.28,37.37,2529,5
2026-05-16 16:18:19,3.5,13.09,14.02,15.50,2062688,113735,5.5,0,0,0.0,69,55,85,0.00,13.92,31.37,39.11,2530,6
2026-05-16 16:19:19,9.5,12.08,13.56,15.25,2062688,113757,5.5,0,0,0.0,69,55,85,0.00,13.46,29.39,37.29,2532,8
2026-05-16 16:20:20,3.4,13.05,13.60,15.15,2062688,113748,5.5,0,0,0.0,69,55,85,0.00,14.45,28.64,37.07,2546,6
2026-05-16 16:21:20,3.2,12.18,13.25,14.93,2062688,113751,5.5,0,0,0.0,69,55,85,0.00,14.03,27.66,35.50,2557,3
2026-05-16 16:22:21,3.1,13.48,13.43,14.89,2062688,113772,5.5,0,0,0.0,69,55,85,0.00,16.74,31.17,38.81,2553,9
2026-05-16 16:23:21,2.9,12.34,13.10,14.68,2062688,113741,5.5,0,0,0.0,69,55,85,0.00,13.57,31.39,39.39,2545,8
2026-05-16 16:24:22,3.1,11.82,12.82,14.48,2062688,113754,5.5,0,0,0.0,69,55,85,0.00,14.00,28.15,36.00,2543,6
2026-05-16 16:25:22,2.9,12.07,12.66,14.32,2062688,113768,5.5,0,0,0.0,69,55,85,0.00,14.09,31.11,39.33,2535,4
2026-05-16 16:26:22,4.0,11.92,12.52,14.17,2062688,113777,5.5,0,0,0.0,69,55,85,0.00,13.95,29.00,36.74,2533,6
2026-05-16 16:27:23,2.0,11.46,12.30,13.99,2062688,113750,5.5,0,0,0.0,69,55,85,0.00,16.37,28.82,36.75,2542,2
2026-05-16 16:28:23,2.1,11.87,12.26,13.87,2062688,113761,5.5,0,0,0.0,69,55,85,0.00,13.98,29.07,37.24,2537,7
2026-05-16 16:29:24,2.5,11.05,11.97,13.66,2062688,113747,5.5,0,0,0.0,69,55,85,0.00,21.86,26.23,34.54,2546,4
2026-05-16 16:30:24,12.0,11.52,11.84,13.51,2062688,113771,5.5,0,0,0.0,69,55,85,0.00,14.67,24.61,33.18,2550,7
2026-05-16 16:31:25,3.1,11.83,11.88,13.42,2062688,113768,5.5,0,0,0.0,69,55,85,0.00,14.39,30.95,38.62,2536,6
2026-05-16 16:32:25,3.9,11.52,11.76,13.27,2062688,113796,5.5,0,0,0.0,69,55,85,0.00,16.28,31.51,38.88,2543,6
2026-05-16 16:33:25,3.1,13.56,12.29,13.36,2062688,113805,5.5,0,0,0.0,69,55,85,0.00,14.39,30.95,38.89,2544,6
2026-05-16 16:34:26,2.0,12.40,12.24,13.27,2062688,113774,5.5,0,0,0.0,69,55,85,0.00,13.98,29.52,37.27,2540,4
2026-05-16 16:35:26,3.3,11.71,12.06,13.14,2062688,113770,5.5,0,0,0.0,69,55,85,0.00,14.06,28.66,36.69,2536,4
2026-05-16 16:36:27,2.0,11.92,12.07,13.08,2062688,113772,5.5,0,0,0.0,69,55,85,0.00,14.16,31.35,38.76,2544,3
2026-05-16 16:37:27,3.4,11.54,11.91,12.96,2062688,113801,5.5,0,0,0.0,69,55,85,0.00,16.09,29.98,37.68,2541,24
2026-05-16 16:38:28,3.4,11.22,11.75,12.83,2062688,113789,5.5,0,0,0.0,69,55,85,0.00,14.41,31.22,39.22,2543,8
2026-05-16 16:39:28,2.0,12.39,12.02,12.86,2062688,113767,5.5,0,0,0.0,69,55,85,0.00,13.47,28.17,36.12,2537,4
2026-05-16 16:40:28,3.1,12.69,12.22,12.88,2062688,113801,5.5,0,0,0.0,69,55,85,0.00,14.34,27.92,36.01,2535,9
2026-05-16 16:41:29,10.9,12.41,12.21,12.83,2062688,113762,5.5,0,0,0.0,69,55,85,0.00,13.73,28.68,37.03,2526,21
2026-05-16 16:42:29,3.4,12.10,12.17,12.78,2062688,113824,5.5,0,0,0.0,69,55,85,0.00,11.42,31.03,38.80,2520,7
2026-05-16 16:43:30,3.3,12.92,12.38,12.81,2062688,113785,5.5,0,0,0.0,69,55,85,0.00,16.55,29.56,37.77,2514,11
2026-05-16 16:44:30,1.9,11.69,12.13,12.70,2062688,113757,5.5,0,0,0.0,69,55,85,0.00,13.98,26.69,34.86,2523,2
2026-05-16 16:45:31,3.3,11.24,11.91,12.58,2062688,113789,5.5,0,0,0.0,69,55,85,0.00,14.06,28.19,36.38,2532,5
2026-05-16 16:46:31,3.0,11.46,11.86,12.52,2062688,113817,5.5,0,0,0.0,69,55,85,0.00,21.96,31.12,39.08,2543,17
2026-05-16 16:47:31,3.1,11.85,11.89,12.49,2062688,113829,5.5,0,0,0.0,69,55,85,0.00,13.80,27.83,35.99,2550,6
2026-05-16 16:48:32,2.1,11.93,11.92,12.46,2062688,113803,5.5,0,0,0.0,69,55,85,0.00,16.66,30.95,39.24,2552,6
2026-05-16 16:49:32,4.0,12.79,12.26,12.55,2062688,113803,5.5,0,0,0.0,69,55,85,0.00,13.77,30.32,38.07,2547,7
2026-05-16 16:50:33,3.5,12.58,12.29,12.54,2062688,113807,5.5,0,0,0.0,69,55,85,0.00,14.27,28.00,36.25,2532,6
2026-05-16 16:51:33,3.0,12.09,12.20,12.49,2062688,113821,5.5,0,0,0.0,69,55,85,0.00,14.25,30.99,38.90,2530,5
2026-05-16 16:52:34,3.8,12.42,12.23,12.48,2062688,113841,5.5,0,0,0.0,69,55,85,0.00,13.80,31.02,38.68,2547,25
2026-05-16 16:53:34,3.2,12.42,12.24,12.47,2062688,113815,5.5,0,0,0.0,69,55,85,0.00,17.33,31.12,39.04,2536,5
2026-05-16 16:54:34,4.0,11.62,12.07,12.39,2062688,113799,5.5,0,0,0.0,69,55,85,0.00,14.33,27.67,35.76,2544,7
2026-05-16 16:55:35,8.5,12.43,12.31,12.46,2062688,113791,5.5,0,0,0.0,69,55,85,0.00,14.09,29.04,37.43,2537,4
2026-05-16 16:56:35,1.6,11.84,12.21,12.42,2062688,113798,5.5,0,0,0.0,69,55,85,0.00,13.70,29.08,36.72,2537,5
2026-05-16 16:57:36,3.9,12.84,12.38,12.46,2062688,113838,5.5,0,0,0.0,69,55,85,0.00,13.94,28.36,36.36,2526,7
2026-05-16 16:58:36,1.7,12.37,12.41,12.47,2062688,113782,5.5,0,0,0.0,69,55,85,0.00,16.86,27.27,35.68,2527,2
2026-05-16 16:59:37,3.3,12.06,12.28,12.42,2062688,113825,5.5,0,0,0.0,69,55,85,0.00,13.71,29.36,37.08,2537,4
2026-05-16 17:00:37,3.3,12.63,12.39,12.45,2062688,113851,5.5,0,0,0.0,69,55,84,0.00,137.66,31.27,39.39,2535,7
2026-05-16 17:01:37,3.5,13.30,12.70,12.55,2062688,113815,5.5,0,0,0.0,69,55,85,0.00,43.07,30.67,38.64,2532,4
2026-05-16 17:02:38,1.9,12.14,12.50,12.50,2062688,113844,5.5,0,0,0.0,69,55,85,0.00,11.89,29.97,37.82,2546,5
2026-05-16 17:03:38,2.8,11.82,12.34,12.44,2062688,113807,5.5,0,0,0.0,69,55,85,0.00,17.04,28.85,37.09,2544,8
2026-05-16 17:04:39,1.4,12.21,12.46,12.48,2062688,113798,5.5,0,0,0.0,69,55,85,0.00,13.96,29.91,37.72,2545,3
2026-05-16 17:05:39,3.4,25.02,15.16,13.36,2062688,113818,5.5,0,0,0.0,69,55,85,0.00,14.62,25.38,33.59,2548,14
2026-05-16 17:06:40,3.0,16.15,14.41,13.21,2062688,113811,5.5,0,0,0.0,69,55,85,0.00,14.31,29.23,37.25,2550,6
2026-05-16 17:07:40,1.7,17.56,15.51,13.68,2062688,113822,5.5,0,0,0.0,69,55,85,0.00,13.56,30.99,38.84,2537,3
2026-05-16 17:08:40,7.3,14.12,14.89,13.58,2062688,113824,5.5,0,0,0.0,69,55,85,0.00,17.45,30.07,38.03,2544,6
2026-05-16 17:09:41,3.4,12.45,14.28,13.45,2062688,113821,5.5,0,0,0.0,69,55,85,0.00,14.27,30.99,38.47,2538,6
2026-05-16 17:10:41,2.7,12.75,14.02,13.41,2062688,113832,5.5,0,0,0.0,69,55,85,0.00,15.04,31.05,38.65,2526,3
2026-05-16 17:11:42,3.1,12.22,13.62,13.32,2062688,113810,5.5,0,0,0.0,69,55,85,0.00,21.91,29.92,38.08,2527,6
2026-05-16 17:12:42,3.3,14.19,13.77,13.38,2062688,113831,5.5,0,0,0.0,69,55,85,0.00,14.11,30.87,38.61,2530,18
2026-05-16 17:13:42,3.3,21.49,16.58,14.41,2062688,113816,5.5,0,0,0.0,69,55,85,0.00,16.66,30.25,38.11,2524,5
2026-05-16 17:14:43,7.6,15.54,15.80,14.27,2062688,113822,5.5,0,0,0.0,69,55,85,0.00,14.15,30.46,38.65,2525,6
2026-05-16 17:15:43,2.4,12.99,15.03,14.10,2062688,113835,5.5,0,0,0.0,69,55,85,0.00,14.25,30.00,37.74,2541,4
2026-05-16 17:16:44,23.9,13.45,14.81,14.08,2062688,113831,5.5,0,0,0.0,69,55,85,0.00,14.11,31.21,39.38,2535,19
2026-05-16 17:17:44,2.9,12.35,14.25,13.94,2062688,113837,5.5,0,0,0.0,69,55,85,0.00,13.60,29.40,37.21,2533,5
2026-05-16 17:18:45,3.5,11.56,13.71,13.77,2062688,113835,5.5,0,0,0.0,69,55,85,0.00,16.88,30.12,38.10,2534,8
2026-05-16 17:19:45,4.1,16.26,15.09,14.27,2062688,113825,5.5,0,0,0.0,69,55,85,0.00,13.50,31.42,39.08,2533,6
2026-05-16 17:20:46,1.9,13.54,14.56,14.14,2062688,113819,5.5,0,0,0.0,69,55,85,0.00,14.67,29.13,36.90,2523,3
2026-05-16 17:21:46,1.6,12.45,14.08,14.00,2062688,113794,5.5,0,0,0.0,69,55,85,0.00,14.31,29.98,38.04,2535,6
2026-05-16 17:22:46,3.4,11.63,13.56,13.83,2062688,113849,5.5,0,0,0.0,69,55,85,0.00,13.44,29.80,37.64,2541,5
2026-05-16 17:23:47,3.3,12.91,13.62,13.83,2062688,113841,5.5,0,0,0.0,69,55,85,0.00,16.32,31.01,38.68,2537,8
2026-05-16 17:24:47,2.4,12.52,13.40,13.74,2062688,113831,5.5,0,0,0.0,69,55,85,0.00,14.42,31.04,39.09,2538,2
2026-05-16 17:25:48,2.8,12.27,13.14,13.63,2062688,113843,5.5,0,0,0.0,69,55,85,0.00,14.42,30.40,38.08,2537,218
2026-05-16 17:26:48,3.4,11.25,12.66,13.43,2062688,113851,5.5,0,0,0.0,69,55,85,0.00,14.17,29.01,37.38,2535,5
2026-05-16 17:27:49,1.6,11.33,12.45,13.31,2062688,113843,5.5,0,0,0.0,69,55,85,0.00,14.05,28.30,36.55,2529,21
2026-05-16 17:28:49,3.3,11.72,12.37,13.23,2062688,113856,5.5,0,0,0.0,69,55,85,0.00,13.51,30.20,38.14,2535,7
2026-05-16 17:29:50,9.3,11.98,12.36,13.17,2062688,113859,5.5,0,0,0.0,69,55,85,0.00,16.87,31.18,38.91,2537,6
2026-05-16 17:30:50,3.4,14.01,13.04,13.36,2062688,113860,5.5,0,0,0.0,69,55,85,0.00,14.45,31.16,38.88,2535,4
2026-05-16 17:31:50,3.2,13.59,13.07,13.35,2062688,113852,5.5,0,0,0.0,69,55,85,0.00,22.25,31.12,39.09,2540,10
2026-05-16 17:32:51,3.2,13.77,13.14,13.35,2062688,113874,5.5,0,0,0.0,69,55,85,0.00,13.91,30.31,38.08,2546,7
2026-05-16 17:33:51,3.1,19.97,15.29,14.09,2062688,113862,5.5,0,0,0.0,69,55,85,0.00,11.31,30.66,38.28,2539,5
2026-05-16 17:34:52,21.1,15.85,14.94,14.04,2062688,113857,5.5,0,0,0.0,69,55,85,0.00,17.06,31.21,39.10,2542,6
2026-05-16 17:35:52,3.3,13.19,14.37,13.90,2062688,113862,5.5,0,0,0.0,69,55,85,0.00,14.41,27.33,35.46,2539,5
2026-05-16 17:36:53,3.4,14.64,14.45,13.95,2062688,113862,5.5,0,0,0.0,69,55,85,0.00,14.03,31.01,39.19,2525,7
2026-05-16 17:37:53,3.2,13.58,14.10,13.86,2062688,113861,5.5,0,0,0.0,69,55,85,0.00,13.67,25.34,33.69,2534,5
2026-05-16 17:38:53,3.3,15.55,14.50,14.01,2062688,113862,5.5,0,0,0.0,69,55,85,0.00,13.81,27.65,35.75,2533,7
2026-05-16 17:39:54,3.7,14.49,14.39,14.00,2062688,113889,5.5,0,0,0.0,69,55,85,0.00,16.89,31.48,39.59,2532,6
2026-05-16 17:40:54,3.1,18.95,15.65,14.46,2062688,113868,5.5,0,0,0.0,69,55,85,0.00,14.34,28.51,36.51,2531,7
2026-05-16 17:41:55,3.5,18.36,16.26,14.75,2062688,113868,5.5,0,0,0.0,69,55,85,0.00,14.12,31.32,39.41,2538,10
2026-05-16 17:42:55,2.0,15.16,15.72,14.66,2062688,113869,5.5,0,0,0.0,69,55,85,0.00,13.91,25.45,33.63,2533,3
2026-05-16 17:43:56,3.5,18.62,16.43,14.96,2062688,113872,5.5,0,0,0.0,69,55,85,0.00,13.72,28.08,36.18,2538,7
2026-05-16 17:44:56,3.4,17.02,16.21,14.97,2062688,113882,5.5,0,0,0.0,69,55,85,0.00,16.96,25.64,34.19,2537,6
2026-05-16 17:45:56,3.4,17.59,16.64,15.20,2062688,113876,5.5,0,0,0.0,69,55,85,0.00,14.34,31.19,38.62,2537,8
2026-05-16 17:46:57,1.6,16.92,16.64,15.29,2062688,113872,5.5,0,0,0.0,69,55,85,0.00,13.88,28.45,36.73,2533,7
2026-05-16 17:47:57,3.1,20.02,17.49,15.66,2062688,113918,5.5,0,0,0.0,69,55,85,0.00,13.82,29.27,37.06,2526,8
2026-05-16 17:48:58,3.5,19.66,17.87,15.91,2062688,113887,5.5,0,0,0.0,69,55,85,0.00,13.66,30.94,38.64,2520,6
2026-05-16 17:49:58,1.7,16.12,17.22,15.81,2062688,113882,5.5,0,0,0.0,69,55,85,0.00,16.81,30.45,38.29,2526,3
2026-05-16 17:50:59,2.0,15.17,16.69,15.71,2062688,113902,5.5,0,0,0.0,69,55,85,0.00,14.51,29.46,37.74,2529,4
2026-05-16 17:51:59,11.7,14.55,16.22,15.61,2062688,113914,5.5,0,0,0.0,69,55,85,0.00,14.09,30.65,38.94,2532,13
2026-05-16 17:52:59,3.5,13.76,15.57,15.41,2062688,113939,5.5,0,0,0.0,69,55,85,0.00,13.73,26.41,34.48,2540,5
2026-05-16 17:54:00,1.5,12.93,15.07,15.25,2062688,113882,5.5,0,0,0.0,69,55,85,0.00,13.82,28.34,36.32,2547,5
2026-05-16 17:55:00,1.5,13.32,14.79,15.15,2062688,113880,5.5,0,0,0.0,69,55,85,0.00,16.77,27.17,35.25,2538,3
2026-05-16 17:56:01,1.4,12.74,14.40,14.99,2062688,113857,5.5,0,0,0.0,69,55,85,0.00,22.42,25.81,34.38,2531,2
2026-05-16 17:57:01,3.2,13.02,14.09,14.84,2062688,113911,5.5,0,0,0.0,69,55,85,0.00,14.30,30.58,38.76,2534,6
2026-05-16 17:58:02,3.2,12.59,13.78,14.68,2062688,113924,5.5,0,0,0.0,69,55,85,0.00,13.18,30.46,38.16,2529,4
2026-05-16 17:59:02,3.9,11.52,13.29,14.46,2062688,113901,5.5,0,0,0.0,69,55,85,0.00,13.98,31.19,38.72,2525,6
2026-05-16 18:00:02,2.8,11.54,12.99,14.28,2062688,113906,5.5,0,0,0.0,69,55,85,0.00,16.80,27.59,35.47,2541,7
2026-05-16 18:01:03,3.3,11.74,12.79,14.13,2062688,113903,5.5,0,0,0.0,69,55,85,0.00,14.45,30.14,38.49,2544,5
2026-05-16 18:02:03,2.0,13.28,13.18,14.19,2062688,113890,5.5,0,0,0.0,69,55,85,0.00,38.23,30.24,38.20,2542,2
2026-05-16 18:03:04,3.4,13.46,13.22,14.14,2062688,113920,5.5,0,0,0.0,69,55,85,0.00,13.82,29.50,37.55,2553,27
2026-05-16 18:04:04,3.2,12.38,12.93,13.98,2062688,113896,5.5,0,0,0.0,69,55,85,0.00,13.58,30.40,38.27,2549,5
2026-05-16 18:05:05,2.0,12.47,12.85,13.88,2062688,113893,5.5,0,0,0.0,69,55,85,0.00,24.56,30.09,37.67,2541,2
2026-05-16 18:06:05,1.5,26.86,15.96,14.83,2062688,113898,5.5,0,0,0.0,69,55,85,0.00,14.48,28.78,37.06,2529,4
2026-05-16 18:07:05,3.4,17.38,15.18,14.63,2062688,113929,5.5,0,0,0.0,69,55,85,0.00,14.21,27.82,36.25,2528,7
2026-05-16 18:08:06,3.5,15.32,14.90,14.56,2062688,113911,5.5,0,0,0.0,69,55,85,0.00,13.38,29.91,37.86,2532,8
2026-05-16 18:09:06,3.2,13.24,14.38,14.40,2062688,113910,5.5,0,0,0.0,69,55,85,0.00,11.83,29.04,36.98,2534,5
2026-05-16 18:10:07,4.1,12.81,14.03,14.27,2062688,113912,5.5,0,0,0.0,69,55,85,0.00,13.96,30.82,38.58,2539,7
2026-05-16 18:11:07,3.4,12.35,13.74,14.16,2062688,113922,5.5,0,0,0.0,69,55,85,0.00,16.84,31.38,39.23,2535,6
2026-05-16 18:12:08,3.4,15.44,14.70,14.49,2062688,113906,5.5,0,0,0.0,69,55,85,0.00,14.07,28.42,36.29,2537,6
2026-05-16 18:13:08,3.2,13.69,14.38,14.39,2062688,113934,5.5,0,0,0.0,69,55,85,0.00,14.08,31.39,39.16,2525,7
2026-05-16 18:14:08,2.7,15.49,14.69,14.49,2062688,113913,5.5,0,0,0.0,69,55,85,0.00,14.18,31.08,38.61,2532,8
2026-05-16 18:15:09,5.6,12.21,13.92,14.24,2062688,113905,5.5,0,0,0.0,69,55,85,0.00,13.64,27.30,35.32,2535,26
2026-05-16 18:16:09,3.3,11.26,13.36,14.03,2062688,113921,5.5,0,0,0.0,69,55,85,0.00,16.97,28.90,36.97,2534,5
2026-05-16 18:17:10,2.9,12.13,13.25,13.94,2062688,113915,5.5,0,0,0.0,69,55,85,0.00,13.98,27.70,35.91,2541,4
2026-05-16 18:18:10,3.1,12.24,13.06,13.84,2062688,113960,5.5,0,0,0.0,69,55,85,0.00,13.73,29.67,37.61,2542,5
2026-05-16 18:19:11,3.0,13.84,13.43,13.92,2062688,113904,5.5,0,0,0.0,69,55,85,0.00,13.41,30.52,38.33,2524,8
2026-05-16 18:20:11,3.2,13.03,13.32,13.85,2062688,113925,5.5,0,0,0.0,69,55,85,0.00,13.97,27.63,35.72,2532,6
2026-05-16 18:21:11,1.8,12.42,13.14,13.76,2062688,113906,5.5,0,0,0.0,69,55,85,0.00,17.26,26.41,34.89,2533,2
2026-05-16 18:22:12,3.8,11.75,12.78,13.59,2062688,113928,5.5,0,0,0.0,69,55,85,0.00,13.57,26.38,34.58,2526,8
2026-05-16 18:23:12,4.0,14.39,13.65,13.85,2062688,113946,5.5,0,0,0.0,69,55,85,0.00,13.85,30.32,38.77,2536,5
2026-05-16 18:24:13,1.7,11.89,13.12,13.66,2062688,113920,5.5,0,0,0.0,69,55,85,0.00,13.84,26.54,34.57,2539,4
2026-05-16 18:25:13,2.0,11.10,12.69,13.48,2062688,113927,5.5,0,0,0.0,69,55,85,0.00,13.98,27.59,35.88,2537,5
2026-05-16 18:26:14,3.0,12.59,12.85,13.49,2062688,113944,5.5,0,0,0.0,69,55,85,0.00,16.78,30.83,38.85,2540,9
2026-05-16 18:27:14,3.2,12.34,12.74,13.41,2062688,113964,5.5,0,0,0.0,69,55,85,0.00,22.03,31.59,39.22,2541,7
2026-05-16 18:28:14,7.2,12.27,12.67,13.34,2062688,113971,5.5,0,0,0.0,69,55,85,0.00,13.59,31.26,39.08,2529,6
2026-05-16 18:29:15,2.4,13.03,12.88,13.38,2062688,113928,5.5,0,0,0.0,69,55,85,0.00,13.35,31.24,38.73,2538,4
2026-05-16 18:30:15,2.2,11.81,12.54,13.23,2062688,113936,5.5,0,0,0.0,69,55,85,0.00,13.74,31.98,39.10,2540,2
2026-05-16 18:31:16,2.3,11.48,12.37,13.13,2062688,113914,5.5,0,0,0.0,69,55,85,0.00,17.48,29.07,36.81,2536,5
2026-05-16 18:32:16,3.6,11.78,12.28,13.04,2062688,113930,5.5,0,0,0.0,69,55,85,0.00,13.70,29.55,37.58,2533,6
2026-05-16 18:33:17,2.1,12.25,12.34,13.01,2062688,113929,5.5,0,0,0.0,69,55,85,0.00,13.87,30.27,38.54,2535,4
2026-05-16 18:34:17,4.0,20.61,14.72,13.78,2062688,113943,5.5,0,0,0.0,69,55,85,0.00,13.94,25.84,33.96,2533,3
2026-05-16 18:35:17,3.0,14.90,14.16,13.65,2062688,113947,5.5,0,0,0.0,69,55,85,0.00,13.87,29.64,37.54,2532,8
2026-05-16 18:36:18,3.2,13.16,13.81,13.56,2062688,113941,5.5,0,0,0.0,69,55,85,0.00,16.86,29.39,37.30,2527,9
2026-05-16 18:37:18,2.9,15.03,14.22,13.72,2062688,113952,5.5,0,0,0.0,69,55,85,0.00,13.65,30.95,39.24,2532,2
2026-05-16 18:38:19,3.1,13.63,13.93,13.65,2062688,113960,5.5,0,0,0.0,69,55,85,0.00,14.14,31.02,39.33,2535,17
2026-05-16 18:39:19,2.1,12.82,13.64,13.56,2062688,113936,5.5,0,0,0.0,69,55,85,0.00,13.91,31.30,38.93,2539,4
2026-05-16 18:40:20,2.9,12.20,13.30,13.45,2062688,113955,5.5,0,0,0.0,69,55,85,0.00,11.61,28.41,36.31,2541,4
2026-05-16 18:41:20,3.1,12.07,13.07,13.36,2062688,113954,5.5,0,0,0.0,69,55,85,0.00,16.64,30.06,37.90,2545,5
2026-05-16 18:42:20,1.9,11.60,12.78,13.24,2062688,113963,5.5,0,0,0.0,69,55,85,0.00,14.26,29.64,37.78,2546,5
2026-05-16 18:43:21,3.5,12.30,12.64,13.15,2062688,113958,5.5,0,0,0.0,69,55,85,0.00,14.43,26.58,35.04,2541,5
2026-05-16 18:44:21,3.2,12.98,12.77,13.16,2062688,113965,5.5,0,0,0.0,69,55,85,0.00,13.84,31.00,38.49,2536,6
2026-05-16 18:45:22,3.5,13.00,12.79,13.14,2062688,113984,5.5,0,0,0.0,69,55,85,0.00,13.77,30.90,38.85,2529,7
2026-05-16 18:46:22,3.2,14.39,13.11,13.23,2062688,113970,5.5,0,0,0.0,69,55,85,0.00,21.93,30.94,38.57,2536,5
2026-05-16 18:47:23,1.8,12.59,12.87,13.14,2062688,113984,5.5,0,0,0.0,69,55,85,0.00,16.64,28.31,36.49,2546,3
2026-05-16 18:48:23,6.5,12.06,12.65,13.04,2062688,113967,5.5,0,0,0.0,69,55,85,0.00,13.86,29.39,37.86,2542,3
2026-05-16 18:49:23,2.0,12.36,12.60,13.00,2062688,113978,5.5,0,0,0.0,69,55,85,0.00,13.70,29.10,37.21,2550,99
2026-05-16 18:50:24,11.7,12.21,12.54,12.96,2062688,113973,5.5,0,0,0.0,69,55,85,0.00,14.45,28.23,36.37,2542,10
2026-05-16 18:51:24,1.9,12.55,12.59,12.95,2062688,113984,5.5,0,0,0.0,69,55,85,0.00,14.30,29.46,37.44,2533,3
2026-05-16 18:52:25,3.6,12.30,12.52,12.90,2062688,114018,5.5,0,0,0.0,69,55,85,0.00,16.70,30.67,38.85,2535,6
2026-05-16 18:53:25,3.1,13.40,12.80,12.97,2062688,113982,5.5,0,0,0.0,69,55,85,0.00,14.04,30.34,38.52,2536,6
2026-05-16 18:54:26,3.6,11.83,12.48,12.85,2062688,113989,5.5,0,0,0.0,69,55,85,0.00,13.95,29.83,37.43,2541,4
2026-05-16 18:55:26,2.3,12.04,12.43,12.81,2062688,113973,5.5,0,0,0.0,69,55,85,0.00,13.92,31.07,38.85,2538,4
2026-05-16 18:56:27,28.8,12.87,12.55,12.82,2062688,113979,5.5,0,0,0.0,69,55,85,0.00,13.39,31.19,38.57,2536,3
2026-05-16 18:57:27,1.9,12.64,12.56,12.81,2062688,113982,5.5,0,0,0.0,69,55,85,0.00,17.79,31.08,38.88,2541,6
2026-05-16 18:58:27,3.0,11.75,12.27,12.69,2062688,113987,5.5,0,0,0.0,69,55,85,0.00,13.83,26.27,34.72,2536,7
2026-05-16 18:59:28,3.3,12.06,12.25,12.66,2062688,113990,5.5,0,0,0.0,69,55,85,0.00,13.90,29.01,36.99,2532,19
2026-05-16 19:00:28,3.7,14.14,12.67,12.76,2062688,114035,5.5,0,0,0.0,69,55,85,0.00,431.51,31.10,38.60,2540,5
2026-05-16 19:01:29,3.6,13.95,12.93,12.85,2062688,114021,5.5,0,0,0.0,69,55,85,0.00,19.67,30.98,38.77,2540,5
2026-05-16 19:02:29,1.8,11.89,12.55,12.72,2062688,114001,5.5,0,0,0.0,69,55,85,0.00,40.76,28.31,36.36,2543,4
2026-05-16 19:03:30,2.0,12.63,12.70,12.77,2062688,113958,5.5,0,0,0.0,69,55,85,0.00,13.78,28.45,36.92,2543,3
2026-05-16 19:04:30,3.3,12.00,12.47,12.68,2062688,113990,5.5,0,0,0.0,69,55,85,0.00,13.94,26.46,34.59,2550,8
2026-05-16 19:05:30,3.2,12.01,12.37,12.64,2062688,113991,5.5,0,0,0.0,69,55,85,0.00,13.72,27.34,35.49,2550,5
2026-05-16 19:06:31,3.1,17.55,13.88,13.14,2062688,113978,5.5,0,0,0.0,69,55,85,0.00,14.42,29.93,37.78,2545,5
2026-05-16 19:07:31,3.8,20.00,15.47,13.74,2062688,114018,5.5,0,0,0.0,69,55,85,0.00,16.40,30.82,38.76,2545,6
2026-05-16 19:08:32,9.5,16.50,15.43,13.84,2062688,113979,5.5,0,0,0.0,69,55,85,0.00,14.02,29.66,38.03,2538,3
2026-05-16 19:09:32,3.9,13.63,14.81,13.72,2062688,113988,5.5,0,0,0.0,69,55,85,0.00,13.99,26.40,34.50,2529,7
2026-05-16 19:10:33,3.9,14.48,14.82,13.79,2062688,113988,5.5,0,0,0.0,69,55,85,0.00,13.55,30.82,38.51,2526,18
2026-05-16 19:11:33,4.7,13.34,14.41,13.72,2062688,113981,5.5,0,0,0.0,69,55,85,0.00,14.11,30.61,38.36,2525,3
2026-05-16 19:12:33,1.5,13.83,14.25,13.70,2062688,114012,5.5,0,0,0.0,69,55,85,0.00,24.66,27.27,35.21,2531,3
2026-05-16 19:13:34,4.2,13.10,13.96,13.63,2062688,113983,5.5,0,0,0.0,69,55,85,0.00,14.11,30.20,39.25,2526,24
2026-05-16 19:14:34,2.1,12.64,13.68,13.56,2062688,113984,5.5,0,0,0.0,69,55,85,0.00,13.77,31.13,38.64,2529,7
2026-05-16 19:15:35,3.1,13.21,13.60,13.53,2062688,113998,5.5,0,0,0.0,69,55,85,0.00,13.77,31.31,38.78,2537,6
2026-05-16 19:16:35,3.5,12.86,13.50,13.51,2062688,113993,5.5,0,0,0.0,69,55,85,0.00,14.16,30.11,37.97,2544,8
2026-05-16 19:17:35,3.6,12.29,13.19,13.40,2062688,114006,5.5,0,0,0.0,69,55,85,0.00,16.51,30.82,38.29,2528,5
2026-05-16 19:18:36,3.2,21.22,14.96,13.96,2062688,113997,5.5,0,0,0.0,69,55,85,0.00,14.09,31.23,39.73,2531,6
2026-05-16 19:19:36,3.3,17.54,14.90,14.00,2062688,113989,5.5,0,0,0.0,69,55,85,0.00,13.64,30.16,37.99,2533,27
2026-05-16 19:20:37,1.9,14.45,14.54,13.93,2062688,113993,5.5,0,0,0.0,69,55,85,0.00,14.21,30.66,38.62,2521,2
2026-05-16 19:21:37,3.5,14.23,14.50,13.96,2062688,114013,5.5,0,0,0.0,69,55,85,0.00,13.85,30.88,38.53,2520,5
2026-05-16 19:22:38,1.8,12.83,14.09,13.85,2062688,114019,5.5,0,0,0.0,69,55,85,0.00,16.46,29.98,37.64,2526,4
2026-05-16 19:23:38,1.6,15.10,15.00,14.21,2062688,113969,5.5,0,0,0.0,69,55,85,0.00,14.46,24.25,33.27,2528,3
2026-05-16 19:24:38,2.9,14.86,14.82,14.19,2062688,113990,5.5,0,0,0.0,69,55,85,0.00,14.18,26.28,34.51,2524,7
2026-05-16 19:25:39,3.2,15.58,15.01,14.29,2062688,113985,5.5,0,0,0.0,69,55,85,0.00,11.77,30.85,38.55,2540,224
2026-05-16 19:26:39,3.1,17.42,15.80,14.62,2062688,113992,5.5,0,0,0.0,69,55,85,0.00,13.77,31.27,38.81,2535,7
2026-05-16 19:27:40,3.3,16.66,15.73,14.66,2062688,114011,5.5,0,0,0.0,69,55,85,0.00,13.96,24.53,32.75,2543,6
2026-05-16 19:28:40,3.4,17.38,16.20,14.89,2062688,113992,5.5,0,0,0.0,69,55,85,0.00,17.32,31.36,39.82,2541,6
2026-05-16 19:29:41,3.2,22.42,17.76,15.51,2062688,113994,5.5,0,0,0.0,69,55,85,0.00,13.87,31.03,38.51,2542,5
2026-05-16 19:30:41,2.0,19.23,17.70,15.63,2062688,113981,5.5,0,0,0.0,69,55,85,0.00,14.48,30.58,38.36,2528,4
2026-05-16 19:31:42,3.0,17.47,17.45,15.67,2062688,113991,5.5,0,0,0.0,69,55,85,0.00,14.12,30.02,37.84,2528,7
2026-05-16 19:32:42,2.0,17.00,17.41,15.77,2062688,114007,5.5,0,0,0.0,69,55,85,0.00,21.71,31.44,39.02,2538,5
2026-05-16 19:33:42,4.2,17.48,17.46,15.89,2062688,114000,5.5,0,0,0.0,69,55,85,0.00,17.05,31.13,39.16,2532,11
2026-05-16 19:34:43,3.3,16.57,17.20,15.90,2062688,113990,5.5,0,0,0.0,69,55,85,0.00,14.18,30.40,38.51,2532,7
2026-05-16 19:35:43,3.6,14.23,16.48,15.73,2062688,114005,5.5,0,0,0.0,69,55,85,0.00,14.30,30.65,38.42,2532,10
2026-05-16 19:36:44,3.4,15.03,16.40,15.76,2062688,113995,5.5,0,0,0.0,69,55,85,0.00,14.05,31.00,38.91,2537,23
2026-05-16 19:37:44,3.2,13.94,15.83,15.60,2062688,114009,5.5,0,0,0.0,69,55,85,0.00,13.74,30.16,38.09,2534,7
2026-05-16 19:38:45,3.6,13.58,15.38,15.46,2062688,113992,5.5,0,0,0.0,69,55,85,0.00,17.16,28.77,37.34,2530,6
2026-05-16 19:39:45,3.1,12.56,14.71,15.22,2062688,114002,5.5,0,0,0.0,69,55,85,0.00,14.09,28.03,36.36,2539,5
2026-05-16 19:40:45,3.4,11.80,14.07,14.97,2062688,114030,5.5,0,0,0.0,69,55,85,0.00,14.49,28.04,35.75,2540,6
2026-05-16 19:41:46,2.9,12.45,13.80,14.81,2062688,114004,5.5,0,0,0.0,69,55,85,0.00,13.63,31.19,38.70,2532,7
2026-05-16 19:42:46,3.5,12.72,13.67,14.70,2062688,114051,5.5,0,0,0.0,69,55,85,0.00,14.30,30.78,38.41,2541,5
2026-05-16 19:43:47,3.0,12.00,13.29,14.51,2062688,114012,5.5,0,0,0.0,69,55,85,0.05,17.13,31.54,39.23,2540,5
2026-05-16 19:44:47,3.2,13.46,13.40,14.47,2062688,114017,5.5,0,0,0.0,69,55,85,0.00,14.48,30.56,38.73,2541,5
2026-05-16 19:45:48,3.5,13.17,13.34,14.38,2062688,114036,5.5,0,0,0.0,69,55,85,0.00,14.38,30.94,38.49,2547,6
2026-05-16 19:46:48,22.7,12.42,13.09,14.23,2062688,114029,5.5,0,0,0.0,69,55,85,0.00,13.58,31.14,38.79,2544,5
2026-05-16 19:47:48,3.4,13.48,13.27,14.22,2062688,114039,5.5,0,0,0.0,69,55,85,0.00,13.79,30.90,38.54,2536,8
2026-05-16 19:48:49,3.2,13.25,13.23,14.14,2062688,114022,5.5,0,0,0.0,69,55,85,0.00,16.88,31.31,39.13,2528,9
2026-05-16 19:49:49,1.7,11.75,12.85,13.95,2062688,114015,5.5,0,0,0.0,69,55,85,0.00,16.44,27.67,36.30,2527,4
2026-05-16 19:50:50,3.4,12.11,12.75,13.85,2062688,114025,5.5,0,0,0.0,69,55,85,0.00,14.43,26.68,34.73,2518,6
2026-05-16 19:51:50,3.0,18.14,14.11,14.23,2062688,114040,5.5,0,0,0.0,69,55,85,0.00,14.02,30.24,38.11,2521,6
2026-05-16 19:52:51,3.3,14.67,13.87,14.14,2062688,114050,5.5,0,0,0.0,69,55,85,0.00,14.26,28.99,37.08,2529,8
2026-05-16 19:53:51,1.6,12.09,13.28,13.92,2062688,114022,5.5,0,0,0.0,69,55,85,0.00,16.52,28.80,36.57,2532,2
2026-05-16 19:54:51,2.0,11.42,12.91,13.75,2062688,114036,5.5,0,0,0.0,69,55,85,0.00,22.27,27.63,36.53,2543,2
2026-05-16 19:55:52,25.2,11.42,12.65,13.61,2062688,114034,5.5,0,0,0.0,69,55,85,0.00,14.19,27.61,35.74,2540,7
2026-05-16 19:56:52,1.9,10.50,12.16,13.37,2062688,114009,5.5,0,0,0.0,69,55,85,0.00,11.58,23.85,32.01,2538,3
2026-05-16 19:57:53,3.7,11.15,11.99,13.24,2062688,114050,5.5,0,0,0.0,69,55,85,0.00,14.92,24.70,32.91,2544,4
2026-05-16 19:58:53,3.1,12.70,12.24,13.24,2062688,114032,5.5,0,0,0.0,69,55,85,0.00,14.72,30.86,38.75,2538,3
2026-05-16 19:59:54,4.2,12.24,12.22,13.17,2062688,114032,5.5,0,0,0.0,69,55,85,0.00,17.52,29.60,38.64,2534,9
2026-05-16 20:00:54,11.5,12.24,12.19,13.10,2062688,114036,5.5,0,0,0.0,69,55,85,0.00,14.88,30.49,38.12,2533,15
2026-05-16 20:01:54,3.3,12.75,12.38,13.11,2062688,114044,5.5,0,0,0.0,69,55,85,0.00,37.61,28.71,36.76,2537,4
2026-05-16 20:02:55,3.2,11.83,12.19,12.99,2062688,114051,5.5,0,0,0.0,69,55,85,0.00,13.77,26.29,34.52,2537,4
2026-05-16 20:03:55,3.1,13.16,12.41,13.02,2062688,114043,5.5,0,0,0.0,69,55,85,0.00,13.79,29.93,37.69,2543,9
2026-05-16 20:04:56,3.2,12.36,12.31,12.94,2062688,114039,5.5,0,0,0.0,69,55,85,0.00,17.96,30.99,39.58,2540,10
2026-05-16 20:05:56,3.1,12.53,12.37,12.92,2062688,114030,5.5,0,0,0.0,69,55,85,0.00,21.95,31.12,38.71,2541,7
2026-05-16 20:06:57,3.3,11.94,12.21,12.83,2062688,114018,5.5,0,0,0.0,69,55,85,0.00,11.52,27.00,35.08,2537,6
2026-05-16 20:07:57,3.4,13.39,12.55,12.90,2062688,114043,5.5,0,0,0.0,69,55,85,0.00,14.07,30.17,38.12,2534,8
2026-05-16 20:08:57,1.7,14.33,12.93,13.01,2062688,114022,5.5,0,0,0.0,69,55,85,0.00,14.15,28.95,36.80,2539,3
2026-05-16 20:09:58,3.2,13.29,12.84,12.97,2062688,114023,5.5,0,0,0.0,69,55,85,0.00,16.80,30.29,39.13,2540,6
2026-05-16 20:10:58,3.1,12.71,12.76,12.93,2062688,114036,5.5,0,0,0.0,69,55,85,0.00,14.59,30.92,38.52,2534,6
2026-05-16 20:11:59,2.0,12.77,12.78,12.93,2062688,114026,5.5,0,0,0.0,69,55,85,0.00,13.84,30.97,38.69,2538,4
2026-05-16 20:12:59,3.2,19.70,15.10,13.73,2062688,114060,5.5,0,0,0.0,69,55,85,0.00,13.65,25.80,34.02,2537,6
2026-05-16 20:14:00,3.1,14.62,14.49,13.61,2062688,114021,5.5,0,0,0.0,69,55,85,0.00,13.54,30.06,37.84,2532,5
2026-05-16 20:15:00,3.3,14.51,14.45,13.65,2062688,114029,5.5,0,0,0.0,69,55,85,0.00,17.23,31.67,39.79,2533,5
2026-05-16 20:16:00,3.3,13.25,14.06,13.56,2062688,114040,5.5,0,0,0.0,69,55,85,0.00,14.47,29.00,37.11,2531,6
2026-05-16 20:17:01,3.1,12.28,13.61,13.43,2062688,114046,5.5,0,0,0.0,69,55,85,0.00,13.42,29.60,37.68,2539,6
2026-05-16 20:18:01,1.7,11.44,13.12,13.27,2062688,114026,5.5,0,0,0.0,69,55,85,0.00,13.86,28.21,35.99,2545,4
2026-05-16 20:19:02,1.9,12.10,13.01,13.23,2062688,114040,5.5,0,0,0.0,69,55,85,0.00,13.68,29.60,37.28,2542,5
2026-05-16 20:20:02,2.4,14.79,13.54,13.39,2062688,114044,5.5,0,0,0.0,69,55,85,0.00,17.04,29.57,38.08,2546,5
2026-05-16 20:21:03,1.8,12.27,13.03,13.22,2062688,114033,5.5,0,0,0.0,69,55,85,0.00,14.57,24.25,32.59,2541,3
2026-05-16 20:22:03,9.6,16.40,14.18,13.61,2062688,114037,5.5,0,0,0.0,69,55,85,0.00,13.39,30.16,38.06,2533,8
2026-05-16 20:23:03,3.1,13.60,13.80,13.52,2062688,114072,5.5,0,0,0.0,69,55,85,0.00,13.86,30.95,38.59,2541,6
2026-05-16 20:24:04,2.9,13.71,13.83,13.54,2062688,114063,5.5,0,0,0.0,69,55,85,0.00,14.10,30.76,38.69,2538,6
2026-05-16 20:25:04,8.6,12.51,13.48,13.44,2062688,114051,5.5,0,0,0.0,69,55,85,0.00,16.39,29.81,37.61,2533,9
2026-05-16 20:26:05,8.8,12.44,13.27,13.37,2062688,114063,5.5,0,0,0.0,69,55,85,0.00,14.78,29.65,37.90,2539,6
2026-05-16 20:27:05,3.4,11.96,13.00,13.27,2062688,114073,5.5,0,0,0.0,69,55,85,0.00,13.91,30.40,38.27,2545,10
2026-05-16 20:28:06,6.7,12.50,13.01,13.26,2062688,114088,5.5,0,0,0.0,69,55,85,0.00,14.03,30.14,37.85,2544,6
2026-05-16 20:29:06,3.2,12.27,12.86,13.19,2062688,114060,5.5,0,0,0.0,69,55,85,0.00,21.81,29.09,37.02,2539,5
2026-05-16 20:30:06,3.1,14.28,13.25,13.30,2062688,114064,5.5,0,0,0.0,69,55,85,0.00,14.70,31.29,39.29,2539,7
2026-05-16 20:31:07,3.6,15.40,13.55,13.39,2062688,114066,5.5,0,0,0.0,69,55,85,0.00,17.01,31.12,39.04,2533,9
2026-05-16 20:32:07,2.9,13.57,13.37,13.34,2062688,114061,5.5,0,0,0.0,69,55,85,0.00,13.55,29.60,37.53,2528,6
2026-05-16 20:33:08,2.2,12.46,13.09,13.24,2062688,114097,5.5,0,0,0.0,69,55,85,0.00,14.00,29.53,37.31,2526,2
2026-05-16 20:34:08,2.0,15.58,14.29,13.67,2062688,114056,5.5,0,0,0.0,69,55,85,0.00,13.91,30.94,38.38,2539,5
2026-05-16 20:35:09,3.7,13.74,13.98,13.60,2062688,114063,5.5,0,0,0.0,69,55,85,0.00,14.34,30.71,38.63,2529,13
2026-05-16 20:36:09,2.9,12.53,13.56,13.48,2062688,114076,5.5,0,0,0.0,69,55,85,0.00,17.30,30.28,38.74,2542,6
2026-05-16 20:37:09,2.3,12.11,13.31,13.40,2062688,114056,5.5,0,0,0.0,69,55,85,0.00,11.67,29.95,37.57,2536,2
2026-05-16 20:38:10,3.7,11.42,12.87,13.24,2062688,114102,5.5,0,0,0.0,69,55,85,0.00,13.77,26.59,34.77,2546,5
2026-05-16 20:39:10,1.8,13.34,13.05,13.27,2062688,114054,5.5,0,0,0.0,69,55,85,0.00,14.80,31.18,38.68,2538,6
2026-05-16 20:40:11,2.2,13.03,12.97,13.23,2062688,114069,5.5,0,0,0.0,69,55,85,0.00,14.16,28.07,35.95,2549,3
2026-05-16 20:41:11,3.2,12.75,12.85,13.17,2062688,114090,5.5,0,0,0.0,69,55,85,0.00,17.81,28.55,37.13,2543,7
2026-05-16 20:42:12,1.7,12.19,12.67,13.08,2062688,114096,5.5,0,0,0.0,69,55,85,0.00,13.88,30.36,37.86,2540,4
2026-05-16 20:43:12,3.5,11.93,12.49,12.99,2062688,114102,5.5,0,0,0.0,69,55,85,0.00,13.75,31.00,39.01,2538,9
2026-05-16 20:44:12,3.4,12.85,12.84,13.09,2062688,114077,5.5,0,0,0.0,69,55,85,0.00,13.75,30.92,38.40,2524,8
2026-05-16 20:45:13,15.4,13.69,13.13,13.17,2062688,114102,5.5,0,0,0.0,69,55,85,0.00,22.23,31.30,39.21,2524,5
2026-05-16 20:46:13,7.4,12.34,12.85,13.08,2062688,114111,5.5,0,0,0.0,69,55,85,0.00,17.35,27.07,35.69,2525,6
2026-05-16 20:47:14,2.5,12.79,12.97,13.11,2062688,114096,5.5,0,0,0.0,69,55,85,0.00,13.68,30.81,38.77,2525,21
2026-05-16 20:48:14,3.2,12.14,12.71,13.00,2062688,114120,5.5,0,0,0.0,69,55,85,0.00,13.97,27.60,35.44,2525,13
2026-05-16 20:49:15,2.6,11.96,12.56,12.94,2062688,114074,5.5,0,0,0.0,69,55,85,0.00,13.77,30.92,38.39,2526,10
2026-05-16 20:50:15,3.4,12.19,12.48,12.88,2062688,114092,5.5,0,0,0.0,69,55,85,0.00,14.21,29.17,36.92,2521,7
2026-05-16 20:51:15,2.0,20.27,14.61,13.58,2062688,114098,5.5,0,0,0.0,69,55,85,0.00,17.39,28.71,37.55,2520,6
2026-05-16 20:52:16,3.4,29.12,17.32,14.53,2062688,114082,5.5,0,0,0.0,69,55,85,0.00,13.92,27.78,35.98,2521,3
2026-05-16 20:53:16,3.3,19.58,16.70,14.49,2062688,114126,5.5,0,0,0.0,69,55,85,0.00,13.83,30.76,38.34,2526,7
2026-05-16 20:54:17,1.6,14.35,15.75,14.30,2062688,114082,5.5,0,0,0.0,69,55,85,0.00,13.88,30.74,38.45,2518,3
2026-05-16 20:55:17,3.3,14.31,15.41,14.27,2062688,114107,5.5,0,0,0.0,69,55,85,0.00,14.56,29.38,37.11,2526,5
2026-05-16 20:56:18,2.4,12.89,14.82,14.13,2062688,114115,5.5,0,0,0.0,69,55,85,0.00,17.61,31.76,39.85,2535,7
2026-05-16 20:57:18,2.2,12.08,14.26,13.99,2062688,114096,5.5,0,0,0.0,69,55,85,0.00,11.89,31.54,38.89,2535,6
2026-05-16 20:58:18,3.2,12.06,13.86,13.87,2062688,114132,5.5,0,0,0.0,69,55,85,0.00,13.61,31.10,38.70,2539,5
2026-05-16 20:59:19,4.5,12.23,13.60,13.78,2062688,114097,5.5,0,0,0.0,69,55,85,0.00,13.89,31.32,38.75,2537,17
2026-05-16 21:00:19,11.2,13.04,13.56,13.75,2062688,114140,5.5,0,0,0.0,69,55,85,0.00,137.10,31.44,38.80,2528,7
2026-05-16 21:01:20,3.5,12.35,13.22,13.62,2062688,114128,5.5,0,0,0.0,69,55,85,0.00,23.21,31.46,39.41,2527,8
2026-05-16 21:02:20,2.0,11.72,12.91,13.49,2062688,114128,5.5,0,0,0.0,69,55,85,0.00,37.69,31.66,39.19,2525,3
2026-05-16 21:03:21,2.4,12.46,12.96,13.47,2062688,114143,5.5,0,0,0.0,69,55,85,0.00,14.20,31.24,38.59,2529,4
2026-05-16 21:04:21,3.3,13.00,13.10,13.49,2062688,114114,5.5,0,0,0.0,69,55,85,0.00,13.92,31.38,38.84,2536,5
2026-05-16 21:05:21,2.9,12.58,12.98,13.42,2062688,114101,5.5,0,0,0.0,69,55,85,0.00,13.95,31.22,38.62,2541,6
2026-05-16 21:06:22,3.2,12.52,12.86,13.35,2062688,114110,5.5,0,0,0.0,69,55,85,0.00,17.52,31.60,39.60,2538,6
2026-05-16 21:07:22,4.7,14.07,13.54,13.57,2062688,114108,5.5,0,0,0.0,69,55,85,0.00,14.68,31.57,39.03,2539,6
2026-05-16 21:08:23,3.7,13.02,13.31,13.49,2062688,114120,5.5,0,0,0.0,69,55,85,0.00,14.07,31.20,38.71,2548,6
2026-05-16 21:09:23,2.9,21.73,16.00,14.42,2062688,114113,5.5,0,0,0.0,69,55,85,0.00,14.19,31.02,38.35,2531,7
2026-05-16 21:10:24,3.8,21.60,16.81,14.78,2062688,114126,5.5,0,0,0.0,69,55,85,0.00,14.17,30.69,38.54,2534,7
2026-05-16 21:11:24,11.4,19.05,16.88,14.93,2062688,114086,5.5,0,0,0.0,69,55,85,0.00,18.05,31.57,39.51,2521,22
2026-05-16 21:12:24,3.2,18.42,17.10,15.13,2062688,114093,5.5,0,0,0.0,69,55,85,0.00,22.09,29.21,37.25,2520,7
2026-05-16 21:13:25,3.8,20.98,17.99,15.56,2062688,114126,5.5,0,0,0.0,69,55,85,0.00,13.59,28.77,36.75,2521,10
2026-05-16 21:14:25,2.0,18.83,17.91,15.68,2062688,114086,5.5,0,0,0.0,69,55,85,0.00,13.91,30.24,37.90,2533,5
2026-05-16 21:15:26,3.7,17.13,17.62,15.72,2062688,114097,5.5,0,0,0.0,69,55,85,0.00,14.33,30.08,37.79,2537,8
2026-05-16 21:16:26,3.3,28.62,20.06,16.63,2062688,114098,5.5,0,0,0.0,69,55,85,0.00,17.50,30.07,38.22,2533,4
2026-05-16 21:17:27,3.3,19.87,19.11,16.52,2062688,114111,5.5,0,0,0.0,69,55,85,0.00,13.78,31.54,39.35,2532,8
2026-05-16 21:18:27,2.3,21.22,19.63,16.86,2062688,114118,5.5,0,0,0.0,69,55,85,0.00,11.64,31.06,38.73,2530,9
2026-05-16 21:19:27,2.8,18.19,19.03,16.83,2062688,114082,5.5,0,0,0.0,69,55,85,0.00,13.88,28.55,36.28,2529,7
2026-05-16 21:20:28,1.5,15.52,18.21,16.69,2062688,114071,5.5,0,0,0.0,69,55,85,0.00,14.15,29.02,36.83,2530,3
2026-05-16 21:21:28,27.6,26.06,20.60,17.59,2062688,114077,5.5,0,0,0.0,69,55,85,0.00,16.82,30.07,38.02,2528,3
2026-05-16 21:22:29,3.3,26.56,22.03,18.28,2062688,114125,5.5,0,0,0.0,69,55,85,0.00,14.50,28.16,36.88,2535,5
2026-05-16 21:23:29,2.0,18.77,20.59,18.02,2062688,114101,5.5,0,0,0.0,69,55,85,0.00,13.65,30.29,37.89,2531,2
2026-05-16 21:24:30,3.3,14.21,18.91,17.61,2062688,114087,5.5,0,0,0.0,69,55,85,0.00,13.97,27.60,35.67,2535,7
2026-05-16 21:25:30,3.6,12.93,17.74,17.29,2062688,114082,5.5,0,0,0.0,69,55,85,0.00,14.18,27.65,35.69,2535,8
2026-05-16 21:26:30,1.6,11.68,16.50,16.89,2062688,114076,5.5,0,0,0.0,69,55,85,0.00,14.38,26.69,35.17,2538,3
2026-05-16 21:27:31,3.1,11.76,15.64,16.57,2062688,114124,5.5,0,0,0.0,69,55,85,0.00,17.30,28.77,36.91,2544,4
2026-05-16 21:28:31,3.4,12.21,15.04,16.30,2062688,114110,5.5,0,0,0.0,69,55,85,0.00,13.64,29.93,37.56,2538,9
2026-05-16 21:29:32,1.9,12.17,14.52,16.04,2062688,114105,5.5,0,0,0.0,69,55,85,0.00,14.47,29.97,37.76,2526,3
2026-05-16 21:30:32,2.5,12.33,14.23,15.85,2062688,114103,5.5,0,0,0.0,69,55,85,0.00,14.34,27.64,35.60,2530,5
2026-05-16 21:31:33,2.2,11.37,13.57,15.52,2062688,114092,5.5,0,0,0.0,69,55,85,0.00,14.52,24.04,32.51,2517,8
2026-05-16 21:32:33,6.4,11.31,13.17,15.26,2062688,114118,5.5,0,0,0.0,69,55,85,0.00,24.85,27.08,35.70,2511,3
2026-05-16 21:33:33,2.0,11.36,12.79,14.99,2062688,114097,5.5,0,0,0.0,69,55,85,0.00,14.07,25.00,33.32,2525,6
2026-05-16 21:34:34,7.9,11.30,12.48,14.75,2062688,114107,5.5,0,0,0.0,69,55,85,0.00,14.19,28.62,36.57,2533,21
2026-05-16 21:35:34,1.5,11.06,12.23,14.52,2062688,114086,5.5,0,0,0.0,69,55,85,0.00,13.58,31.05,38.30,2533,8
2026-05-16 21:36:35,3.2,12.63,12.47,14.45,2062688,114106,5.5,0,0,0.0,69,55,85,0.00,14.65,29.08,37.42,2526,5
2026-05-16 21:37:35,3.3,12.59,12.55,14.35,2062688,114135,5.5,0,0,0.0,69,55,85,0.00,17.12,28.19,36.40,2544,5
2026-05-16 21:38:36,3.5,12.74,12.59,14.25,2062688,114128,5.5,0,0,0.0,69,55,85,0.00,14.12,30.62,38.32,2543,9
2026-05-16 21:39:36,3.2,12.04,12.39,14.08,2062688,114118,5.5,0,0,0.0,69,55,85,0.00,13.82,28.16,36.36,2536,6
2026-05-16 21:40:37,1.6,12.24,12.40,13.97,2062688,114099,5.5,0,0,0.0,69,55,85,0.00,14.76,30.16,37.89,2543,5
2026-05-16 21:41:37,1.9,24.43,15.46,14.90,2062688,114103,5.5,0,0,0.0,69,55,85,0.00,14.17,28.07,36.52,2540,2
2026-05-16 21:42:37,1.8,16.29,14.73,14.68,2062688,114143,5.5,0,0,0.0,69,55,85,0.00,17.27,28.25,36.48,2523,3
2026-05-16 21:43:38,2.3,14.86,14.67,14.66,2062688,114117,5.5,0,0,0.0,69,55,85,0.00,14.28,31.46,38.95,2527,5
2026-05-16 21:44:38,3.4,13.10,14.22,14.51,2062688,114117,5.5,0,0,0.0,69,55,85,0.00,14.68,30.87,38.52,2534,7
2026-05-16 21:45:39,2.2,13.51,14.14,14.46,2062688,114114,5.5,0,0,0.0,69,55,85,0.00,14.64,30.75,38.63,2535,6
2026-05-16 21:46:39,3.2,12.66,13.78,14.32,2062688,114138,5.5,0,0,0.0,69,55,85,0.00,14.24,31.43,39.28,2533,21
2026-05-16 21:47:40,2.0,13.50,13.87,14.32,2062688,114146,5.5,0,0,0.0,69,55,85,0.00,16.98,30.57,38.68,2535,1
2026-05-16 21:48:40,3.4,12.95,13.61,14.20,2062688,114122,5.5,0,0,0.0,69,55,85,0.00,11.61,29.02,37.33,2529,7
2026-05-16 21:49:40,2.1,12.00,13.24,14.03,2062688,114113,5.5,0,0,0.0,69,55,85,0.00,13.67,29.91,37.55,2520,4
2026-05-16 21:50:41,3.2,13.33,13.30,13.99,2062688,114144,5.5,0,0,0.0,69,55,85,0.00,14.84,28.79,36.58,2529,8
2026-05-16 21:51:41,3.2,21.76,16.12,14.93,2062688,114146,5.5,0,0,0.0,69,55,85,0.00,14.20,30.12,38.09,2536,9
2026-05-16 21:52:42,3.1,16.33,15.59,14.83,2062688,114162,5.5,0,0,0.0,69,55,85,0.00,16.95,31.54,39.42,2538,6
2026-05-16 21:53:42,3.5,14.28,15.10,14.70,2062688,114131,5.5,0,0,0.0,69,55,85,0.00,14.06,29.73,37.80,2548,6
2026-05-16 21:54:43,3.2,20.55,17.42,15.56,2062688,114130,5.5,0,0,0.0,69,55,85,0.00,13.77,30.33,38.43,2551,5
2026-05-16 21:55:43,6.3,15.17,16.47,15.35,2062688,114108,5.5,0,0,0.0,69,55,85,0.00,22.17,28.18,36.32,2551,5
2026-05-16 21:56:43,1.9,12.68,15.53,15.10,2062688,114109,5.5,0,0,0.0,69,55,85,0.00,14.63,31.27,38.92,2542,4
2026-05-16 21:57:44,2.0,11.41,14.65,14.82,2062688,114107,5.5,0,0,0.0,69,55,85,0.00,17.95,27.68,36.14,2540,5
2026-05-16 21:58:44,2.0,10.36,13.76,14.50,2062688,114099,5.5,0,0,0.0,69,55,85,0.00,13.76,25.01,33.27,2542,6
2026-05-16 21:59:45,1.8,11.05,13.34,14.31,2062688,114102,5.5,0,0,0.0,69,55,85,0.00,14.19,29.45,37.18,2548,4
2026-05-16 22:00:45,3.6,11.45,12.98,14.12,2062688,114136,5.5,0,0,0.0,69,55,85,0.00,14.50,27.74,35.87,2550,4
2026-05-16 22:01:46,3.5,10.90,12.54,13.89,2062688,114131,5.5,0,0,0.0,69,55,85,0.00,38.21,25.48,33.78,2548,21
2026-05-16 22:02:46,4.1,11.83,12.48,13.79,2062688,114135,5.5,0,0,0.0,69,55,85,0.00,16.59,30.82,38.54,2545,5
2026-05-16 22:03:46,3.4,11.75,12.30,13.63,2062688,114108,5.5,0,0,0.0,69,55,85,0.00,14.14,26.98,35.27,2537,5
2026-05-16 22:04:47,3.1,13.12,12.63,13.67,2062688,114130,5.5,0,0,0.0,69,55,85,0.00,22.21,30.97,38.71,2527,6
2026-05-16 22:05:47,3.2,12.08,12.49,13.55,2062688,114130,5.5,0,0,0.0,69,55,85,0.00,15.11,29.54,37.21,2524,8
2026-05-16 22:06:48,3.5,11.86,12.39,13.45,2062688,114118,5.5,0,0,0.0,69,55,85,0.00,14.10,29.78,37.69,2528,5
2026-05-16 22:07:48,3.3,11.47,12.17,13.31,2062688,114150,5.5,0,0,0.0,69,55,85,0.00,16.77,26.83,35.23,2537,9
2026-05-16 22:08:49,1.6,12.93,12.47,13.34,2062688,114110,5.5,0,0,0.0,69,55,85,0.00,12.54,29.87,38.27,2547,29
2026-05-16 22:09:49,11.3,13.36,12.70,13.36,2062688,114129,5.5,0,0,0.0,69,55,85,0.00,13.45,30.90,38.79,2552,21
2026-05-16 22:10:49,3.2,14.00,13.03,13.44,2062688,114118,5.5,0,0,0.0,69,55,85,0.00,14.53,30.72,38.29,2551,8
2026-05-16 22:11:50,1.9,12.22,12.70,13.30,2062688,114103,5.5,0,0,0.0,69,55,85,0.00,14.23,29.03,36.87,2540,2
2026-05-16 22:12:50,3.2,12.04,12.56,13.21,2062688,114144,5.5,0,0,0.0,69,55,85,0.00,14.22,29.92,38.23,2540,6
2026-05-16 22:13:51,3.0,12.14,12.50,13.15,2062688,114122,5.5,0,0,0.0,69,55,85,0.00,16.98,30.66,38.72,2540,5
2026-05-16 22:14:51,2.1,13.15,12.73,13.19,2062688,114129,5.5,0,0,0.0,69,55,85,0.00,14.11,31.24,38.95,2528,2
2026-05-16 22:15:52,2.0,13.45,12.87,13.21,2062688,114107,5.5,0,0,0.0,69,55,85,0.00,14.34,30.00,37.66,2524,4
2026-05-16 22:16:52,2.0,13.54,12.92,13.19,2062688,114114,5.5,0,0,0.0,69,55,85,0.00,13.91,29.72,37.41,2524,2
2026-05-16 22:17:53,3.5,12.55,12.79,13.13,2062688,114148,5.5,0,0,0.0,69,55,85,0.00,14.15,28.55,36.86,2522,6
2026-05-16 22:18:53,7.3,12.73,12.84,13.13,2062688,114135,5.5,0,0,0.0,69,55,85,0.00,17.07,31.08,39.26,2525,5
2026-05-16 22:19:53,1.6,12.05,12.65,13.05,2062688,114101,5.5,0,0,0.0,69,55,85,0.00,13.98,30.27,37.74,2528,4
2026-05-16 22:20:54,11.6,11.76,12.49,12.97,2062688,114133,5.5,0,0,0.0,69,55,85,0.00,14.29,28.88,37.36,2537,7
2026-05-16 22:21:54,3.4,12.41,12.53,12.95,2062688,114130,5.5,0,0,0.0,69,55,85,0.00,14.32,29.10,36.83,2541,6
2026-05-16 22:22:55,1.2,18.05,14.78,13.74,2062688,114134,5.5,0,0,0.0,69,55,85,0.00,14.20,30.45,38.64,2543,1
2026-05-16 22:23:55,3.2,15.51,14.61,13.74,2062688,114127,5.5,0,0,0.0,69,55,85,0.00,17.08,28.19,36.54,2542,5
2026-05-16 22:24:56,2.0,14.05,14.32,13.70,2062688,114108,5.5,0,0,0.0,69,55,85,0.00,13.96,30.73,38.27,2535,6
2026-05-16 22:25:56,3.4,13.24,14.04,13.63,2062688,114131,5.5,0,0,0.0,69,55,85,0.00,14.40,30.22,38.09,2528,4
2026-05-16 22:26:56,1.7,12.40,13.70,13.54,2062688,114135,5.5,0,0,0.0,69,55,85,0.00,13.95,30.92,38.54,2518,3
2026-05-16 22:27:57,1.5,11.89,13.31,13.42,2062688,114138,5.5,0,0,0.0,69,55,85,0.00,14.38,27.84,36.27,2520,3
2026-05-16 22:28:57,3.0,11.97,13.02,13.31,2062688,114132,5.5,0,0,0.0,69,55,85,0.00,24.83,28.68,37.09,2523,4
2026-05-16 22:29:58,2.3,12.38,12.97,13.27,2062688,114133,5.5,0,0,0.0,69,55,85,0.00,14.00,29.77,37.64,2522,4
2026-05-16 22:30:58,3.5,20.22,15.60,14.18,2062688,114159,5.5,0,0,0.0,69,55,85,0.00,14.64,29.04,37.04,2535,4
2026-05-16 22:31:59,3.1,15.65,15.14,14.11,2062688,114135,5.5,0,0,0.0,69,55,85,0.00,13.70,30.28,38.21,2530,6
2026-05-16 22:32:59,3.3,14.87,15.04,14.14,2062688,114181,5.5,0,0,0.0,69,55,85,0.00,14.17,31.55,39.46,2527,4
2026-05-16 22:33:59,2.1,13.82,14.78,14.12,2062688,114154,5.5,0,0,0.0,69,55,85,0.00,17.37,29.21,37.21,2523,7
2026-05-16 22:35:00,3.2,19.50,16.19,14.64,2062688,114129,5.5,0,0,0.0,69,55,85,0.00,13.97,30.46,38.55,2517,4
2026-05-16 22:36:00,3.3,15.42,15.55,14.51,2062688,114145,5.5,0,0,0.0,69,55,85,0.00,14.02,29.74,37.53,2515,9
2026-05-16 22:37:01,3.4,18.81,17.27,15.22,2062688,114142,5.5,0,0,0.0,69,55,85,0.00,14.02,29.48,37.21,2523,9
2026-05-16 22:38:01,3.6,13.93,16.15,14.96,2062688,114167,5.5,0,0,0.0,69,55,85,0.00,14.12,26.41,34.92,2512,6
2026-05-16 22:39:02,3.6,13.77,15.65,14.86,2062688,114160,5.5,0,0,0.0,69,55,85,0.00,14.22,30.89,38.55,2521,6
2026-05-16 22:40:02,2.7,11.66,14.72,14.58,2062688,114132,5.5,0,0,0.0,69,55,85,0.00,11.42,28.47,36.70,2530,5
2026-05-16 22:41:02,4.1,11.90,14.20,14.41,2062688,114165,5.5,0,0,0.0,69,55,85,0.00,14.37,29.29,37.14,2530,5
2026-05-16 22:42:03,6.9,11.36,13.66,14.21,2062688,114133,5.5,0,0,0.0,69,55,85,0.00,13.95,27.84,36.06,2528,3
2026-05-16 22:43:03,1.5,11.04,13.19,14.01,2062688,114181,5.5,0,0,0.0,69,55,85,0.00,14.12,28.90,37.37,2536,3
2026-05-16 22:44:04,1.6,11.63,12.97,13.89,2062688,114159,5.5,0,0,0.0,69,55,85,0.00,13.56,26.99,35.20,2532,4
2026-05-16 22:45:04,3.6,11.41,12.66,13.72,2062688,114163,5.5,0,0,0.0,69,55,85,0.00,24.92,29.05,37.27,2540,6
2026-05-16 22:46:05,1.8,10.85,12.28,13.52,2062688,114158,5.5,0,0,0.0,69,55,85,0.00,14.37,25.42,33.52,2531,2
2026-05-16 22:47:05,3.3,11.61,12.19,13.41,2062688,114161,5.5,0,0,0.0,69,55,85,0.00,13.80,25.35,33.60,2527,5
2026-05-16 22:48:06,3.7,12.64,12.36,13.39,2062688,114179,5.5,0,0,0.0,69,55,85,0.00,14.33,30.71,38.79,2534,10
2026-05-16 22:49:06,3.5,12.51,12.41,13.34,2062688,114164,5.5,0,0,0.0,69,55,85,0.00,14.02,30.97,38.91,2534,8
2026-05-16 22:50:06,3.1,11.80,12.22,13.22,2062688,114155,5.5,0,0,0.0,69,55,85,0.00,17.17,30.54,38.44,2527,5
2026-05-16 22:51:07,1.8,14.69,13.47,13.61,2062688,114131,5.5,0,0,0.0,69,55,85,0.00,14.17,23.99,32.21,2538,4
2026-05-16 22:52:07,3.0,12.31,13.01,13.45,2062688,114153,5.5,0,0,0.0,69,55,85,0.00,13.96,26.58,34.71,2542,6
2026-05-16 22:53:08,3.3,11.40,12.61,13.28,2062688,114175,5.5,0,0,0.0,69,55,85,0.00,14.18,25.83,34.14,2535,7
2026-05-16 22:54:08,2.2,12.35,12.70,13.27,2062688,114134,5.5,0,0,0.0,69,55,85,0.00,13.89,30.71,38.51,2533,3
2026-05-16 22:55:09,2.8,14.50,13.38,13.47,2062688,114152,5.5,0,0,0.0,69,55,85,0.00,17.82,29.77,38.08,2539,4
2026-05-16 22:56:09,2.8,17.85,14.55,13.87,2062688,114163,5.5,0,0,0.0,69,55,85,0.00,14.37,30.56,38.24,2537,4
2026-05-16 22:57:09,11.2,19.02,15.46,14.22,2062688,114133,5.5,0,0,0.0,69,55,85,0.00,13.90,29.58,37.45,2528,5
2026-05-16 22:58:10,2.2,18.50,15.91,14.45,2062688,114167,5.5,0,0,0.0,69,55,85,0.00,13.85,27.09,35.46,2529,2
2026-05-16 22:59:10,3.8,28.34,18.73,15.48,2062688,114143,5.5,0,0,0.0,69,55,85,0.00,13.98,30.09,38.09,2532,6
2026-05-16 23:00:11,3.1,24.95,19.22,15.84,2062688,114211,5.5,0,0,0.0,69,55,85,0.00,138.87,30.95,38.73,2523,7
2026-05-16 23:01:11,3.3,19.43,18.63,15.84,2062688,114158,5.5,0,0,0.0,69,55,85,0.00,20.29,30.07,38.11,2527,6
2026-05-16 23:02:12,2.8,17.15,18.02,15.80,2062688,114147,5.5,0,0,0.0,69,55,85,0.00,37.76,27.54,35.58,2522,6
2026-05-16 23:03:12,3.1,15.66,17.43,15.74,2062688,114175,5.5,0,0,0.0,69,55,85,0.00,14.01,27.83,36.26,2523,20
2026-05-16 23:04:12,3.5,18.89,18.07,16.06,2062688,114167,5.5,0,0,0.0,69,55,85,0.00,14.74,30.82,38.79,2538,8
2026-05-16 23:05:13,1.9,19.01,18.29,16.27,2062688,114156,5.5,0,0,0.0,69,55,85,0.00,14.74,31.10,39.22,2542,2
2026-05-16 23:06:13,3.5,18.30,18.09,16.32,2062688,114163,5.5,0,0,0.0,69,55,85,0.00,14.40,30.42,38.06,2543,7
2026-05-16 23:07:14,3.2,14.54,16.98,16.04,2062688,114142,5.5,0,0,0.0,69,55,85,0.00,13.98,28.42,36.49,2540,5
2026-05-16 23:08:14,3.4,13.29,16.18,15.82,2062688,114182,5.5,0,0,0.0,69,55,85,0.00,14.27,28.34,36.42,2543,7
2026-05-16 23:09:15,8.7,12.74,15.34,15.55,2062688,114132,5.5,0,0,0.0,69,55,85,0.00,14.61,26.46,34.71,2533,16
2026-05-16 23:10:15,1.7,13.14,15.01,15.42,2062688,114143,5.5,0,0,0.0,69,55,85,0.00,16.88,30.16,38.16,2526,4
2026-05-16 23:11:15,3.0,14.19,14.94,15.37,2062688,114180,5.5,0,0,0.0,69,55,85,0.00,14.88,28.74,36.85,2534,6
2026-05-16 23:12:16,3.3,15.11,14.96,15.34,2062688,114145,5.5,0,0,0.0,69,55,85,0.00,22.80,31.02,38.78,2531,9
2026-05-16 23:13:16,1.7,12.86,14.41,15.13,2062688,114167,5.5,0,0,0.0,69,55,85,0.00,14.21,27.43,35.52,2530,1
2026-05-16 23:14:17,2.2,12.08,13.99,14.95,2062688,114144,5.5,0,0,0.0,69,55,85,0.00,13.89,28.67,36.82,2539,3
2026-05-16 23:15:17,3.3,12.46,13.77,14.81,2062688,114177,5.5,0,0,0.0,69,55,85,0.00,17.07,28.22,36.60,2540,9
2026-05-16 23:16:18,3.3,12.70,13.61,14.69,2062688,114175,5.5,0,0,0.0,69,55,85,0.00,14.50,30.83,38.99,2536,6
2026-05-16 23:17:18,2.2,12.29,13.34,14.53,2062688,114132,5.5,0,0,0.0,69,55,85,0.00,14.80,28.17,36.18,2538,4
2026-05-16 23:18:18,1.9,14.23,13.57,14.52,2062688,114186,5.5,0,0,0.0,69,55,85,0.00,14.24,30.57,38.19,2534,4
2026-05-16 23:19:19,4.1,12.28,13.15,14.32,2062688,114160,5.5,0,0,0.0,69,55,85,0.00,14.02,28.05,36.75,2528,5
2026-05-16 23:20:19,1.9,12.39,13.03,14.20,2062688,114161,5.5,0,0,0.0,69,55,85,0.00,16.75,28.84,36.76,2526,2
2026-05-16 23:21:20,9.3,13.10,13.10,14.15,2062688,114175,5.5,0,0,0.0,69,55,85,0.00,14.70,29.44,37.86,2531,5
2026-05-16 23:22:20,2.6,12.00,12.83,13.99,2062688,114171,5.5,0,0,0.0,69,55,85,0.00,13.89,31.23,38.75,2532,4
2026-05-16 23:23:21,3.1,23.45,15.63,14.85,2062688,114222,5.5,0,0,0.0,69,55,85,0.00,14.37,30.36,37.92,2535,6
2026-05-16 23:24:21,1.9,15.92,14.89,14.65,2062688,114151,5.5,0,0,0.0,69,55,85,0.00,13.69,26.97,35.28,2550,1
2026-05-16 23:25:21,3.3,14.14,14.52,14.53,2062688,114175,5.5,0,0,0.0,69,55,85,0.00,14.33,27.98,35.83,2541,7
2026-05-16 23:26:22,2.7,14.06,14.56,14.55,2062688,114179,5.5,0,0,0.0,69,55,85,0.00,17.71,31.39,39.34,2533,6
2026-05-16 23:27:22,3.5,12.12,13.87,14.31,2062688,114186,5.5,0,0,0.0,69,55,85,0.00,14.09,26.04,34.16,2539,5
2026-05-16 23:28:23,3.5,12.79,13.62,14.19,2062688,114187,5.5,0,0,0.0,69,55,85,0.00,13.94,27.58,35.61,2531,5
2026-05-16 23:29:23,3.1,12.89,13.53,14.12,2062688,114173,5.5,0,0,0.0,69,55,85,0.00,14.45,28.71,37.28,2530,6
2026-05-16 23:30:24,3.5,13.06,13.45,14.06,2062688,114191,5.5,0,0,0.0,69,55,85,0.00,14.62,31.16,38.96,2551,9
2026-05-16 23:31:24,1.8,12.84,13.33,13.98,2062688,114188,5.5,0,0,0.0,69,55,85,0.00,18.09,30.70,38.94,2546,2
2026-05-16 23:32:24,1.8,12.99,13.39,13.96,2062688,114142,5.5,0,0,0.0,69,55,85,0.00,21.78,27.86,35.84,2535,3
2026-05-16 23:33:25,3.1,12.59,13.18,13.85,2062688,114201,5.5,0,0,0.0,69,55,85,0.00,14.00,30.49,38.29,2539,8
2026-05-16 23:34:25,1.6,11.90,12.90,13.71,2062688,114161,5.5,0,0,0.0,69,55,85,0.00,14.40,30.43,38.40,2546,2
2026-05-16 23:35:26,3.6,17.66,14.57,14.24,2062688,114180,5.5,0,0,0.0,69,55,85,0.00,14.23,27.65,35.62,2536,9
2026-05-16 23:36:26,1.8,13.35,13.89,14.03,2062688,114169,5.5,0,0,0.0,69,55,85,0.00,14.78,27.10,35.46,2536,2
2026-05-16 23:37:27,1.7,13.57,13.89,14.02,2062688,114174,5.5,0,0,0.0,69,55,85,0.00,14.48,29.34,37.35,2548,4
2026-05-16 23:38:27,3.4,13.56,13.77,13.97,2062688,114213,5.5,0,0,0.0,69,55,85,0.00,13.98,30.24,37.98,2539,4
2026-05-16 23:39:27,3.1,12.71,13.50,13.86,2062688,114205,5.5,0,0,0.0,69,55,85,0.00,13.85,30.64,38.88,2526,6
2026-05-16 23:40:28,1.6,11.80,13.09,13.70,2062688,114165,5.5,0,0,0.0,69,55,85,0.00,14.16,26.85,34.92,2532,4
2026-05-16 23:41:28,1.9,12.37,13.04,13.64,2062688,114185,5.5,0,0,0.0,69,55,85,0.00,17.52,29.56,37.73,2539,4
2026-05-16 23:42:29,3.3,12.13,12.85,13.54,2062688,114200,5.5,0,0,0.0,69,55,85,0.00,14.11,29.53,37.54,2533,26
2026-05-16 23:43:29,3.5,12.11,12.74,13.46,2062688,114211,5.5,0,0,0.0,69,55,85,0.00,13.67,29.26,37.37,2530,9
2026-05-16 23:44:30,4.0,11.68,12.52,13.33,2062688,114183,5.5,0,0,0.0,69,55,85,0.00,14.36,30.88,39.03,2532,6
2026-05-16 23:45:30,1.9,13.53,12.83,13.39,2062688,114203,5.5,0,0,0.0,69,55,85,0.00,14.48,31.01,38.65,2531,2
2026-05-16 23:46:30,1.7,12.85,12.78,13.34,2062688,114214,5.5,0,0,0.0,69,55,85,0.00,17.23,30.72,38.71,2535,4
2026-05-16 23:47:31,3.3,12.69,12.68,13.26,2062688,114229,5.5,0,0,0.0,69,55,85,0.00,14.27,28.50,36.52,2536,6
2026-05-16 23:48:31,3.4,13.01,12.79,13.26,2062688,114213,5.5,0,0,0.0,69,55,85,0.00,14.11,31.01,38.79,2530,8
2026-05-16 23:49:32,3.3,12.56,12.73,13.21,2062688,114211,5.5,0,0,0.0,69,55,85,0.00,14.35,31.46,39.18,2533,6
2026-05-16 23:50:32,3.5,19.42,14.68,13.85,2062688,114213,5.5,0,0,0.0,69,55,85,0.00,14.37,31.12,38.86,2523,8
2026-05-16 23:51:33,4.8,14.79,14.25,13.75,2062688,114198,5.5,0,0,0.0,69,55,85,0.00,16.85,30.41,38.22,2512,7
2026-05-16 23:52:33,11.5,12.47,13.70,13.59,2062688,114213,5.5,0,0,0.0,69,55,85,0.00,13.96,27.08,35.51,2522,9
2026-05-16 23:53:33,1.9,11.89,13.31,13.47,2062688,114247,5.5,0,0,0.0,69,55,85,0.00,14.22,31.32,38.75,2530,7
2026-05-16 23:54:34,3.0,20.37,15.79,14.32,2062688,114203,5.5,0,0,0.0,69,55,85,0.00,14.16,29.73,38.32,2537,8
2026-05-16 23:55:34,3.6,15.41,15.19,14.20,2062688,114197,5.5,0,0,0.0,69,55,85,0.00,14.38,31.06,38.81,2537,4
2026-05-16 23:56:35,3.4,15.49,15.05,14.21,2062688,114203,5.5,0,0,0.0,69,55,85,0.00,25.23,29.72,37.70,2538,7
2026-05-16 23:57:35,3.0,13.68,14.60,14.10,2062688,114220,5.5,0,0,0.0,69,55,85,0.00,13.97,28.69,37.02,2528,7
2026-05-16 23:58:36,3.4,13.23,14.31,14.03,2062688,114205,5.5,0,0,0.0,69,55,85,0.00,13.71,29.12,37.10,2526,4
2026-05-16 23:59:36,3.5,13.06,14.16,14.00,2062688,114215,5.5,0,0,0.0,69,55,85,0.00,14.03,26.10,34.46,2523,19
2026-05-17 00:00:36,3.0,13.56,14.12,14.00,2062688,114212,5.5,0,0,0.0,69,55,85,0.00,14.54,28.98,36.95,2534,9
2026-05-17 00:01:37,1.9,22.30,15.92,14.59,2062688,114193,5.5,0,0,0.0,69,55,85,0.00,16.58,28.37,36.36,2527,2
2026-05-17 00:02:37,1.5,15.95,15.19,14.42,2062688,114202,5.5,0,0,0.0,69,55,85,0.00,37.96,25.41,33.93,2534,3
2026-05-17 00:03:38,3.1,14.13,14.85,14.35,2062688,114186,5.5,0,0,0.0,69,55,85,0.00,13.91,30.91,38.36,2525,5
2026-05-17 00:04:38,3.0,25.60,17.75,15.36,2062688,114188,5.5,0,0,0.0,69,55,85,0.00,14.06,29.88,37.67,2534,5
2026-05-17 00:05:39,3.4,27.62,20.11,16.34,2062688,114192,5.5,0,0,0.0,69,55,85,0.00,22.72,30.85,39.19,2526,5
2026-05-17 00:06:39,3.4,17.57,18.61,16.06,2062688,114182,5.5,0,0,0.0,69,55,85,0.00,14.24,29.61,37.58,2530,6
2026-05-17 00:07:39,3.0,15.25,17.65,15.88,2062688,114182,5.5,0,0,0.0,69,55,85,0.00,14.04,27.43,35.74,2524,8
2026-05-17 00:08:40,3.1,13.34,16.67,15.66,2062688,114179,5.5,0,0,0.0,69,55,85,0.00,14.11,30.85,38.43,2525,4
2026-05-17 00:09:40,3.5,24.50,18.27,16.22,2062688,114178,5.5,0,0,0.0,69,55,85,0.00,14.50,29.21,36.88,2518,6
2026-05-17 00:10:41,2.0,17.81,17.51,16.08,2062688,114194,5.5,0,0,0.0,69,55,85,0.00,14.53,28.61,36.95,2518,3
2026-05-17 00:11:41,3.5,22.51,19.23,16.78,2062688,114167,5.5,0,0,0.0,69,55,85,0.00,16.57,28.33,36.23,2516,5
2026-05-17 00:12:42,3.3,15.88,17.92,16.48,2062688,114198,5.5,0,0,0.0,69,55,85,0.00,14.04,30.17,38.45,2524,3
2026-05-17 00:13:42,3.5,13.87,16.99,16.25,2062688,114186,5.5,0,0,0.0,69,55,85,0.00,13.71,30.49,38.23,2531,10
2026-05-17 00:14:42,2.0,13.86,16.34,16.06,2062688,114195,5.5,0,0,0.0,69,55,85,0.00,14.19,29.43,37.14,2536,6
2026-05-17 00:15:43,3.3,20.10,18.38,16.84,2062688,114187,5.5,0,0,0.0,69,55,85,0.00,14.67,31.55,39.54,2535,5
2026-05-17 00:16:43,1.9,15.41,17.40,16.60,2062688,114193,5.5,0,0,0.0,69,55,85,0.00,16.53,27.92,35.82,2532,5
2026-05-17 00:17:44,3.2,12.35,16.10,16.19,2062688,114208,5.5,0,0,0.0,69,55,85,0.00,14.32,26.11,34.93,2538,7
2026-05-17 00:18:44,3.3,12.80,15.47,15.97,2062688,114197,5.5,0,0,0.0,69,55,85,0.00,13.71,29.25,37.13,2527,113
2026-05-17 00:19:45,3.1,12.68,15.00,15.77,2062688,114182,5.5,0,0,0.0,69,55,85,0.00,13.87,30.19,38.06,2519,6
2026-05-17 00:20:45,5.1,13.96,14.99,15.72,2062688,114197,5.5,0,0,0.0,69,55,85,0.00,14.57,31.16,39.34,2523,6
2026-05-17 00:21:45,3.0,14.06,14.85,15.63,2062688,114214,5.5,0,0,0.0,69,55,85,0.00,14.00,29.40,37.33,2532,4
2026-05-17 00:22:46,3.0,12.18,14.17,15.35,2062688,114203,5.5,0,0,0.0,69,55,85,0.00,16.82,29.98,38.20,2526,7
2026-05-17 00:23:46,2.8,11.96,13.76,15.13,2062688,114199,5.5,0,0,0.0,69,55,85,0.00,13.96,27.33,35.42,2527,7
2026-05-17 00:24:47,3.3,11.73,13.34,14.89,2062688,114191,5.5,0,0,0.0,69,55,85,0.00,13.56,27.34,35.24,2525,21
2026-05-17 00:25:47,3.6,13.35,13.52,14.86,2062688,114192,5.5,0,0,0.0,69,55,85,0.00,14.59,31.25,39.28,2522,7
2026-05-17 00:26:48,3.6,13.99,13.55,14.78,2062688,114217,5.5,0,0,0.0,69,55,85,0.00,14.07,30.53,38.15,2523,9
2026-05-17 00:27:48,1.6,12.20,13.15,14.56,2062688,114221,5.5,0,0,0.0,69,55,85,0.00,16.74,30.61,38.49,2514,2
2026-05-17 00:28:48,5.5,11.93,12.86,14.36,2062688,114208,5.5,0,0,0.0,69,55,85,0.00,21.79,28.74,36.42,2516,4
2026-05-17 00:29:49,2.9,11.36,12.51,14.15,2062688,114191,5.5,0,0,0.0,69,55,85,0.00,14.00,26.95,35.31,2519,7
2026-05-17 00:30:49,3.4,13.06,12.81,14.14,2062688,114188,5.5,0,0,0.0,69,55,85,0.00,15.22,30.70,38.77,2523,7
2026-05-17 00:31:50,3.6,12.34,12.71,14.03,2062688,114201,5.5,0,0,0.0,69,55,85,0.00,13.52,31.15,38.48,2531,6
2026-05-17 00:32:50,3.2,12.65,12.78,13.97,2062688,114215,5.5,0,0,0.0,69,55,85,0.00,16.75,30.83,39.13,2527,6
2026-05-17 00:33:51,3.2,14.73,13.23,14.04,2062688,114201,5.5,0,0,0.0,69,55,85,0.00,14.22,30.97,38.82,2524,5
2026-05-17 00:34:51,3.2,14.17,13.28,14.00,2062688,114197,5.5,0,0,0.0,69,55,85,0.00,14.02,31.51,38.91,2536,9
2026-05-17 00:35:51,2.4,14.16,13.47,14.03,2062688,114212,5.5,0,0,0.0,69,55,85,0.00,14.59,29.02,37.43,2530,4
2026-05-17 00:36:52,3.3,11.82,12.94,13.81,2062688,114204,5.5,0,0,0.0,69,55,85,0.00,11.34,28.10,36.04,2525,11
2026-05-17 00:37:52,3.4,12.15,12.85,13.72,2062688,114233,5.5,0,0,0.0,69,55,85,0.00,16.57,30.97,38.80,2530,4
2026-05-17 00:38:53,3.5,12.56,12.83,13.66,2062688,114206,5.5,0,0,0.0,69,55,85,0.00,14.16,30.51,38.35,2531,7
2026-05-17 00:39:53,1.8,12.91,12.92,13.64,2062688,114194,5.5,0,0,0.0,69,55,85,0.00,13.93,31.07,38.69,2521,5
2026-05-17 00:40:54,3.6,14.85,13.55,13.82,2062688,114220,5.5,0,0,0.0,69,55,85,0.00,14.88,31.09,39.49,2517,5
2026-05-17 00:41:54,3.4,18.13,14.89,14.27,2062688,114226,5.5,0,0,0.0,69,55,85,0.00,14.23,30.26,37.98,2518,6
2026-05-17 00:42:55,11.7,17.20,15.05,14.35,2062688,114246,5.5,0,0,0.0,69,55,85,0.00,16.93,31.44,39.08,2527,4
2026-05-17 00:43:55,3.7,18.83,15.88,14.68,2062688,114213,5.5,0,0,0.0,69,55,85,0.00,14.08,31.27,38.83,2524,8
2026-05-17 00:44:55,3.1,15.91,15.51,14.62,2062688,114217,5.5,0,0,0.0,69,55,85,0.00,13.93,24.82,32.97,2531,8
2026-05-17 00:45:56,3.1,18.35,16.14,14.89,2062688,114230,5.5,0,0,0.0,69,55,85,0.00,22.74,31.14,39.27,2541,8
2026-05-17 00:46:56,3.2,21.26,17.50,15.44,2062688,114224,5.5,0,0,0.0,69,55,85,0.00,14.00,30.55,38.23,2548,5
2026-05-17 00:47:57,3.3,23.09,18.54,15.92,2062688,114247,5.5,0,0,0.0,69,55,85,0.00,16.74,30.29,38.46,2536,10
2026-05-17 00:48:57,3.4,21.65,18.97,16.23,2062688,114227,5.5,0,0,0.0,69,55,85,0.00,13.98,31.19,38.90,2530,6
2026-05-17 00:49:58,3.3,21.64,19.35,16.53,2062688,114218,5.5,0,0,0.0,69,55,85,0.00,14.08,30.97,38.63,2541,5
2026-05-17 00:50:58,1.9,16.10,18.24,16.32,2062688,114213,5.5,0,0,0.0,69,55,85,0.00,14.66,28.68,37.16,2544,6
2026-05-17 00:51:58,3.5,14.74,17.42,16.16,2062688,114253,5.5,0,0,0.0,69,55,85,0.00,13.82,30.83,38.60,2551,8
2026-05-17 00:52:59,3.3,14.43,16.82,16.03,2062688,114263,5.5,0,0,0.0,69,55,85,0.00,17.08,29.30,37.60,2550,5
2026-05-17 00:53:59,3.1,26.66,19.23,16.86,2062688,114247,5.5,0,0,0.0,69,55,85,0.00,13.75,30.97,38.92,2545,6
2026-05-17 00:55:00,1.4,16.65,17.72,16.50,2062688,114217,5.5,0,0,0.0,69,55,85,0.00,14.01,27.67,35.52,2542,3
2026-05-17 00:56:00,1.8,14.32,16.87,16.29,2062688,114222,5.5,0,0,0.0,69,55,85,0.00,14.48,25.08,33.57,2539,1
2026-05-17 00:57:01,3.1,13.09,16.02,16.03,2062688,114241,5.5,0,0,0.0,69,55,85,0.00,14.23,28.81,36.66,2527,10
2026-05-17 00:58:01,3.2,14.03,15.72,15.92,2062688,114249,5.5,0,0,0.0,69,55,85,0.00,18.59,29.54,37.45,2535,6
2026-05-17 00:59:02,3.2,13.11,15.15,15.71,2062688,114241,5.5,0,0,0.0,69,55,85,0.00,14.18,30.60,38.75,2548,8
2026-05-17 01:00:02,10.7,13.39,14.93,15.60,2062688,114270,5.5,0,0,0.0,69,55,85,0.00,131.91,28.97,36.87,2548,6
2026-05-17 01:01:02,4.0,13.90,14.82,15.52,2062688,114259,5.5,0,0,0.0,69,55,85,0.00,311.68,28.60,36.84,2543,9
2026-05-17 01:02:03,1.9,13.19,14.52,15.38,2062688,114227,5.5,0,0,0.0,69,55,85,0.00,43.29,30.88,38.50,2545,1
2026-05-17 01:03:03,1.5,12.93,14.13,15.18,2062688,114245,5.5,0,0,0.0,69,55,85,0.00,16.79,26.98,35.01,2545,3
2026-05-17 01:04:04,2.3,12.26,13.70,14.97,2062688,114228,5.5,0,0,0.0,69,55,85,0.00,13.93,30.23,38.50,2542,22
2026-05-17 01:05:04,11.7,12.45,13.57,14.85,2062688,114225,5.5,0,0,0.0,69,55,85,0.00,14.13,28.93,37.12,2547,10
2026-05-17 01:06:05,3.0,12.42,13.34,14.69,2062688,114228,5.5,0,0,0.0,69,55,85,0.00,15.00,31.32,39.33,2545,10
2026-05-17 01:07:05,2.1,12.09,13.07,14.50,2062688,114209,5.5,0,0,0.0,69,55,85,0.00,13.60,28.23,36.47,2545,3
2026-05-17 01:08:05,3.2,18.34,15.67,15.37,2062688,114253,5.5,0,0,0.0,69,55,85,0.00,14.06,30.35,37.85,2535,5
2026-05-17 01:09:06,3.2,14.96,15.16,15.21,2062688,114235,5.5,0,0,0.0,69,55,85,0.00,17.31,31.37,39.39,2532,5
2026-05-17 01:10:06,1.9,13.66,14.74,15.06,2062688,114235,5.5,0,0,0.0,69,55,85,0.00,14.43,29.12,36.99,2525,4
2026-05-17 01:11:07,3.3,12.28,14.13,14.83,2062688,114224,5.5,0,0,0.0,69,55,85,0.00,14.18,27.59,35.89,2528,8
2026-05-17 01:12:07,1.7,11.80,13.69,14.63,2062688,114205,5.5,0,0,0.0,69,55,85,0.00,22.33,29.96,37.88,2536,4
2026-05-17 01:13:08,3.6,11.96,13.38,14.47,2062688,114234,5.5,0,0,0.0,69,55,85,0.00,13.81,29.71,37.49,2521,5
2026-05-17 01:14:08,3.3,12.27,13.19,14.33,2062688,114227,5.5,0,0,0.0,69,55,85,0.00,16.98,29.48,37.80,2526,6
2026-05-17 01:15:09,3.5,12.13,13.00,14.19,2062688,114206,5.5,0,0,0.0,69,55,85,0.00,13.92,29.58,37.62,2525,6
2026-05-17 01:16:09,1.8,12.44,12.84,14.06,2062688,114211,5.5,0,0,0.0,69,55,85,0.00,14.36,28.63,36.71,2521,3
2026-05-17 01:17:09,2.4,12.17,12.69,13.92,2062688,114214,5.5,0,0,0.0,69,55,85,0.00,13.84,30.41,38.27,2523,5
2026-05-17 01:18:10,2.9,12.09,12.56,13.80,2062688,114237,5.5,0,0,0.0,69,55,85,0.00,13.62,29.23,36.76,2528,7
2026-05-17 01:19:10,3.4,12.26,12.49,13.70,2062688,114233,5.5,0,0,0.0,69,55,85,0.00,16.86,26.90,35.37,2525,9
2026-05-17 01:20:11,1.9,12.43,12.49,13.62,2062688,114205,5.5,0,0,0.0,69,55,85,0.00,14.21,28.86,36.68,2523,4
2026-05-17 01:21:11,3.1,12.10,12.38,13.50,2062688,114223,5.5,0,0,0.0,69,55,85,0.00,14.50,26.18,34.38,2522,7
2026-05-17 01:22:11,3.1,12.07,12.32,13.41,2062688,114238,5.5,0,0,0.0,69,55,85,0.00,13.78,30.26,38.41,2527,11
2026-05-17 01:23:12,3.6,12.17,12.29,13.33,2062688,114252,5.5,0,0,0.0,69,55,85,0.00,13.84,27.85,35.99,2527,12
2026-05-17 01:24:12,3.1,19.92,15.40,14.39,2062688,114224,5.5,0,0,0.0,69,55,85,0.00,17.02,29.92,37.99,2528,6
2026-05-17 01:25:13,3.3,15.73,14.96,14.30,2062688,114218,5.5,0,0,0.0,69,55,85,0.00,13.89,30.26,38.38,2527,6
2026-05-17 01:26:13,3.2,13.72,14.52,14.19,2062688,114225,5.5,0,0,0.0,69,55,85,0.00,14.11,30.92,38.65,2540,5
2026-05-17 01:27:14,2.2,11.72,13.79,13.96,2062688,114224,5.5,0,0,0.0,69,55,85,0.00,14.63,27.90,36.07,2555,3
2026-05-17 01:28:14,8.4,13.55,13.89,13.97,2062688,114259,5.5,0,0,0.0,69,55,85,0.00,11.62,27.07,35.21,2555,25
2026-05-17 01:29:14,9.4,12.80,13.63,13.88,2062688,114233,5.5,0,0,0.0,69,55,85,0.00,17.16,30.38,38.59,2564,7
2026-05-17 01:30:15,3.2,12.03,13.26,13.74,2062688,114238,5.5,0,0,0.0,69,55,85,0.00,14.03,28.65,36.57,2556,5
2026-05-17 01:31:15,1.7,13.09,13.38,13.75,2062688,114227,5.5,0,0,0.0,69,55,85,0.00,14.95,31.36,38.90,2542,4
2026-05-17 01:32:16,1.7,11.57,12.88,13.55,2062688,114214,5.5,0,0,0.0,69,55,85,0.00,22.05,28.35,36.67,2542,1
2026-05-17 01:33:16,1.8,10.92,12.47,13.37,2062688,114241,5.5,0,0,0.0,69,55,85,0.00,13.70,26.37,34.43,2531,3
2026-05-17 01:34:17,3.4,10.62,12.05,13.16,2062688,114240,5.5,0,0,0.0,69,55,85,0.00,16.79,24.99,33.14,2522,6
2026-05-17 01:35:17,3.3,12.15,12.20,13.14,2062688,114223,5.5,0,0,0.0,69,55,85,0.00,14.31,29.64,37.81,2526,6
2026-05-17 01:36:18,2.9,13.31,12.50,13.18,2062688,114238,5.5,0,0,0.0,69,55,85,0.00,14.56,29.69,37.83,2538,6
2026-05-17 01:37:18,3.1,12.82,12.47,13.12,2062688,114247,5.5,0,0,0.0,69,55,85,0.00,13.70,30.62,38.58,2538,6
2026-05-17 01:38:18,3.2,21.82,15.52,14.15,2062688,114260,5.5,0,0,0.0,69,55,85,0.00,13.80,30.95,38.55,2542,5
2026-05-17 01:39:19,3.7,16.17,15.05,14.07,2062688,114231,5.5,0,0,0.0,69,55,85,0.00,16.37,30.13,38.13,2554,5
2026-05-17 01:40:19,1.3,13.29,14.45,13.92,2062688,114222,5.5,0,0,0.0,69,55,85,0.00,14.60,28.56,36.86,2545,4
2026-05-17 01:41:20,1.7,13.03,14.14,13.85,2062688,114228,5.5,0,0,0.0,69,55,85,0.00,14.57,28.62,36.44,2545,4
2026-05-17 01:42:20,3.1,11.98,13.62,13.69,2062688,114241,5.5,0,0,0.0,69,55,85,0.00,14.08,27.41,35.79,2537,5
2026-05-17 01:43:20,3.0,12.62,13.50,13.64,2062688,114266,5.5,0,0,0.0,69,55,85,0.00,14.06,31.02,38.53,2538,6
2026-05-17 01:44:21,1.6,11.92,13.17,13.52,2062688,114241,5.5,0,0,0.0,69,55,85,0.00,13.91,29.36,37.41,2543,1
2026-05-17 01:45:21,1.5,11.38,12.75,13.35,2062688,114243,5.5,0,0,0.0,69,55,85,0.00,18.17,23.76,32.29,2536,5
2026-05-17 01:46:22,3.3,15.67,13.83,13.69,2062688,114263,5.5,0,0,0.0,69,55,85,0.00,14.21,29.56,37.22,2537,6
2026-05-17 01:47:22,3.3,14.59,13.89,13.72,2062688,114256,5.5,0,0,0.0,69,55,85,0.00,14.12,31.01,39.22,2533,7
2026-05-17 01:48:23,3.2,12.53,13.46,13.58,2062688,114282,5.5,0,0,0.0,69,55,85,0.00,13.95,28.40,36.19,2539,4
2026-05-17 01:49:23,3.5,12.19,13.21,13.49,2062688,114255,5.5,0,0,0.0,69,55,85,0.00,14.08,31.01,38.76,2543,5
2026-05-17 01:50:23,5.2,11.99,12.99,13.39,2062688,114240,5.5,0,0,0.0,69,55,85,0.00,17.52,30.75,38.54,2548,11
2026-05-17 01:51:24,4.0,12.32,12.92,13.35,2062688,114252,5.5,0,0,0.0,69,55,85,0.00,14.17,30.21,38.54,2540,18
2026-05-17 01:52:24,3.5,11.80,12.65,13.22,2062688,114254,5.5,0,0,0.0,69,55,85,0.00,13.99,27.54,35.90,2540,4
2026-05-17 01:53:25,3.2,11.76,12.51,13.14,2062688,114293,5.5,0,0,0.0,69,55,85,0.00,13.94,29.15,36.83,2529,8
2026-05-17 01:54:25,3.3,11.19,12.20,12.99,2062688,114248,5.5,0,0,0.0,69,55,85,0.00,13.93,25.73,33.94,2524,7
2026-05-17 01:55:26,3.2,12.68,12.40,13.01,2062688,114260,5.5,0,0,0.0,69,55,85,0.00,17.07,31.21,39.11,2529,5
2026-05-17 01:56:26,21.1,13.68,12.82,13.12,2062688,114248,5.5,0,0,0.0,69,55,85,0.00,14.61,30.51,38.49,2535,9
2026-05-17 01:57:26,2.9,12.89,12.72,13.06,2062688,114255,5.5,0,0,0.0,69,55,85,0.00,22.36,30.37,38.60,2542,8
2026-05-17 01:58:27,3.5,12.79,12.75,13.05,2062688,114288,5.5,0,0,0.0,69,55,85,0.00,13.77,31.08,38.90,2538,6
2026-05-17 01:59:27,2.0,26.85,15.89,14.06,2062688,114246,5.5,0,0,0.0,69,55,85,0.00,13.71,30.28,38.03,2539,5
2026-05-17 02:00:28,1.9,16.30,14.89,13.84,2062688,114266,5.5,0,0,0.0,69,55,85,0.00,17.29,29.02,37.22,2529,2
2026-05-17 02:01:28,3.2,12.97,14.15,13.64,2062688,114284,5.5,0,0,0.0,69,55,85,0.00,13.91,29.98,37.61,2527,7
2026-05-17 02:02:28,3.4,11.73,13.57,13.48,2062688,114271,5.5,0,0,0.0,69,55,85,0.00,38.19,27.13,35.77,2548,11
2026-05-17 02:03:29,3.6,19.97,16.18,14.41,2062688,114255,5.5,0,0,0.0,69,55,85,0.00,13.68,28.53,36.61,2547,16
2026-05-17 02:04:29,11.4,17.10,15.98,14.45,2062688,114248,5.5,0,0,0.0,69,55,85,0.00,11.35,30.81,38.70,2549,8
2026-05-17 02:05:30,3.0,14.05,15.33,14.32,2062688,114253,5.5,0,0,0.0,69,55,85,0.00,25.65,31.01,39.26,2554,7
2026-05-17 02:06:30,3.3,13.24,14.84,14.22,2062688,114255,5.5,0,0,0.0,69,55,85,0.00,13.92,30.67,38.46,2557,6
2026-05-17 02:07:31,2.2,14.47,14.93,14.28,2062688,114242,5.5,0,0,0.0,69,55,85,0.00,14.25,29.87,37.90,2542,3
2026-05-17 02:08:31,3.3,13.91,14.64,14.22,2062688,114266,5.5,0,0,0.0,69,55,85,0.00,13.70,31.05,38.72,2535,6
2026-05-17 02:09:31,1.8,12.98,14.26,14.11,2062688,114228,5.5,0,0,0.0,69,55,85,0.00,14.16,30.19,38.09,2536,3
2026-05-17 02:10:32,3.0,12.52,13.88,13.99,2062688,114250,5.5,0,0,0.0,69,55,85,0.00,16.84,28.51,36.66,2530,11
2026-05-17 02:11:32,8.4,11.75,13.45,13.84,2062688,114240,5.5,0,0,0.0,69,55,85,0.00,14.19,27.83,36.08,2526,10
2026-05-17 02:12:33,3.4,12.65,13.32,13.76,2062688,114263,5.5,0,0,0.0,69,55,85,0.00,14.94,28.36,36.97,2529,5
2026-05-17 02:13:33,1.5,13.09,13.44,13.78,2062688,114284,5.5,0,0,0.0,69,55,85,0.00,14.31,30.87,38.29,2528,2
2026-05-17 02:14:34,3.8,12.13,13.02,13.61,2062688,114246,5.5,0,0,0.0,69,55,85,0.00,13.69,29.28,37.28,2531,5
2026-05-17 02:15:34,1.4,11.81,12.79,13.49,2062688,114235,5.5,0,0,0.0,69,55,85,0.00,16.91,29.21,36.89,2540,6
2026-05-17 02:16:34,2.4,12.46,12.77,13.44,2062688,114250,5.5,0,0,0.0,69,55,85,0.00,14.63,30.80,38.70,2540,8
2026-05-17 02:17:35,1.8,11.54,12.48,13.30,2062688,114253,5.5,0,0,0.0,69,55,85,0.00,14.02,27.98,36.34,2542,3
2026-05-17 02:18:35,3.1,15.57,13.30,13.52,2062688,114242,5.5,0,0,0.0,69,55,85,0.00,13.63,30.95,38.47,2547,6
2026-05-17 02:19:36,3.9,14.76,13.47,13.56,2062688,114264,5.5,0,0,0.0,69,55,85,0.00,13.66,31.06,38.64,2548,4
2026-05-17 02:20:36,3.1,13.78,13.50,13.57,2062688,114274,5.5,0,0,0.0,69,55,85,0.00,14.43,31.37,38.79,2540,7
2026-05-17 02:21:37,3.1,12.34,13.11,13.43,2062688,114253,5.5,0,0,0.0,69,55,85,0.00,16.98,31.46,39.27,2535,8
2026-05-17 02:22:37,3.4,11.78,12.83,13.31,2062688,114266,5.5,0,0,0.0,69,55,85,0.00,14.16,31.27,39.37,2532,6
2026-05-17 02:23:37,3.1,11.95,12.69,13.23,2062688,114253,5.5,0,0,0.0,69,55,85,0.00,14.02,30.58,38.13,2529,4
2026-05-17 02:24:38,3.3,14.47,13.21,13.38,2062688,114254,5.5,0,0,0.0,69,55,85,0.00,13.61,29.32,37.11,2545,5
2026-05-17 02:25:38,3.4,18.15,14.36,13.75,2062688,114266,5.5,0,0,0.0,69,55,85,0.00,13.92,29.80,37.46,2540,5
2026-05-17 02:26:39,3.1,19.19,15.40,14.15,2062688,114259,5.5,0,0,0.0,69,55,85,0.00,16.94,31.25,39.39,2534,25
2026-05-17 02:27:39,2.1,17.77,15.85,14.40,2062688,114252,5.5,0,0,0.0,69,55,85,0.00,21.98,30.16,38.24,2532,6
2026-05-17 02:28:40,3.1,16.97,15.86,14.49,2062688,114238,5.5,0,0,0.0,69,55,85,0.00,13.76,25.57,33.62,2528,6
2026-05-17 02:29:40,2.0,13.79,15.29,14.39,2062688,114225,5.5,0,0,0.0,69,55,85,0.00,13.17,27.40,35.40,2526,4
2026-05-17 02:30:40,1.7,16.48,15.94,14.67,2062688,114255,5.5,0,0,0.0,69,55,85,0.00,14.61,29.17,36.91,2525,4
2026-05-17 02:31:41,2.1,16.83,16.11,14.81,2062688,114251,5.5,0,0,0.0,69,55,85,0.00,17.30,28.00,36.52,2532,2
2026-05-17 02:32:41,6.4,17.49,16.48,15.02,2062688,114275,5.5,0,0,0.0,69,55,85,0.00,14.26,28.23,36.45,2529,4
2026-05-17 02:33:42,2.2,19.36,17.13,15.33,2062688,114269,5.5,0,0,0.0,69,55,85,0.00,13.88,31.33,38.78,2528,3
2026-05-17 02:34:42,4.5,18.47,17.26,15.48,2062688,114288,5.5,0,0,0.0,69,55,85,0.00,12.07,31.67,39.18,2541,8
2026-05-17 02:35:43,1.7,14.34,16.29,15.26,2062688,114259,5.5,0,0,0.0,69,55,85,0.00,14.47,25.23,33.24,2534,6
2026-05-17 02:36:43,10.0,12.93,15.53,15.06,2062688,114247,5.5,0,0,0.0,69,55,85,0.00,16.99,27.56,35.90,2531,2
2026-05-17 02:37:43,2.2,15.55,15.74,15.16,2062688,114286,5.5,0,0,0.0,69,55,85,0.00,14.48,30.31,38.89,2539,4
2026-05-17 02:38:44,6.6,13.17,15.03,14.95,2062688,114265,5.5,0,0,0.0,69,55,85,0.00,13.77,31.37,38.75,2530,8
2026-05-17 02:39:44,11.8,13.60,14.80,14.87,2062688,114268,5.5,0,0,0.0,69,55,85,0.00,13.94,29.45,37.34,2525,6
2026-05-17 02:40:45,3.5,12.66,14.38,14.73,2062688,114267,5.5,0,0,0.0,69,55,85,0.00,14.52,28.67,36.67,2525,8
2026-05-17 02:41:45,3.1,13.50,14.37,14.70,2062688,114280,5.5,0,0,0.0,69,55,85,0.00,16.70,31.05,38.80,2537,15
2026-05-17 02:42:46,3.5,12.63,13.97,14.55,2062688,114294,5.5,0,0,0.0,69,55,85,0.00,14.19,29.96,38.33,2543,9
2026-05-17 02:43:46,3.4,22.22,16.32,15.30,2062688,114289,5.5,0,0,0.0,69,55,85,0.00,14.24,31.27,38.91,2535,6
2026-05-17 02:44:47,3.3,15.15,15.36,15.03,2062688,114289,5.5,0,0,0.0,69,55,85,0.00,23.89,28.86,36.59,2542,5
2026-05-17 02:45:47,2.2,13.02,14.70,14.82,2062688,114267,5.5,0,0,0.0,69,55,85,0.00,15.66,29.27,37.17,2540,3
2026-05-17 02:46:47,3.1,13.29,14.55,14.77,2062688,114285,5.5,0,0,0.0,69,55,85,0.00,16.86,30.59,38.47,2528,8
2026-05-17 02:47:48,2.1,12.28,14.06,14.59,2062688,114298,5.5,0,0,0.0,69,55,85,0.00,14.07,31.17,39.57,2539,7
2026-05-17 02:48:48,2.9,12.27,13.68,14.42,2062688,114281,5.5,0,0,0.0,69,55,85,0.00,13.71,29.32,37.23,2543,7
2026-05-17 02:49:49,3.9,12.47,13.48,14.30,2062688,114273,5.5,0,0,0.0,69,55,85,0.00,13.89,27.22,35.57,2536,4
2026-05-17 02:50:49,2.9,12.56,13.34,14.20,2062688,114277,5.5,0,0,0.0,69,55,85,0.00,14.38,29.72,37.60,2545,8
2026-05-17 02:51:50,3.5,13.05,13.27,14.12,2062688,114284,5.5,0,0,0.0,69,55,85,0.00,16.33,31.03,38.62,2544,9
2026-05-17 02:52:50,3.1,12.98,13.17,14.03,2062688,114300,5.5,0,0,0.0,69,55,85,0.00,14.39,31.32,39.47,2541,5
2026-05-17 02:53:50,3.0,13.23,13.26,14.00,2062688,114277,5.5,0,0,0.0,69,55,85,0.00,14.03,31.18,38.81,2537,4
2026-05-17 02:54:51,4.0,13.10,13.20,13.93,2062688,114283,5.5,0,0,0.0,69,55,85,0.00,14.11,31.26,38.80,2548,8
2026-05-17 02:55:51,2.0,12.55,13.01,13.82,2062688,114273,5.5,0,0,0.0,69,55,85,0.00,14.43,28.37,36.40,2531,3
2026-05-17 02:56:52,3.3,13.27,13.11,13.80,2062688,114283,5.5,0,0,0.0,69,55,85,0.00,16.55,29.69,37.41,2529,7
2026-05-17 02:57:52,3.5,11.91,12.76,13.64,2062688,114299,5.5,0,0,0.0,69,55,85,0.00,14.30,27.76,36.59,2524,6
2026-05-17 02:58:53,2.0,12.01,12.66,13.55,2062688,114279,5.5,0,0,0.0,69,55,85,0.00,14.37,27.83,36.04,2524,5
2026-05-17 02:59:53,11.5,12.12,12.59,13.47,2062688,114293,5.5,0,0,0.0,69,55,85,0.00,13.75,29.06,37.12,2528,2
2026-05-17 03:00:53,3.1,11.98,12.45,13.36,2062688,114314,5.5,0,0,0.0,69,55,85,0.00,136.50,27.79,35.82,2525,5
2026-05-17 03:01:54,2.7,13.22,12.61,13.35,2062688,114265,5.5,0,0,0.0,69,55,85,0.00,43.81,29.97,37.99,2532,20
2026-05-17 03:02:54,3.1,12.25,12.43,13.24,2062688,114308,5.5,0,0,0.0,69,55,85,0.00,17.20,31.25,39.19,2528,5
2026-05-17 03:03:55,3.3,11.64,12.28,13.14,2062688,114250,5.5,0,0,0.0,69,55,85,0.00,13.48,26.78,35.11,2526,6
2026-05-17 03:04:55,3.3,12.24,12.33,13.11,2062688,114261,5.5,0,0,0.0,69,55,85,0.00,13.91,30.16,38.07,2512,8
2026-05-17 03:05:56,1.9,11.73,12.17,13.00,2062688,114249,5.5,0,0,0.0,69,55,85,0.00,14.40,27.12,35.01,2524,4
2026-05-17 03:06:56,1.9,12.37,12.22,12.96,2062688,114276,5.5,0,0,0.0,69,55,85,0.00,51.78,26.93,35.21,2520,3
2026-05-17 03:07:56,3.4,11.55,12.00,12.83,2062688,114277,5.5,0,0,0.0,69,55,85,0.00,17.11,24.25,32.79,2528,18
2026-05-17 03:08:57,2.0,20.64,14.74,13.73,2062688,114267,5.5,0,0,0.0,69,55,85,0.00,14.56,29.39,37.58,2529,3
2026-05-17 03:09:57,3.0,15.48,14.34,13.66,2062688,114264,5.5,0,0,0.0,69,55,85,0.00,14.08,31.10,38.71,2532,6
2026-05-17 03:10:58,3.5,13.23,13.88,13.53,2062688,114286,5.5,0,0,0.0,69,55,85,0.00,14.49,24.74,32.86,2529,7
2026-05-17 03:11:58,3.4,12.67,13.63,13.47,2062688,114270,5.5,0,0,0.0,69,55,85,0.00,21.71,30.52,38.55,2528,4
2026-05-17 03:12:59,3.2,12.50,13.48,13.43,2062688,114280,5.5,0,0,0.0,69,55,85,0.00,17.08,30.31,38.92,2530,7
2026-05-17 03:13:59,5.5,15.85,14.40,13.76,2062688,114264,5.5,0,0,0.0,69,55,85,0.00,14.29,31.20,39.20,2517,20
2026-05-17 03:14:59,12.0,13.41,13.99,13.66,2062688,114268,5.5,0,0,0.0,69,55,85,0.00,14.22,30.48,38.17,2517,7
2026-05-17 03:16:00,3.2,12.41,13.57,13.53,2062688,114232,5.5,0,0,0.0,69,55,85,0.00,14.38,29.68,37.29,2524,7
2026-05-17 03:17:00,3.1,12.84,13.46,13.50,2062688,114264,5.5,0,0,0.0,69,55,85,0.00,14.30,31.26,38.82,2530,7
2026-05-17 03:18:01,2.9,12.74,13.29,13.43,2062688,114280,5.5,0,0,0.0,69,55,85,0.00,17.02,29.93,38.21,2529,5
2026-05-17 03:19:01,4.5,11.84,13.06,13.35,2062688,114242,5.5,0,0,0.0,69,55,85,0.00,13.92,25.81,34.39,2528,6
2026-05-17 03:20:02,3.1,13.10,13.21,13.38,2062688,114263,5.5,0,0,0.0,69,55,85,0.00,13.70,31.22,38.67,2545,6
2026-05-17 03:21:02,1.9,11.61,12.77,13.22,2062688,114246,5.5,0,0,0.0,69,55,85,0.00,12.29,30.44,38.23,2514,4
2026-05-17 03:22:02,3.9,28.66,16.10,14.27,2062688,114260,5.5,0,0,0.0,69,55,85,0.00,13.66,28.33,36.27,2515,7
2026-05-17 03:23:03,3.2,17.64,15.24,14.08,2062688,114273,5.5,0,0,0.0,69,55,85,0.00,16.70,29.87,38.17,2525,5
2026-05-17 03:24:03,2.8,15.26,14.91,14.04,2062688,114256,5.5,0,0,0.0,69,55,85,0.00,14.24,31.47,39.44,2531,5
2026-05-17 03:25:04,3.4,13.42,14.39,13.91,2062688,114251,5.5,0,0,0.0,69,55,85,0.00,14.16,29.75,37.92,2534,10
2026-05-17 03:26:04,3.3,12.78,14.03,13.81,2062688,114243,5.5,0,0,0.0,69,55,85,0.00,14.16,30.48,38.69,2544,5
2026-05-17 03:27:05,2.0,13.19,13.94,13.80,2062688,114232,5.5,0,0,0.0,69,55,85,0.00,14.16,27.76,35.59,2541,5
2026-05-17 03:28:05,3.3,12.05,13.44,13.63,2062688,114286,5.5,0,0,0.0,69,55,85,0.00,17.18,26.34,34.77,2539,5
2026-05-17 03:29:05,3.4,11.88,13.18,13.53,2062688,114259,5.5,0,0,0.0,69,55,85,0.00,14.17,28.92,37.09,2534,4
2026-05-17 03:30:06,3.4,13.68,13.37,13.57,2062688,114283,5.5,0,0,0.0,69,55,85,0.00,14.11,31.21,38.66,2526,6
2026-05-17 03:31:06,2.8,12.98,13.23,13.51,2062688,114235,5.5,0,0,0.0,69,55,85,0.00,14.34,30.73,38.52,2517,7
2026-05-17 03:32:07,3.5,13.66,13.40,13.55,2062688,114231,5.5,0,0,0.0,69,55,85,0.00,21.93,30.98,38.58,2530,7
2026-05-17 03:33:07,3.3,13.84,13.45,13.56,2062688,114223,5.5,0,0,0.0,69,55,85,0.00,17.01,29.55,37.44,2534,9
2026-05-17 03:34:08,2.0,22.57,16.08,14.45,2062688,114180,5.5,0,0,0.0,69,55,85,0.00,14.17,30.43,38.64,2527,3
2026-05-17 03:35:08,3.5,16.04,15.39,14.32,2062688,114201,5.5,0,0,0.0,69,55,85,0.00,14.21,27.86,36.22,2530,7
2026-05-17 03:36:08,3.0,14.94,15.29,14.36,2062688,114197,5.5,0,0,0.0,69,55,85,0.00,14.42,31.13,38.72,2531,28
2026-05-17 03:37:09,1.5,12.72,14.61,14.18,2062688,114164,5.5,0,0,0.0,69,55,85,0.00,13.71,30.09,37.89,2521,23
2026-05-17 03:38:09,3.4,13.66,14.62,14.22,2062688,114220,5.5,0,0,0.0,69,55,85,0.00,16.92,29.39,37.37,2531,5
2026-05-17 03:39:10,8.8,26.30,17.26,15.10,2062688,114185,5.5,0,0,0.0,69,55,85,0.00,14.48,30.33,38.50,2521,5
2026-05-17 03:40:10,1.9,19.78,17.12,15.19,2062688,114193,5.5,0,0,0.0,69,55,85,0.00,14.49,28.52,36.56,2517,4
2026-05-17 03:41:11,3.1,14.25,16.00,14.92,2062688,114201,5.5,0,0,0.0,69,55,85,0.00,14.12,27.74,35.67,2527,6
2026-05-17 03:42:11,4.1,14.09,15.64,14.87,2062688,114210,5.5,0,0,0.0,69,55,85,0.00,14.03,29.11,37.08,2532,7
2026-05-17 03:43:11,3.3,18.74,17.22,15.49,2062688,114223,5.5,0,0,0.0,69,55,85,0.00,16.81,28.21,35.97,2527,5
2026-05-17 03:44:12,2.1,14.44,16.30,15.28,2062688,114186,5.5,0,0,0.0,69,55,85,0.00,13.82,30.24,38.38,2528,6
2026-05-17 03:45:12,2.0,12.70,15.46,15.05,2062688,114223,5.5,0,0,0.0,69,55,85,0.00,14.40,30.88,38.90,2532,2
2026-05-17 03:46:13,3.3,12.49,14.85,14.87,2062688,114225,5.5,0,0,0.0,69,55,85,0.00,14.39,31.42,38.93,2538,5
2026-05-17 03:47:13,3.0,15.39,15.05,14.92,2062688,114233,5.5,0,0,0.0,69,55,85,0.00,14.01,27.27,35.19,2531,7
2026-05-17 03:48:14,2.1,13.11,14.49,14.74,2062688,114258,5.5,0,0,0.0,69,55,85,0.00,17.14,26.48,34.96,2539,3
2026-05-17 03:49:14,1.9,12.71,14.16,14.61,2062688,114221,5.5,0,0,0.0,69,55,85,0.00,14.67,31.31,39.06,2545,18
2026-05-17 03:50:14,11.8,12.10,13.72,14.43,2062688,114225,5.5,0,0,0.0,69,55,85,0.00,14.35,27.56,36.03,2543,4
2026-05-17 03:51:15,3.1,12.68,13.59,14.34,2062688,114215,5.5,0,0,0.0,69,55,85,0.00,11.66,30.80,38.57,2537,6
2026-05-17 03:52:15,3.8,12.49,13.38,14.22,2062688,114220,5.5,0,0,0.0,69,55,85,0.00,13.91,28.92,36.69,2541,7
2026-05-17 03:53:16,3.3,12.77,13.25,14.12,2062688,114239,5.5,0,0,0.0,69,55,85,0.00,16.87,30.48,38.37,2545,6
2026-05-17 03:54:16,3.5,12.19,12.97,13.96,2062688,114241,5.5,0,0,0.0,69,55,85,0.00,14.20,29.41,37.74,2552,6
2026-05-17 03:55:17,3.0,12.27,12.85,13.86,2062688,114224,5.5,0,0,0.0,69,55,85,0.00,14.48,30.37,38.37,2562,4
2026-05-17 03:56:17,3.4,12.86,12.82,13.78,2062688,114213,5.5,0,0,0.0,69,55,85,0.00,14.14,30.32,37.86,2551,4
2026-05-17 03:57:17,2.0,12.29,12.66,13.66,2062688,114240,5.5,0,0,0.0,69,55,85,0.00,24.01,31.05,38.55,2542,3
2026-05-17 03:58:18,3.4,11.74,12.44,13.52,2062688,114279,5.5,0,0,0.0,69,55,85,0.00,11.68,30.91,38.59,2549,6
2026-05-17 03:59:18,2.0,11.79,12.35,13.43,2062688,114219,5.5,0,0,0.0,69,55,85,0.00,17.17,26.67,34.94,2543,3
2026-05-17 04:00:19,1.6,10.96,12.04,13.25,2062688,114222,5.5,0,0,0.0,69,55,85,0.00,14.30,25.21,33.99,2535,2
2026-05-17 04:01:19,11.9,12.17,12.21,13.23,2062688,114236,5.5,0,0,0.0,69,55,85,0.00,14.39,30.58,38.36,2551,12
2026-05-17 04:02:20,1.3,12.46,12.27,13.19,2062688,114232,5.5,0,0,0.0,69,55,85,0.00,37.79,27.98,36.01,2557,4
2026-05-17 04:03:20,3.7,14.24,12.75,13.29,2062688,114260,5.5,0,0,0.0,69,55,85,0.00,13.56,30.79,38.37,2547,15
2026-05-17 04:04:21,2.0,12.61,12.59,13.20,2062688,114220,5.5,0,0,0.0,69,55,85,0.00,17.09,31.13,38.94,2529,4
2026-05-17 04:05:21,2.7,12.20,12.44,13.11,2062688,114212,5.5,0,0,0.0,69,55,85,0.00,14.03,29.15,37.58,2527,6
2026-05-17 04:06:21,3.5,11.58,12.19,12.98,2062688,114223,5.5,0,0,0.0,69,55,85,0.00,22.22,26.06,34.23,2520,4
2026-05-17 04:07:22,3.4,14.00,12.80,13.14,2062688,114224,5.5,0,0,0.0,69,55,85,0.00,13.81,30.91,38.56,2514,7
2026-05-17 04:08:22,3.1,13.69,12.88,13.14,2062688,114261,5.5,0,0,0.0,69,55,85,0.00,13.57,31.31,38.71,2509,18
2026-05-17 04:09:23,3.9,12.68,12.70,13.06,2062688,114249,5.5,0,0,0.0,69,55,85,0.00,16.83,31.60,39.35,2522,9
2026-05-17 04:10:23,2.3,15.84,13.44,13.28,2062688,114242,5.5,0,0,0.0,69,55,85,0.00,14.38,29.02,37.49,2532,6
2026-05-17 04:11:24,3.4,16.92,14.00,13.47,2062688,114237,5.5,0,0,0.0,69,55,85,0.00,13.84,25.68,34.01,2543,10
2026-05-17 04:12:24,2.1,16.66,14.40,13.64,2062688,114220,5.5,0,0,0.0,69,55,85,0.00,13.68,28.59,36.48,2534,3
2026-05-17 04:13:24,11.8,15.40,14.42,13.69,2062688,114246,5.5,0,0,0.0,69,55,85,0.00,13.81,24.35,32.51,2548,6
2026-05-17 04:14:25,3.2,18.82,15.56,14.13,2062688,114236,5.5,0,0,0.0,69,55,85,0.00,16.93,29.73,38.10,2543,7
2026-05-17 04:15:25,1.5,14.69,14.97,14.02,2062688,114210,5.5,0,0,0.0,69,55,85,0.00,14.41,28.63,36.83,2539,5
2026-05-17 04:16:26,2.4,19.22,16.16,14.48,2062688,114227,5.5,0,0,0.0,69,55,85,0.00,14.37,28.25,36.12,2535,4
2026-05-17 04:17:26,3.3,17.79,16.37,14.66,2062688,114233,5.5,0,0,0.0,69,55,85,0.00,13.73,29.81,37.44,2521,10
2026-05-17 04:18:27,3.0,19.30,16.84,14.92,2062688,114266,5.5,0,0,0.0,69,55,85,0.00,13.91,29.77,37.78,2524,4
2026-05-17 04:19:27,1.4,17.01,16.80,15.03,2062688,114222,5.5,0,0,0.0,69,55,85,0.00,17.30,30.25,38.00,2530,2
2026-05-17 04:20:27,3.1,17.36,16.78,15.13,2062688,114242,5.5,0,0,0.0,69,55,85,0.00,14.83,29.35,37.76,2521,5
2026-05-17 04:21:28,3.5,14.79,16.14,15.01,2062688,114238,5.5,0,0,0.0,69,55,85,0.00,13.83,28.63,36.45,2524,5
2026-05-17 04:22:28,3.2,15.28,16.13,15.08,2062688,114238,5.5,0,0,0.0,69,55,85,0.00,13.94,30.85,38.35,2528,8
2026-05-17 04:23:29,1.6,13.28,15.43,14.91,2062688,114241,5.5,0,0,0.0,69,55,85,0.00,13.69,29.94,37.73,2534,4
2026-05-17 04:24:29,3.3,12.82,14.92,14.76,2062688,114248,5.5,0,0,0.0,69,55,85,0.00,16.88,28.65,36.93,2531,22
2026-05-17 04:25:29,3.2,12.61,14.45,14.61,2062688,114260,5.5,0,0,0.0,69,55,85,0.00,13.90,30.70,39.19,2538,4
2026-05-17 04:26:30,2.1,12.63,14.06,14.46,2062688,114232,5.5,0,0,0.0,69,55,85,0.00,11.66,27.14,35.06,2538,6
2026-05-17 04:27:30,1.9,12.00,13.67,14.30,2062688,114247,5.5,0,0,0.0,69,55,85,0.00,13.55,30.15,37.75,2542,5
2026-05-17 04:28:31,3.7,12.26,13.42,14.17,2062688,114277,5.5,0,0,0.0,69,55,85,0.00,13.64,29.67,37.29,2530,7
2026-05-17 04:29:31,1.7,12.74,13.37,14.11,2062688,114233,5.5,0,0,0.0,69,55,85,0.00,24.66,30.90,38.63,2528,2
2026-05-17 04:30:32,3.4,14.79,13.82,14.21,2062688,114255,5.5,0,0,0.0,69,55,85,0.00,14.64,30.40,39.14,2524,6
2026-05-17 04:31:32,3.7,13.17,13.54,14.09,2062688,114253,5.5,0,0,0.0,69,55,85,0.00,14.33,31.25,38.92,2532,8
2026-05-17 04:32:32,3.6,12.79,13.38,14.00,2062688,114264,5.5,0,0,0.0,69,55,85,0.00,14.02,30.88,38.41,2518,6
2026-05-17 04:33:33,2.3,12.17,13.13,13.88,2062688,114264,5.5,0,0,0.0,69,55,85,0.00,14.31,28.89,36.81,2522,3
2026-05-17 04:34:33,3.2,16.62,14.86,14.47,2062688,114281,5.5,0,0,0.0,69,55,85,0.00,16.71,27.87,35.91,2530,7
2026-05-17 04:35:34,3.5,12.89,14.11,14.23,2062688,114245,5.5,0,0,0.0,69,55,85,0.00,14.84,26.88,35.94,2537,9
2026-05-17 04:36:34,3.2,12.05,13.66,14.07,2062688,114260,5.5,0,0,0.0,69,55,85,0.00,14.68,29.65,37.24,2531,8
2026-05-17 04:37:35,6.9,25.83,16.54,14.99,2062688,114265,5.5,0,0,0.0,69,55,85,0.00,14.04,31.06,38.56,2549,11
2026-05-17 04:38:35,6.8,16.55,15.60,14.76,2062688,114271,5.5,0,0,0.0,69,55,85,0.00,13.72,27.20,35.28,2540,5
2026-05-17 04:39:35,1.9,13.79,14.97,14.60,2062688,114251,5.5,0,0,0.0,69,55,85,0.00,16.66,31.23,38.78,2540,2
2026-05-17 04:40:36,3.1,12.63,14.36,14.41,2062688,114258,5.5,0,0,0.0,69,55,85,0.00,15.09,28.23,37.03,2535,8
2026-05-17 04:41:36,2.1,12.95,14.14,14.33,2062688,114256,5.5,0,0,0.0,69,55,85,0.00,13.72,27.61,35.58,2519,6
2026-05-17 04:42:37,3.6,18.43,15.69,14.86,2062688,114265,5.5,0,0,0.0,69,55,85,0.00,13.65,29.61,37.48,2528,3
2026-05-17 04:43:37,3.2,15.38,15.26,14.76,2062688,114297,5.5,0,0,0.0,69,55,85,0.00,13.88,29.01,36.92,2540,10
2026-05-17 04:44:38,3.5,14.05,14.95,14.68,2062688,114268,5.5,0,0,0.0,69,55,85,0.00,13.76,28.47,36.49,2542,7
2026-05-17 04:45:38,3.4,12.91,14.45,14.53,2062688,114286,5.5,0,0,0.0,69,55,85,0.00,25.49,31.77,39.76,2538,24
2026-05-17 04:46:39,3.2,13.22,14.29,14.47,2062688,114298,5.5,0,0,0.0,69,55,85,0.00,14.02,30.89,39.00,2540,7
2026-05-17 04:47:39,2.0,12.25,13.87,14.31,2062688,114300,5.5,0,0,0.0,69,55,85,0.00,13.91,26.67,34.80,2527,7
2026-05-17 04:48:39,12.0,11.47,13.32,14.09,2062688,114266,5.5,0,0,0.0,69,55,85,0.00,13.83,28.21,36.17,2515,16
2026-05-17 04:49:40,3.5,13.08,13.43,14.08,2062688,114252,5.5,0,0,0.0,69,55,85,0.00,13.48,31.07,38.67,2512,6
2026-05-17 04:50:40,1.4,11.84,13.05,13.91,2062688,114246,5.5,0,0,0.0,69,55,85,0.00,17.63,30.26,38.44,2515,4
2026-05-17 04:51:41,1.7,16.42,14.20,14.26,2062688,114245,5.5,0,0,0.0,69,56,85,0.00,13.95,28.66,36.77,2522,2
2026-05-17 04:52:41,3.1,12.87,13.55,14.02,2062688,114284,5.5,0,0,0.0,69,56,85,0.00,13.91,25.09,33.34,2526,5
2026-05-17 04:53:42,3.3,13.36,13.47,13.96,2062688,114266,5.5,0,0,0.0,69,56,85,0.00,13.83,29.52,37.57,2541,4
2026-05-17 04:54:42,3.0,12.64,13.23,13.84,2062688,114251,5.5,0,0,0.0,69,56,85,0.00,13.39,30.51,38.44,2539,6
2026-05-17 04:55:42,2.2,11.58,12.82,13.66,2062688,114218,5.5,0,0,0.0,69,56,85,0.00,17.75,29.96,37.91,2530,6
2026-05-17 04:56:43,3.4,11.59,12.56,13.52,2062688,114248,5.5,0,0,0.0,69,56,85,0.00,14.09,28.49,37.04,2530,4
2026-05-17 04:57:43,2.1,12.00,12.49,13.43,2062688,114303,5.5,0,0,0.0,69,56,85,0.00,13.70,31.32,38.97,2537,8
2026-05-17 04:58:44,2.6,11.00,12.12,13.24,2062688,114247,5.5,0,0,0.0,69,56,85,0.00,14.17,31.44,39.11,2526,5
2026-05-17 04:59:44,3.2,11.99,12.19,13.20,2062688,114266,5.5,0,0,0.0,69,56,85,0.00,13.74,28.24,36.26,2541,4
2026-05-17 05:00:45,3.3,16.92,13.92,13.75,2062688,114265,5.5,0,0,0.0,69,55,85,0.00,139.18,28.69,37.04,2547,3
2026-05-17 05:01:45,2.9,14.19,13.75,13.70,2062688,114277,5.5,0,0,0.0,69,55,85,0.00,43.06,28.61,37.07,2544,4
2026-05-17 05:02:45,3.1,12.91,13.55,13.64,2062688,114295,5.5,0,0,0.0,69,55,85,0.00,14.15,28.12,36.20,2539,6
2026-05-17 05:03:46,3.6,12.43,13.30,13.55,2062688,114264,5.5,0,0,0.0,69,55,85,0.00,14.02,30.52,38.29,2535,12
2026-05-17 05:04:46,2.0,13.54,13.44,13.58,2062688,114275,5.5,0,0,0.0,69,55,85,0.00,13.84,27.83,35.71,2519,3
2026-05-17 05:05:47,1.7,11.86,13.02,13.43,2062688,114253,5.5,0,0,0.0,69,55,85,0.00,17.59,29.13,37.10,2507,2
2026-05-17 05:06:47,2.6,13.27,13.18,13.45,2062688,114254,5.5,0,0,0.0,69,55,85,0.00,14.02,29.73,37.97,2510,2
2026-05-17 05:07:48,3.7,12.63,12.99,13.37,2062688,114286,5.5,0,0,0.0,69,55,85,0.00,14.02,28.39,36.36,2514,7
2026-05-17 05:08:48,1.9,12.36,12.92,13.32,2062688,114250,5.5,0,0,0.0,69,55,85,0.00,14.11,30.21,38.08,2524,1
2026-05-17 05:09:48,3.1,12.62,12.88,13.28,2062688,114257,5.5,0,0,0.0,69,55,85,0.00,14.12,28.76,36.70,2522,7
2026-05-17 05:10:49,3.1,13.94,13.18,13.35,2062688,114277,5.5,0,0,0.0,69,55,85,0.00,17.65,30.52,38.68,2530,7
2026-05-17 05:11:49,14.0,36.52,18.56,15.12,2062688,114264,5.5,0,0,0.0,69,55,85,0.00,22.39,31.10,39.28,2529,19
2026-05-17 05:12:50,3.0,21.51,17.51,14.97,2062688,114293,5.5,0,0,0.0,69,55,85,0.00,11.37,30.72,38.37,2532,8
2026-05-17 05:13:50,2.8,15.99,16.63,14.83,2062688,114267,5.5,0,0,0.0,69,55,85,0.00,13.61,31.07,38.70,2536,8
2026-05-17 05:14:51,2.9,14.21,16.04,14.74,2062688,114267,5.5,0,0,0.0,69,55,85,0.00,13.92,30.88,38.37,2531,8
2026-05-17 05:15:51,2.0,13.14,15.40,14.60,2062688,114279,5.5,0,0,0.0,69,55,85,0.00,17.58,31.16,38.79,2534,14
2026-05-17 05:16:51,2.0,18.05,17.13,15.29,2062688,114266,5.5,0,0,0.0,69,55,85,0.00,14.12,29.19,37.78,2533,4
2026-05-17 05:17:52,2.1,15.16,16.39,15.14,2062688,114291,5.5,0,0,0.0,69,55,85,0.00,13.98,28.61,36.53,2539,7
2026-05-17 05:18:52,3.4,13.45,15.61,14.96,2062688,114283,5.5,0,0,0.0,69,55,85,0.00,14.01,30.93,38.65,2531,6
2026-05-17 05:19:53,1.9,19.23,17.51,15.69,2062688,114278,5.5,0,0,0.0,69,55,85,0.00,13.60,29.84,38.00,2537,6
2026-05-17 05:20:53,1.7,14.71,16.48,15.44,2062688,114290,5.5,0,0,0.0,69,55,85,0.00,17.19,28.54,36.33,2543,3
2026-05-17 05:21:54,7.5,13.65,15.87,15.30,2062688,114287,5.5,0,0,0.0,69,55,85,0.00,14.52,31.29,39.92,2537,8
2026-05-17 05:22:54,3.1,12.49,15.13,15.08,2062688,114311,5.5,0,0,0.0,69,55,85,0.00,13.75,30.91,38.51,2538,5
2026-05-17 05:23:54,1.9,11.89,14.47,14.85,2062688,114275,5.5,0,0,0.0,69,55,85,0.00,14.09,27.93,36.00,2526,4
2026-05-17 05:24:55,1.9,13.36,14.44,14.82,2062688,114286,5.5,0,0,0.0,69,55,85,0.00,13.49,29.56,37.64,2529,3
2026-05-17 05:25:55,2.0,26.51,17.10,15.65,2062688,114295,5.5,0,0,0.0,69,55,85,0.00,14.70,29.95,37.96,2534,4
2026-05-17 05:26:56,6.9,27.42,18.89,16.34,2062688,114299,5.5,0,0,0.0,69,55,85,0.00,17.12,30.60,39.04,2530,4
2026-05-17 05:27:56,3.1,17.52,17.56,16.04,2062688,114308,5.5,0,0,0.0,69,55,85,0.00,13.61,28.17,36.01,2531,5
2026-05-17 05:28:57,3.1,14.61,16.73,15.85,2062688,114296,5.5,0,0,0.0,69,55,85,0.00,14.09,30.89,38.57,2532,5
2026-05-17 05:29:57,2.2,13.05,15.90,15.62,2062688,114296,5.5,0,0,0.0,69,55,85,0.00,13.93,31.08,38.64,2529,7
2026-05-17 05:30:57,1.9,23.98,17.64,16.19,2062688,114308,5.5,0,0,0.0,69,55,85,0.00,14.48,29.88,37.81,2529,6
2026-05-17 05:31:58,1.7,16.74,16.70,15.96,2062688,114289,5.5,0,0,0.0,69,55,85,0.00,25.10,29.52,38.25,2535,2
2026-05-17 05:32:58,2.1,15.39,16.33,15.87,2062688,114315,5.5,0,0,0.0,69,55,85,0.00,14.33,28.86,36.77,2542,2
2026-05-17 05:33:59,2.9,14.32,15.79,15.71,2062688,114313,5.5,0,0,0.0,69,55,85,0.00,13.89,31.23,38.95,2536,4
2026-05-17 05:34:59,2.0,12.54,15.02,15.45,2062688,114293,5.5,0,0,0.0,69,55,85,0.00,13.62,28.33,36.12,2540,4
2026-05-17 05:36:00,3.4,12.00,14.35,15.19,2062688,114293,5.5,0,0,0.0,69,55,85,0.00,14.33,28.82,36.68,2530,5
2026-05-17 05:37:00,3.6,11.77,13.83,14.96,2062688,114306,5.5,0,0,0.0,69,55,85,0.00,17.37,31.60,39.72,2527,5
2026-05-17 05:38:00,3.6,13.32,13.95,14.93,2062688,114316,5.5,0,0,0.0,69,55,85,0.00,13.83,29.81,37.75,2527,6
2026-05-17 05:39:01,3.4,12.34,13.54,14.73,2062688,114320,5.5,0,0,0.0,69,55,85,0.00,13.92,29.98,37.71,2540,5
2026-05-17 05:40:01,3.4,25.82,16.76,15.73,2062688,114316,5.5,0,0,0.0,69,55,85,0.00,14.06,30.95,38.46,2538,5
2026-05-17 05:41:02,3.3,16.96,15.87,15.48,2062688,114308,5.5,0,0,0.0,69,55,85,0.00,14.70,26.59,34.70,2540,8
2026-05-17 05:42:02,3.3,13.35,15.06,15.23,2062688,114302,5.5,0,0,0.0,69,55,85,0.00,17.34,28.71,37.27,2540,10
2026-05-17 05:43:03,3.6,12.59,14.52,15.03,2062688,114352,5.5,0,0,0.0,69,55,85,0.00,13.70,30.86,38.44,2547,10
2026-05-17 05:44:03,7.0,12.81,14.23,14.90,2062688,114314,5.5,0,0,0.0,69,55,85,0.00,11.58,31.27,38.94,2526,8
2026-05-17 05:45:04,1.9,12.43,13.96,14.77,2062688,114313,5.5,0,0,0.0,69,55,85,0.00,14.06,29.29,37.36,2524,5
2026-05-17 05:46:04,2.1,12.38,13.65,14.61,2062688,114344,5.5,0,0,0.0,69,55,85,0.00,14.19,28.63,36.35,2536,24
2026-05-17 05:47:04,12.2,11.86,13.31,14.43,2062688,114335,5.5,0,0,0.0,69,55,85,0.00,17.10,29.66,37.91,2528,6
2026-05-17 05:48:05,3.5,15.34,14.04,14.61,2062688,114363,5.5,0,0,0.0,69,55,85,0.00,13.87,28.67,36.75,2524,10
2026-05-17 05:49:05,3.7,12.98,13.59,14.41,2062688,114342,5.5,0,0,0.0,69,55,85,0.00,14.04,29.78,37.34,2531,8
2026-05-17 05:50:06,3.6,17.38,14.53,14.67,2062688,114325,5.5,0,0,0.0,69,55,85,0.00,14.05,28.02,36.16,2540,6
2026-05-17 05:51:06,3.2,13.94,14.05,14.49,2062688,114332,5.5,0,0,0.0,69,55,85,0.00,14.77,31.08,38.67,2535,5
2026-05-17 05:52:07,23.5,12.61,13.68,14.34,2062688,114323,5.5,0,0,0.0,69,55,85,0.00,17.13,31.58,39.73,2539,7
2026-05-17 05:53:07,3.3,11.94,13.27,14.16,2062688,114353,5.5,0,0,0.0,69,55,85,0.00,13.98,30.96,38.62,2538,9
2026-05-17 05:54:07,2.9,12.70,13.22,14.08,2062688,114337,5.5,0,0,0.0,69,55,85,0.00,13.66,31.35,38.70,2528,6
2026-05-17 05:55:08,2.2,11.84,12.89,13.91,2062688,114300,5.5,0,0,0.0,69,55,85,0.00,13.77,28.07,35.88,2541,1
2026-05-17 05:56:08,3.2,13.85,13.37,14.02,2062688,114327,5.5,0,0,0.0,69,55,85,0.00,22.36,29.63,37.41,2529,8
2026-05-17 05:57:09,3.9,18.53,14.81,14.47,2062688,114328,5.5,0,0,0.0,69,55,85,0.00,17.20,31.15,39.86,2529,24
2026-05-17 05:58:09,2.1,19.23,15.86,14.86,2062688,114334,5.5,0,0,0.0,69,55,85,0.00,13.39,29.93,37.79,2536,2
2026-05-17 05:59:10,11.3,20.21,16.66,15.20,2062688,114315,5.5,0,0,0.0,69,55,85,0.00,13.43,26.46,34.57,2536,6
2026-05-17 06:00:10,1.5,15.78,16.16,15.12,2062688,114293,5.5,0,0,0.0,69,55,85,0.00,14.24,27.38,35.45,2522,6
2026-05-17 06:01:10,1.5,16.15,16.40,15.28,2062688,114279,5.5,0,0,0.0,69,55,85,0.00,14.14,29.33,37.14,2541,6
2026-05-17 06:02:11,2.2,17.47,16.66,15.44,2062688,114327,5.5,0,0,0.0,69,55,85,0.00,41.12,25.95,34.73,2534,4
2026-05-17 06:03:11,1.6,15.91,16.48,15.46,2062688,114295,5.5,0,0,0.0,69,55,85,0.00,13.94,26.50,34.75,2524,4
2026-05-17 06:04:12,2.0,15.26,16.34,15.48,2062688,114301,5.5,0,0,0.0,69,55,85,0.00,13.67,29.23,36.74,2523,1
2026-05-17 06:05:12,4.6,16.82,16.52,15.59,2062688,114305,5.5,0,0,0.0,69,55,85,0.00,21.83,27.06,35.21,2534,4
2026-05-17 06:06:13,3.5,15.76,16.18,15.53,2062688,114300,5.5,0,0,0.0,69,55,85,0.00,14.34,30.58,38.36,2527,7
2026-05-17 06:07:13,3.7,14.06,15.67,15.40,2062688,114314,5.5,0,0,0.0,69,55,85,0.00,16.88,31.54,39.22,2525,6
2026-05-17 06:08:13,3.4,14.33,15.45,15.34,2062688,114335,5.5,0,0,0.0,69,55,85,0.00,14.15,29.77,38.26,2536,7
2026-05-17 06:09:14,7.3,13.67,15.06,15.21,2062688,114295,5.5,0,0,0.0,69,55,85,0.00,13.74,27.23,35.33,2543,6
2026-05-17 06:10:14,3.4,15.60,15.22,15.25,2062688,114305,5.5,0,0,0.0,69,55,85,0.00,14.11,30.78,38.37,2533,6
2026-05-17 06:11:15,1.8,13.23,14.59,15.02,2062688,114314,5.5,0,0,0.0,69,55,85,0.00,14.25,31.15,38.74,2539,2
2026-05-17 06:12:15,2.9,13.22,14.42,14.94,2062688,114322,5.5,0,0,0.0,69,55,85,0.00,16.85,30.10,37.82,2542,3
2026-05-17 06:13:16,1.9,21.97,16.55,15.63,2062688,114323,5.5,0,0,0.0,69,55,85,0.00,13.82,28.54,37.27,2534,5
2026-05-17 06:14:16,3.6,16.38,15.86,15.44,2062688,114299,5.5,0,0,0.0,69,55,85,0.00,13.93,27.73,35.81,2527,14
2026-05-17 06:15:16,3.3,14.71,15.54,15.36,2062688,114309,5.5,0,0,0.0,69,55,85,0.00,14.14,29.25,37.21,2535,4
2026-05-17 06:16:17,3.1,13.14,14.93,15.16,2062688,114315,5.5,0,0,0.0,69,55,85,0.00,14.19,29.78,37.64,2539,6
2026-05-17 06:17:17,2.1,12.71,14.52,15.00,2062688,114306,5.5,0,0,0.0,69,55,85,0.00,13.86,31.13,38.71,2539,9
2026-05-17 06:18:18,3.8,12.21,14.03,14.80,2062688,114345,5.5,0,0,0.0,69,55,85,0.00,17.30,30.13,38.78,2531,6
2026-05-17 06:19:18,3.4,12.72,13.82,14.68,2062688,114327,5.5,0,0,0.0,69,55,85,0.00,13.79,30.70,38.37,2536,7
2026-05-17 06:20:19,2.1,11.92,13.38,14.47,2062688,114325,5.5,0,0,0.0,69,55,85,0.00,13.56,30.74,38.53,2524,4
2026-05-17 06:21:19,3.2,12.49,13.25,14.36,2062688,114344,5.5,0,0,0.0,69,55,85,0.00,14.32,30.27,38.03,2535,8
2026-05-17 06:22:20,3.6,12.12,13.03,14.21,2062688,114347,5.5,0,0,0.0,69,55,85,0.00,13.70,30.95,38.48,2525,6
2026-05-17 06:23:20,1.9,17.08,14.11,14.49,2062688,114327,5.5,0,0,0.0,69,55,85,0.00,17.16,31.00,39.57,2527,4
2026-05-17 06:24:20,1.8,13.12,13.55,14.27,2062688,114293,5.5,0,0,0.0,69,55,85,0.00,11.32,27.32,35.35,2530,3
2026-05-17 06:25:21,7.5,13.07,13.47,14.20,2062688,114324,5.5,0,0,0.0,69,55,85,0.00,14.20,30.62,38.32,2533,5
2026-05-17 06:26:21,3.1,13.40,13.40,14.12,2062688,114334,5.5,0,0,0.0,69,56,85,0.00,14.23,30.96,38.61,2517,6
2026-05-17 06:27:22,3.2,15.04,13.84,14.22,2062688,114331,5.5,0,0,0.0,69,56,85,0.00,21.88,31.05,38.53,2529,4
2026-05-17 06:28:22,3.3,14.03,13.75,14.17,2062688,114385,5.5,0,0,0.0,69,56,85,0.00,17.14,31.04,39.52,2529,8
2026-05-17 06:29:23,3.1,13.27,13.59,14.08,2062688,114340,5.5,0,0,0.0,69,56,85,0.00,13.75,30.42,38.14,2532,8
2026-05-17 06:30:23,3.7,12.86,13.40,13.98,2062688,114362,5.5,0,0,0.0,69,56,85,0.00,14.27,30.70,38.41,2544,4
2026-05-17 06:31:23,3.8,14.51,13.63,14.02,2062688,114353,5.5,0,0,0.0,69,56,85,0.00,13.89,30.77,38.41,2552,10
2026-05-17 06:32:24,4.6,13.29,13.37,13.90,2062688,114344,5.5,0,0,0.0,69,56,85,0.00,13.77,30.40,38.32,2542,6
2026-05-17 06:33:24,3.5,12.97,13.23,13.82,2062688,114359,5.5,0,0,0.0,69,56,85,0.00,17.09,31.55,39.76,2543,6
2026-05-17 06:34:25,8.9,27.86,16.49,14.84,2062688,114347,5.5,0,0,0.0,69,56,85,0.00,13.44,31.50,39.05,2539,18
2026-05-17 06:35:25,2.4,17.76,15.61,14.64,2062688,114337,5.5,0,0,0.0,69,56,85,0.00,13.75,26.48,34.51,2536,9
2026-05-17 06:36:26,3.5,14.25,15.01,14.50,2062688,114329,5.5,0,0,0.0,69,56,85,0.00,14.21,30.44,38.03,2537,6
2026-05-17 06:37:26,1.5,13.48,14.65,14.40,2062688,114299,5.5,0,0,0.0,69,56,85,0.00,13.79,27.57,35.65,2548,5
2026-05-17 06:38:26,3.3,12.62,14.18,14.25,2062688,114358,5.5,0,0,0.0,69,56,85,0.00,16.84,30.08,38.27,2545,6
2026-05-17 06:39:27,3.1,13.02,14.02,14.19,2062688,114325,5.5,0,0,0.0,69,56,85,0.00,13.67,30.27,38.48,2550,4
2026-05-17 06:40:27,3.0,13.12,13.85,14.12,2062688,114351,5.5,0,0,0.0,69,56,85,0.00,14.60,31.16,38.54,2549,11
2026-05-17 06:41:28,1.8,11.89,13.36,13.94,2062688,114329,5.5,0,0,0.0,69,56,85,0.00,13.99,25.90,33.86,2550,4
2026-05-17 06:42:28,3.3,11.46,12.96,13.76,2062688,114350,5.5,0,0,0.0,69,56,85,0.00,13.67,28.35,36.49,2535,5
2026-05-17 06:43:29,1.8,11.11,12.61,13.59,2062688,114353,5.5,0,0,0.0,69,56,85,0.00,17.11,28.69,37.01,2540,6
2026-05-17 06:44:29,3.3,12.56,12.65,13.53,2062688,114356,5.5,0,0,0.0,69,56,85,0.00,14.07,27.16,35.67,2539,5
2026-05-17 06:45:29,9.3,11.72,12.39,13.39,2062688,114346,5.5,0,0,0.0,69,56,85,0.00,21.87,30.52,38.31,2533,18
2026-05-17 06:46:30,2.9,11.89,12.31,13.29,2062688,114372,5.5,0,0,0.0,69,56,85,0.00,13.85,29.80,37.60,2546,7
2026-05-17 06:47:30,1.8,12.52,12.50,13.30,2062688,114365,5.5,0,0,0.0,69,56,85,0.00,13.65,29.92,37.52,2551,2
2026-05-17 06:48:31,3.2,13.06,12.55,13.26,2062688,114374,5.5,0,0,0.0,69,56,85,0.00,16.99,28.33,36.31,2534,7
2026-05-17 06:49:31,3.2,12.58,12.50,13.20,2062688,114353,5.5,0,0,0.0,69,56,85,0.00,14.10,26.65,35.18,2545,5
2026-05-17 06:50:32,3.5,13.57,12.96,13.32,2062688,114352,5.5,0,0,0.0,69,56,85,0.00,13.69,31.05,38.58,2540,6
2026-05-17 06:51:32,3.9,12.48,12.77,13.23,2062688,114362,5.5,0,0,0.0,69,56,85,0.00,14.21,31.13,38.67,2535,10
2026-05-17 06:52:32,3.4,12.32,12.69,13.17,2062688,114365,5.5,0,0,0.0,69,56,85,0.00,13.77,31.07,38.66,2533,7
2026-05-17 06:53:33,3.1,11.50,12.40,13.04,2062688,114377,5.5,0,0,0.0,69,56,85,0.00,16.55,27.84,35.70,2549,8
2026-05-17 06:54:33,1.9,11.27,12.17,12.92,2062688,114367,5.5,0,0,0.0,69,56,85,0.00,13.05,31.14,39.53,2554,4
2026-05-17 06:55:34,4.1,11.23,11.98,12.81,2062688,114354,5.5,0,0,0.0,69,56,85,0.00,14.12,31.48,38.98,2552,5
2026-05-17 06:56:34,3.2,12.99,12.35,12.88,2062688,114371,5.5,0,0,0.0,69,56,85,0.00,14.16,31.18,38.59,2543,6
2026-05-17 06:57:35,2.3,12.30,12.27,12.82,2062688,114364,5.5,0,0,0.0,69,56,85,0.00,13.55,31.46,38.75,2547,4
2026-05-17 06:58:35,3.0,28.62,15.95,14.00,2062688,114404,5.5,0,0,0.0,69,56,85,0.00,15.00,31.47,38.89,2545,8
2026-05-17 06:59:35,2.9,18.80,15.44,13.95,2062688,114375,5.5,0,0,0.0,69,56,85,0.00,17.46,31.50,39.72,2547,7
2026-05-17 07:00:36,3.3,15.08,14.98,13.88,2062688,114413,5.5,0,0,0.0,69,55,85,0.00,1258.88,31.48,38.99,2537,5
2026-05-17 07:01:36,2.1,14.76,14.82,13.89,2062688,114385,5.5,0,0,0.0,69,55,85,0.00,19.16,31.40,38.71,2545,2
2026-05-17 07:02:37,3.6,19.30,16.22,14.43,2062688,114360,5.5,0,0,0.0,69,55,85,0.00,38.09,31.21,38.50,2546,5
2026-05-17 07:03:37,3.1,14.85,15.52,14.31,2062688,114402,5.5,0,0,0.0,69,55,85,0.00,13.89,31.31,38.79,2537,4
2026-05-17 07:04:38,3.4,13.66,15.02,14.21,2062688,114380,5.5,0,0,0.0,69,55,85,0.00,17.29,31.20,39.41,2532,3
2026-05-17 07:05:38,2.5,12.15,14.37,14.04,2062688,114366,5.5,0,0,0.0,69,55,85,0.00,11.89,31.58,38.96,2526,2
2026-05-17 07:06:38,2.9,12.40,14.02,13.93,2062688,114387,5.5,0,0,0.0,69,55,85,0.00,14.08,31.04,38.91,2527,7
2026-05-17 07:07:39,1.7,12.03,13.67,13.82,2062688,114348,5.5,0,0,0.0,69,55,85,0.00,13.92,28.97,37.10,2525,3
2026-05-17 07:08:39,3.2,12.49,13.49,13.75,2062688,114403,5.5,0,0,0.0,69,55,85,0.00,14.03,30.58,38.15,2530,6
2026-05-17 07:09:40,3.2,12.16,13.21,13.64,2062688,114367,5.5,0,0,0.0,69,55,85,0.00,17.71,29.46,38.01,2550,7
2026-05-17 07:10:40,2.4,13.68,13.50,13.71,2062688,114371,5.5,0,0,0.0,69,55,85,0.00,14.64,31.15,38.86,2550,2
2026-05-17 07:11:41,3.4,40.58,19.83,15.79,2062688,114363,5.5,0,0,0.0,69,55,85,0.00,14.17,29.13,36.83,2540,8
2026-05-17 07:12:41,2.0,22.81,18.49,15.58,2062688,114366,5.5,0,0,0.0,69,55,85,0.00,21.91,30.86,38.75,2540,3
2026-05-17 07:13:41,3.0,17.37,17.63,15.46,2062688,114366,5.5,0,0,0.0,69,55,85,0.00,13.81,27.85,35.64,2528,6
2026-05-17 07:14:42,2.2,14.82,16.89,15.34,2062688,114360,5.5,0,0,0.0,69,55,85,0.00,17.53,29.17,37.84,2526,5
2026-05-17 07:15:42,3.6,12.86,15.96,15.11,2062688,114354,5.5,0,0,0.0,69,55,85,0.00,14.25,28.26,36.28,2528,6
2026-05-17 07:16:43,3.6,16.77,16.87,15.50,2062688,114346,5.5,0,0,0.0,69,55,85,0.00,13.87,30.05,37.92,2530,8
2026-05-17 07:17:43,2.2,13.57,15.95,15.28,2062688,114359,5.5,0,0,0.0,69,55,85,0.00,14.03,30.40,38.13,2531,3
2026-05-17 07:18:44,5.7,12.34,15.18,15.05,2062688,114365,5.5,0,0,0.0,69,55,85,0.00,14.13,28.16,36.42,2542,3
2026-05-17 07:19:44,1.6,11.41,14.44,14.81,2062688,114357,5.5,0,0,0.0,69,55,85,0.00,17.32,28.89,37.77,2539,22
2026-05-17 07:20:44,3.3,11.63,13.94,14.61,2062688,114360,5.5,0,0,0.0,69,55,85,0.00,14.39,29.00,37.13,2532,6
2026-05-17 07:21:45,5.3,18.49,15.35,15.04,2062688,114343,5.5,0,0,0.0,69,55,85,0.00,14.00,28.02,36.01,2528,4
2026-05-17 07:22:45,1.7,14.07,14.68,14.83,2062688,114373,5.5,0,0,0.0,69,55,85,0.00,13.82,26.66,34.65,2541,2
2026-05-17 07:23:46,3.4,20.91,17.25,15.75,2062688,114375,5.5,0,0,0.0,69,55,85,0.00,13.79,29.57,37.21,2541,6
2026-05-17 07:24:46,3.2,30.87,20.48,16.93,2062688,114371,5.5,0,0,0.0,69,55,85,0.00,17.52,29.23,37.70,2543,6
2026-05-17 07:25:46,1.6,20.32,19.28,16.74,2062688,114344,5.5,0,0,0.0,69,55,85,0.00,14.44,29.47,37.49,2554,3
2026-05-17 07:26:47,1.9,14.41,17.77,16.37,2062688,114355,5.5,0,0,0.0,69,55,85,0.00,14.04,28.76,36.85,2557,3
2026-05-17 07:27:47,3.0,13.63,16.98,16.19,2062688,114381,5.5,0,0,0.0,69,55,85,0.00,13.80,30.75,38.21,2555,5
2026-05-17 07:28:48,4.0,13.37,16.34,16.02,2062688,114372,5.5,0,0,0.0,69,55,85,0.00,13.95,31.02,38.75,2554,11
2026-05-17 07:29:48,3.2,13.05,15.68,15.81,2062688,114375,5.5,0,0,0.0,69,55,85,0.00,17.33,30.23,38.54,2551,4
2026-05-17 07:30:49,3.1,13.32,15.32,15.68,2062688,114367,5.5,0,0,0.0,69,55,85,0.00,14.94,31.00,39.26,2541,8
2026-05-17 07:31:49,3.2,12.45,14.70,15.44,2062688,114370,5.5,0,0,0.0,69,55,85,0.00,21.55,31.29,38.93,2541,23
2026-05-17 07:32:49,3.3,12.13,14.18,15.22,2062688,114392,5.5,0,0,0.0,69,55,85,0.00,14.24,31.04,38.64,2540,5
2026-05-17 07:33:50,2.9,12.01,13.78,15.01,2062688,114365,5.5,0,0,0.0,69,55,85,0.00,14.28,30.30,37.96,2545,8
2026-05-17 07:34:50,2.9,12.26,13.50,14.84,2062688,114380,5.5,0,0,0.0,69,55,85,0.00,16.73,31.06,38.82,2559,4
2026-05-17 07:35:51,3.2,12.30,13.29,14.68,2062688,114372,5.5,0,0,0.0,69,55,85,0.00,12.68,30.85,39.22,2548,6
2026-05-17 07:36:51,3.0,12.54,13.18,14.56,2062688,114372,5.5,0,0,0.0,69,55,85,0.00,13.94,29.21,37.13,2542,5
2026-05-17 07:37:52,3.3,12.55,13.04,14.42,2062688,114376,5.5,0,0,0.0,69,55,85,0.00,13.78,28.35,36.22,2538,6
2026-05-17 07:38:52,1.9,11.57,12.77,14.24,2062688,114348,5.5,0,0,0.0,69,55,85,0.00,13.94,28.34,36.13,2533,2
2026-05-17 07:39:52,3.5,12.68,12.87,14.18,2062688,114371,5.5,0,0,0.0,69,55,85,0.00,16.64,29.54,37.67,2522,7
2026-05-17 07:40:53,3.8,12.91,12.97,14.14,2062688,114370,5.5,0,0,0.0,69,55,85,0.00,16.84,30.89,39.43,2523,5
2026-05-17 07:41:53,3.1,25.14,15.70,14.96,2062688,114384,5.5,0,0,0.0,69,55,85,0.00,13.84,30.87,38.35,2536,12
2026-05-17 07:42:54,4.4,19.88,16.14,15.18,2062688,114403,5.5,0,0,0.0,69,55,85,0.00,14.03,30.38,38.25,2544,5
2026-05-17 07:43:54,3.2,19.52,16.74,15.44,2062688,114387,5.5,0,0,0.0,69,55,85,0.00,13.96,30.61,38.18,2538,6
2026-05-17 07:44:55,11.6,20.78,17.50,15.78,2062688,114398,5.5,0,0,0.0,69,55,85,0.00,14.83,30.45,38.13,2534,7
2026-05-17 07:45:55,3.2,29.41,21.40,17.28,2062688,114428,5.5,0,0,0.0,69,55,85,0.00,16.57,30.66,38.79,2532,3
2026-05-17 07:46:55,2.9,25.48,21.84,17.69,2062688,114406,5.5,0,0,0.0,69,55,85,0.00,14.13,30.50,38.15,2527,8
2026-05-17 07:47:56,3.0,18.96,20.69,17.56,2062688,114429,5.5,0,0,0.0,69,55,85,0.00,13.77,30.74,38.30,2532,7
2026-05-17 07:48:56,3.1,17.84,19.95,17.50,2062688,114400,5.5,0,0,0.0,69,55,85,0.00,13.79,30.48,38.11,2538,4
2026-05-17 07:49:57,3.1,19.36,19.92,17.64,2062688,114401,5.5,0,0,0.0,69,55,85,0.00,14.39,30.06,38.09,2547,11
2026-05-17 07:50:57,3.1,17.90,19.52,17.65,2062688,114407,5.5,0,0,0.0,69,55,85,0.00,17.76,30.74,38.97,2543,4
2026-05-17 07:51:58,3.1,18.99,19.42,17.73,2062688,114387,5.5,0,0,0.0,69,55,85,0.00,14.11,30.33,37.94,2538,8
2026-05-17 07:52:58,3.9,22.78,21.37,18.57,2062688,114418,5.5,0,0,0.0,69,55,85,0.00,13.96,30.34,38.20,2532,4
2026-05-17 07:53:58,1.8,16.28,19.82,18.21,2062688,114357,5.5,0,0,0.0,69,55,85,0.00,13.82,29.41,37.42,2512,4
2026-05-17 07:54:59,3.3,15.48,18.77,17.94,2062688,114386,5.5,0,0,0.0,69,55,85,0.00,22.19,28.14,36.04,2516,6
2026-05-17 07:55:59,11.5,14.85,18.01,17.73,2062688,114367,5.5,0,0,0.0,69,55,85,0.00,17.78,31.04,39.45,2517,20
2026-05-17 07:57:00,3.1,13.39,16.93,17.37,2062688,114383,5.5,0,0,0.0,69,55,85,0.00,13.92,27.88,36.12,2513,5
2026-05-17 07:58:00,3.3,14.61,16.67,17.25,2062688,114408,5.5,0,0,0.0,69,55,85,0.00,13.04,30.95,38.64,2528,4
2026-05-17 07:59:01,3.3,13.55,16.03,17.00,2062688,114378,5.5,0,0,0.0,69,55,85,0.00,14.35,31.12,38.52,2525,6
2026-05-17 08:00:01,1.8,12.71,15.36,16.70,2062688,114382,5.5,0,0,0.0,69,55,85,0.00,14.21,30.41,38.12,2530,1
2026-05-17 08:01:01,3.3,12.60,14.84,16.44,2062688,114392,5.5,0,0,0.0,69,55,85,0.00,33.61,30.91,39.22,2542,7
2026-05-17 08:02:02,3.1,13.15,14.59,16.25,2062688,114388,5.5,0,0,0.0,69,55,85,0.00,22.04,31.02,38.85,2536,9
2026-05-17 08:03:02,3.9,13.55,14.47,16.11,2062688,114401,5.5,0,0,0.0,69,55,85,0.00,13.79,30.80,38.46,2530,9
2026-05-17 08:04:03,3.3,12.61,14.04,15.85,2062688,114386,5.5,0,0,0.0,69,55,85,0.00,13.81,31.06,38.78,2541,8
2026-05-17 08:05:03,3.1,12.68,13.75,15.64,2062688,114383,5.5,0,0,0.0,69,55,85,0.00,13.76,30.69,38.27,2537,6
2026-05-17 08:06:04,3.8,11.67,13.25,15.34,2062688,114375,5.5,0,0,0.0,69,55,85,0.00,25.52,27.65,36.55,2522,6
2026-05-17 08:07:04,3.5,12.86,13.26,15.21,2062688,114379,5.5,0,0,0.0,69,55,85,0.00,14.15,30.56,38.47,2536,7
2026-05-17 08:08:04,1.8,11.69,12.87,14.96,2062688,114382,5.5,0,0,0.0,69,55,85,0.00,13.72,26.71,34.72,2538,2
2026-05-17 08:09:05,2.8,13.07,12.95,14.84,2062688,114372,5.5,0,0,0.0,69,55,85,0.00,13.69,28.56,36.42,2531,7
2026-05-17 08:10:05,3.3,12.28,12.74,14.65,2062688,114392,5.5,0,0,0.0,69,55,85,0.00,14.25,31.37,38.97,2539,8
2026-05-17 08:11:06,2.0,12.76,12.76,14.52,2062688,114375,5.5,0,0,0.0,69,55,85,0.00,17.68,30.83,39.13,2549,3
2026-05-17 08:12:06,3.0,13.22,12.82,14.43,2062688,114394,5.5,0,0,0.0,69,55,85,0.00,13.68,28.68,36.97,2538,5
2026-05-17 08:13:07,2.9,13.08,12.84,14.33,2062688,114402,5.5,0,0,0.0,69,55,85,0.00,13.62,30.82,38.43,2545,4
2026-05-17 08:14:07,1.7,12.61,12.82,14.23,2062688,114389,5.5,0,0,0.0,69,55,85,0.00,13.51,31.44,38.96,2547,4
2026-05-17 08:15:07,3.4,12.40,12.69,14.10,2062688,114398,5.5,0,0,0.0,69,55,85,0.00,14.04,31.31,38.65,2546,8
2026-05-17 08:16:08,3.6,11.34,12.30,13.87,2062688,114379,5.5,0,0,0.0,69,55,85,0.00,17.09,27.53,36.23,2537,8
2026-05-17 08:17:08,3.3,11.27,12.08,13.69,2062688,114380,5.5,0,0,0.0,69,55,85,0.00,11.44,25.91,34.21,2542,4
2026-05-17 08:18:09,3.1,12.25,12.17,13.62,2062688,114412,5.5,0,0,0.0,69,55,85,0.00,13.68,30.78,38.60,2545,4
2026-05-17 08:19:09,1.5,12.50,12.25,13.55,2062688,114381,5.5,0,0,0.0,69,55,85,0.00,13.74,30.83,38.63,2540,1
2026-05-17 08:20:10,1.6,11.32,11.98,13.38,2062688,114362,5.5,0,0,0.0,69,55,85,0.00,13.98,24.56,32.73,2543,4
2026-05-17 08:21:10,3.4,12.19,12.12,13.34,2062688,114400,5.5,0,0,0.0,69,55,85,0.00,17.51,30.62,39.03,2545,5
2026-05-17 08:22:11,2.0,12.36,12.22,13.30,2062688,114379,5.5,0,0,0.0,69,56,85,0.00,13.90,31.11,38.88,2546,4
2026-05-17 08:23:11,2.1,12.42,12.25,13.24,2062688,114422,5.5,0,0,0.0,69,56,85,0.00,14.02,31.13,38.79,2544,2
2026-05-17 08:24:11,3.0,12.93,12.40,13.23,2062688,114389,5.5,0,0,0.0,69,56,85,0.00,13.54,29.44,37.16,2540,6
2026-05-17 08:25:12,2.2,12.00,12.22,13.11,2062688,114384,5.5,0,0,0.0,69,56,85,0.00,13.80,29.39,37.04,2538,6
2026-05-17 08:26:12,3.2,11.92,12.16,13.03,2062688,114378,5.5,0,0,0.0,69,56,85,0.00,17.20,29.28,37.57,2541,5
2026-05-17 08:27:13,24.8,11.49,12.01,12.93,2062688,114376,5.5,0,0,0.0,69,56,85,0.00,13.84,30.04,38.02,2536,5
2026-05-17 08:28:13,3.4,11.44,11.85,12.81,2062688,114417,5.5,0,0,0.0,69,56,85,0.00,13.82,27.79,36.00,2527,5
2026-05-17 08:29:14,3.4,12.05,11.96,12.79,2062688,114391,5.5,0,0,0.0,69,56,85,0.00,21.87,30.65,38.58,2525,7
2026-05-17 08:30:14,1.9,12.40,12.08,12.78,2062688,114368,5.5,0,0,0.0,69,56,85,0.00,14.12,30.43,38.14,2527,22
2026-05-17 08:31:14,3.3,12.40,12.13,12.75,2062688,114397,5.5,0,0,0.0,69,56,85,0.00,17.21,31.46,39.26,2528,5
2026-05-17 08:32:15,1.5,12.31,12.20,12.74,2062688,114365,5.5,0,0,0.0,69,56,85,0.00,13.85,28.44,36.80,2526,4
2026-05-17 08:33:15,2.2,12.52,12.25,12.72,2062688,114394,5.5,0,0,0.0,69,56,85,0.00,13.63,28.96,36.57,2536,7
2026-05-17 08:34:16,1.7,11.90,12.11,12.64,2062688,114366,5.5,0,0,0.0,69,56,85,0.00,13.92,27.62,35.64,2541,6
2026-05-17 08:35:16,2.3,12.09,12.12,12.61,2062688,114364,5.5,0,0,0.0,69,56,85,0.00,13.66,30.56,38.20,2540,3
2026-05-17 08:36:16,3.3,14.48,12.78,12.80,2062688,114396,5.5,0,0,0.0,69,56,85,0.00,17.34,30.78,38.70,2544,8
2026-05-17 08:37:17,3.5,22.53,15.65,13.80,2062688,114403,5.5,0,0,0.0,69,56,85,0.00,14.56,30.52,38.88,2540,4
2026-05-17 08:38:17,3.1,15.31,14.84,13.64,2062688,114410,5.5,0,0,0.0,69,56,85,0.00,13.70,28.61,36.31,2536,3
2026-05-17 08:39:18,4.0,26.93,17.59,14.62,2062688,114391,5.5,0,0,0.0,69,56,85,0.00,13.64,31.20,38.84,2532,8
2026-05-17 08:40:18,3.3,18.01,16.77,14.52,2062688,114398,5.5,0,0,0.0,69,56,85,0.00,13.98,29.29,37.26,2531,7
2026-05-17 08:41:19,3.0,15.44,16.24,14.48,2062688,114431,5.5,0,0,0.0,69,56,85,0.00,14.66,31.03,38.91,2535,8
2026-05-17 08:42:19,1.8,13.71,15.57,14.36,2062688,114389,5.5,0,0,0.0,69,56,85,0.00,16.71,30.66,38.92,2518,1
2026-05-17 08:43:19,3.4,12.25,14.79,14.16,2062688,114405,5.5,0,0,0.0,69,56,85,0.00,13.70,26.41,34.51,2523,6
2026-05-17 08:44:20,2.8,13.60,14.78,14.20,2062688,114386,5.5,0,0,0.0,69,56,85,0.00,14.02,29.66,37.77,2528,6
2026-05-17 08:45:20,3.3,13.09,14.48,14.14,2062688,114386,5.5,0,0,0.0,69,56,85,0.00,13.89,28.06,35.94,2527,6
2026-05-17 08:46:21,3.4,12.05,13.93,13.97,2062688,114400,5.5,0,0,0.0,69,56,85,0.00,22.38,29.96,37.89,2527,7
2026-05-17 08:47:21,3.2,11.38,13.40,13.78,2062688,114384,5.5,0,0,0.0,69,56,85,0.00,14.76,26.62,35.28,2539,6
2026-05-17 08:48:22,1.9,11.23,13.02,13.63,2062688,114381,5.5,0,0,0.0,69,56,85,0.00,13.75,29.64,37.22,2540,4
2026-05-17 08:49:22,3.7,13.09,13.28,13.68,2062688,114411,5.5,0,0,0.0,69,56,85,0.00,13.94,29.88,37.84,2549,5
2026-05-17 08:50:23,1.5,11.73,12.91,13.53,2062688,114388,5.5,0,0,0.0,69,56,85,0.00,13.79,27.36,35.24,2545,1
2026-05-17 08:51:23,2.0,12.37,12.94,13.50,2062688,114387,5.5,0,0,0.0,69,56,85,0.00,14.51,30.96,38.67,2548,6
2026-05-17 08:52:23,2.7,12.15,12.73,13.39,2062688,114410,5.5,0,0,0.0,69,56,85,0.00,17.13,28.73,37.30,2536,8
2026-05-17 08:53:24,24.2,12.97,12.87,13.40,2062688,114424,5.5,0,0,0.0,69,56,85,0.00,13.56,30.13,38.08,2540,8
2026-05-17 08:54:24,4.1,12.66,12.78,13.33,2062688,114414,5.5,0,0,0.0,69,56,85,0.00,14.50,29.61,37.52,2529,4
2026-05-17 08:55:25,3.2,12.91,12.82,13.31,2062688,114393,5.5,0,0,0.0,69,56,85,0.00,14.05,29.91,37.67,2528,6
2026-05-17 08:56:25,1.8,12.12,12.64,13.22,2062688,114379,5.5,0,0,0.0,69,56,85,0.00,14.36,28.03,36.14,2534,5
2026-05-17 08:57:26,3.4,13.61,12.98,13.30,2062688,114414,5.5,0,0,0.0,69,56,85,0.00,17.08,30.88,39.10,2538,9
2026-05-17 08:58:26,3.8,13.97,13.19,13.35,2062688,114438,5.5,0,0,0.0,69,56,85,0.00,13.76,30.91,38.83,2532,8
2026-05-17 08:59:26,3.1,13.12,13.08,13.30,2062688,114405,5.5,0,0,0.0,69,56,85,0.00,13.60,30.00,37.72,2532,9
2026-05-17 09:00:27,1.3,22.95,15.50,14.09,2062688,114435,5.5,0,0,0.0,69,55,85,0.00,134.86,30.18,37.87,2531,3
2026-05-17 09:01:27,1.6,24.11,17.66,14.95,2062688,114415,5.5,0,0,0.0,69,55,85,0.00,19.29,27.66,35.60,2537,3
2026-05-17 09:02:28,2.0,16.26,16.59,14.75,2062688,114379,5.5,0,0,0.0,69,55,85,0.00,41.26,28.68,37.37,2533,4
2026-05-17 09:03:28,2.1,12.61,15.45,14.48,2062688,114413,5.5,0,0,0.0,69,55,85,0.00,14.14,27.96,36.05,2538,6
2026-05-17 09:04:29,3.4,11.58,14.62,14.25,2062688,114399,5.5,0,0,0.0,69,55,85,0.00,13.71,26.91,35.04,2543,9
2026-05-17 09:05:29,1.6,11.70,14.22,14.14,2062688,114372,5.5,0,0,0.0,69,55,85,0.00,13.66,29.39,37.14,2544,4
2026-05-17 09:06:29,3.6,11.84,13.77,13.99,2062688,114396,5.5,0,0,0.0,69,55,85,0.00,14.74,28.44,36.37,2547,9
2026-05-17 09:07:30,3.1,12.22,13.49,13.88,2062688,114403,5.5,0,0,0.0,69,55,85,0.00,17.15,31.09,39.37,2537,17
2026-05-17 09:08:30,3.3,11.72,13.08,13.71,2062688,114426,5.5,0,0,0.0,69,55,85,0.00,14.07,27.18,35.38,2532,6
2026-05-17 09:09:31,7.4,11.67,12.86,13.59,2062688,114412,5.5,0,0,0.0,69,55,85,0.00,14.06,31.28,38.71,2526,5
2026-05-17 09:10:31,3.0,13.68,13.20,13.66,2062688,114412,5.5,0,0,0.0,69,55,85,0.00,14.19,31.32,38.90,2514,28
2026-05-17 09:11:32,1.6,12.16,12.80,13.49,2062688,114389,5.5,0,0,0.0,69,55,85,0.00,14.25,27.02,35.01,2518,4
2026-05-17 09:12:32,3.5,12.02,12.67,13.40,2062688,114385,5.5,0,0,0.0,69,55,85,0.00,24.32,29.39,37.57,2529,4
2026-05-17 09:13:32,3.6,12.78,12.76,13.39,2062688,114423,5.5,0,0,0.0,69,55,85,0.00,14.34,30.82,38.76,2536,4
2026-05-17 09:14:33,3.4,12.88,12.83,13.37,2062688,114387,5.5,0,0,0.0,69,55,85,0.00,13.85,29.47,37.57,2539,7
2026-05-17 09:15:33,2.3,11.87,12.58,13.25,2062688,114402,5.5,0,0,0.0,69,55,85,0.00,14.37,28.51,36.46,2542,5
2026-05-17 09:16:34,2.3,12.34,12.58,13.21,2062688,114389,5.5,0,0,0.0,69,55,85,0.00,13.73,30.29,38.41,2529,6
2026-05-17 09:17:34,1.7,12.39,12.59,13.17,2062688,114377,5.5,0,0,0.0,69,55,85,0.00,16.45,30.21,38.54,2530,8
2026-05-17 09:18:35,1.8,11.85,12.38,13.06,2062688,114367,5.5,0,0,0.0,69,55,85,0.00,14.37,26.30,34.77,2528,1
2026-05-17 09:19:35,9.2,12.11,12.35,13.00,2062688,114392,5.5,0,0,0.0,69,55,85,0.00,13.68,28.61,36.70,2533,12
2026-05-17 09:20:35,3.4,12.07,12.26,12.93,2062688,114416,5.5,0,0,0.0,69,55,85,0.00,14.46,28.58,36.54,2540,8
2026-05-17 09:21:36,3.2,13.00,12.45,12.95,2062688,114414,5.5,0,0,0.0,69,55,85,0.00,14.08,29.65,37.57,2548,5
2026-05-17 09:22:36,3.5,13.11,12.64,12.98,2062688,114390,5.5,0,0,0.0,69,55,85,0.00,14.01,27.56,35.69,2539,6
2026-05-17 09:23:37,3.0,13.78,12.83,13.02,2062688,114415,5.5,0,0,0.0,69,55,85,0.00,14.36,29.15,37.70,2534,6
2026-05-17 09:24:37,2.1,12.32,12.61,12.94,2062688,114385,5.5,0,0,0.0,69,55,85,0.00,13.87,31.59,38.90,2542,3
2026-05-17 09:25:38,3.0,13.58,12.89,13.01,2062688,114407,5.5,0,0,0.0,69,55,85,0.00,14.30,30.15,37.71,2540,7
2026-05-17 09:26:38,3.4,18.43,14.40,13.52,2062688,114404,5.5,0,0,0.0,69,55,85,0.00,13.92,29.71,37.70,2549,4
2026-05-17 09:27:38,4.2,17.46,14.86,13.73,2062688,114388,5.5,0,0,0.0,69,55,85,0.00,14.11,28.21,36.25,2545,5
2026-05-17 09:28:39,4.1,18.64,15.53,14.03,2062688,114425,5.5,0,0,0.0,69,55,85,0.00,17.21,31.08,39.79,2540,5
2026-05-17 09:29:39,7.9,25.62,18.56,15.20,2062688,114420,5.5,0,0,0.0,69,55,85,0.00,13.66,31.09,38.51,2547,27
2026-05-17 09:30:40,2.0,21.62,18.52,15.38,2062688,114389,5.5,0,0,0.0,69,55,85,0.00,14.62,29.84,37.36,2536,4
2026-05-17 09:31:40,3.4,25.26,19.94,16.06,2062688,114408,5.5,0,0,0.0,69,55,85,0.00,21.59,31.28,38.67,2533,5
2026-05-17 09:32:41,2.8,19.54,19.37,16.11,2062688,114375,5.5,0,0,0.0,69,55,85,0.00,14.14,28.94,36.88,2528,4
2026-05-17 09:33:41,2.9,19.26,19.47,16.35,2062688,114404,5.5,0,0,0.0,69,55,85,0.00,16.82,30.90,39.03,2536,11
2026-05-17 09:34:41,3.1,18.99,19.30,16.49,2062688,114406,5.5,0,0,0.0,69,55,85,0.00,13.45,31.41,38.93,2530,5
2026-05-17 09:35:42,2.1,18.27,19.10,16.60,2062688,114379,5.5,0,0,0.0,69,55,85,0.00,13.99,29.33,37.20,2524,7
2026-05-17 09:36:42,2.7,15.15,18.11,16.42,2062688,114402,5.5,0,0,0.0,69,55,85,0.00,13.89,28.93,36.78,2535,3
2026-05-17 09:37:43,3.1,14.74,17.46,16.30,2062688,114412,5.5,0,0,0.0,69,55,85,0.00,14.04,31.00,38.33,2539,6
2026-05-17 09:38:43,2.8,14.13,16.83,16.16,2062688,114409,5.5,0,0,0.0,69,55,85,0.00,16.74,31.71,39.80,2534,5
2026-05-17 09:39:43,1.8,12.77,16.08,15.95,2062688,114396,5.5,0,0,0.0,69,55,85,0.00,13.90,28.09,36.24,2543,2
2026-05-17 09:40:44,3.3,13.26,15.69,15.82,2062688,114423,5.5,0,0,0.0,69,55,85,0.00,14.57,31.01,38.94,2553,6
2026-05-17 09:41:44,1.8,13.05,15.18,15.64,2062688,114397,5.5,0,0,0.0,69,55,85,0.00,13.75,30.37,37.82,2542,4
2026-05-17 09:42:45,1.9,22.88,16.88,16.15,2062688,114418,5.5,0,0,0.0,69,55,85,0.00,13.32,28.12,35.93,2538,4
2026-05-17 09:43:45,3.4,16.56,16.22,15.97,2062688,114426,5.5,0,0,0.0,69,55,85,0.00,17.11,31.42,39.61,2536,7
2026-05-17 09:44:46,2.3,22.92,18.33,16.72,2062688,114388,5.5,0,0,0.0,69,55,85,0.00,14.08,29.22,37.09,2534,1
2026-05-17 09:45:46,1.5,25.99,19.84,17.32,2062688,114385,5.5,0,0,0.0,69,55,85,0.00,14.14,23.59,31.78,2527,3
2026-05-17 09:46:46,3.0,18.53,18.96,17.19,2062688,114418,5.5,0,0,0.0,69,55,85,0.00,13.71,27.40,35.42,2535,5
2026-05-17 09:47:47,3.0,13.62,17.52,16.80,2062688,114448,5.5,0,0,0.0,69,55,85,0.00,13.71,28.30,36.33,2539,6
2026-05-17 09:48:47,3.3,12.69,16.55,16.51,2062688,114441,5.5,0,0,0.0,69,55,85,0.00,17.30,27.44,35.98,2545,7
2026-05-17 09:49:48,2.1,13.01,15.96,16.31,2062688,114392,5.5,0,0,0.0,69,55,85,0.00,13.70,29.04,37.02,2546,200
2026-05-17 09:50:48,3.0,12.02,15.11,15.99,2062688,114408,5.5,0,0,0.0,69,55,85,0.00,14.48,30.38,38.00,2546,6
2026-05-17 09:51:49,1.5,11.71,14.48,15.72,2062688,114413,5.5,0,0,0.0,69,55,85,0.00,13.97,30.59,38.57,2536,4
2026-05-17 09:52:49,2.0,15.24,14.69,15.70,2062688,114418,5.5,0,0,0.0,69,55,85,0.00,15.33,28.75,36.70,2534,3
2026-05-17 09:53:49,12.0,12.86,14.08,15.42,2062688,114430,5.5,0,0,0.0,69,55,85,0.00,14.56,30.34,38.51,2529,8
2026-05-17 09:54:50,3.1,13.85,14.17,15.37,2062688,114422,5.5,0,0,0.0,69,55,85,0.00,13.93,31.12,39.14,2523,7
2026-05-17 09:55:50,3.5,12.98,13.92,15.21,2062688,114404,5.5,0,0,0.0,69,55,85,0.00,22.12,26.80,34.71,2525,5
2026-05-17 09:56:51,3.4,13.80,14.10,15.19,2062688,114407,5.5,0,0,0.0,69,55,85,0.00,14.36,31.19,38.90,2525,4
2026-05-17 09:57:51,3.4,12.60,13.72,14.99,2062688,114430,5.5,0,0,0.0,69,55,85,0.00,14.33,29.08,36.97,2529,8
2026-05-17 09:58:52,2.2,12.44,13.48,14.83,2062688,114400,5.5,0,0,0.0,69,55,85,0.00,16.79,29.81,37.91,2522,4
2026-05-17 09:59:52,4.0,12.18,13.14,14.62,2062688,114437,5.5,0,0,0.0,69,55,85,0.00,14.06,26.15,34.69,2532,6
2026-05-17 10:00:52,1.6,13.08,13.39,14.62,2062688,114413,5.5,0,0,0.0,69,55,85,0.00,14.28,28.16,35.98,2538,3
2026-05-17 10:01:53,3.4,13.39,13.45,14.56,2062688,114433,5.5,0,0,0.0,69,56,85,0.00,38.05,30.86,38.46,2545,9
2026-05-17 10:02:53,3.4,14.34,13.65,14.56,2062688,114442,5.5,0,0,0.0,69,56,85,0.00,14.24,31.07,38.63,2540,6
2026-05-17 10:03:54,4.9,13.06,13.36,14.40,2062688,114445,5.5,0,0,0.0,69,56,85,0.00,16.95,31.15,39.33,2542,6
2026-05-17 10:04:54,3.4,13.06,13.31,14.31,2062688,114430,5.5,0,0,0.0,69,56,85,0.00,14.14,29.24,37.54,2527,6
2026-05-17 10:05:55,2.9,13.27,13.20,14.21,2062688,114405,5.5,0,0,0.0,69,56,85,0.00,22.40,26.70,34.79,2517,5
2026-05-17 10:06:55,3.1,13.58,13.41,14.22,2062688,114395,5.5,0,0,0.0,69,56,85,0.00,14.15,31.30,38.95,2516,19
2026-05-17 10:07:56,3.4,14.08,13.53,14.20,2062688,114433,5.5,0,0,0.0,69,56,85,0.00,13.87,31.01,38.45,2528,7
2026-05-17 10:08:56,1.6,12.13,13.12,14.02,2062688,114376,5.5,0,0,0.0,69,56,85,0.00,13.74,28.91,37.17,2532,2
2026-05-17 10:09:56,3.0,12.62,13.06,13.94,2062688,114401,5.5,0,0,0.0,69,56,85,0.00,16.94,29.68,37.82,2539,5
2026-05-17 10:10:57,3.2,22.99,16.21,14.98,2062688,114411,5.5,0,0,0.0,69,56,85,0.00,14.83,31.00,38.83,2539,6
2026-05-17 10:11:57,2.8,16.99,15.72,14.88,2062688,114401,5.5,0,0,0.0,69,56,85,0.00,13.90,30.42,38.21,2537,9
2026-05-17 10:12:58,3.3,16.75,15.87,14.98,2062688,114443,5.5,0,0,0.0,69,56,85,0.00,13.45,30.71,38.52,2531,6
2026-05-17 10:13:58,3.5,19.41,17.70,15.73,2062688,114409,5.5,0,0,0.0,69,56,85,0.00,11.55,29.02,37.50,2532,8
2026-05-17 10:14:59,1.3,26.19,19.63,16.49,2062688,114381,5.5,0,0,0.0,69,56,85,0.00,16.85,29.84,38.23,2532,5
2026-05-17 10:15:59,3.7,25.54,20.30,16.90,2062688,114421,5.5,0,0,0.0,69,56,85,0.00,13.94,30.11,38.00,2526,6
2026-05-17 10:16:59,11.5,16.96,18.80,16.59,2062688,114413,5.5,0,0,0.0,69,56,85,0.00,13.82,30.67,38.50,2534,21
2026-05-17 10:18:00,3.3,14.66,17.74,16.36,2062688,114454,5.5,0,0,0.0,69,56,85,0.00,13.70,30.69,38.59,2536,4
2026-05-17 10:19:00,1.6,12.51,16.60,16.06,2062688,114404,5.5,0,0,0.0,69,56,85,0.00,13.96,29.30,37.34,2533,2
2026-05-17 10:20:01,2.7,19.72,18.47,16.76,2062688,114430,5.5,0,0,0.0,69,56,85,0.00,17.22,28.07,36.69,2536,5
2026-05-17 10:21:01,3.1,14.17,17.06,16.38,2062688,114420,5.5,0,0,0.0,69,56,85,0.00,14.66,25.82,33.92,2530,5
2026-05-17 10:22:02,2.1,13.29,16.37,16.19,2062688,114412,5.5,0,0,0.0,69,56,85,0.00,13.55,27.58,35.65,2523,3
2026-05-17 10:23:02,3.6,12.29,15.45,15.88,2062688,114441,5.5,0,0,0.0,69,56,85,0.00,13.68,30.49,38.09,2530,7
2026-05-17 10:24:02,3.6,11.43,14.60,15.56,2062688,114421,5.5,0,0,0.0,69,56,85,0.00,13.69,28.13,36.41,2526,7
2026-05-17 10:25:03,3.3,12.31,14.27,15.38,2062688,114426,5.5,0,0,0.0,69,56,85,0.00,16.77,29.35,37.99,2538,8
2026-05-17 10:26:03,1.7,20.10,15.68,15.77,2062688,114425,5.5,0,0,0.0,69,56,85,0.00,14.47,28.44,36.26,2548,5
2026-05-17 10:27:04,2.0,14.69,14.90,15.49,2062688,114392,5.5,0,0,0.0,69,56,85,0.00,13.86,27.92,36.16,2539,4
2026-05-17 10:28:04,3.3,12.92,14.32,15.25,2062688,114422,5.5,0,0,0.0,69,56,85,0.00,13.33,26.91,34.97,2531,19
2026-05-17 10:29:05,11.8,12.10,13.86,15.04,2062688,114428,5.5,0,0,0.0,69,56,85,0.00,22.55,31.55,38.93,2534,7
2026-05-17 10:30:05,1.8,12.20,13.58,14.86,2062688,114412,5.5,0,0,0.0,69,56,85,0.00,17.55,31.42,39.65,2537,3
2026-05-17 10:31:05,3.3,12.88,13.43,14.73,2062688,114441,5.5,0,0,0.0,69,56,85,0.00,14.04,27.52,35.55,2529,5
2026-05-17 10:32:06,1.8,18.32,15.38,15.35,2062688,114404,5.5,0,0,0.0,69,56,85,0.00,13.73,28.97,36.76,2534,3
2026-05-17 10:33:06,2.0,13.97,14.65,15.09,2062688,114444,5.5,0,0,0.0,69,56,85,0.00,13.69,27.91,35.86,2540,6
2026-05-17 10:34:07,3.4,13.70,14.49,15.01,2062688,114406,5.5,0,0,0.0,69,56,85,0.00,13.68,30.62,38.13,2538,11
2026-05-17 10:35:07,3.3,27.37,17.56,15.99,2062688,114413,5.5,0,0,0.0,69,56,85,0.00,16.71,31.24,39.80,2534,8
2026-05-17 10:36:08,1.6,18.07,16.94,15.90,2062688,114397,5.5,0,0,0.0,69,56,85,0.00,14.16,30.71,38.17,2531,3
2026-05-17 10:37:08,1.7,14.54,16.07,15.66,2062688,114404,5.5,0,0,0.0,69,56,85,0.00,14.00,27.73,35.75,2532,2
2026-05-17 10:38:08,4.8,13.65,15.49,15.48,2062688,114434,5.5,0,0,0.0,69,56,85,0.00,13.65,29.83,37.75,2530,6
2026-05-17 10:39:09,3.3,12.62,14.87,15.26,2062688,114420,5.5,0,0,0.0,69,56,85,0.00,13.43,31.08,38.98,2541,12
2026-05-17 10:40:09,3.5,11.75,14.22,15.01,2062688,114426,5.5,0,0,0.0,69,56,85,0.00,17.36,29.53,37.97,2533,7
2026-05-17 10:41:10,11.4,18.14,16.35,15.74,2062688,114436,5.5,0,0,0.0,69,56,85,0.00,14.32,30.91,38.43,2546,8
2026-05-17 10:42:10,3.6,13.89,15.55,15.51,2062688,114408,5.5,0,0,0.0,69,56,85,0.00,13.67,26.98,35.03,2547,6
2026-05-17 10:43:11,2.2,12.85,14.97,15.31,2062688,114439,5.5,0,0,0.0,69,56,85,0.00,13.77,30.89,38.49,2550,2
2026-05-17 10:44:11,3.2,13.07,14.63,15.17,2062688,114434,5.5,0,0,0.0,69,56,86,0.00,13.48,31.32,38.80,2538,5
2026-05-17 10:45:11,3.0,21.75,16.55,15.78,2062688,114446,5.5,0,0,0.0,69,56,86,0.00,23.12,29.50,37.85,2533,5
2026-05-17 10:46:12,1.5,15.94,15.86,15.59,2062688,114408,5.5,0,0,0.0,69,56,86,0.00,14.29,28.65,36.75,2534,3
2026-05-17 10:47:12,2.0,12.77,14.94,15.29,2062688,114401,5.5,0,0,0.0,69,56,86,0.00,13.71,25.01,33.08,2526,4
2026-05-17 10:48:13,1.5,11.63,14.24,15.02,2062688,114430,5.5,0,0,0.0,69,56,86,0.00,13.63,30.88,38.52,2524,6
2026-05-17 10:49:13,1.6,11.17,13.58,14.74,2062688,114432,5.5,0,0,0.0,69,56,86,0.00,13.81,28.28,36.44,2532,6
2026-05-17 10:50:14,3.7,12.50,13.54,14.65,2062688,114447,5.5,0,0,0.0,69,56,86,0.00,17.09,30.39,38.75,2537,8
2026-05-17 10:51:14,3.0,12.67,13.36,14.52,2062688,114445,5.5,0,0,0.0,69,56,86,0.00,14.30,31.18,38.95,2545,27
2026-05-17 10:52:14,11.4,12.69,13.25,14.41,2062688,114431,5.5,0,0,0.0,69,56,86,0.00,13.83,30.88,38.31,2536,7
2026-05-17 10:53:15,3.4,12.20,12.97,14.23,2062688,114457,5.5,0,0,0.0,69,56,86,0.00,13.58,28.85,36.66,2537,5
2026-05-17 10:54:15,1.7,11.35,12.61,14.03,2062688,114419,5.5,0,0,0.0,69,56,86,0.00,14.19,29.04,36.71,2539,5
2026-05-17 10:55:16,3.4,13.41,12.95,14.06,2062688,114433,5.5,0,0,0.0,69,56,86,0.00,17.30,30.43,38.61,2539,7
2026-05-17 10:56:16,1.8,14.36,13.27,14.09,2062688,114423,5.5,0,0,0.0,69,56,86,0.00,14.37,31.31,39.36,2536,4
2026-05-17 10:57:17,3.2,13.26,13.22,14.03,2062688,114417,5.5,0,0,0.0,69,56,86,0.00,13.49,27.66,35.61,2542,6
2026-05-17 10:58:17,4.6,14.28,13.60,14.11,2062688,114464,5.5,0,0,0.0,69,56,86,0.00,13.66,31.50,38.92,2538,10
2026-05-17 10:59:18,2.0,14.72,13.96,14.21,2062688,114441,5.5,0,0,0.0,69,56,86,0.00,13.75,31.04,38.51,2541,4
2026-05-17 11:00:18,3.5,12.67,13.50,14.03,2062688,114472,5.5,0,0,0.0,69,55,85,0.00,135.53,28.53,36.81,2533,8
2026-05-17 11:01:18,3.2,12.29,13.30,13.93,2062688,114428,5.5,0,0,0.0,69,55,85,0.00,22.12,30.00,38.12,2529,5
2026-05-17 11:02:19,4.0,12.25,13.09,13.81,2062688,114434,5.5,0,0,0.0,69,55,85,0.00,37.86,30.71,38.70,2529,6
2026-05-17 11:03:19,9.7,15.72,14.12,14.13,2062688,114447,5.5,0,0,0.0,69,55,85,0.00,13.75,29.60,37.57,2525,24
2026-05-17 11:04:20,1.9,13.02,13.65,13.97,2062688,114429,5.5,0,0,0.0,69,55,85,0.00,13.58,31.03,38.58,2524,4
2026-05-17 11:05:20,3.2,12.47,13.45,13.88,2062688,114428,5.5,0,0,0.0,69,55,85,0.00,14.04,28.39,36.73,2529,9
2026-05-17 11:06:21,1.5,12.06,13.12,13.74,2062688,114419,5.5,0,0,0.0,69,55,85,0.00,17.92,27.61,35.95,2526,2
2026-05-17 11:07:21,3.2,12.03,12.94,13.64,2062688,114417,5.5,0,0,0.0,69,55,85,0.00,13.94,29.12,37.19,2528,7
2026-05-17 11:08:21,2.1,12.86,13.02,13.63,2062688,114418,5.5,0,0,0.0,69,55,85,0.00,13.48,30.06,37.84,2535,3
2026-05-17 11:09:22,1.9,12.67,12.98,13.57,2062688,114425,5.5,0,0,0.0,69,55,85,0.00,14.25,30.85,38.58,2524,3
2026-05-17 11:10:22,1.8,13.10,13.03,13.55,2062688,114435,5.5,0,0,0.0,69,55,85,0.00,14.45,30.27,38.15,2520,5
2026-05-17 11:11:23,3.4,14.34,13.30,13.61,2062688,114446,5.5,0,0,0.0,69,55,85,0.00,17.66,30.70,38.85,2530,8
2026-05-17 11:12:23,1.8,14.52,13.58,13.68,2062688,114402,5.5,0,0,0.0,69,55,85,0.00,21.56,28.47,36.44,2533,3
2026-05-17 11:13:24,1.9,15.65,14.25,13.92,2062688,114419,5.5,0,0,0.0,69,55,85,0.00,13.95,27.27,35.48,2537,4
2026-05-17 11:14:24,2.2,19.44,15.75,14.46,2062688,114422,5.5,0,0,0.0,69,55,85,0.00,14.16,30.90,38.53,2541,2
2026-05-17 11:15:24,2.2,16.82,15.73,14.54,2062688,114415,5.5,0,0,0.0,69,55,85,0.00,12.89,28.55,36.69,2550,2
2026-05-17 11:16:25,3.3,15.12,15.47,14.53,2062688,114448,5.5,0,0,0.0,69,55,85,0.00,17.23,27.26,35.86,2545,7
2026-05-17 11:17:25,3.1,16.43,15.88,14.73,2062688,114428,5.5,0,0,0.0,69,55,85,0.00,13.88,31.20,38.84,2533,5
2026-05-17 11:18:26,3.7,17.98,16.39,14.98,2062688,114447,5.5,0,0,0.0,69,55,85,0.00,14.02,30.05,37.85,2536,5
2026-05-17 11:19:26,1.9,17.01,16.58,15.14,2062688,114430,5.5,0,0,0.0,69,55,85,0.00,13.77,31.17,38.76,2538,4
2026-05-17 11:20:27,3.5,16.67,16.60,15.24,2062688,114444,5.5,0,0,0.0,69,55,85,0.00,14.28,28.40,36.70,2544,6
2026-05-17 11:21:27,3.5,17.11,16.74,15.37,2062688,114442,5.5,0,0,0.0,69,55,85,0.00,17.42,30.43,38.61,2547,5
2026-05-17 11:22:27,3.1,16.88,16.74,15.46,2062688,114437,5.5,0,0,0.0,69,55,85,0.00,13.79,30.67,38.47,2546,6
2026-05-17 11:23:28,3.2,15.28,16.26,15.37,2062688,114455,5.5,0,0,0.0,69,55,85,0.00,13.74,29.31,37.18,2543,6
2026-05-17 11:24:28,3.1,14.00,15.68,15.22,2062688,114419,5.5,0,0,0.0,69,55,85,0.00,13.86,29.78,37.63,2544,6
2026-05-17 11:25:29,3.8,14.65,15.57,15.21,2062688,114429,5.5,0,0,0.0,69,55,85,0.00,14.18,30.69,38.87,2540,11
2026-05-17 11:26:29,3.2,21.13,18.25,16.22,2062688,114433,5.5,0,0,0.0,69,55,85,0.00,17.20,31.11,39.22,2541,4
2026-05-17 11:27:30,3.6,16.27,17.34,16.04,2062688,114432,5.5,0,0,0.0,69,55,85,0.00,13.96,27.88,35.89,2535,5
2026-05-17 11:28:30,3.4,13.45,16.28,15.76,2062688,114452,5.5,0,0,0.0,69,55,85,0.00,14.31,25.91,34.13,2539,7
2026-05-17 11:29:30,4.0,12.90,15.59,15.55,2062688,114422,5.5,0,0,0.0,69,55,85,0.00,13.79,28.98,36.89,2531,4
2026-05-17 11:30:31,3.1,12.91,15.14,15.40,2062688,114455,5.5,0,0,0.0,69,55,85,0.00,14.80,27.68,36.02,2531,8
2026-05-17 11:31:31,2.9,13.33,14.83,15.27,2062688,114445,5.5,0,0,0.0,69,55,85,0.00,17.33,29.83,37.72,2535,6
2026-05-17 11:32:32,1.7,11.94,14.17,15.02,2062688,114415,5.5,0,0,0.0,69,55,85,0.00,21.89,26.81,34.83,2539,7
2026-05-17 11:33:32,3.9,12.20,13.85,14.85,2062688,114469,5.5,0,0,0.0,69,55,85,0.00,14.17,29.88,37.84,2538,7
2026-05-17 11:34:33,3.6,11.82,13.45,14.65,2062688,114447,5.5,0,0,0.0,69,55,85,0.00,13.71,30.96,38.83,2544,5
2026-05-17 11:35:33,5.6,12.11,13.22,14.49,2062688,114430,5.5,0,0,0.0,69,55,85,0.00,13.80,30.64,38.62,2538,2
2026-05-17 11:36:33,1.9,12.47,13.12,14.38,2062688,114457,5.5,0,0,0.0,69,55,85,0.00,17.78,29.48,37.59,2549,5
2026-05-17 11:37:34,3.9,12.24,12.93,14.23,2062688,114459,5.5,0,0,0.0,69,55,85,0.00,14.44,31.65,39.75,2545,5
2026-05-17 11:38:34,8.0,12.49,12.84,14.12,2062688,114475,5.5,0,0,0.0,69,55,85,0.00,13.82,27.96,35.80,2543,20
2026-05-17 11:39:35,3.1,13.17,13.07,14.12,2062688,114443,5.5,0,0,0.0,69,55,85,0.00,14.00,29.74,37.45,2537,9
2026-05-17 11:40:35,3.3,13.20,13.13,14.07,2062688,114471,5.5,0,0,0.0,69,55,85,0.00,14.53,31.13,39.02,2542,7
2026-05-17 11:41:36,3.1,12.95,13.14,14.02,2062688,114467,5.5,0,0,0.0,69,55,85,0.00,14.91,31.28,38.80,2545,5
2026-05-17 11:42:36,1.9,12.22,12.93,13.89,2062688,114457,5.5,0,0,0.0,69,55,85,0.00,16.20,28.59,37.03,2547,7
2026-05-17 11:43:36,3.3,12.43,12.87,13.81,2062688,114485,5.6,0,0,0.0,69,55,85,0.00,14.00,29.16,36.91,2553,6
2026-05-17 11:44:37,3.4,18.67,15.07,14.53,2062688,114461,5.5,0,0,0.0,69,56,85,0.00,13.70,29.84,37.58,2546,5
2026-05-17 11:45:37,3.5,14.21,14.44,14.35,2062688,114464,5.5,0,0,0.0,69,56,85,0.00,12.20,30.72,38.35,2550,5
2026-05-17 11:46:38,3.1,24.62,17.45,15.39,2062688,114464,5.5,0,0,0.0,69,56,85,0.00,14.37,31.04,39.24,2542,5
2026-05-17 11:47:38,3.1,16.59,16.43,15.16,2062688,114464,5.5,0,0,0.0,69,56,85,0.00,17.30,31.48,39.38,2534,7
2026-05-17 11:48:39,3.3,14.67,15.96,15.08,2062688,114498,5.6,0,0,0.0,69,56,85,0.00,13.97,31.21,38.90,2534,5
2026-05-17 11:49:39,1.7,12.57,15.15,14.86,2062688,114440,5.5,0,0,0.0,69,56,85,0.00,14.24,27.67,35.44,2536,4
2026-05-17 11:50:39,3.4,13.01,14.85,14.78,2062688,114478,5.5,0,0,0.0,69,56,85,0.00,14.75,28.60,36.57,2530,7
2026-05-17 11:51:40,1.7,12.85,14.51,14.66,2062688,114437,5.5,0,0,0.0,69,56,85,0.00,14.16,28.50,37.07,2535,3
2026-05-17 11:52:40,2.0,12.45,14.08,14.51,2062688,114473,5.5,0,0,0.0,69,56,85,0.00,17.09,30.38,38.58,2537,2
2026-05-17 11:53:41,2.9,12.43,13.70,14.34,2062688,114464,5.5,0,0,0.0,69,56,85,0.00,14.00,29.09,36.85,2532,8
2026-05-17 11:54:41,2.9,13.48,13.66,14.28,2062688,114466,5.5,0,0,0.0,69,56,85,0.00,13.83,30.90,38.58,2535,4
2026-05-17 11:55:42,3.6,12.25,13.23,14.09,2062688,114437,5.5,0,0,0.0,69,56,85,0.00,22.61,27.85,35.77,2536,6
2026-05-17 11:56:42,2.2,12.51,13.16,14.01,2062688,114466,5.5,0,0,0.0,69,56,85,0.00,14.10,31.33,39.42,2540,3
2026-05-17 11:57:42,3.4,13.10,13.20,13.97,2062688,114451,5.5,0,0,0.0,69,56,85,0.00,17.67,30.96,39.14,2541,4
2026-05-17 11:58:43,2.0,11.55,12.75,13.77,2062688,114471,5.5,0,0,0.0,69,56,85,0.00,13.60,28.27,36.27,2545,1
2026-05-17 11:59:43,3.2,12.06,12.75,13.70,2062688,114445,5.5,0,0,0.0,69,56,85,0.00,13.77,29.56,37.40,2552,11
2026-05-17 12:00:44,3.5,12.59,12.78,13.65,2062688,114470,5.5,0,0,0.0,69,56,85,0.00,14.64,31.24,38.99,2550,5
2026-05-17 12:01:44,2.9,11.79,12.51,13.51,2062688,114461,5.5,0,0,0.0,69,56,85,0.00,37.83,30.17,38.35,2540,9
2026-05-17 12:02:45,11.5,12.29,12.48,13.43,2062688,114463,5.5,0,0,0.0,69,56,85,0.00,17.00,31.04,38.95,2536,9
2026-05-17 12:03:45,3.1,19.51,15.31,14.39,2062688,114488,5.6,0,0,0.0,69,56,85,0.00,13.79,31.31,39.09,2538,6
2026-05-17 12:04:45,3.3,14.93,14.79,14.27,2062688,114446,5.5,0,0,0.0,69,56,85,0.00,22.05,30.43,38.11,2538,6
2026-05-17 12:05:46,3.2,14.32,14.59,14.23,2062688,114447,5.5,0,0,0.0,69,56,85,0.00,14.36,31.26,39.05,2532,5
2026-05-17 12:06:46,3.5,12.55,14.03,14.06,2062688,114457,5.5,0,0,0.0,69,56,85,0.00,14.38,28.56,36.67,2535,6
2026-05-17 12:07:47,1.7,12.16,13.74,13.96,2062688,114417,5.5,0,0,0.0,69,56,85,0.00,17.38,28.66,36.61,2527,5
2026-05-17 12:08:47,2.9,12.01,13.37,13.82,2062688,114486,5.6,0,0,0.0,69,56,85,0.00,13.68,29.78,37.72,2537,8
2026-05-17 12:09:48,25.2,13.27,13.45,13.81,2062688,114451,5.5,0,0,0.0,69,56,85,0.00,13.97,30.83,38.55,2532,25
2026-05-17 12:10:48,1.8,11.77,13.03,13.65,2062688,114421,5.5,0,0,0.0,69,56,85,0.00,14.60,28.49,36.26,2528,3
2026-05-17 12:11:48,1.8,12.76,13.11,13.64,2062688,114433,5.5,0,0,0.0,69,56,85,0.00,11.41,29.73,38.06,2541,1
2026-05-17 12:12:49,1.5,11.94,12.82,13.50,2062688,114434,5.5,0,0,0.0,69,56,85,0.00,16.86,28.29,36.75,2551,2
2026-05-17 12:13:49,2.9,12.27,12.78,13.45,2062688,114459,5.5,0,0,0.0,69,56,85,0.00,13.89,28.90,37.17,2542,5
2026-05-17 12:14:50,1.8,11.75,12.56,13.33,2062688,114437,5.5,0,0,0.0,69,56,85,0.00,13.86,25.58,33.74,2549,3
2026-05-17 12:15:50,3.2,11.46,12.31,13.19,2062688,114441,5.5,0,0,0.0,69,56,85,0.00,14.25,28.63,36.57,2550,10
2026-05-17 12:16:51,2.0,11.49,12.17,13.09,2062688,114444,5.5,0,0,0.0,69,56,85,0.00,14.38,29.13,37.24,2542,6
2026-05-17 12:17:51,3.2,12.71,12.39,13.10,2062688,114463,5.5,0,0,0.0,69,56,85,0.00,16.91,31.26,38.81,2526,8
2026-05-17 12:18:51,1.7,13.81,12.79,13.20,2062688,114442,5.5,0,0,0.0,69,56,85,0.00,13.80,30.47,38.65,2526,3
2026-05-17 12:19:52,4.5,12.40,12.49,13.06,2062688,114442,5.5,0,0,0.0,69,56,85,0.00,13.75,27.13,35.30,2525,11
2026-05-17 12:20:52,3.1,13.45,12.78,13.13,2062688,114451,5.5,0,0,0.0,69,56,85,0.00,14.00,30.51,38.37,2522,6
2026-05-17 12:21:53,25.5,12.32,12.65,13.06,2062688,114429,5.5,0,0,0.0,69,56,85,0.00,14.22,29.38,37.60,2527,6
2026-05-17 12:22:53,1.8,12.39,12.63,13.03,2062688,114448,5.5,0,0,0.0,69,56,85,0.00,17.00,28.74,36.71,2533,4
2026-05-17 12:23:54,2.5,25.33,15.23,13.84,2062688,114434,5.5,0,0,0.0,69,56,85,0.00,14.00,27.06,35.77,2538,5
2026-05-17 12:24:54,6.6,17.31,14.74,13.76,2062688,114460,5.5,0,0,0.0,69,56,86,0.00,13.91,30.74,38.53,2529,28
2026-05-17 12:25:54,2.1,14.09,14.28,13.66,2062688,114466,5.5,0,0,0.0,69,56,86,0.00,14.16,28.93,36.74,2541,5
2026-05-17 12:26:55,3.3,12.41,13.81,13.54,2062688,114451,5.5,0,0,0.0,69,56,86,0.00,13.66,28.16,36.32,2541,5
2026-05-17 12:27:55,3.2,12.33,13.49,13.44,2062688,114469,5.5,0,0,0.0,69,56,86,0.00,16.65,29.09,37.07,2538,8
2026-05-17 12:28:56,2.1,13.02,13.46,13.44,2062688,114451,5.5,0,0,0.0,69,56,86,0.00,22.87,31.41,39.28,2547,9
2026-05-17 12:29:56,3.3,18.33,15.50,14.18,2062688,114448,5.5,0,0,0.0,69,56,86,0.00,13.73,27.73,35.61,2547,10
2026-05-17 12:30:57,3.3,14.39,14.91,14.06,2062688,114452,5.5,0,0,0.0,69,56,86,0.00,14.27,30.86,38.50,2548,10
2026-05-17 12:31:57,1.9,14.44,14.87,14.10,2062688,114442,5.5,0,0,0.0,69,56,86,0.00,13.84,29.21,37.38,2544,2
2026-05-17 12:32:58,1.7,14.25,14.67,14.07,2062688,114483,5.6,0,0,0.0,69,56,86,0.00,14.03,30.53,38.34,2542,5
2026-05-17 12:33:58,3.4,12.95,14.28,13.98,2062688,114483,5.6,0,0,0.0,69,56,86,0.00,16.93,30.41,38.47,2541,8
2026-05-17 12:34:58,3.6,12.55,13.95,13.89,2062688,114472,5.5,0,0,0.0,69,56,86,0.00,13.39,30.73,38.54,2531,5
2026-05-17 12:35:59,3.3,12.97,13.80,13.84,2062688,114489,5.6,0,0,0.0,69,56,86,0.00,14.27,30.98,39.00,2538,5
2026-05-17 12:36:59,3.2,18.82,16.01,14.64,2062688,114475,5.5,0,0,0.0,69,56,86,0.00,14.25,30.65,38.64,2532,22
2026-05-17 12:38:00,1.8,13.52,14.99,14.37,2062688,114463,5.5,0,0,0.0,69,56,86,0.00,13.75,28.90,36.79,2532,3
2026-05-17 12:39:00,3.0,12.43,14.38,14.20,2062688,114464,5.5,0,0,0.0,69,56,86,0.00,16.93,27.87,36.25,2537,9
2026-05-17 12:40:01,4.1,12.00,13.86,14.02,2062688,114481,5.6,0,0,0.0,69,56,86,0.00,14.14,28.64,36.55,2541,9
2026-05-17 12:41:01,3.3,12.19,13.62,13.93,2062688,114489,5.6,0,0,0.0,69,56,86,0.00,14.27,30.73,38.41,2531,9
2026-05-17 12:42:01,1.8,12.37,13.42,13.85,2062688,114460,5.5,0,0,0.0,69,56,86,0.00,11.35,30.01,37.71,2534,5
2026-05-17 12:43:02,3.3,12.03,13.11,13.71,2062688,114479,5.5,0,0,0.0,69,56,86,0.00,13.73,27.80,36.14,2519,6
2026-05-17 12:44:02,21.1,12.66,13.09,13.66,2062688,114479,5.5,0,0,0.0,69,56,86,0.00,16.95,31.06,39.07,2518,11
2026-05-17 12:45:03,3.8,11.74,12.74,13.50,2062688,114480,5.6,0,0,0.0,69,56,86,0.00,22.02,28.24,36.36,2527,5
2026-05-17 12:46:03,3.2,13.20,13.02,13.55,2062688,114472,5.5,0,0,0.0,69,56,86,0.00,14.18,31.06,38.95,2529,6
2026-05-17 12:47:04,3.4,12.05,12.72,13.42,2062688,114478,5.5,0,0,0.0,69,56,86,0.00,14.27,30.02,37.97,2533,4
2026-05-17 12:48:04,3.4,15.14,13.87,13.79,2062688,114498,5.6,0,0,0.0,69,56,86,0.00,13.80,30.03,38.46,2548,5
2026-05-17 12:49:04,11.5,13.30,13.57,13.69,2062688,114494,5.6,0,0,0.0,69,56,86,0.00,16.64,29.37,37.73,2555,4
2026-05-17 12:50:05,3.1,12.44,13.28,13.58,2062688,114499,5.6,0,0,0.0,69,56,86,0.00,13.93,30.81,38.78,2543,5
2026-05-17 12:51:05,3.2,12.37,13.10,13.50,2062688,114490,5.6,0,0,0.0,69,56,86,0.00,14.32,31.33,38.87,2544,9
2026-05-17 12:52:06,3.2,12.22,12.85,13.38,2062688,114478,5.5,0,0,0.0,69,56,86,0.00,13.94,31.09,38.94,2551,3
2026-05-17 12:53:06,3.7,12.33,12.78,13.32,2062688,114490,5.6,0,0,0.0,69,56,86,0.00,14.23,30.09,38.17,2535,7
2026-05-17 12:54:07,2.8,11.78,12.55,13.21,2062688,114480,5.6,0,0,0.0,69,56,86,0.00,17.16,31.44,39.19,2540,5
2026-05-17 12:55:07,2.0,12.45,12.54,13.16,2062688,114470,5.5,0,0,0.0,69,56,86,0.00,13.94,29.93,37.85,2541,7
2026-05-17 12:56:07,3.0,15.83,13.27,13.36,2062688,114469,5.5,0,0,0.0,69,56,86,0.00,14.25,30.97,38.47,2537,5
2026-05-17 12:57:08,3.3,14.81,13.33,13.37,2062688,114492,5.6,0,0,0.0,69,56,86,0.00,13.80,31.04,38.71,2536,7
2026-05-17 12:58:08,3.3,17.97,14.85,13.91,2062688,114491,5.6,0,0,0.0,69,56,86,0.00,13.84,28.64,36.88,2542,4
2026-05-17 12:59:09,3.6,18.51,15.55,14.20,2062688,114489,5.6,0,0,0.0,69,56,86,0.00,16.93,29.86,38.05,2527,7
2026-05-17 13:00:09,3.3,19.35,16.33,14.56,2062688,114539,5.6,0,0,0.0,69,55,85,0.00,430.93,31.02,39.18,2533,5
2026-05-17 13:01:10,3.5,18.09,16.48,14.72,2062688,114504,5.6,0,0,0.0,69,55,85,0.00,19.51,27.13,35.17,2534,6
2026-05-17 13:02:10,3.3,18.60,17.00,15.02,2062688,114468,5.5,0,0,0.0,69,55,85,0.00,37.83,31.48,39.07,2536,5
2026-05-17 13:03:10,3.2,19.29,17.47,15.30,2062688,114495,5.6,0,0,0.0,69,55,85,0.00,14.10,31.31,39.18,2537,6
2026-05-17 13:04:11,1.8,17.79,17.42,15.42,2062688,114483,5.6,0,0,0.0,69,55,85,0.00,16.66,31.46,38.84,2538,3
2026-05-17 13:05:11,3.2,19.35,18.19,15.83,2062688,114495,5.6,0,0,0.0,69,55,85,0.00,14.13,31.00,39.01,2538,7
2026-05-17 13:06:12,3.3,18.61,18.21,15.98,2062688,114500,5.6,0,0,0.0,69,55,85,0.00,14.55,31.36,38.97,2535,7
2026-05-17 13:07:12,3.7,16.08,17.50,15.88,2062688,114467,5.5,0,0,0.0,69,55,85,0.00,14.37,27.79,35.81,2532,7
2026-05-17 13:08:13,3.2,13.71,16.59,15.67,2062688,114484,5.6,0,0,0.0,69,55,85,0.00,11.29,28.15,36.32,2531,10
2026-05-17 13:09:13,2.5,13.25,15.90,15.48,2062688,114477,5.5,0,0,0.0,69,55,85,0.00,16.69,27.03,35.24,2529,1
2026-05-17 13:10:13,2.0,12.87,15.28,15.30,2062688,114483,5.6,0,0,0.0,69,55,85,0.00,14.79,28.13,36.83,2542,5
2026-05-17 13:11:14,1.9,12.03,14.53,15.03,2062688,114456,5.5,0,0,0.0,69,55,85,0.00,14.69,25.85,34.10,2546,3
2026-05-17 13:12:14,10.8,12.45,14.19,14.88,2062688,114452,5.5,0,0,0.0,69,55,85,0.00,21.59,28.88,36.60,2546,24
2026-05-17 13:13:15,11.6,14.73,14.46,14.93,2062688,114481,5.6,0,0,0.0,69,55,85,0.00,14.17,30.12,38.24,2549,5
2026-05-17 13:14:15,3.3,14.40,14.43,14.88,2062688,114463,5.5,0,0,0.0,69,55,85,0.00,16.27,31.27,38.66,2546,6
2026-05-17 13:15:16,3.6,14.88,14.55,14.89,2062688,114461,5.5,0,0,0.0,69,55,85,0.00,14.61,31.38,39.11,2531,27
2026-05-17 13:16:16,3.5,28.21,17.25,15.73,2062688,114467,5.5,0,0,0.0,69,55,85,0.00,13.95,30.18,37.98,2518,12
2026-05-17 13:17:16,3.1,17.90,16.25,15.48,2062688,114474,5.5,0,0,0.0,69,55,85,0.00,13.96,30.97,38.68,2521,8
2026-05-17 13:18:17,3.4,17.15,16.12,15.47,2062688,114473,5.5,0,0,0.0,69,55,85,0.00,14.38,28.74,36.93,2516,6
2026-05-17 13:19:17,3.3,13.81,15.37,15.26,2062688,114458,5.5,0,0,0.0,69,55,85,0.00,13.88,27.96,36.02,2520,10
2026-05-17 13:20:18,4.0,13.06,14.91,15.11,2062688,114471,5.5,0,0,0.0,69,55,85,0.00,17.29,29.57,37.95,2530,6
2026-05-17 13:21:18,3.1,12.84,14.48,14.94,2062688,114464,5.5,0,0,0.0,69,55,85,0.00,14.30,30.95,38.80,2531,7
2026-05-17 13:22:19,3.0,12.46,14.07,14.77,2062688,114464,5.5,0,0,0.0,69,55,85,0.00,13.61,30.29,38.58,2537,6
2026-05-17 13:23:19,1.7,12.79,13.91,14.67,2062688,114500,5.6,0,0,0.0,69,55,85,0.00,13.58,29.42,37.58,2532,2
2026-05-17 13:24:19,1.6,12.86,13.69,14.55,2062688,114443,5.5,0,0,0.0,69,55,85,0.00,14.16,28.44,36.33,2531,5
2026-05-17 13:25:20,3.2,12.59,13.45,14.41,2062688,114467,5.5,0,0,0.0,69,55,85,0.00,16.84,30.70,38.84,2539,8
2026-05-17 13:26:20,2.9,12.89,13.43,14.34,2062688,114477,5.5,0,0,0.0,69,55,85,0.00,14.14,31.05,38.57,2536,7
2026-05-17 13:27:21,3.3,12.04,13.06,14.15,2062688,114471,5.5,0,0,0.0,69,55,85,0.00,13.94,26.91,34.99,2540,5
2026-05-17 13:28:21,1.9,13.39,13.21,14.13,2062688,114507,5.6,0,0,0.0,69,56,85,0.00,13.97,30.77,39.07,2539,1
2026-05-17 13:29:22,3.2,12.21,12.92,13.97,2062688,114486,5.6,0,0,0.0,69,56,85,0.00,14.25,29.25,36.96,2541,6
2026-05-17 13:30:22,3.3,12.26,12.76,13.85,2062688,114479,5.5,0,0,0.0,69,56,85,0.00,17.09,30.98,38.87,2536,7
2026-05-17 13:31:22,1.6,17.36,14.74,14.50,2062688,114485,5.6,0,0,0.0,69,56,85,0.00,13.89,30.32,37.88,2542,4
2026-05-17 13:32:23,2.1,14.17,14.30,14.36,2062688,114493,5.6,0,0,0.0,69,56,85,0.00,21.87,31.22,38.78,2545,2
2026-05-17 13:33:23,2.9,14.11,14.25,14.34,2062688,114519,5.6,0,0,0.0,69,56,85,0.00,14.30,31.34,39.22,2542,8
2026-05-17 13:34:24,4.1,12.47,13.76,14.16,2062688,114484,5.6,0,0,0.0,69,56,85,0.00,13.71,31.64,39.25,2544,5
2026-05-17 13:35:24,3.2,12.23,13.43,14.02,2062688,114475,5.5,0,0,0.0,69,56,85,0.00,17.16,31.66,39.28,2536,3
2026-05-17 13:36:25,2.8,13.50,13.66,14.07,2062688,114475,5.5,0,0,0.0,69,56,85,0.00,14.36,30.89,38.34,2525,4
2026-05-17 13:37:25,2.5,12.92,13.52,14.00,2062688,114491,5.6,0,0,0.0,69,56,85,0.00,13.90,31.51,38.89,2533,4
2026-05-17 13:38:25,3.6,12.83,13.41,13.93,2062688,114509,5.6,0,0,0.0,69,56,85,0.00,11.74,31.01,38.93,2545,3
2026-05-17 13:39:26,3.3,13.78,13.49,13.92,2062688,114498,5.6,0,0,0.0,69,56,85,0.00,13.97,31.51,38.89,2541,5
2026-05-17 13:40:26,1.9,13.62,13.49,13.89,2062688,114494,5.6,0,0,0.0,69,56,85,0.00,17.52,31.43,39.23,2557,2
2026-05-17 13:41:27,3.0,13.41,13.53,13.88,2062688,114491,5.6,0,0,0.0,69,56,85,0.00,14.14,31.11,38.53,2551,8
2026-05-17 13:42:27,3.4,12.64,13.28,13.77,2062688,114498,5.6,0,0,0.0,69,56,85,0.00,13.51,31.50,38.83,2532,6
2026-05-17 13:43:28,2.0,11.78,12.94,13.63,2062688,114514,5.6,0,0,0.0,69,56,85,0.00,13.89,31.18,38.79,2528,7
2026-05-17 13:44:28,3.5,11.67,12.68,13.49,2062688,114478,5.5,0,0,0.0,69,56,85,0.00,13.98,31.54,39.09,2538,8
2026-05-17 13:45:28,3.0,11.95,12.61,13.42,2062688,114514,5.6,0,0,0.0,69,56,85,0.00,16.82,31.67,39.57,2534,6
2026-05-17 13:46:29,2.1,13.55,12.97,13.49,2062688,114510,5.6,0,0,0.0,69,56,85,0.00,14.02,31.39,38.94,2543,2
2026-05-17 13:47:29,3.3,13.05,12.93,13.44,2062688,114505,5.6,0,0,0.0,69,56,85,0.00,13.75,31.63,38.85,2548,7
2026-05-17 13:48:30,3.5,13.42,13.13,13.48,2062688,114524,5.6,0,0,0.0,69,56,85,0.00,13.68,31.26,38.65,2552,8
2026-05-17 13:49:30,3.4,12.58,12.95,13.40,2062688,114501,5.6,0,0,0.0,69,56,85,0.00,13.65,30.98,38.93,2537,14
2026-05-17 13:50:31,2.9,12.51,12.82,13.32,2062688,114510,5.6,0,0,0.0,69,56,85,0.00,17.71,31.38,38.88,2538,6
2026-05-17 13:51:31,3.2,21.53,15.20,14.09,2062688,114504,5.6,0,0,0.0,69,56,85,0.00,14.24,31.46,39.10,2533,7
2026-05-17 13:52:31,2.1,15.76,14.70,13.99,2062688,114519,5.6,0,0,0.0,69,56,85,0.00,13.64,31.50,38.85,2529,5
2026-05-17 13:53:32,3.7,13.73,14.26,13.88,2062688,114545,5.6,0,0,0.0,69,56,85,0.00,13.66,31.19,38.74,2529,5
2026-05-17 13:54:32,3.7,13.17,14.00,13.81,2062688,114507,5.6,0,0,0.0,69,56,85,0.00,13.93,31.32,39.10,2534,7
2026-05-17 13:55:33,3.4,13.94,14.04,13.84,2062688,114515,5.6,0,0,0.0,69,56,85,0.00,24.87,31.34,38.87,2546,6
2026-05-17 13:56:33,3.1,13.92,14.02,13.84,2062688,114511,5.6,0,0,0.0,69,56,85,0.00,14.44,31.37,39.21,2545,10
2026-05-17 13:57:34,3.8,12.74,13.66,13.73,2062688,114525,5.6,0,0,0.0,69,56,85,0.00,14.65,31.17,38.84,2551,19
2026-05-17 13:58:34,3.2,12.24,13.33,13.61,2062688,114539,5.6,0,0,0.0,69,56,85,0.00,13.85,31.30,38.76,2546,8
2026-05-17 13:59:34,9.4,13.40,13.44,13.63,2062688,114513,5.6,0,0,0.0,69,56,85,0.00,14.21,31.08,38.88,2546,16
2026-05-17 14:00:35,4.1,22.52,16.19,14.56,2062688,114518,5.6,0,0,0.0,69,56,85,0.00,17.84,31.60,38.86,2534,5
2026-05-17 14:01:35,3.0,16.35,15.57,14.45,2062688,114515,5.6,0,0,0.0,69,56,85,0.00,14.40,31.13,39.00,2535,5
2026-05-17 14:02:36,3.5,14.67,15.24,14.41,2062688,114517,5.6,0,0,0.0,69,56,85,0.00,37.85,30.97,38.45,2546,5
2026-05-17 14:03:36,3.3,12.62,14.58,14.23,2062688,114533,5.6,0,0,0.0,69,56,85,0.00,11.48,31.74,38.94,2542,6
2026-05-17 14:04:37,3.2,12.65,14.23,14.13,2062688,114499,5.6,0,0,0.0,69,56,85,0.00,14.13,31.31,39.10,2539,8
2026-05-17 14:05:37,3.3,12.69,13.92,14.03,2062688,114497,5.6,0,0,0.0,69,56,86,0.00,25.04,31.19,38.65,2533,3
2026-05-17 14:06:37,27.0,12.46,13.60,13.91,2062688,114482,5.6,0,0,0.0,69,56,86,0.00,14.58,31.25,39.08,2541,15
2026-05-17 14:07:38,3.7,25.29,16.33,14.78,2062688,114492,5.6,0,0,0.0,69,56,86,0.00,13.82,31.39,38.89,2539,6
2026-05-17 14:08:38,2.1,30.95,19.90,16.13,2062688,114502,5.6,0,0,0.0,69,56,86,0.00,14.17,31.56,38.78,2532,3
2026-05-17 14:09:39,2.3,18.60,18.37,15.84,2062688,114510,5.6,0,0,0.0,69,56,86,0.00,14.29,31.57,39.51,2543,2
2026-05-17 14:10:39,3.1,15.89,17.71,15.78,2062688,114504,5.6,0,0,0.0,69,56,86,0.00,17.34,31.31,38.68,2538,6
2026-05-17 14:11:40,3.2,27.87,19.89,16.59,2062688,114515,5.6,0,0,0.0,69,56,86,0.00,14.40,31.01,38.84,2536,5
2026-05-17 14:12:40,2.2,20.08,19.10,16.53,2062688,114525,5.6,0,0,0.0,69,56,86,0.00,14.02,31.47,38.96,2538,6
2026-05-17 14:13:40,3.3,18.56,19.05,16.68,2062688,114544,5.6,0,0,0.0,69,56,86,0.00,13.77,31.28,38.64,2534,5
2026-05-17 14:14:41,3.7,15.64,18.18,16.53,2062688,114487,5.6,0,0,0.0,69,56,86,0.00,14.51,31.35,39.15,2531,7
2026-05-17 14:15:41,2.2,13.17,17.04,16.24,2062688,114497,5.6,0,0,0.0,69,56,86,0.00,14.40,31.69,38.94,2535,10
2026-05-17 14:16:42,2.0,12.44,16.15,15.99,2062688,114501,5.6,0,0,0.0,69,56,86,0.00,17.30,31.45,39.29,2542,7
2026-05-17 14:17:42,2.3,12.86,15.52,15.77,2062688,114492,5.6,0,0,0.0,69,56,86,0.00,13.82,31.51,38.89,2539,3
2026-05-17 14:18:43,3.2,12.67,14.98,15.57,2062688,114527,5.6,0,0,0.0,69,56,86,0.00,14.14,31.18,38.53,2535,9
2026-05-17 14:19:43,3.6,11.98,14.38,15.33,2062688,114489,5.6,0,0,0.0,69,56,86,0.00,14.24,31.70,39.52,2535,8
2026-05-17 14:20:43,3.6,12.03,13.88,15.09,2062688,114516,5.6,0,0,0.0,69,56,86,0.00,14.51,31.45,38.87,2536,4
2026-05-17 14:21:44,1.8,13.38,13.98,15.05,2062688,114520,5.6,0,0,0.0,69,56,86,0.00,17.39,31.52,39.37,2535,4
2026-05-17 14:22:44,3.3,13.06,13.72,14.89,2062688,114519,5.6,0,0,0.0,69,56,86,0.00,13.81,31.37,38.67,2538,22
2026-05-17 14:23:45,2.9,12.72,13.57,14.77,2062688,114534,5.6,0,0,0.0,69,56,86,0.00,13.83,31.22,38.57,2536,8
2026-05-17 14:24:45,3.7,13.65,13.67,14.72,2062688,114500,5.6,0,0,0.0,69,56,86,0.00,14.33,31.34,39.32,2531,8
2026-05-17 14:25:46,3.7,17.06,14.57,14.96,2062688,114525,5.6,0,0,0.0,69,56,86,0.00,14.45,31.15,38.47,2538,7
2026-05-17 14:26:46,3.7,14.87,14.39,14.87,2062688,114528,5.6,0,0,0.0,69,56,86,0.00,25.16,31.90,39.59,2529,7
2026-05-17 14:27:46,1.9,13.18,14.04,14.72,2062688,114512,5.6,0,0,0.0,69,56,86,0.00,14.31,31.28,38.70,2528,5
2026-05-17 14:28:47,3.2,12.78,13.73,14.57,2062688,114553,5.6,0,0,0.0,69,56,86,0.00,13.79,31.57,38.81,2530,6
2026-05-17 14:29:47,3.0,13.51,13.78,14.53,2062688,114527,5.6,0,0,0.0,69,56,86,0.00,14.53,31.38,39.23,2528,6
2026-05-17 14:30:48,3.9,12.00,13.29,14.31,2062688,114525,5.6,0,0,0.0,69,56,86,0.00,14.87,31.34,38.70,2531,7
2026-05-17 14:31:48,3.9,24.38,16.60,15.39,2062688,114525,5.6,0,0,0.0,69,56,86,0.00,16.96,31.19,39.18,2538,4
2026-05-17 14:32:49,3.5,20.39,17.19,15.69,2062688,114529,5.6,0,0,0.0,69,56,86,0.00,14.00,30.95,38.63,2551,6
2026-05-17 14:33:49,3.6,16.09,16.50,15.55,2062688,114540,5.6,0,0,0.0,69,56,86,0.00,14.05,31.19,38.80,2548,5
2026-05-17 14:34:49,2.2,14.05,15.87,15.39,2062688,114533,5.6,0,0,0.0,69,56,86,0.00,11.86,31.50,39.17,2545,4
2026-05-17 14:35:50,3.1,12.59,15.13,15.16,2062688,114522,5.6,0,0,0.0,69,56,86,0.00,14.08,31.61,38.98,2531,8
2026-05-17 14:36:50,3.4,12.78,14.71,15.01,2062688,114519,5.6,0,0,0.0,69,56,86,0.00,16.99,31.38,38.85,2536,4
2026-05-17 14:37:51,3.2,27.99,17.47,15.88,2062688,114528,5.6,0,0,0.0,69,56,86,0.00,14.62,31.44,38.94,2533,6
2026-05-17 14:38:51,2.3,17.94,16.50,15.64,2062688,114553,5.6,0,0,0.0,69,56,86,0.00,13.79,31.14,38.70,2547,6
2026-05-17 14:39:52,1.7,14.15,15.65,15.40,2062688,114535,5.6,0,0,0.0,69,56,86,0.00,14.11,31.53,39.23,2548,3
2026-05-17 14:40:52,1.9,12.05,14.77,15.11,2062688,114529,5.6,0,0,0.0,69,56,86,0.00,14.65,31.44,38.76,2552,4
2026-05-17 14:41:52,2.0,13.55,14.58,15.02,2062688,114526,5.6,0,0,0.0,69,56,86,0.00,16.79,31.36,38.60,2545,4
2026-05-17 14:42:53,2.6,14.83,14.59,14.98,2062688,114559,5.6,0,0,0.0,69,56,86,0.00,14.01,31.44,39.45,2539,5
2026-05-17 14:43:53,2.1,16.96,15.23,15.18,2062688,114573,5.6,0,0,0.0,69,56,86,0.00,13.85,31.07,38.54,2533,7
2026-05-17 14:44:54,2.7,15.69,15.19,15.17,2062688,114536,5.6,0,0,0.0,69,56,86,0.00,22.26,31.63,39.61,2532,15
2026-05-17 14:45:54,2.0,15.88,15.36,15.23,2062688,114526,5.6,0,0,0.0,69,56,86,0.00,14.70,31.41,38.64,2535,20
2026-05-17 14:46:55,12.5,19.57,16.54,15.64,2062688,114532,5.6,0,0,0.0,69,56,86,0.00,17.15,31.05,38.48,2543,23
2026-05-17 14:47:55,3.5,17.22,16.37,15.64,2062688,114562,5.6,0,0,0.0,69,56,86,0.00,13.91,31.63,39.44,2544,10
2026-05-17 14:48:55,3.3,20.13,17.22,15.97,2062688,114543,5.6,0,0,0.0,69,56,86,0.00,14.18,30.87,38.29,2541,6
2026-05-17 14:49:56,2.1,19.68,17.65,16.19,2062688,114527,5.6,0,0,0.0,69,56,86,0.00,14.40,31.53,39.36,2553,2
2026-05-17 14:50:56,2.9,17.48,17.44,16.22,2062688,114544,5.6,0,0,0.0,69,56,86,0.00,15.07,31.53,38.74,2550,12
2026-05-17 14:51:57,2.9,18.47,17.73,16.39,2062688,114546,5.6,0,0,0.0,69,56,86,0.00,16.78,31.45,38.85,2538,5
2026-05-17 14:52:57,3.3,15.16,16.80,16.15,2062688,114576,5.6,0,0,0.0,69,56,86,0.00,14.22,31.61,39.25,2539,10
2026-05-17 14:53:58,3.0,14.97,16.51,16.09,2062688,114554,5.6,0,0,0.0,69,56,86,0.00,15.39,31.46,38.92,2531,5
2026-05-17 14:54:58,2.4,13.58,15.91,15.91,2062688,114540,5.6,0,0,0.0,69,56,86,0.00,14.51,31.65,39.12,2532,5
2026-05-17 14:55:59,2.3,14.88,15.92,15.92,2062688,114546,5.6,0,0,0.0,69,56,86,0.00,14.52,31.19,38.95,2538,6
2026-05-17 14:56:59,3.4,14.31,15.59,15.81,2062688,114547,5.6,0,0,0.0,69,56,86,0.00,15.34,31.40,38.85,2544,6
2026-05-17 14:57:59,2.2,12.47,14.90,15.56,2062688,114560,5.6,0,0,0.0,69,56,86,0.00,15.79,31.44,39.14,2543,4
2026-05-17 14:59:00,4.7,13.21,14.61,15.42,2062688,114540,5.6,0,0,0.0,69,56,86,0.00,14.00,31.25,38.63,2536,6
2026-05-17 15:00:00,3.7,13.01,14.28,15.24,2062688,114544,5.6,0,0,0.0,69,56,86,0.00,12.34,31.49,39.06,2524,11
2026-05-17 15:01:01,3.5,13.93,14.23,15.16,2062688,114568,5.6,0,0,0.0,69,55,85,0.00,137.00,31.35,38.95,2526,6
2026-05-17 15:02:01,3.5,22.15,16.58,15.91,2062688,114522,5.6,0,0,0.0,69,55,85,0.00,43.75,31.54,38.87,2517,5
2026-05-17 15:03:02,3.3,16.44,15.99,15.75,2062688,114541,5.6,0,0,0.0,69,56,85,0.00,17.25,31.61,39.28,2522,5
2026-05-17 15:04:02,4.2,14.06,15.35,15.54,2062688,114536,5.6,0,0,0.0,69,56,85,0.00,13.94,31.20,38.66,2526,6
2026-05-17 15:05:02,3.8,13.08,14.88,15.36,2062688,114539,5.6,0,0,0.0,69,56,85,0.00,14.12,31.05,38.50,2534,7
2026-05-17 15:06:03,3.7,12.71,14.41,15.17,2062688,114553,5.6,0,0,0.0,69,56,85,0.00,14.48,31.29,39.24,2530,5
2026-05-17 15:07:03,3.1,13.27,14.23,15.06,2062688,114559,5.6,0,0,0.0,69,56,85,0.00,14.21,31.07,38.40,2536,7
2026-05-17 15:08:04,2.3,12.97,13.98,14.92,2062688,114568,5.6,0,0,0.0,69,56,85,0.00,16.66,31.20,39.13,2538,4
2026-05-17 15:09:04,3.5,14.43,14.17,14.92,2062688,114542,5.6,0,0,0.0,69,56,85,0.00,14.11,31.03,38.49,2536,5
2026-05-17 15:10:05,11.5,13.89,14.14,14.87,2062688,114553,5.6,0,0,0.0,69,56,85,0.00,14.56,30.79,38.18,2538,4
2026-05-17 15:11:05,3.6,13.14,13.88,14.73,2062688,114565,5.6,0,0,0.0,69,56,85,0.00,14.79,31.06,38.94,2534,8
2026-05-17 15:12:05,3.3,12.71,13.64,14.59,2062688,114553,5.6,0,0,0.0,69,56,85,0.00,21.92,31.09,38.58,2539,31
2026-05-17 15:13:06,3.1,13.27,13.63,14.53,2062688,114558,5.6,0,0,0.0,69,56,85,0.00,17.16,31.28,39.15,2532,7
2026-05-17 15:14:06,3.5,12.36,13.28,14.35,2062688,114536,5.6,0,0,0.0,69,56,85,0.00,13.93,31.36,38.64,2536,10
2026-05-17 15:15:07,2.9,12.67,13.21,14.25,2062688,114518,5.6,0,0,0.0,69,56,85,0.00,13.90,31.11,38.54,2533,6
2026-05-17 15:16:07,3.3,12.64,13.12,14.16,2062688,114524,5.6,0,0,0.0,69,56,85,0.00,14.64,31.45,39.18,2538,7
2026-05-17 15:17:08,3.2,12.48,12.99,14.04,2062688,114553,5.6,0,0,0.0,69,56,85,0.00,13.80,31.41,38.63,2536,10
2026-05-17 15:18:08,3.3,11.74,12.65,13.86,2062688,114557,5.6,0,0,0.0,69,56,85,0.00,17.00,31.82,39.41,2546,6
2026-05-17 15:19:08,2.8,13.65,12.95,13.88,2062688,114541,5.6,0,0,0.0,69,56,85,0.00,13.76,31.27,38.62,2546,5
2026-05-17 15:20:09,3.2,13.02,12.91,13.81,2062688,114564,5.6,0,0,0.0,69,56,85,0.00,14.01,30.95,38.81,2545,8
2026-05-17 15:21:09,3.2,13.36,13.05,13.80,2062688,114565,5.6,0,0,0.0,69,56,85,0.00,14.66,31.38,39.22,2548,22
2026-05-17 15:22:10,12.0,12.99,13.10,13.78,2062688,114536,5.6,0,0,0.0,69,56,85,0.00,13.77,31.44,38.71,2543,8
2026-05-17 15:23:10,3.2,13.12,13.10,13.73,2062688,114559,5.6,0,0,0.0,69,56,85,0.00,16.45,31.16,39.08,2527,5
2026-05-17 15:24:11,3.3,12.11,12.82,13.60,2062688,114539,5.6,0,0,0.0,69,56,85,0.00,13.79,31.35,38.65,2522,7
2026-05-17 15:25:11,3.0,11.67,12.60,13.47,2062688,114530,5.6,0,0,0.0,69,56,85,0.00,11.48,31.46,38.85,2524,9
2026-05-17 15:26:11,3.9,11.33,12.31,13.31,2062688,114543,5.6,0,0,0.0,69,56,85,0.00,14.52,31.31,38.99,2529,5
2026-05-17 15:27:12,3.2,11.56,12.20,13.21,2062688,114546,5.6,0,0,0.0,69,56,85,0.00,14.17,31.56,39.03,2537,9
2026-05-17 15:28:12,3.4,12.12,12.29,13.17,2062688,114568,5.6,0,0,0.0,69,56,85,0.00,16.94,31.57,39.21,2543,8
2026-05-17 15:29:13,4.2,11.95,12.22,13.09,2062688,114551,5.6,0,0,0.0,69,56,85,0.00,14.12,31.04,38.47,2544,7
2026-05-17 15:30:13,2.3,13.33,12.61,13.17,2062688,114562,5.6,0,0,0.0,69,56,85,0.00,14.03,31.01,38.65,2546,4
2026-05-17 15:31:14,3.6,11.95,12.33,13.04,2062688,114534,5.6,0,0,0.0,69,56,85,0.00,14.77,31.53,39.38,2536,7
2026-05-17 15:32:14,1.7,12.02,12.34,13.00,2062688,114508,5.6,0,0,0.0,69,56,85,0.00,21.82,29.62,37.37,2523,3
2026-05-17 15:33:14,3.0,12.05,12.28,12.94,2062688,114552,5.6,0,0,0.0,69,56,85,0.00,16.81,30.59,38.38,2531,7
2026-05-17 15:34:15,7.5,11.28,12.00,12.80,2062688,114516,5.6,0,0,0.0,69,56,85,0.00,14.00,28.20,36.43,2527,5
2026-05-17 15:35:15,3.2,13.25,12.55,12.95,2062688,114531,5.6,0,0,0.0,69,56,85,0.00,13.60,31.12,38.70,2533,10
2026-05-17 15:36:16,7.0,14.05,12.81,13.01,2062688,114549,5.6,0,0,0.0,69,56,85,0.00,14.80,31.19,39.09,2545,25
2026-05-17 15:37:16,1.6,13.08,12.77,12.98,2062688,114543,5.6,0,0,0.0,69,56,85,0.00,14.03,30.72,38.66,2544,5
2026-05-17 15:38:16,3.3,13.75,13.09,13.08,2062688,114561,5.6,0,0,0.0,69,56,85,0.00,16.64,30.03,37.69,2547,7
2026-05-17 15:39:17,3.1,14.50,13.40,13.18,2062688,114547,5.6,0,0,0.0,69,56,85,0.00,13.75,31.37,39.35,2540,7
2026-05-17 15:40:17,3.1,13.37,13.31,13.17,2062688,114552,5.6,0,0,0.0,69,56,85,0.00,14.11,27.01,35.06,2538,22
2026-05-17 15:41:18,3.6,12.84,13.18,13.13,2062688,114557,5.6,0,0,0.0,69,56,85,0.00,14.46,30.97,38.96,2538,4
2026-05-17 15:42:18,3.3,12.44,13.02,13.08,2062688,114559,5.6,0,0,0.0,69,56,85,0.00,13.79,31.25,38.83,2536,8
2026-05-17 15:43:19,3.2,12.66,12.97,13.06,2062688,114598,5.6,0,0,0.0,69,56,85,0.00,16.61,30.83,38.71,2536,28
2026-05-17 15:44:19,3.3,12.72,12.92,13.03,2062688,114557,5.6,0,0,0.0,69,56,85,0.00,14.29,30.17,38.53,2537,6
2026-05-17 15:45:20,3.4,11.78,12.64,12.93,2062688,114559,5.6,0,0,0.0,69,56,85,0.00,13.65,28.97,36.95,2541,8
2026-05-17 15:46:20,3.6,12.78,12.69,12.92,2062688,114561,5.6,0,0,0.0,69,56,85,0.00,14.15,28.61,36.76,2549,5
2026-05-17 15:47:20,27.6,21.33,15.61,13.94,2062688,114555,5.6,0,0,0.0,69,56,86,0.00,14.18,30.39,38.30,2541,7
2026-05-17 15:48:21,1.7,22.38,17.63,14.78,2062688,114556,5.6,0,0,0.0,69,56,86,0.00,14.19,28.89,36.98,2536,6
2026-05-17 15:49:21,3.3,15.61,16.52,14.57,2062688,114554,5.6,0,0,0.0,69,56,86,0.00,16.45,29.08,37.29,2538,11
2026-05-17 15:50:22,5.2,13.81,15.88,14.48,2062688,114536,5.6,0,0,0.0,69,56,86,0.00,14.20,29.56,37.20,2551,2
2026-05-17 15:51:22,3.2,19.99,17.01,14.93,2062688,114559,5.6,0,0,0.0,69,56,86,0.00,14.61,28.84,37.02,2549,5
2026-05-17 15:52:23,2.7,15.25,16.25,14.81,2062688,114552,5.6,0,0,0.0,69,56,86,0.00,13.66,29.38,37.35,2553,5
2026-05-17 15:53:23,7.5,13.03,15.44,14.62,2062688,114575,5.6,0,0,0.0,69,56,86,0.00,13.79,30.64,38.32,2548,4
2026-05-17 15:54:23,3.3,13.17,15.05,14.54,2062688,114556,5.6,0,0,0.0,69,56,86,0.00,17.38,31.08,39.22,2552,6
2026-05-17 15:55:24,2.0,12.85,14.60,14.42,2062688,114530,5.6,0,0,0.0,69,56,86,0.00,13.97,27.98,36.40,2539,1
2026-05-17 15:56:24,3.2,19.48,15.55,14.72,2062688,114551,5.6,0,0,0.0,69,56,86,0.00,19.95,27.15,35.30,2543,10
2026-05-17 15:57:25,2.9,21.44,16.96,15.26,2062688,114568,5.6,0,0,0.0,69,56,86,0.00,13.88,28.96,37.24,2541,4
2026-05-17 15:58:25,3.3,17.45,16.51,15.20,2062688,114586,5.6,0,0,0.0,69,56,86,0.00,14.10,29.83,37.69,2538,6
2026-05-17 15:59:26,4.2,14.44,15.79,15.04,2062688,114547,5.6,0,0,0.0,69,56,86,0.00,17.04,28.94,37.13,2539,7
2026-05-17 16:00:26,3.8,13.06,15.13,14.86,2062688,114562,5.6,0,0,0.0,69,56,86,0.00,14.00,31.65,39.16,2529,5
2026-05-17 16:01:26,3.2,12.25,14.53,14.66,2062688,114566,5.6,0,0,0.0,69,56,86,0.00,13.91,31.53,39.16,2529,8
2026-05-17 16:02:27,3.5,12.80,14.27,14.56,2062688,114550,5.6,0,0,0.0,69,56,86,0.00,37.79,31.17,39.24,2527,6
2026-05-17 16:03:27,1.8,12.39,13.88,14.41,2062688,114572,5.6,0,0,0.0,69,56,86,0.00,13.66,30.91,38.62,2523,7
2026-05-17 16:04:28,3.2,11.24,13.24,14.15,2062688,114534,5.6,0,0,0.0,69,56,86,0.00,16.72,27.69,36.06,2530,5
2026-05-17 16:05:28,3.3,12.01,13.11,14.05,2062688,114537,5.6,0,0,0.0,69,56,86,0.00,22.42,30.51,38.15,2540,5
2026-05-17 16:06:29,1.9,11.90,12.90,13.92,2062688,114547,5.6,0,0,0.0,69,56,86,0.00,14.08,31.37,39.00,2535,2
2026-05-17 16:07:29,1.9,11.68,12.66,13.77,2062688,114514,5.6,0,0,0.0,69,56,86,0.00,14.00,26.40,34.92,2536,3
2026-05-17 16:08:30,3.2,11.53,12.43,13.62,2062688,114562,5.6,0,0,0.0,69,56,86,0.00,13.53,28.66,36.32,2536,4
2026-05-17 16:09:30,2.3,12.20,12.48,13.56,2062688,114537,5.6,0,0,0.0,69,56,86,0.00,17.41,31.57,39.53,2533,5
2026-05-17 16:10:30,3.3,12.55,12.52,13.51,2062688,114546,5.6,0,0,0.0,69,56,86,0.00,13.89,30.46,38.14,2527,7
2026-05-17 16:11:31,3.4,12.29,12.43,13.41,2062688,114544,5.6,0,0,0.0,69,56,86,0.00,14.15,29.97,37.69,2526,4
2026-05-17 16:12:31,1.9,12.49,12.49,13.37,2062688,114527,5.6,0,0,0.0,69,56,86,0.00,14.21,30.49,38.46,2528,3
2026-05-17 16:13:32,3.3,12.36,12.43,13.29,2062688,114583,5.6,0,0,0.0,69,56,86,0.00,13.68,27.13,35.07,2537,7
2026-05-17 16:14:32,4.4,13.02,12.61,13.30,2062688,114552,5.6,0,0,0.0,69,56,86,0.00,16.76,31.14,39.05,2538,50
2026-05-17 16:15:33,2.3,23.14,15.20,14.12,2062688,114533,5.6,0,0,0.0,69,56,86,0.00,13.88,29.24,37.10,2544,2
2026-05-17 16:16:33,7.9,20.29,16.30,14.59,2062688,114550,5.6,0,0,0.0,69,56,86,0.00,14.06,27.62,35.72,2534,5
2026-05-17 16:17:33,1.8,16.37,16.04,14.62,2062688,114528,5.6,0,0,0.0,69,56,86,0.00,14.38,29.94,38.35,2541,3
2026-05-17 16:18:34,3.4,13.84,15.33,14.47,2062688,114577,5.6,0,0,0.0,69,56,86,0.00,13.91,29.92,37.99,2534,6
2026-05-17 16:19:34,3.4,14.17,15.29,14.51,2062688,114548,5.6,0,0,0.0,69,56,86,0.00,16.49,29.98,37.55,2533,7
2026-05-17 16:20:35,1.5,12.08,14.50,14.29,2062688,114540,5.6,0,0,0.0,69,56,86,0.00,14.58,29.51,37.71,2536,5
2026-05-17 16:21:35,3.2,10.88,13.73,14.04,2062688,114538,5.6,0,0,0.0,69,56,86,0.00,14.20,27.44,35.46,2537,5
2026-05-17 16:22:36,1.8,11.01,13.27,13.86,2062688,114523,5.6,0,0,0.0,69,56,86,0.00,14.07,28.77,36.92,2532,6
2026-05-17 16:23:36,3.5,11.33,12.95,13.71,2062688,114567,5.6,0,0,0.0,69,56,86,0.00,13.55,27.75,35.74,2525,7
2026-05-17 16:24:36,3.1,13.16,13.27,13.78,2062688,114548,5.6,0,0,0.0,69,56,86,0.00,16.18,31.21,38.94,2522,7
2026-05-17 16:25:37,2.0,11.89,12.92,13.63,2062688,114514,5.6,0,0,0.0,69,56,86,0.00,14.62,25.91,34.53,2531,4
2026-05-17 16:26:37,3.4,15.25,13.65,13.83,2062688,114520,5.6,0,0,0.0,69,56,86,0.00,11.51,28.20,36.17,2530,6
2026-05-17 16:27:38,3.6,18.36,14.82,14.22,2062688,114540,5.6,0,0,0.0,69,56,86,0.00,22.45,28.81,37.25,2531,6
2026-05-17 16:28:38,3.3,19.83,15.86,14.61,2062688,114568,5.6,0,0,0.0,69,56,86,0.00,13.66,29.88,37.82,2533,6
2026-05-17 16:29:39,3.2,18.83,16.27,14.83,2062688,114553,5.6,0,0,0.0,69,56,86,0.00,13.77,29.27,37.38,2529,5
2026-05-17 16:30:39,2.3,19.94,17.11,15.21,2062688,114551,5.6,0,0,0.0,69,56,86,0.00,17.66,31.06,39.19,2517,4
2026-05-17 16:31:39,12.0,18.93,17.44,15.46,2062688,114527,5.6,0,0,0.0,69,56,86,0.00,13.87,28.21,36.07,2533,22
2026-05-17 16:32:40,3.3,18.60,17.69,15.68,2062688,114553,5.6,0,0,0.0,69,56,86,0.00,14.21,30.57,38.71,2541,8
2026-05-17 16:33:40,3.1,20.69,18.44,16.06,2062688,114573,5.6,0,0,0.0,69,56,86,0.00,14.08,30.62,38.25,2538,10
2026-05-17 16:34:41,1.6,18.05,18.20,16.13,2062688,114533,5.6,0,0,0.0,69,56,86,0.00,13.96,30.74,38.20,2541,3
2026-05-17 16:35:41,1.9,15.69,17.50,16.02,2062688,114531,5.6,0,0,0.0,69,56,86,0.00,16.90,30.96,39.19,2542,4
2026-05-17 16:36:42,3.1,16.74,17.50,16.11,2062688,114565,5.6,0,0,0.0,69,56,86,0.00,14.23,31.20,38.50,2530,5
2026-05-17 16:37:42,3.5,16.97,17.45,16.18,2062688,114560,5.6,0,0,0.0,69,56,86,0.00,14.00,31.11,39.24,2536,7
2026-05-17 16:38:42,3.2,14.69,16.72,16.01,2062688,114585,5.6,0,0,0.0,69,56,86,0.00,13.88,30.89,38.65,2538,10
2026-05-17 16:39:43,2.0,12.45,15.70,15.70,2062688,114557,5.6,0,0,0.0,69,56,86,0.00,13.84,27.85,35.83,2530,4
2026-05-17 16:40:43,3.0,13.38,15.31,15.56,2062688,114559,5.6,0,0,0.0,69,56,86,0.00,18.02,28.75,36.84,2545,8
2026-05-17 16:41:44,3.2,12.96,14.84,15.38,2062688,114583,5.6,0,0,0.0,69,56,86,0.00,13.45,30.48,38.27,2535,10
2026-05-17 16:42:44,1.6,13.44,14.68,15.29,2062688,114573,5.6,0,0,0.0,69,56,86,0.00,14.05,31.33,39.39,2526,4
2026-05-17 16:43:45,3.4,15.21,14.93,15.34,2062688,114610,5.6,0,0,0.0,69,56,86,0.00,13.89,30.12,37.69,2530,9
2026-05-17 16:44:45,3.8,13.62,14.56,15.19,2062688,114572,5.6,0,0,0.0,69,56,86,0.00,21.78,28.09,36.05,2528,8
2026-05-17 16:45:45,2.2,20.31,17.09,16.06,2062688,114586,5.6,0,0,0.0,69,56,86,0.00,17.48,31.40,39.30,2532,4
2026-05-17 16:46:46,3.2,14.73,16.03,15.76,2062688,114572,5.6,0,0,0.0,69,56,86,0.00,14.33,27.37,35.50,2547,4
2026-05-17 16:47:46,1.8,14.10,15.64,15.64,2062688,114585,5.6,0,0,0.0,69,56,86,0.00,14.39,30.01,38.31,2557,8
2026-05-17 16:48:47,3.2,13.67,15.21,15.49,2062688,114616,5.6,0,0,0.0,69,56,86,0.00,14.01,31.18,38.70,2551,4
2026-05-17 16:49:47,3.4,14.01,15.03,15.41,2062688,114568,5.6,0,0,0.0,69,56,86,0.00,13.61,29.96,37.83,2551,4
2026-05-17 16:50:48,3.2,13.98,14.91,15.35,2062688,114584,5.6,0,0,0.0,69,56,86,0.00,17.32,31.28,38.99,2544,5
2026-05-17 16:51:48,2.3,12.89,14.43,15.15,2062688,114562,5.6,0,0,0.0,69,56,86,0.00,14.36,30.03,38.34,2530,6
2026-05-17 16:52:48,1.7,17.96,16.15,15.73,2062688,114553,5.6,0,0,0.0,69,56,86,0.00,13.93,26.25,34.61,2536,3
2026-05-17 16:53:49,2.0,14.24,15.44,15.52,2062688,114568,5.6,0,0,0.0,69,56,86,0.00,14.17,28.30,36.87,2536,2
2026-05-17 16:54:49,3.2,13.21,14.91,15.33,2062688,114561,5.6,0,0,0.0,69,56,86,0.00,14.12,31.09,38.67,2544,7
2026-05-17 16:55:50,8.9,12.51,14.38,15.11,2062688,114579,5.6,0,0,0.0,69,56,86,0.00,16.95,30.24,37.97,2542,18
2026-05-17 16:56:50,1.9,13.43,14.30,15.04,2062688,114572,5.6,0,0,0.0,69,56,86,0.00,14.03,30.56,38.81,2541,5
2026-05-17 16:57:51,2.9,12.61,13.86,14.84,2062688,114582,5.6,0,0,0.0,69,56,86,0.00,12.12,29.42,37.32,2540,6
2026-05-17 16:58:51,1.8,12.95,13.73,14.72,2062688,114583,5.6,0,0,0.0,69,56,86,0.00,14.07,31.48,39.51,2535,1
2026-05-17 16:59:51,3.3,11.57,13.15,14.46,2062688,114576,5.6,0,0,0.0,69,56,86,0.00,13.87,26.61,34.54,2527,6
2026-05-17 17:00:52,4.2,23.38,16.26,15.44,2062688,114578,5.6,0,0,0.0,69,56,85,0.00,140.61,28.92,36.88,2539,6
2026-05-17 17:01:52,1.8,16.95,15.71,15.30,2062688,114581,5.6,0,0,0.0,69,56,85,0.00,43.85,29.68,37.90,2544,4
2026-05-17 17:02:53,3.3,14.20,15.14,15.13,2062688,114571,5.6,0,0,0.0,69,56,85,0.00,14.04,30.96,38.77,2542,4
2026-05-17 17:03:53,1.6,13.17,14.74,14.99,2062688,114551,5.6,0,0,0.0,69,56,85,0.00,13.61,30.29,38.44,2539,3
2026-05-17 17:04:54,2.1,12.32,14.21,14.79,2062688,114554,5.6,0,0,0.0,69,56,85,0.00,14.27,28.65,36.82,2545,7
2026-05-17 17:05:54,3.6,21.23,16.09,15.38,2062688,114582,5.6,0,0,0.0,69,56,85,0.00,17.10,30.80,38.41,2546,7
2026-05-17 17:06:54,3.0,15.45,15.39,15.18,2062688,114543,5.6,0,0,0.0,69,56,85,0.00,14.84,29.80,38.00,2535,8
2026-05-17 17:07:55,3.1,12.88,14.66,14.95,2062688,114541,5.6,0,0,0.0,69,56,85,0.00,14.24,26.89,34.85,2518,5
2026-05-17 17:08:55,3.9,12.54,14.25,14.79,2062688,114543,5.6,0,0,0.0,69,56,85,0.00,13.94,28.63,36.99,2533,5
2026-05-17 17:09:56,3.6,11.81,13.74,14.58,2062688,114551,5.6,0,0,0.0,69,56,85,0.00,14.29,29.56,37.35,2535,10
2026-05-17 17:10:56,3.7,11.83,13.41,14.41,2062688,114561,5.6,0,0,0.0,69,56,85,0.00,14.50,29.85,37.57,2524,5
2026-05-17 17:11:57,1.7,12.09,13.20,14.27,2062688,114518,5.6,0,0,0.0,69,56,85,0.00,24.94,29.25,37.39,2534,4
2026-05-17 17:12:57,3.1,12.58,13.11,14.16,2062688,114581,5.6,0,0,0.0,69,56,85,0.00,14.05,30.43,38.38,2546,5
2026-05-17 17:13:57,2.8,12.41,13.03,14.08,2062688,114569,5.6,0,0,0.0,69,56,85,0.00,14.29,27.52,36.03,2547,3
2026-05-17 17:14:58,2.1,12.95,13.12,14.04,2062688,114541,5.6,0,0,0.0,69,56,85,0.00,13.91,31.64,39.05,2552,2
2026-05-17 17:15:58,3.2,12.59,13.01,13.95,2062688,114572,5.6,0,0,0.0,69,56,85,0.00,14.13,30.02,37.69,2541,6
2026-05-17 17:16:59,3.5,12.24,12.79,13.81,2062688,114563,5.6,0,0,0.0,69,56,85,0.00,17.36,29.42,37.70,2539,7
2026-05-17 17:17:59,2.3,11.24,12.41,13.61,2062688,114583,5.6,0,0,0.0,69,56,85,0.00,11.73,29.19,36.91,2535,6
2026-05-17 17:19:00,11.5,11.15,12.22,13.47,2062688,114569,5.6,0,0,0.0,69,56,85,0.00,13.88,30.03,38.35,2531,9
2026-05-17 17:20:00,3.4,11.57,12.10,13.35,2062688,114550,5.6,0,0,0.0,69,56,85,0.00,13.98,27.70,35.69,2535,19
2026-05-17 17:21:00,3.2,20.11,13.93,13.87,2062688,114565,5.6,0,0,0.0,69,56,85,0.00,14.48,31.15,38.78,2551,5
2026-05-17 17:22:01,1.8,14.93,13.59,13.76,2062688,114542,5.6,0,0,0.0,69,56,85,0.00,17.12,27.62,36.08,2549,3
2026-05-17 17:23:01,1.9,12.50,13.14,13.59,2062688,114565,5.6,0,0,0.0,69,56,85,0.00,13.87,26.59,34.61,2548,1
2026-05-17 17:24:02,1.6,12.85,13.11,13.55,2062688,114579,5.6,0,0,0.0,69,56,85,0.00,14.05,28.62,36.82,2542,6
2026-05-17 17:25:02,3.3,12.75,13.01,13.49,2062688,114568,5.6,0,0,0.0,69,56,85,0.00,13.80,30.21,37.93,2541,10
2026-05-17 17:26:03,4.0,12.21,12.85,13.40,2062688,114559,5.6,0,0,0.0,69,56,85,0.00,14.26,31.00,38.69,2539,116
2026-05-17 17:27:03,3.8,12.20,12.71,13.32,2062688,114581,5.6,0,0,0.0,69,56,86,0.00,17.25,29.85,38.53,2533,6
2026-05-17 17:28:03,3.1,12.84,12.76,13.29,2062688,114589,5.6,0,0,0.0,69,56,86,0.00,14.15,30.41,38.44,2534,5
2026-05-17 17:29:04,2.2,12.61,12.72,13.24,2062688,114570,5.6,0,0,0.0,69,56,86,0.00,13.87,31.33,39.30,2532,2
2026-05-17 17:30:04,9.2,13.37,12.94,13.28,2062688,114567,5.6,0,0,0.0,69,56,86,0.00,14.08,29.12,36.96,2533,24
2026-05-17 17:31:05,3.1,12.06,12.61,13.14,2062688,114567,5.6,0,0,0.0,69,56,86,0.00,14.58,30.45,38.10,2524,7
2026-05-17 17:32:05,2.0,13.52,12.96,13.24,2062688,114536,5.6,0,0,0.0,69,56,86,0.00,24.66,30.00,38.26,2527,4
2026-05-17 17:33:06,3.8,13.63,13.03,13.24,2062688,114574,5.6,0,0,0.0,69,56,86,0.00,14.23,27.25,35.36,2530,4
2026-05-17 17:34:06,3.2,12.04,12.71,13.12,2062688,114557,5.6,0,0,0.0,69,56,86,0.00,13.87,27.47,35.83,2533,5
2026-05-17 17:35:07,2.9,13.96,13.11,13.22,2062688,114552,5.6,0,0,0.0,69,56,86,0.00,14.04,30.11,37.76,2522,7
2026-05-17 17:36:07,3.0,13.36,13.10,13.21,2062688,114561,5.6,0,0,0.0,69,56,86,0.00,14.47,29.22,37.22,2530,6
2026-05-17 17:37:07,3.0,16.98,14.71,13.79,2062688,114557,5.6,0,0,0.0,69,56,86,0.00,17.41,27.49,35.51,2535,17
2026-05-17 17:38:08,3.1,15.53,14.61,13.82,2062688,114582,5.6,0,0,0.0,69,56,86,0.00,13.83,30.86,38.78,2538,7
2026-05-17 17:39:08,3.3,13.43,14.16,13.71,2062688,114563,5.6,0,0,0.0,69,56,86,0.00,14.03,31.65,39.51,2551,6
2026-05-17 17:40:09,1.9,12.61,13.79,13.61,2062688,114556,5.6,0,0,0.0,69,56,86,0.00,14.28,27.40,35.51,2558,3
2026-05-17 17:41:09,3.4,12.50,13.50,13.52,2062688,114565,5.6,0,0,0.0,69,56,86,0.00,14.23,31.39,38.82,2550,7
2026-05-17 17:42:10,34.4,14.76,14.29,13.81,2062688,114572,5.6,0,0,0.0,69,56,86,0.00,16.78,30.76,38.54,2544,23
2026-05-17 17:43:10,7.1,14.21,14.22,13.81,2062688,114607,5.6,0,0,0.0,69,56,86,0.00,14.29,30.71,38.58,2535,5
2026-05-17 17:44:10,3.2,12.99,13.91,13.73,2062688,114543,5.6,0,0,0.0,69,56,86,0.00,14.29,29.56,37.60,2532,3
2026-05-17 17:45:11,3.5,12.36,13.57,13.63,2062688,114579,5.6,0,0,0.0,69,56,86,0.00,14.06,30.80,38.62,2530,3
2026-05-17 17:46:11,3.0,12.31,13.37,13.56,2062688,114594,5.6,0,0,0.0,69,56,86,0.00,14.23,31.33,38.83,2537,4
2026-05-17 17:47:12,3.4,11.92,13.06,13.44,2062688,114589,5.6,0,0,0.0,69,56,86,0.00,17.18,31.03,38.70,2544,8
2026-05-17 17:48:12,3.5,11.59,12.75,13.30,2062688,114586,5.6,0,0,0.0,69,56,86,0.00,11.68,29.94,38.12,2542,5
2026-05-17 17:49:13,3.7,11.27,12.42,13.15,2062688,114570,5.6,0,0,0.0,69,56,86,0.00,14.13,28.77,37.04,2545,6
2026-05-17 17:50:13,10.3,11.56,12.29,13.06,2062688,114562,5.6,0,0,0.0,69,56,86,0.00,14.27,28.99,37.17,2548,5
2026-05-17 17:51:13,1.9,10.68,11.93,12.89,2062688,114547,5.6,0,0,0.0,69,56,86,0.00,14.84,28.19,35.86,2533,5
2026-05-17 17:52:14,3.6,18.23,14.50,13.74,2062688,114575,5.6,0,0,0.0,69,56,86,0.00,14.01,27.02,35.35,2537,5
2026-05-17 17:53:14,3.2,15.19,14.32,13.73,2062688,114588,5.6,0,0,0.0,69,56,86,0.00,16.73,27.06,35.50,2535,26
2026-05-17 17:54:15,12.0,14.40,14.27,13.75,2062688,114595,5.6,0,0,0.0,69,56,86,0.00,14.04,31.18,38.85,2542,28
2026-05-17 17:55:15,3.0,13.92,14.21,13.77,2062688,114568,5.6,0,0,0.0,69,56,86,0.00,13.64,30.98,38.98,2531,5
2026-05-17 17:56:16,18.1,12.97,13.87,13.68,2062688,114584,5.6,0,0,0.0,69,56,86,0.00,22.54,29.88,37.43,2533,11
2026-05-17 17:57:16,3.7,11.81,13.36,13.51,2062688,114571,5.6,0,0,0.0,69,56,86,0.00,13.66,30.56,38.12,2526,7
2026-05-17 17:58:16,3.5,12.36,13.29,13.48,2062688,114601,5.6,0,0,0.0,69,56,86,0.00,17.52,31.14,38.97,2528,7
2026-05-17 17:59:17,3.6,12.10,13.04,13.38,2062688,114596,5.6,0,0,0.0,69,56,86,0.00,14.04,30.31,38.35,2525,6
2026-05-17 18:00:17,1.9,12.73,13.13,13.40,2062688,114568,5.6,0,0,0.0,69,56,86,0.00,13.88,27.07,35.29,2532,2
2026-05-17 18:01:18,16.6,12.60,12.94,13.31,2062688,114597,5.6,0,0,0.0,69,56,86,0.00,14.35,27.37,35.52,2534,8
2026-05-17 18:02:18,3.7,12.81,12.90,13.27,2062688,114609,5.6,0,0,0.0,69,56,86,0.00,38.02,30.06,38.17,2541,8
2026-05-17 18:03:19,1.5,11.83,12.60,13.14,2062688,114578,5.6,0,0,0.0,69,56,86,0.00,16.95,26.01,34.75,2536,5
2026-05-17 18:04:19,2.1,11.68,12.40,13.03,2062688,114570,5.6,0,0,0.0,69,56,86,0.00,13.65,28.14,36.11,2537,4
2026-05-17 18:05:19,5.8,11.55,12.18,12.91,2062688,114567,5.6,0,0,0.0,69,56,86,0.00,14.34,31.74,39.49,2537,21
2026-05-17 18:06:20,2.0,11.72,12.10,12.84,2062688,114549,5.6,0,0,0.0,69,56,86,0.00,22.18,30.64,38.30,2531,3
2026-05-17 18:07:20,3.4,11.83,12.06,12.78,2062688,114555,5.6,0,0,0.0,69,56,86,0.00,14.23,29.23,36.94,2529,6
2026-05-17 18:08:21,3.1,12.06,12.07,12.73,2062688,114595,5.6,0,0,0.0,69,56,86,0.00,17.27,29.90,37.88,2528,5
2026-05-17 18:09:21,3.3,12.60,12.26,12.76,2062688,114584,5.6,0,0,0.0,69,56,86,0.00,14.25,30.11,37.98,2531,6
2026-05-17 18:10:22,3.5,19.88,14.15,13.36,2062688,114574,5.6,0,0,0.0,69,56,86,0.00,14.84,31.03,39.23,2538,5
2026-05-17 18:11:22,3.5,16.82,14.24,13.44,2062688,114569,5.6,0,0,0.0,69,56,86,0.00,14.08,26.95,35.01,2537,11
2026-05-17 18:12:22,3.4,16.44,14.60,13.61,2062688,114576,5.6,0,0,0.0,69,56,86,0.00,13.70,28.80,36.78,2544,14
2026-05-17 18:13:23,26.7,14.97,14.61,13.68,2062688,114602,5.6,0,0,0.0,69,56,86,0.00,17.01,31.00,39.37,2539,4
2026-05-17 18:14:23,2.8,16.72,15.10,13.90,2062688,114614,5.6,0,0,0.0,69,56,86,0.00,14.04,30.50,38.36,2532,10
2026-05-17 18:15:24,2.6,19.65,16.13,14.32,2062688,114577,5.6,0,0,0.0,69,56,86,0.00,13.87,30.36,38.74,2521,4
2026-05-17 18:16:24,3.1,18.18,16.45,14.55,2062688,114586,5.6,0,0,0.0,69,56,86,0.00,14.73,28.73,36.69,2525,4
2026-05-17 18:17:25,11.9,20.11,17.35,14.99,2062688,114578,5.6,0,0,0.0,69,56,86,0.00,14.07,30.38,37.93,2536,8
2026-05-17 18:18:25,2.6,19.54,17.62,15.23,2062688,114605,5.6,0,0,0.0,69,56,86,0.00,17.26,29.52,37.93,2542,5
2026-05-17 18:19:25,1.5,18.26,17.61,15.37,2062688,114613,5.6,0,0,0.0,69,56,86,0.00,11.76,30.84,38.72,2550,4
2026-05-17 18:20:26,3.2,19.70,18.19,15.72,2062688,114580,5.6,0,0,0.0,69,56,86,0.00,14.63,29.74,37.95,2548,7
2026-05-17 18:21:26,6.0,17.63,17.84,15.75,2062688,114584,5.6,0,0,0.0,69,56,86,0.00,14.50,31.10,38.59,2547,9
2026-05-17 18:22:27,3.6,15.77,17.31,15.70,2062688,114605,5.6,0,0,0.0,69,56,86,0.00,13.89,31.34,38.98,2542,7
2026-05-17 18:23:27,1.6,15.97,17.05,15.71,2062688,114618,5.6,0,0,0.0,69,56,86,0.00,16.56,31.09,39.06,2536,2
2026-05-17 18:24:28,3.1,17.21,17.04,15.78,2062688,114608,5.6,0,0,0.0,69,56,86,0.00,13.99,28.20,36.11,2538,9
2026-05-17 18:25:28,26.8,14.47,16.31,15.61,2062688,114605,5.6,0,0,0.0,69,56,86,0.00,14.10,31.36,39.23,2531,8
2026-05-17 18:26:29,3.3,17.02,16.59,15.74,2062688,114608,5.6,0,0,0.0,69,56,86,0.00,14.37,30.94,38.81,2532,5
2026-05-17 18:27:29,3.3,14.91,15.99,15.58,2062688,114604,5.6,0,0,0.0,69,56,86,0.00,14.20,31.23,39.04,2535,27
2026-05-17 18:28:29,4.8,13.54,15.44,15.42,2062688,114614,5.6,0,0,0.0,69,56,86,0.00,17.25,28.86,36.97,2540,27
2026-05-17 18:29:30,9.6,12.35,14.79,15.20,2062688,114583,5.6,0,0,0.0,69,56,86,0.00,21.96,28.91,36.89,2525,6
2026-05-17 18:30:30,1.8,13.29,14.61,15.11,2062688,114564,5.6,0,0,0.0,69,56,86,0.00,14.14,29.57,37.55,2529,6
2026-05-17 18:31:31,1.8,11.89,14.00,14.87,2062688,114565,5.6,0,0,0.0,69,56,86,0.00,14.96,25.96,34.06,2533,7
2026-05-17 18:32:31,1.6,12.48,13.83,14.75,2062688,114560,5.6,0,0,0.0,69,56,86,0.00,14.25,29.12,37.24,2529,5
2026-05-17 18:33:32,3.3,12.91,13.68,14.64,2062688,114609,5.6,0,0,0.0,69,56,86,0.00,17.45,29.04,37.33,2536,19
2026-05-17 18:34:32,3.6,11.99,13.29,14.45,2062688,114586,5.6,0,0,0.0,69,56,86,0.00,13.99,30.25,38.17,2544,7
2026-05-17 18:35:32,3.7,12.13,13.09,14.30,2062688,114593,5.6,0,0,0.0,69,56,86,0.00,14.25,31.34,39.34,2545,13
2026-05-17 18:36:33,2.1,12.36,12.97,14.18,2062688,114582,5.6,0,0,0.0,69,56,86,0.00,15.44,28.81,36.79,2542,6
2026-05-17 18:37:33,3.1,11.87,12.72,14.02,2062688,114593,5.6,0,0,0.0,69,56,86,0.00,14.39,27.35,35.36,2543,6
2026-05-17 18:38:34,3.1,12.10,12.65,13.92,2062688,114606,5.6,0,0,0.0,69,56,86,0.00,16.86,27.85,36.09,2547,9
2026-05-17 18:39:34,3.4,12.31,12.61,13.82,2062688,114592,5.6,0,0,0.0,69,56,86,0.00,14.48,31.51,39.22,2541,28
2026-05-17 18:40:35,11.7,13.01,12.77,13.80,2062688,114602,5.6,0,0,0.0,69,56,86,0.00,14.89,28.54,36.93,2546,18
2026-05-17 18:41:35,3.3,13.86,13.06,13.83,2062688,114598,5.6,0,0,0.0,69,56,86,0.00,14.25,30.62,38.42,2531,5
2026-05-17 18:42:35,3.0,12.68,12.86,13.71,2062688,114612,5.6,0,0,0.0,69,56,86,0.00,14.12,30.98,38.46,2544,6
2026-05-17 18:43:36,2.3,14.54,13.29,13.80,2062688,114626,5.6,0,0,0.0,69,56,86,0.00,17.07,29.81,37.50,2522,5
2026-05-17 18:44:36,3.6,12.45,12.88,13.62,2062688,114588,5.6,0,0,0.0,69,56,86,0.00,14.25,26.96,35.20,2530,5
2026-05-17 18:45:37,3.4,13.69,13.21,13.69,2062688,114609,5.6,0,0,0.0,69,56,86,0.00,22.53,30.97,39.10,2539,6
2026-05-17 18:46:37,3.5,12.79,13.05,13.60,2062688,114600,5.6,0,0,0.0,69,56,86,0.00,14.26,30.04,37.86,2532,5
2026-05-17 18:47:38,3.5,13.72,13.24,13.64,2062688,114596,5.6,0,0,0.0,69,56,86,0.00,14.30,31.16,38.76,2536,6
2026-05-17 18:48:38,2.6,28.26,16.30,14.60,2062688,114616,5.6,0,0,0.0,69,56,86,0.00,16.03,30.28,38.15,2547,5
2026-05-17 18:49:38,3.2,17.98,15.54,14.44,2062688,114596,5.6,0,0,0.0,69,56,86,0.00,12.74,29.22,37.87,2537,10
2026-05-17 18:50:39,1.8,13.76,14.79,14.25,2062688,114585,5.6,0,0,0.0,69,56,86,0.00,14.73,27.83,36.20,2538,4
2026-05-17 18:51:39,3.3,12.63,14.23,14.09,2062688,114598,5.6,0,0,0.0,69,56,86,0.00,14.27,28.38,36.25,2536,18
2026-05-17 18:52:40,3.6,13.55,14.10,14.05,2062688,114607,5.6,0,0,0.0,69,56,86,0.00,13.95,31.10,38.80,2536,7
2026-05-17 18:53:40,1.9,13.32,13.97,14.01,2062688,114597,5.6,0,0,0.0,69,56,86,0.00,14.20,28.64,36.70,2550,5
2026-05-17 18:54:41,2.9,11.89,13.42,13.81,2062688,114604,5.6,0,0,0.0,69,56,86,0.00,17.54,27.81,36.12,2550,9
2026-05-17 18:55:41,3.2,12.06,13.19,13.71,2062688,114585,5.6,0,0,0.0,69,56,86,0.00,14.50,28.10,36.61,2547,6
2026-05-17 18:56:41,2.2,10.99,12.63,13.47,2062688,114588,5.6,0,0,0.0,69,56,86,0.00,14.11,29.69,37.22,2552,5
2026-05-17 18:57:42,3.1,11.55,12.46,13.36,2062688,114587,5.6,0,0,0.0,69,56,86,0.00,13.94,31.70,39.14,2541,9
2026-05-17 18:58:42,3.1,11.76,12.36,13.27,2062688,114607,5.6,0,0,0.0,69,56,86,0.00,13.83,27.76,35.72,2522,9
2026-05-17 18:59:43,2.9,11.91,12.28,13.18,2062688,114602,5.6,0,0,0.0,69,56,86,0.00,17.04,31.43,39.18,2526,6
2026-05-17 19:00:43,2.1,12.45,12.40,13.17,2062688,114640,5.6,0,0,0.0,69,56,85,0.00,431.86,31.11,39.12,2533,3
2026-05-17 19:01:44,2.1,12.68,12.49,13.15,2062688,114603,5.6,0,0,0.0,69,56,85,0.00,43.50,29.38,37.69,2533,6
2026-05-17 19:02:44,3.1,13.03,12.58,13.14,2062688,114609,5.6,0,0,0.0,69,56,85,0.00,13.88,29.81,37.74,2543,6
2026-05-17 19:03:44,3.9,12.82,12.57,13.10,2062688,114619,5.6,0,0,0.0,69,56,85,0.00,13.88,30.97,38.68,2541,5
2026-05-17 19:04:45,8.6,12.04,12.42,13.01,2062688,114565,5.6,0,0,0.0,69,56,85,0.00,16.54,29.78,37.96,2526,16
2026-05-17 19:05:45,3.3,11.90,12.32,12.94,2062688,114609,5.6,0,0,0.0,69,56,85,0.00,14.59,31.08,39.08,2531,8
2026-05-17 19:06:46,1.7,12.58,12.45,12.95,2062688,114574,5.6,0,0,0.0,69,56,85,0.00,14.53,30.43,38.30,2535,1
2026-05-17 19:07:46,3.2,12.64,12.47,12.92,2062688,114598,5.6,0,0,0.0,69,56,85,0.00,13.76,30.13,37.73,2530,8
2026-05-17 19:08:47,3.3,13.48,12.71,12.97,2062688,114615,5.6,0,0,0.0,69,56,85,0.00,13.93,30.86,38.50,2536,5
2026-05-17 19:09:47,3.3,29.17,16.40,14.17,2062688,114604,5.6,0,0,0.0,69,56,86,0.00,17.04,31.03,39.21,2541,9
2026-05-17 19:10:47,2.3,17.79,15.47,13.99,2062688,114599,5.6,0,0,0.0,69,56,86,0.00,12.74,30.18,38.00,2548,4
2026-05-17 19:11:48,3.4,14.53,14.93,13.90,2062688,114606,5.6,0,0,0.0,69,56,86,0.00,21.89,28.95,37.21,2544,5
2026-05-17 19:12:48,3.1,21.82,16.97,14.65,2062688,114617,5.6,0,0,0.0,69,56,86,0.00,13.80,30.56,38.12,2550,10
2026-05-17 19:13:49,2.2,15.03,15.92,14.44,2062688,114598,5.6,0,0,0.0,69,56,86,0.00,13.96,28.45,36.62,2545,5
2026-05-17 19:14:49,3.0,14.79,15.73,14.46,2062688,114593,5.6,0,0,0.0,69,56,86,0.00,17.18,29.41,37.67,2548,7
2026-05-17 19:15:50,11.5,13.24,15.13,14.34,2062688,114583,5.6,0,0,0.0,69,56,86,0.00,14.39,29.64,37.49,2530,21
2026-05-17 19:16:50,1.9,13.41,14.89,14.31,2062688,114589,5.6,0,0,0.0,69,56,86,0.00,14.11,31.58,39.63,2528,3
2026-05-17 19:17:51,3.6,12.38,14.33,14.15,2062688,114594,5.6,0,0,0.0,69,56,86,0.00,14.34,30.38,37.98,2520,5
2026-05-17 19:18:51,3.1,12.46,13.95,14.03,2062688,114632,5.6,0,0,0.0,69,56,86,0.00,13.81,30.31,38.02,2532,5
2026-05-17 19:19:51,1.8,12.92,13.88,14.00,2062688,114600,5.6,0,0,0.0,69,56,86,0.00,16.72,30.79,38.84,2540,3
2026-05-17 19:20:52,3.0,12.61,13.61,13.90,2062688,114624,5.6,0,0,0.0,69,56,86,0.00,14.89,29.97,37.84,2547,6
2026-05-17 19:21:52,2.0,12.87,13.50,13.84,2062688,114607,5.6,0,0,0.0,69,56,86,0.00,13.72,30.60,39.09,2534,5
2026-05-17 19:22:53,3.2,14.25,13.62,13.85,2062688,114601,5.6,0,0,0.0,69,56,86,0.00,13.68,30.71,38.45,2543,5
2026-05-17 19:23:53,3.4,12.83,13.31,13.73,2062688,114624,5.6,0,0,0.0,69,56,86,0.00,14.01,30.40,38.13,2532,9
2026-05-17 19:24:53,1.9,12.53,13.15,13.64,2062688,114600,5.6,0,0,0.0,69,56,86,0.00,17.39,30.46,38.63,2533,4
2026-05-17 19:25:54,5.9,16.87,14.07,13.92,2062688,114619,5.6,0,0,0.0,69,56,86,0.00,14.56,31.43,39.01,2543,4
2026-05-17 19:26:54,3.4,14.95,14.03,13.92,2062688,114603,5.6,0,0,0.0,69,56,86,0.00,14.22,30.85,38.74,2546,25
2026-05-17 19:27:55,12.0,13.75,13.87,13.87,2062688,114614,5.6,0,0,0.0,69,56,86,0.00,14.04,30.72,38.42,2546,27
2026-05-17 19:28:55,3.1,13.94,13.82,13.85,2062688,114642,5.6,0,0,0.0,69,56,86,0.00,13.91,31.03,38.62,2544,7
2026-05-17 19:29:56,3.8,12.64,13.42,13.70,2062688,114614,5.6,0,0,0.0,69,56,86,0.00,16.84,29.71,37.54,2543,6
2026-05-17 19:30:56,3.5,12.13,13.19,13.61,2062688,114606,5.6,0,0,0.0,69,56,86,0.00,14.56,31.06,39.05,2537,10
2026-05-17 19:31:56,3.4,12.43,13.09,13.55,2062688,114597,5.6,0,0,0.0,69,56,86,0.00,22.43,30.17,38.30,2538,26
2026-05-17 19:32:57,2.0,11.89,12.85,13.44,2062688,114575,5.6,0,0,0.0,69,56,86,0.00,13.85,27.20,35.37,2539,6
2026-05-17 19:33:57,3.7,12.85,12.94,13.43,2062688,114620,5.6,0,0,0.0,69,56,86,0.00,14.12,29.00,36.82,2537,5
2026-05-17 19:34:58,2.3,12.37,12.81,13.36,2062688,114589,5.6,0,0,0.0,69,56,86,0.00,16.79,30.75,38.35,2531,1
2026-05-17 19:35:58,3.4,11.27,12.44,13.20,2062688,114589,5.6,0,0,0.0,69,56,86,0.00,14.41,26.39,34.85,2535,5
2026-05-17 19:36:59,3.1,12.35,12.52,13.17,2062688,114604,5.6,0,0,0.0,69,56,86,0.00,14.33,31.12,39.47,2533,5
2026-05-17 19:37:59,3.7,12.38,12.49,13.12,2062688,114603,5.6,0,0,0.0,69,56,86,0.00,13.76,29.32,37.28,2534,6
2026-05-17 19:38:59,3.3,12.17,12.40,13.05,2062688,114624,5.6,0,0,0.0,69,56,86,0.00,13.95,27.78,35.58,2533,24
2026-05-17 19:40:00,10.3,12.80,12.56,13.06,2062688,114623,5.6,0,0,0.0,69,56,86,0.00,16.48,31.14,38.77,2532,10
2026-05-17 19:41:00,3.2,12.63,12.65,13.07,2062688,114595,5.6,0,0,0.0,69,56,86,0.00,12.85,27.34,35.74,2531,8
2026-05-17 19:42:01,3.1,18.81,14.27,13.58,2062688,114616,5.6,0,0,0.0,69,56,86,0.00,14.09,31.47,39.37,2529,5
2026-05-17 19:43:01,3.1,14.53,13.88,13.49,2062688,114635,5.6,0,0,0.0,69,56,86,0.00,14.69,31.32,38.77,2529,4
2026-05-17 19:44:02,1.6,13.55,13.72,13.46,2062688,114618,5.6,0,0,0.0,69,56,86,0.00,13.92,27.99,35.86,2540,2
2026-05-17 19:45:02,3.7,12.27,13.31,13.34,2062688,114612,5.6,0,0,0.0,69,56,86,0.00,15.46,30.49,38.12,2536,6
2026-05-17 19:46:02,2.5,11.52,12.88,13.18,2062688,114617,5.6,0,0,0.0,69,56,86,0.00,15.45,28.24,36.49,2537,16
2026-05-17 19:47:03,3.2,11.21,12.55,13.05,2062688,114636,5.6,0,0,0.0,69,56,86,0.00,14.47,31.52,39.43,2532,5
2026-05-17 19:48:03,3.1,11.70,12.44,12.98,2062688,114657,5.6,0,0,0.0,69,56,86,0.00,14.24,29.60,37.30,2532,7
2026-05-17 19:49:04,1.9,10.89,12.08,12.82,2062688,114645,5.6,0,0,0.0,69,56,86,0.00,13.83,30.73,38.33,2532,5
2026-05-17 19:50:04,1.8,10.92,11.88,12.70,2062688,114638,5.6,0,0,0.0,69,56,86,0.00,14.35,30.10,37.87,2531,5
2026-05-17 19:51:05,9.0,12.11,12.04,12.70,2062688,114623,5.6,0,0,0.0,69,56,86,0.00,17.22,29.85,37.91,2535,17
2026-05-17 19:52:05,3.2,18.86,14.12,13.38,2062688,114635,5.6,0,0,0.0,69,56,86,0.00,14.52,31.38,39.33,2543,4
2026-05-17 19:53:05,3.2,14.97,13.94,13.37,2062688,114661,5.6,0,0,0.0,69,56,86,0.00,13.96,29.53,37.41,2548,8
2026-05-17 19:54:06,3.4,12.61,13.42,13.22,2062688,114634,5.6,0,0,0.0,69,56,86,0.00,13.70,29.45,37.30,2549,8
2026-05-17 19:55:06,1.6,11.67,13.03,13.10,2062688,114629,5.6,0,0,0.0,69,56,86,0.00,21.88,29.05,36.73,2547,7
2026-05-17 19:56:07,3.5,19.06,15.72,14.08,2062688,114625,5.6,0,0,0.0,69,56,86,0.00,17.16,29.61,37.60,2552,7
2026-05-17 19:57:07,2.2,18.26,16.13,14.32,2062688,114623,5.6,0,0,0.0,69,56,86,0.00,14.21,30.42,38.55,2549,3
2026-05-17 19:58:08,3.3,17.35,16.17,14.44,2062688,114645,5.6,0,0,0.0,69,56,86,0.00,13.96,28.01,35.83,2545,6
2026-05-17 19:59:08,1.8,18.12,16.69,14.73,2062688,114625,5.6,0,0,0.0,69,56,86,0.00,14.30,29.63,37.41,2546,3
2026-05-17 20:00:08,2.6,18.67,17.17,15.02,2062688,114599,5.6,0,0,0.0,69,56,86,0.00,14.06,29.71,37.48,2538,2
2026-05-17 20:01:09,2.9,21.11,18.02,15.44,2062688,114621,5.6,0,0,0.0,69,56,86,0.00,17.54,31.01,39.16,2538,6
2026-05-17 20:02:09,1.8,18.87,18.00,15.60,2062688,114587,5.6,0,0,0.0,69,56,86,0.00,38.15,27.55,35.99,2533,4
2026-05-17 20:03:10,3.3,18.32,17.87,15.71,2062688,114631,5.6,0,0,0.0,69,56,86,0.00,13.89,28.84,36.74,2537,9
2026-05-17 20:04:10,3.2,18.28,18.10,15.93,2062688,114635,5.6,0,0,0.0,69,56,86,0.00,13.89,30.17,37.92,2533,6
2026-05-17 20:05:10,3.0,19.60,18.52,16.22,2062688,114617,5.6,0,0,0.0,69,56,86,0.00,21.79,30.50,38.10,2541,5
2026-05-17 20:06:11,3.1,18.75,18.45,16.33,2062688,114606,5.6,0,0,0.0,69,56,86,0.00,17.25,28.93,37.13,2549,6
2026-05-17 20:07:11,1.7,16.09,17.89,16.28,2062688,114569,5.6,0,0,0.0,69,56,86,0.00,14.30,29.71,37.78,2538,5
2026-05-17 20:08:12,3.3,13.85,16.91,16.04,2062688,114613,5.6,0,0,0.0,69,56,86,0.00,13.92,28.79,36.59,2537,4
2026-05-17 20:09:12,2.4,13.18,16.18,15.85,2062688,114595,5.6,0,0,0.0,69,56,86,0.00,13.83,29.79,37.42,2535,3
2026-05-17 20:10:13,3.2,15.82,16.28,15.89,2062688,114623,5.6,0,0,0.0,69,56,86,0.00,14.52,29.45,37.08,2533,6
2026-05-17 20:11:13,3.9,15.61,16.10,15.85,2062688,114630,5.6,0,0,0.0,69,56,86,0.00,17.27,31.44,39.38,2542,7
2026-05-17 20:12:13,1.9,13.32,15.35,15.61,2062688,114616,5.6,0,0,0.0,69,56,86,0.00,14.36,29.49,37.40,2539,3
2026-05-17 20:13:14,1.9,12.30,14.69,15.37,2062688,114611,5.6,0,0,0.0,69,56,86,0.00,14.00,28.45,36.82,2535,2
2026-05-17 20:14:14,3.4,15.70,15.14,15.47,2062688,114615,5.6,0,0,0.0,69,56,86,0.00,14.05,29.42,37.20,2540,9
2026-05-17 20:15:15,1.9,12.55,14.36,15.18,2062688,114593,5.6,0,0,0.0,69,56,86,0.00,13.68,26.85,34.80,2533,5
2026-05-17 20:16:15,1.5,12.93,14.08,15.03,2062688,114591,5.6,0,0,0.0,69,56,86,0.00,14.82,28.70,36.95,2521,2
2026-05-17 20:17:16,3.1,13.20,13.97,14.92,2062688,114607,5.6,0,0,0.0,69,56,86,0.00,14.33,30.12,38.00,2529,7
2026-05-17 20:18:16,23.0,13.83,13.99,14.87,2062688,114632,5.6,0,0,0.0,69,56,86,0.00,14.30,30.42,38.39,2535,4
2026-05-17 20:19:16,3.8,12.93,13.70,14.72,2062688,114621,5.6,0,0,0.0,69,56,86,0.00,13.51,29.90,37.65,2535,7
2026-05-17 20:20:17,3.2,13.34,13.67,14.64,2062688,114622,5.6,0,0,0.0,69,56,86,0.00,13.86,31.18,38.75,2519,6
2026-05-17 20:21:17,3.3,13.63,13.66,14.57,2062688,114625,5.6,0,0,0.0,69,56,86,0.00,17.55,31.23,38.87,2535,31
2026-05-17 20:22:18,3.9,14.13,13.77,14.55,2062688,114628,5.6,0,0,0.0,69,56,86,0.00,13.94,31.39,39.18,2535,5
2026-05-17 20:23:18,1.6,12.78,13.46,14.39,2062688,114621,5.6,0,0,0.0,69,56,86,0.00,13.88,28.92,37.11,2538,6
2026-05-17 20:24:19,3.4,13.15,13.42,14.32,2062688,114638,5.6,0,0,0.0,69,56,86,0.00,13.80,28.24,36.42,2548,6
2026-05-17 20:25:19,3.2,13.64,13.50,14.28,2062688,114645,5.6,0,0,0.0,69,56,86,0.00,14.11,29.92,37.68,2543,6
2026-05-17 20:26:19,8.8,12.48,13.19,14.13,2062688,114627,5.6,0,0,0.0,69,56,86,0.00,16.96,30.09,37.81,2536,21
2026-05-17 20:27:20,1.4,14.02,13.52,14.18,2062688,114609,5.6,0,0,0.0,69,56,86,0.00,22.42,30.35,38.55,2541,2
2026-05-17 20:28:20,3.2,12.70,13.19,14.02,2062688,114637,5.6,0,0,0.0,69,56,86,0.00,13.96,28.71,37.09,2540,7
2026-05-17 20:29:21,3.3,22.96,15.12,14.58,2062688,114642,5.6,0,0,0.0,69,56,86,0.00,14.05,30.56,38.10,2534,7
2026-05-17 20:30:21,6.1,25.45,18.44,15.83,2062688,114622,5.6,0,0,0.0,69,56,86,0.00,14.11,30.94,38.46,2538,8
2026-05-17 20:31:22,3.2,17.20,17.42,15.65,2062688,114618,5.6,0,0,0.0,69,56,86,0.00,17.02,31.32,38.77,2532,8
2026-05-17 20:32:22,2.6,13.12,16.22,15.35,2062688,114626,5.6,0,0,0.0,69,56,86,0.00,14.50,29.07,37.27,2531,3
2026-05-17 20:33:22,2.7,13.43,15.78,15.25,2062688,114666,5.6,0,0,0.0,69,56,86,0.00,14.00,29.27,37.58,2534,4
2026-05-17 20:34:23,8.2,12.54,15.13,15.06,2062688,114627,5.6,0,0,0.0,69,56,86,0.00,13.78,30.37,38.19,2540,4
2026-05-17 20:35:23,3.6,12.50,14.66,14.90,2062688,114641,5.6,0,0,0.0,69,56,86,0.00,14.20,29.84,37.60,2530,8
2026-05-17 20:36:24,2.3,12.33,14.20,14.72,2062688,114625,5.6,0,0,0.0,69,56,86,0.00,14.27,30.75,38.80,2529,6
2026-05-17 20:37:24,2.1,12.79,14.03,14.63,2062688,114615,5.6,0,0,0.0,69,56,86,0.00,17.06,29.46,37.66,2533,7
2026-05-17 20:38:25,11.1,12.99,13.94,14.57,2062688,114654,5.6,0,0,0.0,69,56,86,0.00,14.08,31.40,39.27,2526,22
2026-05-17 20:39:25,1.7,12.22,13.59,14.41,2062688,114605,5.6,0,0,0.0,69,56,86,0.00,13.88,28.22,36.16,2529,4
2026-05-17 20:40:26,3.3,12.10,13.25,14.24,2062688,114629,5.6,0,0,0.0,69,56,86,0.00,14.23,27.91,35.70,2549,9
2026-05-17 20:41:26,2.2,12.80,13.19,14.15,2062688,114653,5.6,0,0,0.0,69,56,86,0.00,13.96,31.39,39.06,2553,6
2026-05-17 20:42:26,3.7,11.68,12.78,13.95,2062688,114633,5.6,0,0,0.0,69,56,86,0.00,16.93,30.63,38.45,2549,9
2026-05-17 20:43:27,3.4,11.87,12.65,13.82,2062688,114631,5.6,0,0,0.0,69,56,86,0.00,14.16,26.58,35.09,2548,1
2026-05-17 20:44:27,3.4,12.44,12.68,13.76,2062688,114639,5.6,0,0,0.0,69,56,86,0.00,13.80,27.27,35.32,2543,5
2026-05-17 20:45:28,2.2,17.57,14.82,14.47,2062688,114614,5.6,0,0,0.0,69,56,86,0.00,22.50,26.11,34.21,2530,2
2026-05-17 20:46:28,3.3,15.04,14.53,14.39,2062688,114627,5.6,0,0,0.0,69,56,86,0.00,14.02,29.48,37.24,2539,7
2026-05-17 20:47:29,1.6,13.61,14.24,14.30,2062688,114627,5.6,0,0,0.0,69,56,86,0.00,14.49,29.73,38.18,2530,3
2026-05-17 20:48:29,3.3,14.39,14.29,14.31,2062688,114661,5.6,0,0,0.0,69,56,86,0.00,14.04,31.22,39.51,2530,13
2026-05-17 20:49:29,6.9,28.37,17.34,15.30,2062688,114633,5.6,0,0,0.0,69,56,86,0.00,13.45,31.19,38.76,2536,11
2026-05-17 20:50:30,3.1,19.44,16.74,15.22,2062688,114644,5.6,0,0,0.0,69,56,86,0.00,14.20,30.82,38.69,2544,5
2026-05-17 20:51:30,7.9,13.98,15.71,14.96,2062688,114614,5.6,0,0,0.0,69,56,86,0.00,13.80,27.83,35.63,2544,4
2026-05-17 20:52:31,3.4,12.96,15.12,14.80,2062688,114645,5.6,0,0,0.0,69,56,86,0.00,17.30,28.30,36.64,2541,6
2026-05-17 20:53:31,3.2,12.39,14.54,14.62,2062688,114667,5.6,0,0,0.0,69,56,86,0.00,13.86,25.92,34.48,2535,5
2026-05-17 20:54:32,3.3,11.31,13.83,14.37,2062688,114643,5.6,0,0,0.0,69,56,86,0.00,13.91,31.77,39.07,2537,5
2026-05-17 20:55:32,17.8,12.38,13.67,14.28,2062688,114627,5.6,0,0,0.0,69,56,86,0.00,13.98,30.80,38.62,2531,6
2026-05-17 20:56:32,2.4,12.01,13.34,14.12,2062688,114637,5.6,0,0,0.0,69,56,86,0.00,14.48,29.86,37.57,2529,5
2026-05-17 20:57:33,5.3,12.22,13.17,14.01,2062688,114636,5.6,0,0,0.0,69,56,86,0.00,17.21,29.48,37.67,2532,4
2026-05-17 20:58:33,3.2,12.08,12.96,13.89,2062688,114679,5.6,0,0,0.0,69,56,86,0.00,14.38,28.11,36.79,2528,5
2026-05-17 20:59:34,4.2,11.85,12.72,13.75,2062688,114639,5.6,0,0,0.0,69,56,86,0.00,14.05,30.39,38.27,2528,5
2026-05-17 21:00:34,3.5,12.18,12.70,13.68,2062688,114676,5.6,0,0,0.0,69,56,86,0.00,138.01,28.42,36.48,2522,7
2026-05-17 21:01:35,3.2,11.62,12.45,13.53,2062688,114638,5.6,0,0,0.0,69,56,86,0.00,43.68,28.95,36.76,2532,6
2026-05-17 21:02:35,3.2,12.66,12.53,13.48,2062688,114647,5.6,0,0,0.0,69,56,86,0.00,14.12,30.82,38.39,2529,9
2026-05-17 21:03:36,3.1,17.29,13.72,13.82,2062688,114658,5.6,0,0,0.0,69,56,86,0.00,14.62,31.15,39.54,2534,6
2026-05-17 21:04:36,2.0,23.20,16.68,14.86,2062688,114610,5.6,0,0,0.0,69,56,86,0.00,14.06,27.95,35.92,2540,5
2026-05-17 21:05:36,3.1,16.05,15.78,14.67,2062688,114627,5.6,0,0,0.0,69,56,86,0.00,13.87,29.50,37.22,2544,7
2026-05-17 21:06:37,1.7,13.18,14.98,14.46,2062688,114629,5.6,0,0,0.0,69,56,86,0.00,14.00,27.76,35.75,2537,2
2026-05-17 21:07:37,2.1,12.87,14.53,14.33,2062688,114632,5.6,0,0,0.0,69,56,86,0.00,16.84,30.13,37.74,2543,9
2026-05-17 21:08:38,3.3,12.07,14.01,14.16,2062688,114663,5.6,0,0,0.0,69,56,86,0.00,15.04,31.21,39.44,2536,6
2026-05-17 21:09:38,26.9,21.24,15.78,14.73,2062688,114612,5.6,0,0,0.0,69,56,86,0.00,13.93,28.70,36.54,2531,5
2026-05-17 21:10:39,2.9,15.79,15.16,14.58,2062688,114619,5.6,0,0,0.0,69,56,86,0.00,15.23,26.07,34.23,2537,8
2026-05-17 21:11:39,3.0,13.78,14.74,14.47,2062688,114620,5.6,0,0,0.0,69,56,86,0.00,22.00,29.61,37.40,2538,6
2026-05-17 21:12:39,3.3,12.40,14.19,14.30,2062688,114607,5.6,0,0,0.0,69,56,86,0.00,13.62,31.33,38.78,2544,6
2026-05-17 21:13:40,10.8,11.42,13.59,14.08,2062688,114632,5.6,0,0,0.0,69,56,86,0.00,16.89,30.38,39.09,2545,10
2026-05-17 21:14:40,3.4,11.23,13.10,13.88,2062688,114628,5.6,0,0,0.0,69,56,86,0.00,13.75,29.58,37.51,2543,6
2026-05-17 21:15:41,4.1,11.05,12.71,13.70,2062688,114623,5.6,0,0,0.0,69,56,86,0.00,14.42,27.87,35.94,2551,6
2026-05-17 21:16:41,2.0,10.88,12.36,13.51,2062688,114589,5.6,0,0,0.0,69,56,86,0.00,14.06,25.54,33.77,2534,3
2026-05-17 21:17:42,2.3,11.96,12.43,13.47,2062688,114621,5.6,0,0,0.0,69,56,86,0.00,13.84,30.68,38.30,2531,7
2026-05-17 21:18:42,1.8,16.06,13.62,13.81,2062688,114624,5.6,0,0,0.0,69,56,86,0.00,17.31,28.54,37.31,2539,5
2026-05-17 21:19:42,1.6,13.41,13.35,13.71,2062688,114615,5.6,0,0,0.0,69,56,86,0.00,13.58,26.87,34.97,2537,4
2026-05-17 21:20:43,2.1,12.15,12.98,13.56,2062688,114644,5.6,0,0,0.0,69,56,86,0.00,14.35,30.87,38.47,2539,2
2026-05-17 21:21:43,3.4,12.59,12.95,13.51,2062688,114620,5.6,0,0,0.0,69,56,86,0.00,13.97,31.20,38.83,2546,6
2026-05-17 21:22:44,2.7,12.53,12.88,13.45,2062688,114643,5.6,0,0,0.0,69,56,86,0.00,13.79,30.65,38.44,2552,4
2026-05-17 21:23:44,3.2,12.76,12.91,13.42,2062688,114666,5.6,0,0,0.0,69,56,86,0.00,16.91,28.00,36.94,2544,4
2026-05-17 21:24:45,3.2,12.46,12.78,13.34,2062688,114627,5.6,0,0,0.0,69,56,86,0.00,14.05,27.64,35.68,2544,3
2026-05-17 21:25:45,8.6,11.70,12.50,13.21,2062688,114644,5.6,0,0,0.0,69,56,86,0.00,13.97,29.25,37.19,2540,5
2026-05-17 21:26:45,3.2,14.95,13.58,13.56,2062688,114648,5.6,0,0,0.0,69,56,86,0.00,14.33,30.13,38.00,2529,7
2026-05-17 21:27:46,3.7,12.79,13.25,13.45,2062688,114640,5.6,0,0,0.0,69,56,86,0.00,13.74,31.41,38.78,2531,4
2026-05-17 21:28:46,3.3,11.68,12.83,13.29,2062688,114667,5.6,0,0,0.0,69,56,86,0.00,17.11,29.98,38.12,2539,7
2026-05-17 21:29:47,2.8,11.80,12.66,13.20,2062688,114629,5.6,0,0,0.0,69,56,86,0.00,14.02,31.25,39.15,2527,7
2026-05-17 21:30:47,2.3,11.70,12.50,13.11,2062688,114639,5.6,0,0,0.0,69,56,86,0.00,14.58,27.64,35.67,2543,8
2026-05-17 21:31:48,3.4,13.17,12.75,13.15,2062688,114625,5.6,0,0,0.0,69,56,86,0.00,21.62,29.82,37.42,2555,7
2026-05-17 21:32:48,1.7,16.63,14.26,13.67,2062688,114622,5.6,0,0,0.0,69,56,86,0.00,11.59,29.52,37.43,2550,6
2026-05-17 21:33:48,3.6,12.76,13.62,13.49,2062688,114664,5.6,0,0,0.0,69,56,86,0.00,17.16,27.72,36.26,2555,8
2026-05-17 21:34:49,3.0,11.93,13.21,13.35,2062688,114623,5.6,0,0,0.0,69,56,86,0.00,13.87,29.17,37.51,2557,9
2026-05-17 21:35:49,3.4,12.15,13.00,13.27,2062688,114639,5.6,0,0,0.0,69,56,86,0.00,13.73,31.26,39.10,2549,8
2026-05-17 21:36:50,3.2,12.21,12.85,13.20,2062688,114630,5.6,0,0,0.0,69,56,86,0.00,14.19,29.18,37.28,2541,5
2026-05-17 21:37:50,1.8,11.14,12.47,13.05,2062688,114599,5.6,0,0,0.0,69,56,86,0.00,13.96,29.31,36.92,2539,2
2026-05-17 21:38:51,4.6,11.20,12.28,12.95,2062688,114636,5.6,0,0,0.0,69,56,86,0.00,16.67,27.62,35.82,2539,6
2026-05-17 21:39:51,1.5,11.12,12.06,12.83,2062688,114601,5.6,0,0,0.0,69,56,86,0.00,14.25,28.74,37.17,2530,6
2026-05-17 21:40:51,2.0,12.13,12.14,12.81,2062688,114626,5.6,0,0,0.0,69,56,86,0.00,14.73,28.69,36.60,2523,3
2026-05-17 21:41:52,3.4,14.92,12.88,13.01,2062688,114631,5.6,0,0,0.0,69,56,86,0.00,13.82,31.33,38.90,2526,6
2026-05-17 21:42:52,3.6,18.11,14.01,13.39,2062688,114642,5.6,0,0,0.0,69,56,86,0.00,13.83,31.03,38.65,2530,8
2026-05-17 21:43:53,1.6,21.38,15.68,14.00,2062688,114662,5.6,0,0,0.0,69,56,86,0.00,17.10,28.74,36.76,2539,88
2026-05-17 21:44:53,3.7,19.53,16.25,14.31,2062688,114630,5.6,0,0,0.0,69,56,86,0.00,14.06,30.52,38.98,2550,7
2026-05-17 21:45:53,3.3,17.44,16.32,14.46,2062688,114669,5.6,0,0,0.0,69,56,86,0.00,14.49,30.90,38.78,2536,10
2026-05-17 21:46:54,1.9,15.53,16.03,14.47,2062688,114641,5.6,0,0,0.0,69,56,86,0.00,14.01,26.99,35.18,2539,6
2026-05-17 21:47:54,3.4,17.11,16.31,14.66,2062688,114638,5.6,0,0,0.0,69,56,86,0.00,13.81,27.89,35.70,2530,15
2026-05-17 21:48:55,11.5,18.21,16.88,14.97,2062688,114671,5.6,0,0,0.0,69,56,86,0.00,16.76,29.85,37.68,2519,5
2026-05-17 21:49:55,3.3,20.34,17.55,15.32,2062688,114636,5.6,0,0,0.0,69,56,86,0.00,13.95,30.79,39.20,2521,5
2026-05-17 21:50:56,1.9,18.08,17.58,15.47,2062688,114669,5.6,0,0,0.0,69,56,86,0.00,15.10,28.78,36.51,2537,4
2026-05-17 21:51:56,3.6,14.95,16.73,15.31,2062688,114648,5.6,0,0,0.0,69,56,86,0.00,13.91,26.48,34.60,2543,7
2026-05-17 21:52:57,1.7,15.63,16.65,15.37,2062688,114642,5.6,0,0,0.0,69,56,86,0.00,13.98,30.37,38.18,2546,1
2026-05-17 21:53:57,3.1,15.29,16.17,15.28,2062688,114686,5.6,0,0,0.0,69,56,86,0.00,16.34,27.39,35.30,2531,4
2026-05-17 21:54:57,1.8,12.37,15.20,15.00,2062688,114611,5.6,0,0,0.0,69,56,86,0.00,14.48,25.88,34.86,2530,2
2026-05-17 21:55:58,2.3,12.98,14.84,14.88,2062688,114626,5.6,0,0,0.0,69,56,86,0.00,22.26,29.65,37.49,2530,3
2026-05-17 21:56:58,1.8,12.19,14.24,14.67,2062688,114609,5.6,0,0,0.0,69,56,86,0.00,14.07,26.34,34.39,2521,7
2026-05-17 21:57:59,3.5,11.94,13.84,14.51,2062688,114634,5.6,0,0,0.0,69,56,86,0.00,13.95,28.05,36.22,2533,8
2026-05-17 21:58:59,1.8,12.51,13.73,14.43,2062688,114626,5.6,0,0,0.0,69,56,86,0.00,13.91,29.81,37.44,2533,17
2026-05-17 22:00:00,1.6,14.23,13.87,14.43,2062688,114633,5.6,0,0,0.0,69,56,86,0.00,17.15,28.23,36.88,2535,4
2026-05-17 22:01:00,1.6,13.07,13.63,14.31,2062688,114654,5.6,0,0,0.0,69,56,86,0.00,14.71,25.86,34.02,2537,2
2026-05-17 22:02:00,3.8,13.12,13.36,14.16,2062688,114649,5.6,0,0,0.0,69,56,86,0.00,38.09,25.66,33.69,2548,6
2026-05-17 22:03:01,26.2,13.97,13.48,14.15,2062688,114636,5.6,0,0,0.0,69,56,86,0.00,14.00,31.06,38.70,2529,6
2026-05-17 22:04:01,3.4,13.78,13.49,14.10,2062688,114664,5.6,0,0,0.0,69,56,86,0.00,13.92,30.96,38.61,2535,7
2026-05-17 22:05:02,1.7,13.79,13.54,14.08,2062688,114640,5.6,0,0,0.0,69,56,86,0.00,25.21,31.22,39.66,2538,6
2026-05-17 22:06:02,2.2,14.78,13.89,14.16,2062688,114604,5.6,0,0,0.0,69,56,86,0.00,14.35,28.83,36.80,2536,5
2026-05-17 22:07:03,4.0,13.33,13.70,14.09,2062688,114612,5.6,0,0,0.0,69,56,86,0.00,14.27,30.31,37.84,2538,6
2026-05-17 22:08:03,9.0,12.63,13.42,13.97,2062688,114619,5.6,0,0,0.0,69,56,86,0.00,14.11,30.95,38.73,2541,7
2026-05-17 22:09:03,3.3,11.72,13.02,13.79,2062688,114643,5.6,0,0,0.0,69,56,86,0.00,11.55,28.21,36.23,2533,8
2026-05-17 22:10:04,3.3,18.51,15.65,14.71,2062688,114641,5.6,0,0,0.0,69,56,86,0.00,17.70,30.98,39.85,2534,5
2026-05-17 22:11:04,2.1,15.83,15.43,14.69,2062688,114633,5.6,0,0,0.0,69,56,86,0.00,14.68,30.69,38.29,2532,2
2026-05-17 22:12:05,11.5,13.54,14.85,14.54,2062688,114641,5.6,0,0,0.0,69,56,86,0.00,13.81,30.19,37.78,2524,6
2026-05-17 22:13:05,3.2,19.36,17.28,15.46,2062688,114643,5.6,0,0,0.0,69,56,86,0.00,13.62,29.76,37.71,2519,5
2026-05-17 22:14:06,4.8,15.07,16.41,15.27,2062688,114599,5.6,0,0,0.0,69,56,86,0.00,14.06,30.61,38.19,2532,3
2026-05-17 22:15:06,2.1,18.89,16.93,15.50,2062688,114583,5.6,0,0,0.0,69,56,86,0.00,17.71,28.58,37.18,2533,3
2026-05-17 22:16:06,2.0,14.45,16.01,15.28,2062688,114621,5.6,0,0,0.0,69,56,86,0.00,14.42,30.33,37.89,2537,4
2026-05-17 22:17:07,3.1,13.27,15.36,15.10,2062688,114645,5.6,0,0,0.0,69,56,86,0.00,13.77,31.14,38.98,2543,8
2026-05-17 22:18:07,3.2,12.68,14.81,14.92,2062688,114642,5.6,0,0,0.0,69,56,86,0.43,15.01,30.15,38.06,2544,5
2026-05-17 22:19:08,2.0,11.36,14.01,14.64,2062688,114619,5.6,0,0,0.0,69,56,86,0.00,13.84,28.47,36.13,2551,4
2026-05-17 22:20:08,2.5,11.72,13.62,14.46,2062688,114624,5.6,0,0,0.0,69,56,86,0.00,16.67,31.45,39.50,2544,4
2026-05-17 22:21:09,1.7,13.63,13.92,14.51,2062688,114600,5.6,0,0,0.0,69,56,86,0.00,14.50,30.23,38.31,2539,3
2026-05-17 22:22:09,3.7,13.42,13.77,14.42,2062688,114619,5.6,0,0,0.0,69,56,86,0.00,13.84,30.14,38.07,2540,7
2026-05-17 22:23:09,6.4,13.50,13.71,14.36,2062688,114636,5.6,0,0,0.0,69,56,86,0.00,13.79,31.01,38.53,2534,19
2026-05-17 22:24:10,1.8,12.32,13.35,14.19,2062688,114660,5.6,0,0,0.0,69,56,86,0.00,13.54,29.57,37.34,2538,5
2026-05-17 22:25:10,1.9,12.65,13.26,14.11,2062688,114625,5.6,0,0,0.0,69,56,86,0.00,17.02,30.40,38.41,2542,6
2026-05-17 22:26:11,3.5,13.62,13.37,14.09,2062688,114634,5.6,0,0,0.0,69,56,86,0.00,14.53,30.36,38.76,2537,10
2026-05-17 22:27:11,3.5,19.89,14.86,14.53,2062688,114604,5.6,0,0,0.0,69,56,86,0.00,13.97,25.80,33.92,2534,5
2026-05-17 22:28:12,3.6,15.21,14.42,14.40,2062688,114638,5.6,0,0,0.0,69,56,86,0.00,13.77,30.90,38.40,2536,5
2026-05-17 22:29:12,3.6,13.05,13.95,14.24,2062688,114642,5.6,0,0,0.0,69,56,86,0.00,21.82,31.56,39.18,2533,6
2026-05-17 22:30:13,1.7,12.35,13.57,14.08,2062688,114606,5.6,0,0,0.0,69,56,86,0.00,17.26,29.31,37.47,2538,5
2026-05-17 22:31:13,7.3,12.53,13.35,13.98,2062688,114634,5.6,0,0,0.0,69,56,86,0.00,14.19,28.89,37.47,2541,5
2026-05-17 22:32:13,1.4,11.94,13.03,13.82,2062688,114634,5.6,0,0,0.0,69,56,86,0.00,13.89,27.91,35.82,2538,3
2026-05-17 22:33:14,3.3,12.22,12.89,13.72,2062688,114636,5.6,0,0,0.0,69,56,86,0.00,13.76,28.90,37.06,2542,5
2026-05-17 22:34:14,1.9,11.21,12.49,13.54,2062688,114597,5.6,0,0,0.0,69,56,86,0.00,13.99,30.05,37.50,2539,5
2026-05-17 22:35:15,3.0,12.28,12.59,13.51,2062688,114625,5.6,0,0,0.0,69,56,86,0.00,16.93,29.93,37.74,2543,7
2026-05-17 22:36:15,3.7,15.10,13.28,13.68,2062688,114623,5.6,0,0,0.0,69,56,86,0.00,14.62,31.35,39.60,2540,9
2026-05-17 22:37:16,3.2,13.65,13.25,13.65,2062688,114623,5.6,0,0,0.0,69,56,86,0.00,14.46,31.05,38.75,2545,13
2026-05-17 22:38:16,3.2,13.26,13.20,13.61,2062688,114652,5.6,0,0,0.0,69,56,86,0.00,13.88,30.93,38.72,2536,7
2026-05-17 22:39:16,5.5,23.86,15.71,14.41,2062688,114638,5.6,0,0,0.0,69,56,86,0.00,11.20,29.59,37.56,2529,6
2026-05-17 22:40:17,3.2,16.56,15.08,14.27,2062688,114658,5.6,0,0,0.0,69,56,86,0.00,17.27,29.45,37.11,2542,7
2026-05-17 22:41:17,1.7,13.33,14.45,14.11,2062688,114621,5.6,0,0,0.0,69,56,86,0.00,14.61,30.13,38.58,2531,2
2026-05-17 22:42:18,3.6,12.49,13.97,13.96,2062688,114627,5.6,0,0,0.0,69,56,86,0.00,13.79,28.46,36.36,2530,8
2026-05-17 22:43:18,3.8,13.90,14.05,13.98,2062688,114657,5.6,0,0,0.0,69,56,86,0.00,13.66,31.05,38.77,2540,8
2026-05-17 22:44:19,3.0,12.79,13.70,13.87,2062688,114619,5.6,0,0,0.0,69,56,86,0.00,13.87,28.18,36.53,2542,6
2026-05-17 22:45:19,3.0,16.46,14.92,14.29,2062688,114623,5.6,0,0,0.0,69,56,86,0.00,24.73,27.34,35.29,2530,6
2026-05-17 22:46:19,3.5,14.84,14.75,14.27,2062688,114652,5.6,0,0,0.0,69,56,86,0.00,14.63,31.53,39.93,2533,7
2026-05-17 22:47:20,3.2,13.30,14.31,14.15,2062688,114655,5.6,0,0,0.0,69,56,86,0.00,14.34,30.21,38.15,2534,5
2026-05-17 22:48:20,3.1,14.91,14.58,14.25,2062688,114663,5.6,0,0,0.0,69,56,86,0.00,13.97,30.89,38.64,2529,7
2026-05-17 22:49:21,3.1,24.76,16.74,14.97,2062688,114652,5.6,0,0,0.0,69,56,86,0.00,13.96,30.72,38.40,2538,6
2026-05-17 22:50:21,3.3,16.86,15.91,14.79,2062688,114633,5.6,0,0,0.0,69,56,86,0.00,13.97,31.01,38.67,2545,8
2026-05-17 22:51:22,3.1,13.53,15.12,14.59,2062688,114652,5.6,0,0,0.0,69,56,86,0.00,17.73,31.24,39.61,2539,5
2026-05-17 22:52:22,3.3,12.54,14.55,14.42,2062688,114652,5.6,0,0,0.0,69,56,86,0.00,13.69,31.49,38.84,2546,4
2026-05-17 22:53:22,3.1,13.14,14.34,14.36,2062688,114679,5.6,0,0,0.0,69,56,86,0.00,13.90,31.38,38.69,2536,11
2026-05-17 22:54:23,3.3,14.10,14.42,14.39,2062688,114662,5.6,0,0,0.0,69,56,86,0.00,13.68,28.43,36.60,2533,23
2026-05-17 22:55:23,3.4,15.51,14.68,14.47,2062688,114655,5.6,0,0,0.0,69,56,86,0.00,14.01,29.80,37.71,2538,19
2026-05-17 22:56:24,2.8,18.53,16.52,15.17,2062688,114639,5.6,0,0,0.0,69,56,86,0.00,17.48,29.32,37.93,2537,5
2026-05-17 22:57:24,3.3,15.38,15.91,15.04,2062688,114647,5.6,0,0,0.0,69,56,86,0.00,13.94,29.30,37.18,2521,4
2026-05-17 22:58:25,1.4,19.44,17.81,15.80,2062688,114643,5.6,0,0,0.0,69,56,86,0.00,14.13,27.17,35.22,2538,3
2026-05-17 22:59:25,3.9,16.91,17.25,15.72,2062688,114634,5.6,0,0,0.0,69,56,86,0.00,13.85,29.10,37.26,2536,5
2026-05-17 23:00:25,30.6,13.39,16.20,15.46,2062688,114703,5.6,0,0,0.0,69,56,86,0.00,135.17,27.88,35.87,2541,6
2026-05-17 23:01:26,3.4,12.37,15.41,15.23,2062688,114649,5.6,0,0,0.0,69,56,86,0.00,23.25,28.77,37.60,2544,5
2026-05-17 23:02:26,3.0,11.91,14.74,15.01,2062688,114634,5.6,0,0,0.0,69,56,86,0.00,37.97,31.06,38.64,2551,4
2026-05-17 23:03:27,3.6,12.55,14.42,14.88,2062688,114656,5.6,0,0,0.0,69,56,86,0.00,13.59,30.00,37.80,2537,7
2026-05-17 23:04:27,3.6,12.02,13.92,14.68,2062688,114638,5.6,0,0,0.0,69,56,86,0.00,13.43,30.02,37.80,2545,6
2026-05-17 23:05:28,2.8,12.40,13.65,14.54,2062688,114639,5.6,0,0,0.0,69,56,86,0.00,14.07,30.07,37.63,2538,7
2026-05-17 23:06:28,2.3,12.48,13.48,14.42,2062688,114611,5.6,0,0,0.0,69,56,86,0.00,17.36,29.85,38.43,2528,7
2026-05-17 23:07:28,3.0,11.82,13.08,14.22,2062688,114621,5.6,0,0,0.0,69,56,86,0.00,13.46,26.03,34.29,2518,4
2026-05-17 23:08:29,3.1,12.65,13.07,14.14,2062688,114640,5.6,0,0,0.0,69,56,86,0.00,13.96,28.47,36.41,2527,8
2026-05-17 23:09:29,1.9,12.69,12.95,14.03,2062688,114622,5.6,0,0,0.0,69,56,86,0.00,13.71,30.81,38.53,2522,7
2026-05-17 23:10:30,7.8,18.39,14.54,14.50,2062688,114647,5.6,0,0,0.0,69,56,86,0.00,14.21,31.13,38.63,2525,22
2026-05-17 23:11:30,3.0,15.26,14.39,14.46,2062688,114621,5.6,0,0,0.0,69,56,86,0.00,17.00,30.47,38.71,2532,6
2026-05-17 23:12:31,3.2,13.62,14.14,14.37,2062688,114636,5.6,0,0,0.0,69,56,86,0.00,22.29,31.34,38.96,2539,5
2026-05-17 23:13:31,1.9,12.26,13.66,14.19,2062688,114648,5.6,0,0,0.0,69,56,86,0.00,13.77,31.24,38.87,2537,2
2026-05-17 23:14:31,3.8,10.46,12.91,13.90,2062688,114616,5.6,0,0,0.0,69,56,86,0.00,13.39,24.96,33.01,2536,4
2026-05-17 23:15:32,3.2,10.72,12.58,13.72,2062688,114624,5.6,0,0,0.0,69,56,86,0.00,13.70,28.57,36.52,2548,6
2026-05-17 23:16:32,8.3,25.50,16.01,14.80,2062688,114621,5.6,0,0,0.0,69,56,86,0.00,17.27,27.89,36.31,2541,7
2026-05-17 23:17:33,3.8,17.18,15.35,14.65,2062688,114629,5.6,0,0,0.0,69,56,86,0.00,14.25,31.25,39.18,2540,6
2026-05-17 23:18:33,1.8,13.65,14.70,14.47,2062688,114640,5.6,0,0,0.0,69,56,86,0.00,14.55,28.30,36.19,2544,2
2026-05-17 23:19:34,3.6,12.36,14.15,14.29,2062688,114613,5.6,0,0,0.0,69,56,86,0.00,13.71,26.60,34.92,2537,5
2026-05-17 23:20:34,2.7,11.99,13.69,14.12,2062688,114622,5.6,0,0,0.0,69,56,86,0.00,11.86,28.87,36.69,2530,5
2026-05-17 23:21:34,2.2,12.12,13.41,13.99,2062688,114644,5.6,0,0,0.0,69,56,86,0.00,17.42,31.00,38.81,2536,5
2026-05-17 23:22:35,3.3,12.35,13.22,13.89,2062688,114637,5.6,0,0,0.0,69,56,86,0.00,13.93,31.05,39.27,2538,6
2026-05-17 23:23:35,1.7,11.67,12.87,13.73,2062688,114646,5.6,0,0,0.0,69,56,86,0.00,13.71,29.85,37.41,2543,4
2026-05-17 23:24:36,3.5,11.56,12.62,13.59,2062688,114627,5.6,0,0,0.0,69,56,86,0.00,13.95,30.05,37.89,2541,8
2026-05-17 23:25:36,1.6,11.84,12.57,13.51,2062688,114613,5.6,0,0,0.0,69,56,86,0.00,14.14,28.76,36.67,2546,4
2026-05-17 23:26:37,1.9,13.19,12.89,13.56,2062688,114625,5.6,0,0,0.0,69,56,86,0.00,16.93,29.98,38.06,2546,2
2026-05-17 23:27:37,3.1,16.24,13.86,13.86,2062688,114624,5.6,0,0,0.0,69,56,86,0.00,14.45,29.30,37.94,2534,19
2026-05-17 23:28:38,2.9,17.04,14.57,14.10,2062688,114660,5.6,0,0,0.0,69,56,86,0.00,13.81,29.06,36.91,2538,6
2026-05-17 23:29:38,1.9,13.09,13.88,13.89,2062688,114597,5.6,0,0,0.0,69,56,86,0.00,13.91,24.56,32.81,2537,3
2026-05-17 23:30:38,4.9,17.01,14.72,14.17,2062688,114633,5.6,0,0,0.0,69,56,86,0.00,14.73,25.93,34.02,2530,6
2026-05-17 23:31:39,2.4,18.28,15.58,14.51,2062688,114597,5.6,0,0,0.0,69,56,86,0.00,24.53,29.92,37.93,2532,1
2026-05-17 23:32:39,3.2,18.59,16.23,14.80,2062688,114638,5.6,0,0,0.0,69,56,86,0.00,14.73,31.55,39.99,2536,24
2026-05-17 23:33:40,12.1,21.03,17.39,15.30,2062688,114671,5.6,0,0,0.0,69,56,86,0.00,13.97,30.20,37.95,2540,25
2026-05-17 23:34:40,5.7,19.23,17.44,15.44,2062688,114634,5.6,0,0,0.0,69,56,86,0.00,13.73,28.64,36.50,2542,5
2026-05-17 23:35:41,3.5,18.32,17.35,15.53,2062688,114642,5.6,0,0,0.0,69,56,86,0.00,13.80,30.78,38.78,2552,6
2026-05-17 23:36:41,3.0,27.07,19.65,16.41,2062688,114640,5.6,0,0,0.0,69,56,86,0.00,14.14,31.00,38.86,2553,6
2026-05-17 23:37:41,3.2,20.66,19.37,16.53,2062688,114639,5.6,0,0,0.0,69,56,86,0.00,17.00,30.60,38.66,2548,6
2026-05-17 23:38:42,2.2,27.51,21.25,17.33,2062688,114618,5.6,0,0,0.0,69,56,86,0.00,13.72,28.26,36.29,2541,6
2026-05-17 23:39:42,23.2,18.68,19.83,17.08,2062688,114596,5.6,0,0,0.0,69,56,86,0.00,13.82,29.17,36.91,2535,5
2026-05-17 23:40:43,3.1,16.77,19.12,17.01,2062688,114612,5.6,0,0,0.0,69,56,86,0.00,14.21,28.68,36.54,2530,7
2026-05-17 23:41:43,3.5,13.83,17.79,16.68,2062688,114613,5.6,0,0,0.0,69,56,86,0.00,13.80,29.05,37.07,2530,7
2026-05-17 23:42:44,1.9,13.41,16.98,16.47,2062688,114603,5.6,0,0,0.0,69,56,86,0.00,17.51,31.31,39.88,2531,4
2026-05-17 23:43:44,2.9,12.13,15.97,16.15,2062688,114627,5.6,0,0,0.0,69,56,86,0.00,14.08,25.90,33.98,2546,4
2026-05-17 23:44:44,5.6,13.66,15.64,16.02,2062688,114588,5.6,0,0,0.0,69,56,86,0.00,13.63,30.24,37.79,2538,3
2026-05-17 23:45:45,3.3,12.89,15.09,15.81,2062688,114606,5.6,0,0,0.0,69,56,86,0.00,13.46,28.65,36.67,2532,7
2026-05-17 23:46:45,3.0,13.04,14.70,15.63,2062688,114627,5.6,0,0,0.0,69,56,86,0.00,13.63,31.09,38.67,2532,5
2026-05-17 23:47:46,3.6,11.54,14.01,15.33,2062688,114604,5.6,0,0,0.0,69,56,86,0.00,17.71,27.24,35.78,2533,8
2026-05-17 23:48:46,2.1,12.05,13.68,15.13,2062688,114659,5.6,0,0,0.0,69,56,86,0.00,13.56,31.58,39.11,2533,6
2026-05-17 23:49:47,1.7,13.14,13.74,15.06,2062688,114593,5.6,0,0,0.0,69,56,86,0.00,13.91,28.94,36.76,2538,3
2026-05-17 23:50:47,2.4,14.39,14.14,15.12,2062688,114609,5.6,0,0,0.0,69,56,86,0.00,12.02,27.39,35.53,2546,4
2026-05-17 23:51:47,3.2,12.85,13.74,14.92,2062688,114616,5.6,0,0,0.0,69,56,86,0.00,13.87,27.81,35.84,2549,5
2026-05-17 23:52:48,3.3,12.38,13.44,14.74,2062688,114623,5.6,0,0,0.0,69,56,86,0.00,16.75,31.57,39.88,2548,6
2026-05-17 23:53:48,6.3,11.61,13.03,14.52,2062688,114596,5.6,0,0,0.0,69,56,86,0.00,13.66,28.40,36.13,2529,2
2026-05-17 23:54:49,3.4,11.64,12.73,14.32,2062688,114541,5.6,0,0,0.0,69,56,86,0.00,13.79,28.47,36.55,2531,11
2026-05-17 23:55:49,3.1,13.17,13.07,14.34,2062688,114551,5.6,0,0,0.0,69,56,86,0.00,13.50,31.43,38.99,2533,6
2026-05-17 23:56:50,3.3,13.27,13.12,14.28,2062688,114563,5.6,0,0,0.0,69,56,86,0.00,23.66,30.90,38.43,2535,5
2026-05-17 23:57:50,3.5,12.64,12.91,14.13,2062688,114559,5.6,0,0,0.0,69,56,86,0.00,17.65,29.57,37.66,2539,9
2026-05-17 23:58:50,3.9,14.32,13.27,14.17,2062688,114586,5.6,0,0,0.0,69,56,86,0.00,14.18,31.00,38.69,2548,7
2026-05-17 23:59:51,3.3,12.63,12.97,14.01,2062688,114554,5.6,0,0,0.0,69,56,86,0.00,13.61,29.92,37.94,2542,5
2026-05-18 00:00:51,3.0,12.94,12.97,13.93,2062688,114569,5.6,0,0,0.0,69,56,86,0.00,12.01,30.62,38.27,2541,5
2026-05-18 00:01:52,3.4,12.81,12.94,13.86,2062688,114581,5.6,0,0,0.0,69,56,86,0.00,38.02,30.97,38.40,2538,5
2026-05-18 00:02:52,3.6,12.89,12.91,13.79,2062688,114567,5.6,0,0,0.0,69,56,86,0.00,16.86,31.16,39.35,2535,5
2026-05-18 00:03:53,3.3,13.62,13.09,13.80,2062688,114590,5.6,0,0,0.0,69,56,86,0.00,14.21,29.74,37.78,2537,7
2026-05-18 00:04:53,3.8,12.59,12.88,13.68,2062688,114581,5.6,0,0,0.0,69,56,86,0.00,13.64,30.49,38.29,2536,6
2026-05-18 00:05:53,3.5,12.52,12.84,13.62,2062688,114575,5.6,0,0,0.0,69,56,86,0.00,22.66,30.96,38.66,2541,7
2026-05-18 00:06:54,9.1,11.21,12.45,13.43,2062688,114544,5.6,0,0,0.0,69,56,86,0.00,14.10,25.11,33.53,2543,3
2026-05-18 00:07:54,3.3,26.16,15.53,14.37,2062688,114574,5.6,0,0,0.0,69,56,86,0.00,17.37,29.10,37.39,2543,6
2026-05-18 00:08:55,1.6,17.97,15.14,14.31,2062688,114594,5.6,0,0,0.0,69,56,86,0.00,14.50,31.20,39.08,2540,6
2026-05-18 00:09:55,3.5,13.39,14.36,14.09,2062688,114562,5.6,0,0,0.0,69,56,86,0.00,13.98,28.50,36.45,2535,5
2026-05-18 00:10:56,3.5,12.98,14.09,14.02,2062688,114581,5.6,0,0,0.0,69,56,86,0.00,14.96,31.03,38.52,2532,4
2026-05-18 00:11:56,3.9,11.97,13.60,13.85,2062688,114586,5.6,0,0,0.0,69,56,86,0.00,13.73,28.68,36.77,2529,6
2026-05-18 00:12:56,3.3,12.94,13.57,13.82,2062688,114577,5.6,0,0,0.0,69,56,86,0.00,16.79,31.17,39.10,2522,7
2026-05-18 00:13:57,2.2,12.60,13.36,13.74,2062688,114608,5.6,0,0,0.0,69,56,86,0.00,14.42,31.25,39.42,2529,5
2026-05-18 00:14:57,1.9,12.35,13.18,13.65,2062688,114586,5.6,0,0,0.0,69,56,86,0.00,13.78,30.15,38.04,2532,2
2026-05-18 00:15:58,3.1,12.57,13.07,13.58,2062688,114592,5.6,0,0,0.0,69,56,86,0.00,14.53,30.53,37.96,2538,5
2026-05-18 00:16:58,2.6,12.33,12.89,13.49,2062688,114593,5.6,0,0,0.0,69,56,86,0.00,14.38,31.46,39.03,2543,4
2026-05-18 00:17:58,1.9,11.85,12.68,13.38,2062688,114577,5.6,0,0,0.0,69,56,86,0.00,14.42,29.84,38.00,2539,2
2026-05-18 00:18:59,2.3,12.85,12.77,13.37,2062688,114623,5.6,0,0,0.0,69,56,86,0.00,17.04,30.71,38.94,2531,7
2026-05-18 00:19:59,3.4,12.45,12.64,13.28,2062688,114601,5.6,0,0,0.0,69,56,86,0.00,13.88,31.11,38.61,2534,7
2026-05-18 00:21:00,3.5,11.97,12.51,13.19,2062688,114605,5.6,0,0,0.0,69,56,86,0.00,14.57,28.42,36.41,2531,10
2026-05-18 00:22:00,3.3,12.78,12.62,13.19,2062688,114590,5.6,0,0,0.0,69,56,86,0.00,13.72,30.18,38.08,2531,4
2026-05-18 00:23:01,3.6,12.57,12.60,13.14,2062688,114601,5.6,0,0,0.0,69,56,86,0.00,15.72,31.31,38.93,2542,5
2026-05-18 00:24:01,1.5,14.02,13.07,13.27,2062688,114622,5.6,0,0,0.0,69,56,86,0.00,17.17,31.64,39.63,2543,3
2026-05-18 00:25:01,6.1,12.72,12.83,13.18,2062688,114589,5.6,0,0,0.0,69,56,86,0.00,13.50,28.41,36.15,2530,5
2026-05-18 00:26:02,3.6,12.73,12.84,13.16,2062688,114595,5.6,0,0,0.0,69,56,86,0.00,13.86,30.82,38.55,2526,6
2026-05-18 00:27:02,3.7,13.69,13.08,13.22,2062688,114616,5.6,0,0,0.0,69,56,86,0.00,13.61,30.86,38.54,2542,6
2026-05-18 00:28:03,3.6,12.39,12.82,13.12,2062688,114604,5.6,0,0,0.0,69,56,86,0.00,14.14,27.76,35.94,2536,7
2026-05-18 00:29:03,3.2,12.74,12.80,13.09,2062688,114596,5.6,0,0,0.0,69,56,86,0.00,25.82,29.19,37.80,2545,4
2026-05-18 00:30:04,2.1,12.47,12.75,13.05,2062688,114590,5.6,0,0,0.0,69,56,86,0.00,14.08,29.85,37.71,2553,1
2026-05-18 00:31:04,4.1,11.82,12.47,12.93,2062688,114596,5.6,0,0,0.0,69,56,86,0.00,14.38,26.53,34.66,2552,4
2026-05-18 00:32:05,1.4,12.51,12.56,12.94,2062688,114597,5.6,0,0,0.0,69,56,86,0.00,11.26,30.76,38.28,2533,4
2026-05-18 00:33:05,10.9,22.61,15.11,13.76,2062688,114600,5.6,0,0,0.0,69,56,86,0.00,13.95,29.23,37.22,2543,5
2026-05-18 00:34:05,3.2,16.31,14.63,13.68,2062688,114624,5.6,0,0,0.0,69,56,86,0.00,16.82,30.49,38.82,2536,7
2026-05-18 00:35:06,1.9,13.69,14.18,13.58,2062688,114562,5.6,0,0,0.0,69,56,86,0.00,13.75,27.68,35.84,2530,5
2026-05-18 00:36:06,3.4,12.66,13.74,13.47,2062688,114589,5.6,0,0,0.0,69,56,86,0.00,13.95,26.25,34.30,2534,5
2026-05-18 00:37:07,1.7,12.34,13.46,13.39,2062688,114581,5.6,0,0,0.0,69,56,86,0.00,13.85,30.62,38.53,2541,7
2026-05-18 00:38:07,3.4,13.49,13.48,13.40,2062688,114614,5.6,0,0,0.0,69,56,86,0.00,14.22,31.17,38.71,2537,7
2026-05-18 00:39:08,1.6,29.26,17.36,14.70,2062688,114584,5.6,0,0,0.0,69,56,86,0.00,16.97,29.25,37.61,2539,6
2026-05-18 00:40:08,3.4,29.06,19.57,15.64,2062688,114598,5.6,0,0,0.0,69,56,86,0.00,14.11,30.37,38.25,2543,8
2026-05-18 00:41:08,4.8,19.46,18.59,15.55,2062688,114583,5.6,0,0,0.0,69,56,86,0.00,14.16,30.91,38.52,2541,6
2026-05-18 00:42:09,3.4,14.57,17.34,15.31,2062688,114590,5.6,0,0,0.0,69,56,86,0.00,13.74,30.29,38.22,2536,6
2026-05-18 00:43:09,3.2,13.57,16.55,15.16,2062688,114634,5.6,0,0,0.0,69,56,86,0.00,13.65,31.05,38.64,2536,9
2026-05-18 00:44:10,1.9,12.45,15.71,14.96,2062688,114604,5.6,0,0,0.0,69,56,86,0.00,16.79,29.59,37.87,2549,7
2026-05-18 00:45:10,3.4,13.47,15.33,14.87,2062688,114613,5.6,0,0,0.0,69,56,86,0.00,13.78,28.84,37.01,2547,5
2026-05-18 00:46:11,3.2,18.13,16.88,15.47,2062688,114621,5.6,0,0,0.0,69,56,86,0.00,22.09,31.23,38.73,2554,5
2026-05-18 00:47:11,3.3,15.78,16.41,15.39,2062688,114613,5.6,0,0,0.0,69,56,86,0.00,14.06,30.69,38.69,2555,7
2026-05-18 00:48:11,2.7,13.27,15.55,15.15,2062688,114641,5.6,0,0,0.0,69,56,86,0.00,13.76,30.55,38.11,2548,4
2026-05-18 00:49:12,3.0,12.11,14.80,14.92,2062688,114622,5.6,0,0,0.0,69,56,86,0.00,17.16,30.40,38.39,2540,8
2026-05-18 00:50:12,1.7,12.80,14.54,14.82,2062688,114586,5.6,0,0,0.0,69,56,86,0.00,14.25,30.74,38.71,2542,2
2026-05-18 00:51:13,1.9,12.24,14.13,14.66,2062688,114580,5.6,0,0,0.0,69,56,86,0.00,14.36,27.46,35.30,2544,5
2026-05-18 00:52:13,3.5,13.55,14.11,14.62,2062688,114609,5.6,0,0,0.0,69,56,86,0.00,13.53,30.23,38.07,2548,5
2026-05-18 00:53:14,3.5,12.06,13.56,14.39,2062688,114613,5.6,0,0,0.0,69,56,86,0.00,13.85,30.22,37.94,2545,6
2026-05-18 00:54:14,2.1,12.73,13.46,14.30,2062688,114624,5.6,0,0,0.0,69,56,86,0.00,14.04,31.25,39.20,2551,5
2026-05-18 00:55:14,3.2,14.01,13.64,14.31,2062688,114602,5.6,0,0,0.0,69,56,86,0.00,16.90,30.18,38.32,2541,6
2026-05-18 00:56:15,2.9,12.28,13.21,14.12,2062688,114598,5.6,0,0,0.0,69,56,86,0.00,13.84,27.12,35.25,2543,6
2026-05-18 00:57:15,1.6,11.75,12.90,13.95,2062688,114589,5.6,0,0,0.0,69,56,86,0.00,13.77,30.12,37.84,2540,2
2026-05-18 00:58:16,3.7,11.72,12.69,13.81,2062688,114628,5.6,0,0,0.0,69,56,86,0.00,13.79,29.92,37.68,2539,6
2026-05-18 00:59:16,3.1,11.71,12.50,13.68,2062688,114601,5.6,0,0,0.0,69,56,86,0.00,14.34,28.74,37.04,2539,8
2026-05-18 01:00:17,3.4,12.99,12.77,13.70,2062688,114648,5.6,0,0,0.0,69,56,86,0.00,1258.86,31.21,39.13,2541,6
2026-05-18 01:01:17,1.9,12.91,12.84,13.67,2062688,114590,5.6,0,0,0.0,69,56,86,0.00,20.26,31.10,38.70,2543,3
2026-05-18 01:02:17,1.9,12.43,12.69,13.56,2062688,114610,5.6,0,0,0.0,69,56,86,0.00,37.88,30.20,38.08,2551,4
2026-05-18 01:03:18,3.8,12.38,12.60,13.47,2062688,114639,5.6,0,0,0.0,69,56,86,0.00,13.60,29.92,37.76,2543,7
2026-05-18 01:04:18,2.2,12.59,12.69,13.45,2062688,114606,5.6,0,0,0.0,69,56,86,0.00,14.05,29.61,37.64,2537,4
2026-05-18 01:05:19,3.4,13.17,12.82,13.45,2062688,114599,5.6,0,0,0.0,69,56,86,0.00,16.77,30.91,39.18,2536,6
2026-05-18 01:06:19,3.4,12.95,12.83,13.41,2062688,114598,5.6,0,0,0.0,69,56,86,0.00,14.49,31.06,38.70,2532,7
2026-05-18 01:07:20,3.1,13.44,12.96,13.41,2062688,114617,5.6,0,0,0.0,69,56,86,0.00,13.69,31.16,38.77,2536,21
2026-05-18 01:08:20,2.8,12.05,12.63,13.27,2062688,114628,5.6,0,0,0.0,69,56,86,0.00,13.80,26.77,34.96,2542,3
2026-05-18 01:09:20,3.1,13.12,12.86,13.31,2062688,114616,5.6,0,0,0.0,69,56,86,0.00,14.47,31.31,39.42,2546,7
2026-05-18 01:10:21,3.5,11.76,12.51,13.16,2062688,114606,5.6,0,0,0.0,69,56,86,0.00,17.63,26.82,35.23,2541,7
2026-05-18 01:11:21,3.3,13.92,12.98,13.28,2062688,114622,5.6,0,0,0.0,69,56,86,0.00,13.90,29.38,37.13,2533,8
2026-05-18 01:12:22,4.1,16.90,13.92,13.58,2062688,114623,5.6,0,0,0.0,69,56,86,0.00,19.96,29.58,37.45,2546,7
2026-05-18 01:13:22,3.4,17.09,14.45,13.78,2062688,114635,5.6,0,0,0.0,69,56,86,0.00,13.70,30.58,38.31,2533,9
2026-05-18 01:14:23,1.7,16.50,14.94,14.00,2062688,114585,5.6,0,0,0.0,69,56,86,0.00,14.05,26.84,35.21,2530,3
2026-05-18 01:15:23,2.3,16.36,15.21,14.15,2062688,114602,5.6,0,0,0.0,69,56,86,0.00,16.52,28.19,36.56,2548,6
2026-05-18 01:16:23,3.0,17.82,15.84,14.43,2062688,114603,5.6,0,0,0.0,69,56,86,0.00,14.39,29.34,36.94,2558,6
2026-05-18 01:17:24,3.7,16.94,15.99,14.57,2062688,114605,5.6,0,0,0.0,69,56,86,0.00,13.76,30.79,39.11,2543,5
2026-05-18 01:18:24,1.5,18.55,16.60,14.87,2062688,114636,5.6,0,0,0.0,69,56,86,0.00,13.76,30.97,38.86,2547,14
2026-05-18 01:19:25,3.7,17.44,16.79,15.05,2062688,114627,5.6,0,0,0.0,69,56,86,0.00,14.11,30.88,38.99,2546,5
2026-05-18 01:20:25,1.6,17.61,16.93,15.22,2062688,114603,5.6,0,0,0.0,69,56,86,0.00,17.15,30.14,38.43,2539,4
2026-05-18 01:21:26,3.0,17.91,16.96,15.32,2062688,114600,5.6,0,0,0.0,69,56,86,0.00,14.33,27.26,35.23,2538,7
2026-05-18 01:22:26,1.9,16.33,16.80,15.38,2062688,114591,5.6,0,0,0.0,69,56,86,0.00,13.32,29.60,37.69,2543,1
2026-05-18 01:23:26,3.0,13.82,16.00,15.19,2062688,114621,5.6,0,0,0.0,69,56,86,0.00,13.61,30.04,37.71,2557,9
2026-05-18 01:24:27,3.2,12.90,15.38,15.03,2062688,114604,5.6,0,0,0.0,69,56,86,0.00,14.03,31.73,39.32,2562,8
2026-05-18 01:25:27,2.1,13.36,15.13,14.96,2062688,114597,5.6,0,0,0.0,69,56,86,0.00,16.88,31.09,39.17,2553,9
2026-05-18 01:26:28,1.6,12.53,14.62,14.80,2062688,114590,5.6,0,0,0.0,69,56,86,0.00,13.73,27.54,35.62,2557,3
2026-05-18 01:27:28,3.0,14.17,14.69,14.81,2062688,114617,5.6,0,0,0.0,69,56,86,0.00,14.14,30.33,38.03,2547,9
2026-05-18 01:28:29,1.8,28.11,17.33,15.65,2062688,114620,5.6,0,0,0.0,69,56,86,0.00,13.61,27.61,35.92,2541,8
2026-05-18 01:29:29,7.6,18.42,16.55,15.48,2062688,114612,5.6,0,0,0.0,69,56,86,0.00,14.04,28.18,36.41,2540,7
2026-05-18 01:30:29,2.2,15.57,16.00,15.36,2062688,114619,5.6,0,0,0.0,69,56,86,0.00,17.18,31.65,39.35,2546,4
2026-05-18 01:31:30,12.1,13.75,15.38,15.18,2062688,114626,5.6,0,0,0.0,69,56,86,0.00,14.18,31.22,39.05,2539,6
2026-05-18 01:32:30,3.3,13.23,15.00,15.07,2062688,114601,5.6,0,0,0.0,69,56,86,0.00,21.58,29.14,36.79,2531,9
2026-05-18 01:33:31,3.2,14.20,14.90,15.02,2062688,114624,5.6,0,0,0.0,69,56,86,0.00,13.54,30.63,38.61,2527,8
2026-05-18 01:34:31,3.0,14.00,14.79,14.98,2062688,114627,5.6,0,0,0.0,69,56,86,0.00,13.94,29.80,38.06,2525,5
2026-05-18 01:35:32,1.9,12.45,14.30,14.80,2062688,114590,5.6,0,0,0.0,69,56,86,0.00,16.74,27.81,35.98,2526,3
2026-05-18 01:36:32,3.5,12.70,14.00,14.67,2062688,114617,5.6,0,0,0.0,69,56,86,0.00,14.11,30.83,38.75,2529,6
2026-05-18 01:37:32,4.1,13.55,14.01,14.63,2062688,114623,5.6,0,0,0.0,69,56,86,0.00,13.78,31.22,38.80,2537,6
2026-05-18 01:38:33,2.1,12.07,13.58,14.45,2062688,114614,5.6,0,0,0.0,69,56,86,0.00,13.66,26.19,34.46,2543,3
2026-05-18 01:39:33,3.5,12.00,13.30,14.30,2062688,114615,5.6,0,0,0.0,69,56,86,0.00,14.25,31.08,38.76,2541,8
2026-05-18 01:40:34,2.2,12.26,13.13,14.17,2062688,114625,5.6,0,0,0.0,69,56,86,0.00,17.05,31.62,39.22,2542,2
2026-05-18 01:41:34,1.7,12.26,12.99,14.06,2062688,114617,5.6,0,0,0.0,69,56,86,0.00,14.32,31.02,39.09,2538,4
2026-05-18 01:42:35,2.9,12.42,12.93,13.97,2062688,114623,5.6,0,0,0.0,69,56,86,0.00,13.69,27.59,35.51,2539,20
2026-05-18 01:43:35,7.5,12.33,12.79,13.85,2062688,114638,5.6,0,0,0.0,69,56,86,0.00,11.35,31.04,38.92,2539,6
2026-05-18 01:44:35,3.1,14.00,13.33,13.98,2062688,114614,5.6,0,0,0.0,69,56,86,0.00,13.78,30.21,37.80,2549,8
2026-05-18 01:45:36,3.2,12.96,13.15,13.87,2062688,114650,5.6,0,0,0.0,69,56,86,0.00,16.78,31.65,39.35,2551,9
2026-05-18 01:46:36,2.9,12.60,13.09,13.81,2062688,114656,5.6,0,0,0.0,69,56,86,0.00,14.21,30.54,38.78,2541,31
2026-05-18 01:47:37,1.7,12.07,12.88,13.69,2062688,114633,5.6,0,0,0.0,69,56,86,0.00,14.18,30.82,38.24,2544,3
2026-05-18 01:48:37,3.1,12.09,12.74,13.59,2062688,114652,5.6,0,0,0.0,69,56,86,0.00,13.77,29.57,37.48,2536,6
2026-05-18 01:49:38,1.9,12.04,12.65,13.51,2062688,114608,5.6,0,0,0.0,69,56,86,0.00,13.80,29.38,37.16,2522,5
2026-05-18 01:50:38,3.8,12.98,12.81,13.51,2062688,114637,5.6,0,0,0.0,69,56,86,0.00,14.66,30.21,38.30,2540,102
2026-05-18 01:51:38,3.0,13.30,12.88,13.49,2062688,114639,5.6,0,0,0.0,69,56,86,0.00,16.93,30.29,38.46,2537,7
2026-05-18 01:52:39,1.5,12.43,12.72,13.39,2062688,114638,5.6,0,0,0.0,69,56,86,0.00,13.62,30.65,38.60,2531,2
2026-05-18 01:53:39,3.2,11.71,12.43,13.25,2062688,114648,5.6,0,0,0.0,69,56,86,0.00,13.66,28.27,36.37,2541,27
2026-05-18 01:54:40,2.0,11.29,12.18,13.11,2062688,114616,5.6,0,0,0.0,69,56,86,0.00,13.87,27.98,35.84,2544,6
2026-05-18 01:55:40,25.6,11.52,12.09,13.02,2062688,114630,5.6,0,0,0.0,69,56,86,0.00,22.30,29.68,37.67,2541,9
2026-05-18 01:56:41,2.8,11.55,12.00,12.93,2062688,114615,5.6,0,0,0.0,69,56,86,0.00,17.19,30.16,38.42,2525,6
2026-05-18 01:57:41,3.4,12.79,12.26,12.96,2062688,114626,5.6,0,0,0.0,69,56,86,0.00,13.05,31.63,39.09,2535,7
2026-05-18 01:58:41,3.4,12.05,12.17,12.89,2062688,114650,5.6,0,0,0.0,69,56,86,0.00,13.63,29.69,37.39,2534,11
2026-05-18 01:59:42,2.0,11.21,11.89,12.74,2062688,114617,5.6,0,0,0.0,69,56,86,0.00,13.84,26.27,34.43,2533,4
2026-05-18 02:00:42,3.2,11.72,11.86,12.67,2062688,114628,5.6,0,0,0.0,69,56,86,0.00,14.44,29.07,37.38,2531,8
2026-05-18 02:01:43,3.4,11.89,11.90,12.63,2062688,114634,5.6,0,0,0.0,69,56,86,0.00,32.88,30.20,38.69,2537,6
2026-05-18 02:02:43,3.4,12.63,12.08,12.65,2062688,114628,5.6,0,0,0.0,69,56,86,0.00,21.92,30.75,38.20,2536,8
2026-05-18 02:03:44,2.2,12.72,12.28,12.69,2062688,114647,5.6,0,0,0.0,69,56,86,0.00,13.75,30.29,38.38,2544,5
2026-05-18 02:04:44,3.4,13.60,12.59,12.77,2062688,114629,5.6,0,0,0.0,69,56,86,0.00,13.75,31.22,38.79,2541,6
2026-05-18 02:05:44,7.6,13.12,12.59,12.75,2062688,114626,5.6,0,0,0.0,69,56,86,0.00,22.02,29.32,37.55,2550,7
2026-05-18 02:06:45,3.3,11.76,12.31,12.64,2062688,114612,5.6,0,0,0.0,69,56,86,0.00,16.71,27.11,35.60,2536,10
2026-05-18 02:07:45,1.7,11.98,12.27,12.61,2062688,114601,5.6,0,0,0.0,69,56,86,0.00,13.35,29.99,37.75,2529,5
2026-05-18 02:08:46,2.2,11.05,11.94,12.47,2062688,114640,5.6,0,0,0.0,69,56,86,0.00,13.94,28.13,36.12,2523,4
2026-05-18 02:09:46,3.2,11.92,11.98,12.45,2062688,114614,5.6,0,0,0.0,69,56,86,0.00,13.71,31.27,38.80,2534,4
2026-05-18 02:10:47,2.2,12.17,12.03,12.44,2062688,114644,5.6,0,0,0.0,69,56,86,0.00,14.79,27.67,36.10,2533,2
2026-05-18 02:11:47,2.5,12.33,12.08,12.43,2062688,114621,5.6,0,0,0.0,69,56,86,0.00,16.48,30.28,38.45,2536,6
2026-05-18 02:12:48,1.5,11.80,12.01,12.38,2062688,114605,5.6,0,0,0.0,69,56,86,0.00,14.20,29.02,36.90,2538,3
2026-05-18 02:13:48,3.7,18.14,14.37,13.21,2062688,114639,5.6,0,0,0.0,69,56,86,0.00,13.95,26.67,34.75,2546,4
2026-05-18 02:14:48,3.2,14.82,14.09,13.18,2062688,114631,5.6,0,0,0.0,69,56,86,0.00,15.80,31.06,38.71,2535,4
2026-05-18 02:15:49,3.1,14.93,14.26,13.30,2062688,114620,5.6,0,0,0.0,69,56,86,0.00,14.21,31.32,39.54,2527,6
2026-05-18 02:16:49,3.4,14.00,14.11,13.30,2062688,114647,5.6,0,0,0.0,69,56,86,0.00,17.25,31.26,39.07,2531,7
2026-05-18 02:17:50,1.9,12.79,13.77,13.24,2062688,114630,5.6,0,0,0.0,69,56,86,0.00,14.03,30.76,38.48,2533,3
2026-05-18 02:18:50,3.6,11.99,13.37,13.13,2062688,114659,5.6,0,0,0.0,69,56,86,0.00,13.27,30.02,37.88,2531,8
2026-05-18 02:19:51,6.2,11.63,13.01,13.02,2062688,114626,5.6,0,0,0.0,69,56,86,0.00,13.84,30.96,38.63,2533,8
2026-05-18 02:20:51,3.0,12.02,12.87,12.97,2062688,114647,5.6,0,0,0.0,69,56,86,0.00,14.70,31.21,39.58,2533,5
2026-05-18 02:21:51,1.8,11.93,12.72,12.92,2062688,114623,5.6,0,0,0.0,69,56,86,0.00,16.56,29.41,37.31,2530,2
2026-05-18 02:22:52,3.4,16.20,13.80,13.27,2062688,114617,5.6,0,0,0.0,69,56,86,0.00,13.54,27.53,35.92,2538,9
2026-05-18 02:23:52,3.0,14.25,13.67,13.26,2062688,114661,5.6,0,0,0.0,69,56,86,0.00,11.32,29.97,37.94,2541,5
2026-05-18 02:24:53,3.5,12.72,13.32,13.17,2062688,114639,5.6,0,0,0.0,69,56,86,0.00,13.73,31.02,38.66,2533,18
2026-05-18 02:25:53,3.9,13.00,13.34,13.19,2062688,114646,5.6,0,0,0.0,69,56,86,0.00,13.86,30.99,39.03,2537,6
2026-05-18 02:26:53,3.7,12.34,13.08,13.11,2062688,114658,5.6,0,0,0.0,69,56,86,0.00,24.88,30.02,38.36,2543,7
2026-05-18 02:27:54,2.9,12.85,13.04,13.08,2062688,114655,5.6,0,0,0.0,69,56,86,0.00,14.16,31.50,39.50,2533,6
2026-05-18 02:28:54,3.2,13.14,12.99,13.06,2062688,114682,5.6,0,0,0.0,69,56,86,0.00,13.45,30.03,37.88,2527,22
2026-05-18 02:29:55,1.6,11.72,12.66,12.94,2062688,114615,5.6,0,0,0.0,69,56,86,0.00,13.29,26.97,34.88,2534,4
2026-05-18 02:30:55,1.9,11.53,12.44,12.85,2062688,114641,5.6,0,0,0.0,69,56,86,0.00,14.61,29.32,37.06,2535,3
2026-05-18 02:31:56,3.6,12.46,12.50,12.84,2062688,114634,5.6,0,0,0.0,69,56,86,0.00,13.81,29.35,37.40,2525,4
2026-05-18 02:32:56,1.5,11.75,12.29,12.75,2062688,114621,5.6,0,0,0.0,69,56,86,0.00,16.75,30.18,38.30,2536,2
2026-05-18 02:33:57,3.3,12.23,12.31,12.72,2062688,114664,5.6,0,0,0.0,69,56,86,0.00,13.20,29.44,37.31,2534,5
2026-05-18 02:34:57,1.6,13.01,12.50,12.76,2062688,114633,5.6,0,0,0.0,69,56,86,0.00,13.44,30.58,38.61,2523,5
2026-05-18 02:35:57,3.0,12.45,12.43,12.72,2062688,114654,5.6,0,0,0.0,69,56,86,0.00,13.58,30.95,38.47,2523,4
2026-05-18 02:36:58,3.2,13.74,12.79,12.83,2062688,114656,5.6,0,0,0.0,69,56,86,0.00,13.64,31.45,39.46,2527,8
2026-05-18 02:37:58,3.1,13.14,12.80,12.83,2062688,114666,5.6,0,0,0.0,69,56,86,0.00,16.43,30.88,38.80,2525,4
2026-05-18 02:38:59,2.6,12.36,12.66,12.78,2062688,114683,5.6,0,0,0.0,69,56,86,0.00,13.96,29.34,37.35,2539,2
2026-05-18 02:39:59,1.7,12.32,12.62,12.76,2062688,114656,5.6,0,0,0.0,69,56,86,0.00,13.45,29.28,37.35,2546,3
2026-05-18 02:41:00,3.0,12.69,12.62,12.74,2062688,114640,5.6,0,0,0.0,69,56,86,0.00,14.02,27.98,36.19,2540,6
2026-05-18 02:42:00,12.7,12.39,12.55,12.71,2062688,114653,5.6,0,0,0.0,69,56,86,0.00,13.75,31.36,39.23,2543,6
2026-05-18 02:43:00,3.5,12.44,12.53,12.69,2062688,114658,5.6,0,0,0.0,69,56,86,0.00,16.51,30.73,38.85,2543,5
2026-05-18 02:44:01,6.6,12.33,12.50,12.68,2062688,114685,5.6,0,0,0.0,69,56,86,0.00,13.69,30.25,38.08,2537,6
2026-05-18 02:45:01,1.4,13.23,12.86,12.80,2062688,114652,5.6,0,0,0.0,69,56,86,0.00,13.45,30.49,38.39,2542,1
2026-05-18 02:46:02,23.1,12.16,12.59,12.70,2062688,114668,5.6,0,0,0.0,69,56,86,0.00,22.27,28.94,37.08,2546,8
2026-05-18 02:47:02,3.9,12.66,12.65,12.72,2062688,114676,5.6,0,0,0.0,69,56,86,0.00,14.05,31.37,39.04,2540,9
2026-05-18 02:48:03,3.2,12.44,12.57,12.69,2062688,114678,5.6,0,0,0.0,69,56,86,0.00,16.92,30.66,38.60,2540,6
2026-05-18 02:49:03,5.9,11.73,12.35,12.61,2062688,114677,5.6,0,0,0.0,69,56,86,0.00,13.43,29.22,37.24,2548,3
2026-05-18 02:50:03,3.3,11.48,12.17,12.52,2062688,114684,5.6,0,0,0.0,69,56,86,0.00,14.18,28.72,36.52,2541,10
2026-05-18 02:51:04,2.0,12.03,12.16,12.50,2062688,114665,5.6,0,0,0.0,69,56,86,0.00,14.26,30.68,38.57,2537,4
2026-05-18 02:52:04,1.7,17.94,14.41,13.28,2062688,114642,5.6,0,0,0.0,69,56,86,0.00,13.50,29.18,37.38,2546,21
2026-05-18 02:53:05,3.1,14.12,14.00,13.21,2062688,114680,5.6,0,0,0.0,69,56,86,0.00,16.53,31.22,39.05,2539,7
2026-05-18 02:54:05,3.3,13.40,13.84,13.20,2062688,114705,5.6,0,0,0.0,69,56,86,0.00,13.07,31.41,38.97,2531,6
2026-05-18 02:55:06,3.3,12.05,13.37,13.08,2062688,114666,5.6,0,0,0.0,69,56,86,0.00,13.86,30.12,37.85,2541,5
2026-05-18 02:56:06,3.4,12.42,13.30,13.08,2062688,114673,5.6,0,0,0.0,69,56,86,0.00,13.82,31.32,38.89,2539,9
2026-05-18 02:57:06,3.1,13.88,13.55,13.18,2062688,114674,5.6,0,0,0.0,69,56,86,0.00,13.94,31.17,39.05,2540,5
2026-05-18 02:58:07,3.7,16.72,14.41,13.49,2062688,114676,5.6,0,0,0.0,69,56,86,0.00,16.79,31.56,39.25,2538,9
2026-05-18 02:59:07,1.6,17.80,15.26,13.85,2062688,114691,5.6,0,0,0.0,69,56,86,0.00,13.80,30.87,38.69,2543,3
2026-05-18 03:00:08,3.4,17.65,15.68,14.08,2062688,114711,5.6,0,0,0.0,69,56,86,0.00,135.47,29.43,37.34,2539,9
2026-05-18 03:01:08,2.3,17.88,15.98,14.28,2062688,114657,5.6,0,0,0.0,69,56,86,0.00,19.95,30.74,38.57,2532,5
2026-05-18 03:02:09,2.2,15.68,15.79,14.32,2062688,114656,5.6,0,0,0.0,69,56,86,0.00,37.99,24.97,33.72,2540,2
2026-05-18 03:03:09,2.0,17.56,16.43,14.64,2062688,114658,5.6,0,0,0.0,69,56,86,0.00,16.49,28.44,36.46,2535,4
2026-05-18 03:04:09,3.1,17.78,16.72,14.85,2062688,114700,5.6,0,0,0.0,69,56,86,0.00,13.96,29.69,37.84,2535,6
2026-05-18 03:05:10,1.7,16.63,16.72,14.99,2062688,114656,5.6,0,0,0.0,69,56,86,0.00,11.48,30.35,38.06,2533,3
2026-05-18 03:06:10,2.0,14.69,16.30,14.96,2062688,114670,5.6,0,0,0.0,69,56,86,0.00,13.80,30.31,37.90,2533,1
2026-05-18 03:07:11,3.2,15.58,16.23,15.02,2062688,114683,5.6,0,0,0.0,69,56,86,0.00,14.43,29.35,37.44,2533,5
2026-05-18 03:08:11,3.0,15.10,16.03,15.02,2062688,114679,5.6,0,0,0.0,69,56,86,0.00,16.46,29.82,37.70,2534,5
2026-05-18 03:09:12,1.9,14.32,15.67,14.96,2062688,114688,5.6,0,0,0.0,69,56,86,0.00,14.19,30.93,39.02,2545,2
2026-05-18 03:10:12,3.3,13.81,15.23,14.86,2062688,114681,5.6,0,0,0.0,69,56,86,0.00,14.54,31.67,39.14,2547,5
2026-05-18 03:11:12,2.2,11.94,14.44,14.61,2062688,114660,5.6,0,0,0.0,69,56,86,0.00,13.81,29.53,37.25,2553,3
2026-05-18 03:12:13,3.4,12.80,14.24,14.53,2062688,114664,5.6,0,0,0.0,69,56,86,0.00,22.04,27.94,36.47,2547,6
2026-05-18 03:13:13,1.7,19.80,16.56,15.34,2062688,114666,5.6,0,0,0.0,69,56,86,0.08,13.56,29.32,37.23,2543,6
2026-05-18 03:14:14,2.4,14.70,15.73,15.13,2062688,114656,5.6,0,0,0.0,69,56,86,0.00,16.67,28.45,36.89,2537,3
2026-05-18 03:15:14,2.0,12.74,14.90,14.88,2062688,114656,5.6,0,0,0.0,69,56,86,0.00,13.86,24.75,32.97,2539,3
2026-05-18 03:16:15,1.6,11.48,14.12,14.60,2062688,114624,5.6,0,0,0.0,69,56,86,0.00,14.08,25.66,33.74,2535,3
2026-05-18 03:17:15,2.3,11.77,13.75,14.45,2062688,114675,5.6,0,0,0.0,69,56,86,0.00,54.30,28.16,36.54,2529,5
2026-05-18 03:18:15,1.6,12.45,13.59,14.35,2062688,114679,5.6,0,0,0.0,69,56,86,0.00,14.42,27.11,35.06,2540,4
2026-05-18 03:19:16,3.3,12.58,13.43,14.24,2062688,114674,5.6,0,0,0.0,69,56,86,0.00,16.63,28.92,37.33,2538,6
2026-05-18 03:20:16,1.9,13.12,13.43,14.19,2062688,114673,5.6,0,0,0.0,69,56,86,0.00,15.93,31.03,38.59,2534,3
2026-05-18 03:21:17,3.0,13.04,13.40,14.13,2062688,114675,5.6,0,0,0.0,69,56,86,0.00,14.32,29.32,37.29,2531,11
2026-05-18 03:22:17,3.1,13.53,13.48,14.11,2062688,114656,5.6,0,0,0.0,69,56,86,0.00,13.82,30.42,38.71,2530,6
2026-05-18 03:23:18,3.1,12.20,13.11,13.95,2062688,114684,5.6,0,0,0.0,69,56,86,0.00,13.69,28.41,36.74,2524,8
2026-05-18 03:24:18,2.0,12.46,13.10,13.89,2062688,114635,5.6,0,0,0.0,69,56,86,0.00,17.06,28.04,36.31,2530,3
2026-05-18 03:25:18,2.8,12.65,13.04,13.82,2062688,114661,5.6,0,0,0.0,69,56,86,0.00,13.79,29.04,36.71,2529,4
2026-05-18 03:26:19,3.2,12.33,12.85,13.70,2062688,114666,5.6,0,0,0.0,69,56,86,0.00,13.66,31.17,39.05,2538,5
2026-05-18 03:27:19,1.9,17.94,15.11,14.48,2062688,114663,5.6,0,0,0.0,69,56,86,0.00,14.21,28.24,36.45,2551,6
2026-05-18 03:28:20,8.9,13.57,14.40,14.27,2062688,114680,5.6,0,0,0.0,69,56,86,0.00,14.14,29.39,37.11,2554,19
2026-05-18 03:29:20,9.4,12.25,13.85,14.09,2062688,114684,5.6,0,0,0.0,69,56,86,0.00,16.45,28.36,36.86,2539,14
2026-05-18 03:30:21,1.7,12.63,13.66,14.00,2062688,114659,5.6,0,0,0.0,69,56,86,0.00,14.34,30.91,38.43,2533,6
2026-05-18 03:31:21,3.2,12.84,13.52,13.93,2062688,114681,5.6,0,0,0.0,69,56,86,0.00,14.32,30.40,38.25,2534,5
2026-05-18 03:32:21,2.1,12.94,13.43,13.87,2062688,114655,5.6,0,0,0.0,69,56,86,0.00,21.92,30.15,37.79,2524,8
2026-05-18 03:33:22,3.1,12.88,13.40,13.84,2062688,114686,5.6,0,0,0.0,69,56,86,0.00,13.48,31.51,39.49,2516,6
2026-05-18 03:34:22,3.2,14.74,13.79,13.94,2062688,114681,5.6,0,0,0.0,69,56,86,0.00,16.78,30.78,39.01,2531,6
2026-05-18 03:35:23,4.1,13.74,13.65,13.88,2062688,114688,5.6,0,0,0.0,69,56,86,0.00,11.45,31.41,38.90,2537,10
2026-05-18 03:36:23,3.5,12.51,13.29,13.74,2062688,114677,5.6,0,0,0.0,69,56,86,0.00,14.17,31.23,38.95,2538,6
2026-05-18 03:37:24,4.0,12.34,13.05,13.63,2062688,114689,5.6,0,0,0.0,69,56,86,0.00,13.98,30.09,38.10,2546,6
2026-05-18 03:38:24,3.3,11.69,12.74,13.48,2062688,114701,5.6,0,0,0.0,69,56,86,0.00,14.07,28.72,37.14,2541,5
2026-05-18 03:39:24,3.4,12.63,12.80,13.45,2062688,114687,5.6,0,0,0.0,69,56,86,0.00,16.86,31.56,39.36,2530,6
2026-05-18 03:40:25,2.8,13.43,13.03,13.49,2062688,114681,5.6,0,0,0.0,69,56,86,0.00,13.70,30.70,38.68,2534,5
2026-05-18 03:41:25,1.6,12.23,12.75,13.36,2062688,114673,5.6,0,0,0.0,69,56,86,0.00,14.31,30.36,38.02,2536,5
2026-05-18 03:42:26,3.9,12.83,12.78,13.33,2062688,114675,5.6,0,0,0.0,69,56,86,0.00,13.94,29.42,37.01,2539,4
2026-05-18 03:43:26,3.6,12.57,12.69,13.26,2062688,114709,5.6,0,0,0.0,69,56,86,0.00,14.15,27.52,36.00,2540,5
2026-05-18 03:44:27,1.8,11.60,12.37,13.11,2062688,114642,5.6,0,0,0.0,69,56,86,0.00,16.53,26.27,34.53,2547,4
2026-05-18 03:45:27,2.0,12.86,12.51,13.11,2062688,114691,5.6,0,0,0.0,69,56,86,0.00,13.70,30.19,38.23,2540,4
2026-05-18 03:46:27,3.1,12.41,12.45,13.05,2062688,114674,5.6,0,0,0.0,69,56,86,0.00,14.27,28.04,36.05,2526,7
2026-05-18 03:47:28,3.3,12.17,12.35,12.98,2062688,114679,5.6,0,0,0.0,69,56,86,0.00,13.82,28.49,36.43,2533,6
2026-05-18 03:48:28,3.3,18.41,14.99,13.90,2062688,114699,5.6,0,0,0.0,69,56,86,0.00,14.55,31.19,39.09,2536,7
2026-05-18 03:49:29,2.3,14.33,14.48,13.80,2062688,114680,5.6,0,0,0.0,69,56,86,0.00,16.71,31.64,39.13,2528,2
2026-05-18 03:50:29,3.1,13.24,14.12,13.72,2062688,114682,5.6,0,0,0.0,69,56,86,0.00,14.30,27.74,36.20,2538,8
2026-05-18 03:51:30,2.1,13.00,13.91,13.67,2062688,114681,5.6,0,0,0.0,69,56,86,0.00,14.18,30.22,37.86,2544,6
2026-05-18 03:52:30,12.3,12.03,13.48,13.54,2062688,114702,5.6,0,0,0.0,69,56,86,0.00,13.61,29.32,37.27,2540,5
2026-05-18 03:53:30,2.3,11.83,13.19,13.44,2062688,114719,5.6,0,0,0.0,69,56,86,0.00,14.07,31.60,39.44,2538,2
2026-05-18 03:54:31,3.3,21.72,15.83,14.33,2062688,114695,5.6,0,0,0.0,69,56,86,0.00,13.84,30.46,38.20,2539,12
2026-05-18 03:55:31,1.8,19.66,16.52,14.67,2062688,114692,5.6,0,0,0.0,69,56,86,0.00,16.79,31.34,39.20,2535,4
2026-05-18 03:56:32,3.2,14.87,15.71,14.51,2062688,114693,5.6,0,0,0.0,69,56,86,0.00,22.07,29.35,37.13,2525,7
2026-05-18 03:57:32,3.0,13.81,15.26,14.43,2062688,114689,5.6,0,0,0.0,69,56,86,0.00,13.30,30.86,38.57,2529,4
2026-05-18 03:58:32,3.5,12.31,14.48,14.21,2062688,114711,5.6,0,0,0.0,69,56,86,0.00,14.19,28.49,36.77,2532,10
2026-05-18 03:59:33,5.8,12.74,14.21,14.13,2062688,114702,5.6,0,0,0.0,69,56,86,0.00,13.39,30.52,38.32,2533,6
2026-05-18 04:00:33,3.2,12.29,13.81,14.00,2062688,114694,5.6,0,0,0.0,69,56,86,0.00,17.75,28.69,37.02,2535,9
2026-05-18 04:01:34,3.2,14.09,14.02,14.05,2062688,114705,5.6,0,0,0.0,69,56,86,0.00,13.98,30.38,38.27,2531,7
2026-05-18 04:02:34,3.6,13.51,13.84,13.99,2062688,114679,5.6,0,0,0.0,69,56,86,0.00,37.85,30.79,38.48,2531,6
2026-05-18 04:03:35,2.0,12.74,13.54,13.87,2062688,114706,5.6,0,0,0.0,69,56,86,0.00,13.97,30.06,38.22,2528,2
2026-05-18 04:04:35,3.4,19.62,15.84,14.68,2062688,114687,5.6,0,0,0.0,69,56,86,0.00,13.74,29.52,37.34,2519,5
2026-05-18 04:05:35,1.9,14.63,15.11,14.50,2062688,114657,5.6,0,0,0.0,69,56,86,0.00,25.34,29.30,37.31,2508,4
2026-05-18 04:06:36,3.2,18.25,15.78,14.75,2062688,114686,5.6,0,0,0.0,69,56,86,0.00,14.07,28.77,36.86,2524,6
2026-05-18 04:07:36,3.6,16.73,15.83,14.83,2062688,114705,5.6,0,0,0.0,69,56,86,0.00,13.60,30.84,38.47,2532,7
2026-05-18 04:08:37,3.4,14.17,15.26,14.70,2062688,114707,5.6,0,0,0.0,69,56,86,0.00,14.10,28.70,37.03,2526,4
2026-05-18 04:09:37,3.3,12.73,14.66,14.53,2062688,114679,5.6,0,0,0.0,69,56,86,0.00,13.86,31.54,39.04,2542,4
2026-05-18 04:10:38,3.8,12.33,14.22,14.38,2062688,114668,5.6,0,0,0.0,69,56,86,0.00,17.76,30.45,38.59,2546,7
2026-05-18 04:11:38,3.7,16.37,14.65,14.50,2062688,114667,5.6,0,0,0.0,69,56,86,0.00,13.61,29.19,37.24,2543,6
2026-05-18 04:12:39,2.8,13.72,14.23,14.36,2062688,114666,5.6,0,0,0.0,69,56,86,0.00,13.83,28.56,36.71,2538,8
2026-05-18 04:13:39,3.0,12.83,13.91,14.25,2062688,114691,5.6,0,0,0.0,69,56,86,0.00,13.87,31.36,39.42,2537,6
2026-05-18 04:14:39,1.9,12.46,13.59,14.11,2062688,114688,5.6,0,0,0.0,69,56,86,0.00,13.62,31.19,38.77,2528,6
2026-05-18 04:15:40,11.9,12.64,13.40,14.01,2062688,114680,5.6,0,0,0.0,69,56,86,0.00,17.11,31.13,39.48,2534,18
2026-05-18 04:16:40,3.5,12.65,13.14,13.87,2062688,114668,5.6,0,0,0.0,69,56,86,0.00,11.63,27.92,35.87,2528,6
2026-05-18 04:17:41,3.3,12.08,12.91,13.75,2062688,114670,5.6,0,0,0.0,69,56,86,0.00,13.96,28.37,36.43,2538,9
2026-05-18 04:18:41,3.4,19.00,14.76,14.33,2062688,114685,5.6,0,0,0.0,69,56,86,0.00,13.92,30.41,38.61,2535,8
2026-05-18 04:19:42,2.9,15.45,14.55,14.29,2062688,114689,5.6,0,0,0.0,69,56,86,0.00,13.63,31.04,38.61,2545,4
2026-05-18 04:20:42,3.7,13.36,14.14,14.16,2062688,114703,5.6,0,0,0.0,69,56,86,0.00,17.41,31.83,39.49,2546,5
2026-05-18 04:21:42,3.4,13.08,13.90,14.08,2062688,114708,5.6,0,0,0.0,69,56,86,0.00,14.00,31.33,38.99,2556,6
2026-05-18 04:22:43,2.1,12.36,13.67,13.99,2062688,114709,5.6,0,0,0.0,69,56,86,0.00,13.42,29.03,37.08,2552,4
2026-05-18 04:23:43,3.4,12.21,13.38,13.87,2062688,114704,5.6,0,0,0.0,69,56,86,0.00,14.09,30.15,37.97,2543,11
2026-05-18 04:24:44,3.4,13.10,13.39,13.84,2062688,114694,5.6,0,0,0.0,69,56,86,0.00,13.68,31.28,39.28,2537,5
2026-05-18 04:25:44,1.7,12.49,13.15,13.72,2062688,114694,5.6,0,0,0.0,69,56,86,0.00,16.74,30.91,38.60,2528,5
2026-05-18 04:26:45,2.9,12.19,12.94,13.61,2062688,114679,5.6,0,0,0.0,69,56,86,0.00,21.85,31.08,39.06,2526,7
2026-05-18 04:27:45,3.5,12.44,12.85,13.54,2062688,114670,5.6,0,0,0.0,69,56,86,0.00,14.03,30.20,38.12,2527,2
2026-05-18 04:28:45,2.9,12.58,12.79,13.47,2062688,114727,5.6,0,0,0.0,69,56,86,0.00,14.05,29.32,37.34,2547,8
2026-05-18 04:29:46,2.0,12.14,12.65,13.38,2062688,114692,5.6,0,0,0.0,69,56,86,0.00,13.61,31.73,39.35,2539,4
2026-05-18 04:30:46,3.1,12.61,12.66,13.34,2062688,114686,5.6,0,0,0.0,69,56,86,0.00,17.52,30.05,37.57,2546,8
2026-05-18 04:31:47,3.4,11.59,12.36,13.19,2062688,114684,5.6,0,0,0.0,69,56,86,0.00,13.81,27.08,35.57,2536,6
2026-05-18 04:32:47,5.1,13.61,12.80,13.28,2062688,114675,5.6,0,0,0.0,69,56,86,0.00,14.72,29.28,37.38,2543,2
2026-05-18 04:33:48,3.2,18.15,14.52,13.86,2062688,114699,5.6,0,0,0.0,69,56,86,0.00,14.10,30.75,38.44,2546,7
2026-05-18 04:34:48,3.2,14.66,14.19,13.79,2062688,114690,5.6,0,0,0.0,69,56,86,0.00,14.18,30.39,38.48,2542,9
2026-05-18 04:35:48,3.3,12.01,13.53,13.58,2062688,114683,5.6,0,0,0.0,69,56,86,0.00,14.18,25.97,34.12,2534,6
2026-05-18 04:36:49,1.7,18.58,14.83,14.01,2062688,114681,5.6,0,0,0.0,69,56,86,0.00,17.32,29.38,37.76,2542,3
2026-05-18 04:37:49,3.2,14.56,14.35,13.89,2062688,114701,5.6,0,0,0.0,69,56,86,0.00,13.85,30.80,38.65,2523,5
2026-05-18 04:38:50,4.3,13.32,14.02,13.81,2062688,114743,5.6,0,0,0.0,69,56,86,0.00,14.20,30.40,38.25,2533,19
2026-05-18 04:39:50,14.6,12.29,13.63,13.69,2062688,114708,5.6,0,0,0.0,69,56,86,0.00,13.92,31.40,39.17,2533,7
2026-05-18 04:40:51,3.2,13.05,13.47,13.62,2062688,114709,5.6,0,0,0.0,69,56,86,0.00,14.06,29.53,37.25,2540,7
2026-05-18 04:41:51,3.5,13.95,13.69,13.69,2062688,114696,5.6,0,0,0.0,69,56,86,0.00,16.81,30.95,39.11,2532,5
2026-05-18 04:42:51,1.6,14.19,13.88,13.76,2062688,114701,5.6,0,0,0.0,69,56,86,0.00,13.82,30.03,37.69,2527,3
2026-05-18 04:43:52,3.3,15.90,14.37,13.93,2062688,114725,5.6,0,0,0.0,69,56,86,0.00,13.88,28.42,36.47,2512,4
2026-05-18 04:44:52,3.2,18.29,15.30,14.28,2062688,114684,5.6,0,0,0.0,69,56,86,0.00,21.92,30.00,38.02,2521,9
2026-05-18 04:45:53,2.3,29.58,18.68,15.48,2062688,114696,5.6,0,0,0.0,69,56,86,0.00,13.94,29.35,37.14,2528,5
2026-05-18 04:46:53,3.1,22.99,18.69,15.68,2062688,114709,5.6,0,0,0.0,69,56,86,0.00,14.67,31.57,39.52,2532,9
2026-05-18 04:47:54,1.6,18.60,18.36,15.76,2062688,114681,5.6,0,0,0.0,69,56,86,0.00,14.07,27.40,35.77,2542,4
2026-05-18 04:48:54,3.5,16.37,17.64,15.67,2062688,114733,5.6,0,0,0.0,69,56,86,0.00,13.84,27.41,35.63,2548,8
2026-05-18 04:49:54,1.9,17.89,17.80,15.84,2062688,114691,5.6,0,0,0.0,69,56,86,0.00,14.06,31.08,39.16,2538,3
2026-05-18 04:50:55,11.5,16.30,17.37,15.81,2062688,114704,5.6,0,0,0.0,69,56,86,0.00,14.39,28.47,36.28,2531,4
2026-05-18 04:51:55,3.2,19.07,18.12,16.19,2062688,114711,5.6,0,0,0.0,69,56,86,0.00,16.84,30.67,38.68,2542,5
2026-05-18 04:52:56,3.6,16.29,17.50,16.10,2062688,114735,5.6,0,0,0.0,69,56,86,0.00,13.75,30.93,38.77,2550,9
2026-05-18 04:53:56,3.3,14.51,16.79,15.94,2062688,114748,5.6,0,0,0.0,69,56,86,0.00,15.15,27.70,35.95,2551,7
2026-05-18 04:54:57,3.7,12.76,15.89,15.68,2062688,114702,5.6,0,0,0.0,69,56,86,0.00,14.06,27.88,36.11,2551,5
2026-05-18 04:55:57,2.0,14.07,15.73,15.64,2062688,114709,5.6,0,0,0.0,69,56,86,0.00,13.73,31.26,38.92,2545,3
2026-05-18 04:56:57,1.9,11.89,14.82,15.33,2062688,114684,5.6,0,0,0.0,69,56,86,0.00,17.21,29.20,37.22,2529,5
2026-05-18 04:57:58,2.0,12.17,14.30,15.12,2062688,114699,5.6,0,0,0.0,69,56,86,0.00,14.23,26.08,34.14,2521,3
2026-05-18 04:58:58,2.7,10.93,13.55,14.80,2062688,114705,5.6,0,0,0.0,69,56,86,0.00,13.58,24.63,32.74,2523,3
2026-05-18 04:59:59,3.3,11.35,13.19,14.60,2062688,114717,5.6,0,0,0.0,69,56,86,0.00,13.94,24.99,33.75,2525,4
2026-05-18 05:00:59,2.9,11.91,13.01,14.44,2062688,114727,5.6,0,0,0.0,69,56,86,0.00,135.22,31.20,38.97,2534,8
2026-05-18 05:02:00,3.6,13.76,13.24,14.43,2062688,114717,5.6,0,0,0.0,69,56,86,0.00,46.36,30.63,38.73,2552,21
2026-05-18 05:03:00,3.2,12.62,13.01,14.27,2062688,114689,5.6,0,0,0.0,69,56,86,0.00,13.78,29.11,36.87,2547,4
2026-05-18 05:04:00,1.5,13.33,13.25,14.28,2062688,114688,5.6,0,0,0.0,69,56,86,0.00,13.93,28.57,36.45,2537,2
2026-05-18 05:05:01,3.7,13.60,13.31,14.23,2062688,114693,5.6,0,0,0.0,69,56,86,0.00,14.02,28.77,37.16,2534,5
2026-05-18 05:06:01,3.3,14.45,13.58,14.26,2062688,114677,5.6,0,0,0.0,69,56,86,0.00,14.12,30.72,38.28,2532,6
2026-05-18 05:07:02,3.4,13.23,13.39,14.15,2062688,114712,5.6,0,0,0.0,69,56,86,0.00,16.62,30.55,38.45,2532,9
2026-05-18 05:08:02,2.6,12.71,13.22,14.05,2062688,114713,5.6,0,0,0.0,69,56,86,0.00,14.10,30.94,38.98,2540,5
2026-05-18 05:09:03,4.0,12.77,13.13,13.96,2062688,114732,5.6,0,0,0.0,69,56,86,0.00,13.79,30.85,38.44,2545,6
2026-05-18 05:10:03,3.9,12.54,13.00,13.87,2062688,114714,5.6,0,0,0.0,69,56,86,0.00,14.07,31.50,39.56,2546,7
2026-05-18 05:11:03,1.8,12.76,13.01,13.81,2062688,114720,5.6,0,0,0.0,69,56,86,0.00,14.61,30.85,38.56,2554,6
2026-05-18 05:12:04,3.3,12.33,12.79,13.68,2062688,114700,5.6,0,0,0.0,69,56,86,0.00,24.61,31.19,39.15,2541,7
2026-05-18 05:13:04,2.8,13.00,12.93,13.68,2062688,114703,5.6,0,0,0.0,69,56,86,0.00,13.90,29.70,38.00,2554,7
2026-05-18 05:14:05,1.6,12.03,12.69,13.55,2062688,114718,5.6,0,0,0.0,69,56,86,0.00,13.57,29.79,37.35,2552,3
2026-05-18 05:15:05,1.7,12.54,12.74,13.51,2062688,114676,5.6,0,0,0.0,69,56,86,0.00,13.80,29.79,38.04,2546,4
2026-05-18 05:16:06,3.1,13.23,12.93,13.53,2062688,114699,5.6,0,0,0.0,69,56,86,0.00,14.48,30.53,38.05,2548,8
2026-05-18 05:17:06,25.2,12.24,12.71,13.42,2062688,114689,5.6,0,0,0.0,69,56,86,0.00,16.75,31.63,39.03,2541,8
2026-05-18 05:18:06,3.1,11.89,12.55,13.31,2062688,114709,5.6,0,0,0.0,69,56,86,0.00,14.07,31.48,39.25,2525,21
2026-05-18 05:19:07,3.3,13.31,12.78,13.34,2062688,114735,5.6,0,0,0.0,69,56,86,0.00,13.92,31.35,38.95,2520,8
2026-05-18 05:20:07,3.3,12.82,12.72,13.28,2062688,114710,5.6,0,0,0.0,69,56,86,0.00,14.14,31.51,39.11,2518,5
2026-05-18 05:21:08,1.6,15.63,13.48,13.50,2062688,114708,5.6,0,0,0.0,69,56,86,0.00,14.45,30.93,38.76,2518,3
2026-05-18 05:22:08,3.1,18.93,15.29,14.15,2062688,114691,5.6,0,0,0.0,69,56,86,0.00,13.62,29.51,37.43,2536,6
2026-05-18 05:23:09,3.3,15.69,15.04,14.14,2062688,114724,5.6,0,0,0.0,69,56,86,0.00,16.69,31.04,39.27,2528,5
2026-05-18 05:24:09,4.7,21.97,17.89,15.24,2062688,114744,5.6,0,0,0.0,69,56,86,0.00,13.62,30.84,38.60,2533,3
2026-05-18 05:25:09,3.5,24.37,19.01,15.77,2062688,114709,5.6,0,0,0.0,69,56,86,0.00,14.04,31.03,38.71,2541,6
2026-05-18 05:26:10,2.1,16.74,17.79,15.55,2062688,114697,5.6,0,0,0.0,69,56,86,0.00,13.97,26.33,34.69,2544,2
2026-05-18 05:27:10,3.3,13.55,16.64,15.29,2062688,114714,5.6,0,0,0.0,69,56,86,0.00,13.73,27.99,35.81,2540,6
2026-05-18 05:28:11,3.4,12.47,15.77,15.08,2062688,114708,5.6,0,0,0.0,69,56,86,0.00,15.18,28.52,36.73,2536,7
2026-05-18 05:29:11,2.6,23.01,18.42,16.04,2062688,114744,5.6,0,0,0.0,69,56,86,0.00,13.75,31.26,38.73,2533,8
2026-05-18 05:30:12,1.9,19.79,18.49,16.22,2062688,114714,5.6,0,0,0.0,69,56,86,0.00,14.02,30.69,38.17,2532,4
2026-05-18 05:31:12,3.4,14.54,17.19,15.92,2062688,114711,5.6,0,0,0.0,69,56,86,6.05,14.47,29.21,37.61,2531,7
2026-05-18 05:32:13,1.9,12.50,16.16,15.64,2062688,114704,5.6,0,0,0.0,69,56,86,0.00,21.73,28.51,36.56,2538,5
2026-05-18 05:33:13,3.6,11.95,15.31,15.38,2062688,114702,5.6,0,0,0.0,69,56,86,0.00,16.41,30.16,38.35,2540,8
2026-05-18 05:34:13,3.3,12.39,14.80,15.20,2062688,114736,5.6,0,0,0.0,69,56,86,0.00,13.85,30.96,38.38,2554,8
2026-05-18 05:35:14,3.2,12.72,14.46,15.05,2062688,114706,5.6,0,0,0.0,69,56,86,0.00,13.93,31.14,38.92,2553,5
2026-05-18 05:36:14,1.6,11.47,13.80,14.79,2062688,114685,5.6,0,0,0.0,69,56,86,0.00,14.20,28.98,37.15,2544,3
2026-05-18 05:37:15,2.0,12.25,13.60,14.65,2062688,114706,5.6,0,0,0.0,69,56,86,0.00,13.98,31.18,38.82,2543,6
2026-05-18 05:38:15,11.5,12.20,13.31,14.49,2062688,114698,5.6,0,0,0.0,69,56,86,0.00,17.10,31.55,39.31,2530,7
2026-05-18 05:39:16,1.7,12.35,13.21,14.38,2062688,114728,5.6,0,0,0.0,69,56,86,0.00,14.08,30.45,38.09,2511,4
2026-05-18 05:40:16,3.1,12.07,12.92,14.20,2062688,114689,5.6,0,0,0.0,69,56,86,0.00,14.45,26.41,34.59,2515,8
2026-05-18 05:41:16,3.4,11.80,12.68,14.04,2062688,114693,5.6,0,0,0.0,69,56,86,0.00,13.93,28.17,36.46,2510,6
2026-05-18 05:42:17,1.9,12.20,12.62,13.93,2062688,114714,5.6,0,0,0.0,69,56,86,0.00,13.76,31.70,39.16,2526,3
2026-05-18 05:43:17,3.2,12.45,12.56,13.82,2062688,114728,5.6,0,0,0.0,69,56,86,0.00,17.00,28.70,37.10,2537,3
2026-05-18 05:44:18,2.7,12.03,12.38,13.67,2062688,114737,5.6,0,0,0.0,69,56,86,0.00,13.57,26.79,34.92,2537,5
2026-05-18 05:45:18,3.1,11.85,12.23,13.54,2062688,114713,5.6,0,0,0.0,69,56,86,0.00,13.90,29.75,37.45,2535,7
2026-05-18 05:46:19,3.4,12.18,12.28,13.47,2062688,114719,5.6,0,0,0.0,69,56,86,0.00,14.43,30.91,39.06,2542,5
2026-05-18 05:47:19,3.8,12.33,12.26,13.39,2062688,114726,5.6,0,0,0.0,69,56,86,0.00,14.01,30.69,38.56,2524,4
2026-05-18 05:48:19,3.6,12.86,12.48,13.39,2062688,114754,5.6,0,0,0.0,69,56,86,0.00,16.53,31.09,38.97,2516,7
2026-05-18 05:49:20,0.9,13.00,12.62,13.39,2062688,71933,3.5,0,0,0.0,69,56,86,0.00,27.89,29.65,36.60,2440,4
2026-05-18 05:50:20,0.3,10.36,11.92,13.09,2062688,40179,1.9,0,0,0.0,69,56,86,0.00,23.21,5.65,8.02,2420,1
2026-05-18 05:51:21,0.3,22.00,14.30,13.80,2062688,40145,1.9,0,0,0.0,69,56,86,0.00,11.50,3.79,6.97,2414,1
2026-05-18 05:52:21,0.3,13.76,13.33,13.49,2062688,40127,1.9,0,0,0.0,69,56,86,0.00,10.52,3.58,6.41,2410,1
2026-05-18 05:53:22,0.3,10.30,12.42,13.17,2062688,40109,1.9,0,0,0.0,69,56,86,0.00,13.34,3.80,6.73,2402,1
2026-05-18 05:54:22,0.3,9.09,11.67,12.86,2062688,40087,1.9,0,0,0.0,69,56,86,0.00,10.80,3.66,6.70,2377,1
2026-05-18 05:55:22,0.2,8.59,11.06,12.58,2062688,40085,1.9,0,0,0.0,69,56,86,0.00,10.70,3.57,6.42,2313,1
2026-05-18 05:56:23,0.5,8.21,10.50,12.29,2062688,40096,1.9,0,0,0.0,69,56,86,0.00,9.80,3.76,7.03,2325,1
2026-05-18 05:57:23,0.3,8.27,10.06,12.01,2062688,40103,1.9,0,0,0.0,69,56,86,0.00,10.70,3.68,6.50,2344,1
2026-05-18 05:58:24,2.6,8.18,9.71,11.77,2062688,40115,1.9,0,0,0.0,69,56,86,0.00,12.89,3.63,6.72,2356,1
2026-05-18 05:59:24,0.3,8.16,9.42,11.54,2062688,40101,1.9,0,0,0.0,69,56,86,0.00,11.08,3.74,6.93,2361,1
2026-05-18 06:00:24,0.3,8.19,9.22,11.34,2062688,40101,1.9,0,0,0.0,69,56,86,0.00,10.72,3.81,6.61,2351,1
2026-05-18 06:01:25,0.3,8.19,9.03,11.14,2062688,40103,1.9,0,0,0.0,69,56,86,0.00,11.75,3.77,6.95,2351,1
2026-05-18 06:02:25,0.3,8.50,8.95,10.97,2062688,40092,1.9,0,0,0.0,69,56,86,0.00,43.02,3.58,6.40,2342,1
2026-05-18 06:03:26,0.7,9.09,9.03,10.87,2062688,40094,1.9,0,0,0.0,69,56,86,0.00,12.19,3.71,6.49,2333,2
2026-05-18 06:04:26,0.4,9.92,9.24,10.82,2062688,40075,1.9,0,0,0.0,69,56,86,0.00,11.94,3.68,6.89,2335,1
2026-05-18 06:05:26,0.2,9.23,9.17,10.70,2062688,40070,1.9,0,0,0.0,69,56,86,0.00,10.87,3.68,6.49,2341,1
2026-05-18 06:06:27,0.3,8.63,9.00,10.55,2062688,40068,1.9,0,0,0.0,69,56,86,0.00,10.88,3.87,6.86,2330,1
2026-05-18 06:07:27,0.3,8.90,9.00,10.45,2062688,40088,1.9,0,0,0.0,69,56,86,0.00,10.59,3.63,6.65,2341,1
2026-05-18 06:08:28,0.2,8.43,8.85,10.30,2062688,40091,1.9,0,0,0.0,69,56,86,0.00,10.16,3.58,6.43,2336,2
2026-05-18 06:09:28,0.4,8.41,8.76,10.18,2062688,40082,1.9,0,0,0.0,69,56,86,0.00,13.10,3.73,6.94,2329,1
2026-05-18 06:10:29,0.4,8.15,8.62,10.04,2062688,40251,2.0,0,0,0.0,69,56,86,14.74,17.91,3.96,8.98,2342,1
2026-05-18 06:11:29,0.2,8.23,8.54,9.91,2062688,40292,2.0,0,0,0.0,69,56,86,0.00,12.13,3.80,7.16,2348,1
2026-05-18 06:12:29,0.4,8.30,8.50,9.81,2062688,40281,2.0,0,0,0.0,69,56,86,0.00,10.64,3.75,6.75,2350,1
2026-05-18 06:13:30,0.3,8.11,8.41,9.69,2062688,40299,2.0,0,0,0.0,69,56,86,0.00,10.30,3.57,6.42,2350,1
2026-05-18 06:14:30,0.3,8.11,8.35,9.59,2062688,40276,2.0,0,0,0.0,69,56,86,0.00,13.23,3.74,6.89,2351,1
2026-05-18 06:15:31,0.3,8.25,8.34,9.51,2062688,40282,2.0,0,0,0.0,69,56,86,0.00,10.57,3.76,6.59,2347,1
2026-05-18 06:16:31,0.2,8.09,8.28,9.41,2062688,40281,2.0,0,0,0.0,69,56,86,0.00,11.68,3.81,6.58,2341,1
