timestamp,cpu_percent,load_1m,load_5m,load_15m,mem_total_mb,mem_used_mb,mem_percent,swap_total_mb,swap_used_mb,swap_percent,disk_total_gb,disk_used_gb,disk_percent,disk_read_mb,disk_write_mb,net_rx_mb,net_tx_mb,procs_total,procs_running
2026-05-16 04:29:58,1.9,11.84,11.80,12.68,1545545,87419,5.7,0,0,0.0,1007,473,49,1.86,4.44,0.63,3.03,2492,4
2026-05-16 04:30:58,1.8,11.84,11.82,12.63,1545545,87293,5.6,0,0,0.0,1007,473,49,1.13,3.20,0.52,1.91,2492,5
2026-05-16 04:31:59,1.6,11.60,11.72,12.54,1545545,87288,5.6,0,0,0.0,1007,473,49,1.46,3.06,0.52,1.87,2481,1
2026-05-16 04:32:59,1.0,10.05,11.30,12.35,1545545,18141,1.2,0,0,0.0,1007,473,49,2.34,11.07,2.78,2.59,2351,2
2026-05-16 04:33:59,1.1,9.73,10.99,12.18,1545545,22420,1.5,0,0,0.0,1007,473,49,2.53,6.09,0.65,2.14,2327,3
2026-05-16 04:35:00,1.6,10.64,11.04,12.11,1545545,29932,1.9,0,0,0.0,1007,473,49,1.79,6.00,0.59,2.11,2316,4
2026-05-16 04:36:00,4.9,11.54,11.12,12.07,1545545,37731,2.4,0,0,0.0,1007,473,49,1.69,4.17,0.98,2.17,2324,10
2026-05-16 04:37:00,5.0,14.92,12.16,12.37,1545545,38028,2.5,0,0,0.0,1007,473,49,1.62,3.82,0.51,1.85,2331,8
2026-05-16 04:38:01,5.5,27.51,16.15,13.72,1545545,83983,5.4,0,0,0.0,1007,473,49,2.44,94.13,0.90,4.89,2468,10
2026-05-16 04:39:01,5.9,21.68,16.55,14.01,1545545,87906,5.7,0,0,0.0,1007,473,49,1.32,80.42,1.31,4.94,2523,10
2026-05-16 04:40:01,1.9,15.94,15.93,13.96,1545545,87884,5.7,0,0,0.0,1007,473,49,1.81,12.78,0.88,2.28,2506,7
2026-05-16 04:41:02,1.6,12.62,14.97,13.75,1545545,87852,5.7,0,0,0.0,1007,473,49,1.51,3.02,0.56,1.94,2496,4
2026-05-16 04:42:02,1.5,11.80,14.26,13.58,1545545,87855,5.7,0,0,0.0,1007,473,49,1.58,3.23,0.59,1.93,2487,4
2026-05-16 04:43:02,1.5,11.39,13.73,13.44,1545545,20053,1.3,0,0,0.0,1007,473,49,42.29,13.29,3.95,3.04,2358,4
2026-05-16 04:44:03,1.6,10.59,13.09,13.24,1545545,26551,1.7,0,0,0.0,1007,473,49,1.63,8.29,1.16,3.15,2345,3
2026-05-16 04:45:03,1.7,10.04,12.48,13.02,1545545,33165,2.1,0,0,0.0,1007,473,49,1.55,4.77,1.06,3.12,2340,18
2026-05-16 04:46:03,5.9,13.58,12.93,13.13,1545545,39400,2.5,0,0,0.0,1007,473,49,855.57,5.14,1.29,3.35,2357,9
2026-05-16 04:47:04,7.1,16.24,13.83,13.43,1545545,41122,2.7,0,0,0.0,1007,473,49,71.35,3.56,0.99,2.88,2351,9
2026-05-16 04:48:04,1.2,24.67,17.27,14.67,1545545,85404,5.5,0,0,0.0,1007,473,49,1.19,114.76,1.00,2.90,2455,4
2026-05-16 04:49:04,1.4,15.34,15.93,14.37,1545545,85391,5.5,0,0,0.0,1007,473,49,1.10,3.48,1.16,3.17,2468,2
2026-05-16 04:50:05,1.4,11.92,14.83,14.09,1545545,85408,5.5,0,0,0.0,1007,473,49,1.16,3.29,1.18,3.03,2469,3
2026-05-16 04:51:05,1.3,10.40,13.87,13.80,1545545,85415,5.5,0,0,0.0,1007,473,49,1.03,3.02,1.02,2.99,2457,6
2026-05-16 04:52:05,1.3,10.00,13.11,13.54,1545545,85407,5.5,0,0,0.0,1007,473,49,1.69,3.23,0.98,2.90,2454,2
2026-05-16 04:53:06,1.4,9.91,12.46,13.28,1545545,85311,5.5,0,0,0.0,1007,473,49,1.70,3.28,1.03,3.00,2444,5
2026-05-16 04:54:06,1.2,9.60,11.90,13.04,1545545,85298,5.5,0,0,0.0,1007,473,49,2.25,3.04,1.13,3.12,2449,3
2026-05-16 04:55:06,5.6,13.36,12.52,13.18,1545545,87436,5.7,0,0,0.0,1007,473,49,1.73,4.49,1.01,3.14,2476,11
2026-05-16 04:56:07,1.6,13.55,12.79,13.24,1545545,89454,5.8,0,0,0.0,1007,473,49,4.36,87.29,1.39,4.19,2470,6
2026-05-16 04:57:07,2.0,14.00,12.98,13.26,1545545,89523,5.8,0,0,0.0,1007,473,49,2.07,3.59,3.37,10.25,2480,2
2026-05-16 04:58:07,2.0,12.73,12.79,13.18,1545545,89546,5.8,0,0,0.0,1007,473,49,1.07,3.32,3.23,10.27,2487,4
2026-05-16 04:59:08,2.5,12.62,12.76,13.15,1545545,89531,5.8,0,0,0.0,1007,473,49,1.80,37.32,9.75,16.40,2471,3
2026-05-16 05:00:08,3.3,13.51,13.04,13.22,1545545,89520,5.8,0,0,0.0,1007,473,49,1.40,3.53,9.44,17.03,2464,5
2026-05-16 05:01:08,1.5,12.58,12.96,13.19,1545545,89523,5.8,0,0,0.0,1007,473,49,1.27,47.05,4.53,11.78,2471,7
2026-05-16 05:02:09,1.6,12.10,12.75,13.10,1545545,89510,5.8,0,0,0.0,1007,473,49,3.83,3.46,1.13,7.90,2462,2
2026-05-16 05:03:09,3.5,11.78,12.49,12.98,1545545,89555,5.8,0,0,0.0,1007,473,49,2.29,3.29,2.86,9.96,2460,6
2026-05-16 05:04:09,1.5,12.21,12.57,12.98,1545545,89553,5.8,0,0,0.0,1007,473,49,2.11,3.48,4.03,10.77,2459,4
2026-05-16 05:05:10,3.4,11.91,12.39,12.89,1545545,89547,5.8,0,0,0.0,1007,473,49,1.62,2.91,4.28,11.40,2457,4
2026-05-16 05:06:10,1.7,12.06,12.44,12.89,1545545,89520,5.8,0,0,0.0,1007,473,49,1.63,3.43,4.91,11.95,2462,3
2026-05-16 05:07:10,1.5,11.86,12.30,12.81,1545545,89525,5.8,0,0,0.0,1007,473,49,2.13,3.64,1.12,7.95,2463,8
2026-05-16 05:08:11,1.6,12.63,12.43,12.82,1545545,89550,5.8,0,0,0.0,1007,473,49,1.64,3.32,2.19,9.12,2454,6
2026-05-16 05:09:11,1.6,11.27,12.08,12.67,1545545,89589,5.8,0,0,0.0,1007,473,49,1.37,4.11,1.14,8.89,2463,2
2026-05-16 05:10:11,1.8,10.69,11.80,12.54,1545545,89567,5.8,0,0,0.0,1007,473,49,2.16,3.68,1.26,8.36,2483,5
2026-05-16 05:11:12,1.7,10.41,11.51,12.39,1545545,89582,5.8,0,0,0.0,1007,473,49,2.93,3.39,1.16,8.01,2483,4
2026-05-16 05:12:12,1.7,11.00,11.45,12.31,1545545,89569,5.8,0,0,0.0,1007,473,49,2.53,3.43,1.10,7.98,2494,4
2026-05-16 05:13:12,1.7,10.54,11.24,12.18,1545545,89604,5.8,0,0,0.0,1007,473,49,2.24,3.16,1.11,7.95,2484,3
2026-05-16 05:14:13,1.4,10.15,11.02,12.05,1545545,89608,5.8,0,0,0.0,1007,473,49,1.17,3.48,1.07,7.90,2475,1
2026-05-16 05:15:13,3.3,15.07,12.22,12.40,1545545,89599,5.8,0,0,0.0,1007,473,49,1.62,3.56,6.18,13.60,2488,6
2026-05-16 05:16:13,3.1,14.15,12.33,12.41,1545545,89621,5.8,0,0,0.0,1007,473,49,2.02,3.00,2.75,9.90,2477,5
2026-05-16 05:17:14,1.8,17.33,13.58,12.84,1545545,89633,5.8,0,0,0.0,1007,473,49,1.44,3.48,9.86,16.66,2472,5
2026-05-16 05:18:14,1.6,16.31,13.89,12.99,1545545,89636,5.8,0,0,0.0,1007,473,49,2.18,3.39,6.14,12.69,2479,4
2026-05-16 05:19:14,1.1,13.26,13.50,12.91,1545545,89652,5.8,0,0,0.0,1007,473,49,2.37,3.25,1.81,8.72,2483,6
2026-05-16 05:20:15,1.6,12.61,13.22,12.85,1545545,89624,5.8,0,0,0.0,1007,473,49,2.04,3.37,2.35,9.40,2465,5
2026-05-16 05:21:15,1.6,12.09,12.95,12.78,1545545,89631,5.8,0,0,0.0,1007,473,49,2.37,3.43,5.49,12.41,2471,2
2026-05-16 05:22:15,3.3,13.98,13.29,12.90,1545545,89646,5.8,0,0,0.0,1007,473,49,1.96,3.43,8.35,15.77,2472,7
2026-05-16 05:23:16,1.7,11.64,12.77,12.75,1545545,89662,5.8,0,0,0.0,1007,473,49,2.14,3.15,2.33,9.20,2462,2
2026-05-16 05:24:16,1.8,11.22,12.48,12.65,1545545,89674,5.8,0,0,0.0,1007,473,49,2.34,3.42,1.11,8.00,2462,4
2026-05-16 05:25:16,1.6,12.09,12.51,12.65,1545545,89648,5.8,0,0,0.0,1007,473,49,2.66,3.58,3.82,11.06,2460,6
2026-05-16 05:26:17,1.6,12.22,12.46,12.63,1545545,89668,5.8,0,0,0.0,1007,473,49,2.64,3.39,6.29,13.77,2463,3
2026-05-16 05:27:17,2.1,12.86,12.69,12.70,1545545,89696,5.8,0,0,0.0,1007,473,49,2.87,3.58,7.94,15.11,2465,4
2026-05-16 05:28:17,4.2,14.13,12.96,12.79,1545545,89747,5.8,0,0,0.0,1007,473,49,1.85,3.15,4.14,11.32,2476,10
2026-05-16 05:29:18,1.2,13.28,13.08,12.85,1545545,89740,5.8,0,0,0.0,1007,473,49,3.17,3.46,8.27,15.79,2481,1
2026-05-16 05:30:18,2.3,12.43,12.89,12.80,1545545,89759,5.8,0,0,0.0,1007,473,49,4.80,3.46,5.63,13.10,2483,5
2026-05-16 05:31:18,1.5,13.67,13.06,12.85,1545545,89615,5.8,0,0,0.0,1007,473,49,2.59,3.27,8.02,14.49,2480,3
2026-05-16 05:32:19,3.7,13.85,13.18,12.91,1545545,89644,5.8,0,0,0.0,1007,473,49,2.13,3.60,9.78,17.12,2470,5
2026-05-16 05:33:19,1.6,12.61,12.91,12.83,1545545,89657,5.8,0,0,0.0,1007,473,49,2.17,2.97,3.23,10.26,2472,2
2026-05-16 05:34:19,1.3,12.33,12.75,12.78,1545545,89688,5.8,0,0,0.0,1007,473,49,1.80,3.43,3.67,10.89,2465,5
2026-05-16 05:35:20,1.3,11.21,12.34,12.63,1545545,89660,5.8,0,0,0.0,1007,473,49,2.41,3.46,2.31,9.33,2460,5
2026-05-16 05:36:20,3.3,12.94,12.64,12.72,1545545,89686,5.8,0,0,0.0,1007,473,49,2.02,3.47,11.21,18.95,2454,10
2026-05-16 05:37:20,2.0,13.57,12.94,12.82,1545545,89736,5.8,0,0,0.0,1007,473,49,1.57,3.46,11.85,18.33,2479,4
2026-05-16 05:38:21,2.6,13.05,12.99,12.85,1545545,89703,5.8,0,0,0.0,1007,473,49,1.61,3.16,7.25,14.03,2460,3
2026-05-16 05:39:21,1.3,12.82,12.95,12.85,1545545,89750,5.8,0,0,0.0,1007,473,49,2.78,3.52,6.77,14.06,2475,1
2026-05-16 05:40:21,9.0,11.72,12.64,12.74,1545545,89725,5.8,0,0,0.0,1007,473,49,1.85,3.47,6.47,13.83,2482,20
2026-05-16 05:41:22,1.5,11.51,12.44,12.67,1545545,89719,5.8,0,0,0.0,1007,473,49,2.52,3.55,7.40,14.92,2487,7
2026-05-16 05:42:22,1.5,15.53,13.22,12.91,1545545,89705,5.8,0,0,0.0,1007,473,49,3.47,3.21,5.27,12.35,2471,1
2026-05-16 05:43:22,3.2,13.51,13.04,12.87,1545545,89753,5.8,0,0,0.0,1007,473,49,2.19,3.38,8.58,16.07,2492,8
2026-05-16 05:44:23,4.4,12.57,12.89,12.83,1545545,89745,5.8,0,0,0.0,1007,473,49,1.96,3.38,6.51,13.90,2494,15
2026-05-16 05:45:23,1.4,13.09,13.22,12.96,1545545,89664,5.8,0,0,0.0,1007,473,49,2.64,3.51,2.21,9.26,2495,7
2026-05-16 05:46:23,4.4,11.46,12.71,12.80,1545545,89761,5.8,0,0,0.0,1007,473,49,1.32,3.62,2.46,9.64,2497,5
2026-05-16 05:47:24,1.7,14.50,13.15,12.93,1545545,89775,5.8,0,0,0.0,1007,473,49,1.23,3.30,8.75,15.32,2502,3
2026-05-16 05:48:24,3.5,13.52,12.98,12.88,1545545,89816,5.8,0,0,0.0,1007,473,49,2.82,3.36,5.42,12.81,2508,4
2026-05-16 05:49:24,1.4,11.68,12.56,12.74,1545545,89782,5.8,0,0,0.0,1007,473,49,2.91,3.46,1.47,8.33,2492,5
2026-05-16 05:50:25,1.4,10.60,12.12,12.58,1545545,89773,5.8,0,0,0.0,1007,473,49,3.35,3.36,1.21,8.17,2491,4
2026-05-16 05:51:25,1.8,11.85,12.18,12.57,1545545,89812,5.8,0,0,0.0,1007,473,49,2.49,3.41,9.19,17.02,2488,5
2026-05-16 05:52:25,3.4,17.83,13.71,13.06,1545545,89849,5.8,0,0,0.0,1007,473,49,2.58,2.96,6.58,14.00,2499,6
2026-05-16 05:53:26,3.7,14.34,13.46,13.02,1545545,89854,5.8,0,0,0.0,1007,473,49,3.03,3.32,6.65,13.99,2496,5
2026-05-16 05:54:26,1.5,12.78,13.17,12.95,1545545,89878,5.8,0,0,0.0,1007,473,49,1.88,3.39,8.48,15.96,2494,6
2026-05-16 05:55:26,1.4,11.88,12.85,12.85,1545545,89849,5.8,0,0,0.0,1007,473,49,3.61,3.30,1.21,8.13,2496,2
2026-05-16 05:56:27,1.6,12.01,12.64,12.77,1545545,89869,5.8,0,0,0.0,1007,473,49,2.10,3.53,4.87,12.18,2490,2
2026-05-16 05:57:27,3.5,12.80,12.79,12.81,1545545,89887,5.8,0,0,0.0,1007,473,49,2.52,3.39,1.81,8.79,2457,2
2026-05-16 05:58:27,1.3,12.45,12.69,12.78,1545545,89895,5.8,0,0,0.0,1007,473,49,2.38,3.37,5.63,12.71,2472,1
2026-05-16 05:59:28,3.3,11.40,12.33,12.65,1545545,89911,5.8,0,0,0.0,1007,473,49,1.53,3.47,3.24,10.40,2468,8
2026-05-16 06:00:28,1.4,12.83,12.49,12.68,1545545,89891,5.8,0,0,0.0,1007,473,49,3.56,3.42,5.71,13.03,2468,2
2026-05-16 06:01:28,3.1,12.62,12.56,12.69,1545545,89907,5.8,0,0,0.0,1007,473,49,2.37,49.88,6.70,14.12,2478,4
2026-05-16 06:02:29,3.2,12.37,12.45,12.64,1545545,89927,5.8,0,0,0.0,1007,473,49,2.59,3.30,7.20,14.35,2490,6
2026-05-16 06:03:29,3.3,13.40,12.62,12.68,1545545,89941,5.8,0,0,0.0,1007,473,49,2.25,3.38,9.72,17.18,2472,7
2026-05-16 06:04:29,1.6,12.38,12.53,12.65,1545545,89918,5.8,0,0,0.0,1007,473,49,1.53,3.30,5.02,12.21,2476,3
2026-05-16 06:05:30,1.5,11.35,12.19,12.53,1545545,89907,5.8,0,0,0.0,1007,473,49,1.56,3.43,1.21,8.11,2476,2
2026-05-16 06:06:30,1.4,11.25,12.02,12.44,1545545,89895,5.8,0,0,0.0,1007,473,49,2.17,3.50,7.34,14.96,2474,2
2026-05-16 06:07:30,1.4,10.92,11.75,12.32,1545545,89928,5.8,0,0,0.0,1007,473,49,1.16,3.36,1.46,8.44,2486,4
2026-05-16 06:08:31,1.4,10.92,11.60,12.23,1545545,89813,5.8,0,0,0.0,1007,473,49,2.01,3.22,1.07,7.98,2483,1
2026-05-16 06:09:31,3.0,10.89,11.43,12.13,1545545,89817,5.8,0,0,0.0,1007,473,49,1.85,3.38,2.97,10.08,2487,20
2026-05-16 06:10:31,1.3,11.14,11.48,12.11,1545545,89797,5.8,0,0,0.0,1007,473,49,3.82,3.36,3.28,10.38,2491,8
2026-05-16 06:11:32,1.9,10.85,11.32,12.01,1545545,89801,5.8,0,0,0.0,1007,473,49,1.94,3.47,3.76,10.97,2485,8
2026-05-16 06:12:32,3.4,15.81,12.35,12.31,1545545,89844,5.8,0,0,0.0,1007,473,49,2.06,3.38,7.81,15.51,2474,4
2026-05-16 06:13:32,1.7,12.96,12.15,12.24,1545545,89851,5.8,0,0,0.0,1007,473,49,3.23,3.43,4.63,11.78,2492,1
2026-05-16 06:14:33,1.5,12.21,12.06,12.20,1545545,89827,5.8,0,0,0.0,1007,473,49,4.11,3.36,4.73,12.03,2489,5
2026-05-16 06:15:33,3.3,12.25,12.08,12.20,1545545,89856,5.8,0,0,0.0,1007,473,49,2.28,3.32,5.72,12.50,2484,7
2026-05-16 06:16:33,1.7,11.30,11.84,12.10,1545545,89850,5.8,0,0,0.0,1007,473,49,4.44,3.32,2.39,9.45,2486,3
2026-05-16 06:17:34,3.3,13.22,12.20,12.20,1545545,89901,5.8,0,0,0.0,1007,473,49,2.30,3.50,8.32,15.93,2499,10
2026-05-16 06:18:34,1.5,11.97,12.01,12.14,1545545,89901,5.8,0,0,0.0,1007,473,49,2.31,3.31,2.06,8.99,2492,1
2026-05-16 06:19:35,1.5,12.52,12.26,12.22,1545545,89896,5.8,0,0,0.0,1007,473,49,1.62,3.19,7.27,14.80,2489,4
2026-05-16 06:20:35,1.6,11.77,12.07,12.16,1545545,89891,5.8,0,0,0.0,1007,473,49,2.45,3.37,1.10,8.01,2488,4
2026-05-16 06:21:35,1.4,10.89,11.70,12.02,1545545,89903,5.8,0,0,0.0,1007,473,49,2.05,3.63,1.59,8.56,2480,1
2026-05-16 06:22:36,1.4,10.66,11.49,11.93,1545545,89909,5.8,0,0,0.0,1007,473,49,1.69,3.37,1.15,8.15,2469,1
2026-05-16 06:23:36,3.8,13.49,12.09,12.10,1545545,89937,5.8,0,0,0.0,1007,473,49,2.57,3.34,9.34,16.47,2488,8
2026-05-16 06:24:36,1.3,11.85,11.90,12.04,1545545,89909,5.8,0,0,0.0,1007,473,49,4.39,3.51,1.67,8.60,2477,7
2026-05-16 06:25:37,1.3,10.84,11.60,11.92,1545545,89901,5.8,0,0,0.0,1007,473,49,2.06,3.37,1.07,7.91,2477,3
2026-05-16 06:26:37,1.4,11.25,11.57,11.89,1545545,89922,5.8,0,0,0.0,1007,473,49,2.55,3.39,8.71,15.58,2495,3
2026-05-16 06:27:37,2.7,12.89,11.98,12.01,1545545,89985,5.8,0,0,0.0,1007,473,49,2.03,3.60,6.25,13.81,2482,1
2026-05-16 06:28:38,1.6,13.44,12.32,12.13,1545545,89991,5.8,0,0,0.0,1007,473,49,1.43,3.30,7.67,14.50,2479,3
2026-05-16 06:29:38,4.5,12.10,12.15,12.08,1545545,89989,5.8,0,0,0.0,1007,473,49,2.54,3.42,6.18,13.65,2490,7
2026-05-16 06:30:38,1.7,12.95,12.34,12.15,1545545,89975,5.8,0,0,0.0,1007,473,49,2.26,3.18,8.81,16.34,2488,4
2026-05-16 06:31:39,1.6,14.09,12.72,12.29,1545545,90003,5.8,0,0,0.0,1007,473,49,1.64,3.54,5.73,12.94,2473,4
2026-05-16 06:32:39,2.1,14.79,13.02,12.41,1545545,90066,5.8,0,0,0.0,1007,473,49,2.09,3.41,6.59,13.87,2483,11
2026-05-16 06:33:39,3.4,12.00,12.55,12.28,1545545,90068,5.8,0,0,0.0,1007,473,49,1.71,3.30,3.45,10.32,2477,10
2026-05-16 06:34:40,3.7,11.06,12.17,12.17,1545545,90083,5.8,0,0,0.0,1007,473,49,1.59,3.19,3.35,10.40,2483,9
2026-05-16 06:35:40,1.8,11.59,12.10,12.14,1545545,90050,5.8,0,0,0.0,1007,473,49,3.94,3.59,3.06,10.15,2487,2
2026-05-16 06:36:40,2.9,12.66,12.26,12.19,1545545,90052,5.8,0,0,0.0,1007,473,49,2.44,3.58,7.92,14.91,2496,5
2026-05-16 06:37:41,3.0,12.61,12.33,12.22,1545545,90085,5.8,0,0,0.0,1007,473,49,2.03,3.48,7.73,15.22,2492,4
2026-05-16 06:38:41,1.7,12.34,12.39,12.25,1545545,90094,5.8,0,0,0.0,1007,473,49,4.02,3.09,6.60,13.36,2477,3
2026-05-16 06:39:41,1.6,11.15,12.08,12.16,1545545,90074,5.8,0,0,0.0,1007,473,49,3.62,3.45,1.48,8.46,2472,4
2026-05-16 06:40:42,1.2,11.48,12.00,12.12,1545545,90080,5.8,0,0,0.0,1007,473,49,2.16,3.25,7.46,13.94,2458,3
2026-05-16 06:41:42,1.8,11.76,11.95,12.10,1545545,90088,5.8,0,0,0.0,1007,473,49,4.76,3.41,4.55,11.87,2465,7
2026-05-16 06:42:42,1.3,12.43,12.14,12.15,1545545,90105,5.8,0,0,0.0,1007,473,49,1.94,3.51,5.25,12.55,2479,3
2026-05-16 06:43:43,2.0,14.06,12.61,12.31,1545545,90141,5.8,0,0,0.0,1007,473,49,2.42,3.37,5.28,12.58,2479,7
2026-05-16 06:44:43,1.6,11.94,12.27,12.21,1545545,90108,5.8,0,0,0.0,1007,473,49,3.75,3.34,5.25,12.58,2484,1
2026-05-16 06:45:43,2.9,11.67,12.11,12.16,1545545,90103,5.8,0,0,0.0,1007,473,49,1.87,3.48,2.88,9.94,2482,8
2026-05-16 06:46:44,3.1,10.77,11.79,12.05,1545545,90133,5.8,0,0,0.0,1007,473,49,2.34,3.67,3.45,10.62,2473,4
2026-05-16 06:47:44,1.7,10.69,11.61,11.97,1545545,90016,5.8,0,0,0.0,1007,473,49,1.41,3.53,1.47,8.58,2475,2
2026-05-16 06:48:44,1.7,13.52,12.04,12.08,1545545,90055,5.8,0,0,0.0,1007,473,49,2.28,3.15,9.19,16.35,2472,2
2026-05-16 06:49:45,3.2,12.93,12.09,12.10,1545545,90023,5.8,0,0,0.0,1007,473,49,2.64,3.43,6.95,13.90,2461,13
2026-05-16 06:50:45,1.5,13.23,12.31,12.17,1545545,90023,5.8,0,0,0.0,1007,473,49,3.35,3.39,11.63,19.26,2478,4
2026-05-16 06:51:45,1.3,11.92,12.09,12.10,1545545,89966,5.8,0,0,0.0,1007,473,49,2.69,3.51,2.99,10.06,2488,2
2026-05-16 06:52:46,2.0,12.38,12.22,12.14,1545545,90000,5.8,0,0,0.0,1007,473,49,2.22,3.50,3.79,11.02,2470,5
2026-05-16 06:53:46,1.3,13.39,12.54,12.26,1545545,89954,5.8,0,0,0.0,1007,473,49,2.80,3.39,5.81,13.29,2482,5
2026-05-16 06:54:46,3.2,13.97,12.79,12.36,1545545,89935,5.8,0,0,0.0,1007,473,49,2.49,3.38,3.33,10.47,2487,6
2026-05-16 06:55:47,1.5,15.07,13.26,12.54,1545545,89899,5.8,0,0,0.0,1007,473,49,1.85,3.40,4.71,11.88,2470,2
2026-05-16 06:56:47,3.6,16.55,13.92,12.81,1545545,90013,5.8,0,0,0.0,1007,473,49,2.15,3.38,4.55,11.84,2463,10
2026-05-16 06:57:47,3.2,19.80,15.23,13.33,1545545,90051,5.8,0,0,0.0,1007,473,49,2.16,3.10,4.73,11.76,2479,27
2026-05-16 06:58:48,1.6,17.77,15.63,13.59,1545545,90067,5.8,0,0,0.0,1007,473,49,2.96,3.36,7.24,14.66,2479,4
2026-05-16 06:59:48,1.8,15.08,15.34,13.62,1545545,90053,5.8,0,0,0.0,1007,473,49,2.85,3.51,3.31,10.41,2475,3
2026-05-16 07:00:48,1.9,17.70,16.01,13.96,1545545,90068,5.8,0,0,0.0,1007,473,49,3.28,3.26,8.75,15.05,2473,2
2026-05-16 07:01:49,1.4,12.69,14.89,13.70,1545545,90060,5.8,0,0,0.0,1007,473,49,1.97,49.79,1.16,8.06,2478,3
2026-05-16 07:02:49,3.1,18.02,15.85,14.10,1545545,90103,5.8,0,0,0.0,1007,473,49,2.29,3.38,10.50,18.27,2467,5
2026-05-16 07:03:49,1.7,16.18,15.85,14.22,1545545,90117,5.8,0,0,0.0,1007,473,49,2.59,3.23,9.05,16.25,2467,1
2026-05-16 07:04:50,1.6,14.10,15.35,14.15,1545545,90098,5.8,0,0,0.0,1007,473,49,3.38,3.36,2.53,9.51,2479,4
2026-05-16 07:05:50,1.8,18.15,16.36,14.57,1545545,90107,5.8,0,0,0.0,1007,473,49,4.84,3.36,11.81,18.54,2471,3
2026-05-16 07:06:50,2.9,15.58,15.98,14.56,1545545,90123,5.8,0,0,0.0,1007,473,49,1.91,3.45,5.32,12.49,2480,6
2026-05-16 07:07:51,1.6,17.05,16.50,14.83,1545545,90141,5.8,0,0,0.0,1007,473,49,1.48,3.61,5.93,13.03,2481,3
2026-05-16 07:08:51,3.1,14.58,15.79,14.69,1545545,90168,5.8,0,0,0.0,1007,473,49,1.89,3.41,4.80,12.25,2485,12
2026-05-16 07:09:51,8.9,12.91,15.07,14.51,1545545,90160,5.8,0,0,0.0,1007,473,49,1.98,3.27,5.60,12.74,2471,23
2026-05-16 07:10:52,1.2,15.47,15.66,14.76,1545545,90159,5.8,0,0,0.0,1007,473,49,2.31,3.35,1.90,8.73,2472,5
2026-05-16 07:11:52,3.2,13.22,14.98,14.58,1545545,90186,5.8,0,0,0.0,1007,473,49,3.92,3.35,7.66,15.22,2476,10
2026-05-16 07:12:52,1.2,11.72,14.28,14.37,1545545,90175,5.8,0,0,0.0,1007,473,49,2.93,3.46,2.72,9.78,2469,2
2026-05-16 07:13:53,1.9,11.34,13.66,14.15,1545545,90200,5.8,0,0,0.0,1007,473,49,2.17,3.32,2.11,9.22,2470,2
2026-05-16 07:14:53,3.4,12.20,13.49,14.06,1545545,90186,5.8,0,0,0.0,1007,473,49,3.02,3.32,10.45,17.37,2475,22
2026-05-16 07:15:53,1.8,12.00,13.24,13.93,1545545,90170,5.8,0,0,0.0,1007,473,49,1.86,3.23,9.28,15.47,2487,1
2026-05-16 07:16:54,1.5,12.02,13.09,13.84,1545545,90177,5.8,0,0,0.0,1007,473,49,1.98,3.48,5.88,13.18,2479,2
2026-05-16 07:17:54,2.4,11.19,12.70,13.66,1545545,90208,5.8,0,0,0.0,1007,473,49,4.02,3.58,1.22,8.21,2482,6
2026-05-16 07:18:54,1.3,17.35,13.74,13.93,1545545,90227,5.8,0,0,0.0,1007,473,49,2.06,3.38,4.41,11.79,2480,1
2026-05-16 07:19:55,1.6,13.49,13.31,13.77,1545545,90205,5.8,0,0,0.0,1007,473,49,1.98,3.36,1.42,8.35,2469,2
2026-05-16 07:20:55,3.3,12.16,12.95,13.62,1545545,90233,5.8,0,0,0.0,1007,473,49,2.80,3.29,3.09,10.13,2466,4
2026-05-16 07:21:55,1.3,11.39,12.59,13.45,1545545,90225,5.8,0,0,0.0,1007,473,49,2.15,3.56,4.24,11.37,2476,7
2026-05-16 07:22:56,3.5,12.09,12.60,13.40,1545545,90271,5.8,0,0,0.0,1007,473,49,5.15,3.37,3.53,10.80,2483,25
2026-05-16 07:23:56,1.3,14.05,13.14,13.54,1545545,90258,5.8,0,0,0.0,1007,473,49,3.83,3.38,8.77,16.60,2478,3
2026-05-16 07:24:57,11.8,13.36,13.10,13.50,1545545,90239,5.8,0,0,0.0,1007,473,49,2.70,3.41,5.80,13.20,2479,17
2026-05-16 07:25:57,1.6,13.02,13.06,13.46,1545545,90118,5.8,0,0,0.0,1007,473,49,3.08,3.36,4.41,11.60,2477,2
2026-05-16 07:26:57,1.8,12.15,12.79,13.34,1545545,90132,5.8,0,0,0.0,1007,473,49,2.33,3.43,1.47,8.35,2474,1
2026-05-16 07:27:58,3.3,10.69,12.24,13.11,1545545,90164,5.8,0,0,0.0,1007,473,49,2.59,3.61,2.18,9.22,2484,5
2026-05-16 07:28:58,1.5,12.03,12.35,13.09,1545545,90187,5.8,0,0,0.0,1007,473,49,1.71,3.52,9.59,16.46,2490,2
2026-05-16 07:29:58,2.0,13.50,12.63,13.14,1545545,90166,5.8,0,0,0.0,1007,473,49,3.02,3.20,5.70,13.10,2483,3
2026-05-16 07:30:59,1.5,12.05,12.41,13.03,1545545,90158,5.8,0,0,0.0,1007,473,49,2.24,3.38,3.00,9.97,2485,2
2026-05-16 07:31:59,3.4,13.08,12.70,13.09,1545545,90189,5.8,0,0,0.0,1007,473,49,2.66,3.36,7.56,14.86,2485,6
2026-05-16 07:32:59,2.9,14.17,13.08,13.20,1545545,90214,5.8,0,0,0.0,1007,473,49,2.71,3.59,11.80,19.30,2474,4
2026-05-16 07:34:00,2.0,12.21,12.76,13.08,1545545,90238,5.8,0,0,0.0,1007,473,49,1.91,3.28,3.51,10.68,2477,4
2026-05-16 07:35:00,1.8,12.93,12.89,13.11,1545545,90202,5.8,0,0,0.0,1007,473,49,1.63,3.49,6.01,13.32,2490,5
2026-05-16 07:36:00,2.0,12.77,12.85,13.08,1545545,90210,5.8,0,0,0.0,1007,473,49,2.12,3.42,7.16,14.09,2482,3
2026-05-16 07:37:01,2.0,13.14,12.88,13.07,1545545,90219,5.8,0,0,0.0,1007,473,49,2.14,3.38,5.62,12.81,2472,3
2026-05-16 07:38:01,1.5,14.85,13.50,13.28,1545545,90242,5.8,0,0,0.0,1007,473,49,2.01,3.59,10.89,17.96,2477,2
2026-05-16 07:39:01,1.4,12.64,13.15,13.17,1545545,90243,5.8,0,0,0.0,1007,473,49,1.84,3.57,3.85,11.10,2481,1
2026-05-16 07:40:02,1.3,12.72,13.06,13.14,1545545,90233,5.8,0,0,0.0,1007,473,49,3.62,3.04,3.61,10.76,2482,1
2026-05-16 07:41:02,1.4,11.29,12.59,12.97,1545545,90233,5.8,0,0,0.0,1007,473,49,5.82,3.18,1.08,8.00,2474,1
2026-05-16 07:42:02,2.9,10.99,12.27,12.83,1545545,90261,5.8,0,0,0.0,1007,473,49,3.41,3.39,5.04,12.25,2481,29
2026-05-16 07:43:03,1.5,11.87,12.27,12.80,1545545,90267,5.8,0,0,0.0,1007,473,49,3.26,3.42,4.99,12.31,2481,6
2026-05-16 07:44:03,2.8,11.39,12.04,12.68,1545545,90270,5.8,0,0,0.0,1007,473,49,3.32,3.36,3.01,10.24,2475,4
2026-05-16 07:45:03,1.8,11.60,11.95,12.61,1545545,90248,5.8,0,0,0.0,1007,473,49,2.83,3.46,5.11,12.36,2474,4
2026-05-16 07:46:04,1.4,10.54,11.59,12.44,1545545,90248,5.8,0,0,0.0,1007,473,49,2.03,3.33,1.07,7.92,2476,10
2026-05-16 07:47:04,1.2,10.39,11.31,12.29,1545545,90258,5.8,0,0,0.0,1007,473,49,1.96,3.61,1.80,8.81,2475,2
2026-05-16 07:48:04,1.5,10.35,11.14,12.17,1545545,90289,5.8,0,0,0.0,1007,473,49,5.91,3.31,1.24,8.19,2464,4
2026-05-16 07:49:05,3.4,12.51,11.46,12.20,1545545,90326,5.8,0,0,0.0,1007,473,49,2.96,3.40,4.71,12.03,2472,5
2026-05-16 07:50:05,1.6,11.07,11.25,12.08,1545545,90282,5.8,0,0,0.0,1007,473,49,2.58,3.52,1.92,8.96,2461,3
2026-05-16 07:51:05,3.2,12.55,11.50,12.11,1545545,90305,5.8,0,0,0.0,1007,473,49,5.23,3.42,4.13,11.28,2461,3
2026-05-16 07:52:06,3.5,14.05,12.11,12.28,1545545,90316,5.8,0,0,0.0,1007,473,49,2.45,3.32,9.88,16.79,2457,2
2026-05-16 07:53:06,1.6,11.85,11.89,12.19,1545545,90318,5.8,0,0,0.0,1007,473,49,2.30,3.37,9.12,15.93,2465,8
2026-05-16 07:54:06,1.6,11.19,11.71,12.11,1545545,90297,5.8,0,0,0.0,1007,473,49,2.65,3.50,1.17,8.14,2468,5
2026-05-16 07:55:07,1.8,11.73,11.79,12.11,1545545,90315,5.8,0,0,0.0,1007,473,49,2.50,3.41,7.28,14.83,2468,4
2026-05-16 07:56:07,3.8,11.71,11.76,12.08,1545545,90322,5.8,0,0,0.0,1007,473,49,3.05,3.20,4.44,11.75,2468,8
2026-05-16 07:57:07,1.6,12.45,11.92,12.11,1545545,90327,5.8,0,0,0.0,1007,473,49,2.28,3.45,6.54,13.22,2469,4
2026-05-16 07:58:08,1.2,11.90,11.83,12.07,1545545,90351,5.8,0,0,0.0,1007,473,49,3.55,3.51,7.34,14.45,2476,5
2026-05-16 07:59:08,2.4,13.06,12.13,12.15,1545545,90359,5.8,0,0,0.0,1007,473,49,3.41,3.34,9.26,16.95,2478,4
2026-05-16 08:00:09,1.6,12.39,12.08,12.13,1545545,90350,5.8,0,0,0.0,1007,473,49,3.43,3.48,5.82,12.62,2487,3
2026-05-16 08:01:09,4.0,10.71,11.65,11.98,1545545,90365,5.8,0,0,0.0,1007,473,49,3.63,47.42,1.86,8.90,2478,5
2026-05-16 08:02:09,1.4,11.05,11.67,11.97,1545545,90246,5.8,0,0,0.0,1007,473,49,3.56,3.55,6.90,14.23,2474,3
2026-05-16 08:03:10,4.3,11.21,11.58,11.92,1545545,90290,5.8,0,0,0.0,1007,473,49,5.21,2.88,3.51,10.58,2468,6
2026-05-16 08:04:10,3.3,11.62,11.74,11.95,1545545,90265,5.8,0,0,0.0,1007,473,49,3.27,3.55,4.38,11.85,2468,4
2026-05-16 08:05:10,1.6,11.81,11.81,11.97,1545545,90255,5.8,0,0,0.0,1007,473,49,2.78,3.46,4.35,11.53,2462,2
2026-05-16 08:06:11,3.1,12.76,12.07,12.05,1545545,90272,5.8,0,0,0.0,1007,473,49,2.15,3.34,10.09,17.26,2462,5
2026-05-16 08:07:11,1.4,13.81,12.55,12.21,1545545,90260,5.8,0,0,0.0,1007,473,49,1.75,3.48,6.37,13.71,2463,4
2026-05-16 08:08:11,1.3,13.30,12.63,12.26,1545545,90292,5.8,0,0,0.0,1007,473,49,1.90,3.35,6.11,13.27,2473,1
2026-05-16 08:09:12,1.4,12.37,12.45,12.22,1545545,90174,5.8,0,0,0.0,1007,473,49,2.62,3.52,4.78,11.61,2460,3
2026-05-16 08:10:12,1.8,11.84,12.26,12.17,1545545,90164,5.8,0,0,0.0,1007,473,49,2.55,3.21,2.99,10.09,2446,1
2026-05-16 08:11:12,1.1,11.29,12.04,12.10,1545545,90145,5.8,0,0,0.0,1007,473,49,2.14,3.23,5.52,12.75,2465,2
2026-05-16 08:12:13,1.3,10.40,11.65,11.96,1545545,90147,5.8,0,0,0.0,1007,473,49,2.08,3.42,1.05,7.93,2474,7
2026-05-16 08:13:13,1.7,11.28,11.67,11.95,1545545,90181,5.8,0,0,0.0,1007,473,49,3.33,3.30,6.96,14.02,2468,7
2026-05-16 08:14:13,4.6,12.44,11.92,12.01,1545545,90068,5.8,0,0,0.0,1007,473,49,4.44,3.39,4.84,12.16,2474,5
2026-05-16 08:15:14,3.5,11.16,11.63,11.91,1545545,90067,5.8,0,0,0.0,1007,473,49,3.73,3.38,4.03,11.27,2491,5
2026-05-16 08:16:14,1.5,10.72,11.44,11.82,1545545,90058,5.8,0,0,0.0,1007,473,49,2.55,3.32,2.53,9.59,2467,1
2026-05-16 08:17:14,3.2,10.78,11.29,11.74,1545545,90071,5.8,0,0,0.0,1007,473,49,2.64,3.39,3.53,10.65,2465,11
2026-05-16 08:18:15,1.6,11.47,11.40,11.75,1545545,90095,5.8,0,0,0.0,1007,473,49,3.05,3.39,9.75,16.56,2460,3
2026-05-16 08:19:15,1.8,10.75,11.22,11.67,1545545,90104,5.8,0,0,0.0,1007,473,49,4.16,3.45,1.65,8.67,2453,1
2026-05-16 08:20:15,1.5,10.72,11.13,11.61,1545545,90078,5.8,0,0,0.0,1007,473,49,2.96,3.29,7.66,14.15,2448,2
2026-05-16 08:21:16,2.1,12.71,11.59,11.73,1545545,90099,5.8,0,0,0.0,1007,473,49,3.41,2.75,7.08,14.28,2468,6
2026-05-16 08:22:16,2.3,14.21,12.14,11.91,1545545,90110,5.8,0,0,0.0,1007,473,49,3.28,3.43,6.53,13.87,2470,4
2026-05-16 08:23:16,1.9,12.02,11.91,11.85,1545545,90137,5.8,0,0,0.0,1007,473,49,2.12,3.35,6.36,13.78,2475,20
2026-05-16 08:24:17,1.5,10.39,11.48,11.70,1545545,90126,5.8,0,0,0.0,1007,473,49,3.48,3.42,2.34,9.34,2478,4
2026-05-16 08:25:17,5.9,11.62,11.71,11.77,1545545,90127,5.8,0,0,0.0,1007,473,49,2.21,3.25,8.19,15.38,2464,15
2026-05-16 08:26:17,2.4,11.85,11.80,11.80,1545545,90129,5.8,0,0,0.0,1007,473,49,1.47,3.23,4.46,11.43,2458,4
2026-05-16 08:27:18,1.5,16.02,13.50,12.42,1545545,90138,5.8,0,0,0.0,1007,473,49,4.26,3.44,6.14,12.95,2457,2
2026-05-16 08:28:18,1.4,12.70,13.00,12.31,1545545,90179,5.8,0,0,0.0,1007,473,49,2.37,3.15,2.18,9.27,2457,5
2026-05-16 08:29:18,1.2,11.48,12.61,12.22,1545545,90158,5.8,0,0,0.0,1007,473,49,3.74,3.22,3.80,10.99,2468,9
2026-05-16 08:30:19,1.6,11.24,12.35,12.16,1545545,90163,5.8,0,0,0.0,1007,473,49,3.55,3.49,1.91,8.97,2488,3
2026-05-16 08:31:19,1.7,11.68,12.27,12.14,1545545,90160,5.8,0,0,0.0,1007,473,49,2.63,3.16,5.89,13.35,2476,1
2026-05-16 08:32:19,1.6,10.81,11.90,12.02,1545545,90170,5.8,0,0,0.0,1007,473,49,2.00,3.29,3.61,10.76,2471,3
2026-05-16 08:33:20,1.9,18.06,13.66,12.61,1545545,90214,5.8,0,0,0.0,1007,473,49,2.34,3.09,8.44,15.30,2477,3
2026-05-16 08:34:20,1.7,15.28,13.60,12.65,1545545,90233,5.8,0,0,0.0,1007,473,49,2.37,3.39,6.36,13.97,2465,1
2026-05-16 08:35:20,1.4,12.17,12.99,12.49,1545545,90196,5.8,0,0,0.0,1007,473,49,2.78,3.71,1.56,8.54,2453,4
2026-05-16 08:36:21,1.7,13.40,13.17,12.58,1545545,90203,5.8,0,0,0.0,1007,473,49,4.80,3.25,7.74,15.12,2471,5
2026-05-16 08:37:21,1.8,13.42,13.25,12.65,1545545,90217,5.8,0,0,0.0,1007,473,49,2.97,3.46,8.45,15.42,2480,3
2026-05-16 08:38:21,3.6,12.17,12.86,12.55,1545545,90267,5.8,0,0,0.0,1007,473,49,2.84,3.17,3.88,11.11,2475,9
2026-05-16 08:39:22,2.7,10.79,12.30,12.37,1545545,90239,5.8,0,0,0.0,1007,473,49,3.92,3.28,4.05,11.21,2478,6
2026-05-16 08:40:22,3.4,12.24,12.30,12.36,1545545,90226,5.8,0,0,0.0,1007,473,49,4.17,3.14,1.61,8.74,2487,5
2026-05-16 08:41:22,3.6,12.92,12.46,12.41,1545545,90112,5.8,0,0,0.0,1007,473,49,2.89,3.35,9.90,16.65,2478,8
2026-05-16 08:42:23,3.3,17.97,13.97,12.93,1545545,90126,5.8,0,0,0.0,1007,473,49,2.96,3.21,10.19,16.91,2479,4
2026-05-16 08:43:23,1.8,15.09,14.11,13.06,1545545,90137,5.8,0,0,0.0,1007,473,49,3.35,3.34,5.26,12.31,2487,5
2026-05-16 08:44:23,1.8,12.40,13.52,12.92,1545545,90113,5.8,0,0,0.0,1007,473,49,4.43,3.34,1.22,8.19,2498,2
2026-05-16 08:45:24,2.9,15.34,14.26,13.22,1545545,90119,5.8,0,0,0.0,1007,473,49,3.40,3.00,7.67,14.92,2488,3
2026-05-16 08:46:24,3.8,13.83,13.90,13.15,1545545,90145,5.8,0,0,0.0,1007,473,49,3.16,3.40,3.52,10.67,2495,9
2026-05-16 08:47:25,1.8,15.26,14.38,13.37,1545545,90144,5.8,0,0,0.0,1007,473,49,4.77,3.22,7.90,15.22,2488,2
2026-05-16 08:48:25,1.8,15.00,14.37,13.42,1545545,90184,5.8,0,0,0.0,1007,473,49,3.64,3.26,4.73,11.98,2488,1
2026-05-16 08:49:25,1.2,15.48,14.68,13.59,1545545,90168,5.8,0,0,0.0,1007,473,49,3.75,3.32,4.16,11.41,2486,5
2026-05-16 08:50:26,3.4,16.29,14.93,13.74,1545545,90181,5.8,0,0,0.0,1007,473,49,2.51,3.54,6.07,13.59,2480,7
2026-05-16 08:51:26,1.8,13.95,14.63,13.72,1545545,90172,5.8,0,0,0.0,1007,473,49,3.08,3.40,6.39,13.83,2475,5
2026-05-16 08:52:26,3.2,12.85,14.10,13.58,1545545,90199,5.8,0,0,0.0,1007,473,49,2.16,3.29,2.96,10.14,2486,4
2026-05-16 08:53:27,1.1,13.18,13.98,13.58,1545545,90198,5.8,0,0,0.0,1007,473,49,2.75,3.30,11.37,18.50,2479,5
2026-05-16 08:54:27,1.8,12.77,13.69,13.50,1545545,90188,5.8,0,0,0.0,1007,473,49,2.91,3.29,7.02,14.68,2480,2
2026-05-16 08:55:27,3.6,14.30,13.83,13.55,1545545,90199,5.8,0,0,0.0,1007,473,49,3.08,3.70,9.44,16.25,2489,8
2026-05-16 08:56:28,1.0,19.81,14.90,13.91,1545545,90189,5.8,0,0,0.0,1007,473,49,2.62,3.39,7.97,14.32,2497,2
2026-05-16 08:57:28,1.9,16.08,14.66,13.88,1545545,90208,5.8,0,0,0.0,1007,473,49,1.91,3.38,7.21,14.38,2469,5
2026-05-16 08:58:28,1.1,12.52,13.96,13.69,1545545,90220,5.8,0,0,0.0,1007,473,49,2.52,3.42,6.86,13.11,2481,3
2026-05-16 08:59:29,2.7,11.93,13.50,13.55,1545545,90189,5.8,0,0,0.0,1007,473,49,2.02,3.33,6.05,13.33,2486,9
2026-05-16 09:00:29,1.5,12.09,13.26,13.46,1545545,90226,5.8,0,0,0.0,1007,473,49,2.05,3.45,4.84,12.36,2480,5
2026-05-16 09:01:29,1.2,11.53,12.90,13.32,1545545,90188,5.8,0,0,0.0,1007,473,49,2.59,47.52,1.82,8.70,2471,1
2026-05-16 09:02:30,1.4,12.98,13.08,13.36,1545545,90208,5.8,0,0,0.0,1007,473,49,2.78,3.26,9.82,17.08,2483,2
2026-05-16 09:03:30,1.5,11.95,12.78,13.24,1545545,90269,5.8,0,0,0.0,1007,473,49,2.63,2.80,1.50,8.36,2475,3
2026-05-16 09:04:30,1.3,12.34,12.73,13.19,1545545,90249,5.8,0,0,0.0,1007,473,49,3.94,3.42,8.58,16.10,2460,3
2026-05-16 09:05:31,1.7,11.90,12.56,13.10,1545545,90259,5.8,0,0,0.0,1007,473,49,2.55,3.34,3.78,11.08,2488,2
2026-05-16 09:06:31,1.2,11.13,12.22,12.95,1545545,90262,5.8,0,0,0.0,1007,473,49,1.69,3.41,5.42,12.19,2470,4
2026-05-16 09:07:31,1.4,11.41,12.06,12.85,1545545,90284,5.8,0,0,0.0,1007,473,49,1.67,3.32,2.94,10.11,2469,1
2026-05-16 09:08:32,1.6,11.93,12.11,12.81,1545545,90307,5.8,0,0,0.0,1007,473,49,3.28,3.39,8.75,15.84,2478,1
2026-05-16 09:09:32,1.2,11.53,11.96,12.72,1545545,90306,5.8,0,0,0.0,1007,473,49,4.29,3.18,1.09,7.93,2473,9
2026-05-16 09:10:32,1.3,10.84,11.67,12.57,1545545,90279,5.8,0,0,0.0,1007,473,49,2.86,3.39,2.37,9.57,2461,2
2026-05-16 09:11:32,1.9,12.23,11.94,12.60,1545545,90287,5.8,0,0,0.0,1007,473,49,2.55,3.43,6.43,13.62,2484,2
2026-05-16 09:12:33,3.3,11.97,11.92,12.55,1545545,90319,5.8,0,0,0.0,1007,473,49,2.65,3.39,4.57,11.80,2468,6
2026-05-16 09:13:33,2.5,13.53,12.46,12.70,1545545,90307,5.8,0,0,0.0,1007,473,49,1.98,3.12,10.94,17.97,2464,2
2026-05-16 09:14:33,3.4,11.82,12.13,12.57,1545545,90316,5.8,0,0,0.0,1007,473,49,2.73,3.44,1.43,8.35,2480,32
2026-05-16 09:15:34,3.2,12.41,12.27,12.59,1545545,90330,5.8,0,0,0.0,1007,473,49,4.46,3.48,8.27,15.98,2468,5
2026-05-16 09:16:34,3.1,11.79,12.12,12.52,1545545,90309,5.8,0,0,0.0,1007,473,49,3.60,3.45,7.02,14.62,2450,7
2026-05-16 09:17:34,3.4,12.99,12.38,12.58,1545545,90328,5.8,0,0,0.0,1007,473,49,2.59,3.11,9.80,17.32,2452,25
2026-05-16 09:18:35,1.6,11.25,12.03,12.45,1545545,90330,5.8,0,0,0.0,1007,473,49,3.87,3.26,5.66,12.83,2450,5
2026-05-16 09:19:35,1.4,11.69,11.91,12.37,1545545,90207,5.8,0,0,0.0,1007,473,49,3.96,3.44,2.94,10.02,2454,4
2026-05-16 09:20:35,1.4,12.13,11.96,12.36,1545545,90187,5.8,0,0,0.0,1007,473,49,3.93,3.19,1.29,8.34,2480,3
2026-05-16 09:21:36,1.7,12.89,12.25,12.43,1545545,90190,5.8,0,0,0.0,1007,473,49,2.51,3.52,7.51,14.16,2459,4
2026-05-16 09:22:36,1.4,13.68,12.62,12.55,1545545,90222,5.8,0,0,0.0,1007,473,49,1.53,3.29,8.80,15.95,2480,7
2026-05-16 09:23:36,5.9,11.87,12.30,12.45,1545545,90234,5.8,0,0,0.0,1007,473,49,3.60,3.07,1.48,8.36,2468,18
2026-05-16 09:24:37,3.3,13.44,12.63,12.55,1545545,90229,5.8,0,0,0.0,1007,473,49,2.42,3.18,10.67,17.09,2477,7
2026-05-16 09:25:37,2.8,11.87,12.34,12.45,1545545,90211,5.8,0,0,0.0,1007,473,49,3.71,3.51,5.13,12.13,2473,1
2026-05-16 09:26:37,1.3,11.28,12.07,12.35,1545545,90237,5.8,0,0,0.0,1007,473,49,2.65,3.45,3.06,10.18,2480,1
2026-05-16 09:27:38,1.2,11.72,12.04,12.32,1545545,90247,5.8,0,0,0.0,1007,473,49,2.81,3.24,5.03,12.39,2480,1
2026-05-16 09:28:38,1.9,12.68,12.29,12.39,1545545,90273,5.8,0,0,0.0,1007,473,49,4.83,3.08,8.03,15.66,2474,3
2026-05-16 09:29:38,1.4,11.49,12.00,12.28,1545545,90251,5.8,0,0,0.0,1007,473,49,3.07,3.18,1.08,7.90,2467,5
2026-05-16 09:30:39,1.3,9.99,11.47,12.08,1545545,90237,5.8,0,0,0.0,1007,473,49,3.70,3.46,1.20,8.21,2467,3
2026-05-16 09:31:39,3.0,10.80,11.42,12.02,1545545,90271,5.8,0,0,0.0,1007,473,49,2.14,3.33,6.34,13.62,2443,7
2026-05-16 09:32:39,1.3,10.81,11.31,11.95,1545545,90280,5.8,0,0,0.0,1007,473,49,4.21,3.25,3.08,10.11,2453,7
2026-05-16 09:33:40,1.6,10.37,11.08,11.82,1545545,90298,5.8,0,0,0.0,1007,473,49,5.09,3.34,1.07,7.94,2459,3
2026-05-16 09:34:40,1.4,10.28,10.93,11.73,1545545,90167,5.8,0,0,0.0,1007,473,49,3.11,3.27,2.55,9.60,2462,2
2026-05-16 09:35:40,3.0,13.83,11.76,11.96,1545545,90156,5.8,0,0,0.0,1007,473,49,3.32,3.39,9.93,16.91,2473,4
2026-05-16 09:36:41,1.5,12.59,11.80,11.96,1545545,90128,5.8,0,0,0.0,1007,473,49,4.19,3.47,7.45,14.14,2483,3
2026-05-16 09:37:41,1.1,11.26,11.60,11.88,1545545,90262,5.8,0,0,0.0,1007,473,49,2.60,3.59,3.65,10.94,2464,1
2026-05-16 09:38:41,5.0,10.46,11.29,11.76,1545545,90248,5.8,0,0,0.0,1007,473,49,4.22,3.19,1.12,8.00,2470,22
2026-05-16 09:39:42,11.9,10.87,11.27,11.72,1545545,90264,5.8,0,0,0.0,1007,473,49,2.79,3.14,4.21,11.35,2477,21
2026-05-16 09:40:42,3.4,12.83,11.81,11.88,1545545,90241,5.8,0,0,0.0,1007,473,49,2.42,3.35,9.22,16.73,2476,7
2026-05-16 09:41:42,3.3,11.79,11.69,11.84,1545545,90195,5.8,0,0,0.0,1007,473,49,1.99,3.57,3.05,10.20,2464,5
2026-05-16 09:42:43,1.5,11.92,11.87,11.89,1545545,90207,5.8,0,0,0.0,1007,473,49,3.00,3.01,6.75,13.39,2493,1
2026-05-16 09:43:43,1.5,11.77,11.83,11.88,1545545,90339,5.8,0,0,0.0,1007,473,49,6.34,3.23,3.67,10.82,2498,5
2026-05-16 09:44:43,2.0,11.68,11.79,11.86,1545545,90307,5.8,0,0,0.0,1007,473,49,2.64,3.28,4.95,11.84,2497,5
2026-05-16 09:45:44,3.5,11.76,11.85,11.88,1545545,90334,5.8,0,0,0.0,1007,473,49,2.94,3.10,3.32,10.53,2484,3
2026-05-16 09:46:44,1.8,11.72,11.83,11.88,1545545,90330,5.8,0,0,0.0,1007,473,49,1.30,3.25,5.81,12.89,2492,2
2026-05-16 09:47:44,1.2,10.77,11.60,11.80,1545545,90228,5.8,0,0,0.0,1007,473,49,2.27,3.48,3.28,9.89,2477,3
2026-05-16 09:48:45,2.0,11.93,11.71,11.82,1545545,90242,5.8,0,0,0.0,1007,473,49,1.95,3.29,4.42,11.62,2468,6
2026-05-16 09:49:45,1.5,10.78,11.44,11.72,1545545,90317,5.8,0,0,0.0,1007,473,49,2.88,3.24,3.59,10.78,2467,2
2026-05-16 09:50:45,3.2,12.10,11.58,11.74,1545545,90352,5.8,0,0,0.0,1007,473,49,2.51,3.13,3.32,10.54,2465,5
2026-05-16 09:51:46,1.5,12.56,11.91,11.85,1545545,90325,5.8,0,0,0.0,1007,473,49,2.07,3.53,4.16,11.36,2460,6
2026-05-16 09:52:46,3.6,13.88,12.39,12.02,1545545,90357,5.8,0,0,0.0,1007,473,49,2.95,3.26,8.72,16.15,2464,5
2026-05-16 09:53:47,3.4,14.64,12.85,12.20,1545545,90392,5.8,0,0,0.0,1007,473,49,1.83,3.24,10.22,17.24,2457,5
2026-05-16 09:54:47,3.1,12.53,12.58,12.15,1545545,90380,5.8,0,0,0.0,1007,473,49,1.64,3.23,3.63,10.79,2470,17
2026-05-16 09:55:47,3.6,12.45,12.49,12.14,1545545,90399,5.8,0,0,0.0,1007,473,49,3.68,3.45,5.72,13.06,2466,3
2026-05-16 09:56:48,3.2,13.21,12.74,12.25,1545545,90286,5.8,0,0,0.0,1007,473,49,2.68,3.59,9.57,16.02,2465,5
2026-05-16 09:57:48,1.3,12.47,12.67,12.26,1545545,90296,5.8,0,0,0.0,1007,473,49,1.91,3.25,10.57,18.17,2467,2
2026-05-16 09:58:48,3.4,12.13,12.47,12.21,1545545,90298,5.8,0,0,0.0,1007,473,49,2.42,3.36,6.42,13.76,2476,8
2026-05-16 09:59:49,1.3,12.19,12.38,12.19,1545545,90288,5.8,0,0,0.0,1007,473,49,2.71,3.32,8.11,15.35,2465,4
2026-05-16 10:00:49,3.3,10.64,11.87,12.03,1545545,90297,5.8,0,0,0.0,1007,473,49,2.46,3.32,2.50,9.64,2460,4
2026-05-16 10:01:49,2.8,11.08,11.86,12.02,1545545,90290,5.8,0,0,0.0,1007,473,49,1.84,49.96,10.01,16.91,2470,6
2026-05-16 10:02:50,1.3,11.24,11.82,12.00,1545545,90251,5.8,0,0,0.0,1007,473,49,5.70,3.39,7.27,14.75,2475,4
2026-05-16 10:03:50,1.4,10.09,11.38,11.83,1545545,90313,5.8,0,0,0.0,1007,473,49,3.12,3.30,1.09,8.00,2489,5
2026-05-16 10:04:50,1.4,11.19,11.45,11.83,1545545,90293,5.8,0,0,0.0,1007,473,49,2.93,2.88,7.82,14.46,2485,2
2026-05-16 10:05:51,2.1,10.16,11.14,11.70,1545545,90226,5.8,0,0,0.0,1007,473,49,2.71,3.32,4.13,11.25,2489,4
2026-05-16 10:06:51,1.6,11.33,11.30,11.72,1545545,90250,5.8,0,0,0.0,1007,473,49,2.12,3.70,7.06,14.55,2475,2
2026-05-16 10:07:51,1.7,11.02,11.22,11.66,1545545,90344,5.8,0,0,0.0,1007,473,49,1.96,3.44,5.18,12.69,2470,4
2026-05-16 10:08:52,3.3,12.36,11.48,11.72,1545545,90390,5.8,0,0,0.0,1007,473,49,2.35,3.06,5.94,13.28,2475,8
2026-05-16 10:09:52,1.4,12.38,11.61,11.75,1545545,90317,5.8,0,0,0.0,1007,473,49,2.50,3.27,5.41,12.76,2479,1
2026-05-16 10:10:52,1.4,12.47,11.80,11.81,1545545,90288,5.8,0,0,0.0,1007,473,49,4.05,3.28,3.73,10.88,2483,1
2026-05-16 10:11:53,3.2,12.10,11.81,11.81,1545545,90291,5.8,0,0,0.0,1007,473,49,2.62,3.40,3.51,10.68,2482,30
2026-05-16 10:12:53,3.1,12.67,11.96,11.86,1545545,90259,5.8,0,0,0.0,1007,473,49,1.87,3.26,12.35,19.38,2465,13
2026-05-16 10:13:53,1.8,12.22,11.95,11.86,1545545,90328,5.8,0,0,0.0,1007,473,49,2.47,3.43,6.61,13.78,2448,4
2026-05-16 10:14:54,2.8,12.11,11.94,11.86,1545545,90359,5.8,0,0,0.0,1007,473,49,2.75,3.29,5.55,12.73,2450,4
2026-05-16 10:15:54,3.0,12.63,12.18,11.95,1545545,90360,5.8,0,0,0.0,1007,473,49,2.48,3.38,7.98,15.57,2454,7
2026-05-16 10:16:54,3.3,11.22,11.88,11.86,1545545,90330,5.8,0,0,0.0,1007,473,49,2.56,3.25,3.21,10.36,2457,6
2026-05-16 10:17:55,1.2,10.05,11.45,11.72,1545545,90314,5.8,0,0,0.0,1007,473,49,2.06,3.41,3.27,10.44,2458,4
2026-05-16 10:18:55,1.7,11.43,11.61,11.75,1545545,90288,5.8,0,0,0.0,1007,473,49,1.71,3.20,7.96,14.49,2462,3
2026-05-16 10:19:55,1.2,10.91,11.42,11.68,1545545,90278,5.8,0,0,0.0,1007,473,49,2.36,3.17,1.07,7.93,2464,1
2026-05-16 10:20:56,1.3,13.55,12.19,11.93,1545545,90362,5.8,0,0,0.0,1007,473,49,3.73,3.33,9.65,16.47,2444,4
2026-05-16 10:21:56,2.5,12.41,12.03,11.89,1545545,90411,5.8,0,0,0.0,1007,473,49,5.60,3.53,6.89,14.22,2458,6
2026-05-16 10:22:56,1.5,11.20,11.76,11.80,1545545,90369,5.8,0,0,0.0,1007,473,49,4.69,2.93,2.78,9.74,2465,4
2026-05-16 10:23:57,1.8,13.65,12.42,12.03,1545545,90363,5.8,0,0,0.0,1007,473,49,5.34,3.23,4.72,11.98,2471,2
2026-05-16 10:24:57,1.3,11.21,11.95,11.89,1545545,90305,5.8,0,0,0.0,1007,473,49,3.78,3.30,1.07,8.00,2458,1
2026-05-16 10:25:57,5.3,11.31,11.78,11.83,1545545,90337,5.8,0,0,0.0,1007,473,49,2.42,3.50,7.05,14.56,2462,6
2026-05-16 10:26:58,3.1,14.05,12.54,12.10,1545545,90435,5.9,0,0,0.0,1007,473,49,5.04,3.55,12.75,20.12,2456,8
2026-05-16 10:27:58,1.4,14.59,13.14,12.34,1545545,90418,5.9,0,0,0.0,1007,473,49,5.21,3.23,4.65,12.04,2454,1
2026-05-16 10:28:58,1.2,11.48,12.51,12.18,1545545,90400,5.8,0,0,0.0,1007,473,49,2.85,3.26,1.09,7.95,2460,3
2026-05-16 10:29:59,2.0,14.62,13.15,12.41,1545545,90399,5.8,0,0,0.0,1007,473,49,4.59,3.28,5.17,12.19,2475,3
2026-05-16 10:30:59,1.1,14.21,13.35,12.53,1545545,90326,5.8,0,0,0.0,1007,473,49,3.23,3.15,6.91,13.95,2471,1
2026-05-16 10:31:59,1.1,12.36,13.01,12.46,1545545,90290,5.8,0,0,0.0,1007,473,49,3.60,3.48,1.95,9.00,2470,5
2026-05-16 10:33:00,1.4,13.77,13.16,12.54,1545545,90464,5.9,0,0,0.0,1007,473,49,3.57,3.33,2.63,9.78,2466,6
2026-05-16 10:34:00,1.6,13.90,13.20,12.59,1545545,90466,5.9,0,0,0.0,1007,473,49,2.84,3.30,3.28,10.45,2476,5
2026-05-16 10:35:00,1.3,16.26,14.15,12.96,1545545,90285,5.8,0,0,0.0,1007,473,49,3.01,3.22,9.65,16.47,2469,6
2026-05-16 10:36:01,3.3,15.95,14.53,13.17,1545545,90294,5.8,0,0,0.0,1007,473,49,3.32,3.43,3.93,11.07,2482,7
2026-05-16 10:37:01,1.3,14.42,14.52,13.26,1545545,90254,5.8,0,0,0.0,1007,473,49,1.98,3.16,3.72,10.62,2483,1
2026-05-16 10:38:01,1.7,16.55,15.08,13.54,1545545,90264,5.8,0,0,0.0,1007,473,49,2.02,3.49,8.56,15.70,2470,4
2026-05-16 10:39:02,2.9,13.78,14.55,13.45,1545545,90276,5.8,0,0,0.0,1007,473,49,3.76,3.09,5.09,12.26,2450,6
2026-05-16 10:40:02,1.4,13.32,14.25,13.41,1545545,90328,5.8,0,0,0.0,1007,473,49,2.70,3.17,3.77,11.01,2458,4
2026-05-16 10:41:02,3.1,14.28,14.36,13.50,1545545,90343,5.8,0,0,0.0,1007,473,49,2.72,3.32,9.02,16.20,2467,5
2026-05-16 10:42:03,3.6,13.84,14.25,13.53,1545545,90356,5.8,0,0,0.0,1007,473,49,2.94,3.36,13.15,20.37,2462,3
2026-05-16 10:43:03,1.3,13.69,14.25,13.58,1545545,90324,5.8,0,0,0.0,1007,473,49,2.27,3.43,10.54,18.19,2469,3
2026-05-16 10:44:03,3.7,11.54,13.49,13.35,1545545,90403,5.8,0,0,0.0,1007,473,49,3.35,3.41,1.39,8.29,2468,6
2026-05-16 10:45:04,1.5,11.09,13.07,13.22,1545545,90359,5.8,0,0,0.0,1007,473,49,5.53,3.32,3.34,10.37,2463,3
2026-05-16 10:46:04,1.4,11.29,12.85,13.14,1545545,90360,5.8,0,0,0.0,1007,473,49,2.80,3.14,4.16,11.16,2445,2
2026-05-16 10:47:04,1.6,10.89,12.43,12.97,1545545,90372,5.8,0,0,0.0,1007,473,49,4.59,3.51,1.21,8.22,2456,5
2026-05-16 10:48:05,1.5,11.29,12.30,12.90,1545545,90260,5.8,0,0,0.0,1007,473,49,3.63,3.38,3.72,10.96,2464,6
2026-05-16 10:49:05,2.1,12.09,12.28,12.85,1545545,90400,5.8,0,0,0.0,1007,473,49,3.07,3.36,4.81,12.08,2468,5
2026-05-16 10:50:05,1.3,11.90,12.20,12.79,1545545,90347,5.8,0,0,0.0,1007,473,49,2.63,3.19,3.27,10.33,2461,6
2026-05-16 10:51:06,1.9,11.25,11.97,12.67,1545545,90361,5.8,0,0,0.0,1007,473,49,3.07,3.31,1.08,7.94,2483,6
2026-05-16 10:52:06,1.2,10.98,11.76,12.55,1545545,90378,5.8,0,0,0.0,1007,473,49,4.51,3.49,4.52,11.87,2479,1
2026-05-16 10:53:06,1.3,11.10,11.66,12.47,1545545,90400,5.8,0,0,0.0,1007,473,49,4.21,2.87,1.16,8.26,2475,1
2026-05-16 10:54:07,3.0,12.02,11.78,12.46,1545545,90421,5.9,0,0,0.0,1007,473,49,3.43,3.27,3.29,10.37,2467,3
2026-05-16 10:55:07,7.8,12.02,11.79,12.41,1545545,90400,5.8,0,0,0.0,1007,473,49,4.37,3.28,5.45,12.92,2468,2
2026-05-16 10:56:07,3.1,11.66,11.70,12.34,1545545,90340,5.8,0,0,0.0,1007,473,49,2.50,3.39,2.16,9.10,2453,2
2026-05-16 10:57:08,1.4,12.98,12.05,12.42,1545545,90430,5.9,0,0,0.0,1007,473,49,4.11,3.38,6.04,13.43,2459,3
2026-05-16 10:58:08,3.3,12.16,11.95,12.36,1545545,90483,5.9,0,0,0.0,1007,473,49,4.38,3.33,4.92,12.39,2462,5
2026-05-16 10:59:08,1.2,12.60,12.09,12.38,1545545,90462,5.9,0,0,0.0,1007,473,49,2.15,3.37,5.83,13.07,2466,4
2026-05-16 11:00:09,3.1,11.86,11.99,12.33,1545545,90393,5.8,0,0,0.0,1007,473,49,3.14,3.34,5.12,12.22,2459,5
2026-05-16 11:01:09,3.1,12.45,12.21,12.39,1545545,90398,5.8,0,0,0.0,1007,473,49,3.52,47.56,7.53,14.65,2460,6
2026-05-16 11:02:09,4.7,17.28,13.56,12.84,1545545,90379,5.8,0,0,0.0,1007,473,49,2.31,3.53,9.83,17.51,2443,6
2026-05-16 11:03:10,1.5,13.84,13.23,12.77,1545545,90360,5.8,0,0,0.0,1007,473,49,2.16,3.45,6.63,13.56,2444,6
2026-05-16 11:04:10,1.6,12.86,13.06,12.74,1545545,90447,5.9,0,0,0.0,1007,473,49,4.47,3.30,7.77,15.34,2458,8
2026-05-16 11:05:10,1.3,12.19,12.84,12.68,1545545,90417,5.9,0,0,0.0,1007,473,49,3.44,3.14,1.42,8.35,2468,9
2026-05-16 11:06:11,1.5,11.25,12.47,12.56,1545545,90388,5.8,0,0,0.0,1007,473,49,2.55,2.94,2.59,9.54,2464,3
2026-05-16 11:07:11,1.7,12.37,12.58,12.59,1545545,90443,5.9,0,0,0.0,1007,473,49,5.51,3.69,8.19,15.10,2471,1
2026-05-16 11:08:11,1.5,11.88,12.37,12.52,1545545,90460,5.9,0,0,0.0,1007,473,49,4.01,3.14,1.14,8.15,2462,2
2026-05-16 11:09:12,12.4,10.66,11.95,12.36,1545545,90488,5.9,0,0,0.0,1007,473,49,4.93,3.29,1.56,8.62,2447,29
2026-05-16 11:10:12,2.1,12.41,12.21,12.43,1545545,90477,5.9,0,0,0.0,1007,473,49,2.68,3.23,9.89,17.30,2448,5
2026-05-16 11:11:12,1.9,12.88,12.36,12.47,1545545,90483,5.9,0,0,0.0,1007,473,49,2.94,3.20,10.03,17.28,2445,7
2026-05-16 11:12:13,3.3,12.28,12.22,12.41,1545545,90491,5.9,0,0,0.0,1007,473,49,2.41,3.31,5.42,12.61,2461,6
2026-05-16 11:13:13,4.7,13.64,12.50,12.48,1545545,90394,5.8,0,0,0.0,1007,473,49,1.69,3.32,7.05,14.58,2463,7
2026-05-16 11:14:13,2.4,13.51,12.69,12.55,1545545,90384,5.8,0,0,0.0,1007,473,49,2.72,3.43,7.29,14.76,2466,3
2026-05-16 11:15:14,3.3,13.67,12.78,12.59,1545545,90394,5.8,0,0,0.0,1007,473,49,4.94,3.54,4.37,11.23,2474,13
2026-05-16 11:16:14,3.3,13.36,12.80,12.60,1545545,90395,5.8,0,0,0.0,1007,473,49,2.73,3.32,7.08,14.13,2471,5
2026-05-16 11:17:14,1.1,11.72,12.45,12.49,1545545,90370,5.8,0,0,0.0,1007,473,49,2.30,3.52,6.57,13.90,2473,8
2026-05-16 11:18:15,1.5,10.93,12.12,12.38,1545545,90404,5.8,0,0,0.0,1007,473,49,2.42,3.32,4.60,11.82,2486,7
2026-05-16 11:19:15,3.2,11.74,12.15,12.37,1545545,90421,5.9,0,0,0.0,1007,473,49,1.72,3.23,8.49,15.90,2480,4
2026-05-16 11:20:15,3.5,12.11,12.19,12.37,1545545,90404,5.8,0,0,0.0,1007,473,49,2.31,3.25,10.94,18.34,2462,6
2026-05-16 11:21:16,1.8,12.85,12.53,12.48,1545545,90421,5.9,0,0,0.0,1007,473,49,2.89,3.39,5.77,12.97,2459,1
2026-05-16 11:22:16,1.3,11.31,12.13,12.35,1545545,90395,5.8,0,0,0.0,1007,473,49,1.35,3.40,2.95,10.09,2455,2
2026-05-16 11:23:16,1.4,10.89,11.87,12.25,1545545,90421,5.9,0,0,0.0,1007,473,49,2.05,2.83,3.07,10.20,2463,6
2026-05-16 11:24:17,1.8,10.04,11.48,12.09,1545545,90454,5.9,0,0,0.0,1007,473,49,2.23,3.47,1.17,8.22,2474,4
2026-05-16 11:25:17,10.3,10.09,11.26,11.97,1545545,90436,5.9,0,0,0.0,1007,473,49,2.73,3.27,2.19,9.26,2465,15
2026-05-16 11:26:18,2.2,11.67,11.60,12.05,1545545,90441,5.9,0,0,0.0,1007,473,49,3.94,3.32,6.20,13.56,2465,8
2026-05-16 11:27:18,3.0,11.12,11.45,11.97,1545545,90468,5.9,0,0,0.0,1007,473,49,5.41,3.30,3.82,11.08,2472,4
2026-05-16 11:28:18,1.8,11.81,11.62,12.00,1545545,90477,5.9,0,0,0.0,1007,473,49,3.74,3.38,7.90,14.43,2464,7
2026-05-16 11:29:19,1.3,11.04,11.43,11.91,1545545,90487,5.9,0,0,0.0,1007,473,49,1.60,3.39,3.74,11.02,2466,1
2026-05-16 11:30:19,2.9,10.15,11.09,11.76,1545545,90483,5.9,0,0,0.0,1007,473,49,3.78,3.16,4.77,11.81,2466,6
2026-05-16 11:31:19,3.4,10.56,11.06,11.71,1545545,90490,5.9,0,0,0.0,1007,473,49,2.93,3.40,3.08,10.40,2462,13
2026-05-16 11:32:20,1.5,10.67,10.99,11.64,1545545,90478,5.9,0,0,0.0,1007,473,49,1.84,3.39,6.19,12.76,2449,5
2026-05-16 11:33:20,3.5,13.10,11.63,11.82,1545545,90536,5.9,0,0,0.0,1007,473,49,2.63,3.47,9.01,16.47,2445,5
2026-05-16 11:34:20,3.3,13.35,12.01,11.94,1545545,90465,5.9,0,0,0.0,1007,473,49,2.95,3.29,5.56,13.08,2448,5
2026-05-16 11:35:21,2.1,12.36,11.94,11.92,1545545,90519,5.9,0,0,0.0,1007,473,49,3.09,3.68,3.82,10.86,2474,3
2026-05-16 11:36:21,3.5,14.63,12.51,12.10,1545545,90564,5.9,0,0,0.0,1007,473,49,1.91,3.58,5.73,13.11,2474,5
2026-05-16 11:37:21,1.6,14.21,12.73,12.20,1545545,90566,5.9,0,0,0.0,1007,473,49,2.12,3.32,8.52,16.18,2485,4
2026-05-16 11:38:22,1.2,13.34,12.80,12.26,1545545,90619,5.9,0,0,0.0,1007,473,49,2.69,3.39,6.82,14.17,2483,2
2026-05-16 11:39:22,1.6,11.72,12.44,12.17,1545545,90568,5.9,0,0,0.0,1007,473,49,2.93,3.39,3.08,10.27,2488,1
2026-05-16 11:40:22,1.2,10.97,12.11,12.07,1545545,90565,5.9,0,0,0.0,1007,473,49,4.11,3.25,2.95,9.96,2479,4
2026-05-16 11:41:23,1.5,10.92,11.88,11.99,1545545,90574,5.9,0,0,0.0,1007,473,49,2.59,3.47,5.85,13.20,2475,2
2026-05-16 11:42:23,1.5,12.11,11.98,12.02,1545545,90572,5.9,0,0,0.0,1007,473,49,2.81,3.06,6.81,13.87,2459,5
2026-05-16 11:43:23,1.7,11.57,11.85,11.97,1545545,90627,5.9,0,0,0.0,1007,473,49,2.66,3.46,7.23,13.89,2466,3
2026-05-16 11:44:24,3.1,18.03,13.07,12.35,1545545,90609,5.9,0,0,0.0,1007,473,49,2.65,3.31,3.51,10.69,2464,6
2026-05-16 11:45:24,3.3,14.46,13.02,12.38,1545545,90585,5.9,0,0,0.0,1007,473,49,2.29,3.27,10.36,17.12,2462,9
2026-05-16 11:46:24,2.8,13.66,13.00,12.41,1545545,90594,5.9,0,0,0.0,1007,473,49,1.45,3.34,7.17,13.94,2466,5
2026-05-16 11:47:25,1.6,13.24,13.00,12.45,1545545,90577,5.9,0,0,0.0,1007,473,49,2.25,3.05,7.85,14.82,2480,4
2026-05-16 11:48:25,1.6,12.19,12.75,12.40,1545545,90617,5.9,0,0,0.0,1007,473,49,6.03,3.41,5.26,12.69,2487,2
2026-05-16 11:49:25,1.8,12.13,12.65,12.38,1545545,90609,5.9,0,0,0.0,1007,473,49,3.93,3.28,5.18,12.22,2490,5
2026-05-16 11:50:26,1.5,11.49,12.37,12.31,1545545,90603,5.9,0,0,0.0,1007,473,49,2.91,3.44,6.01,12.82,2501,2
2026-05-16 11:51:26,1.4,11.37,12.20,12.25,1545545,90420,5.9,0,0,0.0,1007,473,49,5.27,3.27,5.65,12.73,2497,1
2026-05-16 11:52:26,3.3,12.87,12.33,12.29,1545545,90472,5.9,0,0,0.0,1007,473,49,2.60,3.14,6.96,14.52,2469,4
2026-05-16 11:53:27,1.7,12.43,12.36,12.30,1545545,90482,5.9,0,0,0.0,1007,473,49,5.62,3.40,6.28,13.23,2470,5
2026-05-16 11:54:27,1.4,11.57,12.07,12.20,1545545,90469,5.9,0,0,0.0,1007,473,49,2.42,3.41,2.23,9.32,2465,2
2026-05-16 11:55:27,3.4,12.57,12.15,12.21,1545545,90499,5.9,0,0,0.0,1007,473,49,2.49,3.58,3.59,10.83,2459,7
2026-05-16 11:56:28,3.2,12.35,12.18,12.22,1545545,90451,5.9,0,0,0.0,1007,473,49,3.15,3.20,9.27,15.63,2468,2
2026-05-16 11:57:28,1.2,11.95,12.09,12.19,1545545,90410,5.8,0,0,0.0,1007,473,49,1.82,3.32,5.86,13.28,2470,2
2026-05-16 11:58:28,3.4,11.65,11.98,12.14,1545545,90475,5.9,0,0,0.0,1007,473,49,3.48,3.42,4.24,11.48,2464,5
2026-05-16 11:59:29,1.6,12.13,12.13,12.19,1545545,90509,5.9,0,0,0.0,1007,473,49,2.79,3.32,6.16,13.61,2470,3
2026-05-16 12:00:29,1.7,13.73,12.62,12.35,1545545,90498,5.9,0,0,0.0,1007,473,49,2.79,3.41,9.97,17.76,2474,2
2026-05-16 12:01:29,3.4,11.94,12.28,12.25,1545545,90536,5.9,0,0,0.0,1007,473,49,2.46,47.36,3.45,10.33,2459,5
2026-05-16 12:02:30,1.4,12.09,12.21,12.23,1545545,90517,5.9,0,0,0.0,1007,473,49,2.77,3.23,7.07,13.56,2467,9
2026-05-16 12:03:30,1.2,11.54,12.04,12.16,1545545,90542,5.9,0,0,0.0,1007,473,49,3.05,3.25,1.15,8.13,2465,4
2026-05-16 12:04:30,3.8,11.22,11.91,12.11,1545545,90548,5.9,0,0,0.0,1007,473,49,1.85,3.50,8.15,15.65,2456,6
2026-05-16 12:05:31,1.4,13.34,12.63,12.36,1545545,90527,5.9,0,0,0.0,1007,473,49,2.12,3.31,4.84,12.19,2462,3
2026-05-16 12:06:31,1.2,12.60,12.63,12.39,1545545,90529,5.9,0,0,0.0,1007,473,49,3.27,3.42,4.79,12.02,2461,6
2026-05-16 12:07:31,1.6,11.45,12.29,12.28,1545545,90538,5.9,0,0,0.0,1007,473,49,2.60,3.12,2.59,9.65,2460,2
2026-05-16 12:08:32,2.1,11.29,12.06,12.20,1545545,90567,5.9,0,0,0.0,1007,473,49,3.34,3.31,5.26,12.03,2463,7
2026-05-16 12:09:32,1.5,18.64,13.70,12.73,1545545,90543,5.9,0,0,0.0,1007,473,49,2.74,3.38,9.76,16.44,2469,1
2026-05-16 12:10:32,3.1,16.08,13.80,12.83,1545545,90562,5.9,0,0,0.0,1007,473,49,2.19,3.38,10.13,17.24,2459,4
2026-05-16 12:11:33,3.3,13.60,13.49,12.78,1545545,90581,5.9,0,0,0.0,1007,473,49,2.76,3.16,7.35,14.74,2471,11
2026-05-16 12:12:33,1.3,12.94,13.27,12.75,1545545,90577,5.9,0,0,0.0,1007,473,49,3.00,3.18,2.83,9.98,2485,3
2026-05-16 12:13:33,1.8,14.45,13.81,12.97,1545545,90587,5.9,0,0,0.0,1007,473,49,2.73,3.48,8.10,15.09,2492,4
2026-05-16 12:14:34,3.2,14.98,14.17,13.16,1545545,90614,5.9,0,0,0.0,1007,473,49,2.62,3.24,5.94,13.34,2489,5
2026-05-16 12:15:34,1.3,13.71,14.11,13.21,1545545,90580,5.9,0,0,0.0,1007,473,49,2.53,2.93,3.85,10.96,2493,2
2026-05-16 12:16:34,1.2,16.85,14.79,13.49,1545545,90591,5.9,0,0,0.0,1007,473,49,3.37,3.35,5.88,13.19,2466,6
2026-05-16 12:17:35,3.5,17.71,15.18,13.69,1545545,90617,5.9,0,0,0.0,1007,473,49,3.85,3.43,2.91,9.96,2465,7
2026-05-16 12:18:35,3.1,17.44,15.43,13.86,1545545,90655,5.9,0,0,0.0,1007,473,49,3.90,3.13,5.38,12.59,2472,10
2026-05-16 12:19:35,3.0,18.35,15.95,14.14,1545545,90625,5.9,0,0,0.0,1007,473,49,2.89,3.27,9.94,16.95,2465,7
2026-05-16 12:20:36,1.8,14.97,15.49,14.09,1545545,90590,5.9,0,0,0.0,1007,473,49,3.88,3.54,5.59,12.98,2460,2
2026-05-16 12:21:36,1.4,14.06,15.25,14.10,1545545,90589,5.9,0,0,0.0,1007,473,49,3.15,3.45,4.75,12.22,2484,5
2026-05-16 12:22:37,1.3,15.24,15.57,14.30,1545545,90624,5.9,0,0,0.0,1007,473,49,2.89,3.04,6.57,13.37,2475,2
2026-05-16 12:23:37,3.3,14.46,15.25,14.26,1545545,90646,5.9,0,0,0.0,1007,473,49,4.26,3.36,7.83,15.35,2467,5
2026-05-16 12:24:37,2.2,12.08,14.37,14.02,1545545,90633,5.9,0,0,0.0,1007,473,49,6.00,3.33,3.89,10.95,2476,3
2026-05-16 12:25:38,3.3,13.24,14.20,13.98,1545545,90647,5.9,0,0,0.0,1007,473,49,2.80,3.24,6.80,14.12,2472,9
2026-05-16 12:26:38,2.1,14.15,14.18,13.98,1545545,90631,5.9,0,0,0.0,1007,473,49,4.03,3.35,8.07,15.09,2453,6
2026-05-16 12:27:38,2.4,15.30,14.62,14.15,1545545,90656,5.9,0,0,0.0,1007,473,49,4.69,3.39,5.71,13.01,2475,1
2026-05-16 12:28:39,3.2,14.71,14.59,14.17,1545545,90667,5.9,0,0,0.0,1007,473,49,2.69,3.33,4.87,11.83,2468,7
2026-05-16 12:29:39,1.3,12.91,14.13,14.04,1545545,90504,5.9,0,0,0.0,1007,473,49,4.94,3.25,5.35,12.61,2463,2
2026-05-16 12:30:39,3.2,14.01,14.18,14.06,1545545,90527,5.9,0,0,0.0,1007,473,49,2.74,3.34,7.21,14.62,2459,7
2026-05-16 12:31:40,1.5,11.97,13.54,13.85,1545545,90504,5.9,0,0,0.0,1007,473,49,2.77,3.41,6.30,12.84,2469,9
2026-05-16 12:32:40,1.8,14.40,13.81,13.91,1545545,90535,5.9,0,0,0.0,1007,473,49,5.65,3.21,9.48,16.58,2451,1
2026-05-16 12:33:40,1.6,12.23,13.31,13.73,1545545,90528,5.9,0,0,0.0,1007,473,49,2.45,3.16,1.05,8.02,2445,2
2026-05-16 12:34:41,1.3,12.59,13.16,13.65,1545545,90520,5.9,0,0,0.0,1007,473,49,3.25,3.43,6.87,13.50,2446,3
2026-05-16 12:35:41,1.3,11.69,12.87,13.52,1545545,90527,5.9,0,0,0.0,1007,473,49,3.24,3.85,5.94,13.35,2457,6
2026-05-16 12:36:41,3.2,10.26,12.20,13.25,1545545,90558,5.9,0,0,0.0,1007,473,49,3.16,3.18,1.96,9.10,2449,10
2026-05-16 12:37:42,1.4,11.42,12.22,13.19,1545545,90568,5.9,0,0,0.0,1007,473,49,2.77,3.48,6.06,13.43,2466,3
2026-05-16 12:38:42,3.4,12.46,12.30,13.15,1545545,90582,5.9,0,0,0.0,1007,473,49,2.36,3.23,4.80,12.01,2469,7
2026-05-16 12:39:42,1.2,11.25,12.02,13.00,1545545,90552,5.9,0,0,0.0,1007,473,49,3.71,3.39,1.99,9.08,2472,4
2026-05-16 12:40:43,3.6,12.19,12.06,12.95,1545545,90573,5.9,0,0,0.0,1007,473,49,1.85,3.18,5.49,12.84,2459,10
2026-05-16 12:41:43,3.4,13.06,12.25,12.95,1545545,90563,5.9,0,0,0.0,1007,473,49,3.01,3.43,8.91,15.59,2453,5
2026-05-16 12:42:43,1.5,13.13,12.63,13.05,1545545,90609,5.9,0,0,0.0,1007,473,49,2.44,2.95,5.76,13.06,2442,3
2026-05-16 12:43:44,1.8,12.94,12.68,13.04,1545545,90590,5.9,0,0,0.0,1007,473,49,3.35,3.40,6.21,13.58,2453,3
2026-05-16 12:44:44,1.8,11.15,12.24,12.87,1545545,90573,5.9,0,0,0.0,1007,473,49,3.14,3.16,1.20,8.20,2459,5
2026-05-16 12:45:44,2.9,13.08,12.53,12.92,1545545,90584,5.9,0,0,0.0,1007,473,49,2.77,3.54,5.82,13.35,2455,28
2026-05-16 12:46:45,1.4,11.50,12.18,12.77,1545545,90566,5.9,0,0,0.0,1007,473,49,1.90,3.38,4.44,11.69,2463,1
2026-05-16 12:47:45,1.4,9.98,11.65,12.55,1545545,90586,5.9,0,0,0.0,1007,473,49,3.61,3.23,1.51,8.38,2447,2
2026-05-16 12:48:45,3.4,13.40,12.43,12.77,1545545,90619,5.9,0,0,0.0,1007,473,49,1.64,3.20,10.15,18.02,2438,8
2026-05-16 12:49:46,1.2,15.53,13.13,12.99,1545545,90582,5.9,0,0,0.0,1007,473,49,2.95,3.45,10.61,18.08,2441,8
2026-05-16 12:50:46,1.5,12.55,12.72,12.86,1545545,90590,5.9,0,0,0.0,1007,473,49,3.40,3.30,1.19,8.21,2458,1
2026-05-16 12:51:46,1.3,11.07,12.24,12.68,1545545,90581,5.9,0,0,0.0,1007,473,49,3.03,3.49,1.11,8.23,2455,1
2026-05-16 12:52:47,3.4,11.37,12.07,12.59,1545545,90663,5.9,0,0,0.0,1007,473,49,2.84,3.11,7.13,14.50,2463,7
2026-05-16 12:53:47,1.2,11.24,11.91,12.51,1545545,90663,5.9,0,0,0.0,1007,473,49,2.43,3.29,3.94,11.06,2478,7
2026-05-16 12:54:47,1.6,11.11,11.75,12.41,1545545,90634,5.9,0,0,0.0,1007,473,49,2.14,3.33,1.14,8.16,2467,2
2026-05-16 12:55:48,3.1,10.62,11.45,12.26,1545545,90661,5.9,0,0,0.0,1007,473,49,2.19,3.32,2.05,9.15,2460,4
2026-05-16 12:56:48,1.3,11.64,11.64,12.28,1545545,90661,5.9,0,0,0.0,1007,473,49,2.77,3.43,8.26,15.38,2470,3
2026-05-16 12:57:48,3.1,12.68,11.94,12.34,1545545,90700,5.9,0,0,0.0,1007,473,49,2.66,3.25,10.18,16.95,2460,8
2026-05-16 12:58:49,1.8,12.72,12.06,12.36,1545545,90704,5.9,0,0,0.0,1007,473,49,2.61,3.31,10.22,16.62,2451,4
2026-05-16 12:59:49,1.5,13.81,12.50,12.49,1545545,90677,5.9,0,0,0.0,1007,473,49,2.39,3.37,9.14,16.29,2462,3
2026-05-16 13:00:49,1.5,12.36,12.29,12.42,1545545,90672,5.9,0,0,0.0,1007,473,49,6.76,3.50,6.73,14.27,2479,5
2026-05-16 13:01:50,1.5,13.34,12.55,12.49,1545545,90676,5.9,0,0,0.0,1007,473,49,2.26,47.54,8.15,15.79,2461,9
2026-05-16 13:02:50,3.4,13.96,12.80,12.58,1545545,90696,5.9,0,0,0.0,1007,473,49,2.60,3.08,7.11,14.53,2475,6
2026-05-16 13:03:50,1.4,13.59,12.89,12.62,1545545,90710,5.9,0,0,0.0,1007,473,49,3.94,3.34,7.92,15.52,2483,5
2026-05-16 13:04:51,3.1,12.08,12.57,12.53,1545545,90701,5.9,0,0,0.0,1007,473,49,2.38,3.26,6.25,13.56,2482,4
2026-05-16 13:05:51,2.0,12.48,12.61,12.55,1545545,90700,5.9,0,0,0.0,1007,473,49,2.49,3.50,9.50,16.62,2460,4
2026-05-16 13:06:51,1.7,11.68,12.30,12.44,1545545,90696,5.9,0,0,0.0,1007,473,49,1.69,3.02,7.01,14.41,2471,12
2026-05-16 13:07:52,3.2,11.65,12.24,12.41,1545545,90606,5.9,0,0,0.0,1007,473,49,2.16,3.42,7.37,14.71,2454,19
2026-05-16 13:08:52,13.0,10.90,11.96,12.31,1545545,90566,5.9,0,0,0.0,1007,473,49,3.26,3.21,4.31,11.10,2458,30
2026-05-16 13:09:52,1.4,10.68,11.73,12.20,1545545,90584,5.9,0,0,0.0,1007,473,49,2.57,3.23,6.20,13.63,2465,6
2026-05-16 13:10:53,3.1,10.45,11.44,12.07,1545545,90595,5.9,0,0,0.0,1007,473,49,3.08,3.34,3.60,10.77,2463,6
2026-05-16 13:11:53,3.4,10.98,11.44,12.03,1545545,90614,5.9,0,0,0.0,1007,473,49,3.06,3.53,6.04,13.50,2459,6
2026-05-16 13:12:53,1.8,12.48,11.77,12.11,1545545,90626,5.9,0,0,0.0,1007,473,49,5.02,3.29,7.46,15.07,2477,8
2026-05-16 13:13:54,3.0,15.14,12.64,12.39,1545545,90636,5.9,0,0,0.0,1007,473,49,2.67,3.27,8.45,15.42,2465,10
2026-05-16 13:14:54,1.3,12.28,12.30,12.29,1545545,90604,5.9,0,0,0.0,1007,473,49,3.07,3.14,3.62,10.70,2450,1
2026-05-16 13:15:54,1.2,11.53,12.06,12.20,1545545,90617,5.9,0,0,0.0,1007,473,49,3.99,3.39,4.19,11.49,2464,11
2026-05-16 13:16:55,3.2,10.84,11.79,12.10,1545545,90628,5.9,0,0,0.0,1007,473,49,1.53,3.47,6.02,13.51,2467,6
2026-05-16 13:17:55,3.2,12.07,11.97,12.14,1545545,90666,5.9,0,0,0.0,1007,473,49,2.48,3.34,11.51,18.01,2455,9
2026-05-16 13:18:55,1.6,12.64,12.13,12.18,1545545,90662,5.9,0,0,0.0,1007,473,49,3.44,3.26,6.49,13.78,2471,2
2026-05-16 13:19:56,1.3,12.59,12.22,12.21,1545545,90649,5.9,0,0,0.0,1007,473,49,2.42,3.18,8.55,15.92,2479,13
2026-05-16 13:20:56,1.9,12.57,12.33,12.25,1545545,90648,5.9,0,0,0.0,1007,473,49,2.95,3.53,10.17,16.86,2473,3
2026-05-16 13:21:56,1.5,11.88,12.26,12.24,1545545,90634,5.9,0,0,0.0,1007,473,49,1.64,3.38,5.09,12.40,2475,4
2026-05-16 13:22:57,1.2,10.56,11.85,12.10,1545545,90666,5.9,0,0,0.0,1007,473,49,2.32,3.30,1.07,7.95,2481,3
2026-05-16 13:23:57,2.0,10.39,11.59,11.99,1545545,90686,5.9,0,0,0.0,1007,473,49,3.85,3.22,3.32,10.40,2483,8
2026-05-16 13:24:57,2.3,13.21,12.11,12.14,1545545,90674,5.9,0,0,0.0,1007,473,49,1.42,3.42,7.03,14.07,2492,3
2026-05-16 13:25:58,4.7,13.01,12.17,12.16,1545545,90684,5.9,0,0,0.0,1007,473,49,1.93,3.40,7.71,14.56,2494,6
2026-05-16 13:26:58,3.2,12.60,12.14,12.14,1545545,90686,5.9,0,0,0.0,1007,473,49,1.90,3.53,5.42,12.82,2485,18
2026-05-16 13:27:58,3.3,11.91,11.99,12.09,1545545,90584,5.9,0,0,0.0,1007,473,49,2.67,3.27,6.51,13.95,2479,6
2026-05-16 13:28:59,3.0,11.32,11.80,12.02,1545545,90678,5.9,0,0,0.0,1007,473,49,4.60,3.19,3.10,10.21,2460,6
2026-05-16 13:29:59,1.1,10.52,11.51,11.91,1545545,90668,5.9,0,0,0.0,1007,473,49,4.24,3.24,1.46,8.40,2456,4
2026-05-16 13:30:59,1.2,10.57,11.28,11.80,1545545,90696,5.9,0,0,0.0,1007,473,49,4.79,3.30,3.93,10.79,2461,1
2026-05-16 13:32:00,1.3,10.13,11.03,11.68,1545545,90691,5.9,0,0,0.0,1007,473,49,3.25,3.52,2.68,9.87,2477,5
2026-05-16 13:33:00,1.5,10.09,10.83,11.57,1545545,90723,5.9,0,0,0.0,1007,473,49,2.99,3.11,3.39,10.43,2474,2
2026-05-16 13:34:00,1.2,10.76,10.92,11.55,1545545,90737,5.9,0,0,0.0,1007,473,49,2.76,2.86,3.68,10.75,2470,3
2026-05-16 13:35:01,1.7,10.80,10.91,11.50,1545545,90725,5.9,0,0,0.0,1007,473,49,2.66,3.50,4.00,11.14,2463,1
2026-05-16 13:36:01,1.5,16.30,12.32,11.94,1545545,90726,5.9,0,0,0.0,1007,473,49,3.26,3.31,5.17,12.56,2444,2
2026-05-16 13:37:01,3.4,13.15,12.17,11.91,1545545,90739,5.9,0,0,0.0,1007,473,49,3.15,3.67,8.55,16.22,2442,10
2026-05-16 13:38:02,1.2,11.96,12.06,11.89,1545545,90729,5.9,0,0,0.0,1007,473,49,3.54,3.41,6.61,13.58,2454,3
2026-05-16 13:39:02,1.3,11.27,11.81,11.82,1545545,90739,5.9,0,0,0.0,1007,473,49,5.62,3.39,1.17,8.07,2462,7
2026-05-16 13:40:02,3.3,12.07,11.89,11.84,1545545,90747,5.9,0,0,0.0,1007,473,49,2.55,3.30,5.53,12.91,2463,6
2026-05-16 13:41:03,2.3,12.65,12.10,11.92,1545545,90744,5.9,0,0,0.0,1007,473,49,2.34,3.32,9.21,16.36,2471,6
2026-05-16 13:42:03,1.4,11.77,12.01,11.90,1545545,90721,5.9,0,0,0.0,1007,473,49,4.06,3.59,6.59,13.45,2459,5
2026-05-16 13:43:03,1.8,11.18,11.75,11.82,1545545,90758,5.9,0,0,0.0,1007,473,49,2.68,3.46,2.59,9.67,2451,2
2026-05-16 13:44:04,1.1,10.20,11.37,11.68,1545545,90769,5.9,0,0,0.0,1007,473,49,2.72,3.12,1.48,8.36,2445,5
2026-05-16 13:45:04,1.1,10.12,11.16,11.59,1545545,90747,5.9,0,0,0.0,1007,473,49,3.99,3.35,3.26,10.44,2447,3
2026-05-16 13:46:04,1.5,11.00,11.21,11.58,1545545,90634,5.9,0,0,0.0,1007,473,49,4.55,3.38,1.80,8.76,2459,2
2026-05-16 13:47:05,1.1,9.82,10.85,11.43,1545545,90630,5.9,0,0,0.0,1007,473,49,6.54,3.73,1.60,8.59,2462,4
2026-05-16 13:48:05,1.2,10.35,10.80,11.37,1545545,90649,5.9,0,0,0.0,1007,473,49,3.24,3.16,7.53,14.36,2467,7
2026-05-16 13:49:05,1.0,10.35,10.71,11.30,1545545,90665,5.9,0,0,0.0,1007,473,49,2.94,3.27,1.12,7.96,2467,9
2026-05-16 13:50:06,1.8,9.86,10.49,11.19,1545545,90685,5.9,0,0,0.0,1007,473,49,4.85,3.43,1.45,8.38,2468,1
2026-05-16 13:51:06,1.4,9.85,10.38,11.11,1545545,90646,5.9,0,0,0.0,1007,473,49,4.82,3.18,2.54,9.60,2463,2
2026-05-16 13:52:06,1.5,9.77,10.24,11.01,1545545,90676,5.9,0,0,0.0,1007,473,49,5.35,3.43,1.92,9.12,2460,2
2026-05-16 13:53:07,8.5,10.20,10.24,10.96,1545545,90692,5.9,0,0,0.0,1007,473,49,2.52,2.90,3.18,10.38,2458,19
2026-05-16 13:54:07,3.1,14.88,12.01,11.55,1545545,90719,5.9,0,0,0.0,1007,473,49,3.48,3.30,12.79,19.62,2457,6
2026-05-16 13:55:07,3.1,12.22,11.83,11.52,1545545,90673,5.9,0,0,0.0,1007,473,49,3.70,3.12,7.98,14.81,2454,1
2026-05-16 13:56:08,3.3,10.54,11.40,11.39,1545545,90706,5.9,0,0,0.0,1007,473,49,2.75,3.30,3.17,10.29,2446,7
2026-05-16 13:57:08,3.3,11.82,11.63,11.47,1545545,90725,5.9,0,0,0.0,1007,473,49,4.92,3.62,6.82,14.39,2460,5
2026-05-16 13:58:08,3.2,12.20,11.81,11.54,1545545,90730,5.9,0,0,0.0,1007,473,49,3.18,3.20,5.12,12.51,2468,5
2026-05-16 13:59:09,1.5,15.97,12.98,11.96,1545545,90721,5.9,0,0,0.0,1007,473,49,3.50,3.21,8.58,16.04,2469,1
2026-05-16 14:00:09,3.3,13.60,12.76,11.94,1545545,90713,5.9,0,0,0.0,1007,473,49,5.14,3.36,5.40,12.79,2470,7
2026-05-16 14:01:09,1.2,11.62,12.33,11.85,1545545,90689,5.9,0,0,0.0,1007,473,49,2.80,50.09,1.15,8.04,2468,4
2026-05-16 14:02:10,1.2,15.74,13.56,12.31,1545545,90687,5.9,0,0,0.0,1007,473,49,6.03,3.30,7.09,14.57,2460,3
2026-05-16 14:03:10,3.3,15.20,13.69,12.42,1545545,90739,5.9,0,0,0.0,1007,473,49,3.82,3.32,2.88,10.18,2460,6
2026-05-16 14:04:10,1.9,18.96,15.10,12.99,1545545,90728,5.9,0,0,0.0,1007,473,49,2.73,3.31,12.29,19.43,2457,5
2026-05-16 14:05:11,1.4,17.41,15.36,13.21,1545545,90716,5.9,0,0,0.0,1007,473,49,2.20,3.29,7.68,15.19,2452,4
2026-05-16 14:06:11,3.5,15.64,15.02,13.22,1545545,90727,5.9,0,0,0.0,1007,473,49,2.54,3.24,2.77,9.84,2454,5
2026-05-16 14:07:11,1.2,12.39,14.27,13.07,1545545,90708,5.9,0,0,0.0,1007,473,49,2.22,3.57,6.03,12.51,2461,5
2026-05-16 14:08:12,1.3,17.15,15.34,13.52,1545545,90727,5.9,0,0,0.0,1007,473,49,3.74,3.45,8.58,15.44,2448,1
2026-05-16 14:09:12,1.4,14.41,14.86,13.48,1545545,90767,5.9,0,0,0.0,1007,473,49,2.41,3.16,4.96,11.98,2455,2
2026-05-16 14:10:12,3.6,13.44,14.59,13.47,1545545,90764,5.9,0,0,0.0,1007,473,49,4.57,3.18,5.13,12.37,2447,7
2026-05-16 14:11:13,2.2,13.76,14.43,13.49,1545545,90774,5.9,0,0,0.0,1007,473,49,2.32,3.27,10.11,17.46,2447,5
2026-05-16 14:12:13,1.3,12.73,14.04,13.41,1545545,90755,5.9,0,0,0.0,1007,473,49,3.22,3.17,2.08,9.07,2456,7
2026-05-16 14:13:13,1.6,12.02,13.66,13.33,1545545,90778,5.9,0,0,0.0,1007,473,49,3.76,3.28,5.16,12.58,2464,4
2026-05-16 14:14:14,1.5,11.59,13.22,13.19,1545545,90824,5.9,0,0,0.0,1007,473,49,1.92,3.41,4.82,11.96,2462,3
2026-05-16 14:15:14,3.4,12.23,13.10,13.15,1545545,90787,5.9,0,0,0.0,1007,473,49,3.34,3.32,8.40,15.36,2467,7
2026-05-16 14:16:15,3.1,14.38,13.61,13.33,1545545,90791,5.9,0,0,0.0,1007,473,49,2.21,3.22,9.55,17.06,2466,7
2026-05-16 14:17:15,3.5,12.36,13.23,13.22,1545545,90800,5.9,0,0,0.0,1007,473,49,1.64,3.39,2.62,9.67,2457,8
2026-05-16 14:18:15,1.1,11.77,13.00,13.14,1545545,90796,5.9,0,0,0.0,1007,473,49,1.85,3.40,5.04,11.93,2457,3
2026-05-16 14:19:16,1.4,11.87,12.78,13.06,1545545,90808,5.9,0,0,0.0,1007,473,49,2.31,3.44,2.18,9.17,2454,2
2026-05-16 14:20:16,2.4,11.73,12.56,12.96,1545545,90814,5.9,0,0,0.0,1007,473,49,1.89,3.41,5.11,12.38,2450,7
2026-05-16 14:21:16,3.2,12.11,12.53,12.93,1545545,90809,5.9,0,0,0.0,1007,473,49,5.99,3.30,11.07,17.97,2455,15
2026-05-16 14:22:17,3.4,12.62,12.65,12.94,1545545,90808,5.9,0,0,0.0,1007,473,49,4.90,3.46,6.61,13.63,2459,3
2026-05-16 14:23:17,10.6,13.85,12.98,13.04,1545545,90851,5.9,0,0,0.0,1007,473,49,2.21,3.37,10.90,18.20,2467,23
2026-05-16 14:24:17,1.2,12.87,12.89,13.00,1545545,90730,5.9,0,0,0.0,1007,473,49,3.78,3.29,10.33,16.86,2476,9
2026-05-16 14:25:18,3.4,11.01,12.35,12.81,1545545,90719,5.9,0,0,0.0,1007,473,49,5.46,3.13,2.78,9.84,2475,7
2026-05-16 14:26:18,1.3,12.24,12.58,12.87,1545545,90716,5.9,0,0,0.0,1007,473,49,3.72,3.38,8.10,14.61,2489,2
2026-05-16 14:27:18,1.2,10.57,12.04,12.66,1545545,90707,5.9,0,0,0.0,1007,473,49,6.19,3.54,1.15,8.17,2483,4
2026-05-16 14:28:19,1.9,11.99,12.30,12.72,1545545,90748,5.9,0,0,0.0,1007,473,49,3.77,3.29,6.26,13.33,2474,1
2026-05-16 14:29:19,1.3,12.11,12.42,12.74,1545545,90758,5.9,0,0,0.0,1007,473,49,3.28,3.34,6.61,14.02,2476,3
2026-05-16 14:30:19,1.6,11.72,12.20,12.64,1545545,90745,5.9,0,0,0.0,1007,473,49,4.03,3.23,4.04,11.38,2469,4
2026-05-16 14:31:20,1.1,13.02,12.49,12.71,1545545,90740,5.9,0,0,0.0,1007,473,49,3.09,3.19,3.69,10.71,2460,5
2026-05-16 14:32:20,1.4,14.43,12.92,12.84,1545545,90766,5.9,0,0,0.0,1007,473,49,6.01,3.30,6.38,13.63,2465,1
2026-05-16 14:33:20,1.4,12.53,12.62,12.74,1545545,90790,5.9,0,0,0.0,1007,473,49,3.10,3.36,3.76,11.18,2467,2
2026-05-16 14:34:21,3.6,13.10,12.73,12.77,1545545,90809,5.9,0,0,0.0,1007,473,49,2.85,3.51,6.73,13.85,2460,4
2026-05-16 14:35:21,3.4,12.74,12.70,12.76,1545545,90803,5.9,0,0,0.0,1007,473,49,2.82,3.12,3.26,10.35,2468,6
2026-05-16 14:36:21,3.6,12.07,12.51,12.69,1545545,90799,5.9,0,0,0.0,1007,473,49,3.68,3.62,5.02,12.43,2463,4
2026-05-16 14:37:22,1.1,13.03,12.87,12.81,1545545,90765,5.9,0,0,0.0,1007,473,49,4.32,3.38,7.61,15.19,2458,2
2026-05-16 14:38:22,1.4,11.57,12.52,12.69,1545545,90796,5.9,0,0,0.0,1007,473,49,2.98,3.46,2.64,9.73,2460,10
2026-05-16 14:39:22,6.0,11.76,12.39,12.64,1545545,90813,5.9,0,0,0.0,1007,473,49,3.70,3.16,4.95,12.44,2476,4
2026-05-16 14:40:23,1.3,11.37,12.22,12.56,1545545,90801,5.9,0,0,0.0,1007,473,49,3.26,3.38,7.63,15.06,2469,2
2026-05-16 14:41:23,1.6,11.83,12.21,12.54,1545545,90786,5.9,0,0,0.0,1007,473,49,4.33,3.36,5.91,13.23,2468,2
2026-05-16 14:42:23,2.2,11.49,12.03,12.46,1545545,90820,5.9,0,0,0.0,1007,473,49,2.90,3.48,7.48,14.83,2480,3
2026-05-16 14:43:24,3.6,11.27,11.87,12.37,1545545,90832,5.9,0,0,0.0,1007,473,49,2.87,3.27,5.16,12.04,2472,9
2026-05-16 14:44:24,1.5,12.12,11.97,12.37,1545545,90817,5.9,0,0,0.0,1007,473,49,2.09,3.29,11.47,18.14,2479,2
2026-05-16 14:45:24,1.9,11.35,11.74,12.26,1545545,90833,5.9,0,0,0.0,1007,473,49,3.72,3.41,3.42,10.40,2474,4
2026-05-16 14:46:25,3.3,13.34,12.22,12.40,1545545,90833,5.9,0,0,0.0,1007,473,49,3.28,3.30,8.73,15.90,2470,7
2026-05-16 14:47:25,3.4,13.49,12.50,12.48,1545545,90848,5.9,0,0,0.0,1007,473,49,4.36,3.62,12.11,19.43,2465,4
2026-05-16 14:48:25,1.3,12.72,12.40,12.45,1545545,90863,5.9,0,0,0.0,1007,473,49,4.60,3.28,4.14,11.43,2460,1
2026-05-16 14:49:26,1.6,11.51,12.15,12.36,1545545,90852,5.9,0,0,0.0,1007,473,49,3.10,3.61,1.14,8.19,2450,10
2026-05-16 14:50:26,1.4,12.79,12.49,12.47,1545545,90842,5.9,0,0,0.0,1007,473,49,4.07,3.12,10.63,18.38,2460,5
2026-05-16 14:51:26,3.2,11.42,12.16,12.36,1545545,90856,5.9,0,0,0.0,1007,473,49,5.92,3.38,6.00,13.49,2461,3
2026-05-16 14:52:27,3.2,10.81,11.83,12.23,1545545,90857,5.9,0,0,0.0,1007,473,49,2.29,3.27,2.79,9.88,2461,29
2026-05-16 14:53:27,1.3,12.29,12.08,12.29,1545545,90863,5.9,0,0,0.0,1007,473,49,6.03,2.99,7.20,14.58,2465,5
2026-05-16 14:54:27,3.6,12.29,12.09,12.28,1545545,90854,5.9,0,0,0.0,1007,473,49,2.21,3.53,4.11,11.50,2459,2
2026-05-16 14:55:28,3.3,11.33,11.86,12.19,1545545,90877,5.9,0,0,0.0,1007,473,49,3.74,3.29,4.39,11.60,2447,5
2026-05-16 14:56:28,3.5,11.22,11.68,12.10,1545545,90888,5.9,0,0,0.0,1007,473,49,2.53,3.36,5.12,12.24,2454,6
2026-05-16 14:57:28,1.3,12.21,11.85,12.13,1545545,90870,5.9,0,0,0.0,1007,473,49,2.84,3.43,9.86,16.58,2436,3
2026-05-16 14:58:29,1.4,11.69,11.77,12.08,1545545,90893,5.9,0,0,0.0,1007,473,49,2.77,3.24,4.16,11.47,2442,4
2026-05-16 14:59:29,1.2,10.86,11.52,11.98,1545545,90876,5.9,0,0,0.0,1007,473,49,2.40,3.35,2.28,9.41,2449,5
2026-05-16 15:00:29,3.2,12.82,11.87,12.07,1545545,90889,5.9,0,0,0.0,1007,473,49,3.50,3.51,7.32,14.77,2467,4
2026-05-16 15:01:30,2.0,13.22,12.12,12.14,1545545,90898,5.9,0,0,0.0,1007,473,49,3.49,47.31,6.98,14.21,2473,5
2026-05-16 15:02:30,1.4,13.47,12.46,12.25,1545545,90871,5.9,0,0,0.0,1007,473,49,2.37,3.34,2.82,9.74,2478,4
2026-05-16 15:03:30,1.3,14.46,12.80,12.38,1545545,90777,5.9,0,0,0.0,1007,473,49,3.67,3.27,5.98,13.50,2492,1
2026-05-16 15:04:31,1.5,12.65,12.53,12.31,1545545,90764,5.9,0,0,0.0,1007,473,49,2.61,3.38,4.11,11.35,2486,2
2026-05-16 15:05:31,3.3,12.64,12.55,12.33,1545545,90785,5.9,0,0,0.0,1007,473,49,1.64,3.15,6.49,13.93,2460,5
2026-05-16 15:06:31,1.4,12.19,12.45,12.31,1545545,90778,5.9,0,0,0.0,1007,473,49,3.33,3.27,7.13,14.55,2464,1
2026-05-16 15:07:32,1.7,11.42,12.18,12.23,1545545,90776,5.9,0,0,0.0,1007,473,49,2.21,3.37,1.85,8.78,2460,2
2026-05-16 15:08:32,11.9,10.37,11.79,12.09,1545545,90800,5.9,0,0,0.0,1007,473,49,2.59,3.29,1.26,8.23,2464,23
2026-05-16 15:09:32,1.1,9.81,11.38,11.93,1545545,90794,5.9,0,0,0.0,1007,473,49,3.38,3.56,1.87,8.98,2462,2
2026-05-16 15:10:33,1.4,10.19,11.22,11.84,1545545,90801,5.9,0,0,0.0,1007,473,49,1.95,3.21,1.06,8.00,2466,2
2026-05-16 15:11:33,3.1,11.98,11.47,11.88,1545545,90822,5.9,0,0,0.0,1007,473,49,2.80,3.37,8.19,15.66,2455,7
2026-05-16 15:12:33,3.5,12.06,11.57,11.89,1545545,90816,5.9,0,0,0.0,1007,473,49,3.73,3.23,6.78,14.35,2470,4
2026-05-16 15:13:34,3.0,11.29,11.44,11.82,1545545,90860,5.9,0,0,0.0,1007,473,49,4.18,3.35,4.07,11.28,2464,11
2026-05-16 15:14:34,1.4,11.48,11.47,11.81,1545545,90806,5.9,0,0,0.0,1007,473,49,3.00,3.43,4.25,11.58,2465,5
2026-05-16 15:15:34,1.2,10.90,11.31,11.74,1545545,90834,5.9,0,0,0.0,1007,473,49,3.10,3.52,2.54,9.67,2473,1
2026-05-16 15:16:35,1.6,10.23,11.05,11.62,1545545,90837,5.9,0,0,0.0,1007,473,49,3.90,2.87,5.03,11.86,2474,2
2026-05-16 15:17:35,2.0,11.42,11.26,11.66,1545545,90832,5.9,0,0,0.0,1007,473,49,4.75,3.43,9.01,15.93,2467,10
2026-05-16 15:18:35,1.1,12.03,11.38,11.67,1545545,90845,5.9,0,0,0.0,1007,473,49,3.71,3.42,8.69,15.99,2459,4
2026-05-16 15:19:36,1.2,11.57,11.37,11.64,1545545,90826,5.9,0,0,0.0,1007,473,49,2.31,3.46,4.83,12.09,2465,7
2026-05-16 15:20:36,3.7,11.26,11.28,11.59,1545545,90863,5.9,0,0,0.0,1007,473,49,1.91,3.31,5.76,13.12,2460,7
2026-05-16 15:21:36,1.5,13.10,11.81,11.76,1545545,90861,5.9,0,0,0.0,1007,473,49,2.29,3.41,10.63,18.15,2453,2
2026-05-16 15:22:37,1.2,13.05,12.00,11.82,1545545,90838,5.9,0,0,0.0,1007,473,49,2.19,3.44,4.74,12.02,2460,3
2026-05-16 15:23:37,3.1,13.75,12.45,12.00,1545545,90892,5.9,0,0,0.0,1007,473,49,2.71,3.25,7.20,14.76,2457,5
2026-05-16 15:24:37,1.5,12.28,12.23,11.94,1545545,90865,5.9,0,0,0.0,1007,473,49,2.80,3.32,3.63,10.96,2452,4
2026-05-16 15:25:38,3.0,12.09,12.13,11.92,1545545,90898,5.9,0,0,0.0,1007,473,49,3.44,3.33,5.96,13.38,2462,7
2026-05-16 15:26:38,3.5,12.90,12.36,12.02,1545545,90905,5.9,0,0,0.0,1007,473,49,3.81,3.42,13.54,19.69,2466,7
2026-05-16 15:27:38,1.0,11.00,11.93,11.89,1545545,90890,5.9,0,0,0.0,1007,473,49,3.22,3.23,5.14,11.70,2468,4
2026-05-16 15:28:39,1.6,10.23,11.51,11.74,1545545,90923,5.9,0,0,0.0,1007,473,49,4.46,3.35,3.79,11.00,2466,1
2026-05-16 15:29:39,3.7,11.41,11.60,11.76,1545545,90913,5.9,0,0,0.0,1007,473,49,2.84,3.50,4.63,11.71,2474,3
2026-05-16 15:30:39,1.5,11.72,11.63,11.76,1545545,90894,5.9,0,0,0.0,1007,473,49,3.10,3.21,5.06,11.81,2469,2
2026-05-16 15:31:40,3.3,10.95,11.42,11.68,1545545,90931,5.9,0,0,0.0,1007,473,49,2.68,3.29,3.81,11.01,2474,16
2026-05-16 15:32:40,1.4,12.05,11.64,11.73,1545545,90925,5.9,0,0,0.0,1007,473,49,2.01,3.33,12.81,18.66,2453,1
2026-05-16 15:33:40,1.2,12.73,11.89,11.81,1545545,90964,5.9,0,0,0.0,1007,473,49,3.18,3.34,5.18,12.56,2448,8
2026-05-16 15:34:41,1.4,14.87,12.77,12.13,1545545,90927,5.9,0,0,0.0,1007,473,49,2.95,3.34,8.11,15.86,2461,4
2026-05-16 15:35:41,1.4,14.34,12.93,12.22,1545545,90903,5.9,0,0,0.0,1007,473,49,2.30,3.32,5.91,13.32,2445,5
2026-05-16 15:36:41,3.2,13.13,12.84,12.23,1545545,90939,5.9,0,0,0.0,1007,473,49,3.09,3.45,9.56,17.16,2449,8
2026-05-16 15:37:42,1.1,11.09,12.36,12.11,1545545,90953,5.9,0,0,0.0,1007,473,49,3.40,3.31,4.54,11.63,2465,2
2026-05-16 15:38:42,1.5,12.12,12.43,12.15,1545545,90960,5.9,0,0,0.0,1007,473,49,2.57,3.22,6.65,13.60,2470,3
2026-05-16 15:39:42,1.0,11.59,12.21,12.09,1545545,90957,5.9,0,0,0.0,1007,473,49,2.82,3.52,5.98,13.49,2468,2
2026-05-16 15:40:43,3.0,10.34,11.75,11.94,1545545,90958,5.9,0,0,0.0,1007,473,49,2.03,3.20,1.27,8.24,2470,5
2026-05-16 15:41:43,1.4,10.99,11.75,11.93,1545545,90818,5.9,0,0,0.0,1007,473,49,3.05,3.31,5.60,12.53,2470,4
2026-05-16 15:42:43,1.3,9.99,11.34,11.78,1545545,90831,5.9,0,0,0.0,1007,473,49,2.94,3.29,1.09,8.05,2457,6
2026-05-16 15:43:44,1.2,9.92,11.04,11.64,1545545,90845,5.9,0,0,0.0,1007,473,49,2.29,3.41,1.05,7.94,2447,5
2026-05-16 15:44:44,3.2,12.73,11.52,11.76,1545545,90854,5.9,0,0,0.0,1007,473,49,3.90,3.37,7.53,15.30,2440,5
2026-05-16 15:45:44,1.3,15.25,12.57,12.12,1545545,90840,5.9,0,0,0.0,1007,473,49,1.67,3.27,8.18,14.99,2448,4
2026-05-16 15:46:45,1.5,12.31,12.24,12.03,1545545,90831,5.9,0,0,0.0,1007,473,49,2.43,3.31,1.06,7.95,2436,2
2026-05-16 15:47:45,1.4,13.65,12.67,12.19,1545545,90849,5.9,0,0,0.0,1007,473,49,3.07,3.51,5.20,12.52,2448,1
2026-05-16 15:48:45,1.0,14.04,13.01,12.34,1545545,90883,5.9,0,0,0.0,1007,473,49,2.17,3.16,6.30,12.86,2451,2
2026-05-16 15:49:46,1.8,13.35,13.03,12.39,1545545,90869,5.9,0,0,0.0,1007,473,49,3.23,3.52,2.76,9.91,2469,1
2026-05-16 15:50:46,1.0,11.88,12.74,12.33,1545545,90859,5.9,0,0,0.0,1007,473,49,2.68,3.31,1.83,9.04,2472,8
2026-05-16 15:51:46,1.1,10.48,12.18,12.16,1545545,90867,5.9,0,0,0.0,1007,473,49,2.23,3.42,1.07,7.98,2455,7
2026-05-16 15:52:47,1.4,12.32,12.42,12.25,1545545,90897,5.9,0,0,0.0,1007,473,49,2.12,3.11,2.22,9.17,2467,6
2026-05-16 15:53:47,3.1,19.49,14.20,12.86,1545545,90907,5.9,0,0,0.0,1007,473,49,2.05,3.18,8.84,15.89,2473,7
2026-05-16 15:54:47,4.4,17.01,14.61,13.10,1545545,90889,5.9,0,0,0.0,1007,473,49,2.48,3.46,9.74,17.48,2479,3
2026-05-16 15:55:48,3.7,15.09,14.49,13.15,1545545,90910,5.9,0,0,0.0,1007,473,49,2.17,3.38,8.72,15.32,2468,5
2026-05-16 15:56:48,1.7,13.09,14.02,13.07,1545545,90906,5.9,0,0,0.0,1007,473,49,2.08,3.36,8.04,15.65,2489,3
2026-05-16 15:57:48,1.4,13.28,13.96,13.11,1545545,90911,5.9,0,0,0.0,1007,473,49,2.42,3.32,4.74,11.97,2473,3
2026-05-16 15:58:49,1.9,14.66,14.25,13.26,1545545,90925,5.9,0,0,0.0,1007,473,49,2.37,3.28,6.22,13.64,2470,2
2026-05-16 15:59:49,1.5,12.49,13.74,13.15,1545545,90908,5.9,0,0,0.0,1007,473,49,3.30,3.07,2.72,9.89,2481,4
2026-05-16 16:00:49,1.5,11.40,13.19,13.00,1545545,90900,5.9,0,0,0.0,1007,473,49,3.01,3.32,1.53,8.56,2482,3
2026-05-16 16:01:50,1.2,11.99,13.06,12.96,1545545,90897,5.9,0,0,0.0,1007,473,49,3.46,49.82,3.65,10.77,2469,6
2026-05-16 16:02:50,1.4,12.07,12.88,12.91,1545545,90929,5.9,0,0,0.0,1007,473,49,3.44,3.25,8.04,15.65,2481,7
2026-05-16 16:03:50,3.1,14.46,13.41,13.09,1545545,90957,5.9,0,0,0.0,1007,473,49,3.07,3.16,7.34,14.57,2488,4
2026-05-16 16:04:51,1.4,12.07,12.96,12.95,1545545,90938,5.9,0,0,0.0,1007,473,49,5.55,3.45,3.30,10.32,2468,5
2026-05-16 16:05:51,1.5,10.34,12.28,12.72,1545545,90933,5.9,0,0,0.0,1007,473,49,1.94,3.38,1.16,8.40,2469,10
2026-05-16 16:06:52,1.3,10.54,11.94,12.57,1545545,90920,5.9,0,0,0.0,1007,473,49,2.47,3.35,1.06,7.94,2469,2
2026-05-16 16:07:52,1.3,10.76,11.74,12.46,1545545,90939,5.9,0,0,0.0,1007,473,49,3.48,3.38,2.17,9.19,2469,6
2026-05-16 16:08:52,3.3,10.66,11.47,12.31,1545545,90984,5.9,0,0,0.0,1007,473,49,2.38,3.21,3.06,10.24,2459,23
2026-05-16 16:09:53,1.1,10.66,11.40,12.24,1545545,90945,5.9,0,0,0.0,1007,473,49,3.94,3.30,4.06,11.22,2466,1
2026-05-16 16:10:53,1.3,10.53,11.24,12.13,1545545,90949,5.9,0,0,0.0,1007,473,49,2.32,3.29,3.01,10.20,2461,4
2026-05-16 16:11:53,1.2,12.51,11.80,12.27,1545545,90964,5.9,0,0,0.0,1007,473,49,1.59,3.48,7.74,15.28,2473,5
2026-05-16 16:12:54,3.3,11.82,11.71,12.21,1545545,91001,5.9,0,0,0.0,1007,473,49,4.64,3.22,2.29,9.35,2474,10
2026-05-16 16:13:54,1.5,11.78,11.75,12.19,1545545,90978,5.9,0,0,0.0,1007,473,49,4.90,3.28,7.89,15.45,2477,8
2026-05-16 16:14:54,1.3,12.07,11.84,12.19,1545545,90959,5.9,0,0,0.0,1007,473,49,4.56,3.36,2.34,9.49,2471,2
2026-05-16 16:15:55,1.2,10.92,11.51,12.05,1545545,90965,5.9,0,0,0.0,1007,473,49,4.68,3.41,1.16,8.17,2469,1
2026-05-16 16:16:55,3.1,12.81,11.89,12.14,1545545,90991,5.9,0,0,0.0,1007,473,49,2.94,3.27,5.64,13.03,2462,6
2026-05-16 16:17:55,1.3,14.72,12.64,12.39,1545545,90989,5.9,0,0,0.0,1007,473,49,4.04,3.35,7.85,15.52,2464,1
2026-05-16 16:18:56,1.4,11.41,12.11,12.22,1545545,90982,5.9,0,0,0.0,1007,473,49,4.12,3.22,1.08,7.95,2468,1
2026-05-16 16:19:56,3.3,10.16,11.60,12.04,1545545,90875,5.9,0,0,0.0,1007,473,49,5.78,3.48,1.97,9.04,2479,6
2026-05-16 16:20:56,1.6,11.94,11.90,12.11,1545545,90869,5.9,0,0,0.0,1007,473,49,4.60,3.35,9.22,16.58,2480,1
2026-05-16 16:21:57,1.3,16.03,13.09,12.51,1545545,90847,5.9,0,0,0.0,1007,473,49,3.28,3.38,1.07,7.95,2462,2
2026-05-16 16:22:57,3.5,13.94,13.04,12.53,1545545,90904,5.9,0,0,0.0,1007,473,49,3.59,3.23,10.33,17.94,2457,6
2026-05-16 16:23:57,3.3,14.12,13.15,12.59,1545545,90912,5.9,0,0,0.0,1007,473,49,4.53,3.49,6.64,14.13,2452,6
2026-05-16 16:24:58,3.2,14.76,13.50,12.75,1545545,90897,5.9,0,0,0.0,1007,473,49,3.30,3.52,12.63,19.11,2448,7
2026-05-16 16:25:58,1.3,12.95,13.29,12.72,1545545,90884,5.9,0,0,0.0,1007,473,49,2.94,3.51,8.31,15.90,2447,6
2026-05-16 16:26:58,1.2,11.08,12.69,12.55,1545545,90876,5.9,0,0,0.0,1007,473,49,2.78,3.04,1.54,8.46,2456,1
2026-05-16 16:27:59,1.4,9.92,12.06,12.34,1545545,90899,5.9,0,0,0.0,1007,473,49,2.82,3.30,1.43,8.37,2455,2
2026-05-16 16:28:59,1.7,11.53,12.06,12.32,1545545,90906,5.9,0,0,0.0,1007,473,49,2.45,3.27,5.13,12.43,2459,5
2026-05-16 16:29:59,1.6,10.90,11.79,12.21,1545545,90882,5.9,0,0,0.0,1007,473,49,3.69,3.37,4.60,11.50,2451,3
2026-05-16 16:31:00,4.0,10.60,11.51,12.09,1545545,90919,5.9,0,0,0.0,1007,473,49,2.90,3.30,1.74,8.89,2451,9
2026-05-16 16:32:00,1.5,13.35,12.09,12.24,1545545,90901,5.9,0,0,0.0,1007,473,49,2.19,3.36,12.46,19.03,2457,1
2026-05-16 16:33:00,3.4,15.70,12.84,12.48,1545545,90940,5.9,0,0,0.0,1007,473,49,2.41,3.34,9.14,16.74,2460,7
2026-05-16 16:34:01,1.9,14.26,13.03,12.58,1545545,90939,5.9,0,0,0.0,1007,473,49,4.46,3.18,13.61,19.69,2466,2
2026-05-16 16:35:01,4.5,15.92,13.64,12.81,1545545,90932,5.9,0,0,0.0,1007,473,49,3.08,3.48,9.69,16.09,2463,24
2026-05-16 16:36:01,1.3,14.32,13.73,12.90,1545545,90941,5.9,0,0,0.0,1007,473,49,4.69,3.54,7.52,14.48,2460,5
2026-05-16 16:37:02,1.6,13.44,13.61,12.92,1545545,90919,5.9,0,0,0.0,1007,473,49,2.81,3.59,6.83,14.11,2448,3
2026-05-16 16:38:02,1.4,13.46,13.61,12.96,1545545,90944,5.9,0,0,0.0,1007,473,49,2.53,3.16,6.56,13.98,2462,2
2026-05-16 16:39:02,2.9,13.39,13.47,12.95,1545545,90970,5.9,0,0,0.0,1007,473,49,3.59,3.28,7.30,14.86,2459,4
2026-05-16 16:40:03,1.5,12.12,13.17,12.88,1545545,90939,5.9,0,0,0.0,1007,473,49,2.25,3.34,8.24,14.98,2455,2
2026-05-16 16:41:03,1.4,12.15,12.93,12.81,1545545,90954,5.9,0,0,0.0,1007,473,49,2.09,3.38,5.11,12.06,2459,7
2026-05-16 16:42:03,3.3,12.35,12.76,12.76,1545545,90964,5.9,0,0,0.0,1007,473,49,1.59,3.43,7.89,15.62,2461,7
2026-05-16 16:43:04,1.4,12.31,12.68,12.73,1545545,90986,5.9,0,0,0.0,1007,473,49,2.84,3.33,2.45,9.45,2451,2
2026-05-16 16:44:04,3.0,11.92,12.50,12.66,1545545,91014,5.9,0,0,0.0,1007,473,49,2.17,3.43,5.55,12.82,2450,4
2026-05-16 16:45:04,1.2,12.20,12.48,12.64,1545545,90955,5.9,0,0,0.0,1007,473,49,2.07,3.13,9.78,17.05,2453,3
2026-05-16 16:46:05,3.3,12.21,12.49,12.64,1545545,90973,5.9,0,0,0.0,1007,473,49,2.12,3.01,8.57,16.25,2461,3
2026-05-16 16:47:05,3.4,11.13,12.04,12.47,1545545,91001,5.9,0,0,0.0,1007,473,49,2.36,3.63,4.84,12.18,2460,4
2026-05-16 16:48:05,1.1,11.38,12.00,12.43,1545545,90998,5.9,0,0,0.0,1007,473,49,2.62,3.34,1.48,8.48,2460,1
2026-05-16 16:49:06,3.2,11.77,12.00,12.40,1545545,91044,5.9,0,0,0.0,1007,473,49,2.79,3.07,3.89,11.00,2466,4
2026-05-16 16:50:06,1.8,12.41,12.26,12.47,1545545,90996,5.9,0,0,0.0,1007,473,49,2.42,3.38,7.22,14.48,2464,2
2026-05-16 16:51:06,1.6,11.95,12.14,12.42,1545545,91029,5.9,0,0,0.0,1007,473,49,2.69,3.46,1.95,9.19,2459,2
2026-05-16 16:52:07,3.4,13.63,12.45,12.50,1545545,91017,5.9,0,0,0.0,1007,473,49,2.31,3.61,5.83,13.36,2473,12
2026-05-16 16:53:07,1.4,11.72,12.17,12.40,1545545,91020,5.9,0,0,0.0,1007,473,49,2.23,3.52,5.50,12.82,2481,6
2026-05-16 16:54:07,1.4,11.66,12.09,12.36,1545545,91038,5.9,0,0,0.0,1007,473,49,3.35,3.36,6.29,13.66,2483,5
2026-05-16 16:55:08,5.2,11.66,12.00,12.31,1545545,91017,5.9,0,0,0.0,1007,473,49,2.56,3.42,6.45,13.85,2477,4
2026-05-16 16:56:08,1.3,10.98,11.85,12.24,1545545,91004,5.9,0,0,0.0,1007,473,49,3.77,3.30,5.10,12.35,2463,3
2026-05-16 16:57:08,1.1,9.65,11.34,12.04,1545545,90895,5.9,0,0,0.0,1007,473,49,4.11,3.59,1.21,8.26,2465,4
2026-05-16 16:58:09,1.9,12.42,11.78,12.15,1545545,90934,5.9,0,0,0.0,1007,473,49,2.54,3.24,9.76,17.03,2446,3
2026-05-16 16:59:09,1.8,10.99,11.46,12.01,1545545,90918,5.9,0,0,0.0,1007,473,49,3.50,3.29,3.66,10.80,2443,4
2026-05-16 17:00:09,3.1,11.19,11.37,11.94,1545545,90923,5.9,0,0,0.0,1007,473,49,4.27,3.23,4.24,11.50,2443,3
2026-05-16 17:01:09,1.3,11.00,11.28,11.87,1545545,90915,5.9,0,0,0.0,1007,473,49,2.60,47.50,1.39,8.38,2452,1
2026-05-16 17:02:10,1.2,12.46,11.64,11.96,1545545,90912,5.9,0,0,0.0,1007,473,49,2.22,3.61,7.03,13.95,2453,3
2026-05-16 17:03:10,1.9,12.63,11.69,11.95,1545545,90947,5.9,0,0,0.0,1007,473,49,3.09,3.28,4.46,11.53,2458,11
2026-05-16 17:04:10,1.2,11.39,11.56,11.89,1545545,90958,5.9,0,0,0.0,1007,473,49,2.14,2.73,4.34,11.07,2460,3
2026-05-16 17:05:11,3.2,13.53,12.20,12.09,1545545,90946,5.9,0,0,0.0,1007,473,49,3.12,3.45,11.54,18.27,2471,6
2026-05-16 17:06:11,1.2,12.73,12.31,12.14,1545545,90922,5.9,0,0,0.0,1007,473,49,3.79,3.47,7.22,14.90,2466,4
2026-05-16 17:07:12,3.3,12.07,12.12,12.08,1545545,90947,5.9,0,0,0.0,1007,473,49,4.73,3.43,5.90,12.91,2474,6
2026-05-16 17:08:12,1.6,13.80,12.71,12.30,1545545,90977,5.9,0,0,0.0,1007,473,49,2.69,3.37,7.79,15.05,2474,3
2026-05-16 17:09:12,1.3,13.20,12.73,12.33,1545545,90964,5.9,0,0,0.0,1007,473,49,4.24,3.36,5.50,12.86,2462,1
2026-05-16 17:10:13,1.2,10.97,12.21,12.17,1545545,90930,5.9,0,0,0.0,1007,473,49,3.91,3.32,2.54,9.55,2471,1
2026-05-16 17:11:13,3.2,12.09,12.26,12.19,1545545,90965,5.9,0,0,0.0,1007,473,49,5.52,3.22,8.46,15.08,2475,9
2026-05-16 17:12:13,3.3,12.30,12.29,12.20,1545545,90955,5.9,0,0,0.0,1007,473,49,3.72,3.49,10.47,17.75,2473,9
2026-05-16 17:13:14,1.3,11.39,12.07,12.13,1545545,90955,5.9,0,0,0.0,1007,473,49,2.86,3.43,6.12,13.50,2475,2
2026-05-16 17:14:14,1.3,10.63,11.71,12.01,1545545,90995,5.9,0,0,0.0,1007,473,49,1.91,3.12,5.10,12.39,2470,7
2026-05-16 17:15:14,1.5,10.41,11.46,11.90,1545545,90965,5.9,0,0,0.0,1007,473,49,2.32,3.29,2.56,9.67,2457,1
2026-05-16 17:16:15,1.4,11.75,11.61,11.92,1545545,90980,5.9,0,0,0.0,1007,473,49,2.10,3.49,8.15,15.06,2457,2
2026-05-16 17:17:15,1.6,11.71,11.62,11.90,1545545,90968,5.9,0,0,0.0,1007,473,49,2.23,3.52,5.26,12.65,2452,5
2026-05-16 17:18:15,1.1,12.70,12.02,12.03,1545545,91001,5.9,0,0,0.0,1007,473,49,2.48,3.09,7.33,15.01,2459,12
2026-05-16 17:19:16,1.2,10.87,11.64,11.90,1545545,91028,5.9,0,0,0.0,1007,473,49,2.64,3.30,2.56,9.56,2461,2
2026-05-16 17:20:16,3.7,13.18,12.08,12.03,1545545,91038,5.9,0,0,0.0,1007,473,49,3.06,3.50,7.57,15.13,2462,3
2026-05-16 17:21:16,1.4,14.04,12.51,12.18,1545545,91003,5.9,0,0,0.0,1007,473,49,4.61,3.36,7.69,15.43,2468,2
2026-05-16 17:22:17,1.3,12.87,12.46,12.18,1545545,91023,5.9,0,0,0.0,1007,473,49,4.14,3.31,10.86,17.46,2467,2
2026-05-16 17:23:17,3.7,11.72,12.16,12.09,1545545,91077,5.9,0,0,0.0,1007,473,49,1.89,3.42,3.76,11.01,2462,7
2026-05-16 17:24:17,12.4,11.75,12.12,12.08,1545545,91054,5.9,0,0,0.0,1007,473,49,4.34,3.25,5.82,13.19,2462,17
2026-05-16 17:25:18,1.9,10.71,11.81,11.98,1545545,91035,5.9,0,0,0.0,1007,473,49,3.76,3.33,4.77,11.99,2466,6
2026-05-16 17:26:18,1.4,9.98,11.39,11.82,1545545,91033,5.9,0,0,0.0,1007,473,49,2.08,3.25,2.24,9.17,2469,13
2026-05-16 17:27:18,3.1,10.12,11.14,11.71,1545545,91051,5.9,0,0,0.0,1007,473,49,4.51,3.25,3.66,10.98,2475,19
2026-05-16 17:28:19,1.4,10.46,11.08,11.65,1545545,91055,5.9,0,0,0.0,1007,473,49,3.07,3.27,5.70,12.56,2471,1
2026-05-16 17:29:19,1.4,10.88,11.05,11.61,1545545,91072,5.9,0,0,0.0,1007,473,49,2.31,3.19,6.80,13.86,2469,6
2026-05-16 17:30:19,3.6,13.04,11.49,11.71,1545545,91073,5.9,0,0,0.0,1007,473,49,5.01,3.19,3.16,10.42,2461,14
2026-05-16 17:31:20,1.5,15.24,12.53,12.06,1545545,91051,5.9,0,0,0.0,1007,473,49,2.67,3.24,10.52,17.51,2447,4
2026-05-16 17:32:20,4.5,18.93,13.97,12.59,1545545,91076,5.9,0,0,0.0,1007,473,49,3.95,3.62,7.47,15.11,2447,8
2026-05-16 17:33:20,1.4,15.87,14.12,12.73,1545545,91079,5.9,0,0,0.0,1007,473,49,5.31,3.22,6.76,13.58,2450,5
2026-05-16 17:34:20,1.2,14.51,14.18,12.84,1545545,91085,5.9,0,0,0.0,1007,473,49,2.85,3.37,6.27,13.57,2449,1
2026-05-16 17:35:21,1.5,15.28,14.63,13.09,1545545,90944,5.9,0,0,0.0,1007,473,49,4.44,4.91,11.19,18.05,2462,1
2026-05-16 17:36:21,1.3,13.53,14.27,13.07,1545545,90943,5.9,0,0,0.0,1007,473,49,2.85,3.45,1.80,8.97,2461,6
2026-05-16 17:37:21,1.3,13.48,14.28,13.15,1545545,90934,5.9,0,0,0.0,1007,473,49,3.51,3.33,8.04,14.62,2463,1
2026-05-16 17:38:22,2.6,14.89,14.78,13.41,1545545,90978,5.9,0,0,0.0,1007,473,49,4.44,3.46,7.38,15.05,2474,24
2026-05-16 17:39:22,11.8,17.07,15.62,13.80,1545545,90995,5.9,0,0,0.0,1007,473,49,3.52,3.14,8.81,16.28,2481,22
2026-05-16 17:40:22,1.3,13.31,14.88,13.67,1545545,90951,5.9,0,0,0.0,1007,473,49,3.60,3.34,2.46,9.31,2481,3
2026-05-16 17:41:23,1.2,12.40,14.40,13.58,1545545,90954,5.9,0,0,0.0,1007,473,49,3.33,3.23,1.48,8.34,2493,1
2026-05-16 17:42:23,2.0,12.30,13.96,13.48,1545545,90971,5.9,0,0,0.0,1007,473,49,4.26,3.40,1.56,8.71,2489,6
2026-05-16 17:43:23,1.6,13.28,13.95,13.50,1545545,90996,5.9,0,0,0.0,1007,473,49,3.10,3.49,1.52,8.55,2483,2
2026-05-16 17:44:24,1.5,13.84,14.03,13.56,1545545,91018,5.9,0,0,0.0,1007,473,49,1.86,3.16,10.83,18.34,2473,3
2026-05-16 17:45:24,3.3,14.42,13.99,13.57,1545545,91004,5.9,0,0,0.0,1007,473,49,4.10,3.36,4.38,11.64,2464,8
2026-05-16 17:46:24,1.7,13.91,14.04,13.62,1545545,91007,5.9,0,0,0.0,1007,473,49,4.25,3.35,10.20,16.76,2452,8
2026-05-16 17:47:25,3.2,13.43,13.81,13.56,1545545,91026,5.9,0,0,0.0,1007,473,49,4.48,3.56,2.40,9.45,2460,5
2026-05-16 17:48:25,1.2,12.92,13.63,13.52,1545545,91051,5.9,0,0,0.0,1007,473,49,3.69,3.26,7.72,14.84,2483,1
2026-05-16 17:49:25,1.1,10.96,12.95,13.29,1545545,91050,5.9,0,0,0.0,1007,473,49,3.59,3.34,1.07,7.98,2486,4
2026-05-16 17:50:26,3.6,11.60,12.75,13.19,1545545,91027,5.9,0,0,0.0,1007,473,49,3.08,3.32,8.43,15.49,2487,5
2026-05-16 17:51:26,1.2,11.17,12.38,13.03,1545545,91026,5.9,0,0,0.0,1007,473,49,4.69,3.20,4.07,11.22,2491,4
2026-05-16 17:52:27,1.3,10.16,11.85,12.81,1545545,91007,5.9,0,0,0.0,1007,473,49,7.26,3.45,1.24,8.20,2484,6
2026-05-16 17:53:27,3.6,11.54,11.90,12.77,1545545,91052,5.9,0,0,0.0,1007,473,49,2.19,3.37,7.74,14.93,2468,26
2026-05-16 17:54:27,1.8,12.90,12.18,12.80,1545545,91029,5.9,0,0,0.0,1007,473,49,3.54,3.32,8.22,15.45,2475,1
2026-05-16 17:55:28,8.8,11.62,11.91,12.67,1545545,91032,5.9,0,0,0.0,1007,473,49,2.48,3.02,3.35,10.34,2469,15
2026-05-16 17:56:28,1.2,11.69,11.92,12.62,1545545,91023,5.9,0,0,0.0,1007,473,49,2.05,3.45,6.97,13.19,2468,2
2026-05-16 17:57:28,1.3,11.94,11.84,12.54,1545545,91028,5.9,0,0,0.0,1007,473,49,2.49,3.59,1.61,8.63,2478,4
2026-05-16 17:58:29,3.6,11.41,11.66,12.43,1545545,91092,5.9,0,0,0.0,1007,473,49,2.19,3.44,1.41,8.53,2464,7
2026-05-16 17:59:29,1.5,11.16,11.54,12.34,1545545,91094,5.9,0,0,0.0,1007,473,49,1.42,3.26,4.59,11.67,2459,1
2026-05-16 18:00:29,3.2,13.70,12.10,12.48,1545545,91091,5.9,0,0,0.0,1007,473,49,3.14,3.51,7.29,14.65,2473,4
2026-05-16 18:01:30,3.3,17.38,13.28,12.85,1545545,91086,5.9,0,0,0.0,1007,473,49,2.60,50.17,12.26,19.27,2477,5
2026-05-16 18:02:30,3.8,14.95,13.28,12.87,1545545,91078,5.9,0,0,0.0,1007,473,49,3.23,3.44,7.91,14.91,2457,5
2026-05-16 18:03:30,3.0,15.67,13.73,13.05,1545545,91096,5.9,0,0,0.0,1007,473,49,4.27,3.27,9.59,16.94,2480,1
2026-05-16 18:04:30,3.1,13.17,13.32,12.95,1545545,91123,5.9,0,0,0.0,1007,473,49,3.63,3.33,4.58,11.61,2474,4
2026-05-16 18:05:31,3.4,13.42,13.38,12.99,1545545,91101,5.9,0,0,0.0,1007,473,49,3.43,3.39,6.96,13.92,2456,4
2026-05-16 18:06:31,1.4,12.16,13.02,12.89,1545545,91073,5.9,0,0,0.0,1007,473,49,2.48,3.23,4.04,11.21,2467,3
2026-05-16 18:07:31,1.4,11.70,12.71,12.80,1545545,91077,5.9,0,0,0.0,1007,473,49,3.12,3.43,3.49,10.61,2474,2
2026-05-16 18:08:32,1.2,12.30,12.73,12.80,1545545,91099,5.9,0,0,0.0,1007,473,49,3.23,3.35,5.16,12.51,2466,17
2026-05-16 18:09:32,1.2,11.88,12.62,12.76,1545545,91106,5.9,0,0,0.0,1007,473,49,3.74,3.00,6.22,13.73,2456,2
2026-05-16 18:10:32,1.2,12.00,12.46,12.69,1545545,91088,5.9,0,0,0.0,1007,473,49,3.08,3.16,5.06,12.45,2458,4
2026-05-16 18:11:33,3.4,10.74,12.01,12.52,1545545,90989,5.9,0,0,0.0,1007,473,49,2.43,3.45,2.05,8.91,2462,10
2026-05-16 18:12:33,1.3,12.07,12.16,12.54,1545545,90964,5.9,0,0,0.0,1007,473,49,2.32,3.30,3.65,10.93,2450,2
2026-05-16 18:13:33,2.1,11.05,11.86,12.41,1545545,91010,5.9,0,0,0.0,1007,473,49,2.13,3.24,5.43,12.80,2467,3
2026-05-16 18:14:34,1.4,11.06,11.74,12.33,1545545,90987,5.9,0,0,0.0,1007,473,49,1.90,3.34,4.53,11.76,2465,4
2026-05-16 18:15:34,1.2,10.22,11.34,12.15,1545545,90979,5.9,0,0,0.0,1007,473,49,5.68,3.32,1.05,8.06,2475,1
2026-05-16 18:16:35,1.3,10.24,11.13,12.03,1545545,91005,5.9,0,0,0.0,1007,473,49,4.05,3.36,1.45,8.38,2474,7
2026-05-16 18:17:35,1.5,10.27,10.98,11.92,1545545,90975,5.9,0,0,0.0,1007,473,49,3.72,3.41,4.16,11.44,2478,5
2026-05-16 18:18:35,2.1,12.02,11.25,11.95,1545545,91038,5.9,0,0,0.0,1007,473,49,2.96,3.38,4.48,11.65,2480,2
2026-05-16 18:19:36,1.3,12.64,11.47,11.98,1545545,91010,5.9,0,0,0.0,1007,473,49,2.12,3.40,7.15,13.92,2488,2
2026-05-16 18:20:36,1.6,12.90,11.79,12.06,1545545,91013,5.9,0,0,0.0,1007,473,49,3.40,3.39,6.57,13.99,2470,3
2026-05-16 18:21:36,3.1,12.27,11.84,12.06,1545545,91031,5.9,0,0,0.0,1007,473,49,2.17,3.18,9.81,16.88,2478,5
2026-05-16 18:22:36,1.2,12.41,12.01,12.10,1545545,91016,5.9,0,0,0.0,1007,473,49,3.78,3.36,11.57,18.46,2479,4
2026-05-16 18:23:37,1.7,11.95,11.98,12.09,1545545,91054,5.9,0,0,0.0,1007,473,49,4.05,3.37,3.31,10.38,2478,1
2026-05-16 18:24:37,1.3,10.99,11.71,11.99,1545545,91026,5.9,0,0,0.0,1007,473,49,2.81,3.24,3.71,11.09,2474,5
2026-05-16 18:25:37,1.4,10.70,11.48,11.89,1545545,91031,5.9,0,0,0.0,1007,473,49,3.77,3.37,2.15,9.19,2466,10
2026-05-16 18:26:38,3.3,11.31,11.50,11.87,1545545,91043,5.9,0,0,0.0,1007,473,49,4.56,3.42,5.12,12.37,2456,8
2026-05-16 18:27:38,3.1,11.76,11.66,11.91,1545545,91045,5.9,0,0,0.0,1007,473,49,6.50,3.63,3.15,10.28,2464,7
2026-05-16 18:28:38,1.1,11.28,11.58,11.87,1545545,91056,5.9,0,0,0.0,1007,473,49,2.97,3.19,3.37,10.35,2462,1
2026-05-16 18:29:39,3.3,10.94,11.43,11.80,1545545,91078,5.9,0,0,0.0,1007,473,49,4.39,3.32,3.64,10.81,2467,5
2026-05-16 18:30:39,1.3,11.37,11.48,11.79,1545545,91063,5.9,0,0,0.0,1007,473,49,2.27,3.08,3.43,10.57,2476,4
2026-05-16 18:31:39,3.2,13.75,12.03,11.96,1545545,91084,5.9,0,0,0.0,1007,473,49,2.61,3.42,6.07,13.37,2470,3
2026-05-16 18:32:40,1.4,12.52,12.04,11.97,1545545,91061,5.9,0,0,0.0,1007,473,49,2.97,3.21,9.15,16.74,2476,4
2026-05-16 18:33:40,3.4,12.11,11.97,11.95,1545545,91111,5.9,0,0,0.0,1007,473,49,3.99,3.23,2.71,9.83,2465,7
2026-05-16 18:34:40,3.1,12.29,12.08,11.99,1545545,91119,5.9,0,0,0.0,1007,473,49,3.25,3.40,8.95,15.73,2457,8
2026-05-16 18:35:41,3.2,11.43,11.86,11.92,1545545,91136,5.9,0,0,0.0,1007,473,49,3.63,3.68,4.01,11.10,2463,5
2026-05-16 18:36:41,1.1,10.33,11.47,11.78,1545545,91124,5.9,0,0,0.0,1007,473,49,5.02,3.23,1.21,8.16,2480,2
2026-05-16 18:37:41,1.6,10.71,11.37,11.72,1545545,91109,5.9,0,0,0.0,1007,473,49,3.97,3.53,3.73,10.88,2479,3
2026-05-16 18:38:42,2.1,10.95,11.29,11.67,1545545,91157,5.9,0,0,0.0,1007,473,49,3.23,3.33,4.10,11.38,2479,2
2026-05-16 18:39:42,1.2,10.13,11.01,11.55,1545545,91124,5.9,0,0,0.0,1007,473,49,4.09,3.35,1.24,8.30,2464,7
2026-05-16 18:40:42,1.3,10.36,10.93,11.49,1545545,91123,5.9,0,0,0.0,1007,473,49,2.21,3.36,3.66,10.80,2465,1
2026-05-16 18:41:43,2.9,10.82,10.94,11.46,1545545,91130,5.9,0,0,0.0,1007,473,49,2.64,3.40,6.03,13.34,2457,4
2026-05-16 18:42:43,3.7,11.89,11.22,11.52,1545545,91143,5.9,0,0,0.0,1007,473,49,3.32,3.07,7.29,14.48,2455,5
2026-05-16 18:43:43,1.7,11.96,11.38,11.56,1545545,91159,5.9,0,0,0.0,1007,473,49,2.88,3.48,6.48,14.02,2463,2
2026-05-16 18:44:44,1.8,11.06,11.25,11.50,1545545,91142,5.9,0,0,0.0,1007,473,49,3.68,3.33,1.15,8.16,2464,4
2026-05-16 18:45:44,3.2,12.84,11.70,11.64,1545545,91152,5.9,0,0,0.0,1007,473,49,2.21,3.49,6.05,13.48,2452,5
2026-05-16 18:46:44,1.4,12.47,11.93,11.73,1545545,91142,5.9,0,0,0.0,1007,473,49,4.14,3.32,7.78,15.42,2457,3
2026-05-16 18:47:45,1.3,10.98,11.59,11.62,1545545,91136,5.9,0,0,0.0,1007,473,49,5.30,3.47,1.10,7.97,2466,5
2026-05-16 18:48:45,1.5,10.07,11.25,11.50,1545545,91166,5.9,0,0,0.0,1007,473,49,5.46,3.26,1.25,8.26,2464,2
2026-05-16 18:49:45,1.5,12.14,11.70,11.65,1545545,91035,5.9,0,0,0.0,1007,473,49,3.27,3.40,4.46,11.88,2473,4
2026-05-16 18:50:46,1.8,11.36,11.55,11.60,1545545,91016,5.9,0,0,0.0,1007,473,49,6.19,3.34,5.07,12.39,2477,2
2026-05-16 18:51:46,1.5,12.39,11.77,11.67,1545545,91034,5.9,0,0,0.0,1007,473,49,4.00,3.39,2.93,9.94,2463,5
2026-05-16 18:52:46,1.2,13.08,12.10,11.79,1545545,91043,5.9,0,0,0.0,1007,473,49,3.01,3.36,7.30,15.03,2460,1
2026-05-16 18:53:47,1.4,11.78,11.91,11.75,1545545,91064,5.9,0,0,0.0,1007,473,49,3.86,3.35,6.36,13.82,2468,1
2026-05-16 18:54:47,2.9,12.68,11.98,11.77,1545545,91058,5.9,0,0,0.0,1007,473,49,2.98,3.32,4.08,11.04,2478,17
2026-05-16 18:55:47,1.5,10.85,11.55,11.63,1545545,91042,5.9,0,0,0.0,1007,473,49,2.19,3.00,2.85,9.80,2475,3
2026-05-16 18:56:48,1.2,12.50,11.87,11.73,1545545,91049,5.9,0,0,0.0,1007,473,49,5.09,3.52,7.01,14.38,2478,6
2026-05-16 18:57:48,1.2,11.26,11.60,11.64,1545545,91082,5.9,0,0,0.0,1007,473,49,2.91,3.25,2.89,9.96,2473,2
2026-05-16 18:58:48,1.3,11.01,11.47,11.60,1545545,91094,5.9,0,0,0.0,1007,473,49,2.22,3.38,1.29,8.31,2476,5
2026-05-16 18:59:49,3.4,9.83,11.04,11.44,1545545,91093,5.9,0,0,0.0,1007,473,49,2.49,3.41,1.41,8.32,2466,6
2026-05-16 19:00:49,3.0,11.85,11.50,11.58,1545545,91085,5.9,0,0,0.0,1007,473,49,2.82,3.51,8.61,16.08,2479,5
2026-05-16 19:01:49,3.1,13.03,11.90,11.71,1545545,90991,5.9,0,0,0.0,1007,473,49,2.75,47.60,8.13,15.81,2488,4
2026-05-16 19:02:50,1.6,11.88,11.78,11.68,1545545,91071,5.9,0,0,0.0,1007,473,49,2.39,3.38,5.08,12.29,2486,3
2026-05-16 19:03:50,1.2,12.35,11.94,11.74,1545545,91043,5.9,0,0,0.0,1007,473,49,2.28,3.41,4.95,12.24,2481,2
2026-05-16 19:04:50,1.2,11.71,11.79,11.70,1545545,90912,5.9,0,0,0.0,1007,473,49,1.55,3.34,3.63,10.83,2487,3
2026-05-16 19:05:51,1.4,11.17,11.64,11.66,1545545,91053,5.9,0,0,0.0,1007,473,49,2.53,3.44,5.58,12.99,2485,3
2026-05-16 19:06:51,3.2,11.12,11.58,11.63,1545545,91068,5.9,0,0,0.0,1007,473,49,2.79,3.49,7.12,14.65,2487,6
2026-05-16 19:07:51,2.9,12.64,11.91,11.74,1545545,91054,5.9,0,0,0.0,1007,473,49,2.22,3.36,11.07,17.87,2488,4
2026-05-16 19:08:52,3.1,13.90,12.29,11.88,1545545,91057,5.9,0,0,0.0,1007,473,49,3.73,3.38,9.55,17.27,2475,4
2026-05-16 19:09:52,1.1,11.88,12.07,11.83,1545545,91068,5.9,0,0,0.0,1007,473,49,3.33,2.96,4.96,12.20,2462,2
2026-05-16 19:10:52,2.1,11.76,11.97,11.81,1545545,91088,5.9,0,0,0.0,1007,473,49,1.84,3.46,9.41,16.19,2458,5
2026-05-16 19:11:53,3.1,11.21,11.80,11.77,1545545,91122,5.9,0,0,0.0,1007,473,49,2.84,3.32,4.12,11.25,2466,6
2026-05-16 19:12:53,4.3,12.16,11.90,11.80,1545545,91156,5.9,0,0,0.0,1007,473,49,4.16,3.36,8.32,15.58,2478,9
2026-05-16 19:13:53,2.1,12.43,12.06,11.86,1545545,91146,5.9,0,0,0.0,1007,473,49,2.83,3.39,7.39,14.37,2477,1
2026-05-16 19:14:54,3.2,16.80,13.23,12.27,1545545,91141,5.9,0,0,0.0,1007,473,49,3.97,3.22,10.10,16.74,2484,7
2026-05-16 19:15:54,1.9,13.09,12.83,12.19,1545545,91149,5.9,0,0,0.0,1007,473,49,2.39,3.49,6.78,13.80,2478,3
2026-05-16 19:16:55,1.3,11.36,12.41,12.09,1545545,91129,5.9,0,0,0.0,1007,473,49,1.90,3.39,4.92,11.71,2471,6
2026-05-16 19:17:55,1.5,14.88,13.13,12.35,1545545,91182,5.9,0,0,0.0,1007,473,49,2.66,3.32,5.91,13.17,2456,4
2026-05-16 19:18:55,1.6,14.47,13.39,12.49,1545545,91161,5.9,0,0,0.0,1007,473,49,2.35,3.35,6.16,13.41,2462,5
2026-05-16 19:19:56,3.1,15.11,13.60,12.61,1545545,91161,5.9,0,0,0.0,1007,473,49,2.28,3.30,3.06,10.16,2465,6
2026-05-16 19:20:56,3.2,15.12,13.74,12.71,1545545,91164,5.9,0,0,0.0,1007,473,49,2.83,3.34,5.71,12.90,2459,20
2026-05-16 19:21:56,1.8,15.77,14.08,12.89,1545545,91156,5.9,0,0,0.0,1007,473,49,1.89,3.41,7.97,15.35,2465,5
2026-05-16 19:22:57,1.4,15.00,14.26,13.03,1545545,91155,5.9,0,0,0.0,1007,473,49,1.57,3.24,7.26,13.72,2466,3
2026-05-16 19:23:57,2.5,12.36,13.66,12.90,1545545,91163,5.9,0,0,0.0,1007,473,49,2.09,2.93,1.20,8.13,2462,23
2026-05-16 19:24:57,11.9,14.72,14.14,13.11,1545545,91166,5.9,0,0,0.0,1007,473,49,2.15,3.57,4.13,11.37,2453,14
2026-05-16 19:25:58,1.3,11.98,13.56,12.99,1545545,91157,5.9,0,0,0.0,1007,473,49,1.19,3.41,1.51,8.60,2464,5
2026-05-16 19:26:58,7.5,12.73,13.35,12.94,1545545,91191,5.9,0,0,0.0,1007,473,49,1.93,3.50,2.06,9.01,2456,6
2026-05-16 19:27:58,1.4,14.86,13.98,13.19,1545545,91177,5.9,0,0,0.0,1007,473,49,2.15,3.17,8.04,15.38,2458,4
2026-05-16 19:28:59,1.3,21.02,16.09,13.98,1545545,91066,5.9,0,0,0.0,1007,473,49,2.22,3.33,5.96,13.33,2461,3
2026-05-16 19:29:59,1.3,14.98,15.27,13.83,1545545,91043,5.9,0,0,0.0,1007,473,49,1.61,3.29,2.98,10.09,2460,2
2026-05-16 19:30:59,1.1,11.82,14.32,13.59,1545545,91044,5.9,0,0,0.0,1007,473,49,2.57,3.40,1.16,8.25,2463,2
2026-05-16 19:32:00,1.4,20.95,16.94,14.56,1545545,91066,5.9,0,0,0.0,1007,473,49,3.64,3.36,5.19,12.38,2465,3
2026-05-16 19:33:00,3.5,16.54,16.30,14.49,1545545,91105,5.9,0,0,0.0,1007,473,49,3.07,3.24,6.81,14.29,2468,4
2026-05-16 19:34:00,2.0,13.93,15.56,14.34,1545545,91104,5.9,0,0,0.0,1007,473,49,2.32,3.31,7.02,13.96,2471,5
2026-05-16 19:35:01,3.3,13.49,15.09,14.25,1545545,91099,5.9,0,0,0.0,1007,473,49,2.05,3.27,7.16,14.53,2476,7
2026-05-16 19:36:01,1.1,14.47,14.99,14.26,1545545,91080,5.9,0,0,0.0,1007,473,49,1.43,3.64,5.17,11.96,2464,6
2026-05-16 19:37:01,3.3,13.66,14.66,14.19,1545545,91111,5.9,0,0,0.0,1007,473,49,2.69,3.49,5.25,12.68,2462,4
2026-05-16 19:38:02,3.2,11.96,13.97,13.98,1545545,91130,5.9,0,0,0.0,1007,473,49,2.68,3.32,4.01,11.14,2466,4
2026-05-16 19:39:02,1.4,12.53,13.81,13.93,1545545,91120,5.9,0,0,0.0,1007,473,49,1.68,3.23,7.44,14.82,2465,4
2026-05-16 19:40:02,1.4,11.75,13.34,13.76,1545545,91077,5.9,0,0,0.0,1007,473,49,2.75,3.31,1.98,9.09,2461,7
2026-05-16 19:41:03,3.3,11.16,12.92,13.59,1545545,91099,5.9,0,0,0.0,1007,473,49,2.71,3.38,1.17,8.20,2471,6
2026-05-16 19:42:03,1.3,12.53,13.01,13.58,1545545,91073,5.9,0,0,0.0,1007,473,49,2.75,3.50,7.43,14.77,2464,1
2026-05-16 19:43:03,1.8,10.99,12.40,13.32,1545545,91105,5.9,0,0,0.0,1007,473,49,1.38,3.23,1.11,8.06,2462,3
2026-05-16 19:44:04,3.5,12.05,12.41,13.27,1545545,91131,5.9,0,0,0.0,1007,473,49,1.17,3.28,9.74,16.48,2470,6
2026-05-16 19:45:04,1.6,11.62,12.22,13.15,1545545,91083,5.9,0,0,0.0,1007,473,49,1.36,3.45,6.10,12.71,2467,1
2026-05-16 19:46:04,1.4,10.77,11.85,12.96,1545545,91092,5.9,0,0,0.0,1007,473,49,1.60,3.37,1.83,8.85,2467,1
2026-05-16 19:47:05,1.6,14.62,12.86,13.25,1545545,91086,5.9,0,0,0.0,1007,473,49,1.44,3.07,5.89,13.43,2466,6
2026-05-16 19:48:05,1.7,12.70,12.60,13.13,1545545,91129,5.9,0,0,0.0,1007,473,49,2.07,3.26,3.34,10.35,2476,2
2026-05-16 19:49:05,1.3,12.04,12.42,13.03,1545545,91137,5.9,0,0,0.0,1007,473,49,1.62,3.33,5.87,13.28,2471,3
2026-05-16 19:50:06,1.6,11.91,12.31,12.96,1545545,91131,5.9,0,0,0.0,1007,473,49,2.17,3.31,7.15,14.60,2485,4
2026-05-16 19:51:06,3.1,11.72,12.10,12.84,1545545,91147,5.9,0,0,0.0,1007,473,49,1.55,3.34,4.66,11.98,2476,4
2026-05-16 19:52:06,1.8,11.72,12.12,12.80,1545545,91139,5.9,0,0,0.0,1007,473,49,1.27,3.41,6.04,13.50,2476,4
2026-05-16 19:53:07,1.1,13.25,12.68,12.96,1545545,91158,5.9,0,0,0.0,1007,473,49,1.47,3.32,2.56,9.59,2484,5
2026-05-16 19:54:07,1.1,11.78,12.35,12.83,1545545,91161,5.9,0,0,0.0,1007,473,49,2.84,3.08,3.32,10.38,2481,6
2026-05-16 19:55:07,1.1,10.58,11.88,12.63,1545545,91133,5.9,0,0,0.0,1007,473,49,1.43,3.40,1.26,8.29,2480,4
2026-05-16 19:56:08,1.4,11.36,11.81,12.56,1545545,91150,5.9,0,0,0.0,1007,473,49,1.43,3.46,5.11,12.45,2485,4
2026-05-16 19:57:08,2.1,12.88,12.13,12.62,1545545,91158,5.9,0,0,0.0,1007,473,49,1.41,3.40,8.24,15.45,2491,105
2026-05-16 19:58:08,1.3,12.44,12.10,12.57,1545545,91168,5.9,0,0,0.0,1007,473,49,1.43,3.20,9.00,16.02,2477,4
2026-05-16 19:59:09,3.2,11.83,12.01,12.51,1545545,91199,5.9,0,0,0.0,1007,473,49,1.14,3.27,7.64,14.53,2458,7
2026-05-16 20:00:09,1.2,11.66,11.97,12.47,1545545,91153,5.9,0,0,0.0,1007,473,49,1.65,3.54,5.41,12.66,2454,1
2026-05-16 20:01:09,3.0,12.36,12.04,12.46,1545545,91200,5.9,0,0,0.0,1007,473,49,1.47,47.52,8.08,15.11,2454,8
2026-05-16 20:02:10,1.5,13.13,12.32,12.53,1545545,91167,5.9,0,0,0.0,1007,473,49,1.35,3.45,9.33,16.22,2454,3
2026-05-16 20:03:10,3.3,13.05,12.40,12.54,1545545,91209,5.9,0,0,0.0,1007,473,49,1.39,3.33,6.27,13.64,2458,5
2026-05-16 20:04:10,1.6,11.62,12.08,12.42,1545545,91187,5.9,0,0,0.0,1007,473,49,1.41,3.27,3.06,9.83,2468,3
2026-05-16 20:05:11,3.1,12.26,12.30,12.48,1545545,91189,5.9,0,0,0.0,1007,473,49,2.88,3.90,3.76,10.99,2461,4
2026-05-16 20:06:11,1.2,12.23,12.30,12.47,1545545,91168,5.9,0,0,0.0,1007,473,49,1.94,3.43,9.40,16.75,2468,3
2026-05-16 20:07:11,1.4,13.43,12.55,12.54,1545545,91050,5.9,0,0,0.0,1007,473,49,1.87,3.71,8.43,15.83,2477,6
2026-05-16 20:08:12,1.5,11.85,12.25,12.43,1545545,91078,5.9,0,0,0.0,1007,473,49,1.55,3.22,6.25,12.94,2470,5
2026-05-16 20:09:12,1.4,10.77,11.82,12.27,1545545,91089,5.9,0,0,0.0,1007,473,49,1.10,3.09,2.92,10.00,2463,2
2026-05-16 20:10:12,10.9,13.08,12.29,12.40,1545545,91087,5.9,0,0,0.0,1007,473,49,2.49,2.96,8.78,15.66,2475,9
2026-05-16 20:11:13,1.7,12.95,12.61,12.52,1545545,91074,5.9,0,0,0.0,1007,473,49,1.59,3.38,4.07,11.13,2459,1
2026-05-16 20:12:13,1.4,11.63,12.28,12.41,1545545,91078,5.9,0,0,0.0,1007,473,49,2.14,3.27,1.10,8.18,2455,1
2026-05-16 20:13:13,1.8,11.08,12.00,12.30,1545545,91111,5.9,0,0,0.0,1007,473,49,1.96,3.32,2.92,10.07,2457,8
2026-05-16 20:14:14,3.3,13.62,12.39,12.41,1545545,91147,5.9,0,0,0.0,1007,473,49,1.43,3.32,8.07,15.67,2460,5
2026-05-16 20:15:14,1.3,11.87,12.14,12.32,1545545,91092,5.9,0,0,0.0,1007,473,49,2.04,3.37,2.67,9.73,2458,2
2026-05-16 20:16:14,1.5,11.08,11.88,12.22,1545545,91112,5.9,0,0,0.0,1007,473,49,1.96,3.16,2.94,10.08,2456,1
2026-05-16 20:17:15,3.4,14.72,12.79,12.51,1545545,91118,5.9,0,0,0.0,1007,473,49,1.74,3.56,10.35,18.02,2465,11
2026-05-16 20:18:15,1.5,12.32,12.50,12.43,1545545,91115,5.9,0,0,0.0,1007,473,49,1.73,3.30,3.46,10.52,2465,4
2026-05-16 20:19:15,1.4,11.51,12.24,12.35,1545545,91123,5.9,0,0,0.0,1007,473,49,1.20,3.21,1.82,8.84,2473,5
2026-05-16 20:20:16,1.6,12.40,12.45,12.42,1545545,91095,5.9,0,0,0.0,1007,473,49,1.28,3.35,1.22,8.21,2483,1
2026-05-16 20:21:16,1.5,12.14,12.37,12.39,1545545,91107,5.9,0,0,0.0,1007,473,49,1.68,3.44,4.05,11.28,2487,1
2026-05-16 20:22:16,1.1,10.38,11.82,12.20,1545545,91097,5.9,0,0,0.0,1007,473,49,1.10,3.48,1.55,8.65,2471,3
2026-05-16 20:23:17,2.0,10.12,11.47,12.05,1545545,91134,5.9,0,0,0.0,1007,473,49,2.20,2.90,2.93,10.06,2475,3
2026-05-16 20:24:17,10.4,11.54,11.70,12.10,1545545,91164,5.9,0,0,0.0,1007,473,49,1.22,3.18,9.36,16.11,2464,21
2026-05-16 20:25:18,2.7,11.92,11.77,12.10,1545545,91131,5.9,0,0,0.0,1007,473,49,2.81,3.52,4.87,12.33,2473,4
2026-05-16 20:26:18,1.8,12.57,11.98,12.15,1545545,91133,5.9,0,0,0.0,1007,473,49,0.06,3.21,7.95,14.48,2483,7
2026-05-16 20:27:18,3.2,12.32,11.99,12.14,1545545,91135,5.9,0,0,0.0,1007,473,49,2.49,3.43,6.13,13.68,2484,6
2026-05-16 20:28:19,1.9,12.99,12.23,12.21,1545545,91166,5.9,0,0,0.0,1007,473,49,1.28,3.35,5.01,12.10,2485,3
2026-05-16 20:29:19,1.4,11.66,11.97,12.12,1545545,91169,5.9,0,0,0.0,1007,473,49,1.53,3.27,2.19,9.22,2486,6
2026-05-16 20:30:19,1.4,11.66,11.88,12.08,1545545,91194,5.9,0,0,0.0,1007,473,49,1.25,3.35,7.15,14.79,2476,3
2026-05-16 20:31:20,1.1,10.31,11.44,11.91,1545545,91179,5.9,0,0,0.0,1007,473,49,1.91,3.11,1.86,8.76,2466,1
2026-05-16 20:32:20,3.2,9.91,11.12,11.77,1545545,91207,5.9,0,0,0.0,1007,473,49,1.34,3.53,4.96,12.40,2474,3
2026-05-16 20:33:20,1.7,10.69,11.11,11.72,1545545,91206,5.9,0,0,0.0,1007,473,49,1.42,3.25,5.30,12.70,2464,2
2026-05-16 20:34:21,3.4,11.00,11.09,11.67,1545545,91238,5.9,0,0,0.0,1007,473,49,1.53,2.76,2.60,9.69,2468,6
2026-05-16 20:35:21,3.6,14.45,12.06,11.97,1545545,91210,5.9,0,0,0.0,1007,473,49,2.63,3.62,9.15,16.69,2463,7
2026-05-16 20:36:21,3.4,13.61,12.24,12.04,1545545,91206,5.9,0,0,0.0,1007,473,49,1.73,3.61,6.06,13.10,2467,4
2026-05-16 20:37:22,1.3,14.50,12.89,12.28,1545545,91187,5.9,0,0,0.0,1007,473,49,1.03,3.48,6.56,14.03,2462,4
2026-05-16 20:38:22,1.5,12.08,12.48,12.18,1545545,91234,5.9,0,0,0.0,1007,473,49,1.34,3.07,1.12,8.07,2479,2
2026-05-16 20:39:22,1.6,12.01,12.41,12.17,1545545,91235,5.9,0,0,0.0,1007,473,49,1.14,3.38,6.75,14.17,2496,5
2026-05-16 20:40:23,1.2,10.52,11.90,12.01,1545545,91211,5.9,0,0,0.0,1007,473,49,1.38,3.36,1.88,8.92,2493,1
2026-05-16 20:41:23,1.4,11.21,11.86,11.99,1545545,91223,5.9,0,0,0.0,1007,473,49,1.10,3.35,6.75,14.10,2491,3
2026-05-16 20:42:23,1.6,10.30,11.47,11.85,1545545,91203,5.9,0,0,0.0,1007,473,49,1.56,3.43,1.11,8.17,2484,4
2026-05-16 20:43:24,3.4,10.72,11.36,11.78,1545545,91242,5.9,0,0,0.0,1007,473,49,1.28,3.37,2.33,9.46,2474,7
2026-05-16 20:44:24,1.4,10.64,11.32,11.75,1545545,91238,5.9,0,0,0.0,1007,473,49,1.32,3.21,3.82,10.99,2463,1
2026-05-16 20:45:24,3.1,10.16,11.03,11.62,1545545,91115,5.9,0,0,0.0,1007,473,49,1.54,3.44,3.45,10.65,2471,20
2026-05-16 20:46:25,1.4,11.77,11.33,11.69,1545545,91096,5.9,0,0,0.0,1007,473,49,2.29,3.28,7.54,14.74,2465,3
2026-05-16 20:47:25,2.7,13.39,11.93,11.87,1545545,91106,5.9,0,0,0.0,1007,473,49,2.14,3.46,9.84,17.20,2468,5
2026-05-16 20:48:25,3.0,11.56,11.67,11.79,1545545,91151,5.9,0,0,0.0,1007,473,49,2.51,3.24,7.94,14.43,2481,8
2026-05-16 20:49:26,3.6,11.45,11.64,11.77,1545545,91163,5.9,0,0,0.0,1007,473,49,2.27,3.20,8.57,16.03,2478,6
2026-05-16 20:50:26,1.3,12.50,11.87,11.84,1545545,91119,5.9,0,0,0.0,1007,473,49,2.05,3.36,9.95,17.10,2476,7
2026-05-16 20:51:26,3.0,13.36,12.13,11.93,1545545,91113,5.9,0,0,0.0,1007,473,49,2.98,3.39,6.35,13.52,2481,7
2026-05-16 20:52:27,1.6,12.64,12.20,11.97,1545545,91157,5.9,0,0,0.0,1007,473,49,1.80,3.34,9.06,16.32,2482,4
2026-05-16 20:53:27,1.2,13.00,12.42,12.06,1545545,91141,5.9,0,0,0.0,1007,473,49,2.16,3.20,5.89,13.30,2484,7
2026-05-16 20:54:27,1.3,11.76,12.19,12.00,1545545,91135,5.9,0,0,0.0,1007,473,49,1.90,3.33,4.45,11.62,2479,3
2026-05-16 20:55:28,3.7,11.83,12.12,11.99,1545545,91162,5.9,0,0,0.0,1007,473,49,2.00,3.25,6.21,13.65,2484,4
2026-05-16 20:56:28,3.3,12.10,12.06,11.97,1545545,91171,5.9,0,0,0.0,1007,473,49,2.24,3.61,3.54,10.68,2485,11
2026-05-16 20:57:28,1.2,11.69,12.06,11.98,1545545,91148,5.9,0,0,0.0,1007,473,49,2.40,3.01,5.09,12.42,2475,3
2026-05-16 20:58:29,3.2,12.06,12.12,12.01,1545545,91187,5.9,0,0,0.0,1007,473,49,2.18,3.38,6.55,14.17,2483,8
2026-05-16 20:59:29,1.5,12.10,12.22,12.06,1545545,91169,5.9,0,0,0.0,1007,473,49,1.50,3.33,5.94,13.31,2475,4
2026-05-16 21:00:29,1.2,10.89,11.87,11.95,1545545,91128,5.9,0,0,0.0,1007,473,49,1.36,3.38,1.08,8.06,2468,3
2026-05-16 21:01:30,3.3,10.95,11.70,11.88,1545545,91155,5.9,0,0,0.0,1007,473,49,1.35,47.43,5.90,13.32,2469,6
2026-05-16 21:02:30,1.2,12.05,11.82,11.90,1545545,91139,5.9,0,0,0.0,1007,473,49,1.38,3.25,8.78,16.04,2476,3
2026-05-16 21:03:30,3.2,12.42,11.91,11.93,1545545,91178,5.9,0,0,0.0,1007,473,49,1.45,3.48,7.41,14.98,2474,4
2026-05-16 21:04:31,2.0,16.28,12.79,12.21,1545545,91159,5.9,0,0,0.0,1007,473,49,3.21,3.27,4.17,11.21,2501,4
2026-05-16 21:05:31,1.6,14.86,13.08,12.35,1545545,91157,5.9,0,0,0.0,1007,473,49,2.06,3.25,7.54,13.98,2508,4
2026-05-16 21:06:31,1.6,13.71,13.13,12.41,1545545,91148,5.9,0,0,0.0,1007,473,49,2.15,3.55,4.38,11.43,2493,6
2026-05-16 21:07:32,3.3,14.33,13.51,12.60,1545545,91196,5.9,0,0,0.0,1007,473,49,1.53,3.32,5.28,12.55,2509,4
2026-05-16 21:08:32,3.2,16.88,14.25,12.90,1545545,91229,5.9,0,0,0.0,1007,473,49,2.09,3.43,6.72,14.16,2490,5
2026-05-16 21:09:32,11.3,16.43,14.68,13.15,1545545,91224,5.9,0,0,0.0,1007,473,49,2.64,3.44,6.20,13.59,2470,4
2026-05-16 21:10:33,1.7,18.02,15.56,13.55,1545545,91196,5.9,0,0,0.0,1007,473,49,1.63,3.29,10.71,18.30,2495,3
2026-05-16 21:11:33,1.3,14.43,15.08,13.52,1545545,91183,5.9,0,0,0.0,1007,473,49,2.17,3.30,1.66,8.61,2493,7
2026-05-16 21:12:33,3.5,17.73,15.53,13.75,1545545,91206,5.9,0,0,0.0,1007,473,49,5.28,3.34,3.60,10.58,2478,7
2026-05-16 21:13:34,3.3,16.65,15.56,13.87,1545545,91235,5.9,0,0,0.0,1007,473,49,1.72,3.48,7.61,14.84,2496,4
2026-05-16 21:14:34,1.4,13.34,14.85,13.73,1545545,91227,5.9,0,0,0.0,1007,473,49,2.87,3.31,5.69,12.41,2494,3
2026-05-16 21:15:34,1.1,11.37,14.02,13.52,1545545,91204,5.9,0,0,0.0,1007,473,49,1.55,3.18,1.06,8.07,2475,1
2026-05-16 21:16:35,3.2,14.89,14.61,13.76,1545545,91235,5.9,0,0,0.0,1007,473,49,2.06,3.44,12.49,19.57,2471,8
2026-05-16 21:17:35,1.2,14.66,14.54,13.78,1545545,91214,5.9,0,0,0.0,1007,473,49,2.23,3.53,5.80,13.16,2480,2
2026-05-16 21:18:36,3.5,15.06,14.62,13.85,1545545,91250,5.9,0,0,0.0,1007,473,49,2.45,3.29,8.16,15.55,2469,5
2026-05-16 21:19:36,1.7,14.72,14.63,13.90,1545545,91264,5.9,0,0,0.0,1007,473,49,2.26,3.30,9.90,17.37,2464,1
2026-05-16 21:20:36,2.7,11.99,13.86,13.68,1545545,91235,5.9,0,0,0.0,1007,473,49,2.85,3.36,1.06,8.09,2490,2
2026-05-16 21:21:37,1.6,13.17,13.89,13.71,1545545,91241,5.9,0,0,0.0,1007,473,49,2.82,3.43,7.05,14.54,2494,2
2026-05-16 21:22:37,1.6,11.50,13.26,13.50,1545545,91098,5.9,0,0,0.0,1007,473,49,1.54,3.54,1.92,9.01,2487,6
2026-05-16 21:23:37,1.2,10.75,12.74,13.31,1545545,91125,5.9,0,0,0.0,1007,473,49,3.28,3.41,1.54,8.64,2506,2
2026-05-16 21:24:38,1.4,17.11,13.93,13.66,1545545,91122,5.9,0,0,0.0,1007,473,49,1.89,3.28,8.14,14.96,2498,2
2026-05-16 21:25:38,1.2,12.72,13.29,13.46,1545545,91102,5.9,0,0,0.0,1007,473,49,1.99,3.01,1.42,8.40,2476,7
2026-05-16 21:26:38,1.2,12.39,13.19,13.42,1545545,91113,5.9,0,0,0.0,1007,473,49,2.80,3.39,3.33,10.40,2469,6
2026-05-16 21:27:39,1.2,11.86,13.03,13.36,1545545,91108,5.9,0,0,0.0,1007,473,49,2.48,3.57,3.13,10.29,2457,3
2026-05-16 21:28:39,3.1,14.73,13.55,13.51,1545545,91161,5.9,0,0,0.0,1007,473,49,2.66,3.44,8.96,16.64,2461,7
2026-05-16 21:29:39,1.5,12.99,13.27,13.41,1545545,91164,5.9,0,0,0.0,1007,473,49,1.90,3.24,2.92,9.99,2470,4
2026-05-16 21:30:40,3.6,11.62,12.80,13.24,1545545,91154,5.9,0,0,0.0,1007,473,49,5.19,3.17,1.49,8.51,2473,6
2026-05-16 21:31:40,1.6,12.66,12.90,13.25,1545545,91132,5.9,0,0,0.0,1007,473,49,2.10,3.46,2.49,9.48,2469,6
2026-05-16 21:32:40,3.4,13.86,13.04,13.26,1545545,91165,5.9,0,0,0.0,1007,473,49,1.91,3.41,5.62,13.07,2480,5
2026-05-16 21:33:41,1.5,11.94,12.62,13.11,1545545,91173,5.9,0,0,0.0,1007,473,49,1.60,3.30,2.26,9.33,2470,3
2026-05-16 21:34:41,1.2,10.84,12.20,12.93,1545545,91140,5.9,0,0,0.0,1007,473,49,1.93,3.38,1.13,8.09,2458,5
2026-05-16 21:35:41,1.4,12.21,12.32,12.92,1545545,91154,5.9,0,0,0.0,1007,473,49,2.64,3.61,9.67,17.30,2469,3
2026-05-16 21:36:42,3.4,11.21,12.01,12.78,1545545,91177,5.9,0,0,0.0,1007,473,49,1.95,3.45,2.65,9.68,2452,10
2026-05-16 21:37:42,1.5,12.60,12.37,12.86,1545545,91140,5.9,0,0,0.0,1007,473,49,3.19,3.69,7.79,15.37,2457,2
2026-05-16 21:38:42,1.8,11.72,12.08,12.72,1545545,91182,5.9,0,0,0.0,1007,473,49,2.20,3.38,2.64,9.84,2462,3
2026-05-16 21:39:43,1.3,11.75,12.01,12.66,1545545,91180,5.9,0,0,0.0,1007,473,49,2.62,3.48,2.92,10.06,2459,4
2026-05-16 21:40:43,1.5,15.74,12.98,12.94,1545545,91166,5.9,0,0,0.0,1007,473,49,3.21,3.22,9.27,16.74,2464,3
2026-05-16 21:41:43,1.8,12.57,12.55,12.79,1545545,91161,5.9,0,0,0.0,1007,473,49,2.75,3.57,2.25,9.26,2471,3
2026-05-16 21:42:44,1.3,12.04,12.43,12.74,1545545,91162,5.9,0,0,0.0,1007,473,49,2.35,3.45,6.39,13.84,2464,5
2026-05-16 21:43:44,1.3,11.01,12.03,12.58,1545545,91198,5.9,0,0,0.0,1007,473,49,3.27,3.41,4.60,11.60,2459,2
2026-05-16 21:44:44,2.9,12.54,12.27,12.63,1545545,91213,5.9,0,0,0.0,1007,473,49,2.69,3.20,6.32,13.58,2467,12
2026-05-16 21:45:45,1.2,11.26,11.96,12.50,1545545,91237,5.9,0,0,0.0,1007,473,49,3.01,3.31,3.81,10.91,2464,3
2026-05-16 21:46:45,1.6,11.14,11.79,12.40,1545545,91225,5.9,0,0,0.0,1007,473,49,3.39,3.55,2.57,9.53,2468,2
2026-05-16 21:47:45,1.2,10.17,11.37,12.22,1545545,91201,5.9,0,0,0.0,1007,473,49,4.03,3.36,2.79,9.94,2475,1
2026-05-16 21:48:46,1.3,10.89,11.44,12.19,1545545,91233,5.9,0,0,0.0,1007,473,49,2.40,3.14,7.31,14.33,2489,6
2026-05-16 21:49:46,2.2,11.33,11.39,12.12,1545545,91227,5.9,0,0,0.0,1007,473,49,1.34,3.34,5.66,12.79,2475,3
2026-05-16 21:50:46,1.2,10.71,11.22,12.02,1545545,91208,5.9,0,0,0.0,1007,473,49,2.29,3.33,3.07,10.10,2462,2
2026-05-16 21:51:47,1.4,12.85,11.81,12.17,1545545,91209,5.9,0,0,0.0,1007,473,49,1.56,3.24,6.96,14.34,2470,3
2026-05-16 21:52:47,1.4,11.48,11.59,12.07,1545545,91232,5.9,0,0,0.0,1007,473,49,1.95,3.32,3.83,10.88,2470,1
2026-05-16 21:53:47,2.8,12.27,11.81,12.12,1545545,91265,5.9,0,0,0.0,1007,473,49,1.52,3.31,11.46,18.72,2463,11
2026-05-16 21:54:48,3.2,11.55,11.63,12.03,1545545,91277,5.9,0,0,0.0,1007,473,49,1.43,3.50,4.40,11.55,2478,4
2026-05-16 21:55:48,3.0,11.75,11.68,12.02,1545545,91239,5.9,0,0,0.0,1007,473,49,1.76,3.19,6.48,13.86,2469,4
2026-05-16 21:56:48,1.3,10.38,11.33,11.88,1545545,91236,5.9,0,0,0.0,1007,473,49,1.56,3.38,4.11,11.21,2466,3
2026-05-16 21:57:49,1.3,10.38,11.14,11.78,1545545,91257,5.9,0,0,0.0,1007,473,49,2.96,3.41,3.80,10.91,2467,3
2026-05-16 21:58:49,1.1,12.86,11.61,11.89,1545545,91260,5.9,0,0,0.0,1007,473,49,1.78,3.41,6.05,13.32,2459,5
2026-05-16 21:59:49,1.2,12.05,11.52,11.84,1545545,91230,5.9,0,0,0.0,1007,473,49,1.48,3.16,6.65,14.31,2453,1
2026-05-16 22:00:50,2.8,13.47,11.85,11.92,1545545,91130,5.9,0,0,0.0,1007,473,49,1.72,3.44,4.38,11.67,2468,5
2026-05-16 22:01:50,3.2,13.51,12.08,11.99,1545545,91133,5.9,0,0,0.0,1007,473,49,2.61,49.79,3.57,10.69,2465,4
2026-05-16 22:02:50,1.1,12.62,12.20,12.05,1545545,91109,5.9,0,0,0.0,1007,473,49,4.41,3.20,5.74,12.95,2478,3
2026-05-16 22:03:51,2.8,10.82,11.75,11.90,1545545,91169,5.9,0,0,0.0,1007,473,49,1.58,3.40,2.92,10.02,2479,4
2026-05-16 22:04:51,3.0,11.40,11.66,11.86,1545545,91146,5.9,0,0,0.0,1007,473,49,2.23,3.56,3.32,10.52,2482,9
2026-05-16 22:05:51,1.5,10.36,11.31,11.72,1545545,91113,5.9,0,0,0.0,1007,473,49,2.48,2.93,1.60,8.75,2486,1
2026-05-16 22:06:52,1.6,10.70,11.18,11.64,1545545,91119,5.9,0,0,0.0,1007,473,49,1.91,3.16,4.00,11.20,2481,1
2026-05-16 22:07:52,1.5,11.52,11.39,11.69,1545545,91145,5.9,0,0,0.0,1007,473,49,2.23,3.53,8.20,15.70,2469,1
2026-05-16 22:08:52,1.1,10.75,11.22,11.62,1545545,91151,5.9,0,0,0.0,1007,473,49,1.91,3.38,1.96,8.93,2464,5
2026-05-16 22:09:53,3.4,13.78,11.91,11.82,1545545,91157,5.9,0,0,0.0,1007,473,49,1.54,3.34,6.84,14.34,2466,10
2026-05-16 22:10:53,2.9,12.63,12.05,11.88,1545545,91152,5.9,0,0,0.0,1007,473,49,1.18,3.22,6.52,13.87,2465,3
2026-05-16 22:11:53,1.5,11.44,11.85,11.83,1545545,91155,5.9,0,0,0.0,1007,473,49,1.89,3.45,3.69,10.86,2470,3
2026-05-16 22:12:54,3.2,11.05,11.70,11.78,1545545,91173,5.9,0,0,0.0,1007,473,49,1.59,3.33,4.30,11.51,2477,8
2026-05-16 22:13:54,3.3,11.13,11.61,11.74,1545545,91181,5.9,0,0,0.0,1007,473,49,1.71,3.34,8.27,15.16,2478,6
2026-05-16 22:14:54,1.1,10.78,11.42,11.67,1545545,91144,5.9,0,0,0.0,1007,473,49,2.23,3.32,5.41,12.80,2461,6
2026-05-16 22:15:55,1.3,9.89,11.07,11.53,1545545,91154,5.9,0,0,0.0,1007,473,49,2.48,3.32,1.80,8.83,2467,2
2026-05-16 22:16:55,1.3,9.94,10.88,11.44,1545545,91160,5.9,0,0,0.0,1007,473,49,3.09,3.33,1.44,8.39,2469,2
2026-05-16 22:17:55,3.4,10.92,10.93,11.42,1545545,91199,5.9,0,0,0.0,1007,473,49,2.00,3.48,9.71,17.22,2477,7
2026-05-16 22:18:56,1.3,11.72,11.26,11.50,1545545,91191,5.9,0,0,0.0,1007,473,49,3.74,3.20,6.96,14.14,2488,2
2026-05-16 22:19:56,3.5,11.61,11.30,11.50,1545545,91193,5.9,0,0,0.0,1007,473,49,2.43,3.47,4.48,11.78,2490,6
2026-05-16 22:20:56,2.1,12.18,11.52,11.56,1545545,91186,5.9,0,0,0.0,1007,473,49,2.16,2.95,9.58,16.74,2481,1
2026-05-16 22:21:57,1.3,11.05,11.35,11.50,1545545,91174,5.9,0,0,0.0,1007,473,49,1.69,3.30,1.42,8.42,2481,2
2026-05-16 22:22:57,1.9,10.28,11.06,11.39,1545545,91225,5.9,0,0,0.0,1007,473,49,1.52,3.28,1.82,8.77,2468,2
2026-05-16 22:23:57,1.2,9.78,10.80,11.28,1545545,91234,5.9,0,0,0.0,1007,473,49,1.62,3.34,4.02,10.94,2466,2
2026-05-16 22:24:58,1.3,9.80,10.66,11.20,1545545,91196,5.9,0,0,0.0,1007,473,49,1.47,3.58,4.63,11.82,2469,5
2026-05-16 22:25:58,9.0,10.20,10.58,11.14,1545545,91223,5.9,0,0,0.0,1007,473,49,1.78,3.17,2.94,10.05,2470,12
2026-05-16 22:26:58,1.4,11.04,10.83,11.19,1545545,91205,5.9,0,0,0.0,1007,473,49,2.74,3.48,6.85,13.81,2476,2
2026-05-16 22:27:59,2.4,11.58,11.01,11.23,1545545,91254,5.9,0,0,0.0,1007,473,49,2.40,3.31,11.55,17.87,2482,6
2026-05-16 22:28:59,1.1,10.33,10.78,11.14,1545545,91236,5.9,0,0,0.0,1007,473,49,2.35,3.45,3.41,10.13,2478,4
2026-05-16 22:29:59,1.3,13.34,11.59,11.39,1545545,91212,5.9,0,0,0.0,1007,473,49,2.40,3.16,5.94,13.45,2485,1
2026-05-16 22:31:00,1.1,11.27,11.34,11.32,1545545,91215,5.9,0,0,0.0,1007,473,49,1.61,3.21,4.00,11.21,2491,1
2026-05-16 22:32:00,3.5,11.11,11.24,11.28,1545545,91245,5.9,0,0,0.0,1007,473,49,2.53,3.37,4.47,11.52,2476,5
2026-05-16 22:33:00,1.2,12.40,11.60,11.41,1545545,91249,5.9,0,0,0.0,1007,473,49,2.32,3.20,9.20,16.33,2478,1
2026-05-16 22:34:01,2.0,14.07,12.36,11.69,1545545,91269,5.9,0,0,0.0,1007,473,49,2.31,3.36,12.19,20.09,2470,7
2026-05-16 22:35:01,3.1,13.19,12.37,11.73,1545545,91259,5.9,0,0,0.0,1007,473,49,2.66,3.09,13.05,19.46,2471,6
2026-05-16 22:36:01,1.9,12.51,12.39,11.79,1545545,91238,5.9,0,0,0.0,1007,473,49,2.35,3.51,6.00,13.17,2465,1
2026-05-16 22:37:02,3.6,13.50,12.61,11.90,1545545,91262,5.9,0,0,0.0,1007,473,49,2.42,3.27,4.79,12.14,2473,7
2026-05-16 22:38:02,1.2,11.67,12.28,11.83,1545545,91249,5.9,0,0,0.0,1007,473,49,1.77,3.23,8.74,15.04,2461,4
2026-05-16 22:39:02,3.1,10.63,11.85,11.71,1545545,91157,5.9,0,0,0.0,1007,473,49,2.24,3.43,4.38,11.69,2460,5
2026-05-16 22:40:03,3.1,11.50,11.88,11.73,1545545,91139,5.9,0,0,0.0,1007,473,49,2.45,3.32,7.58,15.07,2452,9
2026-05-16 22:41:03,1.3,11.74,11.86,11.73,1545545,91125,5.9,0,0,0.0,1007,473,49,1.43,3.31,6.06,13.43,2466,5
2026-05-16 22:42:03,3.7,12.30,12.00,11.78,1545545,91155,5.9,0,0,0.0,1007,473,49,3.40,3.49,8.43,16.08,2462,6
2026-05-16 22:43:04,2.0,12.71,12.19,11.87,1545545,91175,5.9,0,0,0.0,1007,473,49,2.37,3.29,13.88,19.83,2463,2
2026-05-16 22:44:04,3.4,13.63,12.58,12.02,1545545,91180,5.9,0,0,0.0,1007,473,49,3.12,3.23,6.61,14.06,2470,4
2026-05-16 22:45:04,1.6,13.31,12.68,12.09,1545545,91129,5.9,0,0,0.0,1007,473,49,1.79,3.34,8.17,15.36,2470,5
2026-05-16 22:46:05,3.1,11.71,12.36,12.02,1545545,91165,5.9,0,0,0.0,1007,473,49,2.36,3.39,3.33,10.49,2447,5
2026-05-16 22:47:05,1.7,11.42,12.18,11.98,1545545,91154,5.9,0,0,0.0,1007,473,49,3.35,3.55,5.90,13.07,2456,6
2026-05-16 22:48:05,1.5,10.85,11.89,11.89,1545545,91178,5.9,0,0,0.0,1007,473,49,1.95,3.04,1.43,8.44,2452,4
2026-05-16 22:49:06,2.3,11.81,11.99,11.93,1545545,91214,5.9,0,0,0.0,1007,473,49,1.84,3.46,8.07,14.70,2466,5
2026-05-16 22:50:06,1.5,10.90,11.71,11.83,1545545,91165,5.9,0,0,0.0,1007,473,49,1.37,3.41,5.48,12.49,2482,4
2026-05-16 22:51:06,3.2,12.76,12.05,11.94,1545545,91192,5.9,0,0,0.0,1007,473,49,1.59,3.32,5.68,13.12,2481,8
2026-05-16 22:52:07,3.2,18.27,13.66,12.49,1545545,91189,5.9,0,0,0.0,1007,473,49,2.48,3.13,10.81,17.44,2470,15
2026-05-16 22:53:07,3.3,22.62,15.63,13.24,1545545,91224,5.9,0,0,0.0,1007,473,49,2.78,3.12,10.30,17.80,2483,7
2026-05-16 22:54:07,1.5,18.10,15.73,13.44,1545545,91214,5.9,0,0,0.0,1007,473,49,2.91,3.17,7.09,13.77,2477,3
2026-05-16 22:55:08,3.3,17.10,15.72,13.57,1545545,91195,5.9,0,0,0.0,1007,473,49,2.45,3.29,3.54,10.66,2468,7
2026-05-16 22:56:08,1.2,14.61,15.33,13.57,1545545,91197,5.9,0,0,0.0,1007,473,49,3.05,3.30,6.28,13.42,2472,5
2026-05-16 22:57:08,3.2,19.82,16.67,14.14,1545545,91225,5.9,0,0,0.0,1007,473,49,2.44,3.48,8.00,15.23,2481,5
2026-05-16 22:58:09,1.5,15.84,16.25,14.16,1545545,91218,5.9,0,0,0.0,1007,473,49,1.61,3.30,8.20,15.42,2477,9
2026-05-16 22:59:09,1.6,14.98,15.93,14.18,1545545,91222,5.9,0,0,0.0,1007,473,49,2.50,3.11,1.27,8.25,2476,5
2026-05-16 23:00:09,3.1,16.19,15.94,14.29,1545545,91225,5.9,0,0,0.0,1007,473,49,3.52,3.41,6.34,13.89,2478,8
2026-05-16 23:01:10,3.1,13.53,15.19,14.13,1545545,91215,5.9,0,0,0.0,1007,473,49,2.17,47.77,4.19,11.38,2477,5
2026-05-16 23:02:10,1.9,12.43,14.63,14.00,1545545,91233,5.9,0,0,0.0,1007,473,49,3.12,3.33,4.92,12.19,2469,1
2026-05-16 23:03:10,1.1,13.42,14.70,14.08,1545545,91243,5.9,0,0,0.0,1007,473,49,2.43,3.09,7.62,14.75,2467,2
2026-05-16 23:04:11,1.4,11.87,14.00,13.88,1545545,91254,5.9,0,0,0.0,1007,473,49,2.58,3.35,1.20,8.08,2471,1
2026-05-16 23:05:11,3.0,11.32,13.45,13.69,1545545,91264,5.9,0,0,0.0,1007,473,49,2.39,3.62,6.13,13.35,2472,5
2026-05-16 23:06:11,3.1,10.79,12.90,13.49,1545545,91268,5.9,0,0,0.0,1007,473,49,2.05,3.20,3.85,10.99,2478,8
2026-05-16 23:07:12,1.2,13.26,13.46,13.66,1545545,91241,5.9,0,0,0.0,1007,473,49,2.76,3.49,8.02,15.62,2483,5
2026-05-16 23:08:12,1.7,15.14,13.85,13.77,1545545,91261,5.9,0,0,0.0,1007,473,49,3.76,3.37,5.53,12.78,2485,6
2026-05-16 23:09:12,1.5,13.14,13.55,13.67,1545545,91258,5.9,0,0,0.0,1007,473,49,2.13,3.35,7.49,14.26,2468,6
2026-05-16 23:10:13,3.3,12.80,13.32,13.58,1545545,91259,5.9,0,0,0.0,1007,473,49,1.60,3.14,8.95,16.20,2466,3
2026-05-16 23:11:13,1.3,13.42,13.44,13.60,1545545,91252,5.9,0,0,0.0,1007,473,49,2.32,3.29,8.91,16.42,2476,2
2026-05-16 23:12:13,3.2,12.22,13.14,13.49,1545545,91289,5.9,0,0,0.0,1007,473,49,3.57,3.12,3.50,10.56,2472,7
2026-05-16 23:13:14,3.4,14.85,13.56,13.61,1545545,91291,5.9,0,0,0.0,1007,473,49,5.37,3.16,8.24,15.67,2461,4
2026-05-16 23:14:14,1.3,14.30,13.71,13.66,1545545,91276,5.9,0,0,0.0,1007,473,49,2.32,3.24,4.53,11.73,2464,8
2026-05-16 23:15:14,3.3,16.87,14.50,13.93,1545545,91270,5.9,0,0,0.0,1007,473,49,3.82,3.48,9.44,17.20,2453,7
2026-05-16 23:16:15,3.1,16.33,14.76,14.06,1545545,91280,5.9,0,0,0.0,1007,473,49,1.84,3.34,9.78,17.29,2445,3
2026-05-16 23:17:15,3.4,13.69,14.25,13.92,1545545,91161,5.9,0,0,0.0,1007,473,49,2.23,3.31,3.79,10.72,2453,7
2026-05-16 23:18:15,2.8,11.93,13.65,13.73,1545545,91190,5.9,0,0,0.0,1007,473,49,3.69,3.30,2.01,9.02,2463,6
2026-05-16 23:19:16,2.9,11.44,13.16,13.56,1545545,91198,5.9,0,0,0.0,1007,473,49,2.32,3.45,4.35,11.21,2477,8
2026-05-16 23:20:16,3.0,10.71,12.68,13.37,1545545,91163,5.9,0,0,0.0,1007,473,49,3.33,3.54,3.38,10.34,2481,6
2026-05-16 23:21:16,3.0,11.55,12.50,13.26,1545545,91174,5.9,0,0,0.0,1007,473,49,3.29,3.15,6.79,13.90,2478,3
2026-05-16 23:22:17,1.3,11.69,12.44,13.19,1545545,91154,5.9,0,0,0.0,1007,473,49,2.45,3.37,4.36,11.29,2482,1
2026-05-16 23:23:17,2.4,11.07,12.14,13.04,1545545,91177,5.9,0,0,0.0,1007,473,49,1.97,3.30,1.06,8.03,2485,6
2026-05-16 23:24:17,3.3,11.66,12.02,12.94,1545545,91214,5.9,0,0,0.0,1007,473,49,2.85,3.25,3.35,10.32,2481,4
2026-05-16 23:25:18,2.2,13.05,12.54,13.07,1545545,91181,5.9,0,0,0.0,1007,473,49,1.96,3.32,7.80,15.03,2487,3
2026-05-16 23:26:18,3.1,10.81,11.98,12.84,1545545,91198,5.9,0,0,0.0,1007,473,49,1.71,3.06,2.45,9.55,2492,7
2026-05-16 23:27:18,3.2,12.90,12.42,12.94,1545545,91190,5.9,0,0,0.0,1007,473,49,2.95,3.38,9.02,16.44,2477,4
2026-05-16 23:28:19,1.5,11.54,12.14,12.81,1545545,91224,5.9,0,0,0.0,1007,473,49,2.87,3.21,3.13,10.27,2467,1
2026-05-16 23:29:19,1.3,11.62,12.04,12.73,1545545,91232,5.9,0,0,0.0,1007,473,49,2.08,3.18,3.31,10.39,2470,2
2026-05-16 23:30:19,3.2,13.53,12.43,12.81,1545545,91218,5.9,0,0,0.0,1007,473,49,2.77,3.55,5.09,12.29,2462,6
2026-05-16 23:31:20,1.6,11.98,12.21,12.71,1545545,91218,5.9,0,0,0.0,1007,473,49,2.22,3.22,2.25,9.46,2466,1
2026-05-16 23:32:20,1.2,11.07,11.93,12.59,1545545,91206,5.9,0,0,0.0,1007,473,49,3.02,3.20,2.19,9.21,2471,4
2026-05-16 23:33:20,1.3,12.14,12.10,12.60,1545545,91228,5.9,0,0,0.0,1007,473,49,3.28,3.36,4.76,12.07,2486,1
2026-05-16 23:34:21,1.7,11.60,11.95,12.52,1545545,91231,5.9,0,0,0.0,1007,473,49,2.16,3.28,5.18,12.45,2472,3
2026-05-16 23:35:21,3.2,11.44,11.77,12.42,1545545,91252,5.9,0,0,0.0,1007,473,49,2.85,3.67,3.25,10.39,2476,3
2026-05-16 23:36:21,3.4,13.23,12.14,12.50,1545545,91238,5.9,0,0,0.0,1007,473,49,1.28,3.45,9.61,16.56,2486,9
2026-05-16 23:37:22,1.1,13.00,12.42,12.58,1545545,91194,5.9,0,0,0.0,1007,473,49,1.85,3.50,5.25,12.53,2480,3
2026-05-16 23:38:22,3.3,12.38,12.32,12.54,1545545,91263,5.9,0,0,0.0,1007,473,49,2.04,3.21,8.26,15.82,2469,9
2026-05-16 23:39:22,1.2,12.91,12.57,12.61,1545545,91255,5.9,0,0,0.0,1007,473,49,2.52,3.32,5.88,13.05,2477,4
2026-05-16 23:40:23,1.3,11.16,12.09,12.44,1545545,91277,5.9,0,0,0.0,1007,473,49,2.64,3.26,1.99,9.07,2478,1
2026-05-16 23:41:23,1.6,12.88,12.29,12.48,1545545,91272,5.9,0,0,0.0,1007,473,49,2.09,3.52,6.39,13.35,2463,4
2026-05-16 23:42:23,3.5,12.38,12.29,12.47,1545545,91277,5.9,0,0,0.0,1007,473,49,2.20,3.32,10.46,17.06,2465,6
2026-05-16 23:43:24,1.4,11.93,12.33,12.48,1545545,91275,5.9,0,0,0.0,1007,473,49,3.00,3.14,4.33,11.09,2478,1
2026-05-16 23:44:24,1.8,21.10,14.55,13.21,1545545,91312,5.9,0,0,0.0,1007,473,49,2.84,3.18,5.85,13.23,2473,6
2026-05-16 23:45:24,3.2,17.60,14.68,13.34,1545545,91277,5.9,0,0,0.0,1007,473,49,3.96,3.02,6.42,13.92,2467,5
2026-05-16 23:46:25,1.5,16.74,15.08,13.57,1545545,91251,5.9,0,0,0.0,1007,473,49,3.56,3.58,9.48,16.89,2486,6
2026-05-16 23:47:25,3.4,13.26,14.34,13.41,1545545,91276,5.9,0,0,0.0,1007,473,49,2.57,3.26,4.49,11.75,2491,7
2026-05-16 23:48:25,1.2,12.02,13.77,13.27,1545545,91296,5.9,0,0,0.0,1007,473,49,2.83,3.21,5.02,12.38,2491,6
2026-05-16 23:49:26,1.4,12.85,13.77,13.31,1545545,91318,5.9,0,0,0.0,1007,473,49,2.49,3.45,8.44,15.40,2501,5
2026-05-16 23:50:26,1.3,11.06,13.07,13.09,1545545,91288,5.9,0,0,0.0,1007,473,49,2.85,3.28,2.75,9.85,2500,2
2026-05-16 23:51:26,1.4,11.19,12.69,12.96,1545545,91286,5.9,0,0,0.0,1007,473,49,3.63,3.52,3.35,10.78,2479,2
2026-05-16 23:52:27,3.4,12.73,12.74,12.95,1545545,91285,5.9,0,0,0.0,1007,473,49,2.39,3.25,6.14,13.58,2483,5
2026-05-16 23:53:27,1.3,11.08,12.28,12.78,1545545,91293,5.9,0,0,0.0,1007,473,49,2.00,3.35,5.23,11.74,2472,6
2026-05-16 23:54:27,2.9,12.34,12.48,12.82,1545545,91317,5.9,0,0,0.0,1007,473,49,1.67,3.26,9.67,17.29,2467,8
2026-05-16 23:55:28,3.4,13.17,12.69,12.87,1545545,91169,5.9,0,0,0.0,1007,473,49,2.46,3.38,10.40,17.64,2480,3
2026-05-16 23:56:28,1.3,12.45,12.55,12.81,1545545,91169,5.9,0,0,0.0,1007,473,49,1.81,3.55,1.61,8.60,2481,2
2026-05-16 23:57:28,1.4,13.06,12.71,12.85,1545545,91172,5.9,0,0,0.0,1007,473,49,1.77,3.43,6.24,13.70,2469,1
2026-05-16 23:58:29,1.3,11.09,12.23,12.67,1545545,91185,5.9,0,0,0.0,1007,473,49,2.87,3.16,1.06,7.95,2486,3
2026-05-16 23:59:29,1.4,12.59,12.29,12.65,1545545,91225,5.9,0,0,0.0,1007,473,49,1.42,3.24,6.23,13.69,2501,2
2026-05-17 00:00:29,1.2,11.16,11.92,12.50,1545545,91173,5.9,0,0,0.0,1007,473,49,3.79,3.62,2.38,9.51,2477,7
2026-05-17 00:01:30,1.5,10.70,11.64,12.37,1545545,91177,5.9,0,0,0.0,1007,473,49,1.82,47.82,1.52,8.47,2495,2
2026-05-17 00:02:30,3.2,10.71,11.43,12.24,1545545,91204,5.9,0,0,0.0,1007,473,49,2.98,3.06,4.52,11.88,2496,8
2026-05-17 00:03:30,1.8,11.72,11.69,12.29,1545545,91209,5.9,0,0,0.0,1007,473,49,3.21,3.19,1.69,8.73,2483,4
2026-05-17 00:04:31,2.4,12.28,11.87,12.31,1545545,91243,5.9,0,0,0.0,1007,473,49,1.96,3.28,8.85,15.49,2493,3
2026-05-17 00:05:31,1.2,12.05,11.88,12.28,1545545,91201,5.9,0,0,0.0,1007,473,49,2.52,3.23,3.03,9.84,2488,2
2026-05-17 00:06:31,3.4,13.28,12.35,12.42,1545545,91223,5.9,0,0,0.0,1007,473,49,3.23,3.48,9.46,16.60,2476,5
2026-05-17 00:07:32,3.0,11.46,11.99,12.30,1545545,91231,5.9,0,0,0.0,1007,473,49,2.67,3.43,3.95,11.23,2472,3
2026-05-17 00:08:32,3.0,11.78,11.98,12.27,1545545,91254,5.9,0,0,0.0,1007,473,49,3.14,3.23,6.17,13.52,2496,20
2026-05-17 00:09:32,3.4,11.93,12.01,12.26,1545545,91254,5.9,0,0,0.0,1007,473,49,3.60,3.32,11.04,17.54,2473,7
2026-05-17 00:10:33,2.9,12.96,12.31,12.35,1545545,91225,5.9,0,0,0.0,1007,473,49,3.45,3.27,10.11,17.45,2475,10
2026-05-17 00:11:33,3.1,11.50,11.97,12.23,1545545,91235,5.9,0,0,0.0,1007,473,49,1.65,3.59,4.36,11.41,2491,10
2026-05-17 00:12:33,1.8,12.17,12.07,12.25,1545545,91210,5.9,0,0,0.0,1007,473,49,1.85,3.32,9.69,17.16,2479,1
2026-05-17 00:13:34,1.2,10.55,11.61,12.08,1545545,91242,5.9,0,0,0.0,1007,473,49,2.22,2.84,1.11,7.99,2469,4
2026-05-17 00:14:34,1.3,10.69,11.43,11.98,1545545,91240,5.9,0,0,0.0,1007,473,49,2.45,3.25,2.17,9.20,2487,3
2026-05-17 00:15:34,3.4,12.05,11.59,12.00,1545545,91234,5.9,0,0,0.0,1007,473,49,2.78,3.51,3.94,11.16,2489,7
2026-05-17 00:16:35,1.7,11.61,11.59,11.98,1545545,91218,5.9,0,0,0.0,1007,473,49,2.93,3.27,5.97,13.10,2486,2
2026-05-17 00:17:35,1.4,11.64,11.53,11.93,1545545,91214,5.9,0,0,0.0,1007,473,49,4.32,3.47,3.38,10.59,2487,1
2026-05-17 00:18:35,1.6,12.47,11.76,11.98,1545545,91265,5.9,0,0,0.0,1007,473,49,2.47,3.26,4.05,11.31,2474,1
2026-05-17 00:19:36,3.7,11.54,11.63,11.92,1545545,91307,5.9,0,0,0.0,1007,473,49,3.63,3.45,3.06,10.19,2476,6
2026-05-17 00:20:36,1.3,12.21,11.85,11.98,1545545,91277,5.9,0,0,0.0,1007,473,49,2.45,3.18,6.65,13.91,2486,7
2026-05-17 00:21:36,1.2,9.85,11.25,11.77,1545545,91239,5.9,0,0,0.0,1007,473,49,2.36,3.44,1.62,8.70,2470,4
2026-05-17 00:22:37,1.5,11.14,11.34,11.76,1545545,91286,5.9,0,0,0.0,1007,473,49,2.24,3.44,6.77,14.21,2475,2
2026-05-17 00:23:37,1.3,11.03,11.23,11.69,1545545,91292,5.9,0,0,0.0,1007,473,49,2.10,3.29,3.34,10.35,2483,5
2026-05-17 00:24:37,3.0,13.94,11.96,11.91,1545545,91319,5.9,0,0,0.0,1007,473,49,2.19,3.12,9.00,16.49,2472,7
2026-05-17 00:25:38,3.2,11.40,11.60,11.79,1545545,91260,5.9,0,0,0.0,1007,473,49,2.28,3.30,2.49,9.51,2467,2
2026-05-17 00:26:38,2.1,11.61,11.57,11.76,1545545,91272,5.9,0,0,0.0,1007,473,49,2.48,3.48,2.14,9.22,2453,7
2026-05-17 00:27:38,3.5,11.74,11.59,11.76,1545545,91295,5.9,0,0,0.0,1007,473,49,2.87,3.36,7.25,14.75,2457,7
2026-05-17 00:28:39,3.6,14.67,12.68,12.14,1545545,91320,5.9,0,0,0.0,1007,473,49,3.15,3.27,9.83,17.28,2468,17
2026-05-17 00:29:39,1.3,12.38,12.39,12.07,1545545,91294,5.9,0,0,0.0,1007,473,49,2.51,3.25,4.81,12.02,2458,8
2026-05-17 00:30:39,3.3,12.03,12.31,12.06,1545545,91312,5.9,0,0,0.0,1007,473,49,2.22,3.41,4.39,11.72,2466,4
2026-05-17 00:31:40,1.7,11.27,12.03,11.98,1545545,91281,5.9,0,0,0.0,1007,473,49,5.20,2.84,3.43,10.62,2475,1
2026-05-17 00:32:40,1.2,10.67,11.73,11.88,1545545,91271,5.9,0,0,0.0,1007,473,49,2.77,3.29,1.16,8.22,2468,1
2026-05-17 00:33:40,3.1,10.51,11.52,11.80,1545545,91206,5.9,0,0,0.0,1007,473,49,3.24,3.29,6.40,13.33,2465,11
2026-05-17 00:34:41,1.3,10.16,11.22,11.68,1545545,91186,5.9,0,0,0.0,1007,473,49,2.62,3.41,2.31,9.30,2467,1
2026-05-17 00:35:41,1.6,11.39,11.32,11.68,1545545,91170,5.9,0,0,0.0,1007,473,49,2.19,3.41,5.20,12.53,2470,5
2026-05-17 00:36:41,1.3,15.14,12.48,12.06,1545545,91154,5.9,0,0,0.0,1007,473,49,1.69,3.46,5.68,13.11,2461,2
2026-05-17 00:37:42,1.3,15.08,12.91,12.23,1545545,91202,5.9,0,0,0.0,1007,473,49,1.67,3.60,9.25,17.04,2466,1
2026-05-17 00:38:42,3.2,16.83,13.67,12.52,1545545,91219,5.9,0,0,0.0,1007,473,49,2.71,3.23,5.41,12.69,2463,6
2026-05-17 00:39:43,1.2,15.64,14.23,12.81,1545545,91206,5.9,0,0,0.0,1007,473,49,3.17,3.28,11.68,18.10,2465,7
2026-05-17 00:40:43,1.7,15.80,14.47,12.98,1545545,91210,5.9,0,0,0.0,1007,473,49,2.87,3.33,3.65,10.80,2474,2
2026-05-17 00:41:43,1.3,12.73,13.95,12.90,1545545,91183,5.9,0,0,0.0,1007,473,49,4.74,3.45,1.69,8.61,2475,13
2026-05-17 00:42:44,3.2,13.65,13.87,12.93,1545545,91228,5.9,0,0,0.0,1007,473,49,3.20,3.36,3.06,10.40,2479,7
2026-05-17 00:43:44,3.2,17.29,14.61,13.23,1545545,91238,5.9,0,0,0.0,1007,473,49,3.92,3.37,4.92,12.19,2472,5
2026-05-17 00:44:44,1.6,22.02,16.69,14.04,1545545,91254,5.9,0,0,0.0,1007,473,49,4.23,3.39,9.22,15.75,2465,12
2026-05-17 00:45:45,1.4,14.67,15.56,13.82,1545545,91201,5.9,0,0,0.0,1007,473,49,2.10,2.86,1.06,8.06,2453,2
2026-05-17 00:46:45,1.5,12.46,14.77,13.66,1545545,91200,5.9,0,0,0.0,1007,473,49,2.12,3.50,2.02,9.03,2459,8
2026-05-17 00:47:45,1.3,12.39,14.27,13.55,1545545,91225,5.9,0,0,0.0,1007,473,49,2.52,3.48,6.18,13.36,2462,4
2026-05-17 00:48:46,1.9,13.71,14.20,13.56,1545545,91254,5.9,0,0,0.0,1007,473,49,3.02,3.38,5.56,13.00,2466,5
2026-05-17 00:49:46,1.6,11.62,13.51,13.36,1545545,91232,5.9,0,0,0.0,1007,473,49,1.76,3.31,2.08,9.09,2474,4
2026-05-17 00:50:46,2.1,12.47,13.46,13.36,1545545,91206,5.9,0,0,0.0,1007,473,49,2.36,3.18,6.23,13.69,2465,6
2026-05-17 00:51:47,2.8,13.83,13.71,13.45,1545545,91236,5.9,0,0,0.0,1007,473,49,2.20,3.52,6.31,13.75,2453,6
2026-05-17 00:52:47,1.5,12.23,13.32,13.33,1545545,91208,5.9,0,0,0.0,1007,473,49,2.01,3.38,7.05,14.27,2465,2
2026-05-17 00:53:47,1.3,14.68,13.59,13.41,1545545,91266,5.9,0,0,0.0,1007,473,49,3.44,3.14,4.41,11.59,2471,6
2026-05-17 00:54:48,1.1,15.09,14.16,13.63,1545545,91246,5.9,0,0,0.0,1007,473,49,1.98,3.41,1.05,8.08,2478,2
2026-05-17 00:55:48,4.0,13.64,13.85,13.55,1545545,91252,5.9,0,0,0.0,1007,473,49,1.64,3.32,4.54,11.69,2486,4
2026-05-17 00:56:48,1.1,12.04,13.38,13.41,1545545,91261,5.9,0,0,0.0,1007,473,49,3.00,3.53,5.27,12.53,2489,2
2026-05-17 00:57:49,1.4,14.39,13.78,13.54,1545545,91280,5.9,0,0,0.0,1007,473,49,3.06,3.32,7.97,14.67,2468,5
2026-05-17 00:58:49,1.2,13.32,13.54,13.47,1545545,91298,5.9,0,0,0.0,1007,473,49,1.33,3.40,1.52,8.52,2465,3
2026-05-17 00:59:49,1.2,13.04,13.39,13.42,1545545,91296,5.9,0,0,0.0,1007,473,49,1.77,3.15,1.06,7.98,2459,4
2026-05-17 01:00:50,1.2,13.16,13.31,13.39,1545545,91266,5.9,0,0,0.0,1007,473,49,2.16,3.44,5.88,13.28,2472,3
2026-05-17 01:01:50,1.6,11.50,12.80,13.20,1545545,91260,5.9,0,0,0.0,1007,473,49,3.31,49.71,4.59,11.85,2466,4
2026-05-17 01:02:50,1.1,10.35,12.25,12.99,1545545,91265,5.9,0,0,0.0,1007,473,49,3.51,3.33,1.13,8.10,2468,1
2026-05-17 01:03:51,1.4,10.70,12.01,12.86,1545545,91292,5.9,0,0,0.0,1007,473,49,3.66,3.23,1.13,8.17,2458,2
2026-05-17 01:04:51,1.4,11.76,12.09,12.83,1545545,91316,5.9,0,0,0.0,1007,473,49,4.20,3.17,9.24,16.77,2460,2
2026-05-17 01:05:51,1.5,11.77,12.03,12.77,1545545,91287,5.9,0,0,0.0,1007,473,49,2.01,3.33,4.77,12.12,2443,1
2026-05-17 01:06:52,3.0,13.07,12.35,12.83,1545545,91300,5.9,0,0,0.0,1007,473,49,2.38,3.54,8.93,16.17,2446,5
2026-05-17 01:07:52,3.4,14.40,12.86,12.97,1545545,91305,5.9,0,0,0.0,1007,473,49,2.32,3.40,11.73,18.67,2459,8
2026-05-17 01:08:52,1.3,12.88,12.71,12.91,1545545,91262,5.9,0,0,0.0,1007,473,49,2.20,3.31,8.93,15.67,2474,8
2026-05-17 01:09:53,3.3,13.11,12.75,12.91,1545545,91229,5.9,0,0,0.0,1007,473,49,3.46,3.34,5.78,12.67,2482,5
2026-05-17 01:10:53,1.4,12.43,12.64,12.87,1545545,91303,5.9,0,0,0.0,1007,473,49,2.07,3.11,12.33,18.63,2488,3
2026-05-17 01:11:53,1.3,11.72,12.40,12.77,1545545,91143,5.9,0,0,0.0,1007,473,49,3.02,3.52,1.30,8.20,2498,2
2026-05-17 01:12:54,3.9,11.42,12.21,12.68,1545545,91174,5.9,0,0,0.0,1007,473,49,3.96,3.38,8.16,15.68,2488,7
2026-05-17 01:13:54,1.1,10.97,11.98,12.57,1545545,91183,5.9,0,0,0.0,1007,473,49,4.03,2.91,6.69,13.57,2483,5
2026-05-17 01:14:54,1.3,10.31,11.61,12.41,1545545,91134,5.9,0,0,0.0,1007,473,49,3.67,3.29,2.19,9.22,2478,6
2026-05-17 01:15:55,1.3,10.28,11.41,12.29,1545545,91087,5.9,0,0,0.0,1007,473,49,2.96,3.20,2.16,9.28,2467,3
2026-05-17 01:16:55,1.8,10.30,11.21,12.16,1545545,91088,5.9,0,0,0.0,1007,473,49,2.74,3.56,2.72,9.76,2460,7
2026-05-17 01:17:55,1.2,10.75,11.22,12.11,1545545,91175,5.9,0,0,0.0,1007,473,49,2.44,3.33,2.22,9.25,2469,3
2026-05-17 01:18:56,3.6,10.37,11.03,11.99,1545545,91239,5.9,0,0,0.0,1007,473,49,2.48,3.30,2.14,9.33,2470,8
2026-05-17 01:19:56,4.5,10.98,11.02,11.92,1545545,91225,5.9,0,0,0.0,1007,473,49,2.52,3.29,5.29,12.62,2466,4
2026-05-17 01:20:56,1.2,11.26,11.14,11.91,1545545,91208,5.9,0,0,0.0,1007,473,49,2.07,3.19,4.01,11.24,2478,6
2026-05-17 01:21:57,1.3,10.48,10.96,11.80,1545545,91212,5.9,0,0,0.0,1007,473,49,3.12,3.36,1.16,8.19,2470,6
2026-05-17 01:22:57,1.9,10.97,11.01,11.76,1545545,91233,5.9,0,0,0.0,1007,473,49,2.77,3.22,4.14,11.34,2458,2
2026-05-17 01:23:57,1.5,12.95,11.52,11.89,1545545,91245,5.9,0,0,0.0,1007,473,49,3.78,3.43,5.25,12.60,2459,1
2026-05-17 01:24:58,3.4,12.30,11.51,11.86,1545545,91243,5.9,0,0,0.0,1007,473,49,2.85,3.42,4.96,11.96,2462,6
2026-05-17 01:25:58,3.3,13.31,11.91,11.97,1545545,91238,5.9,0,0,0.0,1007,473,49,1.76,3.32,8.57,15.67,2456,7
2026-05-17 01:26:58,1.1,12.88,12.11,12.04,1545545,91214,5.9,0,0,0.0,1007,473,49,2.64,3.40,4.63,11.76,2473,5
2026-05-17 01:27:59,3.4,11.67,11.87,11.96,1545545,91265,5.9,0,0,0.0,1007,473,49,2.20,3.32,4.72,12.13,2469,5
2026-05-17 01:28:59,3.3,11.57,11.77,11.92,1545545,91270,5.9,0,0,0.0,1007,473,49,2.21,3.31,11.00,18.44,2475,5
2026-05-17 01:29:59,1.2,11.81,11.86,11.95,1545545,91246,5.9,0,0,0.0,1007,473,49,2.43,3.30,8.10,14.68,2477,5
2026-05-17 01:31:00,2.4,11.26,11.69,11.88,1545545,91228,5.9,0,0,0.0,1007,473,49,2.16,3.23,1.08,8.08,2471,4
2026-05-17 01:32:00,3.4,11.47,11.71,11.88,1545545,91254,5.9,0,0,0.0,1007,473,49,3.06,3.42,6.68,14.10,2472,4
2026-05-17 01:33:00,3.0,12.81,12.18,12.04,1545545,91276,5.9,0,0,0.0,1007,473,49,2.18,3.35,10.17,18.06,2467,4
2026-05-17 01:34:00,1.4,11.89,12.13,12.03,1545545,91264,5.9,0,0,0.0,1007,473,49,2.25,3.38,3.83,11.20,2472,4
2026-05-17 01:35:01,2.8,12.24,12.12,12.03,1545545,91293,5.9,0,0,0.0,1007,473,49,1.99,3.14,3.19,10.31,2467,5
2026-05-17 01:36:01,1.1,10.70,11.70,11.89,1545545,91279,5.9,0,0,0.0,1007,473,49,3.07,3.46,5.22,11.95,2463,3
2026-05-17 01:37:01,1.5,10.91,11.64,11.86,1545545,91275,5.9,0,0,0.0,1007,473,49,2.80,3.14,5.11,12.50,2461,1
2026-05-17 01:38:02,1.3,10.52,11.41,11.77,1545545,91293,5.9,0,0,0.0,1007,473,49,4.81,3.33,1.24,8.22,2491,1
2026-05-17 01:39:02,3.1,11.52,11.50,11.77,1545545,91328,5.9,0,0,0.0,1007,473,49,2.41,3.33,8.05,15.31,2492,4
2026-05-17 01:40:02,2.0,11.69,11.52,11.76,1545545,91285,5.9,0,0,0.0,1007,473,49,1.91,3.39,3.65,10.89,2501,7
2026-05-17 01:41:03,1.2,10.73,11.26,11.65,1545545,91286,5.9,0,0,0.0,1007,473,49,1.42,3.35,1.08,7.99,2496,1
2026-05-17 01:42:03,2.5,11.09,11.22,11.61,1545545,91312,5.9,0,0,0.0,1007,473,49,1.80,3.19,3.09,9.97,2485,6
2026-05-17 01:43:03,1.9,12.37,11.68,11.75,1545545,91327,5.9,0,0,0.0,1007,473,49,1.91,3.47,8.23,15.33,2462,1
2026-05-17 01:44:04,3.0,13.25,11.92,11.82,1545545,91349,5.9,0,0,0.0,1007,473,49,1.82,3.32,4.77,12.12,2455,6
2026-05-17 01:45:04,2.3,15.70,12.92,12.18,1545545,91328,5.9,0,0,0.0,1007,473,49,3.25,3.44,11.86,18.94,2454,3
2026-05-17 01:46:04,1.4,14.69,13.10,12.29,1545545,91295,5.9,0,0,0.0,1007,473,49,2.89,2.78,9.11,16.38,2467,2
2026-05-17 01:47:05,1.2,12.18,12.66,12.18,1545545,91305,5.9,0,0,0.0,1007,473,49,1.84,3.57,7.49,14.05,2488,4
2026-05-17 01:48:05,1.4,11.27,12.29,12.08,1545545,91336,5.9,0,0,0.0,1007,473,49,2.17,3.50,4.55,11.87,2495,2
2026-05-17 01:49:05,1.1,16.75,13.82,12.63,1545545,91330,5.9,0,0,0.0,1007,473,49,3.07,3.18,4.77,12.07,2490,1
2026-05-17 01:50:06,1.7,13.61,13.49,12.59,1545545,91318,5.9,0,0,0.0,1007,473,49,2.02,3.38,2.99,10.22,2476,6
2026-05-17 01:51:06,1.1,11.86,13.12,12.53,1545545,91200,5.9,0,0,0.0,1007,473,49,3.41,3.22,2.54,9.70,2473,6
2026-05-17 01:52:06,1.3,11.08,12.65,12.40,1545545,91203,5.9,0,0,0.0,1007,473,49,1.95,3.40,2.17,9.28,2468,3
2026-05-17 01:53:07,1.4,10.54,12.21,12.26,1545545,91226,5.9,0,0,0.0,1007,473,49,3.00,3.23,1.99,9.03,2462,1
2026-05-17 01:54:07,1.6,10.28,11.87,12.15,1545545,91238,5.9,0,0,0.0,1007,473,49,2.80,3.36,5.19,12.41,2464,5
2026-05-17 01:55:07,1.4,12.20,12.08,12.19,1545545,91213,5.9,0,0,0.0,1007,473,49,3.25,3.41,7.37,14.51,2471,9
2026-05-17 01:56:08,1.6,11.27,11.82,12.10,1545545,91214,5.9,0,0,0.0,1007,473,49,3.57,3.17,1.82,8.79,2466,4
2026-05-17 01:57:08,1.4,10.28,11.45,11.95,1545545,91225,5.9,0,0,0.0,1007,473,49,3.65,3.54,1.45,8.42,2458,6
2026-05-17 01:58:08,1.2,10.06,11.18,11.83,1545545,91251,5.9,0,0,0.0,1007,473,49,2.88,3.41,1.25,8.28,2455,1
2026-05-17 01:59:09,3.0,11.56,11.34,11.84,1545545,91265,5.9,0,0,0.0,1007,473,49,2.18,3.39,4.99,12.21,2459,4
2026-05-17 02:00:09,3.0,12.41,11.65,11.92,1545545,91176,5.9,0,0,0.0,1007,473,49,3.45,3.23,6.84,14.40,2466,3
2026-05-17 02:01:09,1.7,15.46,13.08,12.42,1545545,91152,5.9,0,0,0.0,1007,473,49,2.56,50.02,7.77,14.69,2477,7
2026-05-17 02:02:10,1.4,12.41,12.61,12.30,1545545,91078,5.9,0,0,0.0,1007,473,49,2.96,3.41,1.05,7.94,2477,5
2026-05-17 02:03:10,1.0,13.43,13.01,12.46,1545545,91097,5.9,0,0,0.0,1007,473,49,5.01,3.40,4.56,11.89,2478,4
2026-05-17 02:04:10,1.9,13.41,12.95,12.47,1545545,91242,5.9,0,0,0.0,1007,473,49,3.44,3.15,5.83,12.63,2474,9
2026-05-17 02:05:11,1.2,12.12,12.70,12.41,1545545,91181,5.9,0,0,0.0,1007,473,49,2.35,3.30,4.21,11.44,2469,5
2026-05-17 02:06:11,3.3,11.04,12.24,12.27,1545545,91192,5.9,0,0,0.0,1007,473,49,2.52,3.48,4.73,11.97,2464,9
2026-05-17 02:07:11,1.3,12.28,12.39,12.32,1545545,91165,5.9,0,0,0.0,1007,473,49,2.30,3.53,11.64,18.63,2468,3
2026-05-17 02:08:12,1.2,10.76,11.91,12.15,1545545,91140,5.9,0,0,0.0,1007,473,49,3.31,3.21,1.21,8.26,2466,2
2026-05-17 02:09:12,1.1,9.89,11.48,11.99,1545545,91140,5.9,0,0,0.0,1007,473,49,2.93,3.30,1.10,7.97,2464,4
2026-05-17 02:10:12,3.4,10.21,11.28,11.89,1545545,91223,5.9,0,0,0.0,1007,473,49,2.77,3.34,4.73,12.10,2456,5
2026-05-17 02:11:13,11.6,12.78,11.86,12.05,1545545,91196,5.9,0,0,0.0,1007,473,49,5.06,3.10,7.49,15.03,2449,5
2026-05-17 02:12:13,1.5,14.51,12.68,12.33,1545545,91185,5.9,0,0,0.0,1007,473,49,2.48,3.32,12.12,18.74,2441,3
2026-05-17 02:13:13,1.5,11.84,12.25,12.21,1545545,91214,5.9,0,0,0.0,1007,473,49,2.25,3.56,6.38,13.87,2446,1
2026-05-17 02:14:14,1.2,12.31,12.31,12.23,1545545,91217,5.9,0,0,0.0,1007,473,49,1.86,2.91,7.22,14.31,2461,6
2026-05-17 02:15:14,1.3,11.88,12.22,12.20,1545545,91169,5.9,0,0,0.0,1007,473,49,3.35,3.25,4.52,11.82,2473,3
2026-05-17 02:16:14,3.5,11.82,12.13,12.17,1545545,91270,5.9,0,0,0.0,1007,473,49,3.99,3.34,8.07,15.60,2480,6
2026-05-17 02:17:15,3.3,11.77,12.12,12.17,1545545,91255,5.9,0,0,0.0,1007,473,49,3.43,3.61,8.06,14.98,2485,6
2026-05-17 02:18:15,1.4,11.39,11.98,12.12,1545545,91272,5.9,0,0,0.0,1007,473,49,3.32,3.22,4.90,12.19,2482,2
2026-05-17 02:19:15,1.3,11.51,11.91,12.08,1545545,91248,5.9,0,0,0.0,1007,473,49,2.14,3.35,8.71,15.51,2486,2
2026-05-17 02:20:16,3.2,11.56,11.79,12.03,1545545,91249,5.9,0,0,0.0,1007,473,49,2.48,3.53,8.49,16.28,2478,12
2026-05-17 02:21:16,2.4,12.78,11.97,12.07,1545545,91217,5.9,0,0,0.0,1007,473,49,3.15,3.31,5.97,12.85,2478,2
2026-05-17 02:22:16,1.5,15.58,12.87,12.37,1545545,91160,5.9,0,0,0.0,1007,473,49,2.39,3.45,12.22,18.50,2473,2
2026-05-17 02:23:17,1.5,14.09,12.98,12.44,1545545,91267,5.9,0,0,0.0,1007,473,49,2.95,3.19,1.54,8.57,2469,8
2026-05-17 02:24:17,3.3,16.93,13.80,12.74,1545545,91311,5.9,0,0,0.0,1007,473,49,3.39,3.36,5.59,12.97,2473,5
2026-05-17 02:25:17,3.8,17.04,14.57,13.08,1545545,91283,5.9,0,0,0.0,1007,473,49,4.61,3.42,12.55,20.32,2481,5
2026-05-17 02:26:18,4.5,18.04,15.21,13.40,1545545,91303,5.9,0,0,0.0,1007,473,49,4.49,3.19,12.28,20.02,2470,6
2026-05-17 02:27:18,3.7,20.00,16.39,13.92,1545545,91272,5.9,0,0,0.0,1007,473,49,1.95,3.65,12.31,19.36,2466,9
2026-05-17 02:28:18,1.3,15.98,16.04,13.96,1545545,91314,5.9,0,0,0.0,1007,473,49,3.87,3.36,11.12,18.10,2464,1
2026-05-17 02:29:19,4.5,20.51,17.17,14.47,1545545,91229,5.9,0,0,0.0,1007,473,49,1.93,3.39,7.01,14.55,2461,11
2026-05-17 02:30:19,2.4,22.69,18.53,15.12,1545545,91215,5.9,0,0,0.0,1007,473,49,2.33,3.20,7.19,13.91,2469,21
2026-05-17 02:31:19,1.9,19.98,18.29,15.24,1545545,91229,5.9,0,0,0.0,1007,473,49,2.00,3.31,6.78,13.89,2475,6
2026-05-17 02:32:20,3.2,19.08,18.42,15.48,1545545,91231,5.9,0,0,0.0,1007,473,49,2.76,2.96,11.04,18.31,2475,5
2026-05-17 02:33:20,3.2,17.84,18.30,15.63,1545545,91249,5.9,0,0,0.0,1007,473,49,4.18,3.39,10.00,17.00,2469,9
2026-05-17 02:34:20,1.3,15.43,17.61,15.56,1545545,91191,5.9,0,0,0.0,1007,473,49,2.09,3.26,3.25,10.23,2467,2
2026-05-17 02:35:21,1.5,12.54,16.38,15.27,1545545,91139,5.9,0,0,0.0,1007,473,49,2.59,3.43,1.11,8.14,2467,5
2026-05-17 02:36:21,1.3,12.81,15.74,15.11,1545545,91129,5.9,0,0,0.0,1007,473,49,5.07,3.62,3.66,10.94,2473,2
2026-05-17 02:37:21,3.3,12.36,15.03,14.91,1545545,91212,5.9,0,0,0.0,1007,473,49,2.87,3.19,4.27,11.52,2474,10
2026-05-17 02:38:22,1.1,15.26,15.27,14.99,1545545,91218,5.9,0,0,0.0,1007,473,49,1.54,3.39,7.78,15.00,2470,3
2026-05-17 02:39:22,1.4,13.39,14.75,14.83,1545545,91233,5.9,0,0,0.0,1007,473,49,1.75,3.31,5.96,12.86,2470,2
2026-05-17 02:40:22,1.7,11.48,13.94,14.54,1545545,91203,5.9,0,0,0.0,1007,473,49,1.93,3.36,4.02,11.31,2462,1
2026-05-17 02:41:23,3.1,12.18,13.73,14.43,1545545,91127,5.9,0,0,0.0,1007,473,49,2.24,3.41,7.39,15.05,2454,4
2026-05-17 02:42:23,1.4,12.21,13.39,14.26,1545545,91227,5.9,0,0,0.0,1007,473,49,4.10,3.22,3.27,10.36,2455,1
2026-05-17 02:43:23,1.9,12.17,13.18,14.14,1545545,91279,5.9,0,0,0.0,1007,473,49,4.25,3.58,7.22,14.58,2474,7
2026-05-17 02:44:24,1.5,14.50,13.76,14.28,1545545,91287,5.9,0,0,0.0,1007,473,49,1.82,3.37,8.70,15.41,2470,2
2026-05-17 02:45:24,3.4,12.27,13.21,14.05,1545545,91282,5.9,0,0,0.0,1007,473,49,2.17,3.15,5.24,12.60,2486,4
2026-05-17 02:46:24,3.3,13.62,13.48,14.09,1545545,91298,5.9,0,0,0.0,1007,473,49,1.68,3.15,12.37,20.06,2489,5
2026-05-17 02:47:25,1.5,11.37,12.88,13.85,1545545,91273,5.9,0,0,0.0,1007,473,49,2.53,3.38,7.41,13.99,2499,2
2026-05-17 02:48:25,1.3,10.75,12.46,13.65,1545545,91255,5.9,0,0,0.0,1007,473,49,3.31,3.30,1.18,8.12,2494,1
2026-05-17 02:49:25,3.4,11.64,12.35,13.53,1545545,91296,5.9,0,0,0.0,1007,473,49,1.98,3.36,4.21,11.49,2476,14
2026-05-17 02:50:26,1.9,11.96,12.32,13.44,1545545,91261,5.9,0,0,0.0,1007,473,49,2.29,3.35,7.63,15.14,2467,3
2026-05-17 02:51:26,1.6,12.07,12.30,13.37,1545545,91294,5.9,0,0,0.0,1007,473,49,3.67,3.45,1.88,9.10,2474,1
2026-05-17 02:52:27,3.3,13.33,12.56,13.39,1545545,91291,5.9,0,0,0.0,1007,473,49,2.40,3.26,8.93,16.66,2467,5
2026-05-17 02:53:27,1.4,11.38,12.17,13.20,1545545,91255,5.9,0,0,0.0,1007,473,49,3.64,3.22,3.56,10.73,2471,2
2026-05-17 02:54:27,2.0,11.30,11.98,13.07,1545545,91294,5.9,0,0,0.0,1007,473,49,2.49,3.43,1.94,8.93,2477,2
2026-05-17 02:55:28,1.8,11.95,12.02,13.01,1545545,91294,5.9,0,0,0.0,1007,473,49,1.93,3.50,9.60,16.59,2470,6
2026-05-17 02:56:28,1.3,11.24,11.79,12.87,1545545,91313,5.9,0,0,0.0,1007,473,49,1.82,3.39,4.64,11.80,2478,1
2026-05-17 02:57:28,1.3,11.26,11.68,12.76,1545545,91316,5.9,0,0,0.0,1007,473,49,3.20,3.42,3.99,11.21,2478,5
2026-05-17 02:58:29,1.7,11.96,11.78,12.72,1545545,91322,5.9,0,0,0.0,1007,473,49,2.67,3.40,1.89,8.89,2464,2
2026-05-17 02:59:29,3.1,14.23,12.35,12.85,1545545,91375,5.9,0,0,0.0,1007,473,49,3.42,3.30,9.43,16.38,2462,1
2026-05-17 03:00:29,3.2,13.35,12.29,12.79,1545545,91338,5.9,0,0,0.0,1007,473,49,3.29,3.41,2.81,9.83,2479,6
2026-05-17 03:01:30,3.0,12.04,12.06,12.68,1545545,91351,5.9,0,0,0.0,1007,473,49,3.21,47.68,5.23,12.71,2472,6
2026-05-17 03:02:30,1.4,11.90,12.00,12.61,1545545,91313,5.9,0,0,0.0,1007,473,49,2.27,3.35,3.76,10.92,2462,6
2026-05-17 03:03:30,1.2,11.89,11.95,12.55,1545545,91338,5.9,0,0,0.0,1007,473,49,2.17,3.20,7.98,15.06,2462,2
2026-05-17 03:04:31,1.2,10.36,11.49,12.35,1545545,91352,5.9,0,0,0.0,1007,473,49,3.23,3.30,1.99,9.07,2452,4
2026-05-17 03:05:31,1.0,10.23,11.30,12.24,1545545,91327,5.9,0,0,0.0,1007,473,49,1.87,3.20,4.41,11.65,2471,2
2026-05-17 03:06:31,1.9,12.28,11.66,12.30,1545545,91353,5.9,0,0,0.0,1007,473,49,2.32,3.48,7.01,13.84,2459,4
2026-05-17 03:07:32,3.0,12.96,11.94,12.35,1545545,91220,5.9,0,0,0.0,1007,473,49,2.79,3.27,9.90,17.32,2462,10
2026-05-17 03:08:32,3.0,15.27,12.72,12.59,1545545,91244,5.9,0,0,0.0,1007,473,49,3.00,3.23,9.44,16.80,2473,6
2026-05-17 03:09:32,1.4,12.71,12.40,12.49,1545545,91242,5.9,0,0,0.0,1007,473,49,3.59,3.44,4.49,11.79,2474,2
2026-05-17 03:10:33,3.4,14.30,12.75,12.59,1545545,91244,5.9,0,0,0.0,1007,473,49,1.94,3.13,9.07,16.13,2476,4
2026-05-17 03:11:33,1.4,12.40,12.50,12.51,1545545,91222,5.9,0,0,0.0,1007,473,49,2.64,3.38,3.50,10.66,2476,7
2026-05-17 03:12:33,3.6,10.94,12.08,12.37,1545545,91256,5.9,0,0,0.0,1007,473,49,1.77,3.39,1.25,8.25,2480,3
2026-05-17 03:13:34,3.3,12.31,12.24,12.40,1545545,91270,5.9,0,0,0.0,1007,473,49,1.69,3.30,8.11,15.73,2477,3
2026-05-17 03:14:34,3.1,12.13,12.19,12.37,1545545,91290,5.9,0,0,0.0,1007,473,49,2.32,2.95,6.83,14.38,2483,7
2026-05-17 03:15:34,1.3,11.02,11.93,12.28,1545545,91239,5.9,0,0,0.0,1007,473,49,1.97,3.41,2.31,9.24,2474,2
2026-05-17 03:16:35,1.4,10.61,11.63,12.15,1545545,91234,5.9,0,0,0.0,1007,473,49,1.84,3.46,3.04,10.11,2465,2
2026-05-17 03:17:35,1.8,10.06,11.24,11.98,1545545,91254,5.9,0,0,0.0,1007,473,49,2.52,3.46,2.97,10.21,2472,3
2026-05-17 03:18:35,3.0,13.06,11.81,12.12,1545545,91291,5.9,0,0,0.0,1007,473,49,2.86,3.23,8.89,15.99,2486,6
2026-05-17 03:19:36,3.6,11.93,11.64,12.03,1545545,91328,5.9,0,0,0.0,1007,473,49,2.85,6.18,6.26,13.58,2491,6
2026-05-17 03:20:36,1.0,12.24,11.74,12.04,1545545,91241,5.9,0,0,0.0,1007,473,49,1.45,3.28,5.61,12.97,2485,1
2026-05-17 03:21:36,1.4,12.16,11.84,12.06,1545545,91250,5.9,0,0,0.0,1007,473,49,2.55,3.55,9.74,16.51,2490,1
2026-05-17 03:22:37,1.3,12.04,11.90,12.07,1545545,91254,5.9,0,0,0.0,1007,473,49,2.61,3.37,4.89,12.27,2491,2
2026-05-17 03:23:37,1.4,11.96,11.89,12.05,1545545,91248,5.9,0,0,0.0,1007,473,49,3.71,3.14,1.49,8.39,2484,5
2026-05-17 03:24:37,1.2,10.60,11.52,11.91,1545545,91284,5.9,0,0,0.0,1007,473,49,4.92,3.50,3.48,10.62,2496,3
2026-05-17 03:25:38,1.2,10.86,11.42,11.86,1545545,91264,5.9,0,0,0.0,1007,473,49,2.14,3.20,3.27,10.50,2483,1
2026-05-17 03:26:38,1.3,10.17,11.12,11.72,1545545,91275,5.9,0,0,0.0,1007,473,49,2.12,3.35,1.49,8.39,2485,4
2026-05-17 03:27:38,1.4,11.18,11.27,11.74,1545545,91274,5.9,0,0,0.0,1007,473,49,2.51,3.43,7.03,14.05,2498,1
2026-05-17 03:28:39,1.3,10.88,11.21,11.69,1545545,91305,5.9,0,0,0.0,1007,473,49,3.60,3.22,3.30,10.45,2487,1
2026-05-17 03:29:39,2.0,12.21,11.50,11.76,1545545,91333,5.9,0,0,0.0,1007,473,49,2.86,3.37,9.81,16.33,2471,4
2026-05-17 03:30:39,3.3,15.46,12.92,12.25,1545545,91339,5.9,0,0,0.0,1007,473,49,1.98,3.18,8.40,15.55,2480,4
2026-05-17 03:31:40,1.1,12.79,12.64,12.20,1545545,91320,5.9,0,0,0.0,1007,473,49,1.63,3.39,6.67,13.10,2454,2
2026-05-17 03:32:40,1.2,12.36,12.47,12.16,1545545,91328,5.9,0,0,0.0,1007,473,49,2.06,3.46,4.07,11.44,2463,1
2026-05-17 03:33:40,1.4,12.27,12.36,12.14,1545545,91347,5.9,0,0,0.0,1007,473,49,1.70,3.14,3.30,10.42,2473,4
2026-05-17 03:34:41,3.5,12.93,12.47,12.18,1545545,91382,5.9,0,0,0.0,1007,473,49,3.28,3.26,6.97,14.48,2475,3
2026-05-17 03:35:41,3.0,14.04,12.97,12.38,1545545,91366,5.9,0,0,0.0,1007,473,49,2.09,3.56,11.58,18.78,2480,6
2026-05-17 03:36:41,1.3,12.08,12.64,12.31,1545545,91327,5.9,0,0,0.0,1007,473,49,2.39,3.38,8.29,15.05,2492,5
2026-05-17 03:37:42,1.3,11.06,12.30,12.21,1545545,91339,5.9,0,0,0.0,1007,473,49,3.08,3.12,4.87,12.22,2468,3
2026-05-17 03:38:42,1.3,10.36,11.85,12.06,1545545,91359,5.9,0,0,0.0,1007,473,49,2.83,3.35,3.35,10.47,2469,1
2026-05-17 03:39:42,1.2,10.84,11.69,11.99,1545545,91356,5.9,0,0,0.0,1007,473,49,1.49,3.34,4.58,11.93,2462,3
2026-05-17 03:40:43,1.5,10.88,11.59,11.94,1545545,91345,5.9,0,0,0.0,1007,473,49,2.37,3.32,8.37,14.82,2478,1
2026-05-17 03:41:43,1.2,10.59,11.34,11.82,1545545,91363,5.9,0,0,0.0,1007,473,49,2.00,3.26,1.87,8.80,2476,1
2026-05-17 03:42:43,3.7,10.33,11.06,11.69,1545545,91375,5.9,0,0,0.0,1007,473,49,1.51,3.42,3.28,10.62,2475,4
2026-05-17 03:43:44,1.5,10.77,11.12,11.68,1545545,91368,5.9,0,0,0.0,1007,473,49,2.80,3.25,4.44,11.68,2479,2
2026-05-17 03:44:44,3.1,11.07,11.09,11.63,1545545,91395,5.9,0,0,0.0,1007,473,49,2.91,3.38,3.36,10.45,2470,7
2026-05-17 03:45:44,3.3,11.87,11.31,11.67,1545545,91235,5.9,0,0,0.0,1007,473,49,2.50,3.31,8.71,16.24,2458,22
2026-05-17 03:46:45,1.5,12.02,11.58,11.75,1545545,91227,5.9,0,0,0.0,1007,473,49,2.48,3.38,5.47,12.80,2465,3
2026-05-17 03:47:45,1.4,10.94,11.37,11.66,1545545,91228,5.9,0,0,0.0,1007,473,49,3.18,3.50,5.53,12.43,2468,1
2026-05-17 03:48:46,1.6,11.87,11.64,11.75,1545545,91265,5.9,0,0,0.0,1007,473,49,2.87,3.23,4.02,11.29,2468,1
2026-05-17 03:49:46,1.7,12.88,11.94,11.84,1545545,91273,5.9,0,0,0.0,1007,473,49,5.75,3.34,6.00,13.36,2476,3
2026-05-17 03:50:46,2.4,11.87,11.85,11.82,1545545,91271,5.9,0,0,0.0,1007,473,49,2.68,3.32,6.65,14.19,2462,5
2026-05-17 03:51:47,3.1,14.86,12.55,12.05,1545545,91273,5.9,0,0,0.0,1007,473,49,2.98,3.34,5.84,13.24,2465,5
2026-05-17 03:52:47,2.0,14.41,12.88,12.20,1545545,91292,5.9,0,0,0.0,1007,473,49,2.55,3.20,9.22,16.52,2472,3
2026-05-17 03:53:47,3.1,12.21,12.51,12.11,1545545,91310,5.9,0,0,0.0,1007,473,49,4.07,3.29,5.95,13.31,2463,6
2026-05-17 03:54:48,3.4,12.32,12.39,12.09,1545545,91319,5.9,0,0,0.0,1007,473,49,3.04,3.40,3.73,10.76,2467,5
2026-05-17 03:55:48,4.3,13.50,12.70,12.22,1545545,91293,5.9,0,0,0.0,1007,473,49,3.40,3.39,9.97,16.83,2486,4
2026-05-17 03:56:48,1.4,13.99,13.01,12.35,1545545,91291,5.9,0,0,0.0,1007,473,49,2.73,2.96,8.05,14.89,2476,5
2026-05-17 03:57:49,1.4,11.78,12.57,12.24,1545545,91290,5.9,0,0,0.0,1007,473,49,3.96,3.34,4.14,11.30,2487,5
2026-05-17 03:58:49,3.5,12.46,12.58,12.26,1545545,91317,5.9,0,0,0.0,1007,473,49,2.98,3.40,10.00,16.88,2481,4
2026-05-17 03:59:49,2.5,11.73,12.34,12.20,1545545,91317,5.9,0,0,0.0,1007,473,49,3.47,3.36,3.03,10.08,2471,6
2026-05-17 04:00:50,2.7,11.18,12.08,12.12,1545545,91287,5.9,0,0,0.0,1007,473,49,3.68,3.38,5.82,13.05,2459,3
2026-05-17 04:01:50,1.3,10.32,11.68,11.98,1545545,91280,5.9,0,0,0.0,1007,473,49,2.28,47.52,1.09,7.95,2457,3
2026-05-17 04:02:50,1.3,11.92,11.82,12.00,1545545,91279,5.9,0,0,0.0,1007,473,49,3.37,3.45,8.54,15.50,2456,2
2026-05-17 04:03:51,1.7,12.26,11.97,12.04,1545545,91311,5.9,0,0,0.0,1007,473,49,3.15,3.21,6.38,13.75,2463,7
2026-05-17 04:04:51,1.4,10.78,11.65,11.93,1545545,91307,5.9,0,0,0.0,1007,473,49,2.97,3.38,1.46,8.38,2472,2
2026-05-17 04:05:51,1.8,12.04,11.78,11.95,1545545,91304,5.9,0,0,0.0,1007,473,49,4.73,3.22,5.31,12.78,2476,2
2026-05-17 04:06:52,1.5,12.94,12.01,12.01,1545545,91306,5.9,0,0,0.0,1007,473,49,2.52,3.62,6.64,14.13,2476,6
2026-05-17 04:07:52,1.2,11.46,11.78,11.93,1545545,91294,5.9,0,0,0.0,1007,473,49,2.49,3.31,4.03,11.31,2474,1
2026-05-17 04:08:52,1.3,13.19,12.03,12.00,1545545,91362,5.9,0,0,0.0,1007,473,49,2.63,3.28,2.25,9.31,2482,6
2026-05-17 04:09:53,1.6,12.99,12.33,12.11,1545545,91363,5.9,0,0,0.0,1007,473,49,2.69,3.39,3.25,10.49,2472,1
2026-05-17 04:10:53,6.9,14.80,12.76,12.26,1545545,91349,5.9,0,0,0.0,1007,473,49,3.11,3.13,1.67,8.69,2462,6
2026-05-17 04:11:53,2.3,16.59,13.60,12.58,1545545,91363,5.9,0,0,0.0,1007,473,49,2.12,3.52,12.74,19.60,2469,3
2026-05-17 04:12:54,3.1,16.69,13.94,12.75,1545545,91359,5.9,0,0,0.0,1007,473,49,1.54,3.32,2.81,9.98,2455,4
2026-05-17 04:13:54,1.2,16.47,14.60,13.06,1545545,91353,5.9,0,0,0.0,1007,473,49,3.57,3.48,6.83,13.71,2455,1
2026-05-17 04:14:54,1.1,15.43,14.83,13.25,1545545,91332,5.9,0,0,0.0,1007,473,49,1.70,3.05,7.34,14.81,2459,2
2026-05-17 04:15:55,1.0,14.21,14.59,13.26,1545545,91333,5.9,0,0,0.0,1007,473,49,2.94,3.02,3.08,10.31,2470,5
2026-05-17 04:16:55,1.4,12.46,14.07,13.17,1545545,91346,5.9,0,0,0.0,1007,473,49,3.14,3.48,3.66,10.80,2469,5
2026-05-17 04:17:55,3.0,16.56,14.98,13.54,1545545,91359,5.9,0,0,0.0,1007,473,49,3.70,3.39,8.91,16.40,2470,4
2026-05-17 04:18:56,4.1,17.32,15.49,13.81,1545545,91407,5.9,0,0,0.0,1007,473,49,2.30,3.30,8.79,15.87,2464,8
2026-05-17 04:19:56,1.0,12.94,14.55,13.59,1545545,91354,5.9,0,0,0.0,1007,473,49,1.44,3.22,1.96,8.96,2464,1
2026-05-17 04:20:56,3.2,11.77,13.90,13.42,1545545,91387,5.9,0,0,0.0,1007,473,49,2.66,3.37,3.00,10.20,2458,9
2026-05-17 04:21:57,1.4,11.79,13.51,13.32,1545545,91358,5.9,0,0,0.0,1007,473,49,3.79,3.25,5.20,12.62,2456,5
2026-05-17 04:22:57,1.4,10.59,12.82,13.09,1545545,91360,5.9,0,0,0.0,1007,473,49,3.18,3.33,1.07,8.01,2467,3
2026-05-17 04:23:57,2.7,10.48,12.37,12.91,1545545,91268,5.9,0,0,0.0,1007,473,49,2.71,3.52,1.17,8.23,2481,27
2026-05-17 04:24:58,3.3,11.66,12.42,12.90,1545545,91258,5.9,0,0,0.0,1007,473,49,3.09,3.29,8.56,15.99,2468,2
2026-05-17 04:25:58,1.4,10.96,12.10,12.76,1545545,91254,5.9,0,0,0.0,1007,473,49,2.35,3.27,1.56,8.51,2478,2
2026-05-17 04:26:58,1.4,11.94,12.16,12.73,1545545,91244,5.9,0,0,0.0,1007,473,49,2.23,3.54,4.17,11.33,2479,5
2026-05-17 04:27:59,3.4,12.78,12.36,12.76,1545545,91265,5.9,0,0,0.0,1007,473,49,1.57,3.31,6.11,13.49,2473,5
2026-05-17 04:28:59,3.7,11.69,12.22,12.70,1545545,91281,5.9,0,0,0.0,1007,473,49,2.43,3.40,2.85,9.97,2463,2
2026-05-17 04:29:59,1.1,11.27,11.98,12.58,1545545,91263,5.9,0,0,0.0,1007,473,49,3.69,3.07,2.54,9.61,2476,3
2026-05-17 04:31:00,3.2,13.29,12.41,12.69,1545545,91286,5.9,0,0,0.0,1007,473,49,1.78,3.33,6.39,13.66,2466,8
2026-05-17 04:32:00,3.3,13.96,12.74,12.79,1545545,91292,5.9,0,0,0.0,1007,473,49,3.12,3.43,9.54,17.03,2471,5
2026-05-17 04:33:00,1.2,12.50,12.64,12.75,1545545,91277,5.9,0,0,0.0,1007,473,49,2.58,3.28,8.75,15.69,2479,4
2026-05-17 04:34:01,1.4,10.81,12.12,12.57,1545545,91296,5.9,0,0,0.0,1007,473,49,2.09,3.27,1.54,8.69,2482,2
2026-05-17 04:35:01,3.4,13.51,12.62,12.71,1545545,91309,5.9,0,0,0.0,1007,473,49,3.00,3.26,7.72,15.12,2473,5
2026-05-17 04:36:01,1.4,11.93,12.39,12.63,1545545,91286,5.9,0,0,0.0,1007,473,49,4.00,3.62,5.89,12.80,2473,4
2026-05-17 04:37:02,1.6,11.47,12.21,12.55,1545545,91280,5.9,0,0,0.0,1007,473,49,4.66,3.46,5.66,13.10,2465,4
2026-05-17 04:38:02,1.3,10.84,11.91,12.43,1545545,91312,5.9,0,0,0.0,1007,473,49,2.14,3.23,2.92,10.01,2456,1
2026-05-17 04:39:02,1.5,11.97,12.24,12.52,1545545,91323,5.9,0,0,0.0,1007,473,49,2.71,3.46,4.56,11.91,2461,2
2026-05-17 04:40:03,1.3,11.02,11.92,12.39,1545545,91296,5.9,0,0,0.0,1007,473,49,3.89,3.31,1.81,8.83,2461,3
2026-05-17 04:41:03,1.1,10.60,11.61,12.25,1545545,91301,5.9,0,0,0.0,1007,473,49,2.59,3.25,2.21,9.22,2453,3
2026-05-17 04:42:03,3.1,10.96,11.49,12.17,1545545,91298,5.9,0,0,0.0,1007,473,49,4.87,3.55,2.01,9.11,2461,3
2026-05-17 04:43:04,1.0,10.43,11.25,12.04,1545545,91312,5.9,0,0,0.0,1007,473,49,3.32,3.06,5.71,12.68,2449,1
2026-05-17 04:44:04,1.4,11.33,11.33,12.02,1545545,91329,5.9,0,0,0.0,1007,473,49,1.43,3.41,5.71,12.94,2445,5
2026-05-17 04:45:04,1.9,13.40,11.94,12.18,1545545,91329,5.9,0,0,0.0,1007,473,49,3.09,3.36,10.57,17.99,2445,6
2026-05-17 04:46:05,1.3,17.93,13.18,12.57,1545545,91303,5.9,0,0,0.0,1007,473,49,2.04,3.44,5.47,12.18,2454,2
2026-05-17 04:47:05,3.3,14.15,12.87,12.50,1545545,91361,5.9,0,0,0.0,1007,473,49,1.82,3.56,4.49,11.87,2459,7
2026-05-17 04:48:05,1.1,12.54,12.77,12.49,1545545,91362,5.9,0,0,0.0,1007,473,49,1.98,3.29,6.64,14.11,2461,4
2026-05-17 04:49:06,1.6,12.21,12.57,12.44,1545545,91397,5.9,0,0,0.0,1007,473,49,2.59,3.49,3.76,11.00,2475,8
2026-05-17 04:50:06,2.1,12.33,12.49,12.41,1545545,91368,5.9,0,0,0.0,1007,473,49,2.75,3.31,2.18,9.27,2472,7
2026-05-17 04:51:06,1.4,12.12,12.36,12.37,1545545,91369,5.9,0,0,0.0,1007,473,49,3.06,3.37,4.56,11.62,2473,1
2026-05-17 04:52:07,3.2,12.18,12.31,12.35,1545545,91391,5.9,0,0,0.0,1007,473,49,2.74,3.29,6.07,13.50,2472,7
2026-05-17 04:53:07,1.1,12.17,12.39,12.39,1545545,91400,5.9,0,0,0.0,1007,473,49,2.89,3.20,5.45,12.71,2485,3
2026-05-17 04:54:07,1.5,11.66,12.26,12.34,1545545,91400,5.9,0,0,0.0,1007,473,49,3.75,3.53,6.25,13.85,2467,1
2026-05-17 04:55:08,1.5,11.65,12.11,12.28,1545545,91373,5.9,0,0,0.0,1007,473,49,1.43,3.79,4.70,11.51,2461,1
2026-05-17 04:56:08,1.3,10.57,11.73,12.14,1545545,91385,5.9,0,0,0.0,1007,473,49,2.13,3.18,1.08,7.97,2465,1
2026-05-17 04:57:08,1.2,10.15,11.39,11.99,1545545,91371,5.9,0,0,0.0,1007,473,49,2.12,3.72,1.28,8.27,2470,2
2026-05-17 04:58:09,3.1,10.40,11.24,11.90,1545545,91420,5.9,0,0,0.0,1007,473,49,2.61,3.30,1.30,8.26,2448,5
2026-05-17 04:59:09,1.3,12.39,11.73,12.03,1545545,91290,5.9,0,0,0.0,1007,473,49,2.55,3.31,7.00,14.40,2470,6
2026-05-17 05:00:09,1.4,12.05,11.74,12.01,1545545,91257,5.9,0,0,0.0,1007,473,49,4.10,3.36,4.74,12.02,2469,5
2026-05-17 05:01:10,1.5,12.03,11.79,12.01,1545545,91265,5.9,0,0,0.0,1007,473,49,2.85,47.88,6.24,13.70,2476,4
2026-05-17 05:02:10,1.2,13.02,12.14,12.12,1545545,91251,5.9,0,0,0.0,1007,473,49,3.30,3.47,8.23,15.22,2475,6
2026-05-17 05:03:10,1.2,13.39,12.37,12.20,1545545,91291,5.9,0,0,0.0,1007,473,49,2.59,3.07,5.55,12.83,2473,1
2026-05-17 05:04:11,1.7,14.29,12.89,12.39,1545545,91291,5.9,0,0,0.0,1007,473,49,3.21,3.39,8.48,16.29,2460,1
2026-05-17 05:05:11,1.1,11.72,12.43,12.26,1545545,91268,5.9,0,0,0.0,1007,473,49,1.47,3.43,2.89,9.99,2460,8
2026-05-17 05:06:11,1.4,10.85,12.05,12.14,1545545,91259,5.9,0,0,0.0,1007,473,49,2.12,3.18,5.54,12.90,2457,2
2026-05-17 05:07:12,1.4,11.13,11.91,12.08,1545545,91289,5.9,0,0,0.0,1007,473,49,3.37,3.50,6.01,13.54,2456,2
2026-05-17 05:08:12,1.1,11.08,11.74,12.01,1545545,91315,5.9,0,0,0.0,1007,473,49,2.32,3.30,3.69,10.79,2461,1
2026-05-17 05:09:12,1.1,11.00,11.63,11.96,1545545,91325,5.9,0,0,0.0,1007,473,49,1.53,3.09,5.95,13.45,2461,3
2026-05-17 05:10:13,1.5,11.91,11.78,11.98,1545545,91299,5.9,0,0,0.0,1007,473,49,3.02,3.32,5.00,11.96,2455,7
2026-05-17 05:11:13,4.1,12.61,12.06,12.07,1545545,91346,5.9,0,0,0.0,1007,473,49,2.16,3.02,6.16,13.38,2459,13
2026-05-17 05:12:13,2.1,14.70,12.70,12.29,1545545,91324,5.9,0,0,0.0,1007,473,49,2.88,3.62,9.93,17.67,2461,4
2026-05-17 05:13:14,1.4,12.42,12.47,12.24,1545545,91316,5.9,0,0,0.0,1007,473,49,2.21,3.20,2.20,9.27,2463,4
2026-05-17 05:14:14,1.3,12.03,12.34,12.21,1545545,91328,5.9,0,0,0.0,1007,473,49,1.81,3.22,8.26,15.01,2457,5
2026-05-17 05:15:14,3.3,10.82,11.93,12.07,1545545,91331,5.9,0,0,0.0,1007,473,49,3.40,3.32,3.24,10.46,2462,5
2026-05-17 05:16:15,1.3,10.14,11.55,11.93,1545545,91306,5.9,0,0,0.0,1007,473,49,2.67,3.23,4.76,11.50,2467,4
2026-05-17 05:17:15,3.6,10.91,11.47,11.88,1545545,91334,5.9,0,0,0.0,1007,473,49,3.75,3.64,5.01,12.24,2459,5
2026-05-17 05:18:15,3.1,11.99,11.59,11.89,1545545,91339,5.9,0,0,0.0,1007,473,49,2.60,3.16,3.63,10.90,2465,5
2026-05-17 05:19:16,1.6,11.46,11.54,11.85,1545545,91381,5.9,0,0,0.0,1007,473,49,3.23,3.47,3.67,10.97,2475,6
2026-05-17 05:20:16,1.3,10.96,11.36,11.77,1545545,91312,5.9,0,0,0.0,1007,473,49,3.35,3.25,1.12,8.10,2470,4
2026-05-17 05:21:16,1.4,10.78,11.25,11.70,1545545,91341,5.9,0,0,0.0,1007,473,49,3.35,3.20,5.73,12.77,2471,2
2026-05-17 05:22:17,1.4,11.41,11.45,11.75,1545545,91349,5.9,0,0,0.0,1007,473,49,3.28,3.49,7.13,14.56,2487,8
2026-05-17 05:23:17,3.9,11.20,11.34,11.70,1545545,91394,5.9,0,0,0.0,1007,473,49,5.08,3.23,6.65,14.18,2481,9
2026-05-17 05:24:17,3.3,11.47,11.40,11.70,1545545,91402,5.9,0,0,0.0,1007,473,49,6.78,3.39,7.94,14.99,2468,5
2026-05-17 05:25:18,4.0,11.27,11.34,11.66,1545545,91362,5.9,0,0,0.0,1007,473,49,2.99,2.83,3.50,10.83,2473,6
2026-05-17 05:26:18,1.3,10.61,11.16,11.58,1545545,91355,5.9,0,0,0.0,1007,473,49,3.50,3.27,1.85,8.76,2463,4
2026-05-17 05:27:18,2.6,10.18,10.92,11.47,1545545,91389,5.9,0,0,0.0,1007,473,49,4.08,3.57,2.08,9.09,2459,11
2026-05-17 05:28:19,1.5,11.49,11.26,11.55,1545545,91401,5.9,0,0,0.0,1007,473,49,3.96,3.25,9.24,16.83,2461,3
2026-05-17 05:29:19,1.6,10.89,11.15,11.50,1545545,91391,5.9,0,0,0.0,1007,473,49,2.37,3.32,1.11,8.06,2462,2
2026-05-17 05:30:19,1.8,11.97,11.48,11.59,1545545,91401,5.9,0,0,0.0,1007,473,49,3.25,3.38,10.46,17.23,2467,4
2026-05-17 05:31:20,3.3,11.80,11.50,11.59,1545545,91405,5.9,0,0,0.0,1007,473,49,3.08,3.31,9.28,16.64,2471,6
2026-05-17 05:32:20,3.3,12.61,11.85,11.71,1545545,91396,5.9,0,0,0.0,1007,473,49,4.05,3.29,6.91,14.23,2470,4
2026-05-17 05:33:20,1.4,13.20,12.26,11.87,1545545,91442,5.9,0,0,0.0,1007,473,49,3.98,3.38,8.66,15.88,2475,2
2026-05-17 05:34:21,2.9,14.00,12.69,12.04,1545545,91441,5.9,0,0,0.0,1007,473,49,2.21,3.45,9.33,16.67,2483,6
2026-05-17 05:35:21,3.2,13.97,13.02,12.21,1545545,91420,5.9,0,0,0.0,1007,473,49,2.13,3.40,9.18,16.49,2475,5
2026-05-17 05:36:21,2.3,12.09,12.66,12.13,1545545,91299,5.9,0,0,0.0,1007,473,49,3.49,3.37,7.11,14.61,2470,2
2026-05-17 05:37:22,1.8,11.02,12.24,12.02,1545545,91268,5.9,0,0,0.0,1007,473,49,3.18,3.46,1.90,8.81,2464,2
2026-05-17 05:38:22,1.2,10.95,12.05,11.97,1545545,91297,5.9,0,0,0.0,1007,473,49,3.56,3.39,1.63,8.62,2458,4
2026-05-17 05:39:22,2.4,12.82,12.27,12.04,1545545,91341,5.9,0,0,0.0,1007,473,49,3.66,3.32,5.90,12.90,2452,2
2026-05-17 05:40:23,3.1,13.09,12.37,12.09,1545545,91327,5.9,0,0,0.0,1007,473,49,2.55,3.17,6.82,13.93,2464,27
2026-05-17 05:41:23,1.3,11.41,12.00,11.98,1545545,91310,5.9,0,0,0.0,1007,473,49,2.47,3.43,2.72,9.59,2473,3
2026-05-17 05:42:23,3.3,11.91,11.98,11.97,1545545,91317,5.9,0,0,0.0,1007,473,49,2.73,3.39,8.99,16.45,2484,6
2026-05-17 05:43:24,4.0,12.51,12.09,12.01,1545545,91339,5.9,0,0,0.0,1007,473,49,2.43,3.32,11.39,18.46,2486,4
2026-05-17 05:44:24,2.0,13.51,12.40,12.11,1545545,91364,5.9,0,0,0.0,1007,473,49,2.33,3.27,10.44,17.48,2496,5
2026-05-17 05:45:24,3.2,14.38,12.65,12.20,1545545,91338,5.9,0,0,0.0,1007,473,49,2.35,3.34,5.69,12.74,2492,4
2026-05-17 05:46:25,1.4,13.49,12.66,12.23,1545545,91318,5.9,0,0,0.0,1007,473,49,2.95,3.13,11.21,18.02,2485,3
2026-05-17 05:47:25,1.8,11.90,12.36,12.16,1545545,91346,5.9,0,0,0.0,1007,473,49,2.43,3.27,2.21,9.19,2481,7
2026-05-17 05:48:25,3.2,10.51,11.89,12.01,1545545,91381,5.9,0,0,0.0,1007,473,49,4.66,3.33,3.60,10.79,2479,5
2026-05-17 05:49:26,3.5,12.06,12.11,12.08,1545545,91402,5.9,0,0,0.0,1007,473,49,3.67,3.46,11.49,18.78,2464,10
2026-05-17 05:50:26,1.3,11.58,11.92,12.01,1545545,91340,5.9,0,0,0.0,1007,473,49,2.47,3.43,4.99,12.37,2472,4
2026-05-17 05:51:26,1.3,11.70,11.88,11.99,1545545,91335,5.9,0,0,0.0,1007,473,49,2.46,3.16,5.08,12.50,2468,5
2026-05-17 05:52:27,1.0,10.98,11.63,11.89,1545545,91355,5.9,0,0,0.0,1007,473,49,2.35,3.27,1.48,8.46,2479,3
2026-05-17 05:53:27,1.3,9.78,11.15,11.71,1545545,91352,5.9,0,0,0.0,1007,473,49,3.00,3.45,1.59,8.64,2483,3
2026-05-17 05:54:27,3.3,11.87,11.42,11.76,1545545,91381,5.9,0,0,0.0,1007,473,49,1.88,3.27,5.51,12.77,2476,8
2026-05-17 05:55:28,12.8,14.55,12.14,11.98,1545545,91355,5.9,0,0,0.0,1007,473,49,1.68,3.39,6.81,13.68,2475,19
2026-05-17 05:56:28,3.0,17.34,13.35,12.40,1545545,91357,5.9,0,0,0.0,1007,473,49,2.62,3.36,11.98,18.59,2473,6
2026-05-17 05:57:28,1.3,15.96,13.83,12.64,1545545,91349,5.9,0,0,0.0,1007,473,49,2.78,3.39,5.18,11.97,2468,3
2026-05-17 05:58:29,1.3,12.72,13.26,12.51,1545545,91366,5.9,0,0,0.0,1007,473,49,1.87,3.21,1.23,8.30,2464,2
2026-05-17 05:59:29,3.1,15.00,13.71,12.71,1545545,91433,5.9,0,0,0.0,1007,473,49,1.63,3.31,7.22,14.72,2474,5
2026-05-17 06:00:29,3.2,18.18,14.79,13.14,1545545,91414,5.9,0,0,0.0,1007,473,49,2.21,3.41,7.18,14.75,2477,4
2026-05-17 06:01:30,1.7,16.45,14.87,13.27,1545545,91382,5.9,0,0,0.0,1007,473,49,1.67,50.05,2.97,10.10,2479,3
2026-05-17 06:02:30,1.6,16.48,15.03,13.42,1545545,91385,5.9,0,0,0.0,1007,473,49,2.54,3.14,3.70,10.77,2489,6
2026-05-17 06:03:30,3.2,18.00,15.76,13.77,1545545,91440,5.9,0,0,0.0,1007,473,49,2.80,3.45,10.29,18.10,2502,8
2026-05-17 06:04:31,1.3,13.25,14.85,13.58,1545545,91418,5.9,0,0,0.0,1007,473,49,2.43,3.25,1.61,8.65,2496,3
2026-05-17 06:05:31,1.2,18.95,16.21,14.13,1545545,91385,5.9,0,0,0.0,1007,473,49,3.05,3.42,5.25,12.60,2492,2
2026-05-17 06:06:31,1.1,15.06,15.61,14.05,1545545,91386,5.9,0,0,0.0,1007,473,49,5.04,3.16,7.32,14.93,2503,2
2026-05-17 06:07:32,1.2,11.89,14.59,13.79,1545545,91399,5.9,0,0,0.0,1007,473,49,3.03,3.06,1.83,8.86,2494,6
2026-05-17 06:08:32,2.0,12.04,14.07,13.66,1545545,91449,5.9,0,0,0.0,1007,473,49,4.49,3.36,4.49,11.36,2475,3
2026-05-17 06:09:32,1.5,13.67,14.13,13.70,1545545,91422,5.9,0,0,0.0,1007,473,49,2.58,3.27,8.07,14.86,2484,1
2026-05-17 06:10:33,1.3,12.13,13.65,13.56,1545545,91398,5.9,0,0,0.0,1007,473,49,3.49,3.37,1.53,8.67,2477,1
2026-05-17 06:11:33,3.1,13.41,13.64,13.56,1545545,91422,5.9,0,0,0.0,1007,473,49,3.67,3.35,2.15,9.21,2468,5
2026-05-17 06:12:33,4.6,12.89,13.41,13.48,1545545,91401,5.9,0,0,0.0,1007,473,49,3.48,3.40,2.77,9.79,2482,9
2026-05-17 06:13:34,2.9,14.33,13.83,13.63,1545545,91446,5.9,0,0,0.0,1007,473,49,4.02,3.20,8.56,16.23,2479,4
2026-05-17 06:14:34,1.1,11.73,13.22,13.43,1545545,91305,5.9,0,0,0.0,1007,473,49,3.44,3.29,3.96,11.08,2471,3
2026-05-17 06:15:34,1.7,12.41,13.10,13.38,1545545,91277,5.9,0,0,0.0,1007,473,49,2.85,3.40,3.39,10.71,2496,1
2026-05-17 06:16:35,3.7,12.22,12.87,13.28,1545545,91307,5.9,0,0,0.0,1007,473,49,4.29,3.28,4.44,11.40,2474,10
2026-05-17 06:17:35,1.4,12.26,12.83,13.24,1545545,91288,5.9,0,0,0.0,1007,473,49,3.67,3.40,4.16,11.36,2488,3
2026-05-17 06:18:35,1.5,11.00,12.35,13.05,1545545,91313,5.9,0,0,0.0,1007,473,49,4.35,3.40,1.16,8.09,2478,1
2026-05-17 06:19:36,2.2,14.76,13.06,13.24,1545545,91321,5.9,0,0,0.0,1007,473,49,4.88,3.42,7.84,15.33,2487,3
2026-05-17 06:20:36,1.1,12.30,12.70,13.11,1545545,91306,5.9,0,0,0.0,1007,473,49,2.96,3.31,7.53,14.41,2460,1
2026-05-17 06:21:36,3.9,11.53,12.35,12.95,1545545,91347,5.9,0,0,0.0,1007,473,49,3.79,3.22,3.12,10.34,2477,5
2026-05-17 06:22:37,1.9,12.05,12.40,12.94,1545545,91350,5.9,0,0,0.0,1007,473,49,3.56,3.34,9.80,16.22,2465,3
2026-05-17 06:23:37,1.4,11.99,12.30,12.87,1545545,91361,5.9,0,0,0.0,1007,473,49,2.56,3.31,10.89,17.50,2459,2
2026-05-17 06:24:38,1.3,13.53,12.59,12.93,1545545,91357,5.9,0,0,0.0,1007,473,49,2.98,3.20,6.44,13.93,2445,6
2026-05-17 06:25:38,1.8,11.82,12.27,12.79,1545545,91324,5.9,0,0,0.0,1007,473,49,3.83,3.41,2.58,9.73,2468,1
2026-05-17 06:26:38,1.2,10.75,11.87,12.62,1545545,91328,5.9,0,0,0.0,1007,473,49,3.19,3.47,5.17,11.90,2461,3
2026-05-17 06:27:39,1.5,12.03,12.02,12.62,1545545,91335,5.9,0,0,0.0,1007,473,49,2.34,3.31,8.33,15.54,2470,3
2026-05-17 06:28:39,1.5,12.77,12.22,12.65,1545545,91380,5.9,0,0,0.0,1007,473,49,1.89,3.25,3.71,10.81,2487,2
2026-05-17 06:29:39,1.1,11.21,11.92,12.52,1545545,91350,5.9,0,0,0.0,1007,473,49,4.12,3.43,2.38,9.41,2484,2
2026-05-17 06:30:40,1.8,12.79,12.19,12.57,1545545,91367,5.9,0,0,0.0,1007,473,49,2.24,3.36,5.64,13.14,2477,5
2026-05-17 06:31:40,1.3,11.23,11.84,12.43,1545545,91340,5.9,0,0,0.0,1007,473,49,1.70,3.18,3.14,10.31,2479,5
2026-05-17 06:32:40,1.1,10.90,11.64,12.32,1545545,91352,5.9,0,0,0.0,1007,473,49,2.24,3.32,2.18,9.22,2469,6
2026-05-17 06:33:41,1.4,11.17,11.57,12.25,1545545,91358,5.9,0,0,0.0,1007,473,49,3.42,3.23,2.93,10.08,2459,1
2026-05-17 06:34:41,2.1,11.53,11.54,12.19,1545545,91396,5.9,0,0,0.0,1007,473,49,3.88,3.58,8.13,15.85,2474,4
2026-05-17 06:35:41,1.1,10.32,11.21,12.04,1545545,91360,5.9,0,0,0.0,1007,473,49,3.35,2.97,1.13,8.12,2483,2
2026-05-17 06:36:42,1.3,12.29,11.70,12.16,1545545,91375,5.9,0,0,0.0,1007,473,49,1.86,3.63,5.19,12.70,2475,2
2026-05-17 06:37:42,1.5,12.61,11.88,12.19,1545545,91392,5.9,0,0,0.0,1007,473,49,3.10,3.32,7.31,14.22,2478,2
2026-05-17 06:38:42,2.8,11.48,11.71,12.11,1545545,91431,5.9,0,0,0.0,1007,473,49,2.15,3.27,3.13,10.17,2476,15
2026-05-17 06:39:43,1.4,12.58,12.00,12.19,1545545,91415,5.9,0,0,0.0,1007,473,49,3.66,3.28,8.65,15.43,2461,7
2026-05-17 06:40:43,3.2,11.67,11.79,12.10,1545545,91417,5.9,0,0,0.0,1007,473,49,2.99,3.33,4.04,11.08,2456,6
2026-05-17 06:41:43,5.9,11.42,11.67,12.03,1545545,91409,5.9,0,0,0.0,1007,473,49,5.23,3.45,3.94,11.21,2463,7
2026-05-17 06:42:44,1.3,10.85,11.49,11.95,1545545,91390,5.9,0,0,0.0,1007,473,49,3.63,3.40,1.69,8.77,2474,2
2026-05-17 06:43:44,1.0,12.62,11.90,12.06,1545545,91423,5.9,0,0,0.0,1007,473,49,2.49,3.12,6.62,14.01,2475,1
2026-05-17 06:44:44,1.5,13.24,12.10,12.11,1545545,91452,5.9,0,0,0.0,1007,473,49,4.79,3.31,8.00,14.72,2484,2
2026-05-17 06:45:45,2.3,13.09,12.24,12.16,1545545,91420,5.9,0,0,0.0,1007,473,49,3.17,3.36,9.57,16.25,2480,4
2026-05-17 06:46:45,1.5,12.43,12.20,12.15,1545545,91395,5.9,0,0,0.0,1007,473,49,2.50,3.46,7.94,15.69,2470,3
2026-05-17 06:47:45,3.3,12.57,12.14,12.12,1545545,91417,5.9,0,0,0.0,1007,473,49,3.72,3.45,4.43,11.49,2475,8
2026-05-17 06:48:46,2.8,13.14,12.39,12.21,1545545,91453,5.9,0,0,0.0,1007,473,49,1.44,3.23,11.91,18.83,2479,6
2026-05-17 06:49:46,3.7,12.01,12.21,12.16,1545545,91466,5.9,0,0,0.0,1007,473,49,2.96,3.51,5.80,13.18,2472,6
2026-05-17 06:50:46,2.1,11.69,12.09,12.12,1545545,91426,5.9,0,0,0.0,1007,473,49,3.46,3.19,6.23,13.75,2476,3
2026-05-17 06:51:47,3.2,12.47,12.29,12.19,1545545,91315,5.9,0,0,0.0,1007,473,49,1.76,3.52,4.81,12.29,2478,6
2026-05-17 06:52:47,2.9,12.08,12.25,12.18,1545545,91295,5.9,0,0,0.0,1007,473,49,3.21,3.27,7.39,14.75,2467,7
2026-05-17 06:53:47,2.0,15.45,13.01,12.44,1545545,91337,5.9,0,0,0.0,1007,473,49,2.27,3.10,9.56,16.45,2468,3
2026-05-17 06:54:48,1.5,12.82,12.82,12.42,1545545,91320,5.9,0,0,0.0,1007,473,49,3.59,3.41,5.50,12.65,2457,3
2026-05-17 06:55:48,4.8,11.44,12.40,12.29,1545545,91330,5.9,0,0,0.0,1007,473,49,4.16,3.32,4.85,12.23,2466,15
2026-05-17 06:56:48,1.6,20.59,14.49,13.00,1545545,91318,5.9,0,0,0.0,1007,473,49,3.27,3.63,7.80,15.30,2483,5
2026-05-17 06:57:49,3.2,14.28,13.79,12.85,1545545,91340,5.9,0,0,0.0,1007,473,49,2.83,3.27,3.27,10.47,2487,3
2026-05-17 06:58:49,1.7,18.25,15.01,13.33,1545545,91336,5.9,0,0,0.0,1007,473,49,2.05,3.21,2.58,9.63,2484,5
2026-05-17 06:59:49,1.5,15.65,14.87,13.38,1545545,91373,5.9,0,0,0.0,1007,473,49,3.32,3.24,7.43,14.33,2486,5
2026-05-17 07:00:50,1.3,13.29,14.31,13.28,1545545,91317,5.9,0,0,0.0,1007,473,49,3.87,3.51,5.59,12.98,2479,2
2026-05-17 07:01:50,1.3,13.72,14.32,13.35,1545545,91331,5.9,0,0,0.0,1007,473,49,2.85,47.58,5.21,12.62,2464,4
2026-05-17 07:02:50,1.5,13.33,14.14,13.35,1545545,91328,5.9,0,0,0.0,1007,473,49,3.29,2.92,4.72,12.00,2464,4
2026-05-17 07:03:51,3.4,11.28,13.41,13.15,1545545,91375,5.9,0,0,0.0,1007,473,49,2.18,3.30,2.36,9.50,2465,5
2026-05-17 07:04:51,1.6,12.85,13.63,13.25,1545545,91359,5.9,0,0,0.0,1007,473,49,3.85,3.40,6.47,13.91,2471,1
2026-05-17 07:05:51,1.7,12.13,13.28,13.16,1545545,91338,5.9,0,0,0.0,1007,473,49,2.53,3.49,3.79,10.96,2484,1
2026-05-17 07:06:52,1.6,11.25,12.82,13.00,1545545,91347,5.9,0,0,0.0,1007,473,49,1.73,3.57,2.62,9.92,2474,3
2026-05-17 07:07:52,1.7,10.89,12.44,12.86,1545545,91349,5.9,0,0,0.0,1007,473,49,1.71,3.52,2.92,9.99,2471,2
2026-05-17 07:08:52,1.3,11.20,12.25,12.77,1545545,91371,5.9,0,0,0.0,1007,473,49,3.78,3.19,1.46,8.42,2479,1
2026-05-17 07:09:53,1.3,10.41,11.81,12.58,1545545,91385,5.9,0,0,0.0,1007,473,49,2.28,3.38,2.64,9.78,2475,1
2026-05-17 07:10:53,9.3,10.29,11.50,12.42,1545545,91347,5.9,0,0,0.0,1007,473,49,2.17,3.28,1.18,8.14,2455,14
2026-05-17 07:11:53,3.8,12.99,12.15,12.60,1545545,91358,5.9,0,0,0.0,1007,473,49,2.22,3.62,9.46,16.93,2469,21
2026-05-17 07:12:54,1.7,14.13,12.87,12.83,1545545,91356,5.9,0,0,0.0,1007,473,49,2.26,3.07,8.04,15.65,2460,7
2026-05-17 07:13:54,1.2,12.01,12.53,12.72,1545545,91383,5.9,0,0,0.0,1007,473,49,3.62,3.27,3.28,10.40,2459,3
2026-05-17 07:14:54,1.3,10.60,12.01,12.53,1545545,91411,5.9,0,0,0.0,1007,473,49,6.42,3.46,2.16,9.17,2461,6
2026-05-17 07:15:55,1.7,11.16,11.87,12.44,1545545,91408,5.9,0,0,0.0,1007,473,49,5.20,3.38,8.21,15.34,2478,4
2026-05-17 07:16:55,4.0,11.69,11.90,12.42,1545545,91399,5.9,0,0,0.0,1007,473,49,2.88,3.29,7.87,15.01,2474,6
2026-05-17 07:17:55,3.2,11.25,11.72,12.32,1545545,91404,5.9,0,0,0.0,1007,473,49,3.53,3.42,4.22,11.42,2473,17
2026-05-17 07:18:56,3.0,12.28,11.89,12.34,1545545,91475,5.9,0,0,0.0,1007,473,49,3.21,3.16,5.93,12.63,2489,3
2026-05-17 07:19:56,1.4,10.79,11.55,12.19,1545545,91439,5.9,0,0,0.0,1007,473,49,4.15,3.15,1.09,7.97,2474,3
2026-05-17 07:20:56,3.1,10.85,11.40,12.10,1545545,91429,5.9,0,0,0.0,1007,473,49,5.66,3.39,1.85,9.01,2472,5
2026-05-17 07:21:57,1.9,10.41,11.23,11.99,1545545,91399,5.9,0,0,0.0,1007,473,49,2.26,3.48,5.22,12.60,2469,5
2026-05-17 07:22:57,1.2,10.21,11.06,11.89,1545545,91402,5.9,0,0,0.0,1007,473,49,3.85,3.34,2.59,9.80,2475,3
2026-05-17 07:23:57,1.2,10.14,10.87,11.77,1545545,91428,5.9,0,0,0.0,1007,473,49,6.08,3.31,1.10,7.98,2475,1
2026-05-17 07:24:58,8.1,11.33,11.15,11.81,1545545,91438,5.9,0,0,0.0,1007,473,49,3.43,3.32,4.41,11.73,2466,22
2026-05-17 07:25:58,1.3,11.66,11.34,11.84,1545545,91427,5.9,0,0,0.0,1007,473,49,3.43,3.41,6.46,13.78,2470,5
2026-05-17 07:26:58,3.4,11.34,11.25,11.77,1545545,91439,5.9,0,0,0.0,1007,473,49,1.49,3.29,7.30,14.12,2482,5
2026-05-17 07:27:59,1.4,11.19,11.22,11.73,1545545,91417,5.9,0,0,0.0,1007,473,49,2.59,3.43,4.91,12.35,2472,2
2026-05-17 07:28:59,1.2,11.60,11.27,11.71,1545545,91452,5.9,0,0,0.0,1007,473,49,3.13,3.30,5.51,12.81,2471,3
2026-05-17 07:29:59,1.1,11.17,11.21,11.66,1545545,91339,5.9,0,0,0.0,1007,473,49,3.03,3.28,2.18,9.18,2479,5
2026-05-17 07:31:00,1.4,10.96,11.11,11.60,1545545,91315,5.9,0,0,0.0,1007,473,49,3.99,2.94,2.74,9.93,2466,5
2026-05-17 07:32:00,1.3,10.83,11.06,11.55,1545545,91307,5.9,0,0,0.0,1007,473,49,3.32,3.30,2.56,9.58,2460,9
2026-05-17 07:33:00,1.3,11.64,11.16,11.55,1545545,91322,5.9,0,0,0.0,1007,473,49,4.57,3.42,5.25,12.57,2474,3
2026-05-17 07:34:01,3.1,12.36,11.40,11.60,1545545,91357,5.9,0,0,0.0,1007,473,49,3.34,3.29,7.40,15.06,2472,5
2026-05-17 07:35:01,2.9,13.94,12.08,11.83,1545545,91359,5.9,0,0,0.0,1007,473,49,2.88,3.16,11.14,18.36,2475,5
2026-05-17 07:36:01,2.1,12.21,11.94,11.79,1545545,91339,5.9,0,0,0.0,1007,473,49,5.82,3.62,6.70,13.90,2485,6
2026-05-17 07:37:02,1.4,13.32,12.24,11.90,1545545,91329,5.9,0,0,0.0,1007,473,49,4.14,3.55,5.29,12.36,2484,1
2026-05-17 07:38:02,1.4,11.93,12.06,11.87,1545545,91342,5.9,0,0,0.0,1007,473,49,2.39,3.30,6.29,13.17,2480,1
2026-05-17 07:39:02,1.9,12.37,12.15,11.91,1545545,91376,5.9,0,0,0.0,1007,473,49,5.41,3.28,6.42,13.72,2485,3
2026-05-17 07:40:03,11.3,17.87,13.44,12.35,1545545,91335,5.9,0,0,0.0,1007,473,49,2.46,3.34,7.09,14.30,2484,20
2026-05-17 07:41:03,3.4,15.68,13.67,12.50,1545545,91350,5.9,0,0,0.0,1007,473,49,4.28,3.46,9.66,16.55,2479,6
2026-05-17 07:42:03,1.8,14.74,13.79,12.61,1545545,91345,5.9,0,0,0.0,1007,473,49,4.00,3.27,11.58,18.13,2487,2
2026-05-17 07:43:04,1.2,13.99,13.67,12.64,1545545,91350,5.9,0,0,0.0,1007,473,49,2.57,3.30,1.88,9.10,2479,4
2026-05-17 07:44:04,1.4,19.87,15.80,13.46,1545545,91367,5.9,0,0,0.0,1007,473,49,2.78,3.23,6.14,13.01,2468,4
2026-05-17 07:45:04,1.2,18.08,16.10,13.72,1545545,91369,5.9,0,0,0.0,1007,473,49,2.69,3.31,5.59,12.75,2471,6
2026-05-17 07:46:05,3.4,27.47,19.40,15.01,1545545,91379,5.9,0,0,0.0,1007,473,49,2.83,3.22,3.22,10.47,2479,6
2026-05-17 07:47:05,1.4,17.55,18.06,14.82,1545545,91354,5.9,0,0,0.0,1007,473,49,3.02,3.55,1.67,8.65,2473,4
2026-05-17 07:48:05,1.4,12.87,16.62,14.53,1545545,91364,5.9,0,0,0.0,1007,473,49,4.74,3.30,1.17,8.20,2475,2
2026-05-17 07:49:06,1.7,10.91,15.42,14.25,1545545,91388,5.9,0,0,0.0,1007,473,49,3.46,3.42,1.07,8.06,2485,2
2026-05-17 07:50:06,1.2,11.19,14.68,14.07,1545545,91391,5.9,0,0,0.0,1007,473,49,3.81,3.10,2.55,9.73,2489,8
2026-05-17 07:51:06,1.1,12.26,14.49,14.05,1545545,91361,5.9,0,0,0.0,1007,473,49,5.46,3.35,7.43,15.03,2485,3
2026-05-17 07:52:07,2.2,11.71,13.97,13.89,1545545,91372,5.9,0,0,0.0,1007,473,49,2.61,3.36,2.97,10.05,2486,4
2026-05-17 07:53:07,1.2,11.38,13.48,13.73,1545545,91425,5.9,0,0,0.0,1007,473,49,2.85,3.27,7.14,13.97,2486,7
2026-05-17 07:54:07,1.1,12.30,13.41,13.69,1545545,91442,5.9,0,0,0.0,1007,473,49,3.96,2.80,5.10,12.39,2476,4
2026-05-17 07:55:08,3.4,12.69,13.18,13.59,1545545,91445,5.9,0,0,0.0,1007,473,49,2.37,3.26,4.49,11.82,2466,3
2026-05-17 07:56:08,1.1,11.05,12.64,13.38,1545545,91429,5.9,0,0,0.0,1007,473,49,5.27,3.51,1.88,8.91,2472,6
2026-05-17 07:57:08,1.3,11.82,12.50,13.27,1545545,91441,5.9,0,0,0.0,1007,473,49,4.52,3.31,2.99,10.04,2469,3
2026-05-17 07:58:09,4.5,12.75,12.68,13.28,1545545,91472,5.9,0,0,0.0,1007,473,49,3.61,3.34,9.60,16.40,2477,5
2026-05-17 07:59:09,1.5,11.43,12.31,13.12,1545545,91445,5.9,0,0,0.0,1007,473,49,4.19,3.20,2.47,9.51,2487,2
2026-05-17 08:00:09,3.3,9.95,11.73,12.87,1545545,91446,5.9,0,0,0.0,1007,473,49,3.50,3.18,1.39,8.34,2497,7
2026-05-17 08:01:10,1.6,12.10,12.08,12.92,1545545,91431,5.9,0,0,0.0,1007,473,49,4.27,47.41,9.49,16.41,2485,4
2026-05-17 08:02:10,1.4,12.24,12.12,12.88,1545545,91432,5.9,0,0,0.0,1007,473,49,2.06,3.43,2.93,10.08,2487,3
2026-05-17 08:03:10,1.4,12.51,12.25,12.88,1545545,91453,5.9,0,0,0.0,1007,473,49,3.65,3.25,3.70,10.91,2483,4
2026-05-17 08:04:11,1.3,12.06,12.15,12.80,1545545,91460,5.9,0,0,0.0,1007,473,49,4.27,3.15,2.97,10.20,2477,6
2026-05-17 08:05:11,1.1,10.23,11.61,12.57,1545545,91442,5.9,0,0,0.0,1007,473,49,2.22,3.19,1.08,7.98,2474,3
2026-05-17 08:06:11,1.3,11.45,11.76,12.57,1545545,91444,5.9,0,0,0.0,1007,473,49,3.37,3.26,10.75,17.51,2475,6
2026-05-17 08:07:12,1.3,10.63,11.43,12.40,1545545,91458,5.9,0,0,0.0,1007,473,49,2.65,3.37,1.82,8.89,2480,5
2026-05-17 08:08:12,1.2,9.59,11.01,12.19,1545545,91344,5.9,0,0,0.0,1007,473,49,2.05,3.20,1.08,8.10,2479,4
2026-05-17 08:09:12,1.1,10.33,10.94,12.09,1545545,91345,5.9,0,0,0.0,1007,473,49,2.95,3.27,6.61,14.11,2479,5
2026-05-17 08:10:13,1.9,16.09,12.35,12.49,1545545,91353,5.9,0,0,0.0,1007,473,49,2.45,3.21,11.81,19.21,2475,2
2026-05-17 08:11:13,1.3,13.43,12.30,12.47,1545545,91328,5.9,0,0,0.0,1007,473,49,4.19,3.29,6.60,13.32,2468,3
2026-05-17 08:12:13,1.9,12.05,12.19,12.42,1545545,91339,5.9,0,0,0.0,1007,473,49,4.33,3.25,4.97,12.10,2469,1
2026-05-17 08:13:14,1.3,11.76,12.11,12.38,1545545,91354,5.9,0,0,0.0,1007,473,49,2.46,2.86,1.07,8.06,2473,1
2026-05-17 08:14:14,1.2,11.38,12.00,12.33,1545545,91351,5.9,0,0,0.0,1007,473,49,2.18,3.22,4.10,11.42,2476,3
2026-05-17 08:15:14,1.3,11.68,11.91,12.27,1545545,91338,5.9,0,0,0.0,1007,473,49,4.84,3.24,1.84,8.80,2475,6
2026-05-17 08:16:15,1.4,12.56,12.03,12.28,1545545,91360,5.9,0,0,0.0,1007,473,49,5.00,3.10,5.91,13.44,2469,8
2026-05-17 08:17:15,1.1,12.10,11.98,12.25,1545545,91364,5.9,0,0,0.0,1007,473,49,2.50,3.47,3.00,10.12,2478,2
2026-05-17 08:18:15,1.2,10.81,11.62,12.11,1545545,91386,5.9,0,0,0.0,1007,473,49,3.25,3.16,1.84,8.82,2483,8
2026-05-17 08:19:16,1.5,9.93,11.25,11.95,1545545,91389,5.9,0,0,0.0,1007,473,49,4.40,3.26,1.54,8.70,2473,5
2026-05-17 08:20:16,3.0,10.62,11.21,11.89,1545545,91390,5.9,0,0,0.0,1007,473,49,3.84,3.18,2.70,9.75,2475,6
2026-05-17 08:21:16,1.4,10.48,11.11,11.82,1545545,91362,5.9,0,0,0.0,1007,473,49,4.35,3.22,3.00,10.00,2488,2
2026-05-17 08:22:17,2.1,12.92,11.52,11.90,1545545,91393,5.9,0,0,0.0,1007,473,49,1.85,3.27,3.93,10.88,2479,3
2026-05-17 08:23:17,2.3,11.04,11.29,11.80,1545545,91390,5.9,0,0,0.0,1007,473,49,2.15,3.06,4.45,11.03,2469,7
2026-05-17 08:24:17,1.7,10.92,11.22,11.75,1545545,91410,5.9,0,0,0.0,1007,473,49,4.34,3.31,6.88,14.10,2470,7
2026-05-17 08:25:18,8.7,10.51,11.07,11.66,1545545,91387,5.9,0,0,0.0,1007,473,49,2.97,3.14,2.19,9.30,2467,26
2026-05-17 08:26:18,1.4,11.98,11.25,11.68,1545545,91425,5.9,0,0,0.0,1007,473,49,3.02,3.27,2.97,10.06,2465,1
2026-05-17 08:27:18,3.0,11.89,11.33,11.68,1545545,91425,5.9,0,0,0.0,1007,473,49,4.71,3.38,4.44,11.68,2466,4
2026-05-17 08:28:19,3.6,13.47,11.91,11.86,1545545,91443,5.9,0,0,0.0,1007,473,49,3.24,3.16,7.71,15.26,2466,7
2026-05-17 08:29:19,2.3,13.73,12.22,11.96,1545545,91452,5.9,0,0,0.0,1007,473,49,3.15,3.34,4.23,11.75,2468,6
2026-05-17 08:30:19,3.0,13.29,12.32,12.02,1545545,91437,5.9,0,0,0.0,1007,473,49,3.85,3.04,7.64,15.19,2469,9
2026-05-17 08:31:20,1.5,12.09,12.14,11.97,1545545,91439,5.9,0,0,0.0,1007,473,49,2.75,3.29,5.54,12.93,2470,4
2026-05-17 08:32:20,1.8,12.67,12.24,12.01,1545545,91453,5.9,0,0,0.0,1007,473,49,4.14,3.31,7.45,14.56,2475,2
2026-05-17 08:33:20,1.3,10.95,11.85,11.89,1545545,91477,5.9,0,0,0.0,1007,473,49,4.57,3.14,3.28,10.40,2480,4
2026-05-17 08:34:21,1.5,11.37,11.80,11.87,1545545,91491,5.9,0,0,0.0,1007,473,49,3.47,3.25,4.15,11.47,2471,2
2026-05-17 08:35:21,1.3,12.97,12.08,11.96,1545545,91469,5.9,0,0,0.0,1007,473,49,2.93,3.33,7.29,14.28,2459,5
2026-05-17 08:36:21,1.5,11.45,11.79,11.87,1545545,91458,5.9,0,0,0.0,1007,473,49,1.79,3.16,2.21,9.17,2460,8
2026-05-17 08:37:22,1.4,11.10,11.62,11.80,1545545,91451,5.9,0,0,0.0,1007,473,49,4.43,3.14,3.46,10.76,2452,3
2026-05-17 08:38:22,1.5,11.99,11.76,11.83,1545545,91487,5.9,0,0,0.0,1007,473,49,3.53,3.26,6.06,13.12,2453,2
2026-05-17 08:39:22,3.1,12.77,11.95,11.89,1545545,91519,5.9,0,0,0.0,1007,473,49,3.86,3.26,2.94,10.20,2474,8
2026-05-17 08:40:23,1.2,12.33,12.00,11.91,1545545,91485,5.9,0,0,0.0,1007,473,49,4.75,3.26,5.17,12.56,2493,2
2026-05-17 08:41:23,7.7,11.07,11.67,11.80,1545545,91468,5.9,0,0,0.0,1007,473,49,4.44,3.17,6.39,13.04,2493,4
2026-05-17 08:42:24,1.8,11.37,11.74,11.82,1545545,91467,5.9,0,0,0.0,1007,473,49,5.56,3.39,5.91,13.40,2494,2
2026-05-17 08:43:24,3.1,10.83,11.53,11.74,1545545,91510,5.9,0,0,0.0,1007,473,49,3.49,3.25,2.03,9.08,2484,15
2026-05-17 08:44:24,3.3,12.29,11.73,11.79,1545545,91519,5.9,0,0,0.0,1007,473,49,4.37,3.33,6.81,13.83,2479,8
2026-05-17 08:45:25,3.3,13.70,12.14,11.93,1545545,91484,5.9,0,0,0.0,1007,473,49,4.08,3.05,11.41,17.72,2457,4
2026-05-17 08:46:25,2.0,12.90,12.18,11.95,1545545,91371,5.9,0,0,0.0,1007,473,49,2.94,3.32,10.09,16.47,2462,4
2026-05-17 08:47:25,1.4,12.73,12.28,12.00,1545545,91342,5.9,0,0,0.0,1007,473,49,4.80,3.58,4.12,10.94,2458,1
2026-05-17 08:48:26,1.0,11.34,12.03,11.94,1545545,91386,5.9,0,0,0.0,1007,473,49,3.68,3.16,6.25,13.65,2474,4
2026-05-17 08:49:26,1.9,10.54,11.67,11.82,1545545,91371,5.9,0,0,0.0,1007,473,49,2.83,3.28,1.18,8.26,2476,7
2026-05-17 08:50:26,5.1,10.80,11.48,11.74,1545545,91378,5.9,0,0,0.0,1007,473,49,3.86,3.18,2.57,9.77,2487,4
2026-05-17 08:51:27,1.6,9.50,10.99,11.56,1545545,91363,5.9,0,0,0.0,1007,473,49,4.14,3.31,2.49,9.54,2489,1
2026-05-17 08:52:27,1.8,9.83,10.83,11.46,1545545,91359,5.9,0,0,0.0,1007,473,49,4.74,3.21,1.95,9.08,2491,7
2026-05-17 08:53:27,3.7,11.51,11.16,11.54,1545545,91397,5.9,0,0,0.0,1007,473,49,3.82,3.16,7.88,14.98,2477,6
2026-05-17 08:54:28,1.6,11.80,11.41,11.61,1545545,91403,5.9,0,0,0.0,1007,473,49,4.58,3.46,6.33,13.31,2483,1
2026-05-17 08:55:28,5.7,11.40,11.34,11.57,1545545,91396,5.9,0,0,0.0,1007,473,49,4.41,3.18,4.91,12.31,2469,10
2026-05-17 08:56:28,1.4,10.76,11.25,11.53,1545545,91395,5.9,0,0,0.0,1007,473,49,2.87,3.20,4.72,11.87,2474,5
2026-05-17 08:57:29,1.3,10.40,11.07,11.45,1545545,91399,5.9,0,0,0.0,1007,473,49,6.32,3.44,4.13,11.49,2486,2
2026-05-17 08:58:29,4.3,9.78,10.77,11.32,1545545,91422,5.9,0,0,0.0,1007,473,49,3.91,3.14,1.83,8.83,2486,5
2026-05-17 08:59:29,1.6,10.86,10.85,11.31,1545545,91438,5.9,0,0,0.0,1007,473,49,2.58,3.18,5.17,12.59,2480,3
2026-05-17 09:00:30,1.8,10.98,10.89,11.30,1545545,91393,5.9,0,0,0.0,1007,473,49,7.43,3.20,5.51,13.00,2489,7
2026-05-17 09:01:30,3.5,12.28,11.25,11.39,1545545,91396,5.9,0,0,0.0,1007,473,49,2.22,47.71,6.22,13.61,2477,2
2026-05-17 09:02:30,1.8,11.31,11.19,11.36,1545545,91397,5.9,0,0,0.0,1007,473,49,3.48,3.29,3.82,11.04,2459,1
2026-05-17 09:03:31,1.5,11.11,11.18,11.35,1545545,91406,5.9,0,0,0.0,1007,473,49,3.45,3.21,1.81,8.82,2480,3
2026-05-17 09:04:31,1.5,11.35,11.24,11.36,1545545,91431,5.9,0,0,0.0,1007,473,49,2.10,2.71,2.90,10.03,2500,3
2026-05-17 09:05:31,3.5,12.15,11.55,11.46,1545545,91441,5.9,0,0,0.0,1007,473,49,4.39,3.34,10.03,16.94,2499,5
2026-05-17 09:06:32,3.3,12.79,11.85,11.57,1545545,91443,5.9,0,0,0.0,1007,473,49,3.27,3.24,11.70,18.85,2504,4
2026-05-17 09:07:32,1.3,12.61,12.02,11.65,1545545,91408,5.9,0,0,0.0,1007,473,49,6.05,3.46,7.82,15.45,2509,2
2026-05-17 09:08:32,3.1,12.72,12.06,11.68,1545545,91467,5.9,0,0,0.0,1007,473,49,3.51,3.18,2.94,10.02,2478,15
2026-05-17 09:09:33,1.3,11.29,11.74,11.59,1545545,91471,5.9,0,0,0.0,1007,473,49,4.44,3.14,1.45,8.46,2491,2
2026-05-17 09:10:33,1.3,10.93,11.51,11.52,1545545,91472,5.9,0,0,0.0,1007,473,49,2.46,3.23,3.01,10.23,2476,3
2026-05-17 09:11:33,1.7,11.09,11.42,11.48,1545545,91446,5.9,0,0,0.0,1007,473,49,3.03,3.25,1.15,7.99,2471,5
2026-05-17 09:12:34,3.1,11.03,11.32,11.44,1545545,91472,5.9,0,0,0.0,1007,473,49,4.85,3.27,4.95,12.41,2481,5
2026-05-17 09:13:34,1.4,10.77,11.20,11.39,1545545,91473,5.9,0,0,0.0,1007,473,49,4.02,3.15,2.48,9.51,2509,4
2026-05-17 09:14:34,4.7,16.53,13.06,12.04,1545545,91489,5.9,0,0,0.0,1007,473,49,5.37,3.22,9.18,16.37,2492,4
2026-05-17 09:15:35,1.4,13.70,12.99,12.08,1545545,91452,5.9,0,0,0.0,1007,473,49,2.59,3.28,8.06,15.26,2495,3
2026-05-17 09:16:35,3.4,11.44,12.46,11.96,1545545,91475,5.9,0,0,0.0,1007,473,49,1.97,3.27,4.34,11.56,2503,4
2026-05-17 09:17:35,3.3,10.97,12.09,11.86,1545545,91492,5.9,0,0,0.0,1007,473,49,3.12,3.29,4.70,11.99,2488,8
2026-05-17 09:18:36,1.8,10.37,11.69,11.73,1545545,91484,5.9,0,0,0.0,1007,473,49,2.43,3.33,1.37,8.36,2480,2
2026-05-17 09:19:36,1.3,12.47,12.05,11.85,1545545,91486,5.9,0,0,0.0,1007,473,49,2.35,3.21,8.88,16.60,2499,3
2026-05-17 09:20:36,3.2,11.87,11.90,11.81,1545545,91472,5.9,0,0,0.0,1007,473,49,4.40,3.20,4.77,12.18,2484,6
2026-05-17 09:21:37,1.3,12.19,12.05,11.87,1545545,91465,5.9,0,0,0.0,1007,473,49,3.47,3.25,4.48,11.75,2480,2
2026-05-17 09:22:37,1.3,12.76,12.29,11.97,1545545,91459,5.9,0,0,0.0,1007,473,49,3.82,3.28,6.67,14.15,2483,4
2026-05-17 09:23:38,1.3,11.49,11.99,11.89,1545545,91481,5.9,0,0,0.0,1007,473,49,2.24,2.95,1.90,8.87,2476,4
2026-05-17 09:24:38,1.3,10.81,11.74,11.81,1545545,91493,5.9,0,0,0.0,1007,473,49,3.79,3.12,2.18,9.32,2475,2
2026-05-17 09:25:38,1.4,12.76,12.15,11.95,1545545,91351,5.9,0,0,0.0,1007,473,49,3.17,3.42,7.81,15.42,2492,3
2026-05-17 09:26:39,1.3,11.61,11.94,11.89,1545545,91347,5.9,0,0,0.0,1007,473,49,3.65,3.35,1.12,7.96,2495,3
2026-05-17 09:27:39,1.4,11.38,11.88,11.87,1545545,91354,5.9,0,0,0.0,1007,473,49,2.81,3.38,1.84,8.91,2495,1
2026-05-17 09:28:39,3.0,19.34,13.95,12.58,1545545,91408,5.9,0,0,0.0,1007,473,49,5.14,3.17,12.19,19.36,2510,5
2026-05-17 09:29:40,1.8,16.58,14.12,12.72,1545545,91388,5.9,0,0,0.0,1007,473,49,3.16,3.15,5.43,12.05,2490,11
2026-05-17 09:30:40,1.7,15.93,14.46,12.93,1545545,91359,5.9,0,0,0.0,1007,473,49,2.32,3.38,6.83,14.19,2464,2
2026-05-17 09:31:40,2.1,16.87,14.75,13.11,1545545,91383,5.9,0,0,0.0,1007,473,49,2.07,3.23,4.55,11.48,2473,9
2026-05-17 09:32:41,1.2,14.61,14.57,13.16,1545545,91374,5.9,0,0,0.0,1007,473,49,3.07,3.12,5.64,12.14,2469,4
2026-05-17 09:33:41,1.6,14.23,14.56,13.25,1545545,91389,5.9,0,0,0.0,1007,473,49,5.27,3.30,3.83,11.10,2460,4
2026-05-17 09:34:41,1.5,17.60,15.61,13.70,1545545,91402,5.9,0,0,0.0,1007,473,49,2.80,3.26,8.92,15.89,2479,6
2026-05-17 09:35:42,1.9,17.19,15.74,13.85,1545545,91413,5.9,0,0,0.0,1007,473,49,4.48,3.37,5.30,12.36,2498,7
2026-05-17 09:36:42,1.2,13.98,15.05,13.73,1545545,91382,5.9,0,0,0.0,1007,473,49,3.09,3.36,1.57,8.56,2482,3
2026-05-17 09:37:42,1.3,13.04,14.45,13.60,1545545,91414,5.9,0,0,0.0,1007,473,49,2.07,3.19,2.55,9.63,2472,1
2026-05-17 09:38:43,4.8,14.52,14.51,13.67,1545545,91428,5.9,0,0,0.0,1007,473,49,3.27,3.39,7.53,15.08,2483,10
2026-05-17 09:39:43,1.8,12.74,13.99,13.54,1545545,91430,5.9,0,0,0.0,1007,473,49,2.21,3.02,3.01,10.07,2476,3
2026-05-17 09:40:43,1.3,11.66,13.48,13.39,1545545,91421,5.9,0,0,0.0,1007,473,49,3.57,3.43,1.13,8.22,2474,3
2026-05-17 09:41:44,1.4,12.83,13.48,13.40,1545545,91414,5.9,0,0,0.0,1007,473,49,6.18,3.26,8.62,15.35,2488,3
2026-05-17 09:42:44,3.4,12.62,13.27,13.33,1545545,91424,5.9,0,0,0.0,1007,473,49,4.89,3.13,5.18,12.52,2478,7
2026-05-17 09:43:44,1.3,12.39,13.10,13.27,1545545,91442,5.9,0,0,0.0,1007,473,49,3.42,3.26,8.60,16.19,2482,5
2026-05-17 09:44:45,3.3,11.49,12.67,13.10,1545545,91451,5.9,0,0,0.0,1007,473,49,2.38,3.28,1.38,8.42,2483,6
2026-05-17 09:45:45,3.0,12.59,12.75,13.10,1545545,91428,5.9,0,0,0.0,1007,473,49,2.47,3.20,9.56,17.38,2475,4
2026-05-17 09:46:45,1.2,11.86,12.56,13.01,1545545,91394,5.9,0,0,0.0,1007,473,49,3.27,3.29,3.05,10.09,2464,3
2026-05-17 09:47:46,1.2,11.18,12.27,12.89,1545545,91425,5.9,0,0,0.0,1007,473,49,2.94,3.26,5.95,13.33,2481,2
2026-05-17 09:48:46,1.7,10.96,12.02,12.76,1545545,91466,5.9,0,0,0.0,1007,473,49,4.45,3.49,6.39,13.85,2477,3
2026-05-17 09:49:46,3.1,12.31,12.14,12.75,1545545,91485,5.9,0,0,0.0,1007,473,49,5.05,3.09,5.57,12.94,2481,10
2026-05-17 09:50:47,3.3,11.30,11.84,12.60,1545545,91474,5.9,0,0,0.0,1007,473,49,5.09,3.20,3.21,10.43,2478,10
2026-05-17 09:51:47,1.8,13.03,12.23,12.69,1545545,91466,5.9,0,0,0.0,1007,473,49,3.66,3.31,7.72,15.35,2481,2
2026-05-17 09:52:47,1.7,11.82,12.00,12.58,1545545,91466,5.9,0,0,0.0,1007,473,49,3.32,3.20,5.27,11.91,2471,4
2026-05-17 09:53:48,2.2,11.84,12.01,12.55,1545545,91488,5.9,0,0,0.0,1007,473,49,7.18,3.30,7.86,14.86,2471,21
2026-05-17 09:54:48,1.9,13.14,12.46,12.68,1545545,91515,5.9,0,0,0.0,1007,473,49,2.47,3.23,9.86,17.01,2476,4
2026-05-17 09:55:48,2.2,14.17,12.90,12.82,1545545,91485,5.9,0,0,0.0,1007,473,49,3.20,2.96,11.16,18.35,2478,6
2026-05-17 09:56:49,2.5,11.18,12.27,12.60,1545545,91471,5.9,0,0,0.0,1007,473,49,5.27,3.39,2.37,9.25,2478,5
2026-05-17 09:57:49,3.1,11.21,12.07,12.51,1545545,91500,5.9,0,0,0.0,1007,473,49,3.25,3.23,7.87,14.56,2487,9
2026-05-17 09:58:49,2.1,11.13,11.90,12.42,1545545,91504,5.9,0,0,0.0,1007,473,49,4.89,3.37,8.59,15.78,2476,7
2026-05-17 09:59:50,1.2,11.95,11.98,12.42,1545545,91503,5.9,0,0,0.0,1007,473,49,3.93,3.20,9.25,16.11,2475,5
2026-05-17 10:00:50,3.5,11.05,11.69,12.28,1545545,91500,5.9,0,0,0.0,1007,473,49,3.71,3.28,2.86,10.00,2495,6
2026-05-17 10:01:50,1.1,9.67,11.19,12.07,1545545,91356,5.9,0,0,0.0,1007,473,49,5.48,52.03,1.96,9.00,2493,1
2026-05-17 10:02:51,1.5,10.01,10.99,11.95,1545545,91344,5.9,0,0,0.0,1007,473,49,3.51,3.23,1.10,8.07,2489,1
2026-05-17 10:03:51,4.2,11.25,11.12,11.93,1545545,91413,5.9,0,0,0.0,1007,473,49,4.79,3.34,4.72,12.07,2489,7
2026-05-17 10:04:51,1.8,11.06,11.11,11.88,1545545,91385,5.9,0,0,0.0,1007,473,49,2.44,3.19,2.72,9.89,2484,3
2026-05-17 10:05:52,1.4,15.61,12.91,12.48,1545545,91373,5.9,0,0,0.0,1007,473,49,3.43,3.11,2.96,10.10,2465,3
2026-05-17 10:06:52,1.2,13.04,12.68,12.43,1545545,91364,5.9,0,0,0.0,1007,473,49,4.71,3.39,4.88,12.20,2466,2
2026-05-17 10:07:52,1.1,11.84,12.41,12.35,1545545,91364,5.9,0,0,0.0,1007,473,49,3.56,3.29,2.94,10.00,2470,2
2026-05-17 10:08:53,1.4,12.79,12.58,12.41,1545545,91405,5.9,0,0,0.0,1007,473,49,3.68,3.35,4.48,11.81,2467,9
2026-05-17 10:09:53,1.5,13.91,12.81,12.49,1545545,91430,5.9,0,0,0.0,1007,473,49,1.97,3.04,10.48,17.54,2463,8
2026-05-17 10:10:53,1.7,13.92,13.10,12.62,1545545,91376,5.9,0,0,0.0,1007,473,49,2.29,3.24,7.70,14.58,2469,2
2026-05-17 10:11:54,1.1,11.92,12.67,12.50,1545545,91382,5.9,0,0,0.0,1007,473,49,3.12,3.33,1.20,8.30,2471,5
2026-05-17 10:12:54,1.6,11.78,12.52,12.46,1545545,91375,5.9,0,0,0.0,1007,473,49,6.30,3.10,6.24,13.61,2471,4
2026-05-17 10:13:54,1.3,11.24,12.19,12.35,1545545,91412,5.9,0,0,0.0,1007,473,49,5.24,3.26,1.18,8.10,2466,6
2026-05-17 10:14:55,1.3,10.35,11.75,12.18,1545545,91420,5.9,0,0,0.0,1007,473,49,3.66,3.16,1.15,8.20,2465,2
2026-05-17 10:15:55,1.4,10.29,11.48,12.06,1545545,91401,5.9,0,0,0.0,1007,473,49,2.46,3.24,3.63,10.80,2468,3
2026-05-17 10:16:55,3.2,10.74,11.35,11.97,1545545,91425,5.9,0,0,0.0,1007,473,49,2.04,3.26,1.97,9.09,2475,6
2026-05-17 10:17:56,3.2,11.20,11.36,11.94,1545545,91428,5.9,0,0,0.0,1007,473,49,6.03,3.36,9.02,16.68,2472,7
2026-05-17 10:18:56,1.7,11.61,11.48,11.95,1545545,91447,5.9,0,0,0.0,1007,473,49,3.66,3.05,13.14,20.23,2480,6
2026-05-17 10:19:56,3.7,10.57,11.20,11.82,1545545,91459,5.9,0,0,0.0,1007,473,49,5.74,3.09,2.25,9.41,2483,3
2026-05-17 10:20:57,1.3,12.19,11.63,11.93,1545545,91408,5.9,0,0,0.0,1007,473,49,2.84,3.23,9.36,16.95,2481,3
2026-05-17 10:21:57,1.5,11.78,11.63,11.91,1545545,91408,5.9,0,0,0.0,1007,473,49,3.37,3.38,5.22,12.61,2472,5
2026-05-17 10:22:57,3.2,11.13,11.43,11.82,1545545,91431,5.9,0,0,0.0,1007,473,49,3.22,3.29,4.83,12.12,2472,6
2026-05-17 10:23:58,1.7,12.63,11.66,11.87,1545545,91446,5.9,0,0,0.0,1007,473,49,4.64,3.20,6.14,13.61,2466,1
2026-05-17 10:24:58,1.4,11.79,11.56,11.82,1545545,91449,5.9,0,0,0.0,1007,473,49,4.14,3.22,7.30,14.57,2475,2
2026-05-17 10:25:58,2.8,17.93,13.47,12.46,1545545,91468,5.9,0,0,0.0,1007,473,49,3.16,3.23,7.39,14.39,2480,7
2026-05-17 10:26:59,2.2,21.93,14.94,13.01,1545545,91474,5.9,0,0,0.0,1007,473,49,2.75,3.55,7.54,14.68,2476,3
2026-05-17 10:27:59,2.9,16.57,14.57,12.99,1545545,91465,5.9,0,0,0.0,1007,473,49,3.21,3.06,8.16,15.17,2487,5
2026-05-17 10:28:59,2.1,13.42,14.07,12.92,1545545,91503,5.9,0,0,0.0,1007,473,49,2.92,3.21,7.14,14.36,2491,2
2026-05-17 10:30:00,0.9,11.65,13.52,12.81,1545545,91452,5.9,0,0,0.0,1007,473,49,2.58,3.39,7.49,14.42,2465,3
2026-05-17 10:31:00,1.2,14.79,13.99,13.01,1545545,91447,5.9,0,0,0.0,1007,473,49,1.79,2.98,1.45,8.43,2459,1
2026-05-17 10:32:00,1.2,13.63,13.84,13.02,1545545,91457,5.9,0,0,0.0,1007,473,49,2.15,3.33,4.78,11.62,2463,2
2026-05-17 10:33:01,3.3,10.90,13.03,12.79,1545545,91489,5.9,0,0,0.0,1007,473,49,5.14,3.12,1.49,8.52,2452,7
2026-05-17 10:34:01,1.4,10.91,12.74,12.71,1545545,91491,5.9,0,0,0.0,1007,473,49,2.07,3.19,2.51,9.53,2457,4
2026-05-17 10:35:01,1.3,10.62,12.29,12.56,1545545,91473,5.9,0,0,0.0,1007,473,49,5.00,3.11,4.21,11.52,2474,5
2026-05-17 10:36:02,1.1,10.21,11.86,12.39,1545545,91469,5.9,0,0,0.0,1007,473,49,4.19,3.32,1.49,8.47,2479,1
2026-05-17 10:37:02,1.3,11.02,11.81,12.34,1545545,91481,5.9,0,0,0.0,1007,473,49,2.80,3.45,5.96,13.42,2477,6
2026-05-17 10:38:02,1.2,10.97,11.61,12.23,1545545,91496,5.9,0,0,0.0,1007,473,49,5.24,3.02,3.68,10.78,2486,1
2026-05-17 10:39:03,1.4,11.16,11.53,12.17,1545545,91501,5.9,0,0,0.0,1007,473,49,3.65,3.14,3.04,10.09,2486,9
2026-05-17 10:40:03,1.2,11.80,11.65,12.17,1545545,91376,5.9,0,0,0.0,1007,473,49,4.01,3.26,2.70,9.83,2485,3
2026-05-17 10:41:03,1.7,11.46,11.54,12.09,1545545,91373,5.9,0,0,0.0,1007,473,49,3.39,3.31,2.55,9.60,2477,3
2026-05-17 10:42:04,3.1,11.45,11.44,12.02,1545545,91409,5.9,0,0,0.0,1007,473,49,3.71,3.41,6.10,13.54,2486,5
2026-05-17 10:43:04,3.2,13.10,11.86,12.12,1545545,91390,5.9,0,0,0.0,1007,473,49,4.09,3.06,5.74,13.01,2488,5
2026-05-17 10:44:04,1.9,12.71,11.98,12.15,1545545,91423,5.9,0,0,0.0,1007,473,49,2.85,3.14,10.02,17.58,2481,3
2026-05-17 10:45:05,1.5,11.44,11.71,12.04,1545545,91393,5.9,0,0,0.0,1007,473,49,4.42,3.37,2.06,9.23,2470,9
2026-05-17 10:46:05,3.3,10.71,11.40,11.91,1545545,91392,5.9,0,0,0.0,1007,473,49,2.82,3.00,3.41,10.45,2468,4
2026-05-17 10:47:05,2.9,10.18,11.13,11.78,1545545,91335,5.9,0,0,0.0,1007,473,49,1.74,3.47,4.85,12.15,2454,20
2026-05-17 10:48:06,1.7,12.96,11.71,11.94,1545545,91398,5.9,0,0,0.0,1007,473,49,4.43,3.34,8.64,16.03,2479,2
2026-05-17 10:49:06,3.3,14.34,12.25,12.11,1545545,91396,5.9,0,0,0.0,1007,473,49,4.93,3.31,5.72,13.07,2483,12
2026-05-17 10:50:06,4.9,17.03,13.37,12.50,1545545,91359,5.9,0,0,0.0,1007,473,49,4.95,3.09,3.49,10.80,2491,8
2026-05-17 10:51:07,1.2,12.66,12.81,12.36,1545545,91316,5.9,0,0,0.0,1007,473,49,3.75,3.20,3.04,10.15,2487,2
2026-05-17 10:52:07,1.1,10.91,12.27,12.20,1545545,91321,5.9,0,0,0.0,1007,473,49,2.77,3.42,1.85,8.88,2483,4
2026-05-17 10:53:07,1.3,11.32,12.20,12.18,1545545,91354,5.9,0,0,0.0,1007,473,49,3.62,3.04,2.24,9.28,2470,7
2026-05-17 10:54:08,1.7,10.90,11.89,12.07,1545545,91376,5.9,0,0,0.0,1007,473,49,6.00,3.15,3.32,10.52,2469,20
2026-05-17 10:55:08,1.9,11.53,11.87,12.05,1545545,91401,5.9,0,0,0.0,1007,473,49,3.67,3.25,7.61,14.84,2472,6
2026-05-17 10:56:08,2.3,11.53,11.79,12.01,1545545,91427,5.9,0,0,0.0,1007,473,49,3.06,3.22,4.14,11.33,2489,5
2026-05-17 10:57:09,1.3,10.17,11.39,11.86,1545545,91436,5.9,0,0,0.0,1007,473,49,5.41,3.33,4.49,11.72,2500,9
2026-05-17 10:58:09,1.4,10.02,11.14,11.75,1545545,91351,5.9,0,0,0.0,1007,473,49,3.03,3.22,2.98,10.17,2485,1
2026-05-17 10:59:09,1.4,11.29,11.28,11.75,1545545,91429,5.9,0,0,0.0,1007,473,49,3.99,2.96,2.97,10.07,2478,5
2026-05-17 11:00:10,2.4,10.77,11.12,11.67,1545545,91439,5.9,0,0,0.0,1007,473,49,3.30,3.45,6.45,13.48,2482,7
2026-05-17 11:01:10,1.5,10.96,11.16,11.65,1545545,91427,5.9,0,0,0.0,1007,473,49,1.70,47.46,4.93,11.65,2474,3
2026-05-17 11:02:10,1.8,10.85,11.10,11.60,1545545,91467,5.9,0,0,0.0,1007,473,49,3.14,3.41,3.34,10.51,2471,5
2026-05-17 11:03:11,3.1,11.20,11.14,11.58,1545545,91402,5.9,0,0,0.0,1007,473,49,3.82,3.40,3.47,10.63,2484,6
2026-05-17 11:04:11,2.9,10.50,11.00,11.51,1545545,91382,5.9,0,0,0.0,1007,473,49,3.41,3.15,4.57,11.76,2478,4
2026-05-17 11:05:11,1.4,12.20,11.34,11.59,1545545,91452,5.9,0,0,0.0,1007,473,49,3.23,3.12,4.78,11.71,2471,3
2026-05-17 11:06:12,2.2,11.75,11.39,11.60,1545545,91477,5.9,0,0,0.0,1007,473,49,3.49,3.27,1.60,8.67,2463,4
2026-05-17 11:07:12,1.6,11.43,11.40,11.59,1545545,91495,5.9,0,0,0.0,1007,473,49,2.65,3.55,9.14,15.78,2465,2
2026-05-17 11:08:12,1.2,11.03,11.32,11.55,1545545,91483,5.9,0,0,0.0,1007,473,49,3.87,3.06,7.43,14.20,2468,7
2026-05-17 11:09:13,1.3,10.54,11.10,11.45,1545545,91508,5.9,0,0,0.0,1007,473,49,4.07,3.14,1.86,8.90,2478,7
2026-05-17 11:10:13,1.2,10.94,11.10,11.43,1545545,91457,5.9,0,0,0.0,1007,473,49,3.42,3.39,2.20,9.19,2487,1
2026-05-17 11:11:13,3.0,11.31,11.17,11.44,1545545,91420,5.9,0,0,0.0,1007,473,49,3.17,3.00,3.16,10.19,2481,5
2026-05-17 11:12:14,1.3,10.55,11.03,11.38,1545545,91396,5.9,0,0,0.0,1007,473,49,3.30,3.20,1.86,8.89,2475,5
2026-05-17 11:13:14,1.1,10.15,10.84,11.29,1545545,91393,5.9,0,0,0.0,1007,473,49,2.46,3.37,1.14,8.19,2475,4
2026-05-17 11:14:14,3.0,15.40,11.99,11.64,1545545,91437,5.9,0,0,0.0,1007,473,49,2.27,3.22,5.38,12.71,2486,5
2026-05-17 11:15:15,1.4,14.75,12.60,11.88,1545545,91482,5.9,0,0,0.0,1007,473,49,3.04,3.02,6.54,13.70,2480,2
2026-05-17 11:16:15,1.4,22.73,14.76,12.65,1545545,91340,5.9,0,0,0.0,1007,473,49,2.36,3.29,4.92,12.23,2481,8
2026-05-17 11:17:15,1.2,16.73,14.52,12.70,1545545,91351,5.9,0,0,0.0,1007,473,49,2.48,3.50,2.56,9.62,2474,4
2026-05-17 11:18:16,1.2,12.05,13.60,12.49,1545545,91390,5.9,0,0,0.0,1007,473,49,4.27,3.33,1.16,8.34,2467,6
2026-05-17 11:19:16,2.1,15.72,14.22,12.77,1545545,91365,5.9,0,0,0.0,1007,473,49,2.55,3.23,7.52,14.57,2460,4
2026-05-17 11:20:16,1.2,15.06,14.28,12.87,1545545,91369,5.9,0,0,0.0,1007,473,49,1.71,3.04,7.19,13.83,2450,4
2026-05-17 11:21:17,3.1,16.82,14.91,13.18,1545545,91404,5.9,0,0,0.0,1007,473,49,4.94,3.34,6.27,13.80,2455,10
2026-05-17 11:22:17,2.1,16.39,15.13,13.36,1545545,91388,5.9,0,0,0.0,1007,473,49,3.10,3.25,11.67,18.68,2461,4
2026-05-17 11:23:17,2.1,12.71,14.26,13.17,1545545,91440,5.9,0,0,0.0,1007,473,49,3.80,3.14,1.84,9.01,2460,5
2026-05-17 11:24:18,3.7,13.09,13.97,13.13,1545545,91454,5.9,0,0,0.0,1007,473,49,3.30,3.32,1.99,9.10,2459,6
2026-05-17 11:25:18,12.6,12.21,13.61,13.06,1545545,91413,5.9,0,0,0.0,1007,473,49,2.31,3.13,2.40,9.48,2474,22
2026-05-17 11:26:18,1.4,11.25,13.08,12.92,1545545,91408,5.9,0,0,0.0,1007,473,49,1.39,3.30,3.13,10.19,2471,3
2026-05-17 11:27:19,1.6,10.87,12.66,12.78,1545545,91374,5.9,0,0,0.0,1007,473,49,4.92,3.33,3.77,10.83,2467,5
2026-05-17 11:28:19,2.0,10.83,12.36,12.67,1545545,91432,5.9,0,0,0.0,1007,473,49,2.85,3.27,4.69,12.22,2477,2
2026-05-17 11:29:19,1.1,10.24,11.85,12.47,1545545,91410,5.9,0,0,0.0,1007,473,49,4.57,2.81,3.82,10.97,2485,3
2026-05-17 11:30:20,3.4,11.95,12.05,12.50,1545545,91403,5.9,0,0,0.0,1007,473,49,2.94,3.05,3.61,10.86,2480,6
2026-05-17 11:31:20,1.2,11.22,11.81,12.39,1545545,91402,5.9,0,0,0.0,1007,473,49,3.96,3.45,2.04,9.10,2474,3
2026-05-17 11:32:20,3.3,11.48,11.82,12.35,1545545,91438,5.9,0,0,0.0,1007,473,49,3.41,3.35,4.87,12.12,2468,5
2026-05-17 11:33:21,1.6,13.65,12.57,12.59,1545545,91445,5.9,0,0,0.0,1007,473,49,4.66,3.45,8.80,16.01,2463,4
2026-05-17 11:34:21,1.6,12.00,12.29,12.49,1545545,91454,5.9,0,0,0.0,1007,473,49,4.32,3.00,1.45,8.51,2461,2
2026-05-17 11:35:21,1.7,14.40,12.95,12.71,1545545,91459,5.9,0,0,0.0,1007,473,49,2.59,3.48,8.67,15.27,2467,2
2026-05-17 11:36:22,1.5,11.76,12.47,12.56,1545545,91456,5.9,0,0,0.0,1007,473,49,4.16,3.62,1.22,8.33,2461,1
2026-05-17 11:37:22,1.2,11.20,12.20,12.46,1545545,91450,5.9,0,0,0.0,1007,473,49,2.67,3.36,1.84,8.80,2463,1
2026-05-17 11:38:22,1.3,11.29,12.06,12.40,1545545,91460,5.9,0,0,0.0,1007,473,49,2.35,3.22,6.69,14.23,2457,13
2026-05-17 11:39:23,1.2,10.86,11.80,12.28,1545545,91503,5.9,0,0,0.0,1007,473,49,1.87,3.28,3.04,10.12,2468,1
2026-05-17 11:40:23,9.5,10.91,11.65,12.20,1545545,91496,5.9,0,0,0.0,1007,473,49,1.73,3.21,2.37,9.43,2460,14
2026-05-17 11:41:23,1.6,10.51,11.42,12.09,1545545,91479,5.9,0,0,0.0,1007,473,49,2.60,3.55,2.54,9.59,2474,1
2026-05-17 11:42:24,3.2,12.75,11.91,12.21,1545545,91495,5.9,0,0,0.0,1007,473,49,2.51,3.02,2.73,9.86,2482,9
2026-05-17 11:43:24,1.4,13.30,12.17,12.28,1545545,91509,5.9,0,0,0.0,1007,473,49,2.89,3.20,10.65,18.47,2484,1
2026-05-17 11:44:24,3.2,12.63,12.12,12.25,1545545,91538,5.9,0,0,0.0,1007,473,49,2.45,3.20,2.32,9.38,2494,5
2026-05-17 11:45:25,1.7,11.74,11.97,12.19,1545545,91496,5.9,0,0,0.0,1007,473,49,2.21,3.11,9.12,16.03,2490,3
2026-05-17 11:46:25,2.9,12.18,12.04,12.20,1545545,91504,5.9,0,0,0.0,1007,473,49,1.71,3.44,8.58,15.96,2490,9
2026-05-17 11:47:26,1.0,11.36,11.86,12.12,1545545,91495,5.9,0,0,0.0,1007,473,49,1.39,2.93,8.60,15.04,2475,8
2026-05-17 11:48:26,3.7,12.08,11.89,12.11,1545545,91534,5.9,0,0,0.0,1007,473,49,1.77,3.39,5.42,12.91,2482,5
2026-05-17 11:49:26,3.1,11.91,11.85,12.09,1545545,91541,5.9,0,0,0.0,1007,473,49,1.29,3.18,5.10,12.47,2474,9
2026-05-17 11:50:27,1.7,12.05,11.91,12.09,1545545,91509,5.9,0,0,0.0,1007,473,49,2.11,3.18,7.60,14.45,2464,4
2026-05-17 11:51:27,1.9,11.28,11.69,12.00,1545545,91508,5.9,0,0,0.0,1007,473,49,2.33,3.31,3.77,11.09,2485,2
2026-05-17 11:52:27,1.4,10.94,11.53,11.93,1545545,91509,5.9,0,0,0.0,1007,473,49,2.09,3.15,2.58,9.58,2492,1
2026-05-17 11:53:28,3.3,11.29,11.47,11.88,1545545,91549,5.9,0,0,0.0,1007,473,49,1.53,3.46,3.77,11.06,2492,5
2026-05-17 11:54:28,1.3,11.18,11.37,11.81,1545545,91408,5.9,0,0,0.0,1007,473,49,2.69,3.22,3.69,10.87,2486,3
2026-05-17 11:55:28,9.5,14.04,11.94,11.97,1545545,91428,5.9,0,0,0.0,1007,473,49,1.53,3.15,3.37,10.38,2492,19
2026-05-17 11:56:29,3.2,13.17,12.13,12.04,1545545,91414,5.9,0,0,0.0,1007,473,49,1.77,3.27,8.65,15.83,2490,7
2026-05-17 11:57:29,3.0,12.04,11.96,11.99,1545545,91430,5.9,0,0,0.0,1007,473,49,1.66,3.38,4.44,11.72,2495,5
2026-05-17 11:58:29,4.8,12.61,12.04,12.01,1545545,91453,5.9,0,0,0.0,1007,473,49,1.37,3.11,5.06,12.36,2481,8
2026-05-17 11:59:30,3.0,12.74,12.16,12.05,1545545,91458,5.9,0,0,0.0,1007,473,49,1.46,3.22,8.05,15.50,2472,6
2026-05-17 12:00:30,1.7,11.38,11.86,11.95,1545545,91403,5.9,0,0,0.0,1007,473,49,1.93,3.09,3.88,11.10,2460,1
2026-05-17 12:01:30,1.4,12.08,11.87,11.94,1545545,91403,5.9,0,0,0.0,1007,473,49,1.48,47.87,2.98,10.14,2473,3
2026-05-17 12:02:31,3.4,14.43,12.34,12.09,1545545,91434,5.9,0,0,0.0,1007,473,49,1.69,3.20,6.56,14.01,2468,5
2026-05-17 12:03:31,1.6,12.30,12.12,12.03,1545545,91434,5.9,0,0,0.0,1007,473,49,1.97,3.23,3.46,10.72,2465,3
2026-05-17 12:04:31,1.5,11.27,11.88,11.95,1545545,91449,5.9,0,0,0.0,1007,473,49,1.51,3.20,4.09,11.41,2470,6
2026-05-17 12:05:32,1.2,10.14,11.47,11.80,1545545,91429,5.9,0,0,0.0,1007,473,49,3.13,3.31,1.49,8.38,2474,7
2026-05-17 12:06:32,1.4,15.07,13.13,12.38,1545545,91412,5.9,0,0,0.0,1007,473,49,1.85,2.90,7.49,14.16,2458,1
2026-05-17 12:07:32,3.1,13.11,12.94,12.37,1545545,91440,5.9,0,0,0.0,1007,473,49,1.87,3.30,8.44,15.70,2484,6
2026-05-17 12:08:33,1.6,13.11,13.08,12.45,1545545,91459,5.9,0,0,0.0,1007,473,49,2.02,3.25,5.93,13.21,2494,1
2026-05-17 12:09:33,1.2,11.59,12.60,12.33,1545545,91482,5.9,0,0,0.0,1007,473,49,2.93,3.32,8.12,14.73,2491,2
2026-05-17 12:10:33,1.3,10.21,12.03,12.15,1545545,91434,5.9,0,0,0.0,1007,473,49,2.30,3.11,1.08,7.95,2492,2
2026-05-17 12:11:34,1.6,20.20,13.75,12.69,1545545,91426,5.9,0,0,0.0,1007,473,49,3.17,3.25,1.60,8.54,2493,1
2026-05-17 12:12:34,3.2,13.54,13.01,12.50,1545545,91458,5.9,0,0,0.0,1007,473,49,3.11,3.20,1.31,8.37,2476,5
2026-05-17 12:13:34,2.7,16.93,14.14,12.92,1545545,91465,5.9,0,0,0.0,1007,473,49,3.27,3.27,3.71,10.86,2494,25
2026-05-17 12:14:35,1.4,13.30,13.65,12.83,1545545,91449,5.9,0,0,0.0,1007,473,49,2.50,3.28,3.50,10.79,2478,7
2026-05-17 12:15:35,2.0,12.22,13.24,12.74,1545545,91462,5.9,0,0,0.0,1007,473,49,2.26,2.74,2.80,9.96,2470,2
2026-05-17 12:16:35,1.4,11.09,12.72,12.58,1545545,91442,5.9,0,0,0.0,1007,473,49,2.08,3.47,1.24,8.13,2472,1
2026-05-17 12:17:36,1.5,12.29,12.77,12.61,1545545,91463,5.9,0,0,0.0,1007,473,49,2.92,3.38,6.25,13.34,2465,6
2026-05-17 12:18:36,1.7,11.00,12.28,12.45,1545545,91499,5.9,0,0,0.0,1007,473,49,1.78,3.12,1.80,8.92,2457,4
2026-05-17 12:19:36,1.5,10.44,11.88,12.30,1545545,91489,5.9,0,0,0.0,1007,473,49,1.58,3.22,2.64,9.94,2473,2
2026-05-17 12:20:37,3.1,11.67,11.93,12.28,1545545,91501,5.9,0,0,0.0,1007,473,49,2.78,3.26,9.17,16.85,2476,7
2026-05-17 12:21:37,1.2,12.80,12.25,12.37,1545545,91480,5.9,0,0,0.0,1007,473,49,2.25,3.38,11.71,18.42,2488,4
2026-05-17 12:22:37,1.3,11.79,12.01,12.28,1545545,91484,5.9,0,0,0.0,1007,473,49,2.35,3.15,7.33,13.93,2483,1
2026-05-17 12:23:38,1.2,10.71,11.63,12.13,1545545,91507,5.9,0,0,0.0,1007,473,49,2.42,3.18,2.54,9.60,2482,1
2026-05-17 12:24:38,3.5,12.51,12.01,12.23,1545545,91537,5.9,0,0,0.0,1007,473,49,2.65,3.26,5.27,12.68,2478,5
2026-05-17 12:25:38,3.1,12.20,11.97,12.20,1545545,91518,5.9,0,0,0.0,1007,473,49,1.27,3.01,5.68,12.87,2472,4
2026-05-17 12:26:39,1.1,10.78,11.63,12.07,1545545,91501,5.9,0,0,0.0,1007,473,49,2.10,3.43,2.98,9.88,2485,2
2026-05-17 12:27:39,1.2,11.48,11.73,12.08,1545545,91495,5.9,0,0,0.0,1007,473,49,1.97,3.34,2.76,9.94,2472,2
2026-05-17 12:28:39,1.1,10.63,11.43,11.95,1545545,91525,5.9,0,0,0.0,1007,473,49,2.07,3.22,2.56,9.61,2480,1
2026-05-17 12:29:39,1.2,9.83,11.05,11.78,1545545,91547,5.9,0,0,0.0,1007,473,49,1.96,2.82,1.54,8.60,2486,4
2026-05-17 12:30:40,1.3,10.41,10.98,11.71,1545545,91509,5.9,0,0,0.0,1007,473,49,1.63,3.28,5.51,12.89,2483,1
2026-05-17 12:31:40,2.9,10.52,10.87,11.63,1545545,91523,5.9,0,0,0.0,1007,473,49,1.35,3.39,2.21,9.26,2472,5
2026-05-17 12:32:40,3.0,12.70,11.50,11.80,1545545,91406,5.9,0,0,0.0,1007,473,49,1.32,3.28,10.60,18.34,2472,6
2026-05-17 12:33:41,3.1,12.17,11.62,11.83,1545545,91433,5.9,0,0,0.0,1007,473,49,1.69,3.04,9.09,16.83,2475,9
2026-05-17 12:34:41,3.4,12.50,11.85,11.89,1545545,91443,5.9,0,0,0.0,1007,473,49,1.87,3.33,7.63,15.36,2459,7
2026-05-17 12:35:41,2.9,11.04,11.60,11.81,1545545,91418,5.9,0,0,0.0,1007,473,49,3.69,3.37,2.27,9.29,2472,5
2026-05-17 12:36:42,1.1,11.00,11.50,11.76,1545545,91397,5.9,0,0,0.0,1007,473,49,2.91,3.28,1.52,8.51,2477,4
2026-05-17 12:37:42,1.4,12.10,11.71,11.81,1545545,91410,5.9,0,0,0.0,1007,473,49,2.59,3.39,3.80,11.08,2479,2
2026-05-17 12:38:42,1.3,11.68,11.67,11.79,1545545,91426,5.9,0,0,0.0,1007,473,49,2.99,3.30,4.84,12.08,2483,1
2026-05-17 12:39:43,3.1,10.91,11.43,11.70,1545545,91461,5.9,0,0,0.0,1007,473,49,2.48,3.20,4.37,11.41,2482,2
2026-05-17 12:40:43,1.7,11.99,11.69,11.78,1545545,91418,5.9,0,0,0.0,1007,473,49,2.68,3.05,7.06,14.35,2485,3
2026-05-17 12:41:44,9.1,10.91,11.43,11.68,1545545,91427,5.9,0,0,0.0,1007,473,49,1.89,3.36,1.52,8.42,2493,16
2026-05-17 12:42:44,8.2,13.47,12.11,11.91,1545545,91443,5.9,0,0,0.0,1007,473,49,2.15,3.36,10.95,18.35,2485,17
2026-05-17 12:43:44,1.2,11.55,11.88,11.84,1545545,91438,5.9,0,0,0.0,1007,473,49,2.26,3.21,4.88,11.60,2472,2
2026-05-17 12:44:45,3.2,12.57,12.06,11.90,1545545,91469,5.9,0,0,0.0,1007,473,49,1.71,3.10,7.20,14.72,2483,23
2026-05-17 12:45:45,2.9,12.87,12.31,12.00,1545545,91440,5.9,0,0,0.0,1007,473,49,1.65,3.35,8.54,15.60,2468,4
2026-05-17 12:46:45,2.9,11.81,12.11,11.95,1545545,91451,5.9,0,0,0.0,1007,473,49,2.27,3.36,6.20,13.53,2479,5
2026-05-17 12:47:46,1.4,13.29,12.58,12.13,1545545,91440,5.9,0,0,0.0,1007,473,49,2.57,3.38,7.28,14.45,2485,2
2026-05-17 12:48:46,4.4,11.71,12.28,12.06,1545545,91489,5.9,0,0,0.0,1007,473,49,2.10,2.86,4.57,11.94,2495,5
2026-05-17 12:49:46,1.6,11.92,12.32,12.09,1545545,91470,5.9,0,0,0.0,1007,473,49,2.22,3.22,4.28,11.61,2479,1
2026-05-17 12:50:47,1.5,12.15,12.26,12.08,1545545,91467,5.9,0,0,0.0,1007,473,49,3.58,3.26,3.35,10.52,2476,3
2026-05-17 12:51:47,3.3,12.81,12.39,12.13,1545545,91470,5.9,0,0,0.0,1007,473,49,2.60,3.21,9.43,17.34,2480,4
2026-05-17 12:52:47,2.8,11.91,12.18,12.07,1545545,91471,5.9,0,0,0.0,1007,473,49,2.75,3.25,4.31,11.63,2468,6
2026-05-17 12:53:48,1.3,11.87,12.14,12.07,1545545,91473,5.9,0,0,0.0,1007,473,49,3.57,3.13,5.90,12.93,2483,1
2026-05-17 12:54:48,2.0,11.03,11.85,11.97,1545545,91501,5.9,0,0,0.0,1007,473,49,2.10,3.39,5.92,13.42,2494,6
2026-05-17 12:55:48,1.3,11.72,11.89,11.98,1545545,91479,5.9,0,0,0.0,1007,473,49,2.45,3.11,3.73,10.92,2492,7
2026-05-17 12:56:49,3.1,10.23,11.42,11.81,1545545,91509,5.9,0,0,0.0,1007,473,49,2.25,3.27,1.23,8.10,2476,11
2026-05-17 12:57:49,1.3,11.66,11.73,11.90,1545545,91501,5.9,0,0,0.0,1007,473,49,2.07,3.34,7.89,14.74,2479,2
2026-05-17 12:58:49,3.2,12.50,11.91,11.95,1545545,91544,5.9,0,0,0.0,1007,473,49,2.00,3.18,8.99,16.64,2483,4
2026-05-17 12:59:50,3.0,17.65,13.30,12.41,1545545,91547,5.9,0,0,0.0,1007,473,49,2.48,3.18,4.18,11.31,2479,5
2026-05-17 13:00:50,1.6,13.12,12.77,12.29,1545545,91494,5.9,0,0,0.0,1007,473,49,2.46,3.43,1.25,8.40,2477,3
2026-05-17 13:01:50,1.3,15.90,13.65,12.62,1545545,91502,5.9,0,0,0.0,1007,473,49,1.62,47.27,6.25,13.62,2488,1
2026-05-17 13:02:51,4.2,15.87,13.81,12.73,1545545,91510,5.9,0,0,0.0,1007,473,49,1.44,3.06,2.52,9.65,2489,7
2026-05-17 13:03:51,1.3,14.94,14.01,12.87,1545545,91522,5.9,0,0,0.0,1007,473,49,1.59,3.40,3.92,11.07,2471,2
2026-05-17 13:04:51,1.7,13.96,13.76,12.84,1545545,91555,5.9,0,0,0.0,1007,473,49,2.27,3.27,2.55,9.72,2470,5
2026-05-17 13:05:52,2.6,11.67,13.15,12.69,1545545,91512,5.9,0,0,0.0,1007,473,49,1.40,3.17,1.16,8.19,2478,2
2026-05-17 13:06:52,2.2,13.62,13.42,12.81,1545545,91546,5.9,0,0,0.0,1007,473,49,2.75,3.21,5.84,13.32,2467,2
2026-05-17 13:07:52,3.4,15.99,14.16,13.11,1545545,91549,5.9,0,0,0.0,1007,473,49,2.00,3.25,7.84,15.42,2478,10
2026-05-17 13:08:53,1.3,15.03,14.22,13.19,1545545,91568,5.9,0,0,0.0,1007,473,49,2.98,3.22,7.02,14.50,2481,2
2026-05-17 13:09:53,1.5,13.16,13.90,13.15,1545545,91541,5.9,0,0,0.0,1007,473,49,3.58,3.18,1.45,8.46,2481,3
2026-05-17 13:10:53,11.7,14.57,13.97,13.21,1545545,91458,5.9,0,0,0.0,1007,473,49,1.84,3.29,4.48,11.59,2478,16
2026-05-17 13:11:54,3.1,16.96,14.77,13.54,1545545,91434,5.9,0,0,0.0,1007,473,49,1.85,3.18,13.20,19.53,2493,8
2026-05-17 13:12:54,1.1,13.93,14.36,13.48,1545545,91403,5.9,0,0,0.0,1007,473,49,1.68,3.19,11.83,18.31,2482,3
2026-05-17 13:13:54,1.3,13.54,14.22,13.49,1545545,91423,5.9,0,0,0.0,1007,473,49,1.35,3.31,9.21,16.19,2494,3
2026-05-17 13:14:55,3.0,13.60,13.97,13.44,1545545,91461,5.9,0,0,0.0,1007,473,49,1.53,3.03,5.36,12.66,2495,6
2026-05-17 13:15:55,1.3,11.48,13.31,13.25,1545545,91417,5.9,0,0,0.0,1007,473,49,1.89,3.29,1.69,8.84,2498,6
2026-05-17 13:16:55,1.2,11.45,12.93,13.12,1545545,91423,5.9,0,0,0.0,1007,473,49,1.62,3.29,1.78,8.81,2486,5
2026-05-17 13:17:56,1.6,11.13,12.60,12.99,1545545,91438,5.9,0,0,0.0,1007,473,49,1.60,3.37,5.18,12.59,2477,7
2026-05-17 13:18:56,1.4,10.48,12.17,12.82,1545545,91451,5.9,0,0,0.0,1007,473,49,1.70,3.23,2.33,9.35,2469,2
2026-05-17 13:19:56,1.5,11.10,12.07,12.75,1545545,91470,5.9,0,0,0.0,1007,473,49,1.62,3.23,12.01,18.33,2477,3
2026-05-17 13:20:57,1.3,11.67,12.19,12.75,1545545,91436,5.9,0,0,0.0,1007,473,49,1.61,3.33,1.90,9.05,2484,1
2026-05-17 13:21:57,3.3,11.83,12.09,12.68,1545545,91468,5.9,0,0,0.0,1007,473,49,2.07,3.23,3.17,10.36,2488,5
2026-05-17 13:22:57,1.2,10.40,11.63,12.48,1545545,91441,5.9,0,0,0.0,1007,473,49,2.73,3.37,3.13,10.22,2489,1
2026-05-17 13:23:58,2.8,13.24,12.19,12.62,1545545,91484,5.9,0,0,0.0,1007,473,49,1.76,3.17,11.79,18.75,2485,5
2026-05-17 13:24:58,1.4,13.49,12.51,12.71,1545545,91470,5.9,0,0,0.0,1007,473,49,1.98,3.22,9.65,17.16,2478,1
2026-05-17 13:25:58,3.1,12.45,12.39,12.65,1545545,91468,5.9,0,0,0.0,1007,473,49,2.02,2.82,6.32,13.87,2459,8
2026-05-17 13:26:59,1.3,12.36,12.43,12.65,1545545,91459,5.9,0,0,0.0,1007,473,49,2.70,3.37,6.23,13.65,2462,2
2026-05-17 13:27:59,1.3,11.66,12.24,12.57,1545545,91446,5.9,0,0,0.0,1007,473,49,1.67,3.39,2.27,9.31,2459,3
2026-05-17 13:28:59,3.1,11.39,12.01,12.47,1545545,91481,5.9,0,0,0.0,1007,473,49,2.29,3.12,6.55,14.04,2448,7
2026-05-17 13:30:00,3.1,12.01,12.06,12.45,1545545,91499,5.9,0,0,0.0,1007,473,49,1.52,3.16,8.45,15.93,2455,6
2026-05-17 13:31:00,3.1,12.36,12.21,12.48,1545545,91464,5.9,0,0,0.0,1007,473,49,1.60,3.23,10.68,17.25,2458,23
2026-05-17 13:32:00,1.4,13.64,12.61,12.61,1545545,91453,5.9,0,0,0.0,1007,473,49,2.18,3.30,8.52,15.37,2459,2
2026-05-17 13:33:01,3.5,15.41,13.19,12.79,1545545,91476,5.9,0,0,0.0,1007,473,49,2.02,3.07,6.48,13.69,2455,5
2026-05-17 13:34:01,1.2,12.00,12.60,12.61,1545545,91496,5.9,0,0,0.0,1007,473,49,2.12,3.25,2.75,9.68,2464,6
2026-05-17 13:35:01,3.1,11.52,12.38,12.54,1545545,91535,5.9,0,0,0.0,1007,473,49,1.50,3.11,5.96,13.40,2454,4
2026-05-17 13:36:02,3.0,12.86,12.75,12.66,1545545,91510,5.9,0,0,0.0,1007,473,49,1.72,3.38,8.43,16.24,2453,5
2026-05-17 13:37:02,3.3,11.87,12.53,12.60,1545545,91515,5.9,0,0,0.0,1007,473,49,2.25,3.38,7.75,15.31,2452,5
2026-05-17 13:38:02,1.5,15.27,13.49,12.93,1545545,91516,5.9,0,0,0.0,1007,473,49,1.60,3.24,10.25,18.02,2469,2
2026-05-17 13:39:03,3.0,15.47,13.86,13.09,1545545,91548,5.9,0,0,0.0,1007,473,49,2.25,3.38,8.71,16.49,2487,15
2026-05-17 13:40:03,3.0,13.06,13.49,13.01,1545545,91551,5.9,0,0,0.0,1007,473,49,1.82,3.12,4.08,11.29,2491,4
2026-05-17 13:41:03,3.9,12.19,13.15,12.93,1545545,91504,5.9,0,0,0.0,1007,473,49,1.84,3.29,4.74,12.13,2501,5
2026-05-17 13:42:04,1.4,11.02,12.66,12.77,1545545,91504,5.9,0,0,0.0,1007,473,49,2.92,3.30,4.39,11.72,2501,2
2026-05-17 13:43:04,1.4,10.71,12.25,12.62,1545545,91524,5.9,0,0,0.0,1007,473,49,2.79,3.26,4.74,12.02,2484,3
2026-05-17 13:44:04,4.6,12.00,12.45,12.67,1545545,91543,5.9,0,0,0.0,1007,473,49,3.78,3.10,6.62,13.53,2486,5
2026-05-17 13:45:05,1.7,11.24,12.16,12.56,1545545,91535,5.9,0,0,0.0,1007,473,49,1.77,3.52,2.32,9.40,2490,2
2026-05-17 13:46:05,1.2,11.28,12.01,12.48,1545545,91520,5.9,0,0,0.0,1007,473,49,3.84,3.27,1.52,8.50,2461,3
2026-05-17 13:47:05,3.0,11.91,12.02,12.45,1545545,91539,5.9,0,0,0.0,1007,473,49,2.41,3.46,4.89,12.25,2448,8
2026-05-17 13:48:06,1.7,11.10,11.80,12.35,1545545,91516,5.9,0,0,0.0,1007,473,49,2.07,3.20,4.69,11.99,2467,6
2026-05-17 13:49:06,1.5,11.89,11.88,12.34,1545545,91541,5.9,0,0,0.0,1007,473,49,1.78,2.98,7.15,14.67,2464,3
2026-05-17 13:50:06,1.6,12.06,11.92,12.32,1545545,91407,5.9,0,0,0.0,1007,473,49,1.63,3.21,5.16,12.51,2475,1
2026-05-17 13:51:07,1.6,11.59,11.76,12.24,1545545,91399,5.9,0,0,0.0,1007,473,49,3.69,3.09,1.12,8.18,2481,4
2026-05-17 13:52:07,1.2,10.64,11.43,12.09,1545545,91404,5.9,0,0,0.0,1007,473,49,2.44,3.30,1.50,8.51,2478,5
2026-05-17 13:53:07,3.2,12.34,11.74,12.16,1545545,91432,5.9,0,0,0.0,1007,473,49,2.14,3.10,7.54,14.98,2470,6
2026-05-17 13:54:08,1.3,11.12,11.56,12.07,1545545,91438,5.9,0,0,0.0,1007,473,49,2.66,3.36,4.47,11.69,2469,2
2026-05-17 13:55:08,9.7,10.93,11.40,11.98,1545545,91409,5.9,0,0,0.0,1007,473,49,2.02,2.96,2.57,9.71,2464,21
2026-05-17 13:56:08,1.7,14.83,12.78,12.44,1545545,91418,5.9,0,0,0.0,1007,473,49,1.60,3.21,5.93,13.16,2467,3
2026-05-17 13:57:09,3.4,13.68,12.93,12.52,1545545,91463,5.9,0,0,0.0,1007,473,49,2.05,3.50,6.60,14.11,2484,8
2026-05-17 13:58:09,3.2,12.78,12.78,12.49,1545545,91451,5.9,0,0,0.0,1007,473,49,1.64,3.06,6.59,13.45,2486,4
2026-05-17 13:59:09,1.5,13.53,13.00,12.59,1545545,91462,5.9,0,0,0.0,1007,473,49,2.71,3.22,8.79,15.86,2472,3
2026-05-17 14:00:10,1.4,12.61,12.91,12.59,1545545,91446,5.9,0,0,0.0,1007,473,49,3.04,3.26,5.33,12.40,2478,2
2026-05-17 14:01:10,1.5,15.36,13.47,12.79,1545545,91462,5.9,0,0,0.0,1007,473,49,2.03,49.80,7.76,15.24,2477,4
2026-05-17 14:02:10,2.9,13.50,13.31,12.78,1545545,91460,5.9,0,0,0.0,1007,473,49,2.69,2.87,8.66,16.46,2472,4
2026-05-17 14:03:11,1.1,12.01,12.98,12.70,1545545,91441,5.9,0,0,0.0,1007,473,49,1.72,3.20,3.85,11.08,2466,5
2026-05-17 14:04:11,3.2,16.90,14.37,13.20,1545545,91493,5.9,0,0,0.0,1007,473,49,3.23,3.15,4.89,12.02,2477,7
2026-05-17 14:05:11,1.1,14.43,14.18,13.21,1545545,91453,5.9,0,0,0.0,1007,473,49,1.73,3.16,6.06,13.45,2474,5
2026-05-17 14:06:12,1.3,13.18,13.87,13.17,1545545,91452,5.9,0,0,0.0,1007,473,49,2.63,3.02,5.57,12.86,2477,1
2026-05-17 14:07:12,3.2,14.40,14.10,13.29,1545545,91485,5.9,0,0,0.0,1007,473,49,1.68,3.42,8.85,16.73,2467,5
2026-05-17 14:08:12,1.2,12.35,13.51,13.13,1545545,91436,5.9,0,0,0.0,1007,473,49,2.71,3.25,3.66,10.73,2461,2
2026-05-17 14:09:13,1.5,11.14,12.96,12.96,1545545,91472,5.9,0,0,0.0,1007,473,49,3.57,3.08,2.71,9.94,2469,3
2026-05-17 14:10:13,1.4,10.71,12.53,12.82,1545545,91448,5.9,0,0,0.0,1007,473,49,2.09,3.09,3.24,10.41,2472,1
2026-05-17 14:11:13,10.1,12.55,12.65,12.84,1545545,91484,5.9,0,0,0.0,1007,473,49,2.30,3.45,3.41,10.52,2478,10
2026-05-17 14:12:14,1.5,14.72,13.26,13.03,1545545,91501,5.9,0,0,0.0,1007,473,49,2.44,3.32,10.50,17.52,2468,1
2026-05-17 14:13:14,3.3,11.90,12.68,12.85,1545545,91511,5.9,0,0,0.0,1007,473,49,2.07,2.99,2.15,9.18,2473,7
2026-05-17 14:14:14,2.7,11.09,12.36,12.73,1545545,91514,5.9,0,0,0.0,1007,473,49,2.78,3.33,9.76,16.53,2469,25
2026-05-17 14:15:15,1.7,12.86,12.67,12.81,1545545,91515,5.9,0,0,0.0,1007,473,49,1.55,3.25,12.24,19.16,2471,1
2026-05-17 14:16:15,3.1,11.29,12.26,12.66,1545545,91505,5.9,0,0,0.0,1007,473,49,1.46,3.14,1.78,8.73,2458,6
2026-05-17 14:17:15,1.3,11.34,12.21,12.62,1545545,91515,5.9,0,0,0.0,1007,473,49,2.32,3.36,3.45,10.72,2466,4
2026-05-17 14:18:16,1.9,12.34,12.34,12.64,1545545,91520,5.9,0,0,0.0,1007,473,49,3.66,3.27,7.68,15.32,2468,6
2026-05-17 14:19:16,2.8,11.83,12.13,12.54,1545545,91554,5.9,0,0,0.0,1007,473,49,3.02,3.38,8.73,15.92,2485,5
2026-05-17 14:20:16,3.1,12.54,12.26,12.56,1545545,91551,5.9,0,0,0.0,1007,473,49,1.90,3.16,12.53,19.48,2497,4
2026-05-17 14:21:17,4.1,13.84,12.58,12.65,1545545,91552,5.9,0,0,0.0,1007,473,49,2.40,3.17,7.62,14.92,2508,6
2026-05-17 14:22:17,1.9,12.22,12.33,12.56,1545545,91523,5.9,0,0,0.0,1007,473,49,1.84,3.40,3.27,10.09,2501,2
2026-05-17 14:23:18,2.0,11.76,12.14,12.47,1545545,91566,5.9,0,0,0.0,1007,473,49,3.09,3.05,3.63,10.85,2497,4
2026-05-17 14:24:18,1.9,12.66,12.37,12.53,1545545,91579,5.9,0,0,0.0,1007,473,49,1.63,3.16,6.44,13.80,2488,9
2026-05-17 14:25:18,3.1,12.02,12.16,12.45,1545545,91561,5.9,0,0,0.0,1007,473,49,2.92,2.73,6.12,13.60,2473,5
2026-05-17 14:26:19,6.8,10.98,11.87,12.33,1545545,91541,5.9,0,0,0.0,1007,473,49,2.05,3.24,5.08,12.25,2476,10
2026-05-17 14:27:19,1.3,11.20,11.81,12.28,1545545,91533,5.9,0,0,0.0,1007,473,49,2.60,3.52,6.62,14.25,2472,7
2026-05-17 14:28:19,3.1,11.00,11.62,12.18,1545545,91444,5.9,0,0,0.0,1007,473,49,3.06,3.01,4.49,11.89,2488,4
2026-05-17 14:29:20,1.4,10.93,11.52,12.12,1545545,91452,5.9,0,0,0.0,1007,473,49,2.17,3.24,4.29,11.53,2482,4
2026-05-17 14:30:20,3.5,12.39,11.77,12.16,1545545,91445,5.9,0,0,0.0,1007,473,49,5.57,3.28,7.27,14.99,2485,7
2026-05-17 14:31:20,1.4,12.99,12.24,12.31,1545545,91438,5.9,0,0,0.0,1007,473,49,2.92,3.14,5.77,13.01,2495,2
2026-05-17 14:32:21,1.3,11.31,11.87,12.17,1545545,91430,5.9,0,0,0.0,1007,473,49,2.82,3.23,1.15,8.22,2484,2
2026-05-17 14:33:21,1.4,10.53,11.54,12.04,1545545,91454,5.9,0,0,0.0,1007,473,49,4.48,3.39,3.35,10.41,2476,5
2026-05-17 14:34:21,1.4,10.32,11.29,11.92,1545545,91463,5.9,0,0,0.0,1007,473,49,3.50,3.32,1.82,8.93,2482,5
2026-05-17 14:35:22,1.3,10.42,11.20,11.85,1545545,91480,5.9,0,0,0.0,1007,473,49,3.80,3.07,2.34,9.43,2472,4
2026-05-17 14:36:22,3.0,10.17,10.98,11.74,1545545,91473,5.9,0,0,0.0,1007,473,49,3.10,3.75,4.29,11.57,2464,5
2026-05-17 14:37:22,3.3,12.19,11.31,11.80,1545545,91465,5.9,0,0,0.0,1007,473,49,2.60,3.42,10.90,18.28,2470,4
2026-05-17 14:38:23,1.4,11.92,11.37,11.78,1545545,91480,5.9,0,0,0.0,1007,473,49,1.99,3.09,7.06,14.31,2468,2
2026-05-17 14:39:23,3.2,12.65,11.62,11.84,1545545,91514,5.9,0,0,0.0,1007,473,49,2.94,3.06,5.92,13.42,2469,10
2026-05-17 14:40:23,12.3,10.90,11.34,11.73,1545545,91510,5.9,0,0,0.0,1007,473,49,2.97,3.46,1.92,9.02,2487,17
2026-05-17 14:41:24,1.2,11.21,11.31,11.69,1545545,91444,5.9,0,0,0.0,1007,473,49,2.07,3.18,2.57,9.55,2485,11
2026-05-17 14:42:24,1.4,12.49,11.60,11.76,1545545,91471,5.9,0,0,0.0,1007,473,49,2.16,3.38,6.70,14.35,2484,2
2026-05-17 14:43:24,1.4,11.08,11.38,11.68,1545545,91494,5.9,0,0,0.0,1007,473,49,2.61,3.02,1.48,8.42,2496,4
2026-05-17 14:44:25,1.4,9.73,10.93,11.50,1545545,91484,5.9,0,0,0.0,1007,473,49,1.39,3.18,1.07,7.98,2480,1
2026-05-17 14:45:25,1.5,10.52,10.89,11.45,1545545,91480,5.9,0,0,0.0,1007,473,49,1.62,3.33,6.38,13.94,2476,6
2026-05-17 14:46:25,1.1,12.91,11.69,11.70,1545545,91484,5.9,0,0,0.0,1007,473,49,1.53,3.19,6.61,13.99,2479,1
2026-05-17 14:47:26,3.1,22.69,15.26,12.96,1545545,91516,5.9,0,0,0.0,1007,473,49,3.16,3.60,9.58,16.87,2483,8
2026-05-17 14:48:26,3.2,18.22,15.13,13.05,1545545,91535,5.9,0,0,0.0,1007,473,49,2.94,3.15,7.38,14.95,2491,4
2026-05-17 14:49:26,3.2,18.94,15.69,13.36,1545545,91541,5.9,0,0,0.0,1007,473,49,2.37,3.51,10.66,17.95,2505,7
2026-05-17 14:50:27,1.5,19.83,16.53,13.80,1545545,91511,5.9,0,0,0.0,1007,473,49,4.02,3.09,12.49,19.61,2493,4
2026-05-17 14:51:27,3.1,18.93,16.80,14.06,1545545,91541,5.9,0,0,0.0,1007,473,49,5.14,3.29,5.61,13.01,2479,23
2026-05-17 14:52:27,3.3,18.02,16.93,14.28,1545545,91532,5.9,0,0,0.0,1007,473,49,2.51,3.37,7.75,15.41,2482,6
2026-05-17 14:53:28,3.1,17.40,16.88,14.42,1545545,91566,5.9,0,0,0.0,1007,473,49,4.36,3.14,7.71,15.14,2478,7
2026-05-17 14:54:28,1.5,13.33,15.81,14.21,1545545,91535,5.9,0,0,0.0,1007,473,49,2.59,3.16,2.33,9.19,2474,5
2026-05-17 14:55:28,1.5,12.06,15.03,14.04,1545545,91527,5.9,0,0,0.0,1007,473,49,3.58,3.20,3.06,10.28,2488,5
2026-05-17 14:56:29,1.9,15.56,15.55,14.29,1545545,91557,5.9,0,0,0.0,1007,473,49,2.14,3.26,10.80,17.81,2504,1
2026-05-17 14:57:29,3.2,15.23,15.37,14.30,1545545,91557,5.9,0,0,0.0,1007,473,49,2.00,3.52,10.11,16.86,2495,6
2026-05-17 14:58:29,1.8,12.96,14.75,14.16,1545545,91559,5.9,0,0,0.0,1007,473,49,2.28,2.97,6.51,13.79,2504,2
2026-05-17 14:59:30,1.3,11.81,14.05,13.95,1545545,91563,5.9,0,0,0.0,1007,473,49,2.14,3.08,1.15,8.01,2485,1
2026-05-17 15:00:30,1.7,12.53,13.79,13.86,1545545,91554,5.9,0,0,0.0,1007,473,49,1.84,3.29,4.80,12.22,2492,8
2026-05-17 15:01:30,1.2,11.36,13.24,13.67,1545545,91541,5.9,0,0,0.0,1007,473,49,3.61,47.24,2.65,9.71,2496,3
2026-05-17 15:02:31,1.1,10.84,12.78,13.48,1545545,91542,5.9,0,0,0.0,1007,473,49,3.44,3.22,2.28,9.42,2489,3
2026-05-17 15:03:31,3.7,10.92,12.42,13.31,1545545,91593,5.9,0,0,0.0,1007,473,49,2.83,3.21,3.28,10.52,2475,3
2026-05-17 15:04:31,1.9,12.00,12.42,13.25,1545545,91591,5.9,0,0,0.0,1007,473,49,3.00,3.11,5.16,12.45,2494,4
2026-05-17 15:05:32,1.4,11.69,12.33,13.18,1545545,91542,5.9,0,0,0.0,1007,473,49,3.84,3.19,2.30,9.30,2489,1
2026-05-17 15:06:32,3.2,11.87,12.21,13.08,1545545,91441,5.9,0,0,0.0,1007,473,49,3.72,3.27,6.27,13.81,2466,18
2026-05-17 15:07:32,1.3,11.47,12.07,12.97,1545545,91424,5.9,0,0,0.0,1007,473,49,2.62,3.51,2.33,9.46,2475,3
2026-05-17 15:08:33,3.2,11.45,11.89,12.85,1545545,91473,5.9,0,0,0.0,1007,473,49,2.95,3.06,3.29,10.40,2476,6
2026-05-17 15:09:33,3.3,12.33,12.11,12.87,1545545,91478,5.9,0,0,0.0,1007,473,49,2.96,3.17,7.80,15.23,2464,4
2026-05-17 15:10:33,1.7,13.53,12.62,13.00,1545545,91479,5.9,0,0,0.0,1007,473,49,2.91,3.16,8.87,16.48,2469,5
2026-05-17 15:11:34,1.1,11.99,12.29,12.86,1545545,91455,5.9,0,0,0.0,1007,473,49,3.10,3.36,3.54,10.66,2484,1
2026-05-17 15:12:34,1.1,11.16,12.04,12.74,1545545,91427,5.9,0,0,0.0,1007,473,49,2.35,2.70,4.13,11.52,2474,1
2026-05-17 15:13:34,3.0,12.35,12.20,12.75,1545545,91493,5.9,0,0,0.0,1007,473,49,2.36,3.07,10.67,17.47,2476,9
2026-05-17 15:14:35,3.3,12.48,12.34,12.77,1545545,91490,5.9,0,0,0.0,1007,473,49,1.72,3.17,7.60,15.16,2489,8
2026-05-17 15:15:35,1.6,11.31,12.05,12.64,1545545,91462,5.9,0,0,0.0,1007,473,49,2.76,3.32,4.25,11.48,2460,1
2026-05-17 15:16:35,1.5,12.17,12.22,12.67,1545545,91472,5.9,0,0,0.0,1007,473,49,2.85,3.05,7.88,14.92,2459,2
2026-05-17 15:17:36,1.6,11.55,12.05,12.58,1545545,91482,5.9,0,0,0.0,1007,473,49,2.07,3.47,3.70,10.93,2472,17
2026-05-17 15:18:36,3.2,10.74,11.75,12.44,1545545,91500,5.9,0,0,0.0,1007,473,49,2.57,3.35,1.68,8.87,2457,6
2026-05-17 15:19:36,1.4,11.91,11.93,12.46,1545545,91483,5.9,0,0,0.0,1007,473,49,2.42,3.12,6.44,13.87,2470,3
2026-05-17 15:20:37,1.4,12.81,12.15,12.50,1545545,91467,5.9,0,0,0.0,1007,473,49,2.25,3.09,3.67,10.83,2481,2
2026-05-17 15:21:37,1.3,10.99,11.77,12.35,1545545,91464,5.9,0,0,0.0,1007,473,49,2.36,3.32,1.23,8.29,2472,6
2026-05-17 15:22:37,1.3,11.44,11.75,12.30,1545545,91470,5.9,0,0,0.0,1007,473,49,1.96,3.27,7.29,14.31,2470,2
2026-05-17 15:23:38,1.4,12.79,12.06,12.37,1545545,91512,5.9,0,0,0.0,1007,473,49,3.58,3.08,6.36,13.79,2473,4
2026-05-17 15:24:38,1.5,12.26,12.02,12.34,1545545,91490,5.9,0,0,0.0,1007,473,49,3.58,3.23,1.06,8.11,2458,2
2026-05-17 15:25:38,9.1,11.71,11.97,12.30,1545545,91476,5.9,0,0,0.0,1007,473,49,1.38,3.16,3.83,10.74,2457,20
2026-05-17 15:26:39,1.2,12.65,12.31,12.41,1545545,91469,5.9,0,0,0.0,1007,473,49,3.47,3.05,7.14,14.64,2472,4
2026-05-17 15:27:39,1.3,11.36,11.98,12.29,1545545,91490,5.9,0,0,0.0,1007,473,49,1.64,3.21,1.51,8.47,2474,1
2026-05-17 15:28:39,1.1,12.10,12.14,12.32,1545545,91492,5.9,0,0,0.0,1007,473,49,2.48,3.26,2.65,9.83,2481,7
2026-05-17 15:29:40,1.4,11.66,12.10,12.30,1545545,91539,5.9,0,0,0.0,1007,473,49,4.39,3.16,4.04,11.21,2488,7
2026-05-17 15:30:40,1.4,12.16,12.17,12.31,1545545,91513,5.9,0,0,0.0,1007,473,49,1.80,3.18,4.08,11.26,2486,4
2026-05-17 15:31:40,3.0,12.16,12.15,12.29,1545545,91530,5.9,0,0,0.0,1007,473,49,3.66,3.17,9.90,16.68,2483,7
2026-05-17 15:32:41,1.2,11.17,11.92,12.21,1545545,91511,5.9,0,0,0.0,1007,473,49,1.96,3.39,4.19,11.20,2477,2
2026-05-17 15:33:41,1.1,10.78,11.71,12.12,1545545,91538,5.9,0,0,0.0,1007,473,49,1.98,3.20,1.91,9.11,2474,5
2026-05-17 15:34:41,1.0,11.51,11.79,12.12,1545545,91547,5.9,0,0,0.0,1007,473,49,1.78,3.02,7.69,15.31,2474,4
2026-05-17 15:35:42,1.6,11.47,11.73,12.08,1545545,91528,5.9,0,0,0.0,1007,473,49,1.89,3.33,5.11,12.47,2469,4
2026-05-17 15:36:42,3.5,12.27,11.84,12.09,1545545,91530,5.9,0,0,0.0,1007,473,49,1.94,3.54,4.65,12.03,2472,8
2026-05-17 15:37:42,1.3,13.76,12.42,12.28,1545545,91533,5.9,0,0,0.0,1007,473,49,2.01,3.38,10.89,18.70,2477,1
2026-05-17 15:38:43,1.1,11.60,12.06,12.16,1545545,91562,5.9,0,0,0.0,1007,473,49,2.40,3.12,3.90,11.09,2471,5
2026-05-17 15:39:43,8.7,10.39,11.63,12.00,1545545,91552,5.9,0,0,0.0,1007,473,49,2.68,3.23,1.48,8.47,2472,24
2026-05-17 15:40:43,1.6,11.36,11.85,12.07,1545545,91539,5.9,0,0,0.0,1007,473,49,2.44,3.11,7.67,15.21,2466,1
2026-05-17 15:41:44,2.9,10.63,11.58,11.96,1545545,91559,5.9,0,0,0.0,1007,473,49,4.26,3.24,1.38,8.43,2470,25
2026-05-17 15:42:44,2.1,11.75,11.72,11.98,1545545,91569,5.9,0,0,0.0,1007,473,49,2.83,3.15,7.00,14.16,2480,4
2026-05-17 15:43:44,3.2,13.14,12.06,12.08,1545545,91582,5.9,0,0,0.0,1007,473,49,2.60,3.27,7.37,14.94,2487,5
2026-05-17 15:44:45,1.6,13.06,12.35,12.19,1545545,91446,5.9,0,0,0.0,1007,473,49,4.77,3.12,8.13,15.28,2490,1
2026-05-17 15:45:45,1.4,10.84,11.88,12.04,1545545,91435,5.9,0,0,0.0,1007,473,49,2.75,2.68,2.54,9.58,2497,1
2026-05-17 15:46:45,1.3,13.07,12.19,12.13,1545545,91444,5.9,0,0,0.0,1007,473,49,3.21,3.36,6.58,13.79,2488,5
2026-05-17 15:47:46,1.6,11.25,11.84,12.01,1545545,91422,5.9,0,0,0.0,1007,473,49,2.28,3.54,5.56,12.95,2475,1
2026-05-17 15:48:46,3.5,10.69,11.59,11.91,1545545,91466,5.9,0,0,0.0,1007,473,49,2.75,3.18,5.03,12.55,2474,6
2026-05-17 15:49:46,2.0,12.29,11.83,11.97,1545545,91486,5.9,0,0,0.0,1007,473,49,3.21,3.12,9.75,16.81,2477,3
2026-05-17 15:50:47,3.4,12.06,11.84,11.97,1545545,91465,5.9,0,0,0.0,1007,473,49,1.62,3.14,9.36,16.92,2468,5
2026-05-17 15:51:47,3.2,14.29,12.53,12.20,1545545,91455,5.9,0,0,0.0,1007,473,49,2.45,3.39,12.03,20.03,2463,3
2026-05-17 15:52:47,3.3,15.29,13.23,12.46,1545545,91470,5.9,0,0,0.0,1007,473,49,2.37,3.12,10.46,17.52,2485,6
2026-05-17 15:53:48,1.2,12.16,12.71,12.33,1545545,91496,5.9,0,0,0.0,1007,473,49,2.43,3.33,2.63,9.80,2480,3
2026-05-17 15:54:48,11.0,10.85,12.25,12.20,1545545,91502,5.9,0,0,0.0,1007,473,49,2.62,3.24,1.43,8.55,2474,32
2026-05-17 15:55:49,3.4,12.16,12.34,12.23,1545545,91487,5.9,0,0,0.0,1007,473,49,1.73,3.12,10.76,17.38,2484,5
2026-05-17 15:56:49,1.2,11.37,12.11,12.16,1545545,91485,5.9,0,0,0.0,1007,473,49,2.71,3.24,3.11,10.01,2494,3
2026-05-17 15:57:49,1.2,13.52,12.53,12.29,1545545,91501,5.9,0,0,0.0,1007,473,49,1.93,3.34,8.15,15.60,2467,1
2026-05-17 15:58:50,3.3,11.90,12.21,12.19,1545545,91505,5.9,0,0,0.0,1007,473,49,1.41,3.23,3.49,10.66,2458,8
2026-05-17 15:59:50,1.4,12.21,12.34,12.24,1545545,91495,5.9,0,0,0.0,1007,473,49,2.81,2.73,5.48,12.83,2457,4
2026-05-17 16:00:50,1.3,11.89,12.23,12.21,1545545,91478,5.9,0,0,0.0,1007,473,49,2.11,3.07,5.12,12.40,2459,3
2026-05-17 16:01:51,1.4,11.14,11.93,12.10,1545545,91488,5.9,0,0,0.0,1007,473,49,2.41,47.95,3.78,10.93,2465,3
2026-05-17 16:02:51,3.2,11.95,11.94,12.09,1545545,91501,5.9,0,0,0.0,1007,473,49,1.75,3.27,4.19,11.46,2478,5
2026-05-17 16:03:51,1.7,10.99,11.76,12.03,1545545,91509,5.9,0,0,0.0,1007,473,49,1.48,3.15,4.71,11.45,2491,4
2026-05-17 16:04:52,1.2,11.28,11.66,11.97,1545545,91528,5.9,0,0,0.0,1007,473,49,1.43,3.19,2.25,9.41,2477,5
2026-05-17 16:05:52,3.0,11.97,11.81,12.01,1545545,91499,5.9,0,0,0.0,1007,473,49,1.27,3.21,9.11,15.73,2480,4
2026-05-17 16:06:52,1.3,11.10,11.60,11.92,1545545,91510,5.9,0,0,0.0,1007,473,49,2.09,3.31,2.90,9.96,2481,5
2026-05-17 16:07:53,3.1,11.75,11.68,11.92,1545545,91542,5.9,0,0,0.0,1007,473,49,4.02,3.43,10.38,17.61,2489,6
2026-05-17 16:08:53,1.4,11.06,11.52,11.85,1545545,91541,5.9,0,0,0.0,1007,473,49,2.58,3.14,6.30,13.15,2478,5
2026-05-17 16:09:53,3.7,10.34,11.22,11.73,1545545,91555,5.9,0,0,0.0,1007,473,49,2.58,3.30,3.72,11.02,2488,2
2026-05-17 16:10:54,3.3,13.04,11.77,11.88,1545545,91547,5.9,0,0,0.0,1007,473,49,2.77,3.09,8.35,15.90,2485,10
2026-05-17 16:11:54,1.3,12.39,11.85,11.90,1545545,91529,5.9,0,0,0.0,1007,473,49,1.71,3.28,7.44,15.00,2482,9
2026-05-17 16:12:54,3.2,12.18,11.90,11.92,1545545,91557,5.9,0,0,0.0,1007,473,49,2.30,3.14,11.83,19.20,2471,11
2026-05-17 16:13:55,1.1,11.93,11.97,11.95,1545545,91571,5.9,0,0,0.0,1007,473,49,2.32,3.15,9.72,16.60,2479,4
2026-05-17 16:14:55,1.5,11.71,11.99,11.96,1545545,91574,5.9,0,0,0.0,1007,473,49,2.52,3.25,5.96,13.50,2480,2
2026-05-17 16:15:55,3.0,14.54,12.62,12.17,1545545,91571,5.9,0,0,0.0,1007,473,49,2.62,3.21,8.00,15.58,2480,7
2026-05-17 16:16:56,1.2,11.68,12.20,12.05,1545545,91547,5.9,0,0,0.0,1007,473,49,1.91,3.32,3.64,10.82,2469,6
2026-05-17 16:17:56,1.8,12.19,12.19,12.06,1545545,91560,5.9,0,0,0.0,1007,473,49,2.36,3.08,6.02,13.52,2483,4
2026-05-17 16:18:56,1.4,11.64,12.05,12.02,1545545,91610,5.9,0,0,0.0,1007,473,49,2.57,3.14,1.87,8.91,2485,9
2026-05-17 16:19:57,1.1,11.24,11.88,11.96,1545545,91623,5.9,0,0,0.0,1007,473,49,2.40,3.43,5.93,13.45,2485,2
2026-05-17 16:20:57,2.1,11.33,11.72,11.90,1545545,91470,5.9,0,0,0.0,1007,473,49,2.38,3.13,6.89,13.90,2485,6
2026-05-17 16:21:57,1.5,12.43,12.00,11.98,1545545,91455,5.9,0,0,0.0,1007,473,49,1.85,3.47,11.86,18.92,2495,3
2026-05-17 16:22:58,1.0,11.76,11.94,11.97,1545545,91446,5.9,0,0,0.0,1007,473,49,2.67,3.14,2.71,9.83,2489,3
2026-05-17 16:23:58,3.0,16.67,13.13,12.36,1545545,91486,5.9,0,0,0.0,1007,473,49,3.39,3.29,9.80,16.90,2486,5
2026-05-17 16:24:58,1.4,12.14,12.51,12.20,1545545,91468,5.9,0,0,0.0,1007,473,49,3.68,3.26,3.68,10.72,2492,2
2026-05-17 16:25:59,1.9,11.11,12.12,12.08,1545545,91471,5.9,0,0,0.0,1007,473,49,2.19,3.22,4.23,11.30,2489,6
2026-05-17 16:26:59,3.7,13.44,12.53,12.22,1545545,91465,5.9,0,0,0.0,1007,473,49,1.85,3.24,11.87,18.80,2478,6
2026-05-17 16:27:59,1.1,11.82,12.23,12.14,1545545,91460,5.9,0,0,0.0,1007,473,49,3.94,3.34,1.95,9.04,2487,1
2026-05-17 16:29:00,1.3,11.19,11.99,12.06,1545545,91476,5.9,0,0,0.0,1007,473,49,1.71,3.18,2.93,10.01,2476,5
2026-05-17 16:30:00,3.4,11.03,11.81,11.99,1545545,91507,5.9,0,0,0.0,1007,473,49,3.58,3.32,7.19,14.80,2482,10
2026-05-17 16:31:00,3.2,12.09,12.00,12.05,1545545,91491,5.9,0,0,0.0,1007,473,49,2.02,3.05,7.37,14.49,2477,6
2026-05-17 16:32:01,3.5,19.48,14.16,12.79,1545545,91488,5.9,0,0,0.0,1007,473,49,2.48,3.21,10.28,17.79,2481,4
2026-05-17 16:33:01,1.6,14.16,13.64,12.70,1545545,91468,5.9,0,0,0.0,1007,473,49,2.96,3.20,7.03,13.74,2468,6
2026-05-17 16:34:01,1.4,15.26,14.05,12.90,1545545,91501,5.9,0,0,0.0,1007,473,49,2.12,3.15,8.17,15.19,2485,3
2026-05-17 16:35:02,1.2,16.54,14.74,13.21,1545545,91521,5.9,0,0,0.0,1007,473,49,2.28,3.18,10.51,17.51,2488,4
2026-05-17 16:36:02,3.2,21.51,16.53,13.93,1545545,91510,5.9,0,0,0.0,1007,473,49,2.49,3.52,10.43,17.77,2478,5
2026-05-17 16:37:02,1.5,18.71,16.69,14.15,1545545,91476,5.9,0,0,0.0,1007,473,49,2.15,3.48,5.28,12.57,2484,4
2026-05-17 16:38:03,1.6,16.24,16.34,14.19,1545545,91493,5.9,0,0,0.0,1007,473,49,2.58,3.17,1.89,8.91,2489,2
2026-05-17 16:39:03,1.8,15.96,16.37,14.33,1545545,91515,5.9,0,0,0.0,1007,473,49,2.62,2.89,6.42,13.89,2476,17
2026-05-17 16:40:03,12.3,13.37,15.65,14.22,1545545,91496,5.9,0,0,0.0,1007,473,49,2.36,3.38,1.55,8.61,2479,19
2026-05-17 16:41:04,1.4,15.44,16.02,14.46,1545545,91499,5.9,0,0,0.0,1007,473,49,2.33,3.16,9.55,17.19,2480,3
2026-05-17 16:42:04,1.6,16.76,16.29,14.65,1545545,91498,5.9,0,0,0.0,1007,473,49,3.88,3.14,6.48,13.61,2477,7
2026-05-17 16:43:04,1.6,14.19,15.69,14.55,1545545,91521,5.9,0,0,0.0,1007,473,49,2.10,3.14,6.61,13.37,2466,3
2026-05-17 16:44:05,1.3,13.62,15.32,14.49,1545545,91543,5.9,0,0,0.0,1007,473,49,4.65,3.50,6.40,13.90,2471,2
2026-05-17 16:45:05,1.4,12.94,14.86,14.39,1545545,91555,5.9,0,0,0.0,1007,473,49,3.43,3.08,3.36,10.71,2467,3
2026-05-17 16:46:05,1.4,14.04,14.77,14.38,1545545,91527,5.9,0,0,0.0,1007,473,49,2.33,3.21,8.01,15.66,2463,3
2026-05-17 16:47:06,2.9,12.17,14.12,14.18,1545545,91561,5.9,0,0,0.0,1007,473,49,2.43,3.46,8.68,15.40,2459,5
2026-05-17 16:48:06,3.2,12.98,13.92,14.10,1545545,91566,5.9,0,0,0.0,1007,473,49,2.79,3.38,3.95,11.21,2470,5
2026-05-17 16:49:06,1.3,11.95,13.46,13.93,1545545,91564,5.9,0,0,0.0,1007,473,49,2.46,3.03,4.16,11.50,2477,6
2026-05-17 16:50:07,3.4,10.52,12.74,13.65,1545545,91570,5.9,0,0,0.0,1007,473,49,2.79,3.22,1.78,8.83,2471,24
2026-05-17 16:51:07,1.3,11.38,12.63,13.56,1545545,91536,5.9,0,0,0.0,1007,473,49,3.27,3.19,4.07,11.46,2469,8
2026-05-17 16:52:07,3.2,12.25,12.62,13.49,1545545,91555,5.9,0,0,0.0,1007,473,49,5.22,3.23,5.73,13.11,2467,5
2026-05-17 16:53:08,1.2,11.01,12.25,13.31,1545545,91544,5.9,0,0,0.0,1007,473,49,2.70,3.00,1.55,8.55,2474,4
2026-05-17 16:54:08,1.2,10.93,11.98,13.15,1545545,91562,5.9,0,0,0.0,1007,473,49,3.40,3.32,7.05,14.18,2482,4
2026-05-17 16:55:08,12.3,10.76,11.70,12.98,1545545,91558,5.9,0,0,0.0,1007,473,49,2.01,3.34,1.50,8.56,2481,20
2026-05-17 16:56:09,1.3,11.06,11.73,12.91,1545545,91556,5.9,0,0,0.0,1007,473,49,2.32,3.02,7.71,14.73,2489,4
2026-05-17 16:57:09,3.2,10.62,11.46,12.74,1545545,91580,5.9,0,0,0.0,1007,473,49,2.68,3.38,3.22,10.19,2497,6
2026-05-17 16:58:09,1.3,13.29,12.03,12.85,1545545,91590,5.9,0,0,0.0,1007,473,49,2.03,2.86,7.94,15.43,2478,4
2026-05-17 16:59:10,1.3,11.08,11.65,12.67,1545545,91465,5.9,0,0,0.0,1007,473,49,4.54,3.32,2.39,9.47,2474,4
2026-05-17 17:00:10,1.5,11.87,11.88,12.69,1545545,91456,5.9,0,0,0.0,1007,473,49,2.55,3.11,6.95,14.61,2484,2
2026-05-17 17:01:10,1.2,12.33,12.05,12.70,1545545,91455,5.9,0,0,0.0,1007,473,49,2.07,47.66,8.81,16.53,2479,5
2026-05-17 17:02:11,1.0,10.99,11.77,12.56,1545545,91447,5.9,0,0,0.0,1007,473,49,4.00,3.25,3.64,10.80,2482,2
2026-05-17 17:03:11,1.3,11.10,11.68,12.48,1545545,91435,5.9,0,0,0.0,1007,473,49,2.56,3.16,6.28,13.69,2486,5
2026-05-17 17:04:11,3.2,11.47,11.68,12.43,1545545,91488,5.9,0,0,0.0,1007,473,49,2.78,3.15,6.62,14.25,2481,7
2026-05-17 17:05:12,1.5,11.60,11.72,12.40,1545545,91442,5.9,0,0,0.0,1007,473,49,3.61,3.25,7.21,13.97,2473,5
2026-05-17 17:06:12,1.6,12.53,11.87,12.40,1545545,91355,5.9,0,0,0.0,1007,473,49,2.77,3.32,3.74,11.00,2479,7
2026-05-17 17:07:12,1.5,11.80,11.74,12.32,1545545,91306,5.9,0,0,0.0,1007,473,49,3.35,3.16,2.97,9.98,2472,4
2026-05-17 17:08:13,1.5,14.54,12.61,12.59,1545545,91415,5.9,0,0,0.0,1007,473,49,2.02,3.26,7.32,14.84,2475,2
2026-05-17 17:09:13,1.5,14.11,12.91,12.70,1545545,91443,5.9,0,0,0.0,1007,473,49,3.25,3.34,3.14,10.34,2481,4
2026-05-17 17:10:13,1.6,12.43,12.69,12.64,1545545,91459,5.9,0,0,0.0,1007,473,49,3.36,3.21,8.72,15.81,2479,1
2026-05-17 17:11:14,1.7,11.08,12.22,12.47,1545545,91480,5.9,0,0,0.0,1007,473,49,1.78,3.07,5.25,12.61,2477,1
2026-05-17 17:12:14,2.5,12.40,12.36,12.50,1545545,91502,5.9,0,0,0.0,1007,473,49,3.46,3.27,3.75,10.84,2476,8
2026-05-17 17:13:14,1.6,12.89,12.54,12.56,1545545,91483,5.9,0,0,0.0,1007,473,49,2.30,3.22,6.59,14.01,2478,1
2026-05-17 17:14:15,3.4,11.29,12.19,12.44,1545545,91523,5.9,0,0,0.0,1007,473,49,2.92,2.78,1.91,9.02,2476,8
2026-05-17 17:15:15,3.2,12.10,12.29,12.46,1545545,91517,5.9,0,0,0.0,1007,473,49,2.19,3.19,9.11,16.82,2482,3
2026-05-17 17:16:15,3.2,12.81,12.45,12.50,1545545,91514,5.9,0,0,0.0,1007,473,49,2.23,3.30,11.85,18.91,2483,7
2026-05-17 17:17:16,2.0,11.55,12.20,12.41,1545545,91496,5.9,0,0,0.0,1007,473,49,3.16,3.40,2.92,10.03,2468,2
2026-05-17 17:18:16,3.1,11.42,12.02,12.33,1545545,91508,5.9,0,0,0.0,1007,473,49,2.65,3.20,6.57,14.11,2467,3
2026-05-17 17:19:16,1.2,11.02,11.81,12.24,1545545,91521,5.9,0,0,0.0,1007,473,49,2.71,3.14,6.07,12.92,2466,3
2026-05-17 17:20:17,3.7,12.26,11.91,12.24,1545545,91529,5.9,0,0,0.0,1007,473,49,2.96,3.36,5.11,12.46,2470,6
2026-05-17 17:21:17,1.9,10.87,11.57,12.10,1545545,91533,5.9,0,0,0.0,1007,473,49,2.53,3.37,4.92,12.30,2479,4
2026-05-17 17:22:17,2.4,11.99,11.68,12.10,1545545,91545,5.9,0,0,0.0,1007,473,49,3.74,3.20,6.20,13.63,2479,2
2026-05-17 17:23:18,1.6,12.93,12.12,12.23,1545545,91556,5.9,0,0,0.0,1007,473,49,2.48,3.19,5.90,13.32,2482,3
2026-05-17 17:24:18,2.0,14.10,12.50,12.35,1545545,91591,5.9,0,0,0.0,1007,473,49,2.88,3.31,9.23,16.47,2477,6
2026-05-17 17:25:19,9.4,13.27,12.58,12.39,1545545,91560,5.9,0,0,0.0,1007,473,49,2.96,3.28,9.23,16.26,2468,18
2026-05-17 17:26:19,3.5,13.22,12.64,12.42,1545545,91586,5.9,0,0,0.0,1007,473,49,2.01,3.22,3.80,11.08,2472,6
2026-05-17 17:27:19,1.6,14.65,13.24,12.64,1545545,91568,5.9,0,0,0.0,1007,473,49,3.16,3.49,7.73,15.43,2487,2
2026-05-17 17:28:20,3.3,13.91,13.34,12.71,1545545,91602,5.9,0,0,0.0,1007,473,49,1.32,3.21,8.17,15.45,2487,5
2026-05-17 17:29:20,1.3,13.27,13.40,12.78,1545545,91585,5.9,0,0,0.0,1007,473,49,2.14,3.32,7.50,14.32,2485,5
2026-05-17 17:30:20,3.1,13.74,13.52,12.86,1545545,91582,5.9,0,0,0.0,1007,473,49,2.12,3.31,9.56,17.29,2482,3
2026-05-17 17:31:21,3.6,12.64,13.23,12.81,1545545,91591,5.9,0,0,0.0,1007,473,49,1.94,3.27,9.97,17.47,2479,9
2026-05-17 17:32:21,1.6,11.76,12.89,12.72,1545545,91576,5.9,0,0,0.0,1007,473,49,2.84,3.48,4.78,12.19,2466,2
2026-05-17 17:33:21,1.5,11.81,12.64,12.64,1545545,91601,5.9,0,0,0.0,1007,473,49,4.00,2.96,6.99,14.50,2469,4
2026-05-17 17:34:22,1.6,11.57,12.43,12.56,1545545,91616,5.9,0,0,0.0,1007,473,49,2.12,3.33,5.31,12.27,2480,3
2026-05-17 17:35:22,3.2,11.36,12.19,12.47,1545545,91503,5.9,0,0,0.0,1007,473,49,3.16,3.16,2.29,9.50,2483,9
2026-05-17 17:36:22,2.9,13.00,12.43,12.53,1545545,91481,5.9,0,0,0.0,1007,473,49,2.14,4.90,11.60,18.75,2485,4
2026-05-17 17:37:23,1.4,14.76,13.16,12.78,1545545,91479,5.9,0,0,0.0,1007,473,49,1.88,2.88,10.62,17.87,2494,2
2026-05-17 17:38:23,3.1,13.32,13.00,12.75,1545545,91515,5.9,0,0,0.0,1007,473,49,3.44,3.23,7.50,15.09,2487,4
2026-05-17 17:39:23,9.7,12.36,12.79,12.69,1545545,91523,5.9,0,0,0.0,1007,473,49,3.83,3.30,7.42,14.93,2479,22
2026-05-17 17:40:24,8.6,11.91,12.60,12.63,1545545,91500,5.9,0,0,0.0,1007,473,49,2.93,3.36,8.90,15.73,2482,5
2026-05-17 17:41:24,9.1,11.32,12.32,12.53,1545545,91479,5.9,0,0,0.0,1007,473,49,2.95,3.21,4.61,11.94,2472,5
2026-05-17 17:42:24,1.3,10.92,12.09,12.44,1545545,91476,5.9,0,0,0.0,1007,473,49,3.11,3.29,2.14,9.15,2472,4
2026-05-17 17:43:25,3.3,12.27,12.21,12.46,1545545,91539,5.9,0,0,0.0,1007,473,49,2.86,3.17,9.83,17.26,2485,7
2026-05-17 17:44:25,3.0,13.35,12.49,12.54,1545545,91541,5.9,0,0,0.0,1007,473,49,2.34,3.12,6.59,14.15,2475,7
2026-05-17 17:45:25,1.4,12.74,12.47,12.53,1545545,91495,5.9,0,0,0.0,1007,473,49,3.33,3.36,11.43,18.55,2462,4
2026-05-17 17:46:26,2.8,12.37,12.45,12.52,1545545,91522,5.9,0,0,0.0,1007,473,49,3.43,3.57,5.19,12.68,2475,3
2026-05-17 17:47:26,4.5,10.80,11.98,12.35,1545545,91531,5.9,0,0,0.0,1007,473,49,2.02,3.38,2.34,9.49,2461,18
2026-05-17 17:48:26,1.3,10.22,11.63,12.21,1545545,91518,5.9,0,0,0.0,1007,473,49,2.40,3.08,4.65,11.89,2453,2
2026-05-17 17:49:27,1.3,11.21,11.62,12.17,1545545,91523,5.9,0,0,0.0,1007,473,49,3.07,3.16,1.44,8.38,2457,1
2026-05-17 17:50:27,1.4,11.63,11.64,12.13,1545545,91526,5.9,0,0,0.0,1007,473,49,3.94,3.35,6.77,13.74,2462,4
2026-05-17 17:51:27,3.4,11.63,11.55,12.06,1545545,91535,5.9,0,0,0.0,1007,473,49,2.20,3.28,4.75,12.16,2453,4
2026-05-17 17:52:28,3.2,12.43,11.72,12.09,1545545,91534,5.9,0,0,0.0,1007,473,49,1.88,3.30,6.73,14.25,2459,5
2026-05-17 17:53:28,3.5,11.81,11.64,12.04,1545545,91499,5.9,0,0,0.0,1007,473,49,3.08,3.16,5.34,12.75,2465,5
2026-05-17 17:54:28,1.3,12.20,11.79,12.06,1545545,91492,5.9,0,0,0.0,1007,473,49,3.43,3.16,10.61,17.31,2466,1
2026-05-17 17:55:29,1.6,11.72,11.70,12.01,1545545,91370,5.9,0,0,0.0,1007,473,49,3.54,3.29,2.33,9.44,2475,1
2026-05-17 17:56:29,1.3,11.71,11.66,11.97,1545545,91370,5.9,0,0,0.0,1007,473,49,3.31,3.41,7.96,14.80,2469,3
2026-05-17 17:57:29,1.5,11.85,11.70,11.97,1545545,91495,5.9,0,0,0.0,1007,473,49,2.47,3.36,2.52,9.58,2467,6
2026-05-17 17:58:30,1.6,11.19,11.53,11.89,1545545,91540,5.9,0,0,0.0,1007,473,49,3.07,3.17,4.73,12.07,2469,7
2026-05-17 17:59:30,3.2,12.22,11.75,11.94,1545545,91543,5.9,0,0,0.0,1007,473,49,2.30,3.19,10.48,17.41,2476,7
2026-05-17 18:00:30,1.3,12.28,11.83,11.95,1545545,91520,5.9,0,0,0.0,1007,473,49,4.57,3.28,6.72,14.32,2467,3
2026-05-17 18:01:31,4.6,11.21,11.51,11.83,1545545,91462,5.9,0,0,0.0,1007,473,49,2.99,50.31,3.82,11.18,2461,6
2026-05-17 18:02:31,1.4,12.08,11.82,11.92,1545545,91426,5.9,0,0,0.0,1007,473,49,3.09,3.43,4.26,11.66,2482,8
2026-05-17 18:03:31,1.6,11.19,11.61,11.84,1545545,91534,5.9,0,0,0.0,1007,473,49,4.16,3.01,1.04,7.98,2468,7
2026-05-17 18:04:32,1.5,12.64,11.87,11.91,1545545,91551,5.9,0,0,0.0,1007,473,49,1.65,3.10,4.01,11.23,2465,7
2026-05-17 18:05:32,3.0,13.47,12.25,12.04,1545545,91547,5.9,0,0,0.0,1007,473,49,1.93,2.95,10.35,18.24,2486,4
2026-05-17 18:06:32,1.4,14.76,12.84,12.25,1545545,91536,5.9,0,0,0.0,1007,473,49,1.98,3.43,11.62,18.31,2492,6
2026-05-17 18:07:33,1.4,11.95,12.40,12.14,1545545,91475,5.9,0,0,0.0,1007,473,49,2.16,3.46,1.44,8.40,2482,1
2026-05-17 18:08:33,1.5,11.11,12.05,12.04,1545545,91477,5.9,0,0,0.0,1007,473,49,3.51,3.18,7.62,14.09,2480,8
2026-05-17 18:09:33,10.5,11.93,12.07,12.04,1545545,91580,5.9,0,0,0.0,1007,473,49,2.52,3.35,4.41,11.36,2484,13
2026-05-17 18:10:34,4.2,14.32,12.62,12.22,1545545,91583,5.9,0,0,0.0,1007,473,49,2.80,3.00,9.64,17.41,2465,6
2026-05-17 18:11:34,2.9,12.20,12.29,12.14,1545545,91552,5.9,0,0,0.0,1007,473,49,2.98,3.34,7.56,14.24,2472,5
2026-05-17 18:12:35,3.2,13.23,12.58,12.24,1545545,91564,5.9,0,0,0.0,1007,473,49,1.91,3.18,7.96,15.57,2475,9
2026-05-17 18:13:35,1.5,11.68,12.30,12.17,1545545,91466,5.9,0,0,0.0,1007,473,49,1.50,3.25,5.09,12.53,2483,2
2026-05-17 18:14:35,3.1,11.15,12.05,12.09,1545545,91484,5.9,0,0,0.0,1007,473,49,2.06,2.97,4.99,12.25,2486,15
2026-05-17 18:15:36,3.3,11.69,12.18,12.14,1545545,91468,5.9,0,0,0.0,1007,473,49,2.56,3.34,4.92,11.80,2475,6
2026-05-17 18:16:36,1.7,11.93,12.10,12.12,1545545,91464,5.9,0,0,0.0,1007,473,49,4.51,3.47,7.59,14.95,2477,3
2026-05-17 18:17:36,1.6,13.35,12.41,12.22,1545545,91475,5.9,0,0,0.0,1007,473,49,3.94,3.35,4.04,11.52,2473,4
2026-05-17 18:18:37,3.1,12.31,12.20,12.15,1545545,91511,5.9,0,0,0.0,1007,473,49,3.48,3.11,1.57,8.58,2479,5
2026-05-17 18:19:37,1.6,13.06,12.45,12.24,1545545,91466,5.9,0,0,0.0,1007,473,49,3.39,2.78,6.79,14.33,2472,1
2026-05-17 18:20:37,1.6,16.28,13.42,12.58,1545545,91447,5.9,0,0,0.0,1007,473,49,4.11,3.34,9.00,16.28,2474,4
2026-05-17 18:21:38,1.0,13.62,13.15,12.54,1545545,91398,5.9,0,0,0.0,1007,473,49,3.82,3.20,1.27,8.25,2491,1
2026-05-17 18:22:38,1.6,13.61,13.30,12.63,1545545,91345,5.9,0,0,0.0,1007,473,49,2.80,3.18,2.98,10.30,2465,6
2026-05-17 18:23:38,3.5,14.70,13.83,12.87,1545545,91353,5.9,0,0,0.0,1007,473,49,2.89,3.27,7.54,14.69,2461,2
2026-05-17 18:24:39,1.4,17.42,14.61,13.19,1545545,91522,5.9,0,0,0.0,1007,473,49,2.66,3.08,6.66,13.98,2463,4
2026-05-17 18:25:39,3.1,20.04,15.74,13.66,1545545,91485,5.9,0,0,0.0,1007,473,49,1.90,3.21,9.52,16.84,2456,15
2026-05-17 18:26:39,3.1,16.46,15.45,13.69,1545545,91453,5.9,0,0,0.0,1007,473,49,2.33,3.60,6.16,13.61,2454,8
2026-05-17 18:27:40,1.1,14.61,15.14,13.69,1545545,91481,5.9,0,0,0.0,1007,473,49,2.38,3.46,3.24,10.31,2459,1
2026-05-17 18:28:40,3.4,17.13,15.66,13.95,1545545,91545,5.9,0,0,0.0,1007,473,49,1.29,3.16,7.35,14.76,2461,6
2026-05-17 18:29:40,1.2,14.66,15.23,13.91,1545545,91539,5.9,0,0,0.0,1007,473,49,1.58,3.14,9.35,16.84,2468,4
2026-05-17 18:30:41,3.2,12.44,14.48,13.73,1545545,91518,5.9,0,0,0.0,1007,473,49,1.40,3.26,1.47,8.47,2467,4
2026-05-17 18:31:41,2.1,11.48,13.79,13.54,1545545,91516,5.9,0,0,0.0,1007,473,49,1.98,3.48,3.39,10.66,2458,2
2026-05-17 18:32:41,1.3,13.07,13.91,13.60,1545545,91506,5.9,0,0,0.0,1007,473,49,2.57,3.07,7.02,14.73,2445,2
2026-05-17 18:33:42,1.4,13.73,14.02,13.66,1545545,91512,5.9,0,0,0.0,1007,473,49,3.07,3.17,11.36,18.04,2450,4
2026-05-17 18:34:42,1.3,11.28,13.29,13.43,1545545,91512,5.9,0,0,0.0,1007,473,49,2.35,2.98,2.14,9.20,2444,1
2026-05-17 18:35:42,1.1,10.32,12.65,13.20,1545545,91517,5.9,0,0,0.0,1007,473,49,3.49,3.32,1.07,8.06,2442,2
2026-05-17 18:36:43,1.4,10.28,12.20,13.01,1545545,91536,5.9,0,0,0.0,1007,473,49,3.10,3.36,1.24,8.23,2445,2
2026-05-17 18:37:43,1.4,10.91,12.11,12.93,1545545,91522,5.9,0,0,0.0,1007,473,49,2.29,3.52,5.20,12.70,2464,8
2026-05-17 18:38:43,2.9,10.60,11.79,12.77,1545545,91515,5.9,0,0,0.0,1007,473,49,4.34,3.21,1.16,8.09,2453,1
2026-05-17 18:39:44,1.9,10.53,11.58,12.63,1545545,91522,5.9,0,0,0.0,1007,473,49,4.36,3.11,2.58,9.63,2463,7
2026-05-17 18:40:44,1.3,10.59,11.43,12.52,1545545,91541,5.9,0,0,0.0,1007,473,49,1.94,3.15,1.80,8.79,2468,14
2026-05-17 18:41:44,1.6,12.70,11.83,12.58,1545545,91588,5.9,0,0,0.0,1007,473,49,2.90,3.52,8.24,15.98,2477,1
2026-05-17 18:42:45,3.2,13.28,12.12,12.63,1545545,91593,5.9,0,0,0.0,1007,473,49,4.09,3.23,8.22,15.41,2471,10
2026-05-17 18:43:45,3.3,13.77,12.42,12.70,1545545,91612,5.9,0,0,0.0,1007,473,49,2.28,3.03,12.56,20.06,2476,3
2026-05-17 18:44:45,3.0,14.67,12.94,12.86,1545545,91619,5.9,0,0,0.0,1007,473,49,3.43,3.23,12.44,19.30,2463,7
2026-05-17 18:45:46,3.0,14.30,13.15,12.94,1545545,91602,5.9,0,0,0.0,1007,473,49,2.18,3.25,12.16,19.43,2468,3
2026-05-17 18:46:46,3.9,13.53,13.12,12.94,1545545,91598,5.9,0,0,0.0,1007,473,49,2.89,3.55,12.45,19.68,2461,5
2026-05-17 18:47:46,3.2,13.31,13.17,12.97,1545545,91605,5.9,0,0,0.0,1007,473,49,4.61,3.45,12.04,20.11,2452,3
2026-05-17 18:48:47,3.4,14.79,13.67,13.16,1545545,91630,5.9,0,0,0.0,1007,473,49,3.57,3.16,12.09,19.20,2460,3
2026-05-17 18:49:47,3.5,18.36,14.78,13.57,1545545,91646,5.9,0,0,0.0,1007,473,49,2.60,3.25,12.07,19.64,2456,3
2026-05-17 18:50:47,3.0,15.34,14.56,13.57,1545545,91619,5.9,0,0,0.0,1007,473,49,1.96,3.10,12.33,19.04,2458,5
2026-05-17 18:51:48,3.0,16.11,14.96,13.77,1545545,91625,5.9,0,0,0.0,1007,473,49,1.99,3.34,12.15,19.49,2467,5
2026-05-17 18:52:48,3.3,15.98,15.15,13.91,1545545,91494,5.9,0,0,0.0,1007,473,49,2.95,3.26,12.37,19.98,2458,6
2026-05-17 18:53:48,5.5,16.49,15.50,14.11,1545545,91526,5.9,0,0,0.0,1007,473,49,1.87,3.26,12.48,19.17,2460,25
2026-05-17 18:54:49,3.3,15.53,15.32,14.13,1545545,91528,5.9,0,0,0.0,1007,473,49,1.97,3.00,11.78,19.04,2469,6
2026-05-17 18:55:49,3.1,14.38,14.97,14.08,1545545,91519,5.9,0,0,0.0,1007,473,49,3.57,3.33,12.24,19.63,2469,5
2026-05-17 18:56:49,3.0,13.87,14.74,14.06,1545545,91532,5.9,0,0,0.0,1007,473,49,1.65,3.30,11.93,19.89,2456,10
2026-05-17 18:57:50,3.2,15.04,14.97,14.19,1545545,91545,5.9,0,0,0.0,1007,473,49,2.15,3.47,12.12,19.52,2468,8
2026-05-17 18:58:50,3.1,13.40,14.54,14.09,1545545,91554,5.9,0,0,0.0,1007,473,49,1.39,3.13,12.23,19.41,2458,4
2026-05-17 18:59:50,3.3,13.90,14.49,14.10,1545545,91566,5.9,0,0,0.0,1007,473,49,1.96,3.25,11.92,19.50,2450,6
2026-05-17 19:00:51,2.8,13.56,14.32,14.07,1545545,91538,5.9,0,0,0.0,1007,473,49,1.86,3.19,11.82,18.91,2454,4
2026-05-17 19:01:51,3.2,14.66,14.52,14.16,1545545,91541,5.9,0,0,0.0,1007,473,49,2.35,49.43,12.16,19.50,2464,7
2026-05-17 19:02:51,3.4,14.95,14.60,14.20,1545545,91541,5.9,0,0,0.0,1007,473,49,4.20,3.46,12.22,19.59,2462,4
2026-05-17 19:03:52,3.2,13.95,14.39,14.15,1545545,91562,5.9,0,0,0.0,1007,473,49,4.89,3.23,11.69,19.30,2461,4
2026-05-17 19:04:52,2.8,13.42,14.17,14.09,1545545,91557,5.9,0,0,0.0,1007,473,49,3.43,3.05,12.17,19.25,2466,5
2026-05-17 19:05:52,4.3,14.66,14.26,14.12,1545545,91534,5.9,0,0,0.0,1007,473,49,3.94,3.26,12.09,19.55,2461,5
2026-05-17 19:06:53,3.2,14.75,14.39,14.18,1545545,91542,5.9,0,0,0.0,1007,473,49,2.74,3.22,11.81,19.41,2463,4
2026-05-17 19:07:53,3.2,15.70,14.67,14.28,1545545,91540,5.9,0,0,0.0,1007,473,49,2.37,3.53,12.19,19.48,2463,17
2026-05-17 19:08:53,7.2,15.06,14.68,14.31,1545545,91526,5.9,0,0,0.0,1007,473,49,3.69,3.38,11.74,19.85,2479,18
2026-05-17 19:09:54,3.0,16.32,14.96,14.42,1545545,91549,5.9,0,0,0.0,1007,473,49,4.50,3.19,11.96,19.12,2473,7
2026-05-17 19:10:54,3.2,15.66,15.06,14.49,1545545,91535,5.9,0,0,0.0,1007,473,49,5.57,3.14,11.76,19.50,2469,5
2026-05-17 19:11:54,3.2,15.21,15.07,14.53,1545545,91535,5.9,0,0,0.0,1007,473,49,4.03,3.39,12.04,19.51,2458,7
2026-05-17 19:12:55,3.2,15.77,15.33,14.66,1545545,91547,5.9,0,0,0.0,1007,473,49,3.82,3.48,11.68,19.64,2456,6
2026-05-17 19:13:55,3.3,14.47,15.11,14.63,1545545,91575,5.9,0,0,0.0,1007,473,49,3.10,3.07,11.89,19.37,2454,8
2026-05-17 19:14:55,3.3,14.67,14.99,14.62,1545545,91608,5.9,0,0,0.0,1007,473,49,2.39,3.17,12.09,19.40,2461,7
2026-05-17 19:15:56,3.2,14.52,14.92,14.62,1545545,91623,5.9,0,0,0.0,1007,473,49,2.41,3.30,11.83,18.97,2471,3
2026-05-17 19:16:56,3.1,14.80,14.97,14.66,1545545,91590,5.9,0,0,0.0,1007,473,49,4.04,3.39,11.84,19.49,2485,11
2026-05-17 19:17:56,3.0,15.33,15.12,14.73,1545545,91610,5.9,0,0,0.0,1007,473,49,5.60,3.41,12.40,19.26,2485,6
2026-05-17 19:18:57,3.3,14.44,14.97,14.70,1545545,91622,5.9,0,0,0.0,1007,473,49,2.12,3.25,11.83,19.92,2488,11
2026-05-17 19:19:57,3.4,14.10,14.83,14.67,1545545,91628,5.9,0,0,0.0,1007,473,49,1.93,3.18,11.64,19.83,2477,10
2026-05-17 19:20:57,3.2,13.91,14.70,14.64,1545545,91608,5.9,0,0,0.0,1007,473,49,2.96,2.89,12.05,19.22,2469,4
2026-05-17 19:21:58,3.1,14.98,14.84,14.69,1545545,91611,5.9,0,0,0.0,1007,473,49,2.00,3.38,11.74,19.33,2467,4
2026-05-17 19:22:58,3.3,14.59,14.74,14.66,1545545,91617,5.9,0,0,0.0,1007,473,49,2.12,3.24,11.71,19.92,2470,5
2026-05-17 19:23:58,11.9,14.16,14.55,14.60,1545545,91632,5.9,0,0,0.0,1007,473,49,2.94,3.33,12.14,19.29,2454,22
2026-05-17 19:24:59,3.1,17.05,15.21,14.82,1545545,91639,5.9,0,0,0.0,1007,473,49,2.02,3.11,12.08,18.72,2469,10
2026-05-17 19:25:59,3.1,14.17,14.70,14.67,1545545,91616,5.9,0,0,0.0,1007,473,49,3.86,3.22,12.05,19.23,2461,7
2026-05-17 19:26:59,3.0,13.82,14.48,14.59,1545545,91626,5.9,0,0,0.0,1007,473,49,3.03,3.49,12.19,19.29,2459,13
2026-05-17 19:28:00,3.0,13.47,14.28,14.51,1545545,91627,5.9,0,0,0.0,1007,473,49,2.14,3.33,11.87,19.33,2482,9
2026-05-17 19:29:00,3.2,14.69,14.46,14.56,1545545,91642,5.9,0,0,0.0,1007,473,49,3.21,3.28,12.05,19.71,2483,10
2026-05-17 19:30:00,3.3,18.37,16.02,15.12,1545545,91653,5.9,0,0,0.0,1007,473,49,3.34,3.22,11.65,18.95,2482,9
2026-05-17 19:31:01,3.1,16.64,15.91,15.13,1545545,91516,5.9,0,0,0.0,1007,473,49,2.88,3.29,12.03,19.12,2491,6
2026-05-17 19:32:01,3.2,15.23,15.65,15.09,1545545,91513,5.9,0,0,0.0,1007,473,49,2.19,3.23,12.21,19.45,2496,4
2026-05-17 19:33:01,3.2,14.05,15.23,14.98,1545545,91520,5.9,0,0,0.0,1007,473,49,3.24,3.32,11.96,19.27,2466,5
2026-05-17 19:34:02,3.3,15.02,15.35,15.05,1545545,91547,5.9,0,0,0.0,1007,473,49,1.79,3.32,12.11,18.91,2472,9
2026-05-17 19:35:02,2.8,14.54,15.19,15.01,1545545,91563,5.9,0,0,0.0,1007,473,49,2.38,3.11,11.99,19.30,2479,4
2026-05-17 19:36:02,3.4,13.90,14.86,14.90,1545545,91534,5.9,0,0,0.0,1007,473,49,4.55,3.55,12.08,19.35,2462,5
2026-05-17 19:37:03,3.0,17.54,15.65,15.17,1545545,91529,5.9,0,0,0.0,1007,473,49,2.98,3.49,11.71,19.24,2455,8
2026-05-17 19:38:03,3.1,15.74,15.49,15.14,1545545,91537,5.9,0,0,0.0,1007,473,49,3.46,3.39,11.98,19.54,2463,9
2026-05-17 19:39:03,4.9,14.13,15.09,15.02,1545545,91559,5.9,0,0,0.0,1007,473,49,2.23,3.03,12.08,19.64,2460,16
2026-05-17 19:40:04,3.0,15.36,15.24,15.07,1545545,91564,5.9,0,0,0.0,1007,473,49,2.56,3.16,11.56,19.24,2453,7
2026-05-17 19:41:04,3.3,15.57,15.30,15.10,1545545,91546,5.9,0,0,0.0,1007,473,49,3.85,3.26,11.84,19.12,2456,5
2026-05-17 19:42:04,3.1,13.81,14.87,14.97,1545545,91553,5.9,0,0,0.0,1007,473,49,2.53,3.42,11.61,19.58,2449,5
2026-05-17 19:43:05,3.5,14.19,14.89,14.97,1545545,91554,5.9,0,0,0.0,1007,473,49,3.72,3.12,11.81,19.65,2442,5
2026-05-17 19:44:05,2.9,15.73,15.23,15.09,1545545,91566,5.9,0,0,0.0,1007,473,49,4.17,3.38,11.97,19.35,2447,5
2026-05-17 19:45:05,3.1,15.20,15.06,15.03,1545545,91585,5.9,0,0,0.0,1007,473,49,3.09,3.22,11.84,19.27,2452,9
2026-05-17 19:46:06,5.2,14.31,14.88,14.97,1545545,91552,5.9,0,0,0.0,1007,473,49,2.38,3.33,11.65,19.07,2453,9
2026-05-17 19:47:06,3.4,14.55,14.82,14.94,1545545,91564,5.9,0,0,0.0,1007,473,49,1.52,3.32,11.66,19.69,2452,4
2026-05-17 19:48:06,2.8,14.93,14.79,14.92,1545545,91573,5.9,0,0,0.0,1007,473,49,1.79,3.35,12.00,19.33,2450,7
2026-05-17 19:49:07,4.5,14.49,14.73,14.89,1545545,91595,5.9,0,0,0.0,1007,473,49,1.70,3.52,11.84,19.52,2441,7
2026-05-17 19:50:07,3.1,14.55,14.66,14.86,1545545,91611,5.9,0,0,0.0,1007,473,49,2.23,3.03,11.79,18.88,2443,7
2026-05-17 19:51:07,3.0,14.24,14.59,14.82,1545545,91565,5.9,0,0,0.0,1007,473,49,4.10,3.29,11.62,19.03,2431,5
2026-05-17 19:52:08,2.9,13.53,14.30,14.70,1545545,91570,5.9,0,0,0.0,1007,473,49,3.00,3.29,12.01,19.32,2437,4
2026-05-17 19:53:08,3.3,14.11,14.35,14.69,1545545,91582,5.9,0,0,0.0,1007,473,49,2.44,3.29,11.72,19.85,2447,17
2026-05-17 19:54:08,11.3,15.77,14.78,14.82,1545545,91627,5.9,0,0,0.0,1007,473,49,2.41,3.18,11.81,18.97,2461,24
2026-05-17 19:55:09,3.0,14.34,14.54,14.73,1545545,91642,5.9,0,0,0.0,1007,473,49,1.94,3.18,11.64,19.13,2474,11
2026-05-17 19:56:09,3.2,14.49,14.55,14.72,1545545,91615,5.9,0,0,0.0,1007,473,49,1.97,3.25,11.72,19.29,2477,8
2026-05-17 19:57:09,3.0,15.18,14.69,14.76,1545545,91622,5.9,0,0,0.0,1007,473,49,1.57,3.46,11.85,19.18,2476,5
2026-05-17 19:58:10,3.5,13.99,14.41,14.65,1545545,91630,5.9,0,0,0.0,1007,473,49,4.78,2.83,11.78,19.20,2464,18
2026-05-17 19:59:10,3.2,14.00,14.34,14.61,1545545,91661,5.9,0,0,0.0,1007,473,49,3.32,3.38,11.72,19.92,2463,8
2026-05-17 20:00:10,3.2,15.59,14.67,14.71,1545545,91654,5.9,0,0,0.0,1007,473,49,3.68,3.27,11.45,19.19,2467,4
2026-05-17 20:01:11,2.7,15.20,14.69,14.71,1545545,91646,5.9,0,0,0.0,1007,473,49,2.87,47.40,11.58,19.49,2468,4
2026-05-17 20:02:11,3.1,13.82,14.37,14.60,1545545,91642,5.9,0,0,0.0,1007,473,49,2.82,3.42,11.74,19.30,2467,4
2026-05-17 20:03:11,3.2,28.78,18.53,16.00,1545545,91637,5.9,0,0,0.0,1007,473,49,2.35,3.36,11.62,19.48,2469,5
2026-05-17 20:04:12,3.0,20.10,18.01,15.99,1545545,91648,5.9,0,0,0.0,1007,473,49,3.35,3.41,11.59,19.62,2458,5
2026-05-17 20:05:12,3.3,20.84,18.76,16.38,1545545,91657,5.9,0,0,0.0,1007,473,49,3.43,3.05,11.71,19.43,2456,23
2026-05-17 20:06:12,3.2,21.48,19.16,16.66,1545545,91658,5.9,0,0,0.0,1007,473,49,4.62,3.25,11.69,19.02,2461,7
2026-05-17 20:07:13,3.4,19.57,18.91,16.72,1545545,91642,5.9,0,0,0.0,1007,473,49,3.10,3.54,11.76,19.01,2456,7
2026-05-17 20:08:13,4.4,17.72,18.52,16.72,1545545,91642,5.9,0,0,0.0,1007,473,49,4.57,3.30,11.90,19.20,2475,5
2026-05-17 20:09:14,3.7,17.21,18.15,16.71,1545545,91547,5.9,0,0,0.0,1007,473,49,2.85,3.24,11.89,19.73,2481,10
2026-05-17 20:10:14,3.0,16.68,17.89,16.72,1545545,91546,5.9,0,0,0.0,1007,473,49,2.45,3.36,11.39,19.35,2464,6
2026-05-17 20:11:14,3.1,23.94,19.86,17.47,1545545,91525,5.9,0,0,0.0,1007,473,49,3.51,3.22,11.54,18.96,2460,4
2026-05-17 20:12:15,2.8,16.72,18.51,17.15,1545545,91542,5.9,0,0,0.0,1007,473,49,4.10,2.84,11.77,19.40,2463,7
2026-05-17 20:13:15,3.2,16.35,18.00,17.06,1545545,91538,5.9,0,0,0.0,1007,473,49,2.08,3.29,11.65,19.09,2455,8
2026-05-17 20:14:15,3.2,16.04,17.58,16.97,1545545,91568,5.9,0,0,0.0,1007,473,49,3.39,3.46,11.84,19.62,2458,14
2026-05-17 20:15:16,3.0,20.26,18.47,17.31,1545545,91552,5.9,0,0,0.0,1007,473,49,2.53,3.27,11.52,19.61,2464,8
2026-05-17 20:16:16,4.4,16.65,17.87,17.18,1545545,91551,5.9,0,0,0.0,1007,473,49,2.70,3.16,11.82,18.95,2473,6
2026-05-17 20:17:16,3.0,16.03,17.47,17.08,1545545,91549,5.9,0,0,0.0,1007,473,49,2.04,3.37,11.68,19.43,2472,12
2026-05-17 20:18:17,2.9,13.91,16.59,16.81,1545545,91546,5.9,0,0,0.0,1007,473,49,1.80,3.31,11.72,18.95,2466,11
2026-05-17 20:19:17,3.7,16.12,16.77,16.85,1545545,91599,5.9,0,0,0.0,1007,473,49,2.10,3.43,11.70,19.53,2459,8
2026-05-17 20:20:17,3.7,15.21,16.29,16.67,1545545,91568,5.9,0,0,0.0,1007,473,49,2.75,3.10,11.81,19.26,2462,9
2026-05-17 20:21:18,4.1,13.94,15.77,16.47,1545545,91567,5.9,0,0,0.0,1007,473,49,4.58,3.25,11.52,19.55,2461,11
2026-05-17 20:22:18,3.3,13.93,15.46,16.32,1545545,91567,5.9,0,0,0.0,1007,473,49,2.57,3.30,11.42,19.45,2477,5
2026-05-17 20:23:18,4.4,13.16,14.94,16.09,1545545,91582,5.9,0,0,0.0,1007,473,49,2.37,3.18,11.52,19.56,2472,5
2026-05-17 20:24:19,3.5,14.88,15.10,16.07,1545545,91603,5.9,0,0,0.0,1007,473,49,3.80,3.29,11.72,19.74,2473,5
2026-05-17 20:25:19,3.3,14.19,14.86,15.92,1545545,91575,5.9,0,0,0.0,1007,473,49,3.68,3.30,11.49,19.63,2474,4
2026-05-17 20:26:19,3.0,14.15,14.68,15.79,1545545,91586,5.9,0,0,0.0,1007,473,49,2.21,3.16,11.82,18.78,2458,5
2026-05-17 20:27:20,3.0,14.43,14.71,15.73,1545545,91583,5.9,0,0,0.0,1007,473,49,3.55,3.25,11.49,18.60,2452,8
2026-05-17 20:28:20,3.3,13.56,14.48,15.59,1545545,91575,5.9,0,0,0.0,1007,473,49,2.55,3.28,11.46,19.54,2461,6
2026-05-17 20:29:20,3.1,14.27,14.60,15.56,1545545,91613,5.9,0,0,0.0,1007,473,49,2.32,3.00,12.16,19.14,2474,5
2026-05-17 20:30:21,3.2,14.10,14.50,15.47,1545545,91587,5.9,0,0,0.0,1007,473,49,2.73,3.33,11.60,19.19,2465,7
2026-05-17 20:31:21,2.9,14.53,14.62,15.45,1545545,91608,5.9,0,0,0.0,1007,473,49,2.58,3.29,11.81,19.22,2483,6
2026-05-17 20:32:21,3.3,14.35,14.45,15.34,1545545,91637,5.9,0,0,0.0,1007,473,49,1.99,3.26,11.49,19.60,2475,6
2026-05-17 20:33:22,3.2,13.71,14.24,15.20,1545545,91634,5.9,0,0,0.0,1007,473,49,2.68,3.30,11.90,19.11,2474,5
2026-05-17 20:34:22,3.0,13.45,14.09,15.09,1545545,91663,5.9,0,0,0.0,1007,473,49,2.27,3.35,11.98,19.34,2468,24
2026-05-17 20:35:22,3.4,13.37,13.97,14.99,1545545,91642,5.9,0,0,0.0,1007,473,49,2.11,3.18,11.62,19.29,2475,19
2026-05-17 20:36:23,3.1,13.67,13.98,14.93,1545545,91646,5.9,0,0,0.0,1007,473,49,2.24,3.62,11.42,19.33,2463,6
2026-05-17 20:37:23,3.3,19.66,15.60,15.42,1545545,91638,5.9,0,0,0.0,1007,473,49,2.40,3.47,11.68,19.14,2462,4
2026-05-17 20:38:23,3.5,15.87,15.28,15.32,1545545,91650,5.9,0,0,0.0,1007,473,49,1.64,3.33,11.70,19.09,2466,5
2026-05-17 20:39:24,11.8,20.18,16.77,15.83,1545545,91669,5.9,0,0,0.0,1007,473,49,3.82,3.32,11.64,19.67,2480,5
2026-05-17 20:40:24,3.0,15.27,15.97,15.62,1545545,91674,5.9,0,0,0.0,1007,473,49,2.94,3.38,11.54,19.75,2491,20
2026-05-17 20:41:24,3.2,15.61,15.99,15.65,1545545,91658,5.9,0,0,0.0,1007,473,49,4.05,3.33,11.47,19.47,2493,5
2026-05-17 20:42:25,1.7,14.30,15.64,15.55,1545545,91643,5.9,0,0,0.0,1007,473,49,4.55,3.11,8.66,16.30,2507,4
2026-05-17 20:43:25,1.4,12.04,14.70,15.23,1545545,91643,5.9,0,0,0.0,1007,473,49,4.02,3.14,4.04,11.28,2493,4
2026-05-17 20:44:25,1.5,11.87,14.16,15.01,1545545,91662,5.9,0,0,0.0,1007,473,49,2.07,2.95,6.01,13.44,2505,6
2026-05-17 20:45:26,3.3,12.55,13.90,14.86,1545545,91658,5.9,0,0,0.0,1007,473,49,3.39,3.66,6.36,13.79,2497,2
2026-05-17 20:46:26,1.3,11.01,13.22,14.57,1545545,91650,5.9,0,0,0.0,1007,473,49,1.81,3.30,1.05,8.14,2500,6
2026-05-17 20:47:26,1.2,13.67,13.44,14.55,1545545,91534,5.9,0,0,0.0,1007,473,49,2.28,3.28,4.76,12.06,2512,2
2026-05-17 20:48:27,1.9,12.45,13.10,14.36,1545545,91554,5.9,0,0,0.0,1007,473,49,2.30,3.24,4.44,11.61,2494,2
2026-05-17 20:49:27,1.5,11.50,12.76,14.17,1545545,91559,5.9,0,0,0.0,1007,473,49,2.03,3.21,5.80,13.08,2497,2
2026-05-17 20:50:27,1.1,12.57,12.77,14.08,1545545,91537,5.9,0,0,0.0,1007,473,49,1.69,3.59,10.33,18.28,2509,3
2026-05-17 20:51:28,1.5,10.99,12.27,13.82,1545545,91537,5.9,0,0,0.0,1007,473,49,2.90,3.30,2.54,9.57,2497,8
2026-05-17 20:52:28,1.3,20.34,14.22,14.37,1545545,91531,5.9,0,0,0.0,1007,473,49,1.85,3.30,6.83,14.03,2470,2
2026-05-17 20:53:28,3.4,14.48,13.64,14.15,1545545,91572,5.9,0,0,0.0,1007,473,49,2.25,3.11,3.04,10.14,2470,6
2026-05-17 20:54:29,1.3,14.05,13.81,14.19,1545545,91570,5.9,0,0,0.0,1007,473,49,4.54,3.25,7.41,14.88,2478,2
2026-05-17 20:55:29,1.1,11.95,13.22,13.96,1545545,91561,5.9,0,0,0.0,1007,473,49,1.98,3.33,2.64,9.99,2452,4
2026-05-17 20:56:30,3.3,13.92,13.53,14.02,1545545,91570,5.9,0,0,0.0,1007,473,49,2.23,3.34,10.67,18.21,2460,4
2026-05-17 20:57:30,1.4,13.68,13.60,14.02,1545545,91567,5.9,0,0,0.0,1007,473,49,3.69,3.14,7.03,14.09,2465,3
2026-05-17 20:58:30,1.2,13.32,13.57,13.98,1545545,91584,5.9,0,0,0.0,1007,473,49,2.35,3.30,10.57,17.35,2457,6
2026-05-17 20:59:31,3.1,14.79,14.01,14.11,1545545,91600,5.9,0,0,0.0,1007,473,49,4.66,3.39,10.04,17.48,2472,6
2026-05-17 21:00:31,3.2,13.11,13.66,13.98,1545545,91577,5.9,0,0,0.0,1007,473,49,2.67,3.20,3.37,10.63,2472,5
2026-05-17 21:01:31,1.1,11.88,13.23,13.81,1545545,91555,5.9,0,0,0.0,1007,473,49,2.99,47.82,2.08,9.29,2453,9
2026-05-17 21:02:32,1.2,12.11,13.10,13.73,1545545,91554,5.9,0,0,0.0,1007,473,49,2.11,3.26,7.02,14.44,2469,4
2026-05-17 21:03:32,3.7,12.67,12.94,13.63,1545545,91599,5.9,0,0,0.0,1007,473,49,2.98,2.81,7.18,14.76,2472,5
2026-05-17 21:04:32,2.3,13.46,13.25,13.70,1545545,91580,5.9,0,0,0.0,1007,473,49,3.19,3.25,9.66,16.36,2450,6
2026-05-17 21:05:33,3.1,13.73,13.32,13.69,1545545,91589,5.9,0,0,0.0,1007,473,49,2.37,3.49,10.65,17.76,2446,5
2026-05-17 21:06:33,1.3,13.19,13.38,13.70,1545545,91563,5.9,0,0,0.0,1007,473,49,2.75,3.39,10.09,16.76,2461,2
2026-05-17 21:07:33,1.4,11.50,12.86,13.50,1545545,91590,5.9,0,0,0.0,1007,473,49,3.77,3.18,4.37,11.72,2454,19
2026-05-17 21:08:34,1.9,15.08,14.06,13.90,1545545,91613,5.9,0,0,0.0,1007,473,49,6.67,3.37,9.21,16.05,2460,6
2026-05-17 21:09:34,3.1,15.50,14.22,13.95,1545545,91616,5.9,0,0,0.0,1007,473,49,3.38,3.26,11.11,17.75,2472,21
2026-05-17 21:10:34,1.5,17.02,14.96,14.22,1545545,91609,5.9,0,0,0.0,1007,473,49,3.56,3.41,6.06,13.63,2476,4
2026-05-17 21:11:35,3.3,12.39,14.02,13.95,1545545,91633,5.9,0,0,0.0,1007,473,49,2.62,3.29,1.35,8.35,2481,6
2026-05-17 21:12:35,1.3,12.31,13.75,13.86,1545545,91600,5.9,0,0,0.0,1007,473,49,3.91,3.12,5.24,12.67,2486,1
2026-05-17 21:13:35,2.9,12.09,13.34,13.71,1545545,91642,5.9,0,0,0.0,1007,473,49,3.18,3.11,6.26,13.69,2480,4
2026-05-17 21:14:36,1.1,11.10,12.87,13.52,1545545,91653,5.9,0,0,0.0,1007,473,49,2.14,3.24,2.92,9.99,2489,4
2026-05-17 21:15:36,3.3,11.12,12.52,13.36,1545545,91643,5.9,0,0,0.0,1007,473,49,2.66,3.44,3.75,11.15,2497,3
2026-05-17 21:16:36,3.3,10.55,12.12,13.17,1545545,91637,5.9,0,0,0.0,1007,473,49,3.80,3.21,4.11,11.47,2481,23
2026-05-17 21:17:37,1.3,13.27,12.63,13.28,1545545,91619,5.9,0,0,0.0,1007,473,49,2.33,3.38,6.82,14.05,2480,5
2026-05-17 21:18:37,1.3,12.01,12.37,13.14,1545545,91648,5.9,0,0,0.0,1007,473,49,3.02,3.18,1.08,8.09,2487,6
2026-05-17 21:19:37,3.1,12.86,12.46,13.12,1545545,91664,5.9,0,0,0.0,1007,473,49,2.07,3.04,7.80,15.33,2464,6
2026-05-17 21:20:38,1.4,12.09,12.36,13.04,1545545,91634,5.9,0,0,0.0,1007,473,49,2.89,3.29,8.19,15.84,2454,2
2026-05-17 21:21:38,1.4,12.94,12.59,13.08,1545545,91634,5.9,0,0,0.0,1007,473,49,2.57,3.51,5.48,13.10,2467,1
2026-05-17 21:22:38,4.7,13.16,12.78,13.11,1545545,91643,5.9,0,0,0.0,1007,473,49,3.32,3.36,8.35,16.07,2461,4
2026-05-17 21:23:39,8.9,13.90,12.99,13.16,1545545,91665,5.9,0,0,0.0,1007,473,49,2.70,3.05,9.56,17.33,2460,24
2026-05-17 21:24:39,1.6,11.19,12.39,12.94,1545545,91662,5.9,0,0,0.0,1007,473,49,2.57,3.32,1.85,8.83,2460,2
2026-05-17 21:25:39,3.1,11.51,12.20,12.84,1545545,91536,5.9,0,0,0.0,1007,473,49,4.14,3.39,5.44,12.88,2466,5
2026-05-17 21:26:40,3.1,13.18,12.54,12.91,1545545,91519,5.9,0,0,0.0,1007,473,49,2.92,2.74,12.41,19.47,2453,8
2026-05-17 21:27:40,2.1,13.45,12.68,12.93,1545545,91530,5.9,0,0,0.0,1007,473,49,3.14,3.36,10.83,18.30,2454,19
2026-05-17 21:28:40,3.6,13.51,12.88,12.99,1545545,91557,5.9,0,0,0.0,1007,473,49,3.12,3.36,11.54,18.62,2457,9
2026-05-17 21:29:41,1.7,11.62,12.48,12.85,1545545,91552,5.9,0,0,0.0,1007,473,49,4.28,3.29,4.43,11.57,2460,3
2026-05-17 21:30:41,1.3,11.45,12.25,12.74,1545545,91519,5.9,0,0,0.0,1007,473,49,4.73,3.23,6.36,13.97,2451,6
2026-05-17 21:31:41,1.5,14.19,12.76,12.88,1545545,91519,5.9,0,0,0.0,1007,473,49,2.92,3.34,1.50,8.70,2456,5
2026-05-17 21:32:42,1.2,11.59,12.29,12.71,1545545,91530,5.9,0,0,0.0,1007,473,49,4.89,3.17,1.42,8.40,2447,3
2026-05-17 21:33:42,3.6,13.44,12.60,12.78,1545545,91575,5.9,0,0,0.0,1007,473,49,5.19,3.02,6.93,14.48,2452,4
2026-05-17 21:34:42,2.0,15.50,13.52,13.10,1545545,91570,5.9,0,0,0.0,1007,473,49,2.63,3.20,13.34,19.62,2454,2
2026-05-17 21:35:43,1.7,13.75,13.36,13.07,1545545,91574,5.9,0,0,0.0,1007,473,49,4.62,3.44,11.09,18.62,2447,8
2026-05-17 21:36:43,1.2,12.98,13.26,13.05,1545545,91544,5.9,0,0,0.0,1007,473,49,2.63,3.51,10.82,18.34,2448,2
2026-05-17 21:37:43,3.2,11.00,12.62,12.85,1545545,91562,5.9,0,0,0.0,1007,473,49,2.87,3.54,1.90,8.95,2463,5
2026-05-17 21:38:44,2.5,11.22,12.38,12.75,1545545,91565,5.9,0,0,0.0,1007,473,49,5.91,3.25,4.40,11.54,2462,6
2026-05-17 21:39:44,1.3,11.68,12.32,12.70,1545545,91577,5.9,0,0,0.0,1007,473,49,2.79,3.20,8.21,15.69,2470,2
2026-05-17 21:40:44,1.5,12.69,12.47,12.73,1545545,91561,5.9,0,0,0.0,1007,473,49,3.50,3.14,9.56,16.94,2475,8
2026-05-17 21:41:45,1.6,11.62,12.14,12.59,1545545,91548,5.9,0,0,0.0,1007,473,49,2.25,3.46,2.65,9.80,2472,4
2026-05-17 21:42:45,4.7,14.88,12.85,12.80,1545545,91569,5.9,0,0,0.0,1007,473,49,3.19,3.19,7.18,14.35,2473,5
2026-05-17 21:43:45,3.1,12.45,12.55,12.70,1545545,91596,5.9,0,0,0.0,1007,473,49,4.21,3.31,2.96,9.98,2475,7
2026-05-17 21:44:46,1.6,14.91,13.33,12.96,1545545,91586,5.9,0,0,0.0,1007,473,49,2.77,3.18,2.79,9.62,2462,2
2026-05-17 21:45:46,1.4,12.26,12.87,12.83,1545545,91575,5.9,0,0,0.0,1007,473,49,3.40,3.19,7.43,15.15,2451,3
2026-05-17 21:46:46,1.2,12.00,12.71,12.77,1545545,91559,5.9,0,0,0.0,1007,473,49,2.31,3.24,5.25,12.76,2457,3
2026-05-17 21:47:47,3.4,12.25,12.56,12.71,1545545,91586,5.9,0,0,0.0,1007,473,49,2.54,3.32,6.46,13.53,2455,3
2026-05-17 21:48:47,3.6,12.91,12.79,12.79,1545545,91639,5.9,0,0,0.0,1007,473,49,2.16,3.29,5.88,13.25,2465,7
2026-05-17 21:49:47,1.2,12.10,12.58,12.72,1545545,91626,5.9,0,0,0.0,1007,473,49,2.95,3.12,8.23,15.59,2459,3
2026-05-17 21:50:48,3.2,15.51,13.22,12.91,1545545,91625,5.9,0,0,0.0,1007,473,49,1.98,3.32,3.13,10.16,2488,5
2026-05-17 21:51:48,3.5,18.54,14.36,13.31,1545545,91622,5.9,0,0,0.0,1007,473,49,2.53,3.47,12.41,19.57,2477,6
2026-05-17 21:52:49,1.7,16.43,14.56,13.45,1545545,91613,5.9,0,0,0.0,1007,473,49,2.68,3.00,6.28,13.72,2467,8
2026-05-17 21:53:49,10.2,15.23,14.45,13.48,1545545,91648,5.9,0,0,0.0,1007,473,49,2.96,3.27,1.48,8.46,2455,7
2026-05-17 21:54:49,1.5,13.28,14.09,13.42,1545545,91646,5.9,0,0,0.0,1007,473,49,2.17,3.09,2.53,9.62,2466,5
2026-05-17 21:55:50,1.4,17.32,14.87,13.71,1545545,91619,5.9,0,0,0.0,1007,473,49,2.92,3.16,2.98,10.03,2454,2
2026-05-17 21:56:50,3.6,15.84,14.90,13.80,1545545,91644,5.9,0,0,0.0,1007,473,49,4.80,3.47,3.72,11.02,2471,9
2026-05-17 21:57:50,1.8,17.93,15.49,14.05,1545545,91645,5.9,0,0,0.0,1007,473,49,2.49,3.42,6.51,13.99,2481,10
2026-05-17 21:58:51,1.4,13.34,14.60,13.83,1545545,91631,5.9,0,0,0.0,1007,473,49,1.86,3.23,3.13,9.84,2479,10
2026-05-17 21:59:51,1.3,12.11,13.99,13.67,1545545,91652,5.9,0,0,0.0,1007,473,49,4.22,3.09,1.78,8.81,2477,2
2026-05-17 22:00:51,1.7,12.29,13.63,13.56,1545545,91641,5.9,0,0,0.0,1007,473,49,4.25,3.32,3.70,11.01,2469,1
2026-05-17 22:01:52,1.1,11.31,13.08,13.37,1545545,91635,5.9,0,0,0.0,1007,473,49,5.62,49.95,2.81,10.07,2462,2
2026-05-17 22:02:52,1.7,13.40,13.38,13.46,1545545,91637,5.9,0,0,0.0,1007,473,49,2.55,3.17,5.46,12.83,2459,4
2026-05-17 22:03:52,1.6,15.08,13.90,13.63,1545545,91539,5.9,0,0,0.0,1007,473,49,3.11,3.14,6.57,14.13,2468,4
2026-05-17 22:04:53,4.8,13.99,13.70,13.57,1545545,91567,5.9,0,0,0.0,1007,473,49,5.09,3.26,3.68,10.86,2463,4
2026-05-17 22:05:53,2.0,15.69,14.19,13.75,1545545,91537,5.9,0,0,0.0,1007,473,49,4.28,3.11,10.55,17.87,2453,5
2026-05-17 22:06:53,3.3,14.56,14.11,13.75,1545545,91529,5.9,0,0,0.0,1007,473,49,4.35,3.43,6.03,13.60,2458,5
2026-05-17 22:07:54,1.9,15.18,14.36,13.85,1545545,91538,5.9,0,0,0.0,1007,473,49,3.02,3.51,8.56,16.25,2453,6
2026-05-17 22:08:54,1.2,13.36,14.03,13.77,1545545,91547,5.9,0,0,0.0,1007,473,49,3.74,2.80,3.69,10.82,2457,2
2026-05-17 22:09:54,3.0,11.30,13.30,13.53,1545545,91557,5.9,0,0,0.0,1007,473,49,5.02,3.18,1.93,8.99,2465,11
2026-05-17 22:10:55,3.2,12.69,13.42,13.57,1545545,91547,5.9,0,0,0.0,1007,473,49,3.83,3.15,5.25,12.48,2473,5
2026-05-17 22:11:55,1.6,13.58,13.67,13.65,1545545,91551,5.9,0,0,0.0,1007,473,49,3.92,3.54,12.21,19.53,2476,3
2026-05-17 22:12:55,1.4,12.23,13.24,13.50,1545545,91539,5.9,0,0,0.0,1007,473,49,3.28,3.26,4.90,12.17,2478,3
2026-05-17 22:13:56,1.4,12.26,13.06,13.42,1545545,91549,5.9,0,0,0.0,1007,473,49,3.36,3.21,6.27,13.59,2472,2
2026-05-17 22:14:56,2.1,13.74,13.32,13.48,1545545,91590,5.9,0,0,0.0,1007,473,49,5.66,3.23,9.83,17.71,2466,7
2026-05-17 22:15:56,1.7,12.50,13.11,13.41,1545545,91557,5.9,0,0,0.0,1007,473,49,2.18,3.23,5.50,12.99,2475,2
2026-05-17 22:16:57,1.3,11.45,12.71,13.25,1545545,91550,5.9,0,0,0.0,1007,473,49,6.23,3.46,6.39,13.88,2491,1
2026-05-17 22:17:57,3.5,12.52,12.75,13.22,1545545,91584,5.9,0,0,0.0,1007,473,49,4.75,3.43,6.91,14.53,2479,7
2026-05-17 22:18:57,1.6,12.36,12.68,13.17,1545545,91564,5.9,0,0,0.0,1007,473,49,2.85,3.16,5.97,13.42,2483,9
2026-05-17 22:19:58,1.4,10.83,12.16,12.96,1545545,91581,5.9,0,0,0.0,1007,473,49,3.31,3.27,1.06,7.98,2489,5
2026-05-17 22:20:58,1.3,13.74,12.86,13.15,1545545,91584,5.9,0,0,0.0,1007,473,49,3.57,3.25,11.81,19.04,2489,4
2026-05-17 22:21:58,3.3,11.98,12.53,13.02,1545545,91584,5.9,0,0,0.0,1007,473,49,4.19,3.48,2.12,9.34,2470,4
2026-05-17 22:22:59,2.9,11.70,12.40,12.95,1545545,91555,5.9,0,0,0.0,1007,473,49,3.05,3.16,6.79,13.88,2472,5
2026-05-17 22:23:59,3.2,11.83,12.25,12.86,1545545,91618,5.9,0,0,0.0,1007,473,49,3.72,3.23,7.26,14.23,2476,6
2026-05-17 22:24:59,2.8,11.55,12.13,12.78,1545545,91624,5.9,0,0,0.0,1007,473,49,4.60,3.25,7.96,14.51,2480,16
2026-05-17 22:26:00,3.4,12.89,12.44,12.84,1545545,91596,5.9,0,0,0.0,1007,473,49,2.89,3.09,8.95,16.66,2475,4
2026-05-17 22:27:00,3.4,15.32,13.10,13.04,1545545,91612,5.9,0,0,0.0,1007,473,49,2.76,3.18,9.76,17.39,2484,7
2026-05-17 22:28:00,3.2,14.26,13.15,13.06,1545545,91618,5.9,0,0,0.0,1007,473,49,2.80,3.34,7.65,15.39,2482,10
2026-05-17 22:29:01,1.2,13.08,13.12,13.06,1545545,91620,5.9,0,0,0.0,1007,473,49,2.39,3.25,3.73,10.86,2464,5
2026-05-17 22:30:01,1.5,12.94,13.17,13.08,1545545,91613,5.9,0,0,0.0,1007,473,49,3.99,3.06,6.67,14.04,2462,1
2026-05-17 22:31:01,1.8,12.96,13.16,13.09,1545545,91628,5.9,0,0,0.0,1007,473,49,2.96,3.12,9.54,17.43,2465,2
2026-05-17 22:32:02,3.1,13.65,13.36,13.16,1545545,91645,5.9,0,0,0.0,1007,473,49,3.57,3.39,6.20,13.61,2460,5
2026-05-17 22:33:02,2.2,12.14,12.99,13.05,1545545,91634,5.9,0,0,0.0,1007,473,49,2.39,3.52,7.27,14.53,2467,2
2026-05-17 22:34:02,2.8,12.82,13.00,13.04,1545545,91644,5.9,0,0,0.0,1007,473,49,3.75,3.44,10.70,18.56,2466,5
2026-05-17 22:35:03,1.3,13.31,13.16,13.10,1545545,91657,5.9,0,0,0.0,1007,473,49,4.28,3.64,8.26,15.77,2467,4
2026-05-17 22:36:03,1.4,11.57,12.69,12.94,1545545,91642,5.9,0,0,0.0,1007,473,49,3.66,3.34,5.48,12.83,2458,3
2026-05-17 22:37:03,1.5,11.15,12.40,12.82,1545545,91621,5.9,0,0,0.0,1007,473,49,4.14,3.41,3.02,10.23,2460,3
2026-05-17 22:38:04,1.9,15.51,13.84,13.31,1545545,91622,5.9,0,0,0.0,1007,473,49,2.85,3.29,2.36,9.55,2463,2
2026-05-17 22:39:04,8.0,11.53,13.02,13.07,1545545,91671,5.9,0,0,0.0,1007,473,49,3.80,3.15,1.17,8.12,2485,10
2026-05-17 22:40:04,3.2,12.29,12.99,13.06,1545545,91687,5.9,0,0,0.0,1007,473,49,2.59,3.14,8.01,15.06,2482,7
2026-05-17 22:41:05,1.5,11.69,12.77,12.98,1545545,91630,5.9,0,0,0.0,1007,473,49,4.07,3.01,4.03,11.22,2484,4
2026-05-17 22:42:05,1.8,12.28,12.76,12.97,1545545,91512,5.9,0,0,0.0,1007,473,49,4.14,3.28,10.66,17.41,2496,3
2026-05-17 22:43:05,1.3,10.98,12.32,12.80,1545545,91505,5.9,0,0,0.0,1007,473,49,4.67,3.41,1.60,8.82,2484,1
2026-05-17 22:44:06,1.4,11.83,12.34,12.78,1545545,91546,5.9,0,0,0.0,1007,473,49,3.64,3.08,6.96,14.50,2455,1
2026-05-17 22:45:06,1.8,11.39,12.08,12.66,1545545,91537,5.9,0,0,0.0,1007,473,49,3.73,3.33,4.70,12.01,2459,1
2026-05-17 22:46:06,1.3,11.90,12.09,12.62,1545545,91521,5.9,0,0,0.0,1007,473,49,3.47,2.82,6.62,14.22,2460,3
2026-05-17 22:47:07,4.0,12.20,12.10,12.59,1545545,91539,5.9,0,0,0.0,1007,473,49,3.81,3.52,8.95,15.81,2463,4
2026-05-17 22:48:07,3.4,11.77,12.02,12.53,1545545,91537,5.9,0,0,0.0,1007,473,49,3.10,3.17,8.92,16.90,2467,5
2026-05-17 22:49:07,3.0,11.17,11.80,12.42,1545545,91569,5.9,0,0,0.0,1007,473,49,1.87,3.19,4.69,12.06,2489,6
2026-05-17 22:50:08,2.1,12.59,12.12,12.50,1545545,91597,5.9,0,0,0.0,1007,473,49,2.24,3.23,8.57,16.15,2484,5
2026-05-17 22:51:08,1.2,11.01,11.76,12.35,1545545,91553,5.9,0,0,0.0,1007,473,49,2.86,3.17,6.39,12.68,2478,3
2026-05-17 22:52:08,1.5,10.60,11.49,12.21,1545545,91563,5.9,0,0,0.0,1007,473,49,1.80,3.19,6.23,13.14,2469,3
2026-05-17 22:53:09,1.4,12.21,11.78,12.27,1545545,91550,5.9,0,0,0.0,1007,473,49,3.72,3.29,4.27,11.67,2475,1
2026-05-17 22:54:09,1.6,10.94,11.46,12.13,1545545,91581,5.9,0,0,0.0,1007,473,49,2.37,3.30,3.99,11.24,2452,5
2026-05-17 22:55:09,1.4,11.42,11.45,12.08,1545545,91591,5.9,0,0,0.0,1007,473,49,2.93,3.01,5.81,13.32,2455,6
2026-05-17 22:56:10,2.9,11.34,11.37,12.01,1545545,91590,5.9,0,0,0.0,1007,473,49,2.96,3.09,4.15,11.27,2452,5
2026-05-17 22:57:10,1.5,11.71,11.52,12.02,1545545,91572,5.9,0,0,0.0,1007,473,49,1.96,3.49,4.06,11.14,2469,5
2026-05-17 22:58:10,1.5,11.31,11.40,11.94,1545545,91583,5.9,0,0,0.0,1007,473,49,1.95,3.42,3.48,10.85,2469,1
2026-05-17 22:59:11,1.4,13.06,11.79,12.04,1545545,91610,5.9,0,0,0.0,1007,473,49,2.40,3.09,3.74,10.96,2469,1
2026-05-17 23:00:11,1.2,11.35,11.47,11.91,1545545,91604,5.9,0,0,0.0,1007,473,49,3.24,3.25,2.18,9.19,2468,3
2026-05-17 23:01:11,1.5,10.88,11.35,11.84,1545545,91586,5.9,0,0,0.0,1007,473,49,2.23,47.15,2.89,10.19,2464,3
2026-05-17 23:02:12,3.3,13.90,11.90,11.99,1545545,91609,5.9,0,0,0.0,1007,473,49,2.18,3.42,4.42,11.67,2446,7
2026-05-17 23:03:12,3.1,12.64,11.99,12.02,1545545,91608,5.9,0,0,0.0,1007,473,49,6.49,3.15,8.40,16.13,2455,12
2026-05-17 23:04:12,1.5,12.20,12.03,12.03,1545545,91623,5.9,0,0,0.0,1007,473,49,3.75,3.30,10.27,18.01,2468,2
2026-05-17 23:05:13,2.9,13.26,12.23,12.09,1545545,91657,5.9,0,0,0.0,1007,473,49,2.46,3.20,4.31,11.45,2468,8
2026-05-17 23:06:13,3.5,13.54,12.58,12.23,1545545,91640,5.9,0,0,0.0,1007,473,49,5.08,2.98,11.84,18.65,2467,4
2026-05-17 23:07:13,2.8,13.37,12.76,12.32,1545545,91619,5.9,0,0,0.0,1007,473,49,3.82,3.43,9.13,16.86,2479,7
2026-05-17 23:08:14,8.9,11.34,12.30,12.18,1545545,91624,5.9,0,0,0.0,1007,473,49,5.62,3.60,1.64,8.66,2479,21
2026-05-17 23:09:14,1.3,10.83,11.98,12.08,1545545,91658,5.9,0,0,0.0,1007,473,49,3.92,2.88,7.33,14.45,2475,4
2026-05-17 23:10:14,1.3,11.07,11.84,12.02,1545545,91658,5.9,0,0,0.0,1007,473,49,2.19,3.09,8.58,16.02,2482,2
2026-05-17 23:11:15,3.0,11.22,11.67,11.95,1545545,91634,5.9,0,0,0.0,1007,473,49,1.71,3.11,6.04,13.10,2480,4
2026-05-17 23:12:15,3.2,10.86,11.52,11.88,1545545,91645,5.9,0,0,0.0,1007,473,49,2.50,3.28,8.91,15.63,2478,6
2026-05-17 23:13:15,1.6,11.00,11.44,11.83,1545545,91642,5.9,0,0,0.0,1007,473,49,4.42,3.35,5.05,12.51,2487,3
2026-05-17 23:14:16,3.3,11.11,11.34,11.77,1545545,91678,5.9,0,0,0.0,1007,473,49,2.98,3.05,2.48,9.68,2484,8
2026-05-17 23:15:16,2.8,11.46,11.39,11.75,1545545,91692,5.9,0,0,0.0,1007,473,49,2.78,3.39,5.81,13.25,2470,11
2026-05-17 23:16:16,3.6,10.55,11.15,11.65,1545545,91659,5.9,0,0,0.0,1007,473,49,3.29,3.22,2.47,9.71,2486,6
2026-05-17 23:17:17,1.2,11.58,11.31,11.67,1545545,91648,5.9,0,0,0.0,1007,473,49,3.98,3.39,5.38,12.72,2503,6
2026-05-17 23:18:17,2.1,11.45,11.31,11.65,1545545,91651,5.9,0,0,0.0,1007,473,49,3.36,3.18,1.22,8.24,2488,3
2026-05-17 23:19:17,1.6,10.75,11.16,11.57,1545545,91673,5.9,0,0,0.0,1007,473,49,2.62,3.48,1.52,8.77,2487,4
2026-05-17 23:20:18,2.1,11.02,11.16,11.55,1545545,91553,5.9,0,0,0.0,1007,473,49,4.29,3.16,2.57,9.61,2474,5
2026-05-17 23:21:18,1.5,11.91,11.45,11.63,1545545,91534,5.9,0,0,0.0,1007,473,49,6.68,3.12,4.03,11.26,2468,3
2026-05-17 23:22:18,1.3,11.72,11.48,11.62,1545545,91537,5.9,0,0,0.0,1007,473,49,4.18,3.20,3.67,10.84,2463,3
2026-05-17 23:23:19,3.3,15.43,12.42,11.93,1545545,91565,5.9,0,0,0.0,1007,473,49,4.12,3.28,10.44,18.52,2461,6
2026-05-17 23:24:19,12.3,14.16,12.56,12.01,1545545,91599,5.9,0,0,0.0,1007,473,49,2.77,3.34,9.42,17.32,2475,4
2026-05-17 23:25:19,3.5,14.14,12.79,12.12,1545545,91584,5.9,0,0,0.0,1007,473,49,2.34,3.07,6.74,13.91,2474,8
2026-05-17 23:26:20,4.1,13.17,12.81,12.17,1545545,91552,5.9,0,0,0.0,1007,473,49,3.02,3.23,7.51,14.24,2476,11
2026-05-17 23:27:20,1.5,13.36,12.96,12.26,1545545,91547,5.9,0,0,0.0,1007,473,49,3.00,3.34,8.65,16.30,2476,5
2026-05-17 23:28:20,3.2,13.47,12.96,12.30,1545545,91581,5.9,0,0,0.0,1007,473,49,3.93,2.86,5.82,13.33,2473,27
2026-05-17 23:29:21,1.3,11.88,12.59,12.21,1545545,91583,5.9,0,0,0.0,1007,473,49,2.93,3.21,2.90,10.09,2462,2
2026-05-17 23:30:21,3.2,11.38,12.34,12.15,1545545,91592,5.9,0,0,0.0,1007,473,49,3.03,3.39,3.89,11.19,2455,7
2026-05-17 23:31:21,2.0,11.93,12.28,12.14,1545545,91596,5.9,0,0,0.0,1007,473,49,3.46,3.31,7.65,14.79,2444,16
2026-05-17 23:32:22,1.6,11.17,12.01,12.06,1545545,91576,5.9,0,0,0.0,1007,473,49,3.44,3.12,5.12,11.90,2447,4
2026-05-17 23:33:22,1.5,17.77,13.45,12.54,1545545,91580,5.9,0,0,0.0,1007,473,49,5.12,3.39,1.65,8.66,2460,1
2026-05-17 23:34:22,1.5,15.86,13.77,12.70,1545545,91639,5.9,0,0,0.0,1007,473,49,2.23,3.41,4.42,11.97,2464,4
2026-05-17 23:35:23,1.6,14.98,13.91,12.82,1545545,91602,5.9,0,0,0.0,1007,473,49,3.81,3.21,4.43,11.62,2477,2
2026-05-17 23:36:23,2.3,14.25,13.74,12.82,1545545,91617,5.9,0,0,0.0,1007,473,49,4.13,3.28,2.88,9.98,2473,3
2026-05-17 23:37:23,4.7,13.41,13.49,12.79,1545545,91613,5.9,0,0,0.0,1007,473,49,5.32,3.34,2.99,10.17,2485,18
2026-05-17 23:38:24,3.5,14.37,13.75,12.93,1545545,91625,5.9,0,0,0.0,1007,473,49,4.37,3.49,6.62,14.10,2480,5
2026-05-17 23:39:24,1.2,12.69,13.48,12.89,1545545,91618,5.9,0,0,0.0,1007,473,49,4.35,3.40,4.31,11.61,2474,4
2026-05-17 23:40:24,3.2,14.13,13.65,12.98,1545545,91630,5.9,0,0,0.0,1007,473,49,3.31,3.22,2.49,9.72,2475,4
2026-05-17 23:41:25,3.2,16.52,14.52,13.33,1545545,91625,5.9,0,0,0.0,1007,473,49,3.72,3.27,7.07,14.47,2484,8
2026-05-17 23:42:25,1.5,14.48,14.28,13.32,1545545,91611,5.9,0,0,0.0,1007,473,49,4.00,3.16,1.84,8.74,2477,4
2026-05-17 23:43:25,3.0,16.71,14.83,13.56,1545545,91665,5.9,0,0,0.0,1007,473,49,5.26,3.10,7.20,14.83,2496,10
2026-05-17 23:44:26,1.2,15.26,14.81,13.63,1545545,91665,5.9,0,0,0.0,1007,473,49,3.29,3.40,5.16,12.59,2489,3
2026-05-17 23:45:26,2.0,15.17,14.77,13.68,1545545,91650,5.9,0,0,0.0,1007,473,49,3.25,3.32,3.97,11.21,2493,11
2026-05-17 23:46:26,3.4,14.71,14.74,13.74,1545545,91667,5.9,0,0,0.0,1007,473,49,2.93,3.36,9.04,16.90,2497,3
2026-05-17 23:47:27,1.3,12.38,14.13,13.60,1545545,91650,5.9,0,0,0.0,1007,473,49,3.68,3.18,3.07,10.13,2489,5
2026-05-17 23:48:27,3.6,11.37,13.46,13.40,1545545,91693,5.9,0,0,0.0,1007,473,49,4.25,3.32,1.83,8.80,2494,8
2026-05-17 23:49:27,1.6,11.98,13.24,13.32,1545545,91706,5.9,0,0,0.0,1007,473,49,4.31,3.42,7.94,15.84,2483,6
2026-05-17 23:50:28,1.3,11.67,12.88,13.19,1545545,91661,5.9,0,0,0.0,1007,473,49,2.85,3.37,1.78,8.80,2493,1
2026-05-17 23:51:28,1.4,11.91,12.67,13.09,1545545,91693,5.9,0,0,0.0,1007,473,49,3.25,2.79,3.63,10.82,2490,4
2026-05-17 23:52:28,3.5,13.71,13.02,13.18,1545545,91688,5.9,0,0,0.0,1007,473,49,3.52,3.17,7.67,15.04,2484,4
2026-05-17 23:53:28,6.4,12.19,12.73,13.07,1545545,91667,5.9,0,0,0.0,1007,473,49,6.52,3.23,3.65,10.79,2475,23
2026-05-17 23:54:29,1.4,13.18,12.84,13.08,1545545,91718,5.9,0,0,0.0,1007,473,49,2.98,3.42,9.59,17.01,2483,3
2026-05-17 23:55:29,1.3,11.86,12.52,12.96,1545545,91685,5.9,0,0,0.0,1007,473,49,2.69,3.09,4.01,11.30,2481,3
2026-05-17 23:56:30,3.3,11.80,12.28,12.84,1545545,91708,5.9,0,0,0.0,1007,473,49,2.51,3.31,2.25,9.28,2480,4
2026-05-17 23:57:30,1.7,13.02,12.66,12.94,1545545,91680,5.9,0,0,0.0,1007,473,49,2.35,3.34,6.53,13.98,2498,3
2026-05-17 23:58:30,1.5,11.76,12.36,12.82,1545545,91683,5.9,0,0,0.0,1007,473,49,4.11,3.23,2.30,9.41,2492,3
2026-05-17 23:59:30,1.3,11.52,12.23,12.75,1545545,91577,5.9,0,0,0.0,1007,473,49,4.63,3.30,5.69,13.10,2480,7
2026-05-18 00:00:31,2.9,12.33,12.32,12.74,1545545,91578,5.9,0,0,0.0,1007,473,49,3.54,3.32,7.14,14.15,2493,5
2026-05-18 00:01:31,2.8,12.01,12.26,12.70,1545545,91576,5.9,0,0,0.0,1007,473,49,1.87,47.46,7.87,15.14,2473,5
2026-05-18 00:02:32,1.2,12.90,12.66,12.82,1545545,91563,5.9,0,0,0.0,1007,473,49,2.45,3.12,9.12,16.68,2477,6
2026-05-18 00:03:32,1.3,10.58,12.05,12.60,1545545,91571,5.9,0,0,0.0,1007,473,49,3.71,3.16,1.09,7.96,2487,5
2026-05-18 00:04:32,1.1,11.35,11.97,12.54,1545545,91585,5.9,0,0,0.0,1007,473,49,3.93,3.39,3.12,10.36,2478,2
2026-05-18 00:05:33,3.3,12.44,12.08,12.53,1545545,91580,5.9,0,0,0.0,1007,473,49,2.89,3.09,3.21,10.52,2469,7
2026-05-18 00:06:33,1.6,11.93,12.01,12.48,1545545,91571,5.9,0,0,0.0,1007,473,49,3.74,3.24,8.13,15.75,2491,4
2026-05-18 00:07:33,3.1,12.38,12.09,12.48,1545545,91608,5.9,0,0,0.0,1007,473,49,2.86,3.41,4.02,11.34,2493,7
2026-05-18 00:08:34,1.5,12.60,12.29,12.53,1545545,91605,5.9,0,0,0.0,1007,473,49,4.84,3.36,7.86,14.65,2495,4
2026-05-18 00:09:34,3.1,11.52,12.02,12.41,1545545,91622,5.9,0,0,0.0,1007,473,49,3.23,3.10,3.42,10.60,2504,15
2026-05-18 00:10:34,2.0,12.96,12.25,12.46,1545545,91606,5.9,0,0,0.0,1007,473,49,3.73,3.28,6.13,13.58,2497,7
2026-05-18 00:11:35,1.3,12.02,12.16,12.42,1545545,91579,5.9,0,0,0.0,1007,473,49,2.96,3.23,5.66,12.52,2491,2
2026-05-18 00:12:35,3.1,11.31,11.94,12.33,1545545,91591,5.9,0,0,0.0,1007,473,49,3.80,3.28,11.40,17.71,2505,4
2026-05-18 00:13:35,1.2,10.27,11.56,12.17,1545545,91612,5.9,0,0,0.0,1007,473,49,2.71,3.03,3.48,10.64,2478,6
2026-05-18 00:14:36,3.2,11.89,11.76,12.20,1545545,91627,5.9,0,0,0.0,1007,473,49,2.93,3.31,10.50,17.72,2482,7
2026-05-18 00:15:36,1.4,11.47,11.79,12.19,1545545,91584,5.9,0,0,0.0,1007,473,49,3.02,3.43,3.70,11.03,2475,3
2026-05-18 00:16:36,1.6,11.90,11.86,12.19,1545545,91593,5.9,0,0,0.0,1007,473,49,3.09,3.21,6.64,14.21,2473,1
2026-05-18 00:17:37,3.0,11.52,11.78,12.14,1545545,91623,5.9,0,0,0.0,1007,473,49,2.73,3.21,3.84,11.11,2474,6
2026-05-18 00:18:37,1.6,11.60,11.85,12.15,1545545,91629,5.9,0,0,0.0,1007,473,49,2.99,3.40,7.79,14.86,2469,7
2026-05-18 00:19:37,1.1,10.11,11.39,11.97,1545545,91621,5.9,0,0,0.0,1007,473,49,3.79,3.00,1.28,8.35,2469,3
2026-05-18 00:20:38,1.4,12.00,11.75,12.06,1545545,91611,5.9,0,0,0.0,1007,473,49,3.22,3.28,10.17,17.73,2478,1
2026-05-18 00:21:38,1.9,11.14,11.52,11.96,1545545,91635,5.9,0,0,0.0,1007,473,49,2.86,3.24,3.30,10.41,2469,3
2026-05-18 00:22:38,1.6,16.06,12.65,12.31,1545545,91641,5.9,0,0,0.0,1007,473,49,3.96,3.27,5.95,13.29,2472,3
2026-05-18 00:23:39,8.8,13.76,12.57,12.30,1545545,91676,5.9,0,0,0.0,1007,473,49,2.59,3.12,8.88,16.56,2475,18
2026-05-18 00:24:39,1.4,14.26,12.96,12.45,1545545,91686,5.9,0,0,0.0,1007,473,49,2.03,3.30,6.01,13.40,2474,3
2026-05-18 00:25:39,2.1,19.24,14.38,12.96,1545545,91666,5.9,0,0,0.0,1007,473,49,2.31,3.23,10.68,18.73,2481,7
2026-05-18 00:26:40,1.4,13.82,13.72,12.82,1545545,91637,5.9,0,0,0.0,1007,473,49,2.66,3.42,1.50,8.41,2483,4
2026-05-18 00:27:40,1.7,13.83,13.75,12.89,1545545,91646,5.9,0,0,0.0,1007,473,49,2.09,3.32,5.81,13.25,2480,1
2026-05-18 00:28:40,1.3,11.78,13.14,12.73,1545545,91671,5.9,0,0,0.0,1007,473,49,2.81,2.95,1.08,8.08,2482,6
2026-05-18 00:29:41,3.1,10.90,12.66,12.59,1545545,91694,5.9,0,0,0.0,1007,473,49,4.32,3.38,4.97,12.28,2479,4
2026-05-18 00:30:41,3.1,11.46,12.52,12.54,1545545,91680,5.9,0,0,0.0,1007,473,49,3.02,3.47,6.55,13.60,2480,9
2026-05-18 00:31:41,2.2,12.94,12.86,12.67,1545545,91668,5.9,0,0,0.0,1007,473,49,2.48,3.19,13.52,19.96,2475,6
2026-05-18 00:32:42,1.3,12.53,12.80,12.66,1545545,91659,5.9,0,0,0.0,1007,473,49,4.47,3.09,7.97,15.17,2482,2
2026-05-18 00:33:42,1.6,11.93,12.58,12.59,1545545,91678,5.9,0,0,0.0,1007,473,49,3.39,3.16,6.35,13.56,2477,5
2026-05-18 00:34:42,2.9,13.64,13.03,12.75,1545545,91714,5.9,0,0,0.0,1007,473,49,4.96,3.40,9.36,16.50,2483,25
2026-05-18 00:35:43,1.3,11.86,12.65,12.64,1545545,91680,5.9,0,0,0.0,1007,473,49,3.43,3.26,5.98,13.46,2473,1
2026-05-18 00:36:43,2.9,11.56,12.40,12.55,1545545,91684,5.9,0,0,0.0,1007,473,49,2.71,3.45,5.98,13.51,2464,15
2026-05-18 00:37:43,3.8,11.11,12.10,12.44,1545545,91572,5.9,0,0,0.0,1007,473,49,4.01,3.46,2.76,9.91,2468,4
2026-05-18 00:38:44,8.2,12.44,12.40,12.53,1545545,91597,5.9,0,0,0.0,1007,473,49,4.53,3.25,6.83,14.12,2473,19
2026-05-18 00:39:44,3.1,15.05,13.27,12.82,1545545,91592,5.9,0,0,0.0,1007,473,49,2.61,3.32,12.32,19.95,2470,4
2026-05-18 00:40:44,3.4,13.18,13.07,12.78,1545545,91552,5.9,0,0,0.0,1007,473,49,3.19,3.29,5.54,12.92,2470,8
2026-05-18 00:41:45,1.6,12.18,12.85,12.73,1545545,91552,5.9,0,0,0.0,1007,473,49,3.85,3.32,6.47,13.91,2476,3
2026-05-18 00:42:45,1.6,10.84,12.38,12.57,1545545,91567,5.9,0,0,0.0,1007,473,49,2.33,3.02,3.26,10.47,2448,1
2026-05-18 00:43:45,3.3,12.41,12.49,12.60,1545545,91606,5.9,0,0,0.0,1007,473,49,2.57,3.22,6.91,14.45,2457,4
2026-05-18 00:44:46,3.0,11.39,12.25,12.51,1545545,91630,5.9,0,0,0.0,1007,473,49,2.30,3.39,5.97,13.31,2458,7
2026-05-18 00:45:46,3.2,13.39,12.70,12.65,1545545,91581,5.9,0,0,0.0,1007,473,49,4.13,3.43,9.50,16.96,2471,9
2026-05-18 00:46:46,1.2,15.23,13.35,12.88,1545545,91565,5.9,0,0,0.0,1007,473,49,2.29,2.81,9.49,16.56,2478,5
2026-05-18 00:47:47,3.0,17.32,14.18,13.19,1545545,91587,5.9,0,0,0.0,1007,473,49,2.79,3.30,9.93,17.59,2490,5
2026-05-18 00:48:47,1.4,12.74,13.46,13.00,1545545,91628,5.9,0,0,0.0,1007,473,49,2.96,3.14,2.22,9.27,2485,4
2026-05-18 00:49:47,1.0,10.73,12.75,12.79,1545545,91608,5.9,0,0,0.0,1007,473,49,2.93,3.32,1.16,8.06,2485,2
2026-05-18 00:50:48,1.6,10.55,12.30,12.63,1545545,91585,5.9,0,0,0.0,1007,473,49,4.90,3.19,2.33,9.46,2476,2
2026-05-18 00:51:48,3.2,10.54,11.95,12.48,1545545,91614,5.9,0,0,0.0,1007,473,49,4.86,3.39,2.92,10.21,2487,18
2026-05-18 00:52:48,3.6,11.42,12.01,12.47,1545545,91590,5.9,0,0,0.0,1007,473,49,2.80,3.11,9.69,16.70,2495,1
2026-05-18 00:53:49,1.5,13.00,12.36,12.56,1545545,91611,5.9,0,0,0.0,1007,473,49,3.27,3.11,6.57,14.04,2490,1
2026-05-18 00:54:49,1.7,11.23,11.98,12.42,1545545,91622,5.9,0,0,0.0,1007,473,49,2.18,3.20,1.88,8.81,2480,2
2026-05-18 00:55:49,1.3,10.50,11.63,12.27,1545545,91609,5.9,0,0,0.0,1007,473,49,3.69,3.44,6.81,14.33,2479,3
2026-05-18 00:56:50,1.5,12.43,12.00,12.36,1545545,91621,5.9,0,0,0.0,1007,473,49,3.03,3.29,8.37,15.74,2459,4
2026-05-18 00:57:50,2.0,11.33,11.81,12.27,1545545,91637,5.9,0,0,0.0,1007,473,49,4.01,3.31,5.00,12.32,2465,6
2026-05-18 00:58:50,1.4,11.17,11.70,12.21,1545545,91641,5.9,0,0,0.0,1007,473,49,2.78,3.29,2.27,9.42,2467,2
2026-05-18 00:59:51,1.3,10.84,11.47,12.09,1545545,91632,5.9,0,0,0.0,1007,473,49,2.64,2.86,3.71,10.81,2470,1
2026-05-18 01:00:51,1.2,10.37,11.23,11.97,1545545,91639,5.9,0,0,0.0,1007,473,49,2.26,3.45,1.27,8.25,2480,5
2026-05-18 01:01:51,1.5,11.39,11.40,11.98,1545545,91641,5.9,0,0,0.0,1007,473,49,1.35,47.71,6.30,14.05,2479,1
2026-05-18 01:02:52,1.3,11.49,11.42,11.95,1545545,91637,5.9,0,0,0.0,1007,473,49,1.75,3.26,6.20,13.68,2475,4
2026-05-18 01:03:52,1.3,10.28,11.09,11.81,1545545,91661,5.9,0,0,0.0,1007,473,49,3.46,3.18,2.91,9.99,2475,2
2026-05-18 01:04:52,2.9,10.82,11.09,11.76,1545545,91692,5.9,0,0,0.0,1007,473,49,2.10,3.22,2.69,9.85,2470,4
2026-05-18 01:05:53,3.2,13.56,11.82,11.97,1545545,91673,5.9,0,0,0.0,1007,473,49,3.77,3.20,10.45,18.33,2465,4
2026-05-18 01:06:53,3.1,15.05,12.51,12.20,1545545,91677,5.9,0,0,0.0,1007,473,49,2.70,3.38,12.73,20.92,2458,18
2026-05-18 01:07:53,2.3,13.39,12.48,12.20,1545545,91679,5.9,0,0,0.0,1007,473,49,1.68,3.54,8.62,15.74,2460,4
2026-05-18 01:08:54,1.3,12.90,12.43,12.20,1545545,91689,5.9,0,0,0.0,1007,473,49,3.22,3.17,5.18,12.15,2460,2
2026-05-18 01:09:54,1.3,12.02,12.23,12.14,1545545,91705,5.9,0,0,0.0,1007,473,49,2.61,3.06,8.68,15.96,2471,2
2026-05-18 01:10:54,1.4,10.88,11.90,12.04,1545545,91658,5.9,0,0,0.0,1007,473,49,4.35,3.38,1.23,8.30,2481,2
2026-05-18 01:11:55,1.6,10.78,11.70,11.96,1545545,91670,5.9,0,0,0.0,1007,473,49,4.31,3.44,3.41,10.64,2484,6
2026-05-18 01:12:55,3.2,20.05,13.52,12.53,1545545,91681,5.9,0,0,0.0,1007,473,49,2.61,3.00,7.33,14.11,2481,4
2026-05-18 01:13:55,1.2,14.41,13.10,12.45,1545545,91699,5.9,0,0,0.0,1007,473,49,2.44,3.20,4.11,11.34,2490,5
2026-05-18 01:14:56,3.5,12.45,12.73,12.36,1545545,91716,5.9,0,0,0.0,1007,473,49,5.23,2.87,6.20,13.52,2492,22
2026-05-18 01:15:56,3.4,13.55,13.09,12.51,1545545,91565,5.9,0,0,0.0,1007,473,49,3.41,3.25,11.10,19.11,2489,7
2026-05-18 01:16:56,1.4,11.90,12.67,12.40,1545545,91555,5.9,0,0,0.0,1007,473,49,2.24,3.45,2.78,10.11,2486,4
2026-05-18 01:17:57,1.5,18.18,14.36,13.00,1545545,91562,5.9,0,0,0.0,1007,473,49,5.65,3.38,7.74,15.22,2479,1
2026-05-18 01:18:57,1.6,15.60,14.32,13.07,1545545,91578,5.9,0,0,0.0,1007,473,49,4.55,3.21,8.89,15.84,2473,2
2026-05-18 01:19:57,1.4,12.39,13.64,12.91,1545545,91602,5.9,0,0,0.0,1007,473,49,3.17,3.28,2.20,9.20,2465,2
2026-05-18 01:20:58,3.2,11.35,13.10,12.77,1545545,91594,5.9,0,0,0.0,1007,473,49,3.09,3.26,3.84,11.09,2461,7
2026-05-18 01:21:58,1.3,11.88,12.99,12.76,1545545,91560,5.9,0,0,0.0,1007,473,49,2.83,3.36,4.43,11.85,2458,3
2026-05-18 01:22:58,1.4,15.41,13.82,13.06,1545545,91570,5.9,0,0,0.0,1007,473,49,3.44,3.27,9.22,16.27,2461,1
2026-05-18 01:23:59,12.2,16.55,14.37,13.30,1545545,91599,5.9,0,0,0.0,1007,473,49,4.80,3.05,5.13,12.48,2463,25
2026-05-18 01:24:59,3.1,19.91,15.53,13.75,1545545,91617,5.9,0,0,0.0,1007,473,49,2.71,3.16,12.52,20.52,2473,4
2026-05-18 01:25:59,3.1,19.13,16.03,14.03,1545545,91604,5.9,0,0,0.0,1007,473,49,3.09,3.40,7.93,14.73,2481,8
2026-05-18 01:27:00,1.8,14.95,15.40,13.93,1545545,91598,5.9,0,0,0.0,1007,473,49,2.53,3.37,3.83,11.09,2496,1
2026-05-18 01:28:00,2.9,14.40,15.12,13.93,1545545,91618,5.9,0,0,0.0,1007,473,49,2.61,3.23,2.78,10.00,2495,5
2026-05-18 01:29:00,3.3,14.09,14.75,13.86,1545545,91621,5.9,0,0,0.0,1007,473,49,2.37,3.16,3.64,10.73,2482,8
2026-05-18 01:30:01,1.3,14.74,14.88,13.97,1545545,91621,5.9,0,0,0.0,1007,473,49,3.35,3.17,5.57,12.49,2470,5
2026-05-18 01:31:01,1.4,14.58,14.97,14.06,1545545,91596,5.9,0,0,0.0,1007,473,49,4.98,3.16,5.50,12.49,2473,6
2026-05-18 01:32:01,3.6,17.86,15.86,14.43,1545545,91613,5.9,0,0,0.0,1007,473,49,4.10,3.42,8.28,16.13,2462,5
2026-05-18 01:33:02,3.4,18.11,16.74,14.85,1545545,91609,5.9,0,0,0.0,1007,473,49,3.98,3.16,4.74,12.11,2465,9
2026-05-18 01:34:02,1.5,15.56,16.32,14.82,1545545,91617,5.9,0,0,0.0,1007,473,49,4.42,2.91,9.22,16.70,2461,1
2026-05-18 01:35:02,1.1,12.28,15.24,14.54,1545545,91637,5.9,0,0,0.0,1007,473,49,2.93,3.11,1.12,8.04,2468,2
2026-05-18 01:36:03,1.4,12.05,14.60,14.36,1545545,91615,5.9,0,0,0.0,1007,473,49,3.96,3.42,5.21,12.54,2467,4
2026-05-18 01:37:03,1.5,10.39,13.66,14.06,1545545,91619,5.9,0,0,0.0,1007,473,49,3.09,3.55,1.52,8.55,2474,2
2026-05-18 01:38:03,1.7,11.97,13.45,13.95,1545545,91631,5.9,0,0,0.0,1007,473,49,4.47,3.24,4.46,11.88,2474,4
2026-05-18 01:39:04,1.3,10.32,12.74,13.68,1545545,91675,5.9,0,0,0.0,1007,473,49,5.03,3.14,1.15,8.08,2480,2
2026-05-18 01:40:04,1.1,9.91,12.19,13.43,1545545,91681,5.9,0,0,0.0,1007,473,49,3.57,3.13,2.60,9.63,2483,4
2026-05-18 01:41:04,3.0,9.69,11.76,13.20,1545545,91650,5.9,0,0,0.0,1007,473,49,2.22,3.38,1.60,8.61,2472,5
2026-05-18 01:42:05,1.4,10.53,11.69,13.09,1545545,91638,5.9,0,0,0.0,1007,473,49,4.57,3.23,1.52,8.47,2469,4
2026-05-18 01:43:05,1.4,10.21,11.41,12.90,1545545,91654,5.9,0,0,0.0,1007,473,49,4.27,3.19,1.13,8.28,2464,3
2026-05-18 01:44:05,2.6,11.67,11.56,12.85,1545545,91705,5.9,0,0,0.0,1007,473,49,2.69,3.18,3.65,10.89,2463,1
2026-05-18 01:45:06,3.1,13.19,11.99,12.92,1545545,91734,5.9,0,0,0.0,1007,473,49,2.55,3.33,7.50,15.00,2474,5
2026-05-18 01:46:06,1.6,12.62,12.07,12.89,1545545,91655,5.9,0,0,0.0,1007,473,49,1.34,3.07,9.75,17.04,2480,4
2026-05-18 01:47:06,1.2,12.04,12.02,12.82,1545545,91660,5.9,0,0,0.0,1007,473,49,1.98,3.39,6.39,14.04,2478,2
2026-05-18 01:48:07,1.4,11.95,12.02,12.77,1545545,91688,5.9,0,0,0.0,1007,473,49,3.64,3.41,7.84,15.42,2480,2
2026-05-18 01:49:07,3.4,12.54,12.14,12.76,1545545,91702,5.9,0,0,0.0,1007,473,49,4.82,3.05,5.49,12.89,2485,1
2026-05-18 01:50:07,3.5,13.61,12.47,12.83,1545545,91716,5.9,0,0,0.0,1007,473,49,3.85,3.14,11.39,18.93,2474,9
2026-05-18 01:51:08,1.3,12.42,12.30,12.75,1545545,91691,5.9,0,0,0.0,1007,473,49,3.69,3.27,5.78,13.08,2478,1
2026-05-18 01:52:08,1.3,13.47,12.52,12.79,1545545,91685,5.9,0,0,0.0,1007,473,49,5.83,3.41,6.77,14.37,2474,2
2026-05-18 01:53:08,1.3,12.48,12.34,12.70,1545545,91667,5.9,0,0,0.0,1007,473,49,2.53,3.12,3.70,11.07,2469,3
2026-05-18 01:54:09,1.3,11.46,12.04,12.58,1545545,91572,5.9,0,0,0.0,1007,473,49,3.48,3.21,4.02,11.20,2476,2
2026-05-18 01:55:09,8.9,11.34,11.84,12.47,1545545,91612,5.9,0,0,0.0,1007,473,49,2.34,3.29,5.84,13.24,2475,7
2026-05-18 01:56:09,3.1,12.13,12.07,12.51,1545545,91570,5.9,0,0,0.0,1007,473,49,3.07,3.26,8.03,14.78,2476,14
2026-05-18 01:57:10,1.3,10.53,11.61,12.33,1545545,91572,5.9,0,0,0.0,1007,473,49,4.42,3.37,1.96,8.90,2487,3
2026-05-18 01:58:10,1.2,12.76,11.95,12.39,1545545,91582,5.9,0,0,0.0,1007,473,49,2.16,3.40,1.13,8.30,2486,1
2026-05-18 01:59:10,1.2,12.38,12.08,12.41,1545545,91593,5.9,0,0,0.0,1007,473,49,3.21,3.32,5.54,12.88,2489,2
2026-05-18 02:00:11,3.2,13.14,12.30,12.46,1545545,91623,5.9,0,0,0.0,1007,473,49,3.98,3.26,7.57,15.15,2481,4
2026-05-18 02:01:11,1.2,11.11,11.89,12.31,1545545,91593,5.9,0,0,0.0,1007,473,49,1.95,49.11,3.08,10.28,2459,4
2026-05-18 02:02:11,3.0,11.60,11.89,12.28,1545545,91604,5.9,0,0,0.0,1007,473,49,2.41,3.47,7.84,15.14,2470,5
2026-05-18 02:03:12,1.2,10.88,11.67,12.18,1545545,91584,5.9,0,0,0.0,1007,473,49,2.88,3.30,6.53,14.09,2473,3
2026-05-18 02:04:12,4.5,13.96,12.35,12.38,1545545,91625,5.9,0,0,0.0,1007,473,49,1.96,3.05,9.24,16.29,2478,8
2026-05-18 02:05:12,3.3,13.59,12.56,12.45,1545545,91640,5.9,0,0,0.0,1007,473,49,1.96,3.18,10.78,17.69,2485,4
2026-05-18 02:06:13,1.3,12.49,12.44,12.42,1545545,91591,5.9,0,0,0.0,1007,473,49,2.60,3.29,6.99,14.42,2485,4
2026-05-18 02:07:13,1.5,11.36,12.14,12.32,1545545,91580,5.9,0,0,0.0,1007,473,49,2.52,3.53,4.24,11.54,2475,2
2026-05-18 02:08:14,3.5,12.60,12.46,12.43,1545545,91600,5.9,0,0,0.0,1007,473,49,2.71,3.34,6.68,14.28,2470,23
2026-05-18 02:09:14,1.3,12.07,12.35,12.39,1545545,91607,5.9,0,0,0.0,1007,473,49,2.32,3.28,3.66,10.80,2466,5
2026-05-18 02:10:14,1.5,12.10,12.37,12.40,1545545,91654,5.9,0,0,0.0,1007,473,49,2.48,3.25,4.36,11.71,2474,6
2026-05-18 02:11:15,1.8,11.17,12.04,12.28,1545545,91608,5.9,0,0,0.0,1007,473,49,2.95,3.07,1.83,8.80,2477,1
2026-05-18 02:12:15,3.7,12.12,12.12,12.29,1545545,91623,5.9,0,0,0.0,1007,473,49,2.87,3.48,11.13,18.88,2486,18
2026-05-18 02:13:15,3.1,12.93,12.46,12.40,1545545,91619,5.9,0,0,0.0,1007,473,49,2.43,3.30,7.71,14.92,2479,8
2026-05-18 02:14:16,3.2,11.92,12.25,12.33,1545545,91648,5.9,0,0,0.0,1007,473,49,2.02,3.23,3.97,11.26,2475,5
2026-05-18 02:15:16,2.1,11.99,12.18,12.30,1545545,91645,5.9,0,0,0.0,1007,473,49,2.69,2.80,7.68,14.93,2476,2
2026-05-18 02:16:16,1.7,12.58,12.31,12.34,1545545,91636,5.9,0,0,0.0,1007,473,49,3.00,3.22,8.96,15.58,2471,7
2026-05-18 02:17:17,1.3,11.24,11.98,12.22,1545545,91649,5.9,0,0,0.0,1007,473,49,4.78,3.66,3.71,10.80,2474,2
2026-05-18 02:18:17,4.3,14.96,12.94,12.53,1545545,91663,5.9,0,0,0.0,1007,473,49,4.52,3.30,10.56,18.31,2480,7
2026-05-18 02:19:17,1.2,12.56,12.63,12.45,1545545,91659,5.9,0,0,0.0,1007,473,49,5.01,3.09,6.02,13.13,2492,8
2026-05-18 02:20:18,2.8,12.56,12.48,12.40,1545545,91701,5.9,0,0,0.0,1007,473,49,3.64,3.27,5.78,12.86,2484,5
2026-05-18 02:21:18,3.5,13.77,12.81,12.52,1545545,91687,5.9,0,0,0.0,1007,473,49,2.00,3.17,9.67,16.66,2493,7
2026-05-18 02:22:18,1.3,13.50,12.87,12.56,1545545,91679,5.9,0,0,0.0,1007,473,49,3.22,3.36,11.22,18.22,2497,8
2026-05-18 02:23:19,4.4,15.66,13.58,12.82,1545545,91675,5.9,0,0,0.0,1007,473,49,3.02,3.08,8.08,15.69,2508,21
2026-05-18 02:24:19,1.6,14.07,13.43,12.81,1545545,91695,5.9,0,0,0.0,1007,473,49,2.98,3.39,7.37,15.05,2492,5
2026-05-18 02:25:19,3.5,12.26,13.04,12.72,1545545,91722,5.9,0,0,0.0,1007,473,49,3.67,3.14,6.94,14.61,2490,5
2026-05-18 02:26:20,2.9,11.90,12.83,12.67,1545545,91686,5.9,0,0,0.0,1007,473,49,3.05,3.04,7.15,14.41,2494,2
2026-05-18 02:27:20,3.2,11.46,12.52,12.57,1545545,91703,5.9,0,0,0.0,1007,473,49,3.62,3.64,4.57,11.73,2492,6
2026-05-18 02:28:20,1.6,10.54,12.05,12.40,1545545,91682,5.9,0,0,0.0,1007,473,49,3.10,3.32,2.58,9.87,2476,7
2026-05-18 02:29:21,3.1,13.82,12.59,12.56,1545545,91711,5.9,0,0,0.0,1007,473,49,2.11,3.31,10.86,18.98,2478,5
2026-05-18 02:30:21,1.2,13.65,12.73,12.61,1545545,91696,5.9,0,0,0.0,1007,473,49,4.70,3.23,7.14,14.59,2486,6
2026-05-18 02:31:21,1.5,12.44,12.54,12.55,1545545,91697,5.9,0,0,0.0,1007,473,49,3.21,3.43,1.89,8.97,2481,2
2026-05-18 02:32:22,1.0,10.81,12.06,12.38,1545545,91572,5.9,0,0,0.0,1007,473,49,3.68,3.26,1.25,8.14,2481,5
2026-05-18 02:33:22,3.0,12.63,12.27,12.42,1545545,91563,5.9,0,0,0.0,1007,473,49,5.15,3.20,7.94,15.40,2482,7
2026-05-18 02:34:22,1.4,12.23,12.25,12.41,1545545,91534,5.9,0,0,0.0,1007,473,49,3.15,2.89,9.95,16.44,2482,3
2026-05-18 02:35:23,5.6,11.99,12.13,12.36,1545545,91495,5.9,0,0,0.0,1007,473,49,4.19,3.21,7.03,13.99,2476,6
2026-05-18 02:36:23,1.4,11.43,11.92,12.27,1545545,91546,5.9,0,0,0.0,1007,473,49,3.03,3.50,7.67,15.06,2479,2
2026-05-18 02:37:23,2.0,12.25,12.00,12.27,1545545,91551,5.9,0,0,0.0,1007,473,49,3.11,3.56,6.68,14.29,2481,1
2026-05-18 02:38:24,1.3,11.90,11.94,12.23,1545545,91517,5.9,0,0,0.0,1007,473,49,2.58,3.14,1.14,8.13,2478,8
2026-05-18 02:39:24,1.3,11.72,11.78,12.15,1545545,91582,5.9,0,0,0.0,1007,473,49,2.53,3.22,4.29,11.42,2480,6
2026-05-18 02:40:24,3.6,13.28,12.09,12.23,1545545,91605,5.9,0,0,0.0,1007,473,49,2.23,3.17,5.78,13.10,2482,6
2026-05-18 02:41:25,1.3,10.97,11.67,12.07,1545545,91581,5.9,0,0,0.0,1007,473,49,2.12,3.24,5.35,11.93,2481,2
2026-05-18 02:42:25,3.3,11.06,11.52,11.99,1545545,91608,5.9,0,0,0.0,1007,473,49,2.62,3.31,4.57,11.78,2497,5
2026-05-18 02:43:25,1.2,11.28,11.45,11.94,1545545,91496,5.9,0,0,0.0,1007,473,49,3.96,3.20,3.70,10.96,2501,5
2026-05-18 02:44:26,1.6,11.01,11.34,11.87,1545545,91625,5.9,0,0,0.0,1007,473,49,2.16,3.43,8.52,15.62,2494,4
2026-05-18 02:45:26,1.5,12.93,11.84,12.01,1545545,91583,5.9,0,0,0.0,1007,473,49,2.07,3.16,6.25,13.66,2495,9
2026-05-18 02:46:26,3.3,11.04,11.50,11.88,1545545,91611,5.9,0,0,0.0,1007,473,49,2.35,3.33,1.84,9.00,2489,9
2026-05-18 02:47:27,3.0,12.05,11.72,11.93,1545545,91625,5.9,0,0,0.0,1007,473,49,2.52,3.38,8.51,16.09,2476,7
2026-05-18 02:48:27,3.0,11.78,11.68,11.90,1545545,91631,5.9,0,0,0.0,1007,473,49,2.95,3.12,8.37,15.72,2477,7
2026-05-18 02:49:27,3.2,11.55,11.65,11.88,1545545,91643,5.9,0,0,0.0,1007,473,49,2.36,3.48,3.93,11.34,2474,8
2026-05-18 02:50:28,1.2,13.01,11.90,11.95,1545545,91644,5.9,0,0,0.0,1007,473,49,3.18,3.23,4.57,11.79,2475,4
2026-05-18 02:51:28,1.4,12.65,11.99,11.97,1545545,91643,5.9,0,0,0.0,1007,473,49,3.50,3.34,8.81,15.76,2487,2
2026-05-18 02:52:28,2.9,11.77,11.83,11.92,1545545,91564,5.9,0,0,0.0,1007,473,49,2.05,3.10,5.21,12.55,2475,2
2026-05-18 02:53:29,3.4,10.49,11.43,11.77,1545545,91618,5.9,0,0,0.0,1007,473,49,5.12,3.32,2.96,10.07,2472,9
2026-05-18 02:54:29,1.2,10.46,11.25,11.69,1545545,91632,5.9,0,0,0.0,1007,473,49,2.01,3.23,4.67,11.96,2489,27
2026-05-18 02:55:29,1.1,10.07,11.00,11.57,1545545,91637,5.9,0,0,0.0,1007,473,49,2.13,3.25,2.16,9.27,2498,1
2026-05-18 02:56:30,1.3,11.93,11.35,11.66,1545545,91653,5.9,0,0,0.0,1007,473,49,2.84,3.18,5.12,12.44,2491,3
2026-05-18 02:57:30,1.3,14.20,12.14,11.91,1545545,91656,5.9,0,0,0.0,1007,473,49,3.88,3.32,5.45,12.27,2505,6
2026-05-18 02:58:30,1.1,11.70,11.76,11.79,1545545,91656,5.9,0,0,0.0,1007,473,49,4.65,3.38,1.96,9.11,2497,5
2026-05-18 02:59:31,3.3,11.82,11.72,11.77,1545545,91697,5.9,0,0,0.0,1007,473,49,2.52,3.20,5.34,12.80,2487,7
2026-05-18 03:00:31,3.0,12.83,12.01,11.86,1545545,91684,5.9,0,0,0.0,1007,473,49,2.20,3.25,9.89,17.18,2487,15
2026-05-18 03:01:31,1.2,10.56,11.53,11.71,1545545,91646,5.9,0,0,0.0,1007,473,49,2.24,47.68,3.10,10.44,2486,6
2026-05-18 03:02:32,3.0,11.20,11.51,11.69,1545545,91658,5.9,0,0,0.0,1007,473,49,1.65,3.16,1.89,8.81,2464,4
2026-05-18 03:03:32,3.2,13.14,12.00,11.85,1545545,91693,5.9,0,0,0.0,1007,473,49,3.96,3.14,10.06,17.68,2475,6
2026-05-18 03:04:32,1.7,11.95,11.91,11.83,1545545,91685,5.9,0,0,0.0,1007,473,49,1.86,3.39,4.63,12.05,2488,5
2026-05-18 03:05:33,1.6,13.90,12.40,12.00,1545545,91669,5.9,0,0,0.0,1007,473,49,1.93,3.22,6.97,14.43,2485,2
2026-05-18 03:06:33,2.5,11.54,12.04,11.90,1545545,91670,5.9,0,0,0.0,1007,473,49,2.30,3.40,1.81,8.79,2478,2
2026-05-18 03:07:33,3.5,11.47,11.95,11.88,1545545,91638,5.9,0,0,0.0,1007,473,49,2.51,3.23,5.38,12.81,2494,10
2026-05-18 03:08:34,3.2,13.69,12.35,12.01,1545545,91653,5.9,0,0,0.0,1007,473,49,3.46,3.30,4.87,12.28,2486,6
2026-05-18 03:09:34,1.5,13.59,12.69,12.16,1545545,91624,5.9,0,0,0.0,1007,473,49,2.43,3.44,9.21,16.04,2478,6
2026-05-18 03:10:34,1.3,13.40,12.93,12.28,1545545,91535,5.9,0,0,0.0,1007,473,49,3.84,3.21,4.84,12.03,2491,2
2026-05-18 03:11:35,3.2,15.54,13.45,12.49,1545545,91551,5.9,0,0,0.0,1007,473,49,3.07,3.09,2.38,9.45,2478,7
2026-05-18 03:12:35,1.1,15.06,13.74,12.65,1545545,91556,5.9,0,0,0.0,1007,473,49,2.01,3.30,8.99,16.66,2470,1
2026-05-18 03:13:35,3.1,16.47,14.29,12.91,1545545,91589,5.9,0,0,0.0,1007,473,49,3.48,3.39,6.68,14.27,2480,4
2026-05-18 03:14:36,3.0,18.03,15.05,13.25,1545545,91607,5.9,0,0,0.0,1007,473,49,2.89,3.29,8.04,15.31,2485,11
2026-05-18 03:15:36,1.4,17.45,15.43,13.49,1545545,91552,5.9,0,0,0.0,1007,473,49,2.76,3.10,7.53,14.85,2477,9
2026-05-18 03:16:36,1.7,16.94,15.60,13.67,1545545,91542,5.9,0,0,0.0,1007,473,49,1.75,3.32,6.51,14.09,2479,5
2026-05-18 03:17:37,2.1,18.02,16.15,13.98,1545545,91572,5.9,0,0,0.0,1007,473,49,2.12,5.67,8.87,16.54,2491,6
2026-05-18 03:18:37,1.1,13.63,15.24,13.80,1545545,91580,5.9,0,0,0.0,1007,473,49,1.63,3.33,2.78,9.90,2483,4
2026-05-18 03:19:37,3.0,14.17,15.03,13.82,1545545,91621,5.9,0,0,0.0,1007,473,49,1.52,3.14,4.54,11.95,2492,24
2026-05-18 03:20:38,1.1,12.12,14.30,13.64,1545545,91585,5.9,0,0,0.0,1007,473,49,3.57,3.37,4.29,11.60,2482,1
2026-05-18 03:21:38,1.1,12.05,13.91,13.55,1545545,91597,5.9,0,0,0.0,1007,473,49,1.83,3.12,10.44,17.99,2485,4
2026-05-18 03:22:38,3.2,12.92,13.73,13.50,1545545,91620,5.9,0,0,0.0,1007,473,49,1.31,3.23,6.78,14.20,2487,7
2026-05-18 03:23:39,3.3,12.96,13.52,13.44,1545545,91640,5.9,0,0,0.0,1007,473,49,1.79,3.27,12.38,19.03,2478,5
2026-05-18 03:24:39,1.5,12.93,13.40,13.40,1545545,91643,5.9,0,0,0.0,1007,473,49,1.22,3.39,10.91,17.42,2476,3
2026-05-18 03:25:39,2.7,13.18,13.32,13.37,1545545,91627,5.9,0,0,0.0,1007,473,49,1.48,2.76,3.97,11.36,2481,7
2026-05-18 03:26:40,3.7,13.89,13.44,13.40,1545545,91592,5.9,0,0,0.0,1007,473,49,2.60,3.27,10.63,17.28,2488,4
2026-05-18 03:27:40,1.2,15.84,14.14,13.65,1545545,91542,5.9,0,0,0.0,1007,473,49,3.13,3.38,12.28,19.52,2481,7
2026-05-18 03:28:40,1.1,12.11,13.38,13.42,1545545,91557,5.9,0,0,0.0,1007,473,49,2.11,3.34,1.17,8.16,2469,5
2026-05-18 03:29:41,1.2,10.77,12.77,13.20,1545545,91605,5.9,0,0,0.0,1007,473,49,1.85,3.20,4.84,12.15,2489,3
2026-05-18 03:30:41,1.3,11.62,12.71,13.16,1545545,91595,5.9,0,0,0.0,1007,473,49,1.62,3.30,2.61,9.99,2475,4
2026-05-18 03:31:41,1.2,10.85,12.28,12.98,1545545,91606,5.9,0,0,0.0,1007,473,49,1.70,3.25,3.64,10.78,2471,4
2026-05-18 03:32:42,1.2,10.32,11.85,12.79,1545545,91612,5.9,0,0,0.0,1007,473,49,1.20,3.05,1.11,8.03,2475,4
2026-05-18 03:33:42,1.1,12.04,12.06,12.80,1545545,91642,5.9,0,0,0.0,1007,473,49,2.09,3.30,4.52,11.80,2483,3
2026-05-18 03:34:42,1.1,11.58,11.96,12.72,1545545,91502,5.9,0,0,0.0,1007,473,49,2.67,3.25,1.52,8.52,2479,5
2026-05-18 03:35:43,2.2,11.43,11.81,12.62,1545545,91642,5.9,0,0,0.0,1007,473,49,3.43,3.29,2.96,10.21,2499,6
2026-05-18 03:36:43,3.1,12.31,12.01,12.64,1545545,91653,5.9,0,0,0.0,1007,473,49,2.74,3.32,6.88,14.50,2490,13
2026-05-18 03:37:43,2.7,11.63,11.87,12.55,1545545,91656,5.9,0,0,0.0,1007,473,49,2.80,3.55,13.72,19.56,2493,2
2026-05-18 03:38:44,1.6,13.33,12.29,12.64,1545545,91671,5.9,0,0,0.0,1007,473,49,2.66,3.28,6.17,13.29,2497,3
2026-05-18 03:39:44,3.0,14.03,12.64,12.74,1545545,91700,5.9,0,0,0.0,1007,473,49,1.94,3.21,10.78,17.73,2485,6
2026-05-18 03:40:45,1.5,14.81,13.15,12.91,1545545,91659,5.9,0,0,0.0,1007,473,49,1.33,3.20,8.59,15.95,2465,1
2026-05-18 03:41:45,1.6,12.84,12.84,12.82,1545545,91685,5.9,0,0,0.0,1007,473,49,2.71,3.38,8.81,16.47,2467,6
2026-05-18 03:42:45,3.2,12.29,12.66,12.75,1545545,91674,5.9,0,0,0.0,1007,473,49,1.41,3.10,6.15,13.70,2463,4
2026-05-18 03:43:46,1.6,10.97,12.17,12.58,1545545,91682,5.9,0,0,0.0,1007,473,49,1.16,3.21,2.98,10.02,2463,4
2026-05-18 03:44:46,3.4,11.36,12.05,12.51,1545545,91704,5.9,0,0,0.0,1007,473,49,3.71,3.18,2.88,10.02,2464,8
2026-05-18 03:45:46,2.1,12.94,12.45,12.62,1545545,91679,5.9,0,0,0.0,1007,473,49,3.16,3.36,11.84,19.51,2476,4
2026-05-18 03:46:47,1.1,11.73,12.19,12.52,1545545,91663,5.9,0,0,0.0,1007,473,49,2.12,3.29,5.89,12.92,2475,8
2026-05-18 03:47:47,1.7,13.40,12.63,12.66,1545545,91576,5.9,0,0,0.0,1007,473,49,2.54,3.38,9.96,17.55,2479,16
2026-05-18 03:48:47,2.9,11.96,12.34,12.55,1545545,91604,5.9,0,0,0.0,1007,473,49,1.50,3.23,4.33,11.50,2485,5
2026-05-18 03:49:48,1.4,11.00,12.02,12.43,1545545,91577,5.9,0,0,0.0,1007,473,49,2.26,3.31,4.01,11.30,2485,2
2026-05-18 03:50:48,1.3,11.21,11.91,12.36,1545545,91569,5.9,0,0,0.0,1007,473,49,1.47,3.19,5.16,12.67,2474,3
2026-05-18 03:51:48,1.5,12.63,12.21,12.44,1545545,91570,5.9,0,0,0.0,1007,473,49,1.93,3.12,8.41,16.11,2472,6
2026-05-18 03:52:48,3.4,12.65,12.27,12.44,1545545,91580,5.9,0,0,0.0,1007,473,49,2.07,3.23,4.53,11.81,2473,5
2026-05-18 03:53:49,11.1,12.98,12.34,12.45,1545545,91575,5.9,0,0,0.0,1007,473,49,1.49,2.82,4.68,11.89,2472,27
2026-05-18 03:54:49,1.4,14.75,13.06,12.70,1545545,91603,5.9,0,0,0.0,1007,473,49,1.74,3.32,11.30,18.46,2477,2
2026-05-18 03:55:50,3.2,16.17,13.77,12.96,1545545,91602,5.9,0,0,0.0,1007,473,49,1.99,3.25,11.77,19.55,2476,10
2026-05-18 03:56:50,3.6,13.67,13.52,12.93,1545545,91600,5.9,0,0,0.0,1007,473,49,2.62,3.45,7.86,15.42,2476,5
2026-05-18 03:57:50,1.4,12.60,13.29,12.90,1545545,91591,5.9,0,0,0.0,1007,473,49,1.12,3.29,6.27,13.83,2474,4
2026-05-18 03:58:51,1.3,11.28,12.82,12.76,1545545,91606,5.9,0,0,0.0,1007,473,49,1.80,3.00,6.28,13.67,2473,1
2026-05-18 03:59:51,3.5,13.15,12.89,12.78,1545545,91635,5.9,0,0,0.0,1007,473,49,1.59,3.65,4.57,11.88,2471,9
2026-05-18 04:00:51,1.8,12.58,12.77,12.74,1545545,91619,5.9,0,0,0.0,1007,473,49,1.79,3.29,7.91,14.91,2473,5
2026-05-18 04:01:52,3.3,12.76,12.78,12.75,1545545,91631,5.9,0,0,0.0,1007,473,49,1.32,49.70,7.54,15.13,2466,8
2026-05-18 04:02:52,1.2,13.89,13.03,12.83,1545545,91591,5.9,0,0,0.0,1007,473,49,1.64,3.13,7.00,14.54,2469,2
2026-05-18 04:03:52,3.0,13.20,13.08,12.86,1545545,91648,5.9,0,0,0.0,1007,473,49,1.87,3.33,7.67,15.25,2477,8
2026-05-18 04:04:53,1.7,13.34,13.15,12.90,1545545,91624,5.9,0,0,0.0,1007,473,49,1.64,3.29,12.71,19.53,2482,4
2026-05-18 04:05:53,1.3,12.35,12.89,12.83,1545545,91613,5.9,0,0,0.0,1007,473,49,2.26,3.29,6.30,13.70,2483,3
2026-05-18 04:06:53,1.6,11.94,12.60,12.73,1545545,91625,5.9,0,0,0.0,1007,473,49,2.85,3.36,5.92,12.83,2475,7
2026-05-18 04:07:54,3.1,11.71,12.37,12.64,1545545,91628,5.9,0,0,0.0,1007,473,49,2.38,3.27,4.58,11.81,2483,6
2026-05-18 04:08:54,3.1,15.90,13.56,13.03,1545545,91660,5.9,0,0,0.0,1007,473,49,2.08,3.30,11.32,19.19,2486,7
2026-05-18 04:09:54,1.3,13.31,13.15,12.92,1545545,91675,5.9,0,0,0.0,1007,473,49,2.14,3.41,3.38,10.65,2480,4
2026-05-18 04:10:55,3.1,13.36,13.07,12.90,1545545,91680,5.9,0,0,0.0,1007,473,49,1.34,3.12,3.12,10.29,2487,6
2026-05-18 04:11:55,1.7,12.15,12.85,12.84,1545545,91666,5.9,0,0,0.0,1007,473,49,1.62,2.95,6.48,13.34,2491,1
2026-05-18 04:12:55,1.2,10.71,12.31,12.65,1545545,91659,5.9,0,0,0.0,1007,473,49,1.35,3.14,1.03,8.09,2474,1
2026-05-18 04:13:56,1.4,10.36,11.90,12.49,1545545,91685,5.9,0,0,0.0,1007,473,49,1.71,3.18,1.09,8.00,2479,2
2026-05-18 04:14:56,3.3,11.58,11.93,12.46,1545545,91714,5.9,0,0,0.0,1007,473,49,2.19,3.46,7.73,15.00,2467,5
2026-05-18 04:15:56,3.4,11.52,11.88,12.41,1545545,91686,5.9,0,0,0.0,1007,473,49,1.07,3.27,6.37,14.01,2458,6
2026-05-18 04:16:57,3.2,10.86,11.60,12.28,1545545,91682,5.9,0,0,0.0,1007,473,49,1.31,3.34,3.56,10.88,2459,6
2026-05-18 04:17:57,1.4,11.78,11.83,12.32,1545545,91671,5.9,0,0,0.0,1007,473,49,1.74,3.20,8.71,16.41,2475,4
2026-05-18 04:18:57,3.3,11.35,11.67,12.23,1545545,91725,5.9,0,0,0.0,1007,473,49,2.03,3.38,4.95,12.32,2472,3
2026-05-18 04:19:58,3.0,11.68,11.79,12.24,1545545,91713,5.9,0,0,0.0,1007,473,49,1.73,3.30,4.39,11.67,2490,3
2026-05-18 04:20:58,1.3,10.54,11.44,12.09,1545545,91701,5.9,0,0,0.0,1007,473,49,2.60,3.47,2.55,9.60,2496,2
2026-05-18 04:21:58,1.3,11.17,11.41,12.04,1545545,91681,5.9,0,0,0.0,1007,473,49,1.61,3.17,2.65,9.88,2485,3
2026-05-18 04:22:59,4.6,10.91,11.28,11.95,1545545,91712,5.9,0,0,0.0,1007,473,49,1.79,3.07,2.99,10.15,2476,27
2026-05-18 04:23:59,1.5,10.92,11.30,11.92,1545545,91710,5.9,0,0,0.0,1007,473,49,1.53,3.16,4.65,11.27,2469,5
2026-05-18 04:24:59,3.1,11.18,11.28,11.87,1545545,91728,5.9,0,0,0.0,1007,473,49,1.41,3.19,5.20,12.69,2469,4
2026-05-18 04:26:00,1.3,12.77,11.69,11.98,1545545,91592,5.9,0,0,0.0,1007,473,49,1.69,3.23,9.18,16.91,2465,4
2026-05-18 04:27:00,1.1,14.18,12.17,12.12,1545545,91574,5.9,0,0,0.0,1007,473,49,2.79,3.42,7.82,15.44,2483,2
2026-05-18 04:28:00,3.1,11.56,11.85,12.01,1545545,91590,5.9,0,0,0.0,1007,473,49,3.64,2.94,3.94,11.22,2477,8
2026-05-18 04:29:01,2.6,12.17,11.98,12.05,1545545,91626,5.9,0,0,0.0,1007,473,49,3.12,3.20,9.98,17.75,2486,2
2026-05-18 04:30:01,1.1,14.96,12.98,12.39,1545545,91606,5.9,0,0,0.0,1007,473,49,2.06,3.23,2.01,9.03,2487,6
2026-05-18 04:31:01,2.6,12.90,12.79,12.37,1545545,91600,5.9,0,0,0.0,1007,473,49,1.92,3.30,5.96,13.54,2477,2
2026-05-18 04:32:02,1.6,17.40,14.01,12.80,1545545,91580,5.9,0,0,0.0,1007,473,49,2.87,3.28,10.68,17.87,2474,3
2026-05-18 04:33:02,2.7,13.32,13.44,12.68,1545545,91615,5.9,0,0,0.0,1007,473,49,3.55,3.23,1.53,8.55,2485,11
2026-05-18 04:34:02,1.4,12.97,13.34,12.70,1545545,91600,5.9,0,0,0.0,1007,473,49,2.70,3.25,5.01,12.35,2482,4
2026-05-18 04:35:03,1.0,11.39,12.81,12.56,1545545,91612,5.9,0,0,0.0,1007,473,49,1.67,3.40,2.40,9.44,2475,2
2026-05-18 04:36:03,1.7,11.47,12.57,12.49,1545545,91591,5.9,0,0,0.0,1007,473,49,1.77,3.20,6.96,14.43,2493,3
2026-05-18 04:37:03,1.5,10.64,12.14,12.35,1545545,91595,5.9,0,0,0.0,1007,473,49,1.83,3.64,1.14,8.29,2470,4
2026-05-18 04:38:04,1.4,11.45,12.20,12.36,1545545,91604,5.9,0,0,0.0,1007,473,49,2.60,3.32,4.03,11.24,2480,3
2026-05-18 04:39:04,10.9,10.93,11.89,12.24,1545545,91633,5.9,0,0,0.0,1007,473,49,1.44,3.30,2.97,10.13,2473,5
2026-05-18 04:40:04,1.2,11.33,11.90,12.22,1545545,91643,5.9,0,0,0.0,1007,473,49,1.42,3.08,4.60,11.90,2469,4
2026-05-18 04:41:05,1.7,16.88,12.92,12.53,1545545,91631,5.9,0,0,0.0,1007,473,49,2.08,3.24,8.79,16.43,2465,3
2026-05-18 04:42:05,2.9,14.04,12.77,12.50,1545545,91632,5.9,0,0,0.0,1007,473,49,2.26,3.37,6.62,13.67,2474,5
2026-05-18 04:43:05,1.3,12.72,12.60,12.45,1545545,91630,5.9,0,0,0.0,1007,473,49,2.57,3.31,9.16,16.96,2457,1
2026-05-18 04:44:06,1.8,11.49,12.27,12.35,1545545,91648,5.9,0,0,0.0,1007,473,49,2.17,3.36,10.22,16.81,2461,3
2026-05-18 04:45:06,1.5,12.27,12.38,12.38,1545545,91641,5.9,0,0,0.0,1007,473,49,2.12,3.05,4.48,11.85,2468,9
2026-05-18 04:46:06,2.9,11.59,12.12,12.29,1545545,91643,5.9,0,0,0.0,1007,473,49,1.79,3.38,3.62,10.87,2462,16
2026-05-18 04:47:07,3.2,11.65,12.09,12.27,1545545,91649,5.9,0,0,0.0,1007,473,49,1.55,3.37,7.31,15.04,2463,3
2026-05-18 04:48:07,1.9,12.82,12.35,12.35,1545545,91653,5.9,0,0,0.0,1007,473,49,1.64,3.57,12.25,19.95,2472,2
2026-05-18 04:49:07,3.3,12.13,12.29,12.33,1545545,91688,5.9,0,0,0.0,1007,473,49,1.55,3.26,7.02,14.56,2475,7
2026-05-18 04:50:08,1.5,14.14,12.92,12.55,1545545,91688,5.9,0,0,0.0,1007,473,49,1.93,3.36,9.01,16.76,2468,5
2026-05-18 04:51:08,1.3,17.73,14.44,13.11,1545545,91667,5.9,0,0,0.0,1007,473,49,1.31,3.02,1.92,8.91,2473,3
2026-05-18 04:52:08,1.8,13.85,13.91,13.01,1545545,91657,5.9,0,0,0.0,1007,473,49,1.38,3.31,4.07,11.55,2468,5
2026-05-18 04:53:09,3.5,12.25,13.43,12.90,1545545,91693,5.9,0,0,0.0,1007,473,49,1.97,3.27,3.03,10.14,2475,5
2026-05-18 04:54:09,1.2,11.86,13.14,12.84,1545545,91698,5.9,0,0,0.0,1007,473,49,3.26,3.06,10.62,17.61,2471,4
2026-05-18 04:55:09,3.2,12.73,13.13,12.85,1545545,91722,5.9,0,0,0.0,1007,473,49,2.12,3.29,8.25,15.73,2482,6
2026-05-18 04:56:10,3.3,14.47,13.61,13.04,1545545,91708,5.9,0,0,0.0,1007,473,49,1.51,3.36,9.61,17.40,2483,6
2026-05-18 04:57:10,1.2,13.34,13.50,13.04,1545545,91697,5.9,0,0,0.0,1007,473,49,1.82,3.59,1.96,8.99,2478,2
2026-05-18 04:58:10,2.9,15.53,14.00,13.23,1545545,91715,5.9,0,0,0.0,1007,473,49,1.77,2.79,6.67,14.12,2467,8
2026-05-18 04:59:11,3.1,15.06,13.92,13.24,1545545,91738,5.9,0,0,0.0,1007,473,49,1.90,3.39,4.03,11.17,2476,7
2026-05-18 05:00:11,3.2,15.49,14.23,13.39,1545545,91738,5.9,0,0,0.0,1007,473,49,2.53,3.40,4.35,11.27,2481,6
2026-05-18 05:01:11,1.4,13.89,13.99,13.36,1545545,91708,5.9,0,0,0.0,1007,473,49,1.85,47.55,3.73,11.05,2487,7
2026-05-18 05:02:12,2.1,16.01,14.61,13.61,1545545,91711,5.9,0,0,0.0,1007,473,49,3.10,3.12,7.61,14.45,2483,6
2026-05-18 05:03:12,1.3,15.79,14.75,13.72,1545545,91709,5.9,0,0,0.0,1007,473,49,2.94,3.18,7.98,15.53,2489,3
2026-05-18 05:04:12,1.6,23.02,16.56,14.38,1545545,91615,5.9,0,0,0.0,1007,473,49,2.52,3.29,4.76,12.09,2488,3
2026-05-18 05:05:13,2.3,17.94,16.22,14.39,1545545,91625,5.9,0,0,0.0,1007,473,49,1.75,3.11,8.10,15.64,2484,2
2026-05-18 05:06:13,1.4,18.00,16.44,14.58,1545545,91599,5.9,0,0,0.0,1007,473,49,1.28,3.22,12.35,20.25,2487,3
2026-05-18 05:07:13,2.0,15.02,15.77,14.46,1545545,91596,5.9,0,0,0.0,1007,473,49,1.53,3.62,4.81,12.21,2494,1
2026-05-18 05:08:14,1.1,11.86,14.72,14.18,1545545,91568,5.9,0,0,0.0,1007,473,49,1.77,3.37,1.89,8.90,2496,5
2026-05-18 05:09:14,3.2,12.28,14.31,14.07,1545545,91627,5.9,0,0,0.0,1007,473,49,1.93,3.17,7.94,15.27,2488,20
2026-05-18 05:10:14,3.3,13.16,14.14,14.02,1545545,91617,5.9,0,0,0.0,1007,473,49,1.61,3.40,10.01,17.28,2478,6
2026-05-18 05:11:15,3.2,15.48,14.62,14.19,1545545,91597,5.9,0,0,0.0,1007,473,49,1.31,3.29,11.77,19.22,2464,7
2026-05-18 05:12:15,1.1,13.12,14.08,14.03,1545545,91597,5.9,0,0,0.0,1007,473,49,1.38,3.39,2.55,9.56,2470,1
2026-05-18 05:13:15,3.2,11.56,13.44,13.81,1545545,91604,5.9,0,0,0.0,1007,473,49,1.50,2.71,1.39,8.51,2480,11
2026-05-18 05:14:16,3.4,12.13,13.31,13.75,1545545,91625,5.9,0,0,0.0,1007,473,49,2.03,3.31,4.86,12.06,2483,16
2026-05-18 05:15:16,3.2,13.31,13.45,13.77,1545545,91616,5.9,0,0,0.0,1007,473,49,1.53,3.25,10.18,17.05,2481,4
2026-05-18 05:16:16,1.6,12.56,13.24,13.67,1545545,91602,5.9,0,0,0.0,1007,473,49,3.32,3.32,7.30,14.71,2491,6
2026-05-18 05:17:17,2.2,13.51,13.32,13.67,1545545,91612,5.9,0,0,0.0,1007,473,49,2.15,3.39,7.69,15.25,2472,2
2026-05-18 05:18:17,3.8,13.65,13.37,13.67,1545545,91638,5.9,0,0,0.0,1007,473,49,3.47,3.39,5.89,13.51,2462,7
2026-05-18 05:19:17,1.7,12.56,13.18,13.59,1545545,91637,5.9,0,0,0.0,1007,473,49,5.68,3.21,2.57,9.70,2451,8
2026-05-18 05:20:18,3.9,12.06,12.94,13.48,1545545,91676,5.9,0,0,0.0,1007,473,49,2.56,3.18,9.98,16.80,2465,5
2026-05-18 05:21:18,1.2,11.47,12.66,13.35,1545545,91638,5.9,0,0,0.0,1007,473,49,2.58,3.35,4.75,11.89,2466,8
2026-05-18 05:22:18,2.0,11.59,12.46,13.23,1545545,91659,5.9,0,0,0.0,1007,473,49,1.30,3.34,8.50,15.47,2478,3
2026-05-18 05:23:19,1.6,12.71,12.68,13.26,1545545,91662,5.9,0,0,0.0,1007,473,49,2.29,3.23,11.22,19.01,2481,3
2026-05-18 05:24:19,2.4,12.57,12.69,13.23,1545545,91675,5.9,0,0,0.0,1007,473,49,1.74,3.07,7.67,15.40,2474,3
2026-05-18 05:25:19,1.0,10.84,12.21,13.03,1545545,91665,5.9,0,0,0.0,1007,473,49,1.51,3.42,1.48,8.44,2465,5
2026-05-18 05:26:20,3.6,10.25,11.80,12.84,1545545,91672,5.9,0,0,0.0,1007,473,49,3.58,3.32,1.39,8.43,2462,5
2026-05-18 05:27:20,3.4,11.91,11.97,12.83,1545545,91681,5.9,0,0,0.0,1007,473,49,3.13,3.30,12.03,20.05,2471,7
2026-05-18 05:28:20,1.8,12.54,12.13,12.83,1545545,91697,5.9,0,0,0.0,1007,473,49,2.06,3.18,10.30,18.06,2482,4
2026-05-18 05:29:21,1.9,11.66,12.00,12.74,1545545,91695,5.9,0,0,0.0,1007,473,49,2.33,3.50,4.85,12.11,2486,5
2026-05-18 05:30:21,1.9,11.96,12.02,12.70,1545545,91725,5.9,0,0,0.0,1007,473,49,2.43,3.20,12.16,18.88,2481,3
2026-05-18 05:31:21,1.6,12.15,12.15,12.71,1545545,91689,5.9,0,0,0.0,1007,473,49,2.58,3.12,2.36,9.50,2476,1
2026-05-18 05:32:22,1.4,11.13,11.87,12.57,1545545,91693,5.9,0,0,0.0,1007,473,49,1.38,3.30,1.08,8.00,2461,7
2026-05-18 05:33:22,1.2,10.18,11.47,12.39,1545545,91694,5.9,0,0,0.0,1007,473,49,2.35,3.36,1.87,9.05,2457,5
2026-05-18 05:34:23,1.2,10.62,11.41,12.31,1545545,91704,5.9,0,0,0.0,1007,473,49,1.82,3.18,4.82,12.06,2474,3
2026-05-18 05:35:23,1.4,10.57,11.28,12.21,1545545,91722,5.9,0,0,0.0,1007,473,49,1.88,3.07,1.06,7.95,2474,1
2026-05-18 05:36:23,1.3,10.34,11.10,12.10,1545545,91713,5.9,0,0,0.0,1007,473,49,2.42,3.27,4.97,12.38,2483,4
2026-05-18 05:37:24,3.6,12.37,11.45,12.15,1545545,91730,5.9,0,0,0.0,1007,473,49,1.89,3.55,7.44,14.74,2491,5
2026-05-18 05:38:24,1.3,11.92,11.55,12.14,1545545,91700,5.9,0,0,0.0,1007,473,49,2.26,3.42,4.24,11.37,2495,4
2026-05-18 05:39:24,3.0,12.20,11.76,12.18,1545545,91759,5.9,0,0,0.0,1007,473,49,3.34,3.13,7.30,14.96,2488,6
2026-05-18 05:40:25,1.5,11.12,11.56,12.09,1545545,91749,5.9,0,0,0.0,1007,473,49,2.20,3.26,3.36,10.50,2494,6
2026-05-18 05:41:25,3.2,11.38,11.49,12.02,1545545,91750,5.9,0,0,0.0,1007,473,49,1.78,3.50,4.28,11.49,2506,5
2026-05-18 05:42:25,1.3,11.04,11.40,11.96,1545545,91597,5.9,0,0,0.0,1007,473,49,2.27,3.18,4.36,11.66,2500,3
2026-05-18 05:43:26,1.3,11.90,11.65,12.02,1545545,91606,5.9,0,0,0.0,1007,473,49,1.91,3.36,5.98,13.42,2498,6
2026-05-18 05:44:26,3.8,11.03,11.46,11.93,1545545,91644,5.9,0,0,0.0,1007,473,49,3.60,3.28,6.12,13.49,2504,3
2026-05-18 05:45:26,1.6,12.39,11.80,12.01,1545545,91619,5.9,0,0,0.0,1007,473,49,2.07,3.12,7.77,15.57,2503,6
2026-05-18 05:46:27,3.0,14.06,12.15,12.10,1545545,91618,5.9,0,0,0.0,1007,473,49,1.92,3.34,3.77,10.95,2490,5
2026-05-18 05:47:27,1.4,12.03,11.92,12.03,1545545,91612,5.9,0,0,0.0,1007,473,49,1.26,3.43,2.30,9.29,2492,1
2026-05-18 05:48:27,2.1,12.32,11.95,12.03,1545545,91625,5.9,0,0,0.0,1007,473,49,1.63,3.01,9.93,16.59,2493,3
2026-05-18 05:49:28,1.3,11.35,11.75,11.95,1545545,91628,5.9,0,0,0.0,1007,473,49,1.36,3.31,7.55,14.17,2487,7
2026-05-18 05:50:28,1.2,11.12,11.66,11.91,1545545,91642,5.9,0,0,0.0,1007,473,49,3.17,3.01,6.29,13.58,2482,1
2026-05-18 05:51:28,3.2,12.36,11.94,12.00,1545545,91652,5.9,0,0,0.0,1007,473,49,2.91,3.36,9.77,16.89,2476,7
2026-05-18 05:52:29,3.3,11.78,11.86,11.97,1545545,91637,5.9,0,0,0.0,1007,473,49,3.83,3.19,6.14,13.67,2491,1
2026-05-18 05:53:29,11.4,13.06,12.14,12.06,1545545,91654,5.9,0,0,0.0,1007,473,49,3.29,3.34,7.11,14.75,2484,22
2026-05-18 05:54:29,1.3,12.92,12.25,12.10,1545545,91642,5.9,0,0,0.0,1007,473,49,2.54,3.10,5.10,12.41,2482,2
2026-05-18 05:55:30,3.1,15.14,12.91,12.33,1545545,91681,5.9,0,0,0.0,1007,473,49,2.03,3.05,9.69,17.48,2503,8
2026-05-18 05:56:30,4.3,14.75,13.10,12.42,1545545,91672,5.9,0,0,0.0,1007,473,49,1.71,3.45,7.95,15.09,2501,6
2026-05-18 05:57:30,1.9,13.19,12.97,12.42,1545545,91675,5.9,0,0,0.0,1007,473,49,4.47,3.18,9.10,16.98,2474,1
2026-05-18 05:58:31,1.7,12.25,12.75,12.38,1545545,91632,5.9,0,0,0.0,1007,473,49,2.35,3.37,5.42,12.47,2479,4
2026-05-18 05:59:31,1.6,12.18,12.64,12.37,1545545,91661,5.9,0,0,0.0,1007,473,49,1.36,3.27,2.24,9.24,2472,6
2026-05-18 06:00:31,0.5,12.57,12.74,12.42,1545545,17769,1.1,0,0,0.0,1007,473,49,6.01,11.11,2.83,7.63,2352,1
2026-05-18 06:01:32,0.5,9.84,11.92,12.16,1545545,17591,1.1,0,0,0.0,1007,473,49,1.39,50.00,0.58,1.64,2354,1
2026-05-18 06:02:32,1.9,8.61,11.15,11.87,1545545,17567,1.1,0,0,0.0,1007,473,49,1.77,2.92,0.65,1.90,2350,1
2026-05-18 06:03:32,0.4,8.39,10.62,11.64,1545545,17556,1.1,0,0,0.0,1007,473,49,2.52,2.99,0.53,1.73,2334,2
2026-05-18 06:04:33,0.5,8.22,10.16,11.42,1545545,17571,1.1,0,0,0.0,1007,473,49,2.25,2.77,0.59,1.76,2341,3
2026-05-18 06:05:33,0.5,8.27,9.82,11.22,1545545,17569,1.1,0,0,0.0,1007,473,49,2.14,2.82,0.48,1.68,2266,1
2026-05-18 06:06:33,0.7,8.23,9.53,11.03,1545545,17571,1.1,0,0,0.0,1007,473,49,3.24,2.84,0.51,1.64,2271,1
2026-05-18 06:07:34,0.5,8.64,9.38,10.88,1545545,17579,1.1,0,0,0.0,1007,473,49,3.30,2.93,0.67,1.88,2290,1
2026-05-18 06:08:34,0.4,8.29,9.14,10.71,1545545,17570,1.1,0,0,0.0,1007,473,49,2.06,2.93,0.55,1.68,2290,1
2026-05-18 06:09:34,0.4,8.23,8.96,10.54,1545545,17588,1.1,0,0,0.0,1007,473,49,2.96,2.77,0.55,1.85,2289,1
2026-05-18 06:10:35,0.5,8.40,8.88,10.41,1545545,17602,1.1,0,0,0.0,1007,473,49,4.70,2.60,0.56,1.74,2279,1
2026-05-18 06:11:35,0.7,8.33,8.78,10.28,1545545,17733,1.1,0,0,0.0,1007,473,49,2.03,5.32,0.87,3.88,2292,1
2026-05-18 06:12:35,0.5,8.50,8.73,10.17,1545545,17748,1.1,0,0,0.0,1007,473,49,2.50,2.98,0.68,2.28,2300,1
