timestamp,cpu_percent,load_1m,load_5m,load_15m,mem_total_mb,mem_used_mb,mem_percent,swap_total_mb,swap_used_mb,swap_percent,disk_total_gb,disk_used_gb,disk_percent,disk_read_mb,disk_write_mb,net_rx_mb,net_tx_mb,procs_total,procs_running
2026-05-16 04:26:38,1.8,11.44,13.99,13.76,1545545,84222,5.4,0,0,0.0,1007,752,78,1.28,2.62,0.69,2.95,2473,4
2026-05-16 04:27:38,1.6,11.42,13.52,13.61,1545545,84031,5.4,0,0,0.0,1007,752,78,1.07,1.56,0.50,2.10,2466,4
2026-05-16 04:28:39,1.6,11.52,13.16,13.49,1545545,84006,5.4,0,0,0.0,1007,752,78,1.03,0.99,0.42,2.03,2469,2
2026-05-16 04:29:39,1.7,11.33,12.81,13.34,1545545,83925,5.4,0,0,0.0,1007,752,78,1.03,0.96,0.32,1.90,2446,4
2026-05-16 04:30:39,1.8,11.38,12.53,13.21,1545545,83950,5.4,0,0,0.0,1007,752,78,1.03,1.05,0.33,1.91,2447,2
2026-05-16 04:31:40,1.6,10.89,12.17,13.04,1545545,83936,5.4,0,0,0.0,1007,752,78,1.03,0.55,0.36,1.89,2445,5
2026-05-16 04:32:40,0.5,10.17,11.79,12.86,1545545,13997,0.9,0,0,0.0,1007,752,78,1.03,7.84,1.80,2.25,2340,1
2026-05-16 04:33:40,3.0,10.17,11.49,12.68,1545545,18015,1.2,0,0,0.0,1007,752,78,1.35,5.64,1.33,2.56,2339,3
2026-05-16 04:34:41,1.1,10.99,11.51,12.62,1545545,25703,1.7,0,0,0.0,1007,752,78,1.03,3.46,0.32,1.91,2356,17
2026-05-16 04:35:41,5.0,11.87,11.55,12.55,1545545,33844,2.2,0,0,0.0,1007,752,78,1.03,1.85,0.78,2.21,2350,12
2026-05-16 04:36:41,5.5,15.56,12.66,12.87,1545545,34113,2.2,0,0,0.0,1007,752,78,1.03,1.78,0.34,1.89,2345,9
2026-05-16 04:37:42,2.6,30.49,16.76,14.23,1545545,80041,5.2,0,0,0.0,1007,752,78,1.03,106.99,0.33,1.90,2453,6
2026-05-16 04:38:42,5.5,22.79,17.01,14.47,1545545,84089,5.4,0,0,0.0,1007,752,78,1.03,7.29,0.38,1.93,2482,10
2026-05-16 04:39:42,2.5,18.19,16.83,14.58,1545545,83827,5.4,0,0,0.0,1007,752,78,1.03,85.01,0.79,2.34,2485,4
2026-05-16 04:40:43,1.8,14.39,15.96,14.42,1545545,83813,5.4,0,0,0.0,1007,752,78,1.03,0.98,0.33,1.87,2474,9
2026-05-16 04:41:43,1.8,13.04,15.30,14.29,1545545,83821,5.4,0,0,0.0,1007,752,78,1.03,0.55,0.47,1.97,2490,4
2026-05-16 04:42:43,1.0,14.41,15.34,14.37,1545545,15064,1.0,0,0,0.0,1007,752,78,17.32,13.68,3.65,2.88,2339,2
2026-05-16 04:43:44,3.1,11.78,14.38,14.09,1545545,21050,1.4,0,0,0.0,1007,752,78,1.03,3.97,0.80,2.85,2328,4
2026-05-16 04:44:44,1.7,11.17,13.74,13.89,1545545,27894,1.8,0,0,0.0,1007,752,78,1.03,1.71,0.93,3.12,2325,3
2026-05-16 04:45:44,5.4,13.19,13.75,13.88,1545545,35319,2.3,0,0,0.0,1007,752,78,1.03,1.74,1.07,3.34,2325,11
2026-05-16 04:46:45,5.2,15.93,14.46,14.12,1545545,35664,2.3,0,0,0.0,1007,752,78,1.03,1.89,0.78,2.86,2325,6
2026-05-16 04:47:45,5.9,26.29,17.71,15.25,1545545,82149,5.3,0,0,0.0,1007,752,78,1.11,87.65,0.78,2.86,2457,13
2026-05-16 04:48:45,6.5,20.12,17.51,15.34,1545545,85754,5.5,0,0,0.0,1007,752,78,1.03,82.03,0.88,3.00,2490,10
2026-05-16 04:49:46,1.7,17.33,16.98,15.28,1545545,85541,5.5,0,0,0.0,1007,752,78,1.14,6.08,1.15,6.42,2472,7
2026-05-16 04:50:46,1.6,13.48,15.92,15.03,1545545,85533,5.5,0,0,0.0,1007,752,78,1.03,1.05,1.03,8.03,2485,5
2026-05-16 04:51:46,1.7,12.90,15.32,14.88,1545545,85536,5.5,0,0,0.0,1007,752,78,1.03,1.00,0.89,7.69,2482,4
2026-05-16 04:52:47,1.7,11.99,14.65,14.68,1545545,85545,5.5,0,0,0.0,1007,752,78,1.03,0.86,0.93,7.73,2475,3
2026-05-16 04:53:47,1.9,11.96,14.18,14.52,1545545,85560,5.5,0,0,0.0,1007,752,78,1.03,0.96,0.89,7.80,2487,2
2026-05-16 04:54:47,1.5,12.08,13.85,14.38,1545545,85534,5.5,0,0,0.0,1007,752,78,1.10,1.00,0.90,7.86,2459,3
2026-05-16 04:55:48,1.7,12.29,13.56,14.25,1545545,85537,5.5,0,0,0.0,1007,752,78,1.21,0.98,1.04,7.96,2463,4
2026-05-16 04:56:48,1.6,12.16,13.31,14.11,1545545,85538,5.5,0,0,0.0,1007,752,78,1.03,1.05,0.96,7.77,2442,2
2026-05-16 04:57:48,1.4,15.04,13.97,14.29,1545545,85597,5.5,0,0,0.0,1007,752,78,1.09,1.71,6.76,13.64,2467,5
2026-05-16 04:58:49,1.7,13.29,13.64,14.15,1545545,85558,5.5,0,0,0.0,1007,752,78,1.03,1.04,3.44,10.70,2466,4
2026-05-16 04:59:49,1.5,12.97,13.48,14.06,1545545,85550,5.5,0,0,0.0,1007,752,78,1.03,0.91,6.37,13.97,2461,2
2026-05-16 05:00:49,3.2,13.73,13.53,14.04,1545545,85586,5.5,0,0,0.0,1007,752,78,1.03,0.89,8.56,16.39,2479,6
2026-05-16 05:01:50,2.0,12.10,13.11,13.86,1545545,85564,5.5,0,0,0.0,1007,752,78,1.03,1.16,2.47,9.67,2485,4
2026-05-16 05:02:50,1.7,11.65,12.81,13.71,1545545,85576,5.5,0,0,0.0,1007,752,78,1.03,1.04,0.92,7.99,2479,2
2026-05-16 05:03:50,4.2,11.00,12.40,13.52,1545545,85601,5.5,0,0,0.0,1007,752,78,1.03,0.84,1.05,8.15,2475,4
2026-05-16 05:04:51,3.3,12.99,12.68,13.53,1545545,85581,5.5,0,0,0.0,1007,752,78,1.03,1.08,8.03,15.03,2465,4
2026-05-16 05:05:51,1.6,12.68,12.69,13.49,1545545,85560,5.5,0,0,0.0,1007,752,78,1.03,1.05,2.13,9.16,2452,3
2026-05-16 05:06:51,1.2,11.44,12.31,13.30,1545545,85593,5.5,0,0,0.0,1007,752,78,1.03,1.02,0.95,8.03,2461,3
2026-05-16 05:07:52,1.5,10.32,11.84,13.08,1545545,85588,5.5,0,0,0.0,1007,752,78,1.03,0.89,0.99,8.04,2466,1
2026-05-16 05:08:52,1.3,10.20,11.53,12.89,1545545,85589,5.5,0,0,0.0,1007,752,78,1.03,1.00,0.88,7.95,2483,6
2026-05-16 05:09:52,1.5,10.06,11.24,12.70,1545545,85575,5.5,0,0,0.0,1007,752,78,1.03,0.94,0.91,8.04,2484,2
2026-05-16 05:10:53,1.2,11.18,11.36,12.65,1545545,85582,5.5,0,0,0.0,1007,752,78,1.03,0.94,0.87,7.89,2465,3
2026-05-16 05:11:53,1.4,11.07,11.29,12.54,1545545,85594,5.5,0,0,0.0,1007,752,78,1.03,0.96,0.96,8.02,2448,2
2026-05-16 05:12:53,1.4,10.29,11.05,12.38,1545545,85601,5.5,0,0,0.0,1007,752,78,1.03,1.04,1.09,8.16,2443,3
2026-05-16 05:13:54,1.4,10.17,10.87,12.24,1545545,85580,5.5,0,0,0.0,1007,752,78,1.03,0.99,0.87,7.90,2434,3
2026-05-16 05:14:54,1.4,10.79,10.93,12.17,1545545,85581,5.5,0,0,0.0,1007,752,78,1.03,0.96,2.37,9.59,2457,5
2026-05-16 05:15:54,3.0,12.17,11.28,12.21,1545545,85619,5.5,0,0,0.0,1007,752,78,1.03,0.88,6.66,13.94,2468,10
2026-05-16 05:16:55,1.9,12.66,11.67,12.29,1545545,85600,5.5,0,0,0.0,1007,752,78,1.03,1.00,5.92,13.37,2480,2
2026-05-16 05:17:55,1.6,12.24,11.73,12.27,1545545,85612,5.5,0,0,0.0,1007,752,78,1.03,1.07,6.33,13.42,2473,3
2026-05-16 05:18:55,4.4,12.24,11.76,12.24,1545545,85612,5.5,0,0,0.0,1007,752,78,1.03,0.91,4.60,12.07,2469,11
2026-05-16 05:19:56,3.0,12.91,11.96,12.28,1545545,85599,5.5,0,0,0.0,1007,752,78,1.03,1.02,10.77,17.78,2450,4
2026-05-16 05:20:56,1.2,12.08,11.92,12.24,1545545,85572,5.5,0,0,0.0,1007,752,78,1.03,0.84,2.28,9.47,2451,1
2026-05-16 05:21:56,1.5,11.87,11.88,12.20,1545545,85610,5.5,0,0,0.0,1007,752,78,1.03,1.16,4.26,11.50,2452,3
2026-05-16 05:22:57,9.5,13.13,12.23,12.31,1545545,85635,5.5,0,0,0.0,1007,752,78,1.03,1.04,8.69,16.44,2457,6
2026-05-16 05:23:57,3.7,13.58,12.58,12.43,1545545,85628,5.5,0,0,0.0,1007,752,78,1.03,1.01,8.37,15.94,2458,5
2026-05-16 05:24:57,1.5,12.57,12.51,12.41,1545545,85601,5.5,0,0,0.0,1007,752,78,2.07,1.05,4.00,11.38,2466,1
2026-05-16 05:25:58,1.6,11.41,12.21,12.32,1545545,85610,5.5,0,0,0.0,1007,752,78,1.03,1.08,5.12,12.22,2466,2
2026-05-16 05:26:58,1.2,10.32,11.75,12.15,1545545,85661,5.5,0,0,0.0,1007,752,78,1.03,1.06,1.61,8.84,2465,1
2026-05-16 05:27:58,1.2,10.71,11.70,12.11,1545545,85647,5.5,0,0,0.0,1007,752,78,1.03,0.98,5.52,12.57,2467,7
2026-05-16 05:28:59,1.1,11.37,11.69,12.08,1545545,85630,5.5,0,0,0.0,1007,752,78,1.03,1.00,6.01,13.53,2477,2
2026-05-16 05:29:59,3.1,11.58,11.61,12.02,1545545,85655,5.5,0,0,0.0,1007,752,78,1.03,1.08,5.18,12.83,2473,6
2026-05-16 05:30:59,2.8,11.36,11.54,11.97,1545545,85652,5.5,0,0,0.0,1007,752,78,1.03,0.84,7.18,14.36,2469,16
2026-05-16 05:32:00,1.2,12.20,11.60,11.96,1545545,85685,5.5,0,0,0.0,1007,752,78,1.03,1.04,4.25,11.59,2462,6
2026-05-16 05:33:00,1.1,12.65,11.77,11.99,1545545,85676,5.5,0,0,0.0,1007,752,78,1.03,1.06,6.00,13.62,2466,6
2026-05-16 05:34:00,4.3,14.72,12.36,12.17,1545545,85704,5.5,0,0,0.0,1007,752,78,1.03,0.96,9.05,15.99,2455,5
2026-05-16 05:35:01,1.0,11.53,11.88,12.02,1545545,85692,5.5,0,0,0.0,1007,752,78,1.03,0.95,1.34,8.39,2447,6
2026-05-16 05:36:01,1.3,10.87,11.59,11.90,1545545,85705,5.5,0,0,0.0,1007,752,78,1.05,1.09,1.79,9.06,2454,2
2026-05-16 05:37:01,3.5,11.92,11.70,11.92,1545545,85744,5.5,0,0,0.0,1007,752,78,1.03,1.11,7.04,14.63,2450,5
2026-05-16 05:38:02,1.2,11.47,11.60,11.87,1545545,85746,5.5,0,0,0.0,1007,752,78,1.03,0.89,4.66,12.01,2442,1
2026-05-16 05:39:02,1.1,10.63,11.36,11.77,1545545,85732,5.5,0,0,0.0,1007,752,78,1.03,0.93,2.73,9.98,2448,5
2026-05-16 05:40:02,1.3,10.64,11.21,11.69,1545545,85738,5.5,0,0,0.0,1007,752,78,1.03,1.01,0.91,8.04,2453,3
2026-05-16 05:41:03,1.1,10.91,11.19,11.65,1545545,85739,5.5,0,0,0.0,1007,752,78,1.03,0.96,3.73,11.06,2456,2
2026-05-16 05:42:03,1.8,11.23,11.17,11.61,1545545,85786,5.6,0,0,0.0,1007,752,78,1.03,1.15,4.93,12.41,2459,4
2026-05-16 05:43:03,1.3,10.93,11.14,11.58,1545545,85763,5.5,0,0,0.0,1007,752,78,1.03,0.87,1.69,8.69,2454,2
2026-05-16 05:44:04,3.0,10.72,11.02,11.51,1545545,85761,5.5,0,0,0.0,1007,752,78,1.03,1.02,5.31,12.80,2446,4
2026-05-16 05:45:04,1.3,10.55,10.99,11.47,1545545,85747,5.5,0,0,0.0,1007,752,78,1.03,0.86,6.17,13.48,2467,4
2026-05-16 05:46:04,1.3,11.05,11.03,11.45,1545545,85778,5.6,0,0,0.0,1007,752,78,1.03,1.12,7.95,14.89,2466,5
2026-05-16 05:47:05,3.7,11.29,11.07,11.44,1545545,85812,5.6,0,0,0.0,1007,752,78,1.03,1.19,6.42,14.18,2477,7
2026-05-16 05:48:05,3.2,12.21,11.32,11.50,1545545,85831,5.6,0,0,0.0,1007,752,78,1.03,0.92,8.75,16.07,2483,4
2026-05-16 05:49:05,1.2,11.22,11.26,11.47,1545545,85805,5.6,0,0,0.0,1007,752,78,1.03,0.78,6.38,13.82,2483,2
2026-05-16 05:50:06,1.1,10.13,10.96,11.35,1545545,85789,5.6,0,0,0.0,1007,752,78,1.03,1.02,2.40,9.51,2476,1
2026-05-16 05:51:06,1.6,12.50,11.39,11.47,1545545,85826,5.6,0,0,0.0,1007,752,78,1.03,0.95,8.41,16.28,2463,4
2026-05-16 05:52:06,8.2,11.44,11.30,11.44,1545545,85830,5.6,0,0,0.0,1007,752,78,1.03,1.01,1.50,8.62,2462,20
2026-05-16 05:53:07,2.7,10.85,11.20,11.39,1545545,85843,5.6,0,0,0.0,1007,752,78,1.03,1.04,6.00,13.54,2455,4
2026-05-16 05:54:07,1.3,11.22,11.27,11.41,1545545,85816,5.6,0,0,0.0,1007,752,78,1.03,1.00,6.08,13.75,2459,2
2026-05-16 05:55:07,3.1,11.74,11.39,11.44,1545545,85820,5.6,0,0,0.0,1007,752,78,1.03,1.07,5.50,13.00,2465,4
2026-05-16 05:56:08,1.4,12.61,11.81,11.59,1545545,85834,5.6,0,0,0.0,1007,752,78,1.03,0.86,5.55,12.97,2471,2
2026-05-16 05:57:08,3.2,13.72,12.24,11.75,1545545,85868,5.6,0,0,0.0,1007,752,78,1.08,1.13,10.03,16.90,2479,7
2026-05-16 05:58:08,1.1,11.96,12.08,11.73,1545545,85855,5.6,0,0,0.0,1007,752,78,1.03,1.00,6.49,14.03,2479,1
2026-05-16 05:59:09,1.1,10.63,11.68,11.61,1545545,85828,5.6,0,0,0.0,1007,752,78,1.03,0.98,1.63,8.74,2474,2
2026-05-16 06:00:09,1.1,10.85,11.56,11.57,1545545,85819,5.6,0,0,0.0,1007,752,78,1.03,0.95,3.44,10.82,2474,1
2026-05-16 06:01:09,2.9,11.89,11.66,11.60,1545545,85858,5.6,0,0,0.0,1007,752,78,1.03,0.94,6.10,13.33,2477,6
2026-05-16 06:02:10,1.8,12.77,12.01,11.73,1545545,85860,5.6,0,0,0.0,1007,752,78,1.03,1.13,7.90,15.69,2476,1
2026-05-16 06:03:10,1.4,13.56,12.34,11.86,1545545,85867,5.6,0,0,0.0,1007,752,78,1.03,0.97,9.64,17.65,2491,4
2026-05-16 06:04:10,2.4,16.56,13.39,12.25,1545545,85845,5.6,0,0,0.0,1007,752,78,1.03,1.05,1.08,8.22,2487,5
2026-05-16 06:05:11,3.1,15.45,13.68,12.42,1545545,85866,5.6,0,0,0.0,1007,752,78,1.03,0.95,8.74,16.39,2469,10
2026-05-16 06:06:11,1.3,17.24,14.30,12.70,1545545,85863,5.6,0,0,0.0,1007,752,78,1.03,1.02,10.78,17.47,2469,3
2026-05-16 06:07:11,2.7,14.01,13.88,12.66,1545545,85907,5.6,0,0,0.0,1007,752,78,1.03,1.03,2.20,9.35,2470,6
2026-05-16 06:08:12,1.1,13.88,14.05,12.80,1545545,85907,5.6,0,0,0.0,1007,752,78,1.03,0.87,7.45,14.19,2473,3
2026-05-16 06:09:12,3.7,13.22,13.71,12.76,1545545,85896,5.6,0,0,0.0,1007,752,78,1.03,1.03,8.31,15.49,2477,5
2026-05-16 06:10:12,3.3,13.32,13.62,12.78,1545545,85915,5.6,0,0,0.0,1007,752,78,1.03,1.02,9.15,16.36,2486,9
2026-05-16 06:11:13,1.2,11.31,13.03,12.64,1545545,85894,5.6,0,0,0.0,1007,752,78,1.03,0.86,3.13,10.32,2469,4
2026-05-16 06:12:13,2.0,12.29,12.86,12.59,1545545,85948,5.6,0,0,0.0,1007,752,78,1.03,1.10,3.97,11.40,2469,7
2026-05-16 06:13:13,3.4,12.68,12.91,12.63,1545545,85953,5.6,0,0,0.0,1007,752,78,1.03,0.98,11.25,17.94,2452,7
2026-05-16 06:14:14,1.1,11.93,12.62,12.55,1545545,85898,5.6,0,0,0.0,1007,752,78,1.03,0.99,8.85,16.41,2471,1
2026-05-16 06:15:14,3.0,10.29,12.05,12.35,1545545,85928,5.6,0,0,0.0,1007,752,78,1.03,0.95,1.52,8.81,2469,6
2026-05-16 06:16:14,3.2,11.09,11.97,12.31,1545545,85931,5.6,0,0,0.0,1007,752,78,1.03,1.03,7.51,14.67,2479,6
2026-05-16 06:17:15,1.3,10.08,11.57,12.15,1545545,85940,5.6,0,0,0.0,1007,752,78,1.03,1.11,1.48,8.49,2467,6
2026-05-16 06:18:15,1.3,10.37,11.35,12.03,1545545,85982,5.6,0,0,0.0,1007,752,78,1.09,0.82,4.51,12.03,2462,1
2026-05-16 06:19:15,4.0,11.00,11.27,11.95,1545545,85977,5.6,0,0,0.0,1007,752,78,1.03,1.01,5.53,12.99,2448,9
2026-05-16 06:20:16,1.1,10.92,11.27,11.92,1545545,85963,5.6,0,0,0.0,1007,752,78,1.03,1.00,3.30,10.60,2471,3
2026-05-16 06:21:16,1.2,11.10,11.28,11.88,1545545,85963,5.6,0,0,0.0,1007,752,78,1.03,1.12,5.38,12.96,2466,1
2026-05-16 06:22:16,1.2,11.01,11.19,11.81,1545545,85985,5.6,0,0,0.0,1007,752,78,1.03,1.07,5.70,13.12,2482,1
2026-05-16 06:23:17,1.1,10.14,10.89,11.66,1545545,85979,5.6,0,0,0.0,1007,752,78,1.03,0.92,3.10,10.33,2484,6
2026-05-16 06:24:17,1.4,10.89,11.00,11.65,1545545,85950,5.6,0,0,0.0,1007,752,78,1.23,1.00,8.47,15.24,2492,1
2026-05-16 06:25:17,3.3,11.89,11.15,11.66,1545545,85985,5.6,0,0,0.0,1007,752,78,1.23,1.07,5.88,13.55,2477,8
2026-05-16 06:26:18,1.2,10.70,10.96,11.56,1545545,85963,5.6,0,0,0.0,1007,752,78,1.03,1.20,2.02,9.06,2489,2
2026-05-16 06:27:18,3.4,12.74,11.45,11.69,1545545,85994,5.6,0,0,0.0,1007,752,78,1.03,1.00,9.46,17.01,2482,7
2026-05-16 06:28:18,1.2,11.11,11.23,11.60,1545545,85982,5.6,0,0,0.0,1007,752,78,2.07,0.94,0.94,8.00,2484,3
2026-05-16 06:29:19,1.0,10.40,10.97,11.48,1545545,85957,5.6,0,0,0.0,1007,752,78,1.03,0.96,0.93,7.95,2478,5
2026-05-16 06:30:19,2.0,10.76,10.96,11.44,1545545,85997,5.6,0,0,0.0,1007,752,78,1.22,1.07,7.62,14.90,2469,2
2026-05-16 06:31:19,2.7,11.97,11.32,11.54,1545545,85985,5.6,0,0,0.0,1007,752,78,1.03,0.89,7.02,14.49,2457,7
2026-05-16 06:32:20,1.5,11.37,11.37,11.55,1545545,86017,5.6,0,0,0.0,1007,752,78,1.03,1.17,7.98,15.05,2458,3
2026-05-16 06:33:20,3.0,11.72,11.41,11.55,1545545,86044,5.6,0,0,0.0,1007,752,78,1.03,0.99,6.36,13.95,2466,7
2026-05-16 06:34:20,3.0,11.87,11.56,11.59,1545545,86014,5.6,0,0,0.0,1007,752,78,1.03,0.95,12.03,18.74,2470,9
2026-05-16 06:35:21,3.2,13.61,11.95,11.72,1545545,86031,5.6,0,0,0.0,1007,752,78,1.03,0.93,10.90,18.26,2477,7
2026-05-16 06:36:21,1.2,11.66,11.76,11.67,1545545,86023,5.6,0,0,0.0,1007,752,78,1.03,1.07,5.29,12.54,2493,9
2026-05-16 06:37:21,1.1,10.29,11.36,11.54,1545545,86033,5.6,0,0,0.0,1007,752,78,1.03,1.18,1.42,8.57,2484,4
2026-05-16 06:38:22,1.0,9.41,10.91,11.37,1545545,86049,5.6,0,0,0.0,1007,752,78,1.03,0.89,0.88,7.94,2476,1
2026-05-16 06:39:22,1.5,10.16,10.89,11.34,1545545,86010,5.6,0,0,0.0,1007,752,78,1.03,0.87,5.33,12.82,2465,1
2026-05-16 06:40:22,1.2,16.29,12.53,11.87,1545545,86027,5.6,0,0,0.0,1007,752,78,1.03,1.02,7.13,14.82,2461,1
2026-05-16 06:41:23,3.9,18.66,13.78,12.34,1545545,86049,5.6,0,0,0.0,1007,752,78,1.03,0.95,8.10,15.77,2455,8
2026-05-16 06:42:23,1.2,12.71,12.99,12.16,1545545,86052,5.6,0,0,0.0,1007,752,78,1.03,1.01,1.17,8.31,2456,2
2026-05-16 06:43:23,1.0,10.41,12.26,11.96,1545545,86056,5.6,0,0,0.0,1007,752,78,1.03,1.00,1.03,8.18,2456,1
2026-05-16 06:44:24,3.3,11.10,12.01,11.88,1545545,86060,5.6,0,0,0.0,1007,752,78,1.03,1.00,1.30,8.45,2460,5
2026-05-16 06:45:24,3.1,16.49,13.42,12.38,1545545,86049,5.6,0,0,0.0,1007,752,78,1.03,0.93,10.72,17.77,2464,6
2026-05-16 06:46:24,1.1,13.73,13.28,12.40,1545545,86037,5.6,0,0,0.0,1007,752,78,1.03,0.98,4.43,11.78,2480,1
2026-05-16 06:47:25,1.7,14.61,13.52,12.53,1545545,86060,5.6,0,0,0.0,1007,752,78,1.03,1.14,5.01,12.30,2474,2
2026-05-16 06:48:25,1.1,13.16,13.50,12.60,1545545,86070,5.6,0,0,0.0,1007,752,78,1.03,1.10,6.29,13.21,2482,3
2026-05-16 06:49:25,3.1,11.81,12.93,12.45,1545545,86054,5.6,0,0,0.0,1007,752,78,1.03,1.23,1.59,8.74,2483,4
2026-05-16 06:50:26,1.2,11.04,12.64,12.39,1545545,86046,5.6,0,0,0.0,1007,752,78,1.03,0.94,5.67,13.16,2475,7
2026-05-16 06:51:26,2.5,14.70,13.21,12.59,1545545,86076,5.6,0,0,0.0,1007,752,78,1.03,1.00,5.95,13.18,2457,4
2026-05-16 06:52:26,1.5,13.13,13.15,12.62,1545545,86095,5.6,0,0,0.0,1007,752,78,1.03,1.05,10.97,17.29,2467,3
2026-05-16 06:53:27,9.4,10.68,12.45,12.41,1545545,86115,5.6,0,0,0.0,1007,752,78,1.03,0.95,1.31,8.37,2467,7
2026-05-16 06:54:27,1.4,12.02,12.55,12.45,1545545,86084,5.6,0,0,0.0,1007,752,78,1.03,1.10,9.26,16.95,2480,7
2026-05-16 06:55:27,1.2,10.97,12.16,12.32,1545545,86083,5.6,0,0,0.0,1007,752,78,1.03,1.09,2.02,9.22,2480,8
2026-05-16 06:56:28,3.1,11.66,12.12,12.29,1545545,86124,5.6,0,0,0.0,1007,752,78,1.03,0.93,8.06,15.25,2490,7
2026-05-16 06:57:28,3.0,11.88,12.25,12.33,1545545,86161,5.6,0,0,0.0,1007,752,78,1.03,1.05,5.74,12.76,2480,10
2026-05-16 06:58:28,3.6,10.86,11.88,12.20,1545545,86165,5.6,0,0,0.0,1007,752,78,2.07,0.96,1.31,8.41,2469,11
2026-05-16 06:59:29,3.0,11.68,11.91,12.19,1545545,86150,5.6,0,0,0.0,1007,752,78,1.30,0.91,7.86,15.43,2464,5
2026-05-16 07:00:29,1.3,10.83,11.67,12.09,1545545,86111,5.6,0,0,0.0,1007,752,78,1.10,1.07,5.22,12.76,2461,9
2026-05-16 07:01:29,2.2,11.14,11.53,12.01,1545545,86182,5.6,0,0,0.0,1007,752,78,1.07,5.54,4.70,12.01,2457,5
2026-05-16 07:02:30,1.4,10.41,11.30,11.90,1545545,86180,5.6,0,0,0.0,1007,752,78,1.03,1.12,6.24,13.32,2452,6
2026-05-16 07:03:30,3.4,11.08,11.29,11.86,1545545,86219,5.6,0,0,0.0,1007,752,78,1.03,0.81,2.53,9.81,2468,5
2026-05-16 07:04:30,1.2,11.33,11.38,11.86,1545545,86176,5.6,0,0,0.0,1007,752,78,1.03,1.02,6.63,13.69,2462,9
2026-05-16 07:05:31,1.2,9.91,10.94,11.67,1545545,86174,5.6,0,0,0.0,1007,752,78,1.03,1.17,1.09,8.21,2468,1
2026-05-16 07:06:31,1.1,9.64,10.65,11.52,1545545,86172,5.6,0,0,0.0,1007,752,78,1.03,0.85,0.88,8.06,2474,3
2026-05-16 07:07:31,3.1,12.21,11.20,11.66,1545545,86225,5.6,0,0,0.0,1007,752,78,1.03,1.04,4.50,11.91,2473,5
2026-05-16 07:08:32,1.2,10.65,10.97,11.55,1545545,86210,5.6,0,0,0.0,1007,752,78,1.03,0.75,2.80,9.95,2478,1
2026-05-16 07:09:32,1.3,12.39,11.48,11.69,1545545,86173,5.6,0,0,0.0,1007,752,78,1.03,1.06,7.30,14.10,2490,8
2026-05-16 07:10:32,3.1,11.77,11.40,11.65,1545545,86208,5.6,0,0,0.0,1007,752,78,1.03,0.95,5.24,12.33,2483,25
2026-05-16 07:11:33,1.1,12.85,11.97,11.84,1545545,86195,5.6,0,0,0.0,1007,752,78,1.03,1.07,7.80,15.27,2491,6
2026-05-16 07:12:33,1.2,11.29,11.64,11.73,1545545,86211,5.6,0,0,0.0,1007,752,78,1.03,1.00,1.70,8.84,2474,1
2026-05-16 07:13:33,3.2,10.99,11.44,11.65,1545545,86242,5.6,0,0,0.0,1007,752,78,1.03,0.96,2.34,9.57,2466,4
2026-05-16 07:14:34,1.2,10.24,11.14,11.53,1545545,86208,5.6,0,0,0.0,1007,752,78,1.03,0.88,4.18,11.53,2451,1
2026-05-16 07:15:34,3.0,11.91,11.35,11.58,1545545,86209,5.6,0,0,0.0,1007,752,78,1.03,0.98,6.73,14.35,2457,11
2026-05-16 07:16:34,3.2,11.95,11.42,11.58,1545545,86226,5.6,0,0,0.0,1007,752,78,1.03,1.13,6.17,13.65,2459,6
2026-05-16 07:17:35,3.0,13.67,12.00,11.77,1545545,86256,5.6,0,0,0.0,1007,752,78,1.03,1.09,10.19,17.62,2473,9
2026-05-16 07:18:35,3.0,12.34,11.89,11.75,1545545,86255,5.6,0,0,0.0,1007,752,78,1.03,0.86,3.42,10.82,2496,11
2026-05-16 07:19:35,3.3,11.27,11.62,11.66,1545545,86236,5.6,0,0,0.0,1007,752,78,1.03,1.00,2.60,9.72,2505,9
2026-05-16 07:20:36,3.8,12.05,11.77,11.71,1545545,86241,5.6,0,0,0.0,1007,752,78,1.10,0.93,8.26,15.83,2503,5
2026-05-16 07:21:36,1.2,14.48,12.93,12.14,1545545,86218,5.6,0,0,0.0,1007,752,78,1.03,1.15,4.90,12.23,2508,2
2026-05-16 07:22:36,5.5,14.83,13.24,12.29,1545545,86264,5.6,0,0,0.0,1007,752,78,1.03,1.08,9.66,16.98,2509,23
2026-05-16 07:23:37,1.2,12.29,12.82,12.21,1545545,86257,5.6,0,0,0.0,1007,752,78,1.03,1.04,3.10,10.06,2494,2
2026-05-16 07:24:37,3.1,11.34,12.39,12.09,1545545,86249,5.6,0,0,0.0,1007,752,78,1.03,0.89,2.70,10.02,2482,6
2026-05-16 07:25:37,1.1,13.93,12.96,12.31,1545545,86238,5.6,0,0,0.0,1007,752,78,1.03,1.11,11.32,18.59,2472,1
2026-05-16 07:26:38,1.3,11.93,12.58,12.22,1545545,86233,5.6,0,0,0.0,1007,752,78,1.03,1.02,4.73,11.82,2469,3
2026-05-16 07:27:38,3.2,12.21,12.52,12.22,1545545,86277,5.6,0,0,0.0,1007,752,78,1.03,1.02,9.17,16.91,2476,5
2026-05-16 07:28:38,2.1,11.04,12.17,12.12,1545545,86251,5.6,0,0,0.0,1007,752,78,1.03,0.94,6.06,13.02,2477,1
2026-05-16 07:29:39,3.3,11.51,12.02,12.06,1545545,86278,5.6,0,0,0.0,1007,752,78,1.03,0.95,6.10,13.73,2500,5
2026-05-16 07:30:39,3.3,10.95,11.76,11.97,1545545,86269,5.6,0,0,0.0,1007,752,78,1.03,0.93,2.00,9.22,2496,10
2026-05-16 07:31:39,3.2,11.04,11.76,11.97,1545545,86268,5.6,0,0,0.0,1007,752,78,1.03,0.98,5.39,12.83,2498,5
2026-05-16 07:32:40,1.2,10.12,11.39,11.83,1545545,86265,5.6,0,0,0.0,1007,752,78,1.03,0.95,2.91,10.12,2495,7
2026-05-16 07:33:40,3.0,10.36,11.18,11.72,1545545,86306,5.6,0,0,0.0,1007,752,78,1.03,1.03,3.10,10.55,2502,4
2026-05-16 07:34:40,1.7,12.98,11.75,11.88,1545545,86268,5.6,0,0,0.0,1007,752,78,1.03,1.06,8.59,16.00,2479,8
2026-05-16 07:35:41,1.4,11.89,11.68,11.85,1545545,86258,5.6,0,0,0.0,1007,752,78,1.03,0.92,8.22,15.35,2500,5
2026-05-16 07:36:41,1.3,10.50,11.31,11.71,1545545,86261,5.6,0,0,0.0,1007,752,78,1.03,1.02,0.91,8.02,2478,5
2026-05-16 07:37:41,1.5,10.19,11.07,11.60,1545545,86290,5.6,0,0,0.0,1007,752,78,1.03,0.99,0.93,7.94,2486,6
2026-05-16 07:38:42,3.0,10.91,11.08,11.57,1545545,86319,5.6,0,0,0.0,1007,752,78,1.03,0.91,5.83,13.39,2497,5
2026-05-16 07:39:42,1.2,10.18,10.83,11.45,1545545,86265,5.6,0,0,0.0,1007,752,78,1.03,1.02,1.61,8.80,2502,1
2026-05-16 07:40:42,1.3,10.25,10.75,11.38,1545545,86274,5.6,0,0,0.0,1007,752,78,1.03,0.93,4.93,12.49,2497,3
2026-05-16 07:41:43,2.1,11.57,10.93,11.40,1545545,86297,5.6,0,0,0.0,1007,752,78,1.03,1.09,8.79,16.14,2495,5
2026-05-16 07:42:43,1.1,11.21,10.94,11.37,1545545,86299,5.6,0,0,0.0,1007,752,78,1.03,0.89,6.60,14.24,2489,5
2026-05-16 07:43:43,2.7,11.25,10.95,11.35,1545545,86324,5.6,0,0,0.0,1007,752,78,1.03,1.03,7.83,15.49,2465,6
2026-05-16 07:44:44,1.1,10.71,10.90,11.31,1545545,86281,5.6,0,0,0.0,1007,752,78,1.03,1.06,2.94,10.08,2464,5
2026-05-16 07:45:44,2.9,11.40,11.00,11.31,1545545,86306,5.6,0,0,0.0,1007,752,78,1.03,1.04,6.00,13.75,2482,7
2026-05-16 07:46:44,1.0,11.33,11.08,11.32,1545545,86293,5.6,0,0,0.0,1007,752,78,1.03,1.03,3.92,11.25,2484,2
2026-05-16 07:47:45,1.7,11.02,11.04,11.29,1545545,86350,5.6,0,0,0.0,1007,752,78,1.03,0.98,1.27,8.37,2477,8
2026-05-16 07:48:45,1.0,10.85,10.97,11.25,1545545,86361,5.6,0,0,0.0,1007,752,78,1.03,0.78,3.17,10.41,2489,3
2026-05-16 07:49:45,1.2,9.85,10.67,11.12,1545545,86319,5.6,0,0,0.0,1007,752,78,1.03,0.92,0.87,7.97,2473,5
2026-05-16 07:50:46,1.1,10.74,10.77,11.13,1545545,86315,5.6,0,0,0.0,1007,752,78,1.03,0.94,3.96,11.42,2449,4
2026-05-16 07:51:46,1.2,13.07,11.49,11.36,1545545,86341,5.6,0,0,0.0,1007,752,78,1.03,1.09,11.04,18.77,2477,3
2026-05-16 07:52:46,1.2,11.01,11.21,11.27,1545545,86340,5.6,0,0,0.0,1007,752,78,1.03,0.80,0.92,7.96,2469,2
2026-05-16 07:53:47,3.0,13.14,11.64,11.41,1545545,86366,5.6,0,0,0.0,1007,752,78,1.03,0.94,4.80,12.28,2465,8
2026-05-16 07:54:47,3.0,13.51,11.92,11.51,1545545,86342,5.6,0,0,0.0,1007,752,78,1.03,0.86,8.38,15.76,2483,4
2026-05-16 07:55:47,1.0,11.79,11.87,11.53,1545545,86338,5.6,0,0,0.0,1007,752,78,1.03,1.10,4.86,12.43,2494,6
2026-05-16 07:56:48,1.2,11.18,11.65,11.47,1545545,86338,5.6,0,0,0.0,1007,752,78,1.03,0.99,1.80,8.88,2465,3
2026-05-16 07:57:48,2.9,11.38,11.52,11.43,1545545,86381,5.6,0,0,0.0,1007,752,78,1.03,0.97,4.08,11.57,2477,5
2026-05-16 07:58:48,0.9,10.78,11.37,11.39,1545545,86350,5.6,0,0,0.0,1007,752,78,1.03,0.95,2.46,9.67,2472,1
2026-05-16 07:59:49,1.3,12.23,11.60,11.46,1545545,86335,5.6,0,0,0.0,1007,752,78,1.03,0.90,7.08,14.17,2474,4
2026-05-16 08:00:49,1.1,11.11,11.41,11.40,1545545,86333,5.6,0,0,0.0,1007,752,78,1.03,0.90,7.92,14.96,2486,2
2026-05-16 08:01:49,4.3,11.73,11.40,11.39,1545545,86349,5.6,0,0,0.0,1007,752,78,1.03,3.60,3.47,10.65,2466,8
2026-05-16 08:02:50,1.3,11.11,11.28,11.35,1545545,86366,5.6,0,0,0.0,1007,752,78,1.03,0.84,4.90,12.28,2465,5
2026-05-16 08:03:50,1.3,12.06,11.47,11.41,1545545,86354,5.6,0,0,0.0,1007,752,78,1.03,0.87,3.47,10.84,2477,3
2026-05-16 08:04:50,2.3,18.02,12.99,11.91,1545545,86371,5.6,0,0,0.0,1007,752,78,1.03,0.95,7.08,14.83,2460,2
2026-05-16 08:05:51,1.2,12.94,12.43,11.79,1545545,86342,5.6,0,0,0.0,1007,752,78,1.03,1.03,0.89,7.94,2455,3
2026-05-16 08:06:51,1.2,11.11,12.00,11.68,1545545,86355,5.6,0,0,0.0,1007,752,78,1.03,1.04,3.53,10.85,2471,4
2026-05-16 08:07:51,1.0,9.76,11.45,11.51,1545545,86373,5.6,0,0,0.0,1007,752,78,1.03,1.00,1.04,8.23,2459,4
2026-05-16 08:08:52,6.4,9.56,11.10,11.39,1545545,86366,5.6,0,0,0.0,1007,752,78,1.03,0.77,1.71,8.82,2460,11
2026-05-16 08:09:52,1.0,10.65,11.25,11.43,1545545,86354,5.6,0,0,0.0,1007,752,78,1.03,1.02,7.36,14.59,2469,9
2026-05-16 08:10:52,1.1,10.54,11.07,11.35,1545545,86360,5.6,0,0,0.0,1007,752,78,1.03,0.75,0.89,8.05,2475,3
2026-05-16 08:11:53,1.4,11.27,11.12,11.35,1545545,86395,5.6,0,0,0.0,1007,752,78,1.03,1.15,9.11,16.19,2461,4
2026-05-16 08:12:53,1.1,11.09,11.12,11.33,1545545,86373,5.6,0,0,0.0,1007,752,78,1.04,0.93,2.52,9.90,2461,8
2026-05-16 08:13:53,1.1,9.88,10.80,11.21,1545545,86349,5.6,0,0,0.0,1007,752,78,1.03,0.96,0.91,7.95,2458,6
2026-05-16 08:14:54,3.1,12.81,11.48,11.42,1545545,86385,5.6,0,0,0.0,1007,752,78,1.03,0.91,7.94,15.49,2461,6
2026-05-16 08:15:54,1.1,10.96,11.22,11.33,1545545,86357,5.6,0,0,0.0,1007,752,78,1.03,0.99,5.73,12.52,2453,3
2026-05-16 08:16:54,2.7,10.43,10.97,11.24,1545545,86394,5.6,0,0,0.0,1007,752,78,1.03,1.02,5.81,13.23,2472,5
2026-05-16 08:17:55,4.2,11.86,11.26,11.32,1545545,86402,5.6,0,0,0.0,1007,752,78,1.03,0.96,12.98,19.60,2478,3
2026-05-16 08:18:55,1.1,12.78,11.57,11.41,1545545,86383,5.6,0,0,0.0,1007,752,78,1.14,0.93,8.52,16.41,2481,1
2026-05-16 08:19:55,1.1,12.44,11.73,11.48,1545545,86373,5.6,0,0,0.0,1007,752,78,1.03,1.03,6.16,12.82,2496,8
2026-05-16 08:20:56,1.1,11.31,11.53,11.43,1545545,86387,5.6,0,0,0.0,1007,752,78,1.03,0.80,5.47,12.66,2498,2
2026-05-16 08:21:56,1.3,10.62,11.29,11.35,1545545,86403,5.6,0,0,0.0,1007,752,78,1.03,1.26,3.46,10.84,2492,2
2026-05-16 08:22:56,1.2,10.45,11.15,11.30,1545545,86398,5.6,0,0,0.0,1007,752,78,1.03,0.91,3.82,11.15,2483,2
2026-05-16 08:23:57,1.7,10.25,10.92,11.21,1545545,86398,5.6,0,0,0.0,1007,752,78,1.03,0.94,4.02,11.14,2475,6
2026-05-16 08:24:57,3.4,12.50,11.36,11.34,1545545,86386,5.6,0,0,0.0,1007,752,78,1.03,0.93,10.26,16.50,2463,5
2026-05-16 08:25:57,1.1,14.27,12.35,11.70,1545545,86371,5.6,0,0,0.0,1007,752,78,1.03,1.13,5.22,12.69,2468,7
2026-05-16 08:26:58,1.2,11.51,11.92,11.59,1545545,86399,5.6,0,0,0.0,1007,752,78,1.03,1.13,0.98,7.99,2473,2
2026-05-16 08:27:58,1.8,15.09,12.80,11.91,1545545,86420,5.6,0,0,0.0,1007,752,78,1.10,0.77,6.21,13.86,2476,5
2026-05-16 08:28:58,3.1,15.52,13.17,12.08,1545545,86399,5.6,0,0,0.0,1007,752,78,1.03,0.88,5.41,12.56,2471,4
2026-05-16 08:29:59,3.1,15.66,13.53,12.27,1545545,86403,5.6,0,0,0.0,1007,752,78,1.03,0.95,5.53,12.52,2468,16
2026-05-16 08:30:59,1.3,18.05,14.78,12.79,1545545,86415,5.6,0,0,0.0,1007,752,78,1.03,1.00,9.36,16.16,2482,5
2026-05-16 08:31:59,3.3,16.00,14.65,12.86,1545545,86452,5.6,0,0,0.0,1007,752,78,1.03,0.89,1.81,8.99,2481,4
2026-05-16 08:33:00,3.3,16.98,15.07,13.11,1545545,86463,5.6,0,0,0.0,1007,752,78,1.03,0.95,6.62,13.95,2481,5
2026-05-16 08:34:00,1.1,12.50,14.15,12.91,1545545,86426,5.6,0,0,0.0,1007,752,78,1.03,0.82,1.37,8.54,2476,1
2026-05-16 08:35:00,2.1,14.02,14.52,13.13,1545545,86432,5.6,0,0,0.0,1007,752,78,1.03,1.14,8.85,15.79,2484,1
2026-05-16 08:36:01,1.4,10.84,13.50,12.87,1545545,86450,5.6,0,0,0.0,1007,752,78,1.03,1.00,1.70,8.90,2475,2
2026-05-16 08:37:01,1.1,9.71,12.68,12.62,1545545,86444,5.6,0,0,0.0,1007,752,78,1.03,0.92,1.60,8.83,2479,14
2026-05-16 08:38:01,3.2,11.12,12.53,12.57,1545545,86470,5.6,0,0,0.0,1007,752,78,1.03,1.02,8.33,16.13,2489,4
2026-05-16 08:39:02,1.3,11.53,12.43,12.54,1545545,86432,5.6,0,0,0.0,1007,752,78,1.03,0.80,6.27,13.86,2481,5
2026-05-16 08:40:02,3.0,14.11,12.78,12.64,1545545,86445,5.6,0,0,0.0,1007,752,78,1.03,0.90,6.20,13.27,2472,5
2026-05-16 08:41:02,2.1,13.76,13.08,12.76,1545545,86424,5.6,0,0,0.0,1007,752,78,1.03,0.90,10.30,18.04,2469,4
2026-05-16 08:42:03,1.2,12.54,12.89,12.71,1545545,86455,5.6,0,0,0.0,1007,752,78,1.10,1.20,7.79,15.63,2464,6
2026-05-16 08:43:03,1.1,11.66,12.59,12.62,1545545,86441,5.6,0,0,0.0,1007,752,78,1.03,0.82,2.39,9.67,2461,1
2026-05-16 08:44:03,2.6,11.40,12.26,12.50,1545545,86442,5.6,0,0,0.0,1007,752,78,1.03,0.95,2.02,9.18,2474,11
2026-05-16 08:45:04,3.1,11.82,12.26,12.49,1545545,86452,5.6,0,0,0.0,1007,752,78,1.03,0.93,5.45,12.42,2472,18
2026-05-16 08:46:04,1.9,10.82,11.88,12.34,1545545,86462,5.6,0,0,0.0,1007,752,78,2.07,1.02,4.13,11.27,2475,4
2026-05-16 08:47:04,2.8,12.43,12.12,12.39,1545545,86472,5.6,0,0,0.0,1007,752,78,1.03,1.09,6.05,13.60,2467,5
2026-05-16 08:48:05,2.5,11.37,11.99,12.33,1545545,86462,5.6,0,0,0.0,1007,752,78,1.03,0.79,4.38,11.77,2470,5
2026-05-16 08:49:05,1.1,10.56,11.64,12.19,1545545,86434,5.6,0,0,0.0,1007,752,78,1.03,1.00,0.89,8.06,2471,4
2026-05-16 08:50:05,3.1,10.81,11.54,12.12,1545545,86451,5.6,0,0,0.0,1007,752,78,1.03,0.96,5.36,12.79,2477,8
2026-05-16 08:51:06,1.1,11.37,11.67,12.14,1545545,86433,5.6,0,0,0.0,1007,752,78,1.03,0.75,4.56,11.92,2473,4
2026-05-16 08:52:06,2.9,11.54,11.65,12.09,1545545,86494,5.6,0,0,0.0,1007,752,78,1.03,1.18,8.54,16.45,2477,4
2026-05-16 08:53:06,1.1,10.58,11.40,11.98,1545545,86473,5.6,0,0,0.0,1007,752,78,1.03,0.92,5.82,13.46,2460,3
2026-05-16 08:54:07,2.8,10.82,11.31,11.91,1545545,86476,5.6,0,0,0.0,1007,752,78,1.03,0.96,1.87,9.08,2455,11
2026-05-16 08:55:07,2.9,11.50,11.48,11.94,1545545,86477,5.6,0,0,0.0,1007,752,78,1.03,0.82,9.18,16.63,2456,4
2026-05-16 08:56:07,1.8,14.15,12.18,12.15,1545545,86489,5.6,0,0,0.0,1007,752,78,1.03,1.00,7.55,15.26,2461,3
2026-05-16 08:57:08,1.6,12.51,12.15,12.14,1545545,86501,5.6,0,0,0.0,1007,752,78,1.03,1.11,7.62,15.36,2448,5
2026-05-16 08:58:08,3.0,13.75,12.53,12.27,1545545,86515,5.6,0,0,0.0,1007,752,78,1.03,0.92,7.10,14.19,2456,7
2026-05-16 08:59:08,1.1,11.54,12.15,12.16,1545545,86476,5.6,0,0,0.0,1007,752,78,1.03,0.90,2.76,9.71,2463,6
2026-05-16 09:00:09,3.2,12.47,12.21,12.17,1545545,86498,5.6,0,0,0.0,1007,752,78,1.03,0.91,7.58,14.67,2458,7
2026-05-16 09:01:09,1.7,13.72,12.51,12.27,1545545,86502,5.6,0,0,0.0,1007,752,78,1.03,1.02,9.14,15.90,2466,2
2026-05-16 09:02:09,1.6,11.06,11.96,12.10,1545545,86494,5.6,0,0,0.0,1007,752,78,1.03,1.09,1.75,8.71,2475,1
2026-05-16 09:03:10,2.0,12.05,12.08,12.13,1545545,86536,5.6,0,0,0.0,1007,752,78,1.03,0.93,6.12,13.56,2479,3
2026-05-16 09:04:10,1.2,11.40,11.90,12.06,1545545,86496,5.6,0,0,0.0,1007,752,78,1.03,0.97,7.67,15.48,2484,2
2026-05-16 09:05:10,3.5,11.10,11.68,11.97,1545545,86513,5.6,0,0,0.0,1007,752,78,1.03,1.01,4.57,11.65,2472,4
2026-05-16 09:06:11,1.0,10.76,11.54,11.91,1545545,86500,5.6,0,0,0.0,1007,752,78,1.03,0.85,3.72,10.95,2478,6
2026-05-16 09:07:11,1.3,11.20,11.45,11.85,1545545,86525,5.6,0,0,0.0,1007,752,78,1.03,1.07,5.33,12.85,2488,13
2026-05-16 09:08:11,1.0,10.31,11.22,11.75,1545545,86518,5.6,0,0,0.0,1007,752,78,1.03,0.98,3.13,10.38,2479,1
2026-05-16 09:09:12,3.2,11.55,11.40,11.78,1545545,86519,5.6,0,0,0.0,1007,752,78,1.03,0.84,10.70,18.11,2469,9
2026-05-16 09:10:12,1.7,11.92,11.58,11.82,1545545,86511,5.6,0,0,0.0,1007,752,78,1.03,1.02,8.25,15.49,2475,3
2026-05-16 09:11:12,3.3,11.47,11.48,11.77,1545545,86518,5.6,0,0,0.0,1007,752,78,1.03,0.91,7.76,15.56,2468,5
2026-05-16 09:12:13,1.0,11.01,11.35,11.70,1545545,86524,5.6,0,0,0.0,1007,752,78,1.03,1.05,5.29,12.02,2464,1
2026-05-16 09:13:13,1.2,9.74,10.90,11.52,1545545,86537,5.6,0,0,0.0,1007,752,78,1.03,0.85,0.93,8.05,2467,1
2026-05-16 09:14:13,1.2,9.47,10.64,11.40,1545545,86510,5.6,0,0,0.0,1007,752,78,1.03,0.98,3.18,10.44,2479,3
2026-05-16 09:15:14,1.1,9.85,10.53,11.31,1545545,86511,5.6,0,0,0.0,1007,752,78,1.03,1.09,3.15,10.53,2479,4
2026-05-16 09:16:14,3.3,13.64,11.37,11.54,1545545,86534,5.6,0,0,0.0,1007,752,78,1.03,0.85,9.33,16.57,2486,7
2026-05-16 09:17:14,3.1,13.41,11.79,11.68,1545545,86576,5.6,0,0,0.0,1007,752,78,1.03,1.06,10.65,18.38,2484,5
2026-05-16 09:18:15,3.5,13.63,12.21,11.83,1545545,86582,5.6,0,0,0.0,1007,752,78,1.03,0.95,12.12,18.61,2473,5
2026-05-16 09:19:15,3.2,13.25,12.37,11.92,1545545,86556,5.6,0,0,0.0,1007,752,78,1.03,0.90,9.09,16.93,2473,9
2026-05-16 09:20:15,1.1,12.90,12.43,11.96,1545545,86556,5.6,0,0,0.0,1007,752,78,1.03,0.89,8.53,15.78,2484,5
2026-05-16 09:21:16,1.0,11.10,12.03,11.86,1545545,86554,5.6,0,0,0.0,1007,752,78,1.03,0.96,0.90,7.95,2470,4
2026-05-16 09:22:16,1.9,11.51,11.92,11.83,1545545,86592,5.6,0,0,0.0,1007,752,78,1.03,1.16,4.34,11.83,2472,3
2026-05-16 09:23:16,3.1,12.24,12.04,11.87,1545545,86596,5.6,0,0,0.0,1007,752,78,1.03,0.84,10.99,18.53,2492,8
2026-05-16 09:24:17,1.1,10.51,11.58,11.72,1545545,86549,5.6,0,0,0.0,1007,752,78,1.03,0.93,1.93,9.03,2486,6
2026-05-16 09:25:17,1.1,12.80,12.07,11.89,1545545,86567,5.6,0,0,0.0,1007,752,78,1.03,1.06,9.30,17.39,2476,3
2026-05-16 09:26:17,1.6,11.28,11.79,11.80,1545545,86553,5.6,0,0,0.0,1007,752,78,1.03,1.18,3.60,11.00,2480,1
2026-05-16 09:27:18,2.3,12.54,11.98,11.86,1545545,86599,5.6,0,0,0.0,1007,752,78,1.03,1.08,5.98,13.41,2482,6
2026-05-16 09:28:18,1.7,12.32,11.96,11.86,1545545,86607,5.6,0,0,0.0,1007,752,78,1.03,0.87,10.17,17.23,2476,12
2026-05-16 09:29:18,3.1,12.17,11.96,11.86,1545545,86591,5.6,0,0,0.0,1007,752,78,1.03,0.91,9.54,16.71,2465,8
2026-05-16 09:30:19,2.9,14.68,12.69,12.12,1545545,86592,5.6,0,0,0.0,1007,752,78,1.03,0.98,11.67,18.46,2477,28
2026-05-16 09:31:19,1.1,13.42,12.71,12.16,1545545,86597,5.6,0,0,0.0,1007,752,78,1.03,0.90,8.39,15.45,2478,2
2026-05-16 09:32:19,1.4,12.55,12.55,12.14,1545545,86591,5.6,0,0,0.0,1007,752,78,1.14,1.09,2.74,9.96,2471,4
2026-05-16 09:33:20,3.1,12.17,12.41,12.12,1545545,86613,5.6,0,0,0.0,1007,752,78,1.03,0.91,4.80,12.27,2464,4
2026-05-16 09:34:20,1.2,10.69,11.95,11.97,1545545,86561,5.6,0,0,0.0,1007,752,78,1.03,0.89,1.01,8.13,2455,5
2026-05-16 09:35:20,1.1,11.07,11.86,11.94,1545545,86567,5.6,0,0,0.0,1007,752,78,1.03,0.88,0.92,7.99,2440,2
2026-05-16 09:36:21,1.1,10.38,11.53,11.82,1545545,86572,5.6,0,0,0.0,1007,752,78,1.03,1.05,0.91,7.97,2448,2
2026-05-16 09:37:21,1.1,10.43,11.34,11.74,1545545,86598,5.6,0,0,0.0,1007,752,78,1.03,0.92,1.06,8.31,2456,2
2026-05-16 09:38:21,1.2,11.39,11.47,11.76,1545545,86610,5.6,0,0,0.0,1007,752,78,1.03,0.96,9.55,16.99,2466,1
2026-05-16 09:39:22,3.2,12.20,11.59,11.78,1545545,86597,5.6,0,0,0.0,1007,752,78,1.04,0.86,3.84,11.04,2477,5
2026-05-16 09:40:22,2.0,10.18,11.11,11.60,1545545,86582,5.6,0,0,0.0,1007,752,78,1.03,0.93,2.93,10.01,2487,4
2026-05-16 09:41:22,3.1,12.28,11.58,11.73,1545545,86606,5.6,0,0,0.0,1007,752,78,1.03,0.75,9.90,16.71,2491,5
2026-05-16 09:42:23,3.0,11.50,11.53,11.71,1545545,86631,5.6,0,0,0.0,1007,752,78,1.03,1.20,7.81,15.64,2491,10
2026-05-16 09:43:23,1.0,10.45,11.30,11.62,1545545,86604,5.6,0,0,0.0,1007,752,78,1.03,0.94,6.71,13.88,2482,6
2026-05-16 09:44:23,1.0,9.71,10.95,11.48,1545545,86587,5.6,0,0,0.0,1007,752,78,1.03,0.83,1.27,8.35,2476,5
2026-05-16 09:45:24,1.1,10.30,10.88,11.42,1545545,86585,5.6,0,0,0.0,1007,752,78,1.03,0.96,4.52,11.97,2473,4
2026-05-16 09:46:24,1.2,9.53,10.55,11.27,1545545,86577,5.6,0,0,0.0,1007,752,78,1.03,0.95,0.90,8.02,2460,5
2026-05-16 09:47:24,1.2,10.08,10.57,11.24,1545545,86612,5.6,0,0,0.0,1007,752,78,1.37,1.11,6.02,13.59,2458,5
2026-05-16 09:48:25,2.3,11.52,10.83,11.28,1545545,86639,5.6,0,0,0.0,1007,752,78,1.09,0.88,5.45,13.03,2462,1
2026-05-16 09:49:25,1.1,18.41,12.31,11.72,1545545,86589,5.6,0,0,0.0,1007,752,78,1.09,0.93,0.91,8.02,2454,2
2026-05-16 09:50:25,2.6,17.75,13.81,12.32,1545545,86611,5.6,0,0,0.0,1007,752,78,1.03,0.95,4.42,11.49,2458,4
2026-05-16 09:51:26,3.0,13.74,13.40,12.27,1545545,86613,5.6,0,0,0.0,1007,752,78,1.03,0.84,5.70,12.62,2463,7
2026-05-16 09:52:26,1.3,12.64,13.08,12.23,1545545,86634,5.6,0,0,0.0,1007,752,78,1.48,1.13,7.90,15.58,2468,5
2026-05-16 09:53:26,1.2,12.26,12.86,12.20,1545545,86627,5.6,0,0,0.0,1007,752,78,1.38,1.02,4.71,12.23,2460,5
2026-05-16 09:54:27,9.4,12.27,12.77,12.21,1545545,86623,5.6,0,0,0.0,1007,752,78,1.06,0.93,9.54,16.48,2477,3
2026-05-16 09:55:27,1.1,10.84,12.33,12.10,1545545,86610,5.6,0,0,0.0,1007,752,78,1.03,0.87,5.07,12.26,2477,6
2026-05-16 09:56:27,1.2,10.79,12.08,12.03,1545545,86618,5.6,0,0,0.0,1007,752,78,1.03,0.95,5.35,12.90,2468,1
2026-05-16 09:57:28,1.9,10.81,11.88,11.96,1545545,86649,5.6,0,0,0.0,1007,752,78,1.03,1.11,5.32,12.81,2470,2
2026-05-16 09:58:28,3.5,10.32,11.53,11.83,1545545,86667,5.6,0,0,0.0,1007,752,78,1.03,0.96,7.49,15.33,2483,5
2026-05-16 09:59:28,1.8,9.98,11.26,11.72,1545545,86616,5.6,0,0,0.0,1007,752,78,2.07,0.96,2.15,9.36,2473,2
2026-05-16 10:00:29,3.1,11.42,11.53,11.79,1545545,86630,5.6,0,0,0.0,1007,752,78,1.03,0.93,8.46,15.98,2475,5
2026-05-16 10:01:29,1.3,11.46,11.50,11.76,1545545,86659,5.6,0,0,0.0,1007,752,78,0.00,0.84,7.07,14.78,2484,1
2026-05-16 10:02:29,1.5,10.34,11.16,11.63,1545545,86676,5.6,0,0,0.0,1007,752,78,2.07,1.04,1.28,8.38,2472,8
2026-05-16 10:03:30,3.4,10.70,11.11,11.58,1545545,86713,5.6,0,0,0.0,1007,752,78,1.03,1.02,6.50,14.10,2472,7
2026-05-16 10:04:30,1.3,10.72,11.04,11.53,1545545,86647,5.6,0,0,0.0,1007,752,78,1.03,1.07,5.34,12.93,2466,5
2026-05-16 10:05:30,4.5,10.82,10.94,11.46,1545545,86676,5.6,0,0,0.0,1007,752,78,1.11,0.88,7.50,15.40,2456,4
2026-05-16 10:06:31,3.2,11.11,11.06,11.47,1545545,86677,5.6,0,0,0.0,1007,752,78,1.03,0.97,10.14,18.07,2458,5
2026-05-16 10:07:31,3.8,13.48,11.81,11.70,1545545,86714,5.6,0,0,0.0,1007,752,78,1.03,1.07,12.48,20.56,2477,8
2026-05-16 10:08:31,3.1,14.67,12.43,11.92,1545545,86715,5.6,0,0,0.0,1007,752,78,1.03,0.96,12.02,19.85,2459,4
2026-05-16 10:09:32,3.0,14.73,12.73,12.05,1545545,86690,5.6,0,0,0.0,1007,752,78,1.03,0.84,12.15,19.47,2476,7
2026-05-16 10:10:32,2.7,14.28,12.97,12.18,1545545,86676,5.6,0,0,0.0,1007,752,78,1.03,1.05,12.17,19.67,2482,5
2026-05-16 10:11:32,3.0,15.87,13.55,12.42,1545545,86690,5.6,0,0,0.0,1007,752,78,1.03,1.02,11.96,18.77,2473,4
2026-05-16 10:12:33,3.3,14.20,13.54,12.49,1545545,86721,5.6,0,0,0.0,1007,752,78,1.03,0.88,12.18,19.61,2474,4
2026-05-16 10:13:33,3.1,15.92,14.07,12.73,1545545,86729,5.6,0,0,0.0,1007,752,78,1.03,0.98,11.69,19.83,2483,6
2026-05-16 10:14:33,3.0,20.99,15.66,13.35,1545545,86703,5.6,0,0,0.0,1007,752,78,1.03,0.88,11.83,18.83,2492,7
2026-05-16 10:15:34,3.1,18.28,15.81,13.55,1545545,86701,5.6,0,0,0.0,1007,752,78,1.03,0.96,12.15,19.38,2489,9
2026-05-16 10:16:34,2.9,17.01,15.72,13.65,1545545,86706,5.6,0,0,0.0,1007,752,78,1.03,1.06,11.88,19.91,2487,5
2026-05-16 10:17:34,2.9,15.25,15.56,13.73,1545545,86729,5.6,0,0,0.0,1007,752,78,1.03,1.05,11.73,19.50,2476,6
2026-05-16 10:18:35,3.3,15.46,15.74,13.92,1545545,86726,5.6,0,0,0.0,1007,752,78,1.03,0.92,11.92,19.40,2468,7
2026-05-16 10:19:35,2.9,14.89,15.49,13.95,1545545,86720,5.6,0,0,0.0,1007,752,78,1.03,0.86,11.77,19.63,2455,8
2026-05-16 10:20:35,2.9,16.19,15.72,14.12,1545545,86713,5.6,0,0,0.0,1007,752,78,1.03,0.90,11.50,19.25,2463,10
2026-05-16 10:21:36,2.8,14.84,15.45,14.13,1545545,86718,5.6,0,0,0.0,1007,752,78,1.03,1.13,11.87,19.80,2464,5
2026-05-16 10:22:36,3.4,14.93,15.45,14.22,1545545,86731,5.6,0,0,0.0,1007,752,78,1.03,0.98,11.82,19.22,2484,4
2026-05-16 10:23:36,3.1,15.52,15.42,14.28,1545545,86745,5.6,0,0,0.0,1007,752,78,1.03,0.97,11.81,19.26,2491,6
2026-05-16 10:24:37,3.1,14.59,15.19,14.27,1545545,86715,5.6,0,0,0.0,1007,752,78,1.03,0.97,11.76,19.09,2508,7
2026-05-16 10:25:37,2.9,13.47,14.80,14.20,1545545,86702,5.6,0,0,0.0,1007,752,78,1.03,0.94,11.68,19.47,2497,8
2026-05-16 10:26:37,3.3,12.70,14.35,14.08,1545545,86713,5.6,0,0,0.0,1007,752,78,1.03,1.21,11.55,19.80,2506,4
2026-05-16 10:27:38,3.3,13.87,14.35,14.09,1545545,86732,5.6,0,0,0.0,1007,752,78,1.03,1.03,12.18,19.45,2486,8
2026-05-16 10:28:38,3.3,15.00,14.57,14.18,1545545,86744,5.6,0,0,0.0,1007,752,78,1.03,0.86,11.52,18.74,2480,7
2026-05-16 10:29:38,3.1,14.06,14.37,14.14,1545545,86715,5.6,0,0,0.0,1007,752,78,1.03,0.89,11.64,19.34,2487,3
2026-05-16 10:30:39,3.1,13.89,14.33,14.14,1545545,86723,5.6,0,0,0.0,1007,752,78,1.03,0.84,11.44,19.29,2467,8
2026-05-16 10:31:39,2.8,20.81,16.29,14.83,1545545,86719,5.6,0,0,0.0,1007,752,78,1.03,1.12,11.47,19.67,2466,8
2026-05-16 10:32:39,3.6,16.44,15.82,14.75,1545545,86747,5.6,0,0,0.0,1007,752,78,1.03,0.95,11.76,19.68,2480,5
2026-05-16 10:33:40,3.2,19.91,16.91,15.19,1545545,86738,5.6,0,0,0.0,1007,752,78,1.03,1.01,11.54,18.63,2482,24
2026-05-16 10:34:40,3.4,15.90,16.24,15.06,1545545,86725,5.6,0,0,0.0,1007,752,78,1.03,1.01,11.63,19.69,2464,6
2026-05-16 10:35:41,3.2,15.48,16.05,15.07,1545545,86726,5.6,0,0,0.0,1007,752,78,1.03,1.04,11.54,19.43,2471,5
2026-05-16 10:36:41,2.7,14.27,15.61,14.98,1545545,86732,5.6,0,0,0.0,1007,752,78,1.06,0.86,11.82,19.38,2479,6
2026-05-16 10:37:41,3.2,14.81,15.47,14.96,1545545,86758,5.6,0,0,0.0,1007,752,78,1.03,0.95,11.49,19.75,2464,7
2026-05-16 10:38:42,3.4,14.58,15.35,14.96,1545545,86767,5.6,0,0,0.0,1007,752,78,1.03,0.97,11.61,19.92,2453,4
2026-05-16 10:39:42,3.8,15.64,15.42,15.00,1545545,86736,5.6,0,0,0.0,1007,752,78,1.03,1.00,11.52,18.90,2473,5
2026-05-16 10:40:42,3.1,14.94,15.31,15.00,1545545,86727,5.6,0,0,0.0,1007,752,78,1.03,0.89,11.68,19.05,2467,4
2026-05-16 10:41:43,3.2,14.79,15.18,14.97,1545545,86733,5.6,0,0,0.0,1007,752,78,1.03,1.02,11.56,19.79,2458,4
2026-05-16 10:42:43,3.1,14.93,15.14,14.97,1545545,86755,5.6,0,0,0.0,1007,752,78,1.03,0.94,11.70,19.14,2482,4
2026-05-16 10:43:43,2.9,15.03,15.11,14.97,1545545,86761,5.6,0,0,0.0,1007,752,78,1.03,1.04,11.50,19.31,2476,5
2026-05-16 10:44:44,3.1,17.65,15.73,15.18,1545545,86725,5.6,0,0,0.0,1007,752,78,1.03,0.95,11.68,18.57,2462,6
2026-05-16 10:45:44,4.2,15.64,15.47,15.12,1545545,86727,5.6,0,0,0.0,1007,752,78,1.03,1.01,11.48,19.02,2484,6
2026-05-16 10:46:44,3.2,13.85,15.00,14.98,1545545,86749,5.6,0,0,0.0,1007,752,78,1.06,1.07,11.70,19.23,2481,4
2026-05-16 10:47:45,3.1,13.77,14.72,14.88,1545545,86784,5.6,0,0,0.0,1007,752,78,1.03,0.91,11.40,19.60,2473,6
2026-05-16 10:48:45,3.4,13.67,14.51,14.80,1545545,86799,5.6,0,0,0.0,1007,752,78,1.03,0.99,11.44,18.84,2477,5
2026-05-16 10:49:45,3.0,16.57,15.26,15.04,1545545,86770,5.6,0,0,0.0,1007,752,78,1.03,1.00,11.57,19.57,2474,5
2026-05-16 10:50:46,2.9,14.51,14.95,14.95,1545545,86767,5.6,0,0,0.0,1007,752,78,1.03,1.02,11.27,18.87,2463,5
2026-05-16 10:51:46,2.8,13.83,14.66,14.85,1545545,86770,5.6,0,0,0.0,1007,752,78,1.03,0.93,11.57,18.76,2464,5
2026-05-16 10:52:46,3.2,14.36,14.60,14.81,1545545,86790,5.6,0,0,0.0,1007,752,78,1.13,0.92,11.55,19.34,2458,4
2026-05-16 10:53:47,3.1,13.79,14.37,14.72,1545545,86792,5.6,0,0,0.0,1007,752,78,1.03,1.00,11.52,19.04,2448,5
2026-05-16 10:54:47,2.9,13.40,14.14,14.61,1545545,86769,5.6,0,0,0.0,1007,752,78,1.03,1.03,11.61,19.44,2449,4
2026-05-16 10:55:47,3.1,14.91,14.43,14.68,1545545,86770,5.6,0,0,0.0,1007,752,78,1.03,1.09,11.52,19.70,2460,7
2026-05-16 10:56:48,2.8,14.84,14.55,14.71,1545545,86778,5.6,0,0,0.0,1007,752,78,1.03,1.09,11.22,18.90,2469,6
2026-05-16 10:57:48,2.8,14.21,14.42,14.66,1545545,86803,5.6,0,0,0.0,1007,752,78,1.03,1.06,11.32,19.04,2469,4
2026-05-16 10:58:48,3.1,14.31,14.42,14.64,1545545,86793,5.6,0,0,0.0,1007,752,78,1.03,0.90,11.87,19.11,2481,4
2026-05-16 10:59:49,3.1,14.03,14.31,14.59,1545545,86784,5.6,0,0,0.0,1007,752,78,1.03,0.98,11.36,19.58,2482,4
2026-05-16 11:00:49,3.1,13.28,14.10,14.50,1545545,86792,5.6,0,0,0.0,1007,752,78,1.03,0.98,11.59,19.85,2480,5
2026-05-16 11:01:49,2.9,14.31,14.32,14.55,1545545,86783,5.6,0,0,0.0,1007,752,78,1.03,3.29,11.54,19.20,2484,4
2026-05-16 11:02:50,3.5,14.44,14.41,14.57,1545545,86802,5.6,0,0,0.0,1007,752,78,1.03,0.84,11.54,18.81,2481,7
2026-05-16 11:03:50,3.1,15.64,14.61,14.62,1545545,86812,5.6,0,0,0.0,1007,752,78,1.03,0.88,11.32,19.50,2480,25
2026-05-16 11:04:50,3.0,15.70,14.81,14.69,1545545,86785,5.6,0,0,0.0,1007,752,78,1.03,1.00,11.30,19.39,2476,8
2026-05-16 11:05:51,3.0,14.11,14.50,14.59,1545545,86770,5.6,0,0,0.0,1007,752,78,1.03,0.95,11.34,19.01,2471,8
2026-05-16 11:06:51,3.0,14.95,14.61,14.62,1545545,86778,5.6,0,0,0.0,1007,752,78,1.03,1.02,11.39,18.81,2478,12
2026-05-16 11:07:51,3.2,14.64,14.56,14.60,1545545,86813,5.6,0,0,0.0,1007,752,78,1.03,0.98,11.17,19.03,2475,6
2026-05-16 11:08:52,10.3,13.16,14.16,14.46,1545545,86798,5.6,0,0,0.0,1007,752,78,1.03,0.93,11.75,18.55,2476,19
2026-05-16 11:09:52,3.0,13.85,14.25,14.47,1545545,86796,5.6,0,0,0.0,1007,752,78,1.03,0.94,11.35,19.57,2490,7
2026-05-16 11:10:52,3.4,13.22,13.97,14.36,1545545,86785,5.6,0,0,0.0,1007,752,78,1.03,0.84,11.40,19.66,2497,5
2026-05-16 11:11:53,3.1,14.52,14.18,14.40,1545545,86808,5.6,0,0,0.0,1007,752,78,1.03,1.08,11.50,19.69,2479,6
2026-05-16 11:12:53,3.2,14.86,14.41,14.47,1545545,86825,5.6,0,0,0.0,1007,752,78,1.03,0.99,11.47,19.70,2481,4
2026-05-16 11:13:53,3.0,14.71,14.51,14.50,1545545,86793,5.6,0,0,0.0,1007,752,78,1.03,0.84,11.20,19.26,2484,7
2026-05-16 11:14:54,3.3,15.72,14.83,14.61,1545545,86795,5.6,0,0,0.0,1007,752,78,1.03,0.88,11.27,19.34,2472,5
2026-05-16 11:15:54,3.0,17.83,15.56,14.87,1545545,86813,5.6,0,0,0.0,1007,752,78,1.03,1.10,11.11,18.92,2465,6
2026-05-16 11:16:54,3.1,17.64,15.86,15.02,1545545,86815,5.6,0,0,0.0,1007,752,78,1.03,1.03,11.51,18.76,2476,4
2026-05-16 11:17:55,2.8,15.81,15.58,14.97,1545545,86840,5.6,0,0,0.0,1007,752,78,1.03,1.06,11.70,19.53,2486,6
2026-05-16 11:18:55,3.5,16.91,15.81,15.08,1545545,86798,5.6,0,0,0.0,1007,752,78,1.03,0.80,11.51,19.16,2485,4
2026-05-16 11:19:55,3.0,17.08,16.14,15.25,1545545,86808,5.6,0,0,0.0,1007,752,78,1.03,1.00,11.52,19.27,2487,5
2026-05-16 11:20:56,2.9,14.79,15.75,15.17,1545545,86820,5.6,0,0,0.0,1007,752,78,1.03,0.86,11.50,19.21,2487,17
2026-05-16 11:21:56,2.9,15.49,15.88,15.26,1545545,86841,5.6,0,0,0.0,1007,752,78,1.03,1.13,11.13,18.61,2478,6
2026-05-16 11:22:56,3.3,15.71,15.93,15.32,1545545,86841,5.6,0,0,0.0,1007,752,78,1.03,1.04,11.72,19.20,2464,4
2026-05-16 11:23:57,3.1,14.17,15.51,15.22,1545545,86819,5.6,0,0,0.0,1007,752,78,1.03,1.11,11.80,19.34,2462,6
2026-05-16 11:24:57,3.1,14.63,15.32,15.16,1545545,86833,5.6,0,0,0.0,1007,752,78,1.03,0.94,11.28,18.89,2464,5
2026-05-16 11:25:57,2.9,14.25,15.18,15.13,1545545,86835,5.6,0,0,0.0,1007,752,78,1.03,1.01,11.88,18.79,2475,6
2026-05-16 11:26:58,3.1,17.27,15.65,15.28,1545545,86865,5.6,0,0,0.0,1007,752,78,1.03,1.07,11.37,19.60,2471,4
2026-05-16 11:27:58,4.1,15.82,15.64,15.31,1545545,86871,5.6,0,0,0.0,1007,752,78,1.03,0.95,11.21,19.41,2458,5
2026-05-16 11:28:58,2.7,14.99,15.36,15.23,1545545,86837,5.6,0,0,0.0,1007,752,78,1.03,0.81,11.44,19.45,2470,5
2026-05-16 11:29:59,3.1,15.41,15.37,15.24,1545545,86838,5.6,0,0,0.0,1007,752,78,1.03,1.05,11.27,19.44,2463,5
2026-05-16 11:30:59,2.8,15.38,15.33,15.23,1545545,86828,5.6,0,0,0.0,1007,752,78,1.03,0.87,11.22,18.71,2454,5
2026-05-16 11:31:59,3.1,16.16,15.44,15.26,1545545,86845,5.6,0,0,0.0,1007,752,78,1.03,1.15,11.68,19.05,2473,8
2026-05-16 11:33:00,3.4,15.72,15.43,15.27,1545545,86861,5.6,0,0,0.0,1007,752,78,1.03,0.76,11.44,19.40,2470,17
2026-05-16 11:34:00,3.2,15.75,15.42,15.27,1545545,86843,5.6,0,0,0.0,1007,752,78,1.03,0.95,11.44,19.32,2470,13
2026-05-16 11:35:00,3.1,18.91,16.91,15.83,1545545,86838,5.6,0,0,0.0,1007,752,78,1.03,1.00,11.42,19.74,2472,11
2026-05-16 11:36:01,3.8,16.02,16.49,15.76,1545545,86852,5.6,0,0,0.0,1007,752,78,1.03,1.06,11.26,19.33,2485,12
2026-05-16 11:37:01,3.4,15.24,16.22,15.71,1545545,86869,5.6,0,0,0.0,1007,752,78,1.03,0.98,11.27,18.96,2470,26
2026-05-16 11:38:01,5.1,15.21,16.00,15.67,1545545,86869,5.6,0,0,0.0,1007,752,78,1.03,0.97,11.54,19.00,2482,4
2026-05-16 11:39:02,4.4,15.77,15.88,15.64,1545545,86844,5.6,0,0,0.0,1007,752,78,1.03,0.77,11.22,19.21,2476,10
2026-05-16 11:40:02,3.3,14.98,15.57,15.54,1545545,86842,5.6,0,0,0.0,1007,752,78,1.03,1.03,11.59,19.15,2476,5
2026-05-16 11:41:02,3.0,18.12,16.47,15.85,1545545,86837,5.6,0,0,0.0,1007,752,78,1.03,0.98,11.54,19.42,2454,6
2026-05-16 11:42:03,3.0,16.93,16.44,15.88,1545545,86863,5.6,0,0,0.0,1007,752,78,1.03,1.04,11.77,19.10,2446,6
2026-05-16 11:43:03,3.1,15.33,16.09,15.80,1545545,86874,5.6,0,0,0.0,1007,752,78,1.03,0.90,11.23,19.28,2462,4
2026-05-16 11:44:03,2.6,15.68,15.92,15.75,1545545,86853,5.6,0,0,0.0,1007,752,78,1.03,1.02,11.53,19.09,2461,3
2026-05-16 11:45:04,3.0,15.16,15.77,15.71,1545545,86852,5.6,0,0,0.0,1007,752,78,1.03,1.06,11.37,18.96,2453,4
2026-05-16 11:46:04,3.0,14.98,15.66,15.68,1545545,86847,5.6,0,0,0.0,1007,752,78,1.03,0.97,11.76,19.12,2464,9
2026-05-16 11:47:04,2.8,14.71,15.44,15.60,1545545,86868,5.6,0,0,0.0,1007,752,78,1.03,1.06,11.29,19.23,2475,4
2026-05-16 11:48:05,3.4,15.12,15.53,15.62,1545545,86918,5.6,0,0,0.0,1007,752,78,1.03,0.81,11.27,19.26,2458,3
2026-05-16 11:49:05,3.4,15.13,15.53,15.62,1545545,86866,5.6,0,0,0.0,1007,752,78,1.03,0.95,11.27,18.97,2466,5
2026-05-16 11:50:05,3.0,15.46,15.52,15.61,1545545,86849,5.6,0,0,0.0,1007,752,78,1.03,1.01,11.26,19.29,2473,4
2026-05-16 11:51:06,2.9,16.97,16.06,15.80,1545545,86855,5.6,0,0,0.0,1007,752,78,1.03,0.84,11.04,18.72,2473,8
2026-05-16 11:52:06,4.3,15.73,15.84,15.74,1545545,86889,5.6,0,0,0.0,1007,752,78,1.03,1.08,11.47,19.76,2478,7
2026-05-16 11:53:06,3.0,15.81,15.80,15.72,1545545,86884,5.6,0,0,0.0,1007,752,78,1.03,0.90,11.10,18.94,2476,7
2026-05-16 11:54:07,3.0,14.53,15.46,15.61,1545545,86870,5.6,0,0,0.0,1007,752,78,1.03,0.87,11.26,19.30,2481,4
2026-05-16 11:55:07,3.3,14.47,15.21,15.51,1545545,86867,5.6,0,0,0.0,1007,752,78,1.03,1.04,11.20,19.44,2477,4
2026-05-16 11:56:07,3.3,14.00,14.92,15.39,1545545,86874,5.6,0,0,0.0,1007,752,78,1.07,1.02,11.31,19.51,2482,8
2026-05-16 11:57:08,3.1,15.25,15.09,15.41,1545545,86901,5.6,0,0,0.0,1007,752,78,1.03,1.00,11.38,19.55,2474,7
2026-05-16 11:58:08,3.1,14.82,15.01,15.37,1545545,86895,5.6,0,0,0.0,1007,752,78,1.03,1.03,11.60,19.15,2479,4
2026-05-16 11:59:08,3.2,14.50,14.78,15.26,1545545,86872,5.6,0,0,0.0,1007,752,78,1.34,0.97,11.30,19.40,2477,6
2026-05-16 12:00:09,3.2,15.95,15.08,15.33,1545545,86879,5.6,0,0,0.0,1007,752,78,1.18,0.86,11.42,18.74,2487,9
2026-05-16 12:01:09,2.9,16.35,15.49,15.46,1545545,86881,5.6,0,0,0.0,1007,752,78,1.06,3.58,11.51,18.93,2482,8
2026-05-16 12:02:09,3.3,20.55,16.95,15.97,1545545,86903,5.6,0,0,0.0,1007,752,78,1.09,1.17,11.15,18.68,2474,6
2026-05-16 12:03:10,3.3,20.88,17.67,16.28,1545545,86915,5.6,0,0,0.0,1007,752,78,1.03,0.96,11.58,19.03,2477,9
2026-05-16 12:04:10,3.1,17.56,17.28,16.22,1545545,86888,5.6,0,0,0.0,1007,752,78,1.03,0.96,11.18,19.40,2479,3
2026-05-16 12:05:10,4.8,16.89,17.26,16.29,1545545,86889,5.6,0,0,0.0,1007,752,78,1.07,1.05,11.27,19.01,2481,6
2026-05-16 12:06:11,3.0,17.81,17.56,16.46,1545545,86888,5.6,0,0,0.0,1007,752,78,1.08,0.83,11.07,19.10,2481,6
2026-05-16 12:07:11,1.1,13.78,16.56,16.19,1545545,86870,5.6,0,0,0.0,1007,752,78,1.16,1.07,3.96,11.35,2487,1
2026-05-16 12:08:11,1.3,14.60,16.34,16.14,1545545,86894,5.6,0,0,0.0,1007,752,78,1.03,1.06,10.96,18.25,2477,5
2026-05-16 12:09:12,3.3,16.48,16.47,16.19,1545545,86883,5.6,0,0,0.0,1007,752,78,1.15,0.87,9.27,17.22,2466,8
2026-05-16 12:10:12,2.5,13.21,15.48,15.86,1545545,86859,5.6,0,0,0.0,1007,752,78,1.03,1.00,2.10,9.38,2471,8
2026-05-16 12:11:12,2.6,11.82,14.66,15.55,1545545,86880,5.6,0,0,0.0,1007,752,78,1.03,0.80,4.95,11.96,2470,2
2026-05-16 12:12:13,3.2,12.91,14.33,15.37,1545545,86903,5.6,0,0,0.0,1007,752,78,1.03,1.06,9.73,16.68,2475,11
2026-05-16 12:13:13,3.1,11.84,13.83,15.14,1545545,86900,5.6,0,0,0.0,1007,752,78,1.03,0.94,3.93,11.23,2472,5
2026-05-16 12:14:13,1.3,12.56,13.77,15.04,1545545,86875,5.6,0,0,0.0,1007,752,78,1.03,0.91,10.41,17.68,2485,1
2026-05-16 12:15:14,1.8,12.36,13.57,14.90,1545545,86883,5.6,0,0,0.0,1007,752,78,1.03,1.00,5.06,12.31,2477,2
2026-05-16 12:16:14,3.2,11.85,13.13,14.66,1545545,86879,5.6,0,0,0.0,1007,752,78,1.03,0.94,5.34,12.19,2485,6
2026-05-16 12:17:14,2.2,12.55,13.30,14.63,1545545,86879,5.6,0,0,0.0,1007,752,78,1.18,1.01,5.99,13.56,2482,1
2026-05-16 12:18:15,1.8,13.66,13.46,14.60,1545545,86889,5.6,0,0,0.0,1007,752,78,1.03,0.94,6.75,13.77,2480,2
2026-05-16 12:19:15,2.1,11.98,12.99,14.36,1545545,86879,5.6,0,0,0.0,1007,752,78,1.03,0.96,5.28,12.88,2482,6
2026-05-16 12:20:15,1.2,12.51,13.01,14.29,1545545,86878,5.6,0,0,0.0,1007,752,78,1.03,0.92,8.80,16.63,2485,2
2026-05-16 12:21:16,1.6,13.81,13.22,14.27,1545545,86902,5.6,0,0,0.0,1007,752,78,1.03,0.91,9.59,17.08,2479,8
2026-05-16 12:22:16,1.2,11.47,12.65,14.01,1545545,86903,5.6,0,0,0.0,1007,752,78,1.03,1.27,0.87,8.05,2486,5
2026-05-16 12:23:16,6.9,10.24,12.10,13.73,1545545,86903,5.6,0,0,0.0,1007,752,78,1.03,0.97,0.94,7.98,2479,22
2026-05-16 12:24:17,1.2,10.16,11.79,13.53,1545545,86876,5.6,0,0,0.0,1007,752,78,1.03,0.87,2.41,9.54,2479,7
2026-05-16 12:25:17,1.2,11.39,11.90,13.45,1545545,86882,5.6,0,0,0.0,1007,752,78,1.10,1.05,3.62,11.10,2476,1
2026-05-16 12:26:17,2.2,10.32,11.51,13.22,1545545,86881,5.6,0,0,0.0,1007,752,78,1.11,1.08,0.93,8.05,2474,4
2026-05-16 12:27:18,1.5,10.97,11.45,13.09,1545545,86916,5.6,0,0,0.0,1007,752,78,1.03,1.17,5.67,12.55,2472,3
2026-05-16 12:28:18,1.2,11.04,11.34,12.94,1545545,86904,5.6,0,0,0.0,1007,752,78,1.03,0.84,1.66,8.84,2465,6
2026-05-16 12:29:18,3.1,12.07,11.45,12.87,1545545,86897,5.6,0,0,0.0,1007,752,78,1.03,0.92,3.22,10.35,2457,9
2026-05-16 12:30:19,1.2,10.41,11.15,12.68,1545545,86882,5.6,0,0,0.0,1007,752,78,1.10,1.05,5.48,12.66,2458,4
2026-05-16 12:31:19,1.3,10.04,10.88,12.49,1545545,86888,5.6,0,0,0.0,1007,752,78,1.03,1.00,2.90,10.31,2462,2
2026-05-16 12:32:20,1.4,10.19,10.84,12.38,1545545,86915,5.6,0,0,0.0,1007,752,78,1.03,0.95,1.26,8.36,2465,5
2026-05-16 12:33:20,3.2,13.28,11.58,12.53,1545545,86934,5.6,0,0,0.0,1007,752,78,1.03,0.86,9.07,16.86,2474,9
2026-05-16 12:34:20,3.0,12.14,11.62,12.49,1545545,86902,5.6,0,0,0.0,1007,752,78,1.03,0.94,9.12,16.66,2471,11
2026-05-16 12:35:21,3.1,14.49,12.37,12.69,1545545,86904,5.6,0,0,0.0,1007,752,78,1.07,0.93,10.44,18.07,2456,8
2026-05-16 12:36:21,1.9,13.52,12.53,12.73,1545545,86914,5.6,0,0,0.0,1007,752,78,1.27,1.06,8.47,15.95,2452,4
2026-05-16 12:37:21,2.4,11.25,12.10,12.57,1545545,86920,5.6,0,0,0.0,1007,752,78,1.03,1.08,5.00,11.83,2473,5
2026-05-16 12:38:22,1.1,11.34,11.98,12.49,1545545,86941,5.6,0,0,0.0,1007,752,78,1.40,0.95,6.63,13.20,2474,6
2026-05-16 12:39:22,1.2,10.75,11.70,12.37,1545545,86908,5.6,0,0,0.0,1007,752,78,1.10,0.84,2.73,10.01,2481,1
2026-05-16 12:40:22,1.3,10.93,11.64,12.31,1545545,86902,5.6,0,0,0.0,1007,752,78,1.03,0.97,4.30,11.56,2490,5
2026-05-16 12:41:23,1.1,10.15,11.29,12.14,1545545,86909,5.6,0,0,0.0,1007,752,78,1.03,0.92,2.11,9.33,2492,1
2026-05-16 12:42:23,1.3,12.47,11.99,12.34,1545545,86938,5.6,0,0,0.0,1007,752,78,1.20,1.04,2.16,9.43,2477,1
2026-05-16 12:43:23,1.2,18.20,13.14,12.68,1545545,86935,5.6,0,0,0.0,1007,752,78,1.06,0.95,1.66,8.84,2473,2
2026-05-16 12:44:24,1.8,14.24,12.93,12.64,1545545,86937,5.6,0,0,0.0,1007,752,78,1.03,0.92,4.22,11.58,2478,1
2026-05-16 12:45:24,1.2,11.59,12.45,12.49,1545545,86925,5.6,0,0,0.0,1007,752,78,1.03,0.94,5.27,12.77,2467,4
2026-05-16 12:46:24,1.2,9.84,11.79,12.26,1545545,86923,5.6,0,0,0.0,1007,752,78,1.03,0.98,0.89,8.03,2460,1
2026-05-16 12:47:25,1.1,10.01,11.48,12.12,1545545,86972,5.6,0,0,0.0,1007,752,78,1.03,1.14,5.79,13.32,2462,5
2026-05-16 12:48:25,1.6,9.83,11.16,11.97,1545545,86960,5.6,0,0,0.0,1007,752,78,1.03,0.98,0.98,8.08,2464,5
2026-05-16 12:49:25,1.5,18.45,12.82,12.46,1545545,86923,5.6,0,0,0.0,1007,752,78,1.03,0.84,7.79,15.66,2465,2
2026-05-16 12:50:26,3.1,13.58,12.45,12.36,1545545,86947,5.6,0,0,0.0,1007,752,78,1.03,0.88,9.84,16.64,2478,4
2026-05-16 12:51:26,5.9,12.57,12.49,12.39,1545545,86955,5.6,0,0,0.0,1007,752,78,1.03,0.96,10.60,18.23,2474,12
2026-05-16 12:52:26,1.6,11.38,12.23,12.30,1545545,86939,5.6,0,0,0.0,1007,752,78,1.03,1.07,9.44,15.74,2469,1
2026-05-16 12:53:27,3.1,10.86,11.87,12.17,1545545,86976,5.6,0,0,0.0,1007,752,78,1.03,0.82,5.32,12.90,2473,5
2026-05-16 12:54:27,8.8,11.68,11.99,12.20,1545545,86956,5.6,0,0,0.0,1007,752,78,1.03,1.04,6.01,13.60,2481,12
2026-05-16 12:55:27,3.2,12.31,12.14,12.24,1545545,86958,5.6,0,0,0.0,1007,752,78,1.03,0.92,7.67,15.49,2472,6
2026-05-16 12:56:28,1.0,10.98,11.88,12.14,1545545,86944,5.6,0,0,0.0,1007,752,78,1.03,0.89,3.13,10.34,2469,8
2026-05-16 12:57:28,2.3,10.60,11.62,12.04,1545545,86958,5.6,0,0,0.0,1007,752,78,1.03,1.07,4.23,11.69,2482,3
2026-05-16 12:58:28,1.8,10.05,11.24,11.88,1545545,86966,5.6,0,0,0.0,1007,752,78,2.07,0.98,0.91,7.98,2481,6
2026-05-16 12:59:29,1.2,10.43,11.12,11.80,1545545,86945,5.6,0,0,0.0,1007,752,78,1.03,0.93,3.21,10.63,2484,2
2026-05-16 13:00:29,3.3,13.22,11.70,11.95,1545545,86977,5.6,0,0,0.0,1007,752,78,1.03,0.94,7.88,15.64,2482,4
2026-05-16 13:01:29,1.3,12.45,11.74,11.95,1545545,86975,5.6,0,0,0.0,1007,752,78,1.08,1.06,6.06,13.64,2494,4
2026-05-16 13:02:30,1.5,10.48,11.33,11.79,1545545,86973,5.6,0,0,0.0,1007,752,78,2.07,0.93,3.08,10.39,2478,3
2026-05-16 13:03:30,1.4,11.46,11.44,11.80,1545545,86989,5.6,0,0,0.0,1007,752,78,0.00,0.91,2.79,10.03,2475,5
2026-05-16 13:04:30,2.9,11.70,11.54,11.81,1545545,86955,5.6,0,0,0.0,1007,752,78,2.07,0.97,3.96,11.60,2461,1
2026-05-16 13:05:31,1.3,10.98,11.33,11.72,1545545,86955,5.6,0,0,0.0,1007,752,78,1.03,1.11,0.90,7.99,2460,1
2026-05-16 13:06:31,1.0,10.55,11.17,11.64,1545545,86938,5.6,0,0,0.0,1007,752,78,1.03,0.95,0.89,8.00,2461,7
2026-05-16 13:07:31,1.1,10.93,11.21,11.63,1545545,86976,5.6,0,0,0.0,1007,752,78,1.03,0.98,4.93,12.41,2471,1
2026-05-16 13:08:32,11.4,9.68,10.82,11.47,1545545,86986,5.6,0,0,0.0,1007,752,78,1.03,0.92,1.69,8.81,2469,20
2026-05-16 13:09:32,3.1,10.43,10.82,11.43,1545545,86986,5.6,0,0,0.0,1007,752,78,1.03,0.94,7.02,14.56,2473,6
2026-05-16 13:10:32,1.2,10.51,10.78,11.37,1545545,86960,5.6,0,0,0.0,1007,752,78,1.03,1.01,7.06,14.30,2467,5
2026-05-16 13:11:33,3.1,11.79,10.93,11.38,1545545,86987,5.6,0,0,0.0,1007,752,78,1.03,0.80,3.07,10.17,2486,7
2026-05-16 13:12:33,3.3,11.03,10.87,11.33,1545545,87003,5.6,0,0,0.0,1007,752,78,1.03,1.02,4.79,11.81,2472,6
2026-05-16 13:13:33,1.0,11.84,11.18,11.41,1545545,86981,5.6,0,0,0.0,1007,752,78,1.03,0.99,8.99,15.91,2475,3
2026-05-16 13:14:34,1.1,11.62,11.19,11.39,1545545,86977,5.6,0,0,0.0,1007,752,78,1.03,0.87,6.05,13.57,2484,9
2026-05-16 13:15:34,3.1,11.44,11.19,11.38,1545545,86982,5.6,0,0,0.0,1007,752,78,1.03,1.13,6.57,14.06,2482,5
2026-05-16 13:16:34,4.1,11.47,11.32,11.41,1545545,86990,5.6,0,0,0.0,1007,752,78,1.03,0.93,8.68,16.29,2472,8
2026-05-16 13:17:35,1.6,12.24,11.56,11.49,1545545,86994,5.6,0,0,0.0,1007,752,78,1.03,1.00,7.80,14.73,2481,5
2026-05-16 13:18:35,3.1,11.62,11.42,11.44,1545545,87034,5.6,0,0,0.0,1007,752,78,1.03,0.89,2.51,9.85,2473,3
2026-05-16 13:19:35,1.2,10.04,11.02,11.30,1545545,86976,5.6,0,0,0.0,1007,752,78,1.03,0.89,1.85,8.98,2473,1
2026-05-16 13:20:36,1.3,10.12,10.91,11.25,1545545,86989,5.6,0,0,0.0,1007,752,78,1.03,1.01,2.83,9.94,2474,4
2026-05-16 13:21:36,0.9,9.55,10.59,11.11,1545545,86988,5.6,0,0,0.0,1007,752,78,1.03,1.21,1.05,8.28,2475,6
2026-05-16 13:22:36,4.0,10.70,10.63,11.09,1545545,87014,5.6,0,0,0.0,1007,752,78,1.03,1.04,4.23,11.68,2477,23
2026-05-16 13:23:37,2.2,10.64,10.63,11.06,1545545,87034,5.6,0,0,0.0,1007,752,78,1.05,0.95,6.54,14.23,2473,6
2026-05-16 13:24:37,3.4,13.31,11.37,11.29,1545545,86988,5.6,0,0,0.0,1007,752,78,1.03,0.92,11.33,18.31,2478,5
2026-05-16 13:25:37,1.1,10.66,11.01,11.16,1545545,86969,5.6,0,0,0.0,1007,752,78,1.03,1.00,3.36,10.74,2480,3
2026-05-16 13:26:38,1.5,10.79,11.06,11.18,1545545,86973,5.6,0,0,0.0,1007,752,78,1.03,1.25,3.96,11.35,2469,2
2026-05-16 13:27:38,1.3,10.47,10.88,11.10,1545545,87001,5.6,0,0,0.0,1007,752,78,1.03,0.88,0.97,8.17,2478,8
2026-05-16 13:28:38,1.0,12.11,11.30,11.23,1545545,87018,5.6,0,0,0.0,1007,752,78,1.03,0.90,6.48,13.96,2471,1
2026-05-16 13:29:39,0.9,11.00,11.14,11.18,1545545,86977,5.6,0,0,0.0,1007,752,78,1.03,0.94,5.26,12.20,2453,4
2026-05-16 13:30:39,3.1,9.95,10.83,11.07,1545545,87000,5.6,0,0,0.0,1007,752,78,1.03,0.90,1.34,8.58,2468,4
2026-05-16 13:31:39,3.6,11.20,11.05,11.14,1545545,87031,5.6,0,0,0.0,1007,752,78,1.03,0.91,8.00,15.05,2475,8
2026-05-16 13:32:40,3.2,12.41,11.57,11.32,1545545,87034,5.6,0,0,0.0,1007,752,78,1.03,0.97,7.01,14.65,2466,5
2026-05-16 13:33:40,1.1,12.06,11.66,11.37,1545545,87001,5.6,0,0,0.0,1007,752,78,1.03,0.86,9.75,17.82,2475,1
2026-05-16 13:34:40,1.9,13.97,12.12,11.53,1545545,87006,5.6,0,0,0.0,1007,752,78,1.03,0.94,10.13,17.39,2484,7
2026-05-16 13:35:41,3.0,12.06,11.98,11.53,1545545,87012,5.6,0,0,0.0,1007,752,78,1.03,0.93,6.30,13.51,2468,5
2026-05-16 13:36:41,1.9,13.97,12.56,11.76,1545545,87016,5.6,0,0,0.0,1007,752,78,1.03,1.02,12.57,19.68,2474,4
2026-05-16 13:37:41,1.2,12.75,12.46,11.78,1545545,87027,5.6,0,0,0.0,1007,752,78,1.03,1.03,6.60,13.89,2456,2
2026-05-16 13:38:42,1.1,13.69,12.75,11.92,1545545,87034,5.6,0,0,0.0,1007,752,78,1.03,0.95,6.06,13.70,2459,2
2026-05-16 13:39:42,3.0,12.75,12.67,11.94,1545545,87009,5.6,0,0,0.0,1007,752,78,1.03,0.81,6.14,13.15,2468,4
2026-05-16 13:40:42,3.2,13.45,12.85,12.04,1545545,87027,5.6,0,0,0.0,1007,752,78,1.03,0.95,8.73,16.73,2464,4
2026-05-16 13:41:43,3.1,15.68,13.47,12.30,1545545,87028,5.6,0,0,0.0,1007,752,78,1.03,1.00,6.38,13.56,2465,5
2026-05-16 13:42:43,3.3,18.44,14.56,12.74,1545545,87050,5.6,0,0,0.0,1007,752,78,1.03,0.89,7.84,15.24,2487,5
2026-05-16 13:43:43,3.1,16.90,14.93,12.99,1545545,87045,5.6,0,0,0.0,1007,752,78,1.03,1.02,11.36,18.19,2495,4
2026-05-16 13:44:44,1.1,16.01,15.12,13.18,1545545,87017,5.6,0,0,0.0,1007,752,78,1.03,0.97,11.02,18.45,2486,7
2026-05-16 13:45:44,2.8,17.61,15.89,13.58,1545545,87036,5.6,0,0,0.0,1007,752,78,1.03,0.91,8.22,15.56,2479,5
2026-05-16 13:46:45,3.3,18.84,16.52,13.94,1545545,87041,5.6,0,0,0.0,1007,752,78,1.03,1.07,12.77,19.74,2490,7
2026-05-16 13:47:45,1.5,15.54,15.97,13.91,1545545,87049,5.6,0,0,0.0,1007,752,78,1.03,0.97,5.84,13.38,2466,8
2026-05-16 13:48:45,1.7,13.92,15.43,13.85,1545545,87054,5.6,0,0,0.0,1007,752,78,1.03,0.97,8.66,16.43,2459,1
2026-05-16 13:49:46,1.3,20.60,17.24,14.58,1545545,87049,5.6,0,0,0.0,1007,752,78,1.03,0.95,11.48,18.84,2473,1
2026-05-16 13:50:46,1.2,14.09,16.05,14.34,1545545,87021,5.6,0,0,0.0,1007,752,78,1.05,0.91,2.33,9.58,2457,8
2026-05-16 13:51:46,4.4,15.70,15.94,14.40,1545545,87035,5.6,0,0,0.0,1007,752,78,1.09,1.01,8.83,16.47,2453,8
2026-05-16 13:52:47,2.2,14.56,15.62,14.39,1545545,87055,5.6,0,0,0.0,1007,752,78,1.10,0.96,9.12,16.58,2472,1
2026-05-16 13:53:47,1.2,14.03,15.33,14.37,1545545,87050,5.6,0,0,0.0,1007,752,78,1.03,0.83,6.70,13.80,2458,1
2026-05-16 13:54:47,1.9,12.86,14.76,14.23,1545545,87023,5.6,0,0,0.0,1007,752,78,1.03,1.00,10.35,17.30,2459,6
2026-05-16 13:55:48,1.1,11.30,13.98,14.00,1545545,87027,5.6,0,0,0.0,1007,752,78,1.03,1.02,5.42,12.49,2469,2
2026-05-16 13:56:48,2.8,11.87,13.59,13.86,1545545,87050,5.6,0,0,0.0,1007,752,78,1.03,1.14,4.39,11.70,2471,6
2026-05-16 13:57:48,3.0,12.66,13.42,13.78,1545545,87068,5.6,0,0,0.0,1007,752,78,1.03,0.96,10.59,17.29,2465,7
2026-05-16 13:58:49,0.8,11.16,12.95,13.60,1545545,87054,5.6,0,0,0.0,1007,752,78,1.03,0.84,3.25,10.51,2478,2
2026-05-16 13:59:49,1.9,15.53,13.56,13.75,1545545,87059,5.6,0,0,0.0,1007,752,78,1.03,0.94,5.08,12.39,2475,5
2026-05-16 14:00:49,1.1,11.70,12.85,13.49,1545545,87035,5.6,0,0,0.0,1007,752,78,1.03,1.07,5.20,11.90,2482,5
2026-05-16 14:01:50,5.2,15.11,13.58,13.70,1545545,87049,5.6,0,0,0.0,1007,752,78,1.03,1.10,11.60,19.35,2489,6
2026-05-16 14:02:50,3.2,13.95,13.60,13.70,1545545,87066,5.6,0,0,0.0,1007,752,78,1.03,0.98,12.07,19.69,2477,4
2026-05-16 14:03:50,3.0,14.94,13.81,13.76,1545545,87046,5.6,0,0,0.0,1007,752,78,1.03,0.85,11.79,19.45,2486,5
2026-05-16 14:04:51,2.8,14.75,13.95,13.81,1545545,87056,5.6,0,0,0.0,1007,752,78,1.03,0.94,11.69,19.62,2496,7
2026-05-16 14:05:51,3.1,14.42,14.00,13.84,1545545,87050,5.6,0,0,0.0,1007,752,78,1.03,1.10,11.87,20.12,2479,5
2026-05-16 14:06:51,2.9,14.16,13.99,13.84,1545545,87047,5.6,0,0,0.0,1007,752,78,1.09,1.06,11.72,19.65,2481,7
2026-05-16 14:07:52,2.7,14.25,13.98,13.84,1545545,87066,5.6,0,0,0.0,1007,752,78,1.03,0.89,11.64,19.18,2469,8
2026-05-16 14:08:52,3.0,14.77,14.22,13.94,1545545,87070,5.6,0,0,0.0,1007,752,78,1.03,0.82,11.84,19.25,2460,4
2026-05-16 14:09:52,2.8,15.60,14.48,14.04,1545545,87061,5.6,0,0,0.0,1007,752,78,1.03,1.00,11.68,19.44,2468,3
2026-05-16 14:10:53,2.9,15.57,14.75,14.16,1545545,87052,5.6,0,0,0.0,1007,752,78,1.03,0.84,11.97,19.56,2461,6
2026-05-16 14:11:53,2.7,17.06,15.31,14.39,1545545,87053,5.6,0,0,0.0,1007,752,78,1.03,1.10,12.30,19.33,2465,3
2026-05-16 14:12:53,2.9,18.14,15.78,14.60,1545545,87074,5.6,0,0,0.0,1007,752,78,1.03,0.90,11.80,19.12,2467,4
2026-05-16 14:13:54,2.9,15.50,15.44,14.56,1545545,87070,5.6,0,0,0.0,1007,752,78,1.03,1.00,11.98,19.44,2465,4
2026-05-16 14:14:54,3.0,14.67,15.22,14.54,1545545,87055,5.6,0,0,0.0,1007,752,78,1.03,0.88,11.53,19.80,2461,9
2026-05-16 14:15:54,2.9,13.40,14.82,14.44,1545545,87057,5.6,0,0,0.0,1007,752,78,1.03,1.04,11.60,19.56,2473,11
2026-05-16 14:16:55,3.5,14.03,14.71,14.43,1545545,87060,5.6,0,0,0.0,1007,752,78,1.03,1.11,11.69,19.78,2476,5
2026-05-16 14:17:55,3.0,13.57,14.48,14.37,1545545,87076,5.6,0,0,0.0,1007,752,78,1.14,1.24,11.24,18.93,2488,9
2026-05-16 14:18:55,3.5,17.05,15.12,14.59,1545545,87069,5.6,0,0,0.0,1007,752,78,1.03,1.01,11.87,19.15,2486,7
2026-05-16 14:19:56,3.0,14.85,14.83,14.52,1545545,87068,5.6,0,0,0.0,1007,752,78,1.03,1.00,11.72,19.13,2475,4
2026-05-16 14:20:56,3.1,13.98,14.54,14.43,1545545,87066,5.6,0,0,0.0,1007,752,78,1.03,0.98,11.60,19.06,2462,20
2026-05-16 14:21:56,2.9,15.75,14.90,14.56,1545545,87073,5.6,0,0,0.0,1007,752,78,1.03,1.14,11.80,19.67,2457,5
2026-05-16 14:22:57,1.0,13.23,14.33,14.39,1545545,87067,5.6,0,0,0.0,1007,752,78,1.03,1.14,9.89,17.92,2452,2
2026-05-16 14:23:57,1.0,10.77,13.42,14.07,1545545,87028,5.6,0,0,0.0,1007,752,78,1.03,1.06,0.89,8.07,2461,3
2026-05-16 14:24:57,1.1,9.43,12.54,13.72,1545545,87042,5.6,0,0,0.0,1007,752,78,1.03,1.02,0.88,8.07,2465,4
2026-05-16 14:25:58,3.2,10.03,12.15,13.51,1545545,87054,5.6,0,0,0.0,1007,752,78,1.03,0.98,4.51,11.77,2478,2
2026-05-16 14:26:58,1.1,9.84,11.72,13.28,1545545,87066,5.6,0,0,0.0,1007,752,78,1.03,1.07,2.19,9.40,2476,3
2026-05-16 14:27:58,0.9,9.52,11.33,13.04,1545545,87074,5.6,0,0,0.0,1007,752,78,1.03,0.98,1.02,8.10,2470,1
2026-05-16 14:28:59,3.0,12.16,11.59,13.01,1545545,87072,5.6,0,0,0.0,1007,752,78,1.03,0.98,9.22,17.12,2459,7
2026-05-16 14:29:59,1.0,12.25,11.78,12.99,1545545,87042,5.6,0,0,0.0,1007,752,78,1.03,0.87,8.94,16.56,2458,4
2026-05-16 14:30:59,3.0,13.79,12.29,13.08,1545545,87092,5.6,0,0,0.0,1007,752,78,1.03,0.79,11.91,19.19,2466,19
2026-05-16 14:32:00,1.5,12.35,12.14,12.98,1545545,87088,5.6,0,0,0.0,1007,752,78,1.53,1.26,10.32,17.38,2472,2
2026-05-16 14:33:00,1.0,9.98,11.51,12.71,1545545,87068,5.6,0,0,0.0,1007,752,78,1.03,0.99,0.94,8.07,2467,3
2026-05-16 14:34:00,1.0,10.74,11.46,12.62,1545545,87051,5.6,0,0,0.0,1007,752,78,1.03,0.93,5.06,12.66,2467,2
2026-05-16 14:35:01,1.0,10.08,11.12,12.43,1545545,87054,5.6,0,0,0.0,1007,752,78,1.03,1.05,1.25,8.37,2462,7
2026-05-16 14:36:01,4.0,10.29,10.97,12.29,1545545,87067,5.6,0,0,0.0,1007,752,78,1.03,0.84,1.75,8.99,2453,3
2026-05-16 14:37:01,3.2,10.87,10.96,12.20,1545545,87103,5.6,0,0,0.0,1007,752,78,1.03,1.01,4.74,12.04,2450,20
2026-05-16 14:38:02,1.0,13.62,11.71,12.37,1545545,87063,5.6,0,0,0.0,1007,752,78,1.03,1.01,12.28,19.47,2460,1
2026-05-16 14:39:02,3.3,10.82,11.24,12.17,1545545,87050,5.6,0,0,0.0,1007,752,78,1.03,0.89,1.72,8.96,2464,10
2026-05-16 14:40:02,1.1,12.37,11.70,12.28,1545545,87067,5.6,0,0,0.0,1007,752,78,1.03,1.06,11.23,18.83,2470,1
2026-05-16 14:41:03,1.1,11.53,11.57,12.19,1545545,87049,5.6,0,0,0.0,1007,752,78,1.03,0.88,4.01,11.21,2486,2
2026-05-16 14:42:03,1.1,10.12,11.15,12.00,1545545,87076,5.6,0,0,0.0,1007,752,78,1.03,1.07,3.44,10.91,2493,1
2026-05-16 14:43:03,3.1,10.10,10.91,11.87,1545545,87085,5.6,0,0,0.0,1007,752,78,1.03,0.85,2.23,9.41,2491,7
2026-05-16 14:44:04,3.4,10.55,10.92,11.81,1545545,87081,5.6,0,0,0.0,1007,752,78,1.06,0.91,2.57,9.78,2496,7
2026-05-16 14:45:04,1.2,12.10,11.32,11.90,1545545,87057,5.6,0,0,0.0,1007,752,78,1.03,0.93,4.31,11.71,2492,4
2026-05-16 14:46:04,1.1,11.98,11.40,11.88,1545545,87081,5.6,0,0,0.0,1007,752,78,1.03,1.09,6.07,13.70,2485,4
2026-05-16 14:47:05,1.9,11.51,11.48,11.89,1545545,87087,5.6,0,0,0.0,1007,752,78,1.03,1.09,4.19,11.57,2480,1
2026-05-16 14:48:05,3.1,12.07,11.68,11.93,1545545,87108,5.6,0,0,0.0,1007,752,78,1.03,0.98,7.44,15.23,2486,5
2026-05-16 14:49:05,3.1,15.19,12.65,12.25,1545545,87092,5.6,0,0,0.0,1007,752,78,1.03,0.84,12.33,19.66,2478,7
2026-05-16 14:50:06,3.1,13.43,12.52,12.23,1545545,87083,5.6,0,0,0.0,1007,752,78,1.03,0.95,7.63,15.26,2467,5
2026-05-16 14:51:06,1.5,11.82,12.21,12.14,1545545,87070,5.6,0,0,0.0,1007,752,78,1.03,0.95,5.70,12.95,2461,6
2026-05-16 14:52:06,2.7,12.81,12.49,12.24,1545545,87107,5.6,0,0,0.0,1007,752,78,1.03,0.98,10.52,17.68,2474,9
2026-05-16 14:53:07,11.5,13.22,12.54,12.26,1545545,87101,5.6,0,0,0.0,1007,752,78,1.03,1.02,5.02,12.51,2480,10
2026-05-16 14:54:07,8.9,18.06,14.24,12.88,1545545,87076,5.6,0,0,0.0,1007,752,78,1.03,0.80,4.20,11.64,2477,16
2026-05-16 14:55:07,3.3,14.09,13.76,12.80,1545545,87093,5.6,0,0,0.0,1007,752,78,1.03,1.07,6.08,13.54,2486,19
2026-05-16 14:56:08,1.1,11.90,13.26,12.69,1545545,87079,5.6,0,0,0.0,1007,752,78,1.03,0.91,7.55,14.86,2489,1
2026-05-16 14:57:08,0.9,10.25,12.52,12.47,1545545,87095,5.6,0,0,0.0,1007,752,78,1.03,1.14,0.92,8.16,2471,6
2026-05-16 14:58:08,1.0,11.74,12.48,12.45,1545545,87098,5.6,0,0,0.0,1007,752,78,1.03,0.87,5.99,13.61,2465,5
2026-05-16 14:59:09,0.9,10.09,11.86,12.24,1545545,87075,5.6,0,0,0.0,1007,752,78,1.03,0.80,1.26,8.38,2471,4
2026-05-16 15:00:09,2.8,9.89,11.55,12.11,1545545,87089,5.6,0,0,0.0,1007,752,78,1.03,0.96,6.04,12.98,2470,6
2026-05-16 15:01:09,1.3,11.50,11.64,12.10,1545545,87078,5.6,0,0,0.0,1007,752,78,1.03,1.02,6.04,13.58,2458,1
2026-05-16 15:02:10,3.1,10.33,11.28,11.95,1545545,87117,5.6,0,0,0.0,1007,752,78,1.03,1.14,3.48,10.90,2463,21
2026-05-16 15:03:10,3.6,15.04,12.36,12.27,1545545,87084,5.6,0,0,0.0,1007,752,78,1.03,0.98,9.97,17.22,2472,6
2026-05-16 15:04:10,2.8,12.28,12.17,12.22,1545545,87070,5.6,0,0,0.0,1007,752,78,1.03,0.80,3.81,11.10,2463,4
2026-05-16 15:05:11,0.9,10.96,11.84,12.10,1545545,87083,5.6,0,0,0.0,1007,752,78,1.03,0.98,7.25,14.71,2463,5
2026-05-16 15:06:11,3.1,12.16,12.02,12.14,1545545,87101,5.6,0,0,0.0,1007,752,78,1.03,0.95,8.15,15.72,2479,25
2026-05-16 15:07:11,3.3,11.68,12.01,12.14,1545545,87130,5.6,0,0,0.0,1007,752,78,1.03,1.01,7.20,14.29,2477,21
2026-05-16 15:08:12,3.1,12.32,12.03,12.13,1545545,87136,5.6,0,0,0.0,1007,752,78,1.03,1.01,8.51,15.77,2478,5
2026-05-16 15:09:12,2.7,12.52,12.06,12.13,1545545,87123,5.6,0,0,0.0,1007,752,78,1.03,0.88,7.91,15.47,2485,7
2026-05-16 15:10:12,3.1,12.65,12.18,12.17,1545545,87105,5.6,0,0,0.0,1007,752,78,1.03,0.96,7.10,14.78,2476,4
2026-05-16 15:11:13,1.1,11.58,11.90,12.07,1545545,87100,5.6,0,0,0.0,1007,752,78,1.03,0.81,5.14,12.58,2464,4
2026-05-16 15:12:13,1.1,11.58,11.87,12.05,1545545,87113,5.6,0,0,0.0,1007,752,78,1.03,1.08,7.61,15.21,2464,1
2026-05-16 15:13:13,1.1,11.63,11.77,12.00,1545545,87122,5.6,0,0,0.0,1007,752,78,1.03,1.05,3.27,10.64,2462,2
2026-05-16 15:14:14,3.0,11.18,11.58,11.92,1545545,87109,5.6,0,0,0.0,1007,752,78,1.03,0.87,7.14,14.74,2468,4
2026-05-16 15:15:14,3.0,10.76,11.42,11.84,1545545,87116,5.6,0,0,0.0,1007,752,78,1.03,0.99,7.31,14.48,2471,6
2026-05-16 15:16:14,1.1,10.33,11.23,11.75,1545545,87089,5.6,0,0,0.0,1007,752,78,1.03,0.94,4.38,11.74,2475,4
2026-05-16 15:17:15,3.3,12.04,11.46,11.79,1545545,87138,5.6,0,0,0.0,1007,752,78,1.03,1.12,4.28,11.70,2481,4
2026-05-16 15:18:15,1.2,10.97,11.29,11.71,1545545,87131,5.6,0,0,0.0,1007,752,78,1.03,0.86,6.17,13.45,2482,2
2026-05-16 15:19:15,1.9,10.36,11.07,11.61,1545545,87130,5.6,0,0,0.0,1007,752,78,1.03,0.98,2.88,10.24,2490,3
2026-05-16 15:20:16,2.9,12.25,11.41,11.69,1545545,87125,5.6,0,0,0.0,1007,752,78,1.03,1.03,8.76,15.52,2486,5
2026-05-16 15:21:16,1.0,11.73,11.41,11.67,1545545,87106,5.6,0,0,0.0,1007,752,78,1.03,0.92,6.54,14.09,2480,1
2026-05-16 15:22:16,0.9,10.89,11.23,11.59,1545545,87126,5.6,0,0,0.0,1007,752,78,1.03,1.33,2.02,9.16,2483,3
2026-05-16 15:23:17,2.8,11.09,11.14,11.53,1545545,87142,5.6,0,0,0.0,1007,752,78,1.03,0.89,3.68,10.78,2478,6
2026-05-16 15:24:17,0.9,10.50,11.02,11.47,1545545,87129,5.6,0,0,0.0,1007,752,78,1.08,0.99,5.28,12.76,2479,1
2026-05-16 15:25:17,1.3,10.17,10.81,11.36,1545545,87104,5.6,0,0,0.0,1007,752,78,1.03,1.11,2.87,10.31,2483,5
2026-05-16 15:26:18,1.1,9.81,10.59,11.26,1545545,87106,5.6,0,0,0.0,1007,752,78,1.03,0.91,1.62,8.78,2488,5
2026-05-16 15:27:18,3.2,13.34,11.30,11.45,1545545,87150,5.6,0,0,0.0,1007,752,78,1.03,1.19,4.10,11.41,2473,9
2026-05-16 15:28:18,1.1,13.13,11.88,11.66,1545545,87123,5.6,0,0,0.0,1007,752,78,1.03,0.93,5.81,12.79,2480,1
2026-05-16 15:29:19,1.8,17.14,13.14,12.10,1545545,87125,5.6,0,0,0.0,1007,752,78,1.03,0.98,6.72,14.32,2469,3
2026-05-16 15:30:19,3.0,20.48,14.74,12.71,1545545,87126,5.6,0,0,0.0,1007,752,78,1.03,0.94,8.76,15.87,2469,4
2026-05-16 15:31:19,1.2,16.28,14.72,12.84,1545545,87147,5.6,0,0,0.0,1007,752,78,1.03,0.90,6.54,14.12,2479,3
2026-05-16 15:32:20,3.3,16.82,14.84,12.98,1545545,87148,5.6,0,0,0.0,1007,752,78,1.03,1.09,3.36,10.68,2481,9
2026-05-16 15:33:20,1.1,16.03,15.34,13.29,1545545,87131,5.6,0,0,0.0,1007,752,78,1.03,0.84,10.83,17.20,2480,4
2026-05-16 15:34:20,1.0,14.09,15.08,13.34,1545545,87115,5.6,0,0,0.0,1007,752,78,1.03,0.89,3.81,11.21,2484,2
2026-05-16 15:35:21,1.0,11.77,14.26,13.16,1545545,87104,5.6,0,0,0.0,1007,752,78,1.03,1.07,2.04,9.17,2475,2
2026-05-16 15:36:21,1.9,12.23,13.76,13.05,1545545,87131,5.6,0,0,0.0,1007,752,78,1.03,0.90,2.84,10.29,2455,6
2026-05-16 15:37:21,3.1,11.93,13.43,12.98,1545545,87158,5.6,0,0,0.0,1007,752,78,1.03,1.05,6.97,14.59,2458,4
2026-05-16 15:38:22,0.9,10.61,12.84,12.81,1545545,87126,5.6,0,0,0.0,1007,752,78,1.03,0.95,3.61,10.97,2450,5
2026-05-16 15:39:22,3.5,9.86,12.21,12.59,1545545,87144,5.6,0,0,0.0,1007,752,78,1.03,0.88,2.91,10.10,2451,10
2026-05-16 15:40:22,1.0,10.40,11.98,12.49,1545545,87106,5.6,0,0,0.0,1007,752,78,1.03,0.98,6.36,13.94,2472,3
2026-05-16 15:41:23,2.8,12.57,12.13,12.50,1545545,87120,5.6,0,0,0.0,1007,752,78,1.03,0.88,2.82,10.12,2489,7
2026-05-16 15:42:23,1.1,11.94,12.21,12.51,1545545,87143,5.6,0,0,0.0,1007,752,78,1.07,1.14,5.99,13.36,2478,3
2026-05-16 15:43:23,1.1,10.31,11.71,12.32,1545545,87144,5.6,0,0,0.0,1007,752,78,1.03,1.34,0.86,7.95,2475,1
2026-05-16 15:44:24,1.0,11.77,11.98,12.38,1545545,87131,5.6,0,0,0.0,1007,752,78,1.10,0.89,5.30,12.76,2459,1
2026-05-16 15:45:24,3.0,12.33,11.94,12.33,1545545,87141,5.6,0,0,0.0,1007,752,78,1.03,1.01,2.21,9.51,2445,7
2026-05-16 15:46:24,3.1,13.04,12.28,12.43,1545545,87141,5.6,0,0,0.0,1007,752,78,1.03,0.98,11.59,18.99,2461,21
2026-05-16 15:47:25,2.1,12.91,12.22,12.39,1545545,87170,5.6,0,0,0.0,1007,752,78,1.03,1.05,5.64,13.19,2461,3
2026-05-16 15:48:25,3.1,11.13,11.79,12.23,1545545,87177,5.6,0,0,0.0,1007,752,78,1.03,0.96,3.31,10.62,2456,4
2026-05-16 15:49:25,3.7,11.50,11.72,12.17,1545545,87142,5.6,0,0,0.0,1007,752,78,1.16,0.90,5.29,12.40,2472,4
2026-05-16 15:50:26,1.0,11.92,11.80,12.17,1545545,87106,5.6,0,0,0.0,1007,752,78,1.12,0.87,6.79,14.42,2464,4
2026-05-16 15:51:26,2.9,14.16,12.45,12.37,1545545,87143,5.6,0,0,0.0,1007,752,78,1.06,0.94,10.55,18.60,2455,4
2026-05-16 15:52:26,1.4,12.48,12.43,12.38,1545545,87148,5.6,0,0,0.0,1007,752,78,1.03,1.16,5.19,12.27,2455,1
2026-05-16 15:53:27,1.1,10.68,11.94,12.21,1545545,87160,5.6,0,0,0.0,1007,752,78,1.03,0.99,1.36,8.49,2455,1
2026-05-16 15:54:27,1.3,9.96,11.54,12.06,1545545,87119,5.6,0,0,0.0,1007,752,78,1.03,0.73,0.91,8.07,2452,1
2026-05-16 15:55:27,0.9,9.61,11.20,11.91,1545545,87123,5.6,0,0,0.0,1007,752,78,1.03,0.98,2.70,10.08,2455,2
2026-05-16 15:56:28,3.4,11.44,11.36,11.92,1545545,87154,5.6,0,0,0.0,1007,752,78,1.03,0.96,7.21,14.90,2455,8
2026-05-16 15:57:28,3.8,12.69,11.76,12.02,1545545,87188,5.6,0,0,0.0,1007,752,78,1.03,1.09,7.64,14.55,2456,5
2026-05-16 15:58:28,4.0,11.99,11.66,11.96,1545545,87191,5.6,0,0,0.0,1007,752,78,2.07,0.95,7.62,14.50,2470,5
2026-05-16 15:59:29,1.8,11.59,11.61,11.92,1545545,87170,5.6,0,0,0.0,1007,752,78,1.03,0.89,9.07,16.08,2468,2
2026-05-16 16:00:29,1.4,12.94,12.02,12.05,1545545,87182,5.6,0,0,0.0,1007,752,78,1.03,0.97,12.09,19.08,2475,5
2026-05-16 16:01:29,1.2,12.90,12.30,12.15,1545545,87158,5.6,0,0,0.0,1007,752,78,1.03,3.24,5.67,13.16,2476,9
2026-05-16 16:02:30,1.5,10.77,11.77,11.97,1545545,87170,5.6,0,0,0.0,1007,752,78,1.31,1.14,0.89,7.97,2475,3
2026-05-16 16:03:30,1.1,11.69,11.92,12.01,1545545,87191,5.6,0,0,0.0,1007,752,78,1.18,1.00,7.84,15.71,2475,2
2026-05-16 16:04:30,1.2,12.94,12.24,12.12,1545545,87163,5.6,0,0,0.0,1007,752,78,1.03,0.97,9.32,17.13,2471,1
2026-05-16 16:05:31,1.1,10.76,11.71,11.94,1545545,87162,5.6,0,0,0.0,1007,752,78,1.03,0.89,0.88,8.01,2471,3
2026-05-16 16:06:31,1.1,11.08,11.65,11.91,1545545,87156,5.6,0,0,0.0,1007,752,78,1.03,0.92,5.30,12.93,2470,5
2026-05-16 16:07:31,4.1,13.01,12.08,12.04,1545545,87196,5.6,0,0,0.0,1007,752,78,1.03,1.08,7.86,15.13,2478,5
2026-05-16 16:08:32,1.1,12.72,12.19,12.08,1545545,87191,5.6,0,0,0.0,1007,752,78,1.03,0.79,9.49,17.01,2474,3
2026-05-16 16:09:32,2.9,13.12,12.32,12.13,1545545,87175,5.6,0,0,0.0,1007,752,78,1.03,1.02,7.90,15.21,2465,5
2026-05-16 16:10:32,1.3,11.49,12.09,12.07,1545545,87152,5.6,0,0,0.0,1007,752,78,1.03,1.07,2.74,10.24,2470,8
2026-05-16 16:11:33,4.2,11.45,11.91,12.00,1545545,87189,5.6,0,0,0.0,1007,752,78,1.03,0.84,5.03,12.52,2478,8
2026-05-16 16:12:33,1.3,10.40,11.56,11.88,1545545,87184,5.6,0,0,0.0,1007,752,78,1.03,0.94,4.46,12.00,2486,2
2026-05-16 16:13:33,2.6,12.11,11.92,11.98,1545545,87185,5.6,0,0,0.0,1007,752,78,1.03,0.97,4.34,11.53,2490,2
2026-05-16 16:14:34,1.1,12.25,11.87,11.95,1545545,87183,5.6,0,0,0.0,1007,752,78,1.03,0.98,5.67,13.21,2475,6
2026-05-16 16:15:34,3.2,14.15,12.44,12.14,1545545,87193,5.6,0,0,0.0,1007,752,78,1.03,0.98,8.96,17.01,2499,6
2026-05-16 16:16:34,0.9,12.45,12.34,12.13,1545545,87189,5.6,0,0,0.0,1007,752,78,1.03,1.11,7.43,14.79,2494,1
2026-05-16 16:17:35,1.4,9.88,11.62,11.89,1545545,87217,5.6,0,0,0.0,1007,752,78,1.03,1.07,0.89,7.98,2478,4
2026-05-16 16:18:35,1.1,9.46,11.19,11.73,1545545,87197,5.6,0,0,0.0,1007,752,78,1.03,0.82,1.29,8.47,2483,1
2026-05-16 16:19:35,3.3,10.92,11.17,11.68,1545545,87185,5.6,0,0,0.0,1007,752,78,1.55,0.93,4.35,11.62,2493,5
2026-05-16 16:20:36,1.8,9.99,10.87,11.55,1545545,87165,5.6,0,0,0.0,1007,752,78,1.10,0.93,2.19,9.34,2472,3
2026-05-16 16:21:36,3.1,10.90,10.91,11.51,1545545,87182,5.6,0,0,0.0,1007,752,78,1.03,1.17,6.84,14.20,2477,7
2026-05-16 16:22:36,1.1,10.41,10.80,11.44,1545545,87202,5.6,0,0,0.0,1007,752,78,1.04,1.04,4.64,12.12,2480,1
2026-05-16 16:23:37,7.6,9.61,10.49,11.29,1545545,87213,5.6,0,0,0.0,1007,752,78,1.03,0.89,2.41,9.63,2478,21
2026-05-16 16:24:37,1.1,11.05,10.85,11.37,1545545,87180,5.6,0,0,0.0,1007,752,78,1.03,0.98,5.82,13.11,2487,3
2026-05-16 16:25:37,1.0,10.30,10.66,11.27,1545545,87175,5.6,0,0,0.0,1007,752,78,1.22,1.00,0.91,8.11,2483,1
2026-05-16 16:26:38,1.3,10.90,10.74,11.26,1545545,87187,5.6,0,0,0.0,1007,752,78,1.06,1.10,4.50,11.78,2483,5
2026-05-16 16:27:38,3.3,10.26,10.58,11.17,1545545,87217,5.6,0,0,0.0,1007,752,78,1.04,0.98,1.11,8.29,2475,4
2026-05-16 16:28:38,1.2,12.39,11.24,11.36,1545545,87195,5.6,0,0,0.0,1007,752,78,1.30,0.99,7.71,15.39,2486,1
2026-05-16 16:29:39,1.1,12.68,11.52,11.45,1545545,87176,5.6,0,0,0.0,1007,752,78,1.03,0.93,7.12,14.14,2492,2
2026-05-16 16:30:39,3.1,12.39,11.62,11.49,1545545,87199,5.6,0,0,0.0,1007,752,78,1.03,0.82,8.43,16.21,2503,5
2026-05-16 16:31:39,0.8,11.64,11.53,11.47,1545545,87188,5.6,0,0,0.0,1007,752,78,1.18,1.07,4.86,12.41,2491,6
2026-05-16 16:32:40,1.6,11.15,11.44,11.44,1545545,87208,5.6,0,0,0.0,1007,752,78,1.13,0.97,0.97,8.09,2483,6
2026-05-16 16:33:40,1.0,10.15,11.10,11.32,1545545,87222,5.6,0,0,0.0,1007,752,78,1.03,0.86,1.30,8.43,2488,1
2026-05-16 16:34:40,1.0,12.73,11.61,11.48,1545545,87200,5.6,0,0,0.0,1007,752,78,1.03,0.96,6.40,14.02,2481,6
2026-05-16 16:35:41,0.9,11.28,11.41,11.42,1545545,87204,5.6,0,0,0.0,1007,752,78,1.14,0.93,3.84,11.22,2471,7
2026-05-16 16:36:41,1.0,11.14,11.33,11.39,1545545,87202,5.6,0,0,0.0,1007,752,78,1.13,1.01,3.12,10.40,2459,1
2026-05-16 16:37:41,4.1,10.15,10.98,11.26,1545545,87231,5.6,0,0,0.0,1007,752,78,1.03,1.04,1.93,9.28,2478,5
2026-05-16 16:38:42,1.0,12.40,11.44,11.40,1545545,87224,5.6,0,0,0.0,1007,752,78,1.09,0.89,8.10,15.84,2469,2
2026-05-16 16:39:42,11.3,11.67,11.43,11.40,1545545,87204,5.6,0,0,0.0,1007,752,78,1.03,0.93,4.37,11.56,2460,3
2026-05-16 16:40:42,1.0,12.85,11.72,11.50,1545545,87204,5.6,0,0,0.0,1007,752,78,1.03,0.90,8.59,16.42,2466,4
2026-05-16 16:41:43,1.0,10.47,11.24,11.34,1545545,87197,5.6,0,0,0.0,1007,752,78,1.05,0.91,1.02,8.13,2457,1
2026-05-16 16:42:43,0.9,10.32,11.07,11.28,1545545,87214,5.6,0,0,0.0,1007,752,78,1.05,1.02,3.83,11.21,2460,1
2026-05-16 16:43:43,1.0,9.76,10.77,11.16,1545545,87226,5.6,0,0,0.0,1007,752,78,1.36,1.00,1.79,9.10,2462,5
2026-05-16 16:44:44,1.1,9.54,10.56,11.06,1545545,87208,5.6,0,0,0.0,1007,752,78,1.29,0.91,0.90,7.96,2460,1
2026-05-16 16:45:44,2.8,9.81,10.44,10.99,1545545,87215,5.6,0,0,0.0,1007,752,78,1.85,0.95,1.69,8.84,2452,12
2026-05-16 16:46:44,0.9,10.46,10.44,10.95,1545545,87227,5.6,0,0,0.0,1007,752,78,1.24,1.07,3.03,10.41,2460,3
2026-05-16 16:47:45,1.9,23.45,13.66,11.99,1545545,87253,5.6,0,0,0.0,1007,752,78,1.31,0.90,4.56,11.90,2454,7
2026-05-16 16:48:45,3.0,15.35,13.16,11.92,1545545,87237,5.6,0,0,0.0,1007,752,78,1.03,0.87,5.35,12.34,2456,6
2026-05-16 16:49:45,1.2,12.30,12.68,11.84,1545545,87190,5.6,0,0,0.0,1007,752,78,1.03,1.09,6.33,13.72,2476,5
2026-05-16 16:50:46,1.1,11.50,12.29,11.75,1545545,87218,5.6,0,0,0.0,1007,752,78,1.03,0.75,6.42,14.01,2476,9
2026-05-16 16:51:46,3.2,11.79,12.13,11.73,1545545,87251,5.6,0,0,0.0,1007,752,78,1.03,1.02,2.69,9.97,2486,5
2026-05-16 16:52:46,0.9,10.48,11.74,11.62,1545545,87237,5.6,0,0,0.0,1007,752,78,1.03,0.89,4.99,12.51,2488,2
2026-05-16 16:53:47,1.1,10.78,11.55,11.56,1545545,87232,5.6,0,0,0.0,1007,752,78,1.03,0.93,3.49,10.78,2481,4
2026-05-16 16:54:47,10.8,10.09,11.17,11.42,1545545,87230,5.6,0,0,0.0,1007,752,78,1.04,1.02,1.98,9.27,2481,25
2026-05-16 16:55:47,3.1,10.93,11.18,11.40,1545545,87221,5.6,0,0,0.0,1007,752,78,1.03,0.89,9.98,16.85,2466,5
2026-05-16 16:56:48,0.9,11.05,11.18,11.39,1545545,87215,5.6,0,0,0.0,1007,752,78,1.03,1.09,7.87,15.50,2478,2
2026-05-16 16:57:48,3.1,10.58,10.99,11.31,1545545,87257,5.6,0,0,0.0,1007,752,78,1.03,1.04,6.15,13.73,2472,14
2026-05-16 16:58:48,0.8,11.38,11.15,11.34,1545545,87232,5.6,0,0,0.0,1007,752,78,1.03,0.84,10.70,18.09,2456,6
2026-05-16 16:59:49,0.8,9.95,10.76,11.20,1545545,87217,5.6,0,0,0.0,1007,752,78,1.03,1.01,1.03,8.12,2456,7
2026-05-16 17:00:49,1.9,10.80,10.83,11.19,1545545,87238,5.6,0,0,0.0,1007,752,78,1.10,1.01,9.12,15.95,2459,6
2026-05-16 17:01:49,2.0,12.40,11.32,11.34,1545545,87240,5.6,0,0,0.0,1007,752,78,1.03,1.06,13.27,19.49,2458,4
2026-05-16 17:02:50,1.3,10.83,11.06,11.25,1545545,87245,5.6,0,0,0.0,1007,752,78,1.31,0.90,2.13,9.20,2474,1
2026-05-16 17:03:50,1.0,10.02,10.80,11.15,1545545,87252,5.6,0,0,0.0,1007,752,78,1.25,0.94,1.25,8.39,2474,2
2026-05-16 17:04:50,1.6,10.47,10.74,11.10,1545545,87252,5.6,0,0,0.0,1007,752,78,1.05,0.95,3.35,10.72,2477,5
2026-05-16 17:05:51,1.3,11.78,11.12,11.21,1545545,87240,5.6,0,0,0.0,1007,752,78,1.03,1.04,6.64,13.91,2475,3
2026-05-16 17:06:51,1.1,12.10,11.34,11.28,1545545,87239,5.6,0,0,0.0,1007,752,78,1.25,1.05,6.12,13.54,2471,7
2026-05-16 17:07:51,2.1,12.85,11.58,11.36,1545545,87290,5.6,0,0,0.0,1007,752,78,2.07,1.04,8.36,15.45,2454,3
2026-05-16 17:08:52,0.9,11.36,11.45,11.33,1545545,87283,5.6,0,0,0.0,1007,752,78,1.03,0.82,3.90,11.08,2462,3
2026-05-16 17:09:52,0.9,10.68,11.23,11.26,1545545,87241,5.6,0,0,0.0,1007,752,78,1.12,0.88,7.86,14.97,2462,1
2026-05-16 17:10:52,1.2,11.45,11.40,11.32,1545545,87232,5.6,0,0,0.0,1007,752,78,1.09,1.00,6.50,14.19,2467,4
2026-05-16 17:11:52,0.9,9.90,10.95,11.17,1545545,87236,5.6,0,0,0.0,1007,752,78,1.11,1.20,1.04,8.16,2473,2
2026-05-16 17:12:53,3.5,12.87,11.41,11.30,1545545,87280,5.6,0,0,0.0,1007,752,78,1.05,0.82,3.91,11.26,2474,5
2026-05-16 17:13:53,2.0,16.63,12.70,11.75,1545545,87284,5.6,0,0,0.0,1007,752,78,1.46,0.97,8.47,15.31,2469,2
2026-05-16 17:14:53,2.9,18.86,14.02,12.26,1545545,87249,5.6,0,0,0.0,1007,752,78,1.08,0.93,10.67,18.15,2475,27
2026-05-16 17:15:54,1.2,21.16,15.52,12.88,1545545,87269,5.6,0,0,0.0,1007,752,78,1.14,1.00,9.49,17.17,2471,2
2026-05-16 17:16:54,1.0,15.63,14.88,12.82,1545545,87246,5.6,0,0,0.0,1007,752,78,1.09,1.09,1.46,8.71,2461,1
2026-05-16 17:17:54,1.1,16.74,15.31,13.09,1545545,87269,5.6,0,0,0.0,1007,752,78,1.10,0.99,6.60,13.85,2467,2
2026-05-16 17:18:55,1.7,15.07,15.03,13.13,1545545,87287,5.6,0,0,0.0,1007,752,78,1.16,0.89,5.26,12.80,2484,4
2026-05-16 17:19:55,1.0,13.07,14.63,13.12,1545545,87247,5.6,0,0,0.0,1007,752,78,1.03,0.88,5.29,12.27,2479,5
2026-05-16 17:20:55,3.1,13.93,14.55,13.19,1545545,87275,5.6,0,0,0.0,1007,752,78,1.03,0.93,4.23,11.71,2473,5
2026-05-16 17:21:56,3.1,16.04,15.10,13.46,1545545,87282,5.6,0,0,0.0,1007,752,78,1.03,2.55,9.27,17.15,2484,3
2026-05-16 17:22:56,1.1,14.32,14.91,13.51,1545545,87283,5.6,0,0,0.0,1007,752,78,1.03,0.86,8.16,15.21,2469,5
2026-05-16 17:23:56,0.9,10.72,13.76,13.20,1545545,87251,5.6,0,0,0.0,1007,752,78,1.03,0.98,0.87,7.99,2464,2
2026-05-16 17:24:57,1.0,19.14,15.24,13.72,1545545,87250,5.6,0,0,0.0,1007,752,78,1.12,1.03,6.03,13.60,2459,3
2026-05-16 17:25:57,1.1,13.67,14.42,13.53,1545545,87249,5.6,0,0,0.0,1007,752,78,1.08,0.98,2.00,9.24,2474,3
2026-05-16 17:26:57,1.1,12.54,14.05,13.47,1545545,87253,5.6,0,0,0.0,1007,752,78,1.03,1.07,7.70,14.62,2470,6
2026-05-16 17:27:58,3.1,14.18,14.34,13.61,1545545,87291,5.6,0,0,0.0,1007,752,78,1.08,1.08,7.88,15.70,2469,5
2026-05-16 17:28:58,3.2,14.69,14.49,13.71,1545545,87268,5.6,0,0,0.0,1007,752,78,1.13,1.07,11.59,19.13,2460,5
2026-05-16 17:29:58,3.3,13.58,14.26,13.69,1545545,87279,5.6,0,0,0.0,1007,752,78,1.03,0.90,6.82,14.48,2456,6
2026-05-16 17:30:59,1.0,11.60,13.60,13.50,1545545,87262,5.6,0,0,0.0,1007,752,78,1.03,0.89,5.33,12.87,2471,1
2026-05-16 17:31:59,1.6,14.84,13.99,13.63,1545545,87305,5.6,0,0,0.0,1007,752,78,1.03,0.90,9.59,16.97,2476,8
2026-05-16 17:32:59,1.1,11.81,13.25,13.39,1545545,87332,5.7,0,0,0.0,1007,752,78,1.03,1.00,3.13,9.91,2486,3
2026-05-16 17:34:00,1.1,12.23,13.15,13.35,1545545,87283,5.6,0,0,0.0,1007,752,78,1.03,0.90,7.90,15.29,2482,2
2026-05-16 17:35:00,3.2,11.85,12.83,13.22,1545545,87292,5.6,0,0,0.0,1007,752,78,1.03,1.11,5.24,12.72,2483,3
2026-05-16 17:36:00,1.7,11.54,12.63,13.13,1545545,87270,5.6,0,0,0.0,1007,752,78,1.03,0.96,3.21,10.51,2472,2
2026-05-16 17:37:01,2.8,10.48,12.10,12.92,1545545,87325,5.7,0,0,0.0,1007,752,78,1.13,1.03,2.08,9.26,2471,8
2026-05-16 17:38:01,1.0,11.73,12.18,12.89,1545545,87292,5.6,0,0,0.0,1007,752,78,1.03,0.85,4.51,12.02,2467,1
2026-05-16 17:39:01,3.2,10.54,11.73,12.69,1545545,87280,5.6,0,0,0.0,1007,752,78,1.10,1.01,2.81,10.17,2475,5
2026-05-16 17:40:02,1.0,10.77,11.61,12.59,1545545,87260,5.6,0,0,0.0,1007,752,78,1.03,1.01,1.67,8.85,2473,4
2026-05-16 17:41:02,0.9,11.05,11.55,12.50,1545545,87260,5.6,0,0,0.0,1007,752,78,1.03,0.86,9.04,16.36,2461,1
2026-05-16 17:42:02,2.8,10.45,11.27,12.35,1545545,87307,5.6,0,0,0.0,1007,752,78,1.03,0.87,2.86,10.23,2469,6
2026-05-16 17:43:03,3.0,11.98,11.50,12.36,1545545,87319,5.6,0,0,0.0,1007,752,78,1.10,1.02,4.12,11.54,2468,3
2026-05-16 17:44:03,2.9,11.34,11.38,12.25,1545545,87299,5.6,0,0,0.0,1007,752,78,1.03,0.93,2.99,10.38,2462,5
2026-05-16 17:45:03,0.9,10.17,11.08,12.10,1545545,87278,5.6,0,0,0.0,1007,752,78,1.09,1.13,4.10,11.48,2474,4
2026-05-16 17:46:04,2.7,12.51,11.44,12.15,1545545,87289,5.6,0,0,0.0,1007,752,78,1.03,0.90,7.29,15.01,2484,5
2026-05-16 17:47:04,3.2,12.61,11.51,12.12,1545545,87312,5.6,0,0,0.0,1007,752,78,1.41,1.11,3.27,10.63,2474,4
2026-05-16 17:48:04,1.0,11.62,11.55,12.10,1545545,87294,5.6,0,0,0.0,1007,752,78,1.10,0.89,2.77,10.05,2476,7
2026-05-16 17:49:05,2.4,11.91,11.62,12.09,1545545,87298,5.6,0,0,0.0,1007,752,78,1.03,0.97,10.10,17.88,2483,6
2026-05-16 17:50:05,1.0,11.22,11.47,12.00,1545545,87278,5.6,0,0,0.0,1007,752,78,1.03,1.04,5.71,13.36,2473,2
2026-05-16 17:51:05,3.5,11.37,11.43,11.95,1545545,87292,5.6,0,0,0.0,1007,752,78,1.16,0.88,8.14,15.31,2475,13
2026-05-16 17:52:06,3.1,10.93,11.27,11.87,1545545,87317,5.6,0,0,0.0,1007,752,78,1.03,1.06,4.47,11.76,2483,3
2026-05-16 17:53:06,1.2,10.31,11.03,11.74,1545545,87299,5.6,0,0,0.0,1007,752,78,1.03,0.96,1.07,8.24,2471,1
2026-05-16 17:54:06,1.3,11.79,11.37,11.82,1545545,87290,5.6,0,0,0.0,1007,752,78,1.03,0.78,8.92,16.20,2472,6
2026-05-16 17:55:07,3.0,12.08,11.56,11.85,1545545,87307,5.6,0,0,0.0,1007,752,78,1.03,1.02,8.57,15.87,2483,5
2026-05-16 17:56:07,9.4,9.92,11.04,11.66,1545545,87300,5.6,0,0,0.0,1007,752,78,1.03,1.15,1.88,9.12,2474,8
2026-05-16 17:57:07,3.0,10.52,11.04,11.62,1545545,87330,5.7,0,0,0.0,1007,752,78,1.10,1.02,6.95,14.70,2475,4
2026-05-16 17:58:08,1.3,11.21,11.15,11.62,1545545,87317,5.6,0,0,0.0,1007,752,78,1.03,0.92,7.33,14.29,2481,3
2026-05-16 17:59:08,1.0,10.10,10.85,11.49,1545545,87297,5.6,0,0,0.0,1007,752,78,1.03,0.91,0.89,8.06,2473,1
2026-05-16 18:00:08,2.9,10.57,10.87,11.45,1545545,87297,5.6,0,0,0.0,1007,752,78,1.07,0.93,5.45,12.99,2471,4
2026-05-16 18:01:09,3.0,10.17,10.68,11.35,1545545,87303,5.6,0,0,0.0,1007,752,78,1.03,1.07,3.41,10.71,2470,4
2026-05-16 18:02:09,1.1,9.35,10.35,11.19,1545545,87314,5.6,0,0,0.0,1007,752,78,1.03,1.11,2.07,9.37,2463,1
2026-05-16 18:03:09,3.3,10.85,10.58,11.21,1545545,87366,5.7,0,0,0.0,1007,752,78,1.03,0.91,4.29,11.61,2461,5
2026-05-16 18:04:10,1.0,11.77,10.90,11.28,1545545,87303,5.6,0,0,0.0,1007,752,78,1.03,1.01,6.18,13.44,2465,2
2026-05-16 18:05:10,1.0,11.96,11.15,11.35,1545545,87290,5.6,0,0,0.0,1007,752,78,1.08,0.89,5.84,13.14,2472,1
2026-05-16 18:06:10,2.4,10.19,10.79,11.21,1545545,87289,5.6,0,0,0.0,1007,752,78,1.03,0.92,1.30,8.39,2467,5
2026-05-16 18:07:11,0.9,11.53,11.11,11.29,1545545,87315,5.6,0,0,0.0,1007,752,78,1.03,1.24,6.67,14.24,2474,3
2026-05-16 18:08:11,3.0,11.52,11.18,11.31,1545545,87340,5.7,0,0,0.0,1007,752,78,1.03,0.88,10.28,17.95,2482,5
2026-05-16 18:09:11,0.9,10.80,11.10,11.27,1545545,87295,5.6,0,0,0.0,1007,752,78,1.03,0.87,4.77,11.87,2482,6
2026-05-16 18:10:12,0.9,10.39,10.95,11.21,1545545,87292,5.6,0,0,0.0,1007,752,78,1.03,0.96,4.52,12.01,2465,5
2026-05-16 18:11:12,1.0,9.94,10.76,11.13,1545545,87282,5.6,0,0,0.0,1007,752,78,1.14,0.86,2.80,10.04,2469,3
2026-05-16 18:12:12,4.5,11.12,11.02,11.20,1545545,87328,5.7,0,0,0.0,1007,752,78,1.29,1.08,7.76,15.36,2477,7
2026-05-16 18:13:13,3.1,13.78,11.71,11.42,1545545,87336,5.7,0,0,0.0,1007,752,78,1.05,0.97,12.75,20.26,2446,5
2026-05-16 18:14:13,0.9,11.38,11.42,11.34,1545545,87295,5.6,0,0,0.0,1007,752,78,1.03,0.89,8.01,14.29,2451,3
2026-05-16 18:15:13,1.1,10.60,11.18,11.26,1545545,87296,5.6,0,0,0.0,1007,752,78,1.55,1.00,5.96,12.97,2470,2
2026-05-16 18:16:14,3.4,11.25,11.20,11.26,1545545,87319,5.6,0,0,0.0,1007,752,78,1.30,0.96,5.09,12.51,2475,11
2026-05-16 18:17:14,2.7,11.65,11.33,11.30,1545545,87346,5.7,0,0,0.0,1007,752,78,1.09,1.02,4.19,11.44,2472,20
2026-05-16 18:18:14,2.9,14.04,12.29,11.65,1545545,87353,5.7,0,0,0.0,1007,752,78,1.03,1.05,9.07,16.96,2493,2
2026-05-16 18:19:15,2.5,12.89,12.26,11.68,1545545,87290,5.6,0,0,0.0,1007,752,78,1.16,0.85,2.42,9.71,2492,5
2026-05-16 18:20:15,1.0,13.25,12.48,11.79,1545545,87297,5.6,0,0,0.0,1007,752,78,1.03,0.96,8.69,15.80,2481,3
2026-05-16 18:21:15,3.2,12.23,12.27,11.76,1545545,87320,5.6,0,0,0.0,1007,752,78,1.03,0.88,5.92,13.42,2474,9
2026-05-16 18:22:16,1.1,12.36,12.42,11.85,1545545,87323,5.6,0,0,0.0,1007,752,78,1.03,1.27,10.63,17.24,2475,2
2026-05-16 18:23:16,0.9,12.97,12.57,11.94,1545545,87359,5.7,0,0,0.0,1007,752,78,1.03,0.83,7.00,14.33,2469,6
2026-05-16 18:24:16,0.9,10.62,11.99,11.78,1545545,87303,5.6,0,0,0.0,1007,752,78,1.03,1.02,1.05,8.23,2470,4
2026-05-16 18:25:17,1.7,12.24,12.22,11.87,1545545,87322,5.6,0,0,0.0,1007,752,78,1.10,1.12,9.95,17.41,2474,5
2026-05-16 18:26:17,1.1,10.97,11.89,11.78,1545545,87300,5.6,0,0,0.0,1007,752,78,1.03,0.97,3.29,10.41,2476,7
2026-05-16 18:27:17,1.1,10.61,11.59,11.68,1545545,87334,5.7,0,0,0.0,1007,752,78,1.14,1.12,3.09,10.53,2470,7
2026-05-16 18:28:18,1.2,11.44,11.64,11.69,1545545,87340,5.7,0,0,0.0,1007,752,78,1.04,0.95,8.07,15.45,2482,1
2026-05-16 18:29:18,1.7,12.72,12.02,11.82,1545545,87339,5.7,0,0,0.0,1007,752,78,1.18,0.81,11.95,19.51,2488,4
2026-05-16 18:30:18,1.0,10.77,11.59,11.69,1545545,87319,5.6,0,0,0.0,1007,752,78,1.20,1.06,3.80,10.76,2480,5
2026-05-16 18:31:19,1.2,9.74,11.14,11.52,1545545,87306,5.6,0,0,0.0,1007,752,78,1.11,0.91,0.86,7.96,2476,1
2026-05-16 18:32:19,2.0,10.51,11.06,11.47,1545545,87350,5.7,0,0,0.0,1007,752,78,1.12,0.93,4.40,11.88,2496,4
2026-05-16 18:33:19,1.2,11.64,11.27,11.51,1545545,87342,5.7,0,0,0.0,1007,752,78,1.03,0.90,7.80,15.34,2487,8
2026-05-16 18:34:20,2.0,11.68,11.29,11.50,1545545,87316,5.6,0,0,0.0,1007,752,78,1.09,0.94,6.62,13.59,2488,5
2026-05-16 18:35:20,2.9,12.22,11.61,11.60,1545545,87321,5.6,0,0,0.0,1007,752,78,1.62,1.05,10.65,18.68,2487,8
2026-05-16 18:36:20,1.1,11.63,11.52,11.57,1545545,87305,5.6,0,0,0.0,1007,752,78,1.16,0.98,4.79,12.14,2478,3
2026-05-16 18:37:21,3.0,13.27,11.80,11.65,1545545,87356,5.7,0,0,0.0,1007,752,78,1.09,1.04,4.89,12.31,2461,4
2026-05-16 18:38:21,2.3,13.32,12.02,11.73,1545545,87359,5.7,0,0,0.0,1007,752,78,1.07,0.97,12.88,19.66,2465,9
2026-05-16 18:39:21,1.1,13.54,12.28,11.84,1545545,87330,5.7,0,0,0.0,1007,752,78,1.03,0.91,7.70,14.99,2467,2
2026-05-16 18:40:22,11.0,12.60,12.20,11.83,1545545,87322,5.6,0,0,0.0,1007,752,78,1.03,0.89,6.38,14.00,2467,20
2026-05-16 18:41:22,3.1,12.61,12.27,11.88,1545545,87332,5.7,0,0,0.0,1007,752,78,1.03,0.98,12.02,19.80,2464,4
2026-05-16 18:42:22,2.4,12.51,12.31,11.92,1545545,87319,5.6,0,0,0.0,1007,752,78,1.55,1.04,7.92,15.79,2474,6
2026-05-16 18:43:23,2.9,11.50,11.99,11.83,1545545,87351,5.7,0,0,0.0,1007,752,78,1.54,0.89,3.05,10.17,2460,8
2026-05-16 18:44:23,2.9,11.38,11.91,11.81,1545545,87306,5.6,0,0,0.0,1007,752,78,1.29,0.96,9.62,16.38,2470,5
2026-05-16 18:45:23,1.0,9.95,11.41,11.64,1545545,87299,5.6,0,0,0.0,1007,752,78,1.06,1.00,1.44,8.57,2459,3
2026-05-16 18:46:24,0.9,10.01,11.16,11.54,1545545,87300,5.6,0,0,0.0,1007,752,78,1.11,0.98,2.75,9.97,2472,1
2026-05-16 18:47:24,1.0,10.14,10.98,11.46,1545545,87321,5.6,0,0,0.0,1007,752,78,1.19,1.11,7.60,14.33,2477,7
2026-05-16 18:48:24,0.9,12.29,11.43,11.58,1545545,87334,5.7,0,0,0.0,1007,752,78,1.26,0.90,6.70,13.82,2480,1
2026-05-16 18:49:25,3.6,10.64,11.09,11.45,1545545,87325,5.7,0,0,0.0,1007,752,78,1.10,0.95,1.76,8.91,2473,6
2026-05-16 18:50:25,3.1,10.73,11.07,11.42,1545545,87318,5.6,0,0,0.0,1007,752,78,1.03,0.88,9.87,16.60,2489,5
2026-05-16 18:51:25,2.9,12.95,11.61,11.59,1545545,87324,5.7,0,0,0.0,1007,752,78,1.03,0.86,9.51,17.14,2485,5
2026-05-16 18:52:26,1.2,11.07,11.35,11.50,1545545,87319,5.6,0,0,0.0,1007,752,78,1.04,1.07,5.55,13.11,2487,1
2026-05-16 18:53:26,2.9,13.75,11.95,11.69,1545545,87343,5.7,0,0,0.0,1007,752,78,1.03,0.99,12.00,19.83,2484,28
2026-05-16 18:54:26,1.0,11.48,11.70,11.63,1545545,87306,5.6,0,0,0.0,1007,752,78,1.03,0.82,1.40,8.54,2484,2
2026-05-16 18:55:27,1.1,10.28,11.31,11.50,1545545,87303,5.6,0,0,0.0,1007,752,78,1.03,1.05,0.88,7.97,2473,3
2026-05-16 18:56:27,1.0,9.68,10.95,11.36,1545545,87304,5.6,0,0,0.0,1007,752,78,1.07,0.97,1.31,8.47,2463,1
2026-05-16 18:57:27,3.0,12.34,11.28,11.44,1545545,87337,5.7,0,0,0.0,1007,752,78,1.10,0.96,2.66,9.99,2447,10
2026-05-16 18:58:28,4.1,21.31,13.97,12.35,1545545,87342,5.7,0,0,0.0,1007,752,78,1.03,1.05,12.50,19.58,2463,6
2026-05-16 18:59:28,3.5,17.32,14.18,12.52,1545545,87325,5.7,0,0,0.0,1007,752,78,1.03,0.99,6.56,13.94,2472,8
2026-05-16 19:00:29,1.3,15.49,14.25,12.65,1545545,87307,5.6,0,0,0.0,1007,752,78,2.07,0.79,6.38,13.57,2467,2
2026-05-16 19:01:29,1.0,12.87,13.82,12.61,1545545,87313,5.6,0,0,0.0,1007,752,78,0.00,1.02,3.09,10.42,2478,2
2026-05-16 19:02:29,1.2,11.58,13.34,12.52,1545545,87326,5.7,0,0,0.0,1007,752,78,2.07,1.05,1.32,8.46,2476,2
2026-05-16 19:03:30,1.6,10.83,12.92,12.43,1545545,87344,5.7,0,0,0.0,1007,752,78,1.11,1.01,5.00,12.53,2465,3
2026-05-16 19:04:30,1.5,9.41,12.13,12.19,1545545,87315,5.6,0,0,0.0,1007,752,78,1.03,0.95,0.96,8.19,2452,2
2026-05-16 19:05:30,1.3,9.66,11.72,12.04,1545545,87312,5.6,0,0,0.0,1007,752,78,1.25,0.97,0.88,8.12,2454,6
2026-05-16 19:06:31,2.5,13.47,12.41,12.26,1545545,87330,5.7,0,0,0.0,1007,752,78,1.03,0.96,5.37,12.75,2453,4
2026-05-16 19:07:31,1.1,10.67,11.77,12.05,1545545,87351,5.7,0,0,0.0,1007,752,78,1.09,0.90,0.92,7.98,2470,2
2026-05-16 19:08:31,3.3,10.54,11.47,11.92,1545545,87371,5.7,0,0,0.0,1007,752,78,1.03,0.92,4.44,11.98,2472,3
2026-05-16 19:09:32,1.0,12.37,11.81,12.01,1545545,87350,5.7,0,0,0.0,1007,752,78,1.03,1.03,9.00,16.14,2468,4
2026-05-16 19:10:32,1.3,10.42,11.40,11.86,1545545,87318,5.6,0,0,0.0,1007,752,78,1.03,0.84,1.97,9.18,2466,6
2026-05-16 19:11:32,3.1,10.79,11.28,11.78,1545545,87356,5.7,0,0,0.0,1007,752,78,1.10,0.93,3.82,11.23,2463,11
2026-05-16 19:12:33,2.4,12.45,11.72,11.91,1545545,87363,5.7,0,0,0.0,1007,752,78,1.03,0.98,12.80,19.27,2457,4
2026-05-16 19:13:33,3.2,11.41,11.51,11.82,1545545,87382,5.7,0,0,0.0,1007,752,78,1.03,0.95,13.58,19.37,2460,3
2026-05-16 19:14:33,0.9,11.96,11.66,11.85,1545545,87353,5.7,0,0,0.0,1007,752,78,1.03,0.89,12.74,18.98,2464,1
2026-05-16 19:15:33,1.1,12.44,11.87,11.91,1545545,87337,5.7,0,0,0.0,1007,752,78,1.03,1.05,7.62,14.62,2469,1
2026-05-16 19:16:34,3.1,13.14,12.06,11.97,1545545,87361,5.7,0,0,0.0,1007,752,78,1.03,0.94,6.06,13.40,2469,8
2026-05-16 19:17:34,1.1,10.83,11.59,11.81,1545545,87359,5.7,0,0,0.0,1007,752,78,1.05,1.04,1.01,8.18,2470,4
2026-05-16 19:18:34,1.2,11.45,11.50,11.76,1545545,87383,5.7,0,0,0.0,1007,752,78,1.03,0.88,2.00,9.20,2468,7
2026-05-16 19:19:35,4.4,12.19,11.66,11.80,1545545,87359,5.7,0,0,0.0,1007,752,78,1.03,0.96,9.47,16.50,2466,3
2026-05-16 19:20:35,2.2,12.18,11.73,11.81,1545545,87346,5.7,0,0,0.0,1007,752,78,1.03,1.05,7.37,15.14,2465,2
2026-05-16 19:21:35,1.1,12.39,11.80,11.82,1545545,87361,5.7,0,0,0.0,1007,752,78,1.03,0.91,5.64,13.21,2462,4
2026-05-16 19:22:36,1.2,12.79,12.10,11.93,1545545,87375,5.7,0,0,0.0,1007,752,78,1.03,1.19,4.57,12.01,2461,1
2026-05-16 19:23:36,3.3,12.23,12.02,11.91,1545545,87407,5.7,0,0,0.0,1007,752,78,1.04,1.02,10.21,18.36,2479,7
2026-05-16 19:24:36,1.1,11.07,11.74,11.82,1545545,87355,5.7,0,0,0.0,1007,752,78,1.03,0.76,3.24,10.53,2481,6
2026-05-16 19:25:37,11.2,10.12,11.32,11.67,1545545,87364,5.7,0,0,0.0,1007,752,78,1.09,1.07,3.25,10.39,2504,22
2026-05-16 19:26:37,1.1,10.92,11.49,11.71,1545545,87356,5.7,0,0,0.0,1007,752,78,1.03,1.27,3.23,10.69,2498,2
2026-05-16 19:27:37,1.0,9.70,11.03,11.54,1545545,87366,5.7,0,0,0.0,1007,752,78,1.03,0.88,0.90,8.09,2486,6
2026-05-16 19:28:38,3.3,9.54,10.71,11.40,1545545,87398,5.7,0,0,0.0,1007,752,78,1.03,0.89,1.08,8.19,2489,5
2026-05-16 19:29:38,3.3,12.83,11.63,11.68,1545545,87363,5.7,0,0,0.0,1007,752,78,1.03,0.89,10.78,18.82,2488,5
2026-05-16 19:30:38,1.5,13.37,11.99,11.80,1545545,87368,5.7,0,0,0.0,1007,752,78,1.03,0.96,5.98,13.43,2467,7
2026-05-16 19:31:39,1.0,11.38,11.69,11.71,1545545,87341,5.7,0,0,0.0,1007,752,78,1.03,1.11,1.02,8.24,2473,1
2026-05-16 19:32:39,1.0,10.18,11.30,11.57,1545545,87374,5.7,0,0,0.0,1007,752,78,1.03,1.02,0.89,8.06,2489,2
2026-05-16 19:33:39,1.5,11.04,11.27,11.54,1545545,87399,5.7,0,0,0.0,1007,752,78,1.03,0.87,4.00,11.12,2478,1
2026-05-16 19:34:40,1.1,12.40,11.60,11.64,1545545,87383,5.7,0,0,0.0,1007,752,78,1.03,0.84,8.45,15.84,2489,6
2026-05-16 19:35:40,0.9,10.44,11.21,11.50,1545545,87365,5.7,0,0,0.0,1007,752,78,1.03,0.93,1.26,8.46,2481,1
2026-05-16 19:36:40,1.1,10.47,10.99,11.40,1545545,87359,5.7,0,0,0.0,1007,752,78,1.03,1.15,1.61,8.78,2488,12
2026-05-16 19:37:41,1.0,11.68,11.17,11.43,1545545,87381,5.7,0,0,0.0,1007,752,78,1.03,1.07,7.69,14.81,2493,3
2026-05-16 19:38:41,1.1,9.77,10.73,11.27,1545545,87372,5.7,0,0,0.0,1007,752,78,1.03,0.91,0.90,8.07,2477,2
2026-05-16 19:39:41,1.3,12.80,11.40,11.46,1545545,87348,5.7,0,0,0.0,1007,752,78,1.03,1.03,8.36,15.36,2455,4
2026-05-16 19:40:42,2.9,11.80,11.41,11.46,1545545,87374,5.7,0,0,0.0,1007,752,78,1.03,0.93,4.88,12.19,2463,4
2026-05-16 19:41:42,3.1,11.26,11.34,11.43,1545545,87371,5.7,0,0,0.0,1007,752,78,1.11,1.00,6.03,13.68,2472,9
2026-05-16 19:42:42,3.1,11.82,11.48,11.48,1545545,87391,5.7,0,0,0.0,1007,752,78,1.03,0.87,4.51,11.94,2470,21
2026-05-16 19:43:43,1.2,12.91,12.04,11.68,1545545,87379,5.7,0,0,0.0,1007,752,78,1.03,0.94,7.99,15.22,2468,1
2026-05-16 19:44:43,3.0,12.10,11.88,11.64,1545545,87374,5.7,0,0,0.0,1007,752,78,1.03,1.04,3.81,11.28,2483,5
2026-05-16 19:45:43,3.2,11.55,11.70,11.59,1545545,87363,5.7,0,0,0.0,1007,752,78,1.03,0.98,4.79,12.32,2478,7
2026-05-16 19:46:44,1.1,11.42,11.61,11.56,1545545,87335,5.7,0,0,0.0,1007,752,78,1.03,1.05,5.32,12.91,2463,3
2026-05-16 19:47:44,1.0,10.64,11.38,11.49,1545545,87364,5.7,0,0,0.0,1007,752,78,1.03,0.91,4.94,12.47,2467,3
2026-05-16 19:48:44,3.0,10.63,11.21,11.42,1545545,87399,5.7,0,0,0.0,1007,752,78,1.14,0.91,3.79,11.15,2472,3
2026-05-16 19:49:45,3.6,17.39,12.81,11.95,1545545,87380,5.7,0,0,0.0,1007,752,78,1.03,0.96,7.81,15.54,2464,7
2026-05-16 19:50:45,1.1,12.64,12.25,11.80,1545545,87351,5.7,0,0,0.0,1007,752,78,1.03,0.89,2.67,9.98,2479,1
2026-05-16 19:51:45,1.2,10.20,11.60,11.60,1545545,87351,5.7,0,0,0.0,1007,752,78,1.03,1.02,0.90,7.97,2478,4
2026-05-16 19:52:46,3.3,10.17,11.32,11.51,1545545,87383,5.7,0,0,0.0,1007,752,78,1.03,0.86,2.56,9.84,2481,5
2026-05-16 19:53:46,1.1,10.78,11.27,11.47,1545545,87372,5.7,0,0,0.0,1007,752,78,1.03,0.99,8.41,16.30,2494,2
2026-05-16 19:54:46,3.1,9.89,10.93,11.34,1545545,87370,5.7,0,0,0.0,1007,752,78,1.03,0.97,3.06,10.40,2482,4
2026-05-16 19:55:47,1.0,9.53,10.66,11.23,1545545,87357,5.7,0,0,0.0,1007,752,78,1.03,0.93,1.87,8.99,2463,2
2026-05-16 19:56:47,0.9,11.42,10.95,11.28,1545545,87368,5.7,0,0,0.0,1007,752,78,1.03,1.06,0.93,8.07,2482,2
2026-05-16 19:57:47,2.7,14.15,11.73,11.53,1545545,87414,5.7,0,0,0.0,1007,752,78,1.03,0.93,7.12,14.61,2460,5
2026-05-16 19:58:48,3.2,14.27,12.13,11.67,1545545,87423,5.7,0,0,0.0,1007,752,78,1.03,0.98,12.31,19.98,2445,4
2026-05-16 19:59:48,3.1,11.63,11.74,11.57,1545545,87382,5.7,0,0,0.0,1007,752,78,1.03,1.00,4.24,11.80,2466,4
2026-05-16 20:00:48,0.9,12.31,11.95,11.65,1545545,87363,5.7,0,0,0.0,1007,752,78,1.03,0.93,5.98,13.40,2470,2
2026-05-16 20:01:49,1.9,11.81,11.81,11.62,1545545,87381,5.7,0,0,0.0,1007,752,78,1.03,5.61,3.42,10.82,2464,3
2026-05-16 20:02:49,0.9,12.50,11.93,11.66,1545545,87383,5.7,0,0,0.0,1007,752,78,1.03,0.91,4.20,11.67,2472,3
2026-05-16 20:03:49,1.3,13.36,12.19,11.77,1545545,87429,5.7,0,0,0.0,1007,752,78,1.03,0.92,7.37,14.00,2480,1
2026-05-16 20:04:50,3.1,10.81,11.68,11.62,1545545,87387,5.7,0,0,0.0,1007,752,78,1.03,0.89,1.48,8.61,2473,28
2026-05-16 20:05:50,1.1,9.88,11.28,11.48,1545545,87352,5.7,0,0,0.0,1007,752,78,1.03,0.94,3.06,10.46,2479,7
2026-05-16 20:06:50,2.6,9.31,10.83,11.31,1545545,87365,5.7,0,0,0.0,1007,752,78,1.03,1.16,0.88,8.03,2466,3
2026-05-16 20:07:51,1.0,10.51,10.91,11.31,1545545,87388,5.7,0,0,0.0,1007,752,78,1.12,0.95,5.76,13.15,2476,4
2026-05-16 20:08:51,1.1,10.42,10.83,11.26,1545545,87388,5.7,0,0,0.0,1007,752,78,1.05,0.92,7.06,14.31,2471,7
2026-05-16 20:09:51,1.0,9.97,10.59,11.15,1545545,87361,5.7,0,0,0.0,1007,752,78,1.03,0.90,1.28,8.36,2476,4
2026-05-16 20:10:52,2.7,11.01,10.71,11.15,1545545,87392,5.7,0,0,0.0,1007,752,78,2.07,1.06,7.50,14.74,2471,2
2026-05-16 20:11:52,1.0,9.76,10.39,11.01,1545545,87361,5.7,0,0,0.0,1007,752,78,1.03,1.06,1.48,8.55,2463,4
2026-05-16 20:12:52,3.2,12.74,11.18,11.24,1545545,87401,5.7,0,0,0.0,1007,752,78,1.03,0.85,4.23,11.81,2465,7
2026-05-16 20:13:53,3.4,13.01,11.57,11.37,1545545,87414,5.7,0,0,0.0,1007,752,78,1.03,0.97,9.01,16.91,2468,11
2026-05-16 20:14:53,3.1,12.59,11.67,11.42,1545545,87380,5.7,0,0,0.0,1007,752,78,1.38,1.03,8.89,16.41,2467,4
2026-05-16 20:15:53,3.2,11.55,11.53,11.38,1545545,87384,5.7,0,0,0.0,1007,752,78,1.03,1.00,4.88,12.16,2473,5
2026-05-16 20:16:54,3.0,11.98,11.66,11.44,1545545,87371,5.7,0,0,0.0,1007,752,78,1.03,1.02,6.51,14.23,2477,7
2026-05-16 20:17:54,2.9,12.80,12.02,11.58,1545545,87385,5.7,0,0,0.0,1007,752,78,1.03,0.99,10.87,17.58,2475,6
2026-05-16 20:18:54,2.7,11.72,11.81,11.54,1545545,87403,5.7,0,0,0.0,1007,752,78,1.03,0.93,6.50,14.02,2471,4
2026-05-16 20:19:55,2.1,11.80,11.87,11.57,1545545,87369,5.7,0,0,0.0,1007,752,78,1.03,0.89,10.97,18.16,2464,2
2026-05-16 20:20:55,2.2,11.32,11.71,11.54,1545545,87382,5.7,0,0,0.0,1007,752,78,1.03,0.88,9.45,16.21,2459,6
2026-05-16 20:21:55,3.1,11.76,11.92,11.63,1545545,87392,5.7,0,0,0.0,1007,752,78,1.03,1.20,8.16,14.97,2468,27
2026-05-16 20:22:56,4.2,10.73,11.58,11.53,1545545,87410,5.7,0,0,0.0,1007,752,78,1.03,1.03,5.41,13.04,2457,4
2026-05-16 20:23:56,3.2,12.99,12.05,11.70,1545545,87404,5.7,0,0,0.0,1007,752,78,1.03,0.83,10.50,18.50,2447,27
2026-05-16 20:24:56,0.9,10.55,11.56,11.55,1545545,87360,5.7,0,0,0.0,1007,752,78,1.03,0.96,3.09,10.31,2461,3
2026-05-16 20:25:57,1.1,9.49,11.07,11.38,1545545,87373,5.7,0,0,0.0,1007,752,78,1.03,0.95,1.28,8.38,2457,3
2026-05-16 20:26:57,1.1,11.23,11.22,11.41,1545545,87379,5.7,0,0,0.0,1007,752,78,1.03,1.20,5.35,12.89,2464,1
2026-05-16 20:27:57,1.1,10.55,11.08,11.35,1545545,87384,5.7,0,0,0.0,1007,752,78,1.03,0.97,1.40,8.74,2467,9
2026-05-16 20:28:58,3.2,10.64,10.96,11.29,1545545,87402,5.7,0,0,0.0,1007,752,78,1.03,0.91,5.28,12.74,2468,19
2026-05-16 20:29:58,1.0,10.55,10.93,11.26,1545545,87374,5.7,0,0,0.0,1007,752,78,1.03,0.93,7.44,14.12,2468,4
2026-05-16 20:30:58,1.8,9.93,10.68,11.15,1545545,87385,5.7,0,0,0.0,1007,752,78,1.03,0.94,2.70,9.88,2479,2
2026-05-16 20:31:59,1.0,10.43,10.65,11.11,1545545,87372,5.7,0,0,0.0,1007,752,78,1.03,0.96,6.26,13.59,2463,6
2026-05-16 20:32:59,1.1,10.31,10.59,11.06,1545545,87387,5.7,0,0,0.0,1007,752,78,1.03,1.01,4.18,11.72,2463,7
2026-05-16 20:33:59,2.9,11.61,10.91,11.14,1545545,87403,5.7,0,0,0.0,1007,752,78,1.03,0.86,10.43,17.95,2474,9
2026-05-16 20:35:00,1.1,11.28,11.07,11.19,1545545,87359,5.7,0,0,0.0,1007,752,78,1.03,0.99,5.34,12.39,2464,3
2026-05-16 20:36:00,1.0,10.35,10.85,11.10,1545545,87361,5.7,0,0,0.0,1007,752,78,1.50,0.88,4.91,12.52,2454,3
2026-05-16 20:37:00,1.3,9.48,10.51,10.97,1545545,87363,5.7,0,0,0.0,1007,752,78,1.05,1.07,0.89,7.99,2458,1
2026-05-16 20:38:01,1.2,9.48,10.29,10.86,1545545,87380,5.7,0,0,0.0,1007,752,78,1.12,0.93,2.36,9.63,2462,1
2026-05-16 20:39:01,3.1,10.20,10.40,10.87,1545545,87397,5.7,0,0,0.0,1007,752,78,1.06,0.83,4.63,12.27,2449,16
2026-05-16 20:40:01,1.3,13.75,11.33,11.15,1545545,87376,5.7,0,0,0.0,1007,752,78,1.03,0.98,12.76,19.59,2459,2
2026-05-16 20:41:02,1.0,11.03,11.02,11.06,1545545,87357,5.7,0,0,0.0,1007,752,78,1.03,0.93,1.05,8.03,2459,1
2026-05-16 20:42:02,2.9,13.42,11.52,11.22,1545545,87399,5.7,0,0,0.0,1007,752,78,1.39,0.97,6.27,13.99,2454,10
2026-05-16 20:43:02,1.1,15.27,12.41,11.54,1545545,87391,5.7,0,0,0.0,1007,752,78,1.03,0.89,8.49,16.13,2455,3
2026-05-16 20:44:03,3.0,17.10,13.31,11.90,1545545,87399,5.7,0,0,0.0,1007,752,78,1.04,0.90,6.26,13.92,2460,5
2026-05-16 20:45:03,3.2,18.39,14.08,12.24,1545545,87382,5.7,0,0,0.0,1007,752,78,1.10,1.09,6.08,13.59,2455,6
2026-05-16 20:46:03,3.1,15.15,13.84,12.27,1545545,87383,5.7,0,0,0.0,1007,752,78,1.03,0.93,4.49,11.92,2459,7
2026-05-16 20:47:04,1.0,14.58,14.03,12.44,1545545,87390,5.7,0,0,0.0,1007,752,78,1.03,1.16,7.56,15.33,2463,3
2026-05-16 20:48:04,3.1,18.61,15.19,12.93,1545545,87402,5.7,0,0,0.0,1007,752,78,1.03,0.83,10.36,17.84,2459,5
2026-05-16 20:49:04,0.9,16.36,15.12,13.05,1545545,87377,5.7,0,0,0.0,1007,752,78,1.03,0.85,5.40,12.85,2454,2
2026-05-16 20:50:05,2.1,13.53,14.42,12.93,1545545,87388,5.7,0,0,0.0,1007,752,78,1.03,0.92,2.09,9.33,2459,4
2026-05-16 20:51:05,1.0,11.89,13.85,12.83,1545545,87364,5.7,0,0,0.0,1007,752,78,1.03,1.06,2.49,9.86,2464,1
2026-05-16 20:52:05,2.1,9.84,12.91,12.57,1545545,87381,5.7,0,0,0.0,1007,752,78,1.03,0.87,0.92,7.96,2465,8
2026-05-16 20:53:06,3.1,12.36,12.89,12.57,1545545,87401,5.7,0,0,0.0,1007,752,78,1.03,0.95,4.32,11.59,2474,7
2026-05-16 20:54:06,2.9,11.07,12.39,12.41,1545545,87396,5.7,0,0,0.0,1007,752,78,1.09,0.88,3.71,11.22,2476,10
2026-05-16 20:55:06,1.9,11.40,12.23,12.36,1545545,87380,5.7,0,0,0.0,1007,752,78,1.06,0.91,6.78,13.88,2472,6
2026-05-16 20:56:07,1.0,11.02,11.92,12.24,1545545,87369,5.7,0,0,0.0,1007,752,78,1.05,1.09,5.32,12.54,2474,1
2026-05-16 20:57:07,2.9,16.62,13.23,12.66,1545545,87419,5.7,0,0,0.0,1007,752,78,1.03,0.96,9.81,17.46,2481,13
2026-05-16 20:58:07,1.0,12.51,12.75,12.54,1545545,87387,5.7,0,0,0.0,1007,752,78,1.03,0.97,7.49,14.93,2474,2
2026-05-16 20:59:08,1.1,12.19,12.66,12.52,1545545,87382,5.7,0,0,0.0,1007,752,78,1.03,0.89,8.40,15.90,2476,1
2026-05-16 21:00:08,2.9,12.42,12.73,12.56,1545545,87384,5.7,0,0,0.0,1007,752,78,1.45,0.96,6.52,14.35,2474,7
2026-05-16 21:01:08,1.1,11.85,12.57,12.51,1545545,87389,5.7,0,0,0.0,1007,752,78,1.25,0.92,8.78,16.12,2471,2
2026-05-16 21:02:09,3.3,13.54,12.79,12.58,1545545,87416,5.7,0,0,0.0,1007,752,78,1.05,1.07,5.19,12.75,2464,3
2026-05-16 21:03:09,1.0,12.11,12.53,12.51,1545545,87400,5.7,0,0,0.0,1007,752,78,1.03,0.93,5.16,12.66,2476,3
2026-05-16 21:04:09,1.0,11.98,12.46,12.49,1545545,87388,5.7,0,0,0.0,1007,752,78,1.05,0.84,7.63,14.45,2475,2
2026-05-16 21:05:10,1.1,11.48,12.16,12.38,1545545,87396,5.7,0,0,0.0,1007,752,78,1.03,1.02,7.06,14.84,2469,6
2026-05-16 21:06:10,2.8,13.00,12.41,12.44,1545545,87388,5.7,0,0,0.0,1007,752,78,1.03,0.96,7.14,14.54,2478,6
2026-05-16 21:07:10,2.1,12.63,12.48,12.47,1545545,87407,5.7,0,0,0.0,1007,752,78,1.03,1.16,9.36,16.02,2480,3
2026-05-16 21:08:11,1.1,11.74,12.27,12.40,1545545,87406,5.7,0,0,0.0,1007,752,78,1.03,0.99,6.39,14.03,2465,3
2026-05-16 21:09:11,1.0,10.37,11.76,12.21,1545545,87388,5.7,0,0,0.0,1007,752,78,1.03,0.81,2.33,9.66,2458,2
2026-05-16 21:10:11,0.9,9.84,11.40,12.06,1545545,87367,5.7,0,0,0.0,1007,752,78,1.03,0.91,2.68,9.96,2469,1
2026-05-16 21:11:12,3.5,11.92,11.57,12.07,1545545,87386,5.7,0,0,0.0,1007,752,78,1.11,0.78,3.76,11.04,2464,8
2026-05-16 21:12:12,1.2,12.29,11.71,12.08,1545545,87399,5.7,0,0,0.0,1007,752,78,1.03,1.18,1.82,9.02,2459,4
2026-05-16 21:13:12,2.3,10.94,11.41,11.95,1545545,87403,5.7,0,0,0.0,1007,752,78,1.03,0.90,1.43,8.74,2469,5
2026-05-16 21:14:13,2.7,10.32,11.11,11.81,1545545,87392,5.7,0,0,0.0,1007,752,78,1.03,0.89,1.74,8.96,2468,4
2026-05-16 21:15:13,1.0,11.74,11.45,11.89,1545545,87370,5.7,0,0,0.0,1007,752,78,1.03,0.91,9.68,17.42,2465,1
2026-05-16 21:16:13,3.3,11.20,11.29,11.80,1545545,87400,5.7,0,0,0.0,1007,752,78,1.03,0.95,4.08,11.30,2462,5
2026-05-16 21:17:14,3.1,13.54,12.05,12.04,1545545,87436,5.7,0,0,0.0,1007,752,78,1.03,1.15,13.09,19.64,2465,8
2026-05-16 21:18:14,1.0,11.12,11.67,11.91,1545545,87408,5.7,0,0,0.0,1007,752,78,1.03,0.89,5.84,13.49,2472,4
2026-05-16 21:19:14,1.1,9.76,11.19,11.73,1545545,87385,5.7,0,0,0.0,1007,752,78,1.03,0.96,0.86,8.02,2471,2
2026-05-16 21:20:15,2.5,11.88,11.51,11.80,1545545,87421,5.7,0,0,0.0,1007,752,78,1.03,0.88,8.68,15.72,2476,2
2026-05-16 21:21:15,1.1,10.83,11.33,11.72,1545545,87374,5.7,0,0,0.0,1007,752,78,1.03,0.85,7.00,14.31,2483,2
2026-05-16 21:22:15,0.9,12.26,11.65,11.81,1545545,87418,5.7,0,0,0.0,1007,752,78,1.03,1.20,9.72,17.68,2487,3
2026-05-16 21:23:16,3.3,11.96,11.63,11.79,1545545,87425,5.7,0,0,0.0,1007,752,78,1.03,0.89,6.50,14.12,2489,5
2026-05-16 21:24:16,1.1,11.15,11.48,11.73,1545545,87384,5.7,0,0,0.0,1007,752,78,1.03,0.91,4.57,12.14,2487,3
2026-05-16 21:25:16,0.9,11.01,11.30,11.65,1545545,87407,5.7,0,0,0.0,1007,752,78,1.03,0.90,4.14,11.70,2477,2
2026-05-16 21:26:17,1.8,10.60,11.09,11.55,1545545,87414,5.7,0,0,0.0,1007,752,78,1.03,0.81,2.76,9.97,2464,20
2026-05-16 21:27:17,8.9,11.14,11.23,11.58,1545545,87401,5.7,0,0,0.0,1007,752,78,1.09,1.18,5.00,12.48,2472,23
2026-05-16 21:28:17,1.7,12.04,11.47,11.63,1545545,87434,5.7,0,0,0.0,1007,752,78,1.03,0.90,10.30,18.36,2464,2
2026-05-16 21:29:18,1.2,11.03,11.34,11.58,1545545,87382,5.7,0,0,0.0,1007,752,78,1.03,0.81,6.92,13.47,2474,3
2026-05-16 21:30:18,1.2,12.54,11.71,11.69,1545545,87393,5.7,0,0,0.0,1007,752,78,1.03,1.00,6.16,13.70,2479,3
2026-05-16 21:31:18,2.0,12.30,11.73,11.70,1545545,87411,5.7,0,0,0.0,1007,752,78,1.03,0.91,7.63,14.39,2475,14
2026-05-16 21:32:19,1.0,11.95,11.75,11.70,1545545,87411,5.7,0,0,0.0,1007,752,78,1.03,0.92,3.97,11.31,2465,1
2026-05-16 21:33:19,1.6,11.06,11.50,11.62,1545545,87433,5.7,0,0,0.0,1007,752,78,1.03,0.92,4.94,12.40,2467,4
2026-05-16 21:34:19,0.9,12.05,11.81,11.72,1545545,87401,5.7,0,0,0.0,1007,752,78,1.10,0.81,6.90,14.36,2458,1
2026-05-16 21:35:20,3.5,12.78,11.96,11.78,1545545,87427,5.7,0,0,0.0,1007,752,78,1.38,0.92,6.22,14.01,2467,4
2026-05-16 21:36:20,1.1,10.26,11.41,11.60,1545545,87398,5.7,0,0,0.0,1007,752,78,1.11,0.96,4.70,11.69,2478,3
2026-05-16 21:37:20,1.1,10.24,11.21,11.52,1545545,87420,5.7,0,0,0.0,1007,752,78,1.10,0.96,3.66,10.82,2476,1
2026-05-16 21:38:21,3.6,10.42,11.09,11.46,1545545,87451,5.7,0,0,0.0,1007,752,78,1.57,0.87,8.90,15.57,2480,4
2026-05-16 21:39:21,0.9,9.83,10.81,11.34,1545545,87397,5.7,0,0,0.0,1007,752,78,1.40,0.89,3.10,10.42,2473,4
2026-05-16 21:40:21,1.0,10.84,10.97,11.36,1545545,87402,5.7,0,0,0.0,1007,752,78,1.14,0.90,3.95,11.18,2475,6
2026-05-16 21:41:22,2.9,12.58,11.46,11.51,1545545,87409,5.7,0,0,0.0,1007,752,78,1.03,0.86,10.58,18.20,2472,6
2026-05-16 21:42:22,11.3,12.54,11.72,11.60,1545545,87428,5.7,0,0,0.0,1007,752,78,1.05,1.02,9.04,16.22,2473,20
2026-05-16 21:43:22,0.9,11.43,11.63,11.58,1545545,87429,5.7,0,0,0.0,1007,752,78,1.03,0.89,6.67,14.04,2459,3
2026-05-16 21:44:23,1.1,11.14,11.50,11.54,1545545,87398,5.7,0,0,0.0,1007,752,78,1.03,0.81,3.04,10.41,2476,9
2026-05-16 21:45:23,3.2,12.68,11.87,11.66,1545545,87412,5.7,0,0,0.0,1007,752,78,1.13,0.93,9.76,17.14,2474,5
2026-05-16 21:46:23,2.9,12.71,12.18,11.79,1545545,87420,5.7,0,0,0.0,1007,752,78,1.03,0.97,6.43,14.09,2477,5
2026-05-16 21:47:24,0.9,11.69,12.04,11.77,1545545,87409,5.7,0,0,0.0,1007,752,78,1.03,1.01,6.08,13.15,2481,2
2026-05-16 21:48:24,0.9,11.59,12.00,11.78,1545545,87400,5.7,0,0,0.0,1007,752,78,2.07,0.75,3.84,11.21,2487,1
2026-05-16 21:49:24,1.5,11.75,11.95,11.77,1545545,87429,5.7,0,0,0.0,1007,752,78,1.03,0.86,5.20,12.32,2470,3
2026-05-16 21:50:25,1.1,11.49,11.88,11.76,1545545,87427,5.7,0,0,0.0,1007,752,78,1.03,0.88,7.27,14.02,2481,6
2026-05-16 21:51:25,3.1,11.44,11.66,11.69,1545545,87420,5.7,0,0,0.0,1007,752,78,1.03,0.91,2.43,9.62,2476,5
2026-05-16 21:52:25,1.3,11.15,11.59,11.66,1545545,87436,5.7,0,0,0.0,1007,752,78,1.03,0.93,11.11,17.78,2464,2
2026-05-16 21:53:26,1.3,12.08,11.83,11.75,1545545,87424,5.7,0,0,0.0,1007,752,78,1.03,0.90,10.20,17.96,2467,2
2026-05-16 21:54:26,2.7,12.73,11.95,11.79,1545545,87433,5.7,0,0,0.0,1007,752,78,1.03,0.81,4.16,11.47,2470,10
2026-05-16 21:55:26,3.6,14.08,12.51,11.99,1545545,87425,5.7,0,0,0.0,1007,752,78,1.03,0.83,9.45,17.51,2475,7
2026-05-16 21:56:27,2.9,13.11,12.42,11.99,1545545,87439,5.7,0,0,0.0,1007,752,78,1.11,0.91,5.11,12.57,2468,4
2026-05-16 21:57:27,2.7,12.24,12.29,11.97,1545545,87448,5.7,0,0,0.0,1007,752,78,1.03,1.10,11.32,18.73,2472,9
2026-05-16 21:58:27,1.0,12.47,12.33,12.01,1545545,87452,5.7,0,0,0.0,1007,752,78,1.03,0.87,10.56,18.23,2473,4
2026-05-16 21:59:28,1.1,10.77,11.85,11.86,1545545,87426,5.7,0,0,0.0,1007,752,78,1.07,0.85,1.98,9.20,2480,4
2026-05-16 22:00:28,3.8,11.22,11.70,11.80,1545545,87437,5.7,0,0,0.0,1007,752,78,1.14,0.89,4.04,11.30,2473,4
2026-05-16 22:01:28,1.7,11.37,11.72,11.81,1545545,87425,5.7,0,0,0.0,1007,752,78,2.07,0.90,4.47,11.96,2483,2
2026-05-16 22:02:29,3.8,15.28,13.12,12.30,1545545,87460,5.7,0,0,0.0,1007,752,78,1.03,1.01,6.32,13.94,2471,6
2026-05-16 22:03:29,1.5,12.45,12.68,12.20,1545545,87447,5.7,0,0,0.0,1007,752,78,1.03,0.97,9.72,16.91,2465,3
2026-05-16 22:04:29,1.3,11.64,12.37,12.12,1545545,87439,5.7,0,0,0.0,1007,752,78,1.03,0.77,6.02,13.66,2462,7
2026-05-16 22:05:30,1.6,12.06,12.43,12.16,1545545,87412,5.7,0,0,0.0,1007,752,78,1.03,1.08,8.61,16.37,2461,4
2026-05-16 22:06:30,1.5,11.07,12.21,12.11,1545545,87429,5.7,0,0,0.0,1007,752,78,1.03,0.91,2.38,9.70,2464,4
2026-05-16 22:07:30,3.1,10.86,11.91,12.00,1545545,87460,5.7,0,0,0.0,1007,752,78,1.03,0.84,6.39,13.73,2471,53
2026-05-16 22:08:31,2.9,11.72,11.98,12.02,1545545,87462,5.7,0,0,0.0,1007,752,78,1.03,0.98,6.28,13.45,2474,6
2026-05-16 22:09:31,3.1,12.32,12.09,12.06,1545545,87441,5.7,0,0,0.0,1007,752,78,1.03,1.02,10.91,18.92,2467,5
2026-05-16 22:10:31,2.3,12.28,12.10,12.06,1545545,87445,5.7,0,0,0.0,1007,752,78,1.03,0.86,8.74,16.28,2476,6
2026-05-16 22:11:32,2.2,12.35,12.22,12.11,1545545,87439,5.7,0,0,0.0,1007,752,78,1.03,0.83,6.76,14.03,2471,25
2026-05-16 22:12:32,1.3,11.43,12.01,12.04,1545545,87456,5.7,0,0,0.0,1007,752,78,1.03,1.07,6.86,14.39,2467,3
2026-05-16 22:13:32,1.1,9.90,11.47,11.86,1545545,87459,5.7,0,0,0.0,1007,752,78,1.03,0.99,1.67,8.96,2468,1
2026-05-16 22:14:33,3.3,9.83,11.16,11.72,1545545,87454,5.7,0,0,0.0,1007,752,78,1.03,0.84,2.17,9.47,2477,8
2026-05-16 22:15:33,1.2,9.27,10.76,11.55,1545545,87419,5.7,0,0,0.0,1007,752,78,1.04,0.86,1.23,8.40,2466,1
2026-05-16 22:16:33,3.1,10.09,10.67,11.46,1545545,87439,5.7,0,0,0.0,1007,752,78,1.03,0.86,2.48,9.81,2465,4
2026-05-16 22:17:34,1.0,9.96,10.55,11.37,1545545,87442,5.7,0,0,0.0,1007,752,78,1.03,1.02,3.31,10.66,2474,4
2026-05-16 22:18:34,3.2,10.81,10.64,11.35,1545545,87459,5.7,0,0,0.0,1007,752,78,1.03,0.76,8.38,15.85,2480,5
2026-05-16 22:19:34,3.2,10.56,10.64,11.31,1545545,87446,5.7,0,0,0.0,1007,752,78,1.03,1.05,8.55,15.58,2472,5
2026-05-16 22:20:35,1.4,11.69,10.92,11.36,1545545,87467,5.7,0,0,0.0,1007,752,78,1.03,0.95,8.27,16.13,2478,8
2026-05-16 22:21:35,3.3,11.96,11.04,11.37,1545545,87448,5.7,0,0,0.0,1007,752,78,1.03,0.86,2.39,9.74,2490,6
2026-05-16 22:22:35,1.0,11.61,11.15,11.39,1545545,87445,5.7,0,0,0.0,1007,752,78,1.03,1.14,10.84,17.44,2485,3
2026-05-16 22:23:36,2.2,10.41,10.85,11.26,1545545,87484,5.7,0,0,0.0,1007,752,78,1.19,0.88,4.27,11.53,2492,2
2026-05-16 22:24:36,1.0,10.44,10.84,11.24,1545545,87433,5.7,0,0,0.0,1007,752,78,1.15,0.91,6.83,13.20,2495,1
2026-05-16 22:25:36,1.0,12.06,11.40,11.42,1545545,87433,5.7,0,0,0.0,1007,752,78,1.03,0.96,6.54,14.32,2503,1
2026-05-16 22:26:37,3.1,10.32,11.00,11.28,1545545,87442,5.7,0,0,0.0,1007,752,78,1.03,1.23,1.81,9.00,2501,6
2026-05-16 22:27:37,1.4,9.65,10.70,11.16,1545545,87451,5.7,0,0,0.0,1007,752,78,1.25,0.91,3.37,10.55,2502,6
2026-05-16 22:28:37,1.1,12.69,11.39,11.36,1545545,87451,5.7,0,0,0.0,1007,752,78,1.20,0.84,6.39,13.63,2508,1
2026-05-16 22:29:38,0.9,14.31,12.37,11.72,1545545,87430,5.7,0,0,0.0,1007,752,78,1.07,0.84,6.70,14.42,2487,1
2026-05-16 22:30:38,3.2,12.93,12.23,11.70,1545545,87439,5.7,0,0,0.0,1007,752,78,1.06,0.95,1.44,8.60,2480,9
2026-05-16 22:31:38,3.1,15.09,12.96,11.99,1545545,87442,5.7,0,0,0.0,1007,752,78,1.03,0.95,10.44,18.34,2480,7
2026-05-16 22:32:39,0.9,10.96,12.15,11.77,1545545,87428,5.7,0,0,0.0,1007,752,78,1.03,0.86,1.37,8.49,2473,4
2026-05-16 22:33:39,3.1,11.58,11.97,11.72,1545545,87457,5.7,0,0,0.0,1007,752,78,1.03,0.86,2.31,9.50,2454,6
2026-05-16 22:34:39,1.2,14.36,12.93,12.08,1545545,87415,5.7,0,0,0.0,1007,752,78,1.03,0.82,9.23,16.89,2464,5
2026-05-16 22:35:40,1.4,13.92,13.09,12.19,1545545,87424,5.7,0,0,0.0,1007,752,78,1.03,0.94,4.18,11.60,2474,7
2026-05-16 22:36:40,3.3,16.00,13.88,12.52,1545545,87449,5.7,0,0,0.0,1007,752,78,1.03,1.02,10.30,18.07,2472,9
2026-05-16 22:37:40,3.2,17.17,14.39,12.77,1545545,87460,5.7,0,0,0.0,1007,752,78,1.03,0.92,9.92,17.63,2468,7
2026-05-16 22:38:41,1.1,13.44,13.93,12.72,1545545,87444,5.7,0,0,0.0,1007,752,78,1.03,0.92,5.72,12.69,2482,2
2026-05-16 22:39:41,2.1,12.97,13.64,12.69,1545545,87444,5.7,0,0,0.0,1007,752,78,1.03,0.82,7.57,15.10,2477,6
2026-05-16 22:40:41,1.9,12.02,13.34,12.65,1545545,87422,5.7,0,0,0.0,1007,752,78,1.03,0.83,8.27,14.92,2464,3
2026-05-16 22:41:42,0.9,9.95,12.50,12.41,1545545,87426,5.7,0,0,0.0,1007,752,78,1.03,1.02,1.00,8.05,2467,6
2026-05-16 22:42:42,2.9,12.36,12.57,12.43,1545545,87465,5.7,0,0,0.0,1007,752,78,1.03,0.84,4.61,12.03,2470,5
2026-05-16 22:43:42,3.1,13.55,12.91,12.55,1545545,87482,5.7,0,0,0.0,1007,752,78,1.16,0.88,10.10,17.24,2460,9
2026-05-16 22:44:43,2.7,10.78,12.24,12.35,1545545,87430,5.7,0,0,0.0,1007,752,78,1.03,0.86,4.18,11.69,2470,3
2026-05-16 22:45:43,2.7,11.87,12.13,12.29,1545545,87452,5.7,0,0,0.0,1007,752,78,1.07,0.84,3.87,11.09,2479,20
2026-05-16 22:46:43,0.9,11.43,11.99,12.23,1545545,87428,5.7,0,0,0.0,1007,752,78,1.52,0.98,7.55,15.31,2475,1
2026-05-16 22:47:43,1.0,11.83,12.08,12.25,1545545,87452,5.7,0,0,0.0,1007,752,78,1.12,0.99,4.22,11.59,2483,2
2026-05-16 22:48:44,3.1,12.75,12.30,12.32,1545545,87469,5.7,0,0,0.0,1007,752,78,1.12,0.89,10.40,17.74,2478,5
2026-05-16 22:49:44,1.0,10.89,11.83,12.15,1545545,87421,5.7,0,0,0.0,1007,752,78,1.03,0.82,1.17,8.33,2469,1
2026-05-16 22:50:44,2.8,12.26,12.04,12.20,1545545,87442,5.7,0,0,0.0,1007,752,78,1.03,0.81,8.02,15.21,2474,6
2026-05-16 22:51:45,1.4,13.86,12.51,12.35,1545545,87449,5.7,0,0,0.0,1007,752,78,1.03,0.93,7.92,15.29,2466,3
2026-05-16 22:52:45,1.1,13.87,12.72,12.43,1545545,87466,5.7,0,0,0.0,1007,752,78,1.05,0.88,6.76,13.86,2467,5
2026-05-16 22:53:45,3.0,12.56,12.53,12.38,1545545,87498,5.7,0,0,0.0,1007,752,78,1.03,0.90,5.42,12.85,2476,16
2026-05-16 22:54:46,3.2,13.07,12.66,12.44,1545545,87470,5.7,0,0,0.0,1007,752,78,1.03,0.95,7.19,14.90,2468,6
2026-05-16 22:55:46,1.0,12.78,12.68,12.46,1545545,87453,5.7,0,0,0.0,1007,752,78,1.03,0.95,7.23,14.98,2468,3
2026-05-16 22:56:46,1.1,11.53,12.31,12.34,1545545,87447,5.7,0,0,0.0,1007,752,78,1.03,0.91,4.29,11.54,2484,1
2026-05-16 22:57:47,3.1,11.63,12.20,12.30,1545545,87495,5.7,0,0,0.0,1007,752,78,1.03,0.90,8.02,15.28,2492,5
2026-05-16 22:58:47,2.0,11.41,11.97,12.21,1545545,87495,5.7,0,0,0.0,1007,752,78,1.03,0.86,8.12,15.57,2508,3
2026-05-16 22:59:47,0.9,10.41,11.65,12.09,1545545,87446,5.7,0,0,0.0,1007,752,78,1.03,0.96,5.88,12.59,2497,6
2026-05-16 23:00:48,3.3,11.10,11.60,12.04,1545545,87475,5.7,0,0,0.0,1007,752,78,1.03,0.82,6.18,13.47,2502,5
2026-05-16 23:01:48,2.0,13.33,12.15,12.20,1545545,87482,5.7,0,0,0.0,1007,752,78,1.03,5.58,12.45,19.72,2497,8
2026-05-16 23:02:48,1.3,11.62,11.86,12.09,1545545,87465,5.7,0,0,0.0,1007,752,78,1.03,0.82,0.95,8.00,2486,1
2026-05-16 23:03:49,1.0,12.20,11.97,12.12,1545545,87486,5.7,0,0,0.0,1007,752,78,1.15,0.91,7.24,14.76,2485,4
2026-05-16 23:04:49,2.8,12.29,11.91,12.08,1545545,87462,5.7,0,0,0.0,1007,752,78,1.21,0.96,4.73,12.30,2482,10
2026-05-16 23:05:49,2.5,13.33,12.20,12.16,1545545,87463,5.7,0,0,0.0,1007,752,78,1.04,0.89,8.32,15.67,2477,6
2026-05-16 23:06:50,1.1,12.26,12.08,12.12,1545545,87444,5.7,0,0,0.0,1007,752,78,1.03,1.05,4.53,11.76,2481,1
2026-05-16 23:07:50,1.0,10.59,11.62,11.96,1545545,87457,5.7,0,0,0.0,1007,752,78,1.03,0.91,0.88,8.05,2475,6
2026-05-16 23:08:50,2.6,9.51,11.12,11.76,1545545,87465,5.7,0,0,0.0,1007,752,78,1.03,0.83,1.25,8.42,2465,6
2026-05-16 23:09:51,2.8,9.70,10.93,11.66,1545545,87460,5.7,0,0,0.0,1007,752,78,1.03,0.98,2.82,10.04,2485,8
2026-05-16 23:10:51,1.9,10.22,10.90,11.60,1545545,87433,5.7,0,0,0.0,1007,752,78,1.03,0.90,5.88,13.47,2470,2
2026-05-16 23:11:51,3.0,11.08,10.95,11.57,1545545,87462,5.7,0,0,0.0,1007,752,78,1.03,0.85,6.44,14.09,2475,7
2026-05-16 23:12:52,1.0,10.06,10.70,11.44,1545545,87463,5.7,0,0,0.0,1007,752,78,1.03,0.91,1.92,9.13,2490,3
2026-05-16 23:13:52,0.9,11.73,11.01,11.50,1545545,87466,5.7,0,0,0.0,1007,752,78,1.03,0.81,5.99,13.69,2491,1
2026-05-16 23:14:52,1.0,11.92,11.14,11.51,1545545,87441,5.7,0,0,0.0,1007,752,78,1.03,0.96,4.25,11.69,2478,1
2026-05-16 23:15:53,1.1,10.98,11.00,11.44,1545545,87450,5.7,0,0,0.0,1007,752,78,1.03,0.96,1.27,8.38,2494,3
2026-05-16 23:16:53,3.1,11.62,11.13,11.45,1545545,87464,5.7,0,0,0.0,1007,752,78,1.03,0.98,5.66,13.43,2480,3
2026-05-16 23:17:53,0.9,11.34,11.23,11.47,1545545,87447,5.7,0,0,0.0,1007,752,78,1.03,0.88,5.42,12.90,2461,2
2026-05-16 23:18:54,0.9,9.81,10.81,11.31,1545545,87429,5.7,0,0,0.0,1007,752,78,1.03,0.93,1.60,8.79,2453,6
2026-05-16 23:19:54,2.9,12.42,11.22,11.41,1545545,87447,5.7,0,0,0.0,1007,752,78,1.03,0.74,8.19,15.43,2467,4
2026-05-16 23:20:54,2.9,11.42,11.12,11.36,1545545,87453,5.7,0,0,0.0,1007,752,78,1.03,0.92,9.01,15.87,2454,5
2026-05-16 23:21:55,1.6,12.74,11.61,11.52,1545545,87448,5.7,0,0,0.0,1007,752,78,1.03,1.13,8.21,15.89,2485,1
2026-05-16 23:22:55,3.0,12.38,11.65,11.53,1545545,87483,5.7,0,0,0.0,1007,752,78,1.03,0.95,9.16,17.07,2497,6
2026-05-16 23:23:55,3.1,18.17,13.56,12.21,1545545,87488,5.7,0,0,0.0,1007,752,78,1.03,0.81,12.33,19.70,2496,8
2026-05-16 23:24:56,2.9,17.81,14.13,12.48,1545545,87459,5.7,0,0,0.0,1007,752,78,1.31,1.00,11.83,19.89,2472,4
2026-05-16 23:25:56,2.9,18.62,15.00,12.88,1545545,87470,5.7,0,0,0.0,1007,752,78,1.18,0.75,11.79,19.88,2476,4
2026-05-16 23:26:56,3.1,16.76,15.25,13.11,1545545,87470,5.7,0,0,0.0,1007,752,78,1.03,1.20,12.11,19.58,2466,5
2026-05-16 23:27:57,6.0,15.14,15.12,13.20,1545545,87502,5.7,0,0,0.0,1007,752,78,1.03,1.00,11.98,19.85,2478,24
2026-05-16 23:28:57,3.1,13.95,14.75,13.19,1545545,87492,5.7,0,0,0.0,1007,752,78,1.03,0.87,11.93,18.96,2498,4
2026-05-16 23:29:57,3.0,14.83,14.87,13.33,1545545,87495,5.7,0,0,0.0,1007,752,78,1.03,0.84,11.65,19.99,2496,6
2026-05-16 23:30:58,3.1,13.76,14.63,13.35,1545545,87477,5.7,0,0,0.0,1007,752,78,1.03,0.95,11.65,19.52,2500,5
2026-05-16 23:31:58,3.2,13.85,14.52,13.39,1545545,87490,5.7,0,0,0.0,1007,752,78,1.03,1.00,11.43,19.39,2487,8
2026-05-16 23:32:58,3.0,14.81,14.67,13.52,1545545,87503,5.7,0,0,0.0,1007,752,78,1.03,0.83,11.59,19.40,2474,5
2026-05-16 23:33:59,2.7,16.45,15.09,13.73,1545545,87494,5.7,0,0,0.0,1007,752,78,1.03,0.99,11.72,19.85,2462,5
2026-05-16 23:34:59,3.2,16.55,15.36,13.91,1545545,87490,5.7,0,0,0.0,1007,752,78,1.05,0.91,11.80,19.39,2469,24
2026-05-16 23:35:59,3.2,14.90,15.13,13.92,1545545,87484,5.7,0,0,0.0,1007,752,78,1.03,0.82,11.59,19.83,2454,9
2026-05-16 23:37:00,3.0,13.90,14.79,13.88,1545545,87485,5.7,0,0,0.0,1007,752,78,1.03,1.03,11.51,19.69,2466,6
2026-05-16 23:38:00,1.2,12.79,14.39,13.81,1545545,87468,5.7,0,0,0.0,1007,752,78,1.03,0.92,6.51,14.41,2479,5
2026-05-16 23:39:00,2.4,12.25,13.94,13.69,1545545,87485,5.7,0,0,0.0,1007,752,78,1.03,0.93,7.12,14.28,2475,8
2026-05-16 23:40:01,3.0,11.15,13.29,13.48,1545545,87459,5.7,0,0,0.0,1007,752,78,1.03,0.67,5.53,12.64,2471,5
2026-05-16 23:41:01,0.9,10.46,12.74,13.28,1545545,87441,5.7,0,0,0.0,1007,752,78,1.03,0.96,4.82,12.32,2485,4
2026-05-16 23:42:01,3.1,9.96,12.15,13.04,1545545,87474,5.7,0,0,0.0,1007,752,78,1.03,0.96,1.79,8.98,2483,6
2026-05-16 23:43:02,1.0,11.07,12.05,12.95,1545545,87471,5.7,0,0,0.0,1007,752,78,1.03,0.89,4.53,11.78,2470,1
2026-05-16 23:44:02,1.1,10.43,11.68,12.76,1545545,87477,5.7,0,0,0.0,1007,752,78,1.03,0.76,1.98,9.27,2467,5
2026-05-16 23:45:02,2.9,10.97,11.60,12.67,1545545,87456,5.7,0,0,0.0,1007,752,78,1.03,1.04,8.16,16.07,2474,7
2026-05-16 23:46:03,3.1,13.04,12.00,12.73,1545545,87461,5.7,0,0,0.0,1007,752,78,1.03,1.02,10.47,17.81,2468,4
2026-05-16 23:47:03,2.4,13.73,12.41,12.82,1545545,87437,5.7,0,0,0.0,1007,752,78,1.03,1.03,10.88,18.03,2465,3
2026-05-16 23:48:03,3.0,11.49,12.04,12.67,1545545,87469,5.7,0,0,0.0,1007,752,78,1.03,0.78,3.03,10.30,2465,7
2026-05-16 23:49:04,1.1,10.52,11.66,12.50,1545545,87434,5.7,0,0,0.0,1007,752,78,1.03,0.75,1.67,8.86,2466,4
2026-05-16 23:50:04,1.2,13.73,12.23,12.63,1545545,87433,5.7,0,0,0.0,1007,752,78,1.03,0.96,1.06,8.20,2463,4
2026-05-16 23:51:04,3.0,13.57,12.30,12.62,1545545,87463,5.7,0,0,0.0,1007,752,78,1.03,0.91,6.53,13.89,2455,6
2026-05-16 23:52:05,2.7,12.04,12.10,12.54,1545545,87469,5.7,0,0,0.0,1007,752,78,1.03,1.03,6.25,13.12,2454,1
2026-05-16 23:53:05,1.0,11.30,11.98,12.47,1545545,87478,5.7,0,0,0.0,1007,752,78,1.08,0.89,4.20,11.66,2456,3
2026-05-16 23:54:05,1.2,10.95,11.77,12.37,1545545,87459,5.7,0,0,0.0,1007,752,78,1.03,0.72,6.77,14.38,2456,3
2026-05-16 23:55:06,1.2,10.07,11.34,12.18,1545545,87441,5.7,0,0,0.0,1007,752,78,1.03,0.89,1.64,8.78,2461,1
2026-05-16 23:56:06,1.0,9.81,11.05,12.02,1545545,87455,5.7,0,0,0.0,1007,752,78,1.03,0.96,2.61,9.92,2477,1
2026-05-16 23:57:06,1.2,10.70,11.03,11.95,1545545,87496,5.7,0,0,0.0,1007,752,78,1.03,1.04,5.25,12.81,2481,4
2026-05-16 23:58:07,1.0,10.05,10.77,11.80,1545545,87484,5.7,0,0,0.0,1007,752,78,1.03,0.77,0.88,7.98,2483,3
2026-05-16 23:59:07,1.0,10.89,10.98,11.81,1545545,87448,5.7,0,0,0.0,1007,752,78,1.03,0.84,6.57,13.97,2486,2
2026-05-17 00:00:07,3.1,10.55,10.87,11.72,1545545,87454,5.7,0,0,0.0,1007,752,78,1.03,0.93,5.40,13.04,2479,6
2026-05-17 00:01:08,1.1,10.66,10.84,11.66,1545545,87449,5.7,0,0,0.0,1007,752,78,1.04,3.43,4.13,11.48,2476,4
2026-05-17 00:02:08,1.0,11.70,11.08,11.69,1545545,87484,5.7,0,0,0.0,1007,752,78,1.03,0.98,9.60,17.48,2474,7
2026-05-17 00:03:08,1.1,11.49,11.11,11.66,1545545,87461,5.7,0,0,0.0,1007,752,78,1.03,0.84,5.88,13.06,2464,5
2026-05-17 00:04:09,3.0,11.28,11.17,11.64,1545545,87465,5.7,0,0,0.0,1007,752,78,1.03,0.90,3.47,10.77,2460,9
2026-05-17 00:05:09,3.1,11.51,11.31,11.67,1545545,87471,5.7,0,0,0.0,1007,752,78,1.03,0.90,9.61,16.93,2470,5
2026-05-17 00:06:09,1.2,10.51,11.08,11.56,1545545,87447,5.7,0,0,0.0,1007,752,78,1.03,0.89,5.18,11.90,2459,4
2026-05-17 00:07:10,1.1,11.73,11.43,11.66,1545545,87475,5.7,0,0,0.0,1007,752,78,1.03,1.09,6.34,13.77,2461,7
2026-05-17 00:08:10,1.8,12.52,11.63,11.71,1545545,87486,5.7,0,0,0.0,1007,752,78,1.03,0.91,9.39,16.58,2477,4
2026-05-17 00:09:10,2.7,10.31,11.19,11.55,1545545,87482,5.7,0,0,0.0,1007,752,78,1.03,0.75,6.04,12.92,2475,5
2026-05-17 00:10:11,1.0,10.17,10.99,11.46,1545545,87454,5.7,0,0,0.0,1007,752,78,1.03,0.93,4.59,12.05,2478,1
2026-05-17 00:11:11,1.2,12.78,12.11,11.85,1545545,87456,5.7,0,0,0.0,1007,752,78,1.03,0.78,3.95,11.28,2470,1
2026-05-17 00:12:11,1.9,11.81,11.93,11.80,1545545,87496,5.7,0,0,0.0,1007,752,78,1.03,1.02,9.99,16.85,2470,2
2026-05-17 00:13:12,1.0,10.92,11.69,11.73,1545545,87479,5.7,0,0,0.0,1007,752,78,1.03,0.86,10.78,17.16,2475,1
2026-05-17 00:14:12,8.2,12.59,11.95,11.81,1545545,87472,5.7,0,0,0.0,1007,752,78,1.03,0.82,2.35,9.69,2470,16
2026-05-17 00:15:13,1.0,13.23,12.36,11.97,1545545,87468,5.7,0,0,0.0,1007,752,78,1.03,0.93,11.65,18.99,2456,2
2026-05-17 00:16:13,1.1,12.34,12.27,11.96,1545545,87459,5.7,0,0,0.0,1007,752,78,1.03,0.93,1.69,8.77,2454,2
2026-05-17 00:17:13,2.8,18.18,13.88,12.53,1545545,87492,5.7,0,0,0.0,1007,752,78,1.03,0.94,6.48,14.10,2459,22
2026-05-17 00:18:14,1.1,18.56,14.99,13.01,1545545,87490,5.7,0,0,0.0,1007,752,78,1.03,0.89,10.92,18.24,2462,1
2026-05-17 00:19:14,2.7,16.34,14.89,13.10,1545545,87494,5.7,0,0,0.0,1007,752,78,1.03,1.01,3.12,10.52,2458,9
2026-05-17 00:20:14,1.0,12.32,14.07,12.93,1545545,87470,5.7,0,0,0.0,1007,752,78,1.10,0.87,2.03,9.23,2466,3
2026-05-17 00:21:15,2.9,18.43,15.48,13.48,1545545,87496,5.7,0,0,0.0,1007,752,78,1.03,0.87,9.91,16.82,2473,8
2026-05-17 00:22:15,1.3,14.27,14.76,13.36,1545545,87492,5.7,0,0,0.0,1007,752,78,1.18,1.20,3.18,10.48,2465,11
2026-05-17 00:23:15,1.7,17.46,15.54,13.71,1545545,87505,5.7,0,0,0.0,1007,752,78,1.10,0.89,8.76,15.80,2475,3
2026-05-17 00:24:16,1.0,12.32,14.41,13.43,1545545,87469,5.7,0,0,0.0,1007,752,78,1.03,0.86,1.02,8.22,2486,4
2026-05-17 00:25:16,2.9,11.93,13.80,13.27,1545545,87492,5.7,0,0,0.0,1007,752,78,1.03,0.98,1.54,8.72,2488,9
2026-05-17 00:26:16,1.1,12.55,13.56,13.22,1545545,87481,5.7,0,0,0.0,1007,752,78,1.03,0.88,7.69,15.37,2477,3
2026-05-17 00:27:17,3.1,13.07,13.45,13.20,1545545,87523,5.7,0,0,0.0,1007,752,78,1.03,1.02,7.39,14.67,2477,5
2026-05-17 00:28:17,3.2,12.77,13.26,13.15,1545545,87500,5.7,0,0,0.0,1007,752,78,1.03,0.87,10.71,18.29,2471,9
2026-05-17 00:29:17,9.1,11.97,13.00,13.07,1545545,87471,5.7,0,0,0.0,1007,752,78,1.03,0.95,6.51,14.33,2475,33
2026-05-17 00:30:18,3.1,11.77,12.70,12.96,1545545,87480,5.7,0,0,0.0,1007,752,78,1.03,0.94,6.12,13.88,2473,6
2026-05-17 00:31:18,1.7,11.81,12.71,12.96,1545545,87458,5.7,0,0,0.0,1007,752,78,1.03,0.75,7.62,14.32,2472,1
2026-05-17 00:32:18,3.2,11.52,12.42,12.84,1545545,87496,5.7,0,0,0.0,1007,752,78,1.03,1.00,6.57,14.34,2469,8
2026-05-17 00:33:19,1.1,11.49,12.29,12.77,1545545,87489,5.7,0,0,0.0,1007,752,78,1.03,0.88,8.42,16.16,2458,4
2026-05-17 00:34:19,2.9,12.70,12.32,12.74,1545545,87483,5.7,0,0,0.0,1007,752,78,1.03,0.90,3.23,10.36,2451,6
2026-05-17 00:35:19,0.9,11.32,12.16,12.67,1545545,87462,5.7,0,0,0.0,1007,752,78,1.11,0.83,2.57,9.79,2452,4
2026-05-17 00:36:20,1.4,10.13,11.67,12.47,1545545,87489,5.7,0,0,0.0,1007,752,78,1.18,0.94,1.33,8.39,2468,2
2026-05-17 00:37:20,1.3,10.89,11.65,12.41,1545545,87482,5.7,0,0,0.0,1007,752,78,1.03,1.09,7.71,14.44,2485,3
2026-05-17 00:38:20,0.9,10.25,11.32,12.24,1545545,87491,5.7,0,0,0.0,1007,752,78,1.03,1.27,1.26,8.45,2487,1
2026-05-17 00:39:21,4.0,12.71,11.62,12.28,1545545,87471,5.7,0,0,0.0,1007,752,78,1.03,0.87,2.51,9.85,2470,4
2026-05-17 00:40:21,1.1,11.39,11.50,12.20,1545545,87460,5.7,0,0,0.0,1007,752,78,1.04,0.80,5.11,12.58,2476,2
2026-05-17 00:41:21,2.9,12.76,11.81,12.26,1545545,87474,5.7,0,0,0.0,1007,752,78,1.03,0.92,6.50,13.75,2461,3
2026-05-17 00:42:22,1.0,10.29,11.32,12.06,1545545,87475,5.7,0,0,0.0,1007,752,78,1.03,0.99,3.88,10.72,2466,7
2026-05-17 00:43:22,8.6,11.28,11.41,12.05,1545545,87486,5.7,0,0,0.0,1007,752,78,1.03,0.85,8.21,16.05,2471,21
2026-05-17 00:44:22,1.2,11.33,11.46,12.03,1545545,87463,5.7,0,0,0.0,1007,752,78,1.11,0.80,7.35,14.84,2471,2
2026-05-17 00:45:23,2.9,11.70,11.54,12.02,1545545,87478,5.7,0,0,0.0,1007,752,78,1.03,1.07,9.90,16.96,2466,4
2026-05-17 00:46:23,3.3,12.27,11.82,12.09,1545545,87474,5.7,0,0,0.0,1007,752,78,1.03,0.97,8.80,16.45,2479,4
2026-05-17 00:47:23,1.7,10.54,11.42,11.93,1545545,87491,5.7,0,0,0.0,1007,752,78,1.03,0.93,2.71,10.03,2467,7
2026-05-17 00:48:24,1.0,10.68,11.25,11.84,1545545,87490,5.7,0,0,0.0,1007,752,78,1.03,0.88,3.93,11.34,2469,6
2026-05-17 00:49:24,0.9,10.56,11.12,11.76,1545545,87468,5.7,0,0,0.0,1007,752,78,1.03,0.84,7.57,14.50,2464,1
2026-05-17 00:50:24,2.1,10.49,10.97,11.66,1545545,87482,5.7,0,0,0.0,1007,752,78,1.03,0.91,4.38,11.39,2464,4
2026-05-17 00:51:25,0.9,12.74,11.66,11.86,1545545,87466,5.7,0,0,0.0,1007,752,78,1.03,0.84,7.42,14.21,2464,5
2026-05-17 00:52:25,1.5,11.08,11.35,11.74,1545545,87484,5.7,0,0,0.0,1007,752,78,1.03,1.05,1.46,8.65,2464,9
2026-05-17 00:53:25,3.2,11.81,11.47,11.75,1545545,87515,5.7,0,0,0.0,1007,752,78,1.03,0.88,9.19,16.42,2469,11
2026-05-17 00:54:26,1.9,16.50,12.98,12.26,1545545,87493,5.7,0,0,0.0,1007,752,78,1.03,0.82,10.10,17.16,2477,7
2026-05-17 00:55:26,3.1,14.27,12.91,12.27,1545545,87501,5.7,0,0,0.0,1007,752,78,1.03,0.91,6.90,13.66,2483,3
2026-05-17 00:56:26,3.2,13.77,12.98,12.34,1545545,87504,5.7,0,0,0.0,1007,752,78,1.03,0.96,8.26,15.68,2474,4
2026-05-17 00:57:27,1.0,12.08,12.69,12.28,1545545,87504,5.7,0,0,0.0,1007,752,78,1.03,1.01,4.19,11.63,2475,6
2026-05-17 00:58:27,0.9,13.01,12.93,12.39,1545545,87502,5.7,0,0,0.0,1007,752,78,1.03,0.84,4.30,11.73,2483,3
2026-05-17 00:59:27,1.0,10.33,12.20,12.17,1545545,87475,5.7,0,0,0.0,1007,752,78,1.03,0.88,0.87,8.06,2490,6
2026-05-17 01:00:28,1.0,10.81,12.02,12.12,1545545,87469,5.7,0,0,0.0,1007,752,78,1.03,1.05,5.24,12.31,2480,2
2026-05-17 01:01:28,4.0,12.72,12.44,12.25,1545545,87493,5.7,0,0,0.0,1007,752,78,1.03,0.98,3.68,11.04,2475,9
2026-05-17 01:02:28,4.4,11.57,12.17,12.17,1545545,87520,5.7,0,0,0.0,1007,752,78,1.03,0.99,8.84,16.72,2469,6
2026-05-17 01:03:29,2.6,12.59,12.32,12.22,1545545,87526,5.7,0,0,0.0,1007,752,78,2.07,0.92,9.91,17.15,2473,3
2026-05-17 01:04:29,1.3,10.64,11.78,12.04,1545545,87500,5.7,0,0,0.0,1007,752,78,1.11,0.97,2.75,10.12,2471,3
2026-05-17 01:05:29,3.2,13.01,12.17,12.15,1545545,87515,5.7,0,0,0.0,1007,752,78,1.03,0.95,9.99,17.54,2482,6
2026-05-17 01:06:30,3.3,13.39,12.49,12.27,1545545,87517,5.7,0,0,0.0,1007,752,78,1.64,0.84,12.18,18.98,2495,7
2026-05-17 01:07:30,1.2,14.22,12.94,12.44,1545545,87505,5.7,0,0,0.0,1007,752,78,1.03,1.05,5.91,13.33,2490,2
2026-05-17 01:08:30,1.3,12.49,12.60,12.35,1545545,87526,5.7,0,0,0.0,1007,752,78,1.03,0.87,7.94,15.17,2483,8
2026-05-17 01:09:31,1.1,11.80,12.35,12.28,1545545,87497,5.7,0,0,0.0,1007,752,78,1.03,0.84,1.03,8.29,2480,2
2026-05-17 01:10:31,1.0,12.28,12.35,12.28,1545545,87497,5.7,0,0,0.0,1007,752,78,1.09,0.91,5.94,13.59,2482,2
2026-05-17 01:11:31,1.7,14.16,12.72,12.40,1545545,87515,5.7,0,0,0.0,1007,752,78,1.03,0.86,6.44,14.18,2493,1
2026-05-17 01:12:32,1.0,11.04,12.10,12.21,1545545,87501,5.7,0,0,0.0,1007,752,78,1.07,0.89,2.07,9.19,2495,2
2026-05-17 01:13:32,3.0,12.18,12.19,12.23,1545545,87534,5.7,0,0,0.0,1007,752,78,1.30,0.86,5.59,13.15,2493,4
2026-05-17 01:14:32,3.3,13.23,12.45,12.31,1545545,87507,5.7,0,0,0.0,1007,752,78,1.33,1.04,6.95,14.38,2486,10
2026-05-17 01:15:33,1.3,11.50,12.07,12.19,1545545,87508,5.7,0,0,0.0,1007,752,78,1.03,0.92,4.03,11.55,2480,1
2026-05-17 01:16:33,1.1,12.06,12.16,12.21,1545545,87489,5.7,0,0,0.0,1007,752,78,1.03,0.86,7.35,14.68,2468,11
2026-05-17 01:17:33,1.3,11.07,11.88,12.11,1545545,87518,5.7,0,0,0.0,1007,752,78,1.03,1.00,3.51,10.92,2476,3
2026-05-17 01:18:33,1.0,9.87,11.39,11.93,1545545,87537,5.7,0,0,0.0,1007,752,78,1.03,0.89,1.65,8.78,2467,6
2026-05-17 01:19:34,1.1,11.38,11.45,11.91,1545545,87495,5.7,0,0,0.0,1007,752,78,1.03,0.90,2.73,9.99,2473,8
2026-05-17 01:20:34,1.3,10.49,11.15,11.77,1545545,87492,5.7,0,0,0.0,1007,752,78,1.13,0.91,2.51,9.95,2484,3
2026-05-17 01:21:34,2.9,12.35,11.59,11.89,1545545,87529,5.7,0,0,0.0,1007,752,78,1.23,0.91,11.14,19.18,2488,4
2026-05-17 01:22:35,1.9,10.73,11.29,11.77,1545545,87520,5.7,0,0,0.0,1007,752,78,1.03,1.06,2.56,9.61,2481,7
2026-05-17 01:23:35,1.1,10.00,10.97,11.62,1545545,87530,5.7,0,0,0.0,1007,752,78,1.03,0.87,2.02,9.28,2495,2
2026-05-17 01:24:35,2.4,10.94,10.97,11.58,1545545,87518,5.7,0,0,0.0,1007,752,78,1.13,0.84,6.08,13.07,2492,5
2026-05-17 01:25:36,3.3,13.53,11.57,11.74,1545545,87518,5.7,0,0,0.0,1007,752,78,1.03,0.93,8.58,16.02,2502,5
2026-05-17 01:26:36,1.2,12.69,11.79,11.81,1545545,87503,5.7,0,0,0.0,1007,752,78,1.16,1.05,9.18,16.14,2500,3
2026-05-17 01:27:37,3.0,12.44,11.78,11.80,1545545,87540,5.7,0,0,0.0,1007,752,78,1.14,1.07,5.23,12.70,2505,4
2026-05-17 01:28:37,7.7,10.80,11.44,11.68,1545545,87532,5.7,0,0,0.0,1007,752,78,1.10,0.81,2.15,9.33,2494,21
2026-05-17 01:29:37,3.1,12.83,11.91,11.83,1545545,87512,5.7,0,0,0.0,1007,752,78,1.09,0.82,7.99,15.65,2499,6
2026-05-17 01:30:38,1.3,11.84,11.92,11.84,1545545,87504,5.7,0,0,0.0,1007,752,78,1.14,0.96,2.37,9.60,2499,4
2026-05-17 01:31:38,3.3,12.63,12.07,11.89,1545545,87522,5.7,0,0,0.0,1007,752,78,1.03,1.00,5.65,13.24,2489,8
2026-05-17 01:32:38,1.1,10.88,11.68,11.77,1545545,87523,5.7,0,0,0.0,1007,752,78,1.19,0.79,4.37,11.28,2500,1
2026-05-17 01:33:39,1.1,11.91,11.76,11.79,1545545,87513,5.7,0,0,0.0,1007,752,78,1.21,0.88,7.48,15.18,2490,4
2026-05-17 01:34:39,1.7,11.08,11.57,11.72,1545545,87505,5.7,0,0,0.0,1007,752,78,1.09,0.93,5.27,12.79,2475,3
2026-05-17 01:35:39,3.2,12.35,11.88,11.82,1545545,87501,5.7,0,0,0.0,1007,752,78,1.03,0.79,12.31,19.24,2485,5
2026-05-17 01:36:40,2.4,13.68,12.54,12.06,1545545,87491,5.7,0,0,0.0,1007,752,78,1.03,1.15,9.99,17.50,2493,2
2026-05-17 01:37:40,3.3,11.65,12.13,11.95,1545545,87532,5.7,0,0,0.0,1007,752,78,1.03,0.97,6.56,13.57,2470,6
2026-05-17 01:38:40,0.9,10.37,11.70,11.81,1545545,87514,5.7,0,0,0.0,1007,752,78,1.05,0.84,5.01,12.39,2485,4
2026-05-17 01:39:41,1.1,10.64,11.52,11.74,1545545,87482,5.7,0,0,0.0,1007,752,78,1.06,0.79,5.27,12.85,2489,3
2026-05-17 01:40:41,2.2,11.73,11.54,11.73,1545545,87509,5.7,0,0,0.0,1007,752,78,1.48,0.82,4.80,11.68,2488,5
2026-05-17 01:41:41,3.2,13.68,12.13,11.92,1545545,87505,5.7,0,0,0.0,1007,752,78,1.13,0.95,11.52,18.92,2496,5
2026-05-17 01:42:42,1.0,11.43,11.79,11.81,1545545,87510,5.7,0,0,0.0,1007,752,78,1.03,0.94,3.57,10.90,2495,1
2026-05-17 01:43:42,1.1,10.45,11.42,11.68,1545545,87516,5.7,0,0,0.0,1007,752,78,1.03,0.96,3.51,10.79,2477,4
2026-05-17 01:44:42,3.2,11.83,11.57,11.72,1545545,87511,5.7,0,0,0.0,1007,752,78,1.03,0.89,9.40,17.06,2489,8
2026-05-17 01:45:43,3.3,10.40,11.20,11.58,1545545,87493,5.7,0,0,0.0,1007,752,78,1.05,0.86,2.28,9.52,2488,3
2026-05-17 01:46:43,3.1,12.81,11.55,11.66,1545545,87505,5.7,0,0,0.0,1007,752,78,1.09,0.95,5.00,12.17,2481,6
2026-05-17 01:47:43,1.0,11.65,11.57,11.67,1545545,87504,5.7,0,0,0.0,1007,752,78,1.03,0.86,4.65,12.05,2469,4
2026-05-17 01:48:44,1.1,9.93,11.07,11.49,1545545,87520,5.7,0,0,0.0,1007,752,78,1.03,0.96,2.17,9.51,2488,2
2026-05-17 01:49:44,1.0,11.84,11.41,11.58,1545545,87483,5.7,0,0,0.0,1007,752,78,1.04,0.77,7.87,15.62,2475,2
2026-05-17 01:50:44,3.0,12.27,11.62,11.64,1545545,87511,5.7,0,0,0.0,1007,752,78,1.03,0.92,11.09,17.97,2477,7
2026-05-17 01:51:45,1.1,11.27,11.52,11.61,1545545,87503,5.7,0,0,0.0,1007,752,78,1.03,0.92,9.04,15.69,2501,6
2026-05-17 01:52:45,1.1,10.85,11.35,11.54,1545545,87510,5.7,0,0,0.0,1007,752,78,1.03,0.91,6.30,13.51,2484,2
2026-05-17 01:53:45,1.1,9.88,10.99,11.41,1545545,87513,5.7,0,0,0.0,1007,752,78,1.03,0.90,1.00,8.19,2472,2
2026-05-17 01:54:46,0.9,9.30,10.62,11.25,1545545,87493,5.7,0,0,0.0,1007,752,78,1.03,0.81,2.06,9.33,2490,1
2026-05-17 01:55:46,3.0,11.34,11.00,11.34,1545545,87503,5.7,0,0,0.0,1007,752,78,1.10,0.96,6.99,14.75,2472,5
2026-05-17 01:56:46,1.1,11.77,11.16,11.37,1545545,87504,5.7,0,0,0.0,1007,752,78,1.03,1.03,9.07,17.02,2466,4
2026-05-17 01:57:47,1.1,10.31,10.85,11.25,1545545,87530,5.7,0,0,0.0,1007,752,78,1.03,0.88,3.89,11.18,2482,7
2026-05-17 01:58:47,2.7,13.24,11.47,11.44,1545545,87548,5.7,0,0,0.0,1007,752,78,1.03,0.85,10.36,17.87,2484,8
2026-05-17 01:59:47,3.4,14.09,12.01,11.62,1545545,87520,5.7,0,0,0.0,1007,752,78,1.03,0.83,6.17,14.02,2479,10
2026-05-17 02:00:48,3.1,13.80,12.19,11.70,1545545,87503,5.7,0,0,0.0,1007,752,78,1.03,0.91,7.17,14.42,2493,7
2026-05-17 02:01:48,3.7,17.61,13.45,12.16,1545545,87510,5.7,0,0,0.0,1007,752,78,1.03,1.03,5.78,13.26,2485,6
2026-05-17 02:02:48,3.0,19.52,14.72,12.68,1545545,87531,5.7,0,0,0.0,1007,752,78,1.03,0.89,12.19,19.25,2467,6
2026-05-17 02:03:49,1.0,17.08,14.92,12.87,1545545,87532,5.7,0,0,0.0,1007,752,78,1.03,0.88,8.23,15.79,2494,4
2026-05-17 02:04:49,1.0,17.73,15.67,13.27,1545545,87499,5.7,0,0,0.0,1007,752,78,1.03,1.00,8.27,15.97,2485,8
2026-05-17 02:05:49,1.1,13.69,14.95,13.17,1545545,87485,5.7,0,0,0.0,1007,752,78,1.03,0.83,1.39,8.72,2484,1
2026-05-17 02:06:50,1.5,12.24,14.21,13.02,1545545,87504,5.7,0,0,0.0,1007,752,78,1.03,1.03,1.59,8.80,2497,4
2026-05-17 02:07:50,3.3,14.93,14.54,13.21,1545545,87553,5.7,0,0,0.0,1007,752,78,1.03,0.90,4.64,11.93,2487,5
2026-05-17 02:08:50,2.9,13.01,14.06,13.12,1545545,87546,5.7,0,0,0.0,1007,752,78,1.03,0.71,10.07,17.10,2465,6
2026-05-17 02:09:51,3.5,16.10,14.77,13.43,1545545,87517,5.7,0,0,0.0,1007,752,78,1.03,0.87,4.29,11.78,2468,3
2026-05-17 02:10:51,3.4,14.28,14.59,13.45,1545545,87516,5.7,0,0,0.0,1007,752,78,1.03,0.93,9.23,16.64,2488,3
2026-05-17 02:11:51,2.0,13.00,14.10,13.35,1545545,87527,5.7,0,0,0.0,1007,752,78,1.10,1.05,5.19,12.57,2481,4
2026-05-17 02:12:52,3.0,13.10,14.04,13.39,1545545,87545,5.7,0,0,0.0,1007,752,78,1.03,0.78,9.25,16.87,2481,4
2026-05-17 02:13:52,0.9,12.18,13.61,13.28,1545545,87529,5.7,0,0,0.0,1007,752,78,1.06,0.91,5.86,13.30,2486,3
2026-05-17 02:14:52,9.8,11.28,13.02,13.09,1545545,87518,5.7,0,0,0.0,1007,752,78,1.03,0.77,6.07,13.84,2482,6
2026-05-17 02:15:53,1.0,11.38,12.77,13.00,1545545,87503,5.7,0,0,0.0,1007,752,78,1.53,0.95,5.94,13.56,2473,9
2026-05-17 02:16:53,1.1,9.64,12.00,12.72,1545545,87501,5.7,0,0,0.0,1007,752,78,1.17,1.09,1.03,8.24,2485,2
2026-05-17 02:17:53,3.1,11.82,12.05,12.68,1545545,87553,5.7,0,0,0.0,1007,752,78,1.03,0.96,5.27,12.88,2488,7
2026-05-17 02:18:54,1.0,11.32,11.88,12.58,1545545,87540,5.7,0,0,0.0,1007,752,78,1.03,0.80,4.62,12.02,2483,2
2026-05-17 02:19:54,3.3,12.53,12.11,12.62,1545545,87507,5.7,0,0,0.0,1007,752,78,1.03,0.92,8.13,16.03,2474,6
2026-05-17 02:20:54,1.2,10.81,11.73,12.46,1545545,87490,5.7,0,0,0.0,1007,752,78,1.03,0.85,3.45,10.92,2479,1
2026-05-17 02:21:55,1.0,10.94,11.64,12.38,1545545,87514,5.7,0,0,0.0,1007,752,78,1.12,1.22,2.15,9.45,2475,3
2026-05-17 02:22:55,1.2,12.38,11.85,12.40,1545545,87544,5.7,0,0,0.0,1007,752,78,1.03,0.82,9.81,17.59,2485,1
2026-05-17 02:23:55,1.0,10.50,11.45,12.23,1545545,87521,5.7,0,0,0.0,1007,752,78,1.03,0.95,3.87,11.22,2486,1
2026-05-17 02:24:56,2.8,10.74,11.29,12.12,1545545,87527,5.7,0,0,0.0,1007,752,78,1.03,0.95,2.41,9.59,2481,7
2026-05-17 02:25:56,0.9,10.40,11.17,12.03,1545545,87505,5.7,0,0,0.0,1007,752,78,1.03,0.96,4.88,11.86,2481,2
2026-05-17 02:26:56,1.1,10.32,11.05,11.94,1545545,87497,5.7,0,0,0.0,1007,752,78,1.03,1.07,5.86,13.16,2476,3
2026-05-17 02:27:57,1.1,9.87,10.77,11.79,1545545,87520,5.7,0,0,0.0,1007,752,78,1.03,1.01,1.79,9.01,2464,3
2026-05-17 02:28:57,1.0,10.08,10.65,11.68,1545545,87502,5.7,0,0,0.0,1007,752,78,1.59,0.86,1.68,8.80,2469,9
2026-05-17 02:29:57,1.1,9.84,10.51,11.56,1545545,87486,5.7,0,0,0.0,1007,752,78,1.03,0.84,2.74,10.09,2466,1
2026-05-17 02:30:58,1.6,10.22,10.43,11.47,1545545,87503,5.7,0,0,0.0,1007,752,78,1.03,0.81,3.80,11.33,2458,2
2026-05-17 02:31:58,1.2,9.90,10.32,11.36,1545545,87492,5.7,0,0,0.0,1007,752,78,1.09,1.06,2.76,9.99,2454,1
2026-05-17 02:32:58,1.1,10.00,10.27,11.28,1545545,87514,5.7,0,0,0.0,1007,752,78,1.03,0.82,1.05,8.33,2446,3
2026-05-17 02:33:58,1.0,9.40,10.04,11.13,1545545,87501,5.7,0,0,0.0,1007,752,78,1.04,0.95,0.90,7.99,2462,2
2026-05-17 02:34:59,3.4,10.66,10.30,11.15,1545545,87530,5.7,0,0,0.0,1007,752,78,1.03,0.86,9.92,17.88,2461,7
2026-05-17 02:35:59,3.0,12.54,10.96,11.33,1545545,87514,5.7,0,0,0.0,1007,752,78,1.03,0.91,12.24,19.29,2463,4
2026-05-17 02:36:59,2.0,10.24,10.63,11.20,1545545,87501,5.7,0,0,0.0,1007,752,78,1.23,1.04,3.60,10.97,2467,1
2026-05-17 02:38:00,1.0,9.49,10.33,11.06,1545545,87517,5.7,0,0,0.0,1007,752,78,1.47,0.85,0.88,8.01,2469,4
2026-05-17 02:39:00,3.0,11.01,10.60,11.10,1545545,87514,5.7,0,0,0.0,1007,752,78,1.35,0.96,8.17,15.97,2461,11
2026-05-17 02:40:00,4.0,12.08,10.90,11.17,1545545,87521,5.7,0,0,0.0,1007,752,78,1.04,0.98,7.31,14.46,2462,4
2026-05-17 02:41:01,1.0,11.94,11.25,11.29,1545545,87493,5.7,0,0,0.0,1007,752,78,1.05,0.76,7.41,14.47,2461,5
2026-05-17 02:42:01,3.0,11.59,11.29,11.30,1545545,87524,5.7,0,0,0.0,1007,752,78,1.03,0.94,6.49,14.17,2458,10
2026-05-17 02:43:01,1.1,10.30,11.00,11.20,1545545,87519,5.7,0,0,0.0,1007,752,78,1.03,0.94,3.80,11.14,2471,2
2026-05-17 02:44:02,1.0,10.09,10.82,11.12,1545545,87500,5.7,0,0,0.0,1007,752,78,1.16,0.71,3.92,11.33,2453,5
2026-05-17 02:45:02,3.2,11.41,11.02,11.17,1545545,87530,5.7,0,0,0.0,1007,752,78,1.05,1.02,6.08,13.81,2461,4
2026-05-17 02:46:02,3.1,11.30,11.06,11.17,1545545,87531,5.7,0,0,0.0,1007,752,78,1.03,0.99,6.20,13.94,2463,6
2026-05-17 02:47:03,1.1,11.60,11.20,11.21,1545545,87508,5.7,0,0,0.0,1007,752,78,1.12,1.02,6.92,14.63,2476,3
2026-05-17 02:48:03,2.9,11.02,11.14,11.19,1545545,87517,5.7,0,0,0.0,1007,752,78,1.03,0.78,4.44,11.94,2469,6
2026-05-17 02:49:03,1.1,11.49,11.23,11.22,1545545,87506,5.7,0,0,0.0,1007,752,78,1.31,0.93,7.31,14.97,2477,5
2026-05-17 02:50:04,1.0,10.87,11.12,11.18,1545545,87493,5.7,0,0,0.0,1007,752,78,1.21,0.90,4.75,12.24,2485,1
2026-05-17 02:51:04,1.2,9.78,10.76,11.05,1545545,87506,5.7,0,0,0.0,1007,752,78,1.03,0.88,3.14,10.49,2477,1
2026-05-17 02:52:04,1.0,10.39,10.78,11.04,1545545,87503,5.7,0,0,0.0,1007,752,78,1.09,0.82,3.43,10.84,2462,4
2026-05-17 02:53:05,4.4,10.58,10.75,11.01,1545545,87543,5.7,0,0,0.0,1007,752,78,1.03,0.90,3.62,11.03,2471,3
2026-05-17 02:54:05,1.0,12.88,11.39,11.22,1545545,87525,5.7,0,0,0.0,1007,752,78,1.03,0.90,11.24,18.39,2464,8
2026-05-17 02:55:05,3.2,12.78,11.57,11.29,1545545,87517,5.7,0,0,0.0,1007,752,78,1.05,0.84,8.07,15.16,2467,6
2026-05-17 02:56:06,2.6,12.69,11.79,11.38,1545545,87539,5.7,0,0,0.0,1007,752,78,1.13,1.08,10.90,18.69,2488,7
2026-05-17 02:57:06,1.1,11.78,11.71,11.38,1545545,87547,5.7,0,0,0.0,1007,752,78,1.03,1.06,8.59,16.08,2482,3
2026-05-17 02:58:06,2.5,11.76,11.69,11.39,1545545,87554,5.7,0,0,0.0,1007,752,78,1.03,0.95,3.56,10.96,2485,5
2026-05-17 02:59:07,1.0,12.11,11.85,11.47,1545545,87506,5.7,0,0,0.0,1007,752,78,1.03,0.79,6.57,13.04,2478,6
2026-05-17 03:00:07,11.5,10.76,11.49,11.36,1545545,87498,5.7,0,0,0.0,1007,752,78,1.03,0.94,2.08,9.26,2471,21
2026-05-17 03:01:07,3.0,11.49,11.60,11.41,1545545,87525,5.7,0,0,0.0,1007,752,78,1.03,0.97,6.37,14.20,2476,9
2026-05-17 03:02:08,1.2,10.13,11.24,11.30,1545545,87534,5.7,0,0,0.0,1007,752,78,1.16,0.96,1.02,8.17,2482,2
2026-05-17 03:03:08,1.0,10.11,11.05,11.23,1545545,87537,5.7,0,0,0.0,1007,752,78,1.03,0.86,2.83,10.01,2471,1
2026-05-17 03:04:08,3.2,9.38,10.65,11.08,1545545,87541,5.7,0,0,0.0,1007,752,78,1.17,0.91,2.90,10.14,2474,5
2026-05-17 03:05:09,1.3,9.96,10.58,11.03,1545545,87530,5.7,0,0,0.0,1007,752,78,1.03,0.84,4.81,12.26,2473,2
2026-05-17 03:06:09,3.5,11.06,10.80,11.08,1545545,87523,5.7,0,0,0.0,1007,752,78,1.04,1.02,6.67,13.81,2462,11
2026-05-17 03:07:09,1.4,10.92,10.91,11.10,1545545,87529,5.7,0,0,0.0,1007,752,78,1.03,1.07,5.26,12.66,2467,1
2026-05-17 03:08:10,1.9,9.85,10.60,10.98,1545545,87536,5.7,0,0,0.0,1007,752,78,1.03,0.88,0.89,7.98,2454,1
2026-05-17 03:09:10,1.1,11.20,10.87,11.05,1545545,87504,5.7,0,0,0.0,1007,752,78,1.03,0.87,6.58,13.99,2456,9
2026-05-17 03:10:10,2.6,11.53,11.07,11.11,1545545,87511,5.7,0,0,0.0,1007,752,78,1.03,0.80,5.60,12.65,2461,2
2026-05-17 03:11:11,0.9,10.56,10.87,11.04,1545545,87513,5.7,0,0,0.0,1007,752,78,1.03,0.93,3.88,11.23,2474,7
2026-05-17 03:12:11,2.9,10.12,10.67,10.96,1545545,87558,5.7,0,0,0.0,1007,752,78,1.03,1.04,2.64,10.07,2478,7
2026-05-17 03:13:11,1.2,10.06,10.62,10.93,1545545,87538,5.7,0,0,0.0,1007,752,78,1.03,0.89,5.21,12.68,2486,1
2026-05-17 03:14:12,1.0,10.49,10.66,10.92,1545545,87519,5.7,0,0,0.0,1007,752,78,1.12,0.88,5.69,13.23,2479,9
2026-05-17 03:15:12,1.0,11.99,11.14,11.08,1545545,87522,5.7,0,0,0.0,1007,752,78,1.03,0.90,9.47,16.60,2482,1
2026-05-17 03:16:12,1.1,10.33,10.79,10.95,1545545,87526,5.7,0,0,0.0,1007,752,78,1.47,0.97,1.29,8.48,2468,2
2026-05-17 03:17:13,1.2,11.08,10.97,11.01,1545545,87522,5.7,0,0,0.0,1007,752,78,1.09,1.02,6.68,13.86,2463,1
2026-05-17 03:18:13,1.0,10.40,10.79,10.94,1545545,87549,5.7,0,0,0.0,1007,752,78,1.15,0.87,5.35,12.57,2476,6
2026-05-17 03:19:13,3.7,10.88,10.87,10.96,1545545,87536,5.7,0,0,0.0,1007,752,78,1.13,0.88,4.73,12.15,2475,4
2026-05-17 03:20:14,3.2,11.36,10.96,10.99,1545545,87530,5.7,0,0,0.0,1007,752,78,1.03,0.96,8.17,15.65,2469,7
2026-05-17 03:21:14,1.2,10.85,10.86,10.95,1545545,87509,5.7,0,0,0.0,1007,752,78,1.03,0.83,3.18,10.54,2472,4
2026-05-17 03:22:14,1.0,11.16,10.95,10.97,1545545,87531,5.7,0,0,0.0,1007,752,78,1.04,1.18,2.02,9.17,2484,6
2026-05-17 03:23:15,2.7,10.56,10.78,10.91,1545545,87563,5.7,0,0,0.0,1007,752,78,1.03,0.96,6.66,13.74,2464,3
2026-05-17 03:24:15,1.0,11.49,10.98,10.97,1545545,87506,5.7,0,0,0.0,1007,752,78,1.03,0.86,11.08,17.92,2474,1
2026-05-17 03:25:15,0.9,9.80,10.59,10.83,1545545,87503,5.7,0,0,0.0,1007,752,78,1.03,0.90,0.89,7.99,2475,1
2026-05-17 03:26:16,1.3,9.96,10.48,10.78,1545545,87520,5.7,0,0,0.0,1007,752,78,1.03,0.90,2.79,10.01,2474,4
2026-05-17 03:27:16,1.1,11.12,10.73,10.85,1545545,87532,5.7,0,0,0.0,1007,752,78,1.03,1.23,6.72,14.49,2470,2
2026-05-17 03:28:16,3.0,13.03,11.35,11.05,1545545,87547,5.7,0,0,0.0,1007,752,78,1.05,0.81,12.01,19.79,2479,18
2026-05-17 03:29:17,1.2,11.29,11.20,11.02,1545545,87534,5.7,0,0,0.0,1007,752,78,1.03,0.92,10.02,16.71,2472,1
2026-05-17 03:30:17,11.5,12.02,11.40,11.10,1545545,87531,5.7,0,0,0.0,1007,752,78,1.03,0.88,6.95,14.69,2470,25
2026-05-17 03:31:17,3.5,13.78,11.92,11.30,1545545,87530,5.7,0,0,0.0,1007,752,78,1.05,0.84,12.68,20.13,2472,5
2026-05-17 03:32:18,3.3,11.82,11.68,11.25,1545545,87547,5.7,0,0,0.0,1007,752,78,1.03,0.97,5.95,13.52,2478,6
2026-05-17 03:33:18,3.3,10.37,11.28,11.14,1545545,87543,5.7,0,0,0.0,1007,752,78,1.03,0.86,4.31,11.70,2463,6
2026-05-17 03:34:18,2.0,10.80,11.20,11.11,1545545,87525,5.7,0,0,0.0,1007,752,78,1.03,0.91,8.69,15.54,2458,3
2026-05-17 03:35:19,2.1,10.10,10.95,11.04,1545545,87527,5.7,0,0,0.0,1007,752,78,1.03,1.00,2.57,9.87,2466,5
2026-05-17 03:36:19,3.0,9.38,10.59,10.91,1545545,87532,5.7,0,0,0.0,1007,752,78,1.03,0.88,2.76,10.13,2474,5
2026-05-17 03:37:20,3.5,9.44,10.37,10.81,1545545,87553,5.7,0,0,0.0,1007,752,78,1.03,0.91,3.63,10.81,2467,10
2026-05-17 03:38:20,3.2,10.97,10.64,10.87,1545545,87547,5.7,0,0,0.0,1007,752,78,1.03,0.86,10.56,17.58,2469,6
2026-05-17 03:39:20,1.0,10.36,10.61,10.85,1545545,87497,5.7,0,0,0.0,1007,752,78,1.03,0.91,5.71,13.24,2461,3
2026-05-17 03:40:21,4.3,9.62,10.32,10.73,1545545,87530,5.7,0,0,0.0,1007,752,78,1.03,1.04,2.67,9.96,2450,8
2026-05-17 03:41:21,1.0,10.09,10.49,10.77,1545545,87511,5.7,0,0,0.0,1007,752,78,1.03,0.81,5.05,11.67,2449,2
2026-05-17 03:42:21,2.6,10.38,10.45,10.74,1545545,87552,5.7,0,0,0.0,1007,752,78,1.03,0.97,6.97,14.75,2458,4
2026-05-17 03:43:22,0.9,9.84,10.32,10.68,1545545,87542,5.7,0,0,0.0,1007,752,78,1.03,3.74,2.56,9.75,2458,1
2026-05-17 03:44:22,1.0,12.48,11.15,10.95,1545545,87515,5.7,0,0,0.0,1007,752,78,1.03,0.81,6.49,13.92,2456,3
2026-05-17 03:45:22,11.4,15.02,12.17,11.32,1545545,87510,5.7,0,0,0.0,1007,752,78,1.03,0.93,8.20,15.07,2474,11
2026-05-17 03:46:23,0.9,12.20,12.02,11.33,1545545,87508,5.7,0,0,0.0,1007,752,78,1.03,0.93,6.16,13.16,2475,7
2026-05-17 03:47:23,1.1,11.38,11.89,11.33,1545545,87525,5.7,0,0,0.0,1007,752,78,1.03,1.07,2.71,10.00,2461,2
2026-05-17 03:48:23,1.0,12.31,12.10,11.44,1545545,87532,5.7,0,0,0.0,1007,752,78,1.03,0.84,1.63,8.88,2454,3
2026-05-17 03:49:24,1.0,13.04,12.55,11.65,1545545,87502,5.7,0,0,0.0,1007,752,78,1.03,0.86,7.66,14.46,2450,2
2026-05-17 03:50:24,1.0,11.68,12.20,11.58,1545545,87502,5.7,0,0,0.0,1007,752,78,1.03,1.00,1.30,8.41,2436,2
2026-05-17 03:51:24,3.8,14.06,12.68,11.78,1545545,87528,5.7,0,0,0.0,1007,752,78,1.03,0.85,4.92,12.51,2442,6
2026-05-17 03:52:25,1.1,12.83,12.65,11.83,1545545,87531,5.7,0,0,0.0,1007,752,78,1.03,0.99,3.34,10.61,2474,5
2026-05-17 03:53:25,1.3,13.36,12.83,11.94,1545545,87538,5.7,0,0,0.0,1007,752,78,1.26,0.92,2.01,9.18,2488,5
2026-05-17 03:54:25,3.3,14.35,13.20,12.12,1545545,87533,5.7,0,0,0.0,1007,752,78,1.12,0.89,7.38,14.67,2494,6
2026-05-17 03:55:26,1.0,12.18,12.87,12.08,1545545,87517,5.7,0,0,0.0,1007,752,78,1.10,0.79,3.33,10.32,2491,6
2026-05-17 03:56:26,1.1,12.09,12.75,12.09,1545545,87526,5.7,0,0,0.0,1007,752,78,1.05,1.07,6.49,13.99,2472,5
2026-05-17 03:57:26,1.5,10.70,12.29,11.97,1545545,87548,5.7,0,0,0.0,1007,752,78,1.03,1.10,4.38,11.95,2449,2
2026-05-17 03:58:27,1.3,12.03,12.44,12.05,1545545,87542,5.7,0,0,0.0,1007,752,78,1.03,0.80,7.68,14.43,2469,9
2026-05-17 03:59:27,3.4,12.09,12.33,12.03,1545545,87541,5.7,0,0,0.0,1007,752,78,1.14,0.81,4.56,12.05,2464,18
2026-05-17 04:00:27,11.4,13.57,12.54,12.12,1545545,87549,5.7,0,0,0.0,1007,752,78,1.03,0.98,9.24,16.40,2471,14
2026-05-17 04:01:28,1.0,11.01,12.04,11.97,1545545,87524,5.7,0,0,0.0,1007,752,78,1.03,3.31,4.38,11.23,2481,2
2026-05-17 04:02:28,1.9,13.23,12.48,12.13,1545545,87553,5.7,0,0,0.0,1007,752,78,1.03,0.94,6.08,13.42,2472,5
2026-05-17 04:03:28,1.8,11.09,11.97,11.97,1545545,87551,5.7,0,0,0.0,1007,752,78,1.03,0.94,0.87,8.08,2458,4
2026-05-17 04:04:29,3.3,10.52,11.62,11.85,1545545,87556,5.7,0,0,0.0,1007,752,78,2.18,0.84,2.07,9.29,2470,8
2026-05-17 04:05:29,2.1,12.74,11.99,11.96,1545545,87550,5.7,0,0,0.0,1007,752,78,1.03,0.88,9.94,17.27,2484,3
2026-05-17 04:06:29,1.2,10.64,11.52,11.80,1545545,87530,5.7,0,0,0.0,1007,752,78,1.03,0.89,1.37,8.46,2480,1
2026-05-17 04:07:30,2.1,11.74,11.73,11.85,1545545,87548,5.7,0,0,0.0,1007,752,78,0.04,1.07,4.95,12.43,2483,6
2026-05-17 04:08:30,1.6,10.86,11.50,11.77,1545545,87564,5.7,0,0,0.0,1007,752,78,2.07,1.02,6.52,14.42,2489,7
2026-05-17 04:09:30,3.0,11.39,11.57,11.77,1545545,87551,5.7,0,0,0.0,1007,752,78,1.03,0.70,4.46,11.86,2488,4
2026-05-17 04:10:31,3.0,10.74,11.38,11.70,1545545,87548,5.7,0,0,0.0,1007,752,78,1.03,0.89,6.07,13.26,2470,5
2026-05-17 04:11:31,2.9,12.89,11.74,11.79,1545545,87562,5.7,0,0,0.0,1007,752,78,1.03,0.88,8.39,15.71,2475,7
2026-05-17 04:12:31,1.1,11.69,11.64,11.76,1545545,87545,5.7,0,0,0.0,1007,752,78,1.03,0.88,6.54,13.84,2475,1
2026-05-17 04:13:32,3.1,12.69,11.90,11.84,1545545,87578,5.7,0,0,0.0,1007,752,78,1.03,0.95,5.74,13.36,2454,7
2026-05-17 04:14:32,0.9,11.22,11.67,11.77,1545545,87531,5.7,0,0,0.0,1007,752,78,1.03,0.89,3.13,10.48,2467,1
2026-05-17 04:15:32,1.2,10.52,11.38,11.66,1545545,87541,5.7,0,0,0.0,1007,752,78,1.21,0.98,3.80,11.32,2485,6
2026-05-17 04:16:33,3.2,12.27,11.59,11.70,1545545,87561,5.7,0,0,0.0,1007,752,78,1.03,0.76,8.73,16.20,2489,5
2026-05-17 04:17:33,3.1,12.33,11.68,11.73,1545545,87578,5.7,0,0,0.0,1007,752,78,1.13,1.15,8.11,15.78,2494,5
2026-05-17 04:18:33,1.1,10.79,11.41,11.63,1545545,87553,5.7,0,0,0.0,1007,752,78,1.03,0.87,1.99,9.24,2496,3
2026-05-17 04:19:34,3.1,12.65,11.83,11.76,1545545,87562,5.7,0,0,0.0,1007,752,78,1.03,0.91,9.46,16.97,2478,5
2026-05-17 04:20:34,1.0,12.16,11.88,11.79,1545545,87537,5.7,0,0,0.0,1007,752,78,1.03,0.77,9.06,16.68,2467,3
2026-05-17 04:21:34,1.2,12.51,12.03,11.84,1545545,87558,5.7,0,0,0.0,1007,752,78,1.03,0.85,7.48,15.32,2463,7
2026-05-17 04:22:35,1.0,13.08,12.27,11.94,1545545,87569,5.7,0,0,0.0,1007,752,78,1.03,1.16,9.36,15.95,2466,7
2026-05-17 04:23:35,1.6,10.49,11.68,11.76,1545545,87569,5.7,0,0,0.0,1007,752,78,1.03,0.81,0.90,8.05,2459,6
2026-05-17 04:24:35,3.7,10.75,11.49,11.68,1545545,87573,5.7,0,0,0.0,1007,752,78,1.03,0.93,3.03,10.50,2459,7
2026-05-17 04:25:36,2.9,10.53,11.24,11.58,1545545,87555,5.7,0,0,0.0,1007,752,78,1.03,0.96,3.80,11.24,2453,5
2026-05-17 04:26:36,1.0,10.01,10.99,11.47,1545545,87531,5.7,0,0,0.0,1007,752,78,1.03,0.88,2.99,10.19,2457,3
2026-05-17 04:27:36,1.0,9.88,10.75,11.36,1545545,87551,5.7,0,0,0.0,1007,752,78,1.03,0.99,0.88,8.06,2456,3
2026-05-17 04:28:36,3.1,10.30,10.72,11.31,1545545,87584,5.7,0,0,0.0,1007,752,78,1.03,0.87,4.67,12.18,2467,10
2026-05-17 04:29:37,2.4,11.59,11.01,11.38,1545545,87544,5.7,0,0,0.0,1007,752,78,1.03,0.88,10.86,17.92,2473,18
2026-05-17 04:30:37,1.0,10.56,10.85,11.30,1545545,87532,5.7,0,0,0.0,1007,752,78,1.03,1.00,3.98,11.47,2484,4
2026-05-17 04:31:37,4.2,9.86,10.62,11.19,1545545,87544,5.7,0,0,0.0,1007,752,78,1.03,0.96,2.80,10.25,2471,5
2026-05-17 04:32:38,1.2,9.61,10.48,11.11,1545545,87562,5.7,0,0,0.0,1007,752,78,1.03,0.85,3.74,11.12,2489,2
2026-05-17 04:33:38,3.0,10.31,10.48,11.07,1545545,87593,5.7,0,0,0.0,1007,752,78,1.03,0.82,4.00,11.50,2480,5
2026-05-17 04:34:39,0.9,11.79,10.91,11.18,1545545,87539,5.7,0,0,0.0,1007,752,78,1.09,0.92,10.07,17.68,2474,2
2026-05-17 04:35:39,3.2,10.41,10.66,11.08,1545545,87562,5.7,0,0,0.0,1007,752,78,1.03,0.82,3.03,10.27,2479,5
2026-05-17 04:36:39,3.0,10.77,10.73,11.08,1545545,87551,5.7,0,0,0.0,1007,752,78,1.03,1.11,5.72,13.35,2483,4
2026-05-17 04:37:40,3.7,11.88,11.06,11.17,1545545,87588,5.7,0,0,0.0,1007,752,78,1.03,0.91,10.52,17.68,2470,5
2026-05-17 04:38:40,1.2,14.07,11.86,11.44,1545545,87574,5.7,0,0,0.0,1007,752,78,1.03,0.85,8.80,15.61,2459,3
2026-05-17 04:39:40,2.0,14.29,12.23,11.58,1545545,87559,5.7,0,0,0.0,1007,752,78,1.03,0.81,5.22,12.53,2479,3
2026-05-17 04:40:41,1.3,12.65,12.19,11.61,1545545,87568,5.7,0,0,0.0,1007,752,78,1.03,0.89,7.35,14.41,2473,3
2026-05-17 04:41:41,3.0,14.92,12.88,11.89,1545545,87562,5.7,0,0,0.0,1007,752,78,1.03,0.95,9.71,17.27,2445,10
2026-05-17 04:42:41,1.0,12.18,12.52,11.83,1545545,87572,5.7,0,0,0.0,1007,752,78,1.03,0.91,2.88,10.22,2450,2
2026-05-17 04:43:42,2.3,10.85,12.09,11.72,1545545,87571,5.7,0,0,0.0,1007,752,78,1.03,1.11,1.30,8.36,2448,8
2026-05-17 04:44:42,1.1,10.84,11.86,11.67,1545545,87548,5.7,0,0,0.0,1007,752,78,1.03,0.99,7.78,14.38,2446,1
2026-05-17 04:45:42,3.3,12.40,12.07,11.75,1545545,87562,5.7,0,0,0.0,1007,752,78,1.03,0.95,7.41,15.15,2466,3
2026-05-17 04:46:42,1.7,11.07,11.78,11.67,1545545,87557,5.7,0,0,0.0,1007,752,78,2.07,1.01,3.60,11.04,2474,1
2026-05-17 04:47:43,3.0,11.94,11.89,11.71,1545545,87590,5.7,0,0,0.0,1007,752,78,1.03,1.05,9.90,17.38,2469,4
2026-05-17 04:48:43,1.0,11.01,11.64,11.64,1545545,87577,5.7,0,0,0.0,1007,752,78,1.03,0.91,4.16,11.58,2482,4
2026-05-17 04:49:43,1.1,11.39,11.65,11.64,1545545,87563,5.7,0,0,0.0,1007,752,78,1.03,0.91,6.34,14.01,2464,4
2026-05-17 04:50:44,3.1,13.07,11.93,11.73,1545545,87567,5.7,0,0,0.0,1007,752,78,1.03,0.83,6.93,14.37,2450,6
2026-05-17 04:51:44,2.1,11.84,11.83,11.71,1545545,87568,5.7,0,0,0.0,1007,752,78,1.03,1.01,13.32,19.75,2471,2
2026-05-17 04:52:44,3.1,16.75,13.48,12.30,1545545,87581,5.7,0,0,0.0,1007,752,78,1.03,0.85,7.26,14.30,2471,5
2026-05-17 04:53:45,1.6,17.29,14.08,12.57,1545545,87576,5.7,0,0,0.0,1007,752,78,1.03,0.97,8.53,16.09,2456,1
2026-05-17 04:54:45,1.6,14.79,13.99,12.63,1545545,87568,5.7,0,0,0.0,1007,752,78,1.03,0.91,9.82,16.94,2461,1
2026-05-17 04:55:45,3.0,14.52,13.96,12.70,1545545,87574,5.7,0,0,0.0,1007,752,78,1.03,0.88,8.31,15.90,2464,4
2026-05-17 04:56:46,0.9,12.37,13.47,12.62,1545545,87574,5.7,0,0,0.0,1007,752,78,1.06,0.94,10.21,17.42,2448,1
2026-05-17 04:57:46,2.0,10.96,12.82,12.44,1545545,87595,5.7,0,0,0.0,1007,752,78,1.03,1.03,5.21,12.45,2463,4
2026-05-17 04:58:46,3.3,12.82,12.90,12.48,1545545,87596,5.7,0,0,0.0,1007,752,78,1.03,0.97,10.41,17.38,2463,4
2026-05-17 04:59:47,1.2,12.79,12.86,12.49,1545545,87555,5.7,0,0,0.0,1007,752,78,1.03,0.89,5.89,13.10,2472,2
2026-05-17 05:00:47,2.0,13.18,12.82,12.50,1545545,87569,5.7,0,0,0.0,1007,752,78,1.03,0.80,5.79,13.39,2471,2
2026-05-17 05:01:47,7.3,11.72,12.57,12.43,1545545,87561,5.7,0,0,0.0,1007,752,78,1.03,3.18,8.38,15.37,2472,13
2026-05-17 05:02:48,2.4,12.48,12.65,12.47,1545545,87583,5.7,0,0,0.0,1007,752,78,1.03,0.85,9.42,16.95,2467,2
2026-05-17 05:03:48,1.2,13.80,12.91,12.56,1545545,87572,5.7,0,0,0.0,1007,752,78,1.03,0.82,11.35,18.73,2456,1
2026-05-17 05:04:48,3.0,14.02,12.99,12.61,1545545,87578,5.7,0,0,0.0,1007,752,78,1.03,1.02,11.01,18.05,2465,6
2026-05-17 05:05:49,1.1,11.37,12.42,12.44,1545545,87551,5.7,0,0,0.0,1007,752,78,1.03,0.91,3.27,10.64,2460,4
2026-05-17 05:06:49,1.0,10.60,12.01,12.29,1545545,87546,5.7,0,0,0.0,1007,752,78,1.03,0.95,3.91,11.25,2464,2
2026-05-17 05:07:49,1.4,9.91,11.56,12.12,1545545,87566,5.7,0,0,0.0,1007,752,78,1.03,0.91,0.90,8.01,2477,1
2026-05-17 05:08:50,1.4,12.30,11.85,12.18,1545545,87585,5.7,0,0,0.0,1007,752,78,1.03,0.93,9.27,16.64,2483,2
2026-05-17 05:09:50,1.3,10.20,11.33,11.98,1545545,87546,5.7,0,0,0.0,1007,752,78,1.03,0.91,1.04,8.33,2477,1
2026-05-17 05:10:50,3.3,14.47,12.75,12.45,1545545,87571,5.7,0,0,0.0,1007,752,78,1.03,0.79,6.22,13.92,2486,4
2026-05-17 05:11:51,3.0,12.93,12.57,12.41,1545545,87549,5.7,0,0,0.0,1007,752,78,1.03,1.02,8.28,15.59,2482,7
2026-05-17 05:12:51,3.1,13.54,12.73,12.46,1545545,87585,5.7,0,0,0.0,1007,752,78,1.03,0.90,9.86,16.85,2466,9
2026-05-17 05:13:51,1.2,12.45,12.59,12.44,1545545,87580,5.7,0,0,0.0,1007,752,78,1.03,0.93,7.68,15.23,2468,2
2026-05-17 05:14:52,1.2,18.06,14.34,13.05,1545545,87557,5.7,0,0,0.0,1007,752,78,1.03,0.80,8.36,15.95,2456,3
2026-05-17 05:15:52,3.1,13.70,13.69,12.90,1545545,87565,5.7,0,0,0.0,1007,752,78,1.14,1.05,2.92,10.45,2457,6
2026-05-17 05:16:52,1.1,12.48,13.35,12.84,1545545,87547,5.7,0,0,0.0,1007,752,78,1.03,0.96,11.36,18.41,2475,6
2026-05-17 05:17:53,1.0,12.45,13.20,12.82,1545545,87569,5.7,0,0,0.0,1007,752,78,1.03,0.86,8.38,15.30,2480,4
2026-05-17 05:18:53,1.4,11.25,12.72,12.68,1545545,87578,5.7,0,0,0.0,1007,752,78,1.03,0.83,8.73,15.75,2475,5
2026-05-17 05:19:53,1.0,9.58,11.98,12.42,1545545,87556,5.7,0,0,0.0,1007,752,78,1.03,0.93,1.66,8.78,2500,2
2026-05-17 05:20:54,0.9,9.03,11.37,12.18,1545545,87553,5.7,0,0,0.0,1007,752,78,1.03,0.88,0.95,8.12,2487,6
2026-05-17 05:21:54,3.1,9.06,10.95,11.98,1545545,87570,5.7,0,0,0.0,1007,752,78,1.03,1.16,1.36,8.66,2467,9
2026-05-17 05:22:54,1.0,10.01,10.93,11.92,1545545,87566,5.7,0,0,0.0,1007,752,78,1.03,1.01,6.11,13.58,2469,1
2026-05-17 05:23:55,1.5,10.32,10.81,11.81,1545545,87582,5.7,0,0,0.0,1007,752,78,2.07,0.89,0.87,8.00,2479,1
2026-05-17 05:24:55,1.3,11.56,11.09,11.84,1545545,87562,5.7,0,0,0.0,1007,752,78,1.03,0.78,8.78,16.40,2463,4
2026-05-17 05:25:55,1.1,11.38,11.12,11.81,1545545,87561,5.7,0,0,0.0,1007,752,78,1.03,0.98,6.40,13.99,2464,6
2026-05-17 05:26:56,1.6,11.71,11.24,11.80,1545545,87549,5.7,0,0,0.0,1007,752,78,1.03,1.18,6.14,13.33,2478,1
2026-05-17 05:27:56,1.0,9.93,10.80,11.61,1545545,87596,5.7,0,0,0.0,1007,752,78,1.03,1.02,1.27,8.50,2475,8
2026-05-17 05:28:56,1.8,10.68,10.89,11.59,1545545,87603,5.7,0,0,0.0,1007,752,78,1.03,0.75,8.15,16.02,2472,4
2026-05-17 05:29:57,1.0,9.73,10.58,11.44,1545545,87544,5.7,0,0,0.0,1007,752,78,1.03,0.88,0.95,8.02,2472,6
2026-05-17 05:30:57,11.1,16.28,12.16,11.92,1545545,87576,5.7,0,0,0.0,1007,752,78,1.03,0.83,8.25,16.09,2471,21
2026-05-17 05:31:57,1.0,14.42,12.33,11.99,1545545,87573,5.7,0,0,0.0,1007,752,78,1.03,1.02,8.20,15.00,2470,1
2026-05-17 05:32:58,1.3,12.75,12.16,11.95,1545545,87583,5.7,0,0,0.0,1007,752,78,1.03,0.86,1.74,8.90,2472,4
2026-05-17 05:33:58,0.9,12.16,12.08,11.93,1545545,87558,5.7,0,0,0.0,1007,752,78,1.03,0.92,1.61,8.89,2470,1
2026-05-17 05:34:58,2.7,11.64,11.82,11.84,1545545,87560,5.7,0,0,0.0,1007,752,78,1.03,0.84,1.16,8.29,2479,4
2026-05-17 05:35:59,3.0,15.51,13.01,12.26,1545545,87575,5.7,0,0,0.0,1007,752,78,1.03,0.97,11.83,18.67,2479,4
2026-05-17 05:36:59,1.7,15.81,13.63,12.52,1545545,87567,5.7,0,0,0.0,1007,752,78,1.03,1.02,12.92,20.22,2477,3
2026-05-17 05:37:59,2.9,11.86,12.88,12.33,1545545,87576,5.7,0,0,0.0,1007,752,78,1.23,0.81,1.55,8.70,2473,4
2026-05-17 05:39:00,1.1,13.00,13.19,12.48,1545545,87552,5.7,0,0,0.0,1007,752,78,1.03,0.94,7.51,14.58,2465,2
2026-05-17 05:40:00,1.1,13.35,13.24,12.54,1545545,87583,5.7,0,0,0.0,1007,752,78,1.03,0.98,4.58,12.09,2470,2
2026-05-17 05:41:00,1.0,11.10,12.57,12.35,1545545,87586,5.7,0,0,0.0,1007,752,78,1.03,0.81,1.30,8.48,2472,3
2026-05-17 05:42:01,1.1,10.13,12.03,12.18,1545545,87564,5.7,0,0,0.0,1007,752,78,1.03,0.91,2.44,9.58,2482,5
2026-05-17 05:43:01,1.3,12.07,12.18,12.22,1545545,87591,5.7,0,0,0.0,1007,752,78,1.03,0.93,6.78,14.54,2482,2
2026-05-17 05:44:01,1.0,10.72,11.79,12.08,1545545,87561,5.7,0,0,0.0,1007,752,78,1.15,0.91,3.96,11.45,2490,6
2026-05-17 05:45:02,1.3,9.69,11.31,11.90,1545545,87556,5.7,0,0,0.0,1007,752,78,1.03,0.83,0.92,7.99,2473,1
2026-05-17 05:46:02,1.1,9.78,11.01,11.76,1545545,87552,5.7,0,0,0.0,1007,752,78,1.03,0.94,2.31,9.70,2460,2
2026-05-17 05:47:02,2.0,19.47,13.09,12.39,1545545,87569,5.7,0,0,0.0,1007,752,78,1.03,0.93,5.25,12.58,2451,4
2026-05-17 05:48:03,1.0,13.21,12.51,12.24,1545545,87575,5.7,0,0,0.0,1007,752,78,1.04,0.87,2.36,9.34,2447,4
2026-05-17 05:49:03,2.9,11.09,12.02,12.09,1545545,87562,5.7,0,0,0.0,1007,752,78,1.03,0.87,1.18,8.46,2445,13
2026-05-17 05:50:03,3.4,13.35,12.58,12.28,1545545,87559,5.7,0,0,0.0,1007,752,78,1.03,0.87,7.28,15.02,2468,8
2026-05-17 05:51:04,0.9,11.94,12.40,12.24,1545545,87547,5.7,0,0,0.0,1007,752,78,1.03,1.04,6.90,13.94,2471,11
2026-05-17 05:52:04,2.9,12.52,12.48,12.28,1545545,87563,5.7,0,0,0.0,1007,752,78,1.03,0.77,8.72,15.67,2477,4
2026-05-17 05:53:05,0.9,11.17,12.13,12.17,1545545,87563,5.7,0,0,0.0,1007,752,78,1.03,0.87,5.88,13.21,2485,4
2026-05-17 05:54:05,1.7,10.36,11.78,12.05,1545545,87585,5.7,0,0,0.0,1007,752,78,1.11,0.93,2.37,9.63,2487,4
2026-05-17 05:55:05,1.1,10.59,11.58,11.97,1545545,87556,5.7,0,0,0.0,1007,752,78,1.03,0.97,5.82,13.56,2490,6
2026-05-17 05:56:06,3.0,13.11,11.96,12.06,1545545,87590,5.7,0,0,0.0,1007,752,78,1.09,0.79,8.19,15.89,2488,4
2026-05-17 05:57:06,2.8,11.26,11.59,11.93,1545545,87606,5.7,0,0,0.0,1007,752,78,1.03,1.01,3.04,10.38,2476,6
2026-05-17 05:58:06,1.0,11.62,11.73,11.95,1545545,87592,5.7,0,0,0.0,1007,752,78,1.03,0.93,8.53,15.57,2479,10
2026-05-17 05:59:07,2.8,16.39,13.23,12.46,1545545,87585,5.7,0,0,0.0,1007,752,78,1.03,0.84,8.31,15.70,2459,18
2026-05-17 06:00:07,0.9,12.60,12.75,12.35,1545545,87571,5.7,0,0,0.0,1007,752,78,1.10,1.02,3.48,10.68,2457,2
2026-05-17 06:01:07,3.1,11.47,12.37,12.24,1545545,87578,5.7,0,0,0.0,1007,752,78,1.03,0.92,3.27,10.75,2469,4
2026-05-17 06:02:08,3.6,13.46,12.84,12.41,1545545,87613,5.7,0,0,0.0,1007,752,78,1.03,1.02,8.47,16.11,2470,4
2026-05-17 06:03:08,1.0,12.80,12.78,12.42,1545545,87583,5.7,0,0,0.0,1007,752,78,1.03,0.86,5.48,13.01,2464,3
2026-05-17 06:04:08,3.8,11.73,12.44,12.32,1545545,87610,5.7,0,0,0.0,1007,752,78,1.03,0.82,5.30,12.87,2474,4
2026-05-17 06:05:09,3.1,11.42,12.25,12.27,1545545,87577,5.7,0,0,0.0,1007,752,78,1.03,0.88,3.74,11.12,2469,4
2026-05-17 06:06:09,2.1,12.73,12.44,12.33,1545545,87579,5.7,0,0,0.0,1007,752,78,1.03,1.01,4.46,11.91,2457,3
2026-05-17 06:07:09,2.2,12.36,12.44,12.33,1545545,87593,5.7,0,0,0.0,1007,752,78,1.03,0.95,11.16,18.44,2454,4
2026-05-17 06:08:10,2.4,13.70,12.68,12.41,1545545,87608,5.7,0,0,0.0,1007,752,78,1.03,0.92,6.61,13.53,2461,3
2026-05-17 06:09:10,1.3,11.61,12.26,12.28,1545545,87598,5.7,0,0,0.0,1007,752,78,1.03,0.91,4.16,11.62,2456,2
2026-05-17 06:10:10,2.9,11.38,12.10,12.23,1545545,87594,5.7,0,0,0.0,1007,752,78,1.16,0.82,5.46,13.16,2456,6
2026-05-17 06:11:11,1.1,11.17,11.98,12.18,1545545,87562,5.7,0,0,0.0,1007,752,78,1.03,0.88,5.50,12.97,2462,1
2026-05-17 06:12:11,3.2,12.86,12.26,12.26,1545545,87598,5.7,0,0,0.0,1007,752,78,1.03,1.05,9.64,17.06,2464,11
2026-05-17 06:13:11,0.9,11.00,11.85,12.12,1545545,87589,5.7,0,0,0.0,1007,752,78,1.03,0.82,4.25,11.39,2452,3
2026-05-17 06:14:12,2.8,12.49,12.08,12.18,1545545,87595,5.7,0,0,0.0,1007,752,78,1.03,0.86,7.00,14.66,2471,4
2026-05-17 06:15:12,3.0,12.43,12.04,12.16,1545545,87582,5.7,0,0,0.0,1007,752,78,1.03,0.82,7.48,14.79,2482,8
2026-05-17 06:16:12,1.0,12.12,12.11,12.17,1545545,87567,5.7,0,0,0.0,1007,752,78,1.03,0.95,7.68,14.75,2475,1
2026-05-17 06:17:13,1.3,10.41,11.59,11.99,1545545,87582,5.7,0,0,0.0,1007,752,78,1.03,1.00,1.79,9.04,2488,4
2026-05-17 06:18:13,3.0,10.98,11.47,11.92,1545545,87612,5.7,0,0,0.0,1007,752,78,1.03,0.86,5.77,13.27,2481,6
2026-05-17 06:19:13,1.1,11.82,11.70,11.97,1545545,87561,5.7,0,0,0.0,1007,752,78,1.03,0.88,9.25,17.19,2478,2
2026-05-17 06:20:14,3.2,10.13,11.21,11.79,1545545,87590,5.7,0,0,0.0,1007,752,78,1.03,0.94,2.10,9.39,2479,4
2026-05-17 06:21:14,3.8,10.83,11.18,11.74,1545545,87604,5.7,0,0,0.0,1007,752,78,1.03,0.79,5.56,13.15,2479,4
2026-05-17 06:22:14,1.1,14.21,11.98,11.97,1545545,87598,5.7,0,0,0.0,1007,752,78,1.03,1.25,8.87,16.18,2467,4
2026-05-17 06:23:15,1.4,12.02,11.85,11.93,1545545,87626,5.7,0,0,0.0,1007,752,78,1.03,0.91,1.80,9.05,2478,3
2026-05-17 06:24:15,2.1,11.52,11.72,11.88,1545545,87577,5.7,0,0,0.0,1007,752,78,1.21,0.87,5.28,12.32,2476,5
2026-05-17 06:25:15,1.1,10.35,11.38,11.76,1545545,87577,5.7,0,0,0.0,1007,752,78,1.03,0.95,3.15,10.30,2471,6
2026-05-17 06:26:16,3.6,11.55,11.51,11.78,1545545,87578,5.7,0,0,0.0,1007,752,78,1.41,0.78,2.57,9.80,2468,22
2026-05-17 06:27:16,3.1,11.62,11.55,11.78,1545545,87606,5.7,0,0,0.0,1007,752,78,1.40,1.17,5.55,12.99,2486,6
2026-05-17 06:28:16,1.7,11.91,11.69,11.81,1545545,87624,5.7,0,0,0.0,1007,752,78,1.03,1.06,10.38,17.35,2480,6
2026-05-17 06:29:17,1.1,11.35,11.57,11.76,1545545,87565,5.7,0,0,0.0,1007,752,78,1.03,0.90,1.43,8.52,2477,4
2026-05-17 06:30:17,1.2,12.25,11.76,11.81,1545545,87550,5.7,0,0,0.0,1007,752,78,1.03,0.84,6.38,13.37,2484,7
2026-05-17 06:31:17,10.3,11.64,11.64,11.77,1545545,87564,5.7,0,0,0.0,1007,752,78,1.03,0.84,7.90,15.87,2481,20
2026-05-17 06:32:18,3.5,10.36,11.32,11.65,1545545,87579,5.7,0,0,0.0,1007,752,78,1.03,1.00,2.73,10.06,2464,5
2026-05-17 06:33:18,1.1,11.14,11.45,11.68,1545545,87583,5.7,0,0,0.0,1007,752,78,1.03,0.80,3.05,10.29,2465,2
2026-05-17 06:34:18,3.0,13.33,11.87,11.80,1545545,87584,5.7,0,0,0.0,1007,752,78,1.03,0.92,4.99,12.60,2462,4
2026-05-17 06:35:19,3.4,12.61,11.98,11.85,1545545,87577,5.7,0,0,0.0,1007,752,78,1.03,0.84,6.96,14.13,2469,5
2026-05-17 06:36:19,2.0,13.91,12.40,12.00,1545545,87580,5.7,0,0,0.0,1007,752,78,1.03,0.84,12.00,20.00,2467,3
2026-05-17 06:37:19,1.1,12.77,12.39,12.02,1545545,87577,5.7,0,0,0.0,1007,752,78,1.03,1.06,6.74,13.60,2466,6
2026-05-17 06:38:20,3.7,16.74,13.62,12.46,1545545,87606,5.7,0,0,0.0,1007,752,78,1.37,0.72,7.21,14.97,2490,10
2026-05-17 06:39:20,1.3,14.15,13.37,12.45,1545545,87561,5.7,0,0,0.0,1007,752,78,1.69,0.89,7.78,15.63,2485,2
2026-05-17 06:40:20,1.2,12.06,13.07,12.42,1545545,87565,5.7,0,0,0.0,1007,752,78,1.03,0.99,4.23,11.81,2475,3
2026-05-17 06:41:21,1.9,11.80,12.78,12.35,1545545,87591,5.7,0,0,0.0,1007,752,78,1.03,0.74,5.02,12.54,2473,4
2026-05-17 06:42:21,1.2,10.22,12.14,12.16,1545545,87579,5.7,0,0,0.0,1007,752,78,1.03,0.95,0.87,8.01,2485,10
2026-05-17 06:43:21,1.2,11.02,11.98,12.10,1545545,87587,5.7,0,0,0.0,1007,752,78,1.14,0.91,4.36,11.55,2458,1
2026-05-17 06:44:22,3.0,14.16,12.84,12.40,1545545,87587,5.7,0,0,0.0,1007,752,78,1.09,0.83,4.37,11.80,2473,27
2026-05-17 06:45:22,1.3,11.91,12.48,12.30,1545545,87562,5.7,0,0,0.0,1007,752,78,1.07,1.02,4.91,12.53,2467,3
2026-05-17 06:46:22,1.0,10.84,12.03,12.15,1545545,87558,5.7,0,0,0.0,1007,752,78,1.05,0.90,2.01,9.34,2477,2
2026-05-17 06:47:23,1.0,10.68,11.80,12.07,1545545,87577,5.7,0,0,0.0,1007,752,78,1.03,1.04,6.19,13.48,2465,2
2026-05-17 06:48:23,1.0,10.30,11.49,11.94,1545545,87577,5.7,0,0,0.0,1007,752,78,1.05,0.84,0.91,8.02,2472,2
2026-05-17 06:49:23,2.4,12.64,11.77,12.00,1545545,87577,5.7,0,0,0.0,1007,752,78,1.03,0.73,5.85,13.54,2469,2
2026-05-17 06:50:24,1.0,10.63,11.35,11.84,1545545,87555,5.7,0,0,0.0,1007,752,78,1.03,0.95,4.06,11.37,2485,7
2026-05-17 06:51:24,3.0,10.13,11.03,11.70,1545545,87570,5.7,0,0,0.0,1007,752,78,1.37,0.95,2.68,10.03,2470,7
2026-05-17 06:52:24,0.9,10.61,11.05,11.66,1545545,87563,5.7,0,0,0.0,1007,752,78,1.26,0.89,8.75,16.06,2465,1
2026-05-17 06:53:25,1.6,10.10,10.81,11.54,1545545,87573,5.7,0,0,0.0,1007,752,78,1.03,0.85,1.63,8.80,2477,2
2026-05-17 06:54:25,1.1,11.13,11.07,11.59,1545545,87546,5.7,0,0,0.0,1007,752,78,1.03,0.91,5.64,13.21,2469,6
2026-05-17 06:55:25,1.2,10.36,10.87,11.49,1545545,87550,5.7,0,0,0.0,1007,752,78,1.05,0.98,4.96,12.49,2484,8
2026-05-17 06:56:26,1.3,10.85,10.86,11.44,1545545,87586,5.7,0,0,0.0,1007,752,78,1.03,0.90,5.09,12.69,2482,2
2026-05-17 06:57:26,2.9,12.98,11.38,11.58,1545545,87605,5.7,0,0,0.0,1007,752,78,1.09,1.03,7.56,14.87,2472,5
2026-05-17 06:58:26,1.4,11.18,11.18,11.50,1545545,87588,5.7,0,0,0.0,1007,752,78,1.03,0.88,1.47,8.66,2468,1
2026-05-17 06:59:27,0.9,10.22,10.93,11.39,1545545,87573,5.7,0,0,0.0,1007,752,78,1.03,0.85,0.87,8.00,2466,3
2026-05-17 07:00:27,3.3,10.96,10.95,11.37,1545545,87591,5.7,0,0,0.0,1007,752,78,1.06,0.80,5.61,13.24,2454,7
2026-05-17 07:01:27,1.0,10.24,10.80,11.29,1545545,87585,5.7,0,0,0.0,1007,752,78,1.03,1.01,5.70,13.35,2466,2
2026-05-17 07:02:28,3.1,12.95,11.23,11.39,1545545,87622,5.7,0,0,0.0,1007,752,78,1.03,1.18,5.06,12.38,2471,6
2026-05-17 07:03:28,1.8,12.39,11.49,11.48,1545545,87607,5.7,0,0,0.0,1007,752,78,1.03,0.78,9.16,17.07,2484,9
2026-05-17 07:04:28,4.0,11.06,11.26,11.40,1545545,87597,5.7,0,0,0.0,1007,752,78,1.03,0.94,5.13,12.53,2487,6
2026-05-17 07:05:29,1.1,10.01,10.96,11.29,1545545,87569,5.7,0,0,0.0,1007,752,78,2.07,0.88,3.01,10.25,2485,3
2026-05-17 07:06:29,1.2,10.48,10.93,11.26,1545545,87578,5.7,0,0,0.0,1007,752,78,1.03,0.84,8.45,15.29,2475,3
2026-05-17 07:07:29,1.2,9.98,10.69,11.15,1545545,87620,5.7,0,0,0.0,1007,752,78,1.03,1.13,1.37,8.52,2481,4
2026-05-17 07:08:30,1.5,12.80,11.36,11.35,1545545,87620,5.7,0,0,0.0,1007,752,78,1.03,0.83,8.58,16.58,2476,4
2026-05-17 07:09:30,2.8,10.50,10.96,11.21,1545545,87615,5.7,0,0,0.0,1007,752,78,1.03,0.84,2.76,10.22,2486,2
2026-05-17 07:10:30,2.7,11.08,11.02,11.21,1545545,87601,5.7,0,0,0.0,1007,752,78,1.03,0.90,11.23,18.54,2477,12
2026-05-17 07:11:31,1.3,10.79,10.99,11.19,1545545,87593,5.7,0,0,0.0,1007,752,78,1.03,0.88,2.81,10.05,2474,3
2026-05-17 07:12:31,1.1,10.22,10.80,11.12,1545545,87604,5.7,0,0,0.0,1007,752,78,1.03,1.00,0.93,8.10,2467,3
2026-05-17 07:13:31,1.3,9.76,10.56,11.01,1545545,87629,5.7,0,0,0.0,1007,752,78,1.09,0.84,1.39,8.71,2472,3
2026-05-17 07:14:32,3.2,13.87,11.36,11.25,1545545,87613,5.7,0,0,0.0,1007,752,78,1.03,0.79,7.46,15.24,2464,5
2026-05-17 07:15:32,1.1,11.67,11.33,11.25,1545545,87586,5.7,0,0,0.0,1007,752,78,1.03,0.98,4.21,11.64,2483,12
2026-05-17 07:16:32,2.1,14.21,11.99,11.47,1545545,87607,5.7,0,0,0.0,1007,752,78,1.03,0.88,5.78,13.26,2478,3
2026-05-17 07:17:33,1.0,16.85,13.26,11.95,1545545,87639,5.7,0,0,0.0,1007,752,78,1.40,0.98,6.61,13.89,2478,1
2026-05-17 07:18:33,1.0,13.89,13.12,11.98,1545545,87603,5.7,0,0,0.0,1007,752,78,1.12,1.01,4.91,12.45,2461,4
2026-05-17 07:19:33,1.0,13.98,13.59,12.24,1545545,87584,5.7,0,0,0.0,1007,752,78,1.09,0.94,4.70,12.28,2455,3
2026-05-17 07:20:34,2.2,17.64,14.61,12.66,1545545,87601,5.7,0,0,0.0,1007,752,78,1.17,0.80,8.74,15.79,2447,5
2026-05-17 07:21:34,1.3,14.46,14.23,12.65,1545545,87589,5.7,0,0,0.0,1007,752,78,1.03,0.89,4.54,11.87,2464,5
2026-05-17 07:22:34,3.5,15.35,14.30,12.76,1545545,87631,5.7,0,0,0.0,1007,752,78,1.07,1.12,1.71,8.92,2463,4
2026-05-17 07:23:35,3.4,16.89,14.95,13.08,1545545,87639,5.7,0,0,0.0,1007,752,78,1.03,0.82,12.48,20.31,2474,6
2026-05-17 07:24:35,1.2,14.19,14.72,13.13,1545545,87593,5.7,0,0,0.0,1007,752,78,1.03,0.91,5.80,13.43,2473,1
2026-05-17 07:25:35,1.2,10.95,13.68,12.87,1545545,87588,5.7,0,0,0.0,1007,752,78,1.14,0.89,0.93,8.06,2471,1
2026-05-17 07:26:36,1.9,13.44,13.93,13.01,1545545,87610,5.7,0,0,0.0,1007,752,78,1.03,0.94,9.45,16.25,2457,8
2026-05-17 07:27:36,1.3,12.88,13.63,12.95,1545545,87614,5.7,0,0,0.0,1007,752,78,1.03,1.18,7.18,14.49,2475,4
2026-05-17 07:28:36,1.0,11.32,12.99,12.77,1545545,87620,5.7,0,0,0.0,1007,752,78,1.27,0.80,0.86,8.03,2497,1
2026-05-17 07:29:37,1.2,9.88,12.28,12.54,1545545,87600,5.7,0,0,0.0,1007,752,78,1.55,0.79,0.91,8.01,2491,7
2026-05-17 07:30:37,5.7,13.07,12.74,12.68,1545545,87588,5.7,0,0,0.0,1007,752,78,1.19,0.99,4.37,11.89,2502,23
2026-05-17 07:31:37,1.1,11.72,12.40,12.57,1545545,87585,5.7,0,0,0.0,1007,752,78,1.23,0.98,1.26,8.54,2505,1
2026-05-17 07:32:38,1.2,11.07,12.12,12.46,1545545,87603,5.7,0,0,0.0,1007,752,78,1.03,0.82,2.77,10.00,2471,3
2026-05-17 07:33:38,1.0,10.88,11.81,12.33,1545545,87622,5.7,0,0,0.0,1007,752,78,1.27,0.78,4.93,12.37,2473,1
2026-05-17 07:34:38,3.0,12.41,12.07,12.38,1545545,87599,5.7,0,0,0.0,1007,752,78,1.36,0.90,7.65,14.80,2471,6
2026-05-17 07:35:39,1.1,10.62,11.65,12.22,1545545,87597,5.7,0,0,0.0,1007,752,78,1.41,1.04,3.12,10.50,2468,3
2026-05-17 07:36:39,2.9,11.45,11.64,12.18,1545545,87621,5.7,0,0,0.0,1007,752,78,1.06,0.99,6.62,14.31,2493,7
2026-05-17 07:37:39,1.6,12.41,11.80,12.19,1545545,87627,5.7,0,0,0.0,1007,752,78,1.19,0.88,7.97,15.69,2497,5
2026-05-17 07:38:40,1.3,11.72,11.75,12.15,1545545,87624,5.7,0,0,0.0,1007,752,78,1.10,0.86,4.35,11.62,2495,2
2026-05-17 07:39:40,0.9,10.87,11.46,12.02,1545545,87610,5.7,0,0,0.0,1007,752,78,1.06,0.96,3.10,10.40,2501,1
2026-05-17 07:40:40,1.0,11.13,11.37,11.95,1545545,87593,5.7,0,0,0.0,1007,752,78,1.03,0.71,2.38,9.66,2497,2
2026-05-17 07:41:41,3.0,10.86,11.18,11.85,1545545,87608,5.7,0,0,0.0,1007,752,78,1.03,1.07,3.17,10.43,2467,3
2026-05-17 07:42:41,1.0,12.50,11.62,11.96,1545545,87612,5.7,0,0,0.0,1007,752,78,1.03,0.88,9.20,16.50,2482,3
2026-05-17 07:43:41,3.0,14.05,12.08,12.09,1545545,87637,5.7,0,0,0.0,1007,752,78,1.16,0.75,9.15,16.87,2474,12
2026-05-17 07:44:42,2.0,13.40,12.20,12.13,1545545,87607,5.7,0,0,0.0,1007,752,78,1.09,0.93,6.57,13.53,2465,2
2026-05-17 07:45:42,1.0,12.81,12.22,12.13,1545545,87589,5.7,0,0,0.0,1007,752,78,1.03,0.90,8.13,15.67,2479,7
2026-05-17 07:46:42,1.0,11.59,11.95,12.05,1545545,87595,5.7,0,0,0.0,1007,752,78,1.03,1.13,1.30,8.56,2475,2
2026-05-17 07:47:43,3.2,11.08,11.69,11.95,1545545,87622,5.7,0,0,0.0,1007,752,78,1.16,1.02,4.78,12.39,2471,5
2026-05-17 07:48:43,2.9,11.96,11.84,11.98,1545545,87650,5.7,0,0,0.0,1007,752,78,1.53,0.79,9.39,17.35,2453,4
2026-05-17 07:49:43,3.6,11.72,11.77,11.95,1545545,87617,5.7,0,0,0.0,1007,752,78,1.03,0.89,6.67,14.14,2480,4
2026-05-17 07:50:44,1.4,11.00,11.57,11.87,1545545,87605,5.7,0,0,0.0,1007,752,78,1.03,0.86,5.69,13.22,2475,4
2026-05-17 07:51:44,3.3,12.36,11.78,11.92,1545545,87610,5.7,0,0,0.0,1007,752,78,1.03,0.89,7.70,15.39,2483,19
2026-05-17 07:52:44,1.2,11.62,11.79,11.92,1545545,87609,5.7,0,0,0.0,1007,752,78,1.03,0.92,4.33,11.76,2486,5
2026-05-17 07:53:45,1.2,10.39,11.39,11.77,1545545,87617,5.7,0,0,0.0,1007,752,78,1.03,0.84,1.63,8.80,2486,7
2026-05-17 07:54:45,3.4,10.53,11.23,11.69,1545545,87607,5.7,0,0,0.0,1007,752,78,1.03,0.93,4.77,12.10,2470,5
2026-05-17 07:55:45,2.2,11.54,11.35,11.70,1545545,87591,5.7,0,0,0.0,1007,752,78,1.03,0.85,8.80,16.10,2487,3
2026-05-17 07:56:46,1.0,10.01,10.94,11.54,1545545,87592,5.7,0,0,0.0,1007,752,78,1.03,1.01,0.97,8.05,2463,6
2026-05-17 07:57:46,0.9,10.13,10.81,11.45,1545545,87617,5.7,0,0,0.0,1007,752,78,1.03,0.95,3.45,10.75,2469,6
2026-05-17 07:58:46,2.9,10.77,10.80,11.40,1545545,87652,5.7,0,0,0.0,1007,752,78,1.03,0.87,6.86,13.94,2472,4
2026-05-17 07:59:47,3.1,13.23,11.41,11.57,1545545,87612,5.7,0,0,0.0,1007,752,78,1.03,0.90,8.43,15.99,2479,4
2026-05-17 08:00:47,0.9,12.29,11.46,11.57,1545545,87595,5.7,0,0,0.0,1007,752,78,1.03,0.79,8.52,15.35,2461,3
2026-05-17 08:01:47,3.0,12.36,11.56,11.60,1545545,87612,5.7,0,0,0.0,1007,752,78,1.03,3.48,7.79,15.10,2474,6
2026-05-17 08:02:48,1.1,10.96,11.32,11.51,1545545,87620,5.7,0,0,0.0,1007,752,78,1.09,0.87,4.12,11.20,2476,6
2026-05-17 08:03:48,1.1,10.92,11.19,11.45,1545545,87649,5.7,0,0,0.0,1007,752,78,1.03,0.92,4.35,11.77,2486,1
2026-05-17 08:04:48,1.2,10.56,11.06,11.39,1545545,87588,5.7,0,0,0.0,1007,752,78,1.03,0.85,3.08,10.54,2492,6
2026-05-17 08:05:49,1.1,10.72,11.04,11.37,1545545,87587,5.7,0,0,0.0,1007,752,78,1.10,0.92,3.79,11.20,2482,2
2026-05-17 08:06:49,3.1,11.89,11.30,11.43,1545545,87623,5.7,0,0,0.0,1007,752,78,1.03,1.03,5.06,12.63,2485,7
2026-05-17 08:07:49,1.2,12.24,11.57,11.52,1545545,87616,5.7,0,0,0.0,1007,752,78,1.03,0.83,5.81,13.46,2489,3
2026-05-17 08:08:50,1.3,12.03,11.57,11.52,1545545,87626,5.7,0,0,0.0,1007,752,78,1.03,0.91,2.76,10.03,2464,6
2026-05-17 08:09:50,1.6,11.02,11.35,11.44,1545545,87585,5.7,0,0,0.0,1007,752,78,1.03,1.00,1.04,8.24,2464,1
2026-05-17 08:10:50,3.1,11.18,11.36,11.44,1545545,87602,5.7,0,0,0.0,1007,752,78,1.03,0.83,2.35,9.64,2468,9
2026-05-17 08:11:51,1.1,11.20,11.41,11.46,1545545,87583,5.7,0,0,0.0,1007,752,78,1.03,0.92,2.99,9.96,2467,3
2026-05-17 08:12:51,3.3,13.69,12.05,11.67,1545545,87628,5.7,0,0,0.0,1007,752,78,1.03,0.91,9.05,16.68,2475,6
2026-05-17 08:13:51,2.0,14.75,12.47,11.83,1545545,87637,5.7,0,0,0.0,1007,752,78,1.03,0.89,7.37,14.68,2470,3
2026-05-17 08:14:52,1.0,14.26,12.89,12.03,1545545,87581,5.7,0,0,0.0,1007,752,78,1.03,0.98,9.29,16.75,2471,3
2026-05-17 08:15:52,1.1,11.74,12.51,11.95,1545545,87581,5.7,0,0,0.0,1007,752,78,1.31,1.02,5.81,13.43,2460,1
2026-05-17 08:16:52,1.7,12.69,12.66,12.04,1545545,87594,5.7,0,0,0.0,1007,752,78,1.10,1.11,5.58,12.89,2462,3
2026-05-17 08:17:53,3.0,11.72,12.35,11.97,1545545,87622,5.7,0,0,0.0,1007,752,78,1.03,0.92,8.77,16.00,2460,8
2026-05-17 08:18:53,3.2,11.84,12.33,11.99,1545545,87615,5.7,0,0,0.0,1007,752,78,1.03,0.96,4.97,12.27,2464,7
2026-05-17 08:19:53,1.2,12.36,12.47,12.07,1545545,87584,5.7,0,0,0.0,1007,752,78,1.07,0.94,5.86,12.90,2467,1
2026-05-17 08:20:54,3.2,11.64,12.20,11.99,1545545,87611,5.7,0,0,0.0,1007,752,78,1.03,0.79,7.27,14.92,2483,4
2026-05-17 08:21:54,1.3,11.15,12.07,11.97,1545545,87609,5.7,0,0,0.0,1007,752,78,1.03,1.28,4.29,11.68,2467,3
2026-05-17 08:22:54,2.9,13.73,12.83,12.25,1545545,87636,5.7,0,0,0.0,1007,752,78,1.03,1.05,5.96,13.55,2479,4
2026-05-17 08:23:55,1.2,11.47,12.38,12.13,1545545,87623,5.7,0,0,0.0,1007,752,78,1.03,0.88,2.14,9.23,2482,2
2026-05-17 08:24:55,0.9,10.55,11.98,12.01,1545545,87602,5.7,0,0,0.0,1007,752,78,1.03,0.93,5.34,12.15,2472,1
2026-05-17 08:25:55,1.1,11.25,11.82,11.95,1545545,87595,5.7,0,0,0.0,1007,752,78,1.03,1.00,3.83,11.27,2470,1
2026-05-17 08:26:56,3.8,10.65,11.51,11.83,1545545,87621,5.7,0,0,0.0,1007,752,78,1.03,1.22,3.70,11.12,2485,4
2026-05-17 08:27:56,1.0,16.62,12.73,12.21,1545545,87615,5.7,0,0,0.0,1007,752,78,1.16,0.90,1.94,9.14,2466,4
2026-05-17 08:28:56,1.0,13.50,12.53,12.17,1545545,87624,5.7,0,0,0.0,1007,752,78,1.03,0.84,5.96,13.64,2461,5
2026-05-17 08:29:57,1.0,10.40,11.81,11.94,1545545,87609,5.7,0,0,0.0,1007,752,78,1.10,0.96,1.27,8.43,2472,1
2026-05-17 08:30:57,3.9,10.02,11.44,11.81,1545545,87594,5.7,0,0,0.0,1007,752,78,1.05,0.87,3.12,10.42,2461,19
2026-05-17 08:31:57,2.6,9.72,11.11,11.67,1545545,87605,5.7,0,0,0.0,1007,752,78,1.20,1.03,3.58,11.04,2452,6
2026-05-17 08:32:58,1.3,9.76,10.86,11.55,1545545,87620,5.7,0,0,0.0,1007,752,78,1.03,1.01,0.98,8.14,2453,2
2026-05-17 08:33:58,1.0,9.32,10.54,11.39,1545545,87634,5.7,0,0,0.0,1007,752,78,1.07,0.98,0.88,8.02,2460,4
2026-05-17 08:34:58,1.4,11.33,10.88,11.45,1545545,87597,5.7,0,0,0.0,1007,752,78,1.03,0.72,3.46,10.85,2459,2
2026-05-17 08:35:59,2.0,11.67,11.07,11.48,1545545,87621,5.7,0,0,0.0,1007,752,78,1.03,0.96,11.67,18.45,2473,7
2026-05-17 08:36:59,1.1,11.04,11.04,11.45,1545545,87606,5.7,0,0,0.0,1007,752,78,1.15,1.12,8.83,15.60,2487,1
2026-05-17 08:37:59,1.1,9.86,10.70,11.31,1545545,87655,5.7,0,0,0.0,1007,752,78,1.03,1.00,2.54,9.87,2490,7
2026-05-17 08:39:00,1.1,9.12,10.34,11.14,1545545,87647,5.7,0,0,0.0,1007,752,78,1.03,0.92,1.26,8.39,2476,1
2026-05-17 08:40:00,1.0,9.66,10.30,11.08,1545545,87612,5.7,0,0,0.0,1007,752,78,1.03,0.84,0.89,8.02,2477,4
2026-05-17 08:41:00,3.1,11.54,10.72,11.17,1545545,87633,5.7,0,0,0.0,1007,752,78,1.05,0.91,6.18,13.88,2465,5
2026-05-17 08:42:01,1.2,10.96,10.75,11.16,1545545,87598,5.7,0,0,0.0,1007,752,78,1.08,1.07,5.51,13.13,2468,3
2026-05-17 08:43:01,1.0,11.01,10.82,11.16,1545545,87618,5.7,0,0,0.0,1007,752,78,1.04,0.92,6.67,13.91,2459,1
2026-05-17 08:44:01,1.2,11.66,11.06,11.22,1545545,87616,5.7,0,0,0.0,1007,752,78,1.45,0.92,10.83,19.09,2473,1
2026-05-17 08:45:02,1.0,10.45,10.84,11.13,1545545,87603,5.7,0,0,0.0,1007,752,78,1.03,0.98,2.00,9.18,2468,3
2026-05-17 08:46:02,1.0,10.68,10.82,11.11,1545545,87598,5.7,0,0,0.0,1007,752,78,1.03,0.97,4.89,12.50,2468,4
2026-05-17 08:47:02,4.1,11.03,10.91,11.12,1545545,87636,5.7,0,0,0.0,1007,752,78,1.03,1.11,7.32,15.22,2472,7
2026-05-17 08:48:03,1.0,10.29,10.76,11.06,1545545,87623,5.7,0,0,0.0,1007,752,78,1.09,0.95,4.29,11.69,2477,1
2026-05-17 08:49:03,4.1,10.45,10.68,11.01,1545545,87630,5.7,0,0,0.0,1007,752,78,1.12,0.95,6.49,13.96,2469,5
2026-05-17 08:50:03,1.0,11.23,10.92,11.07,1545545,87591,5.7,0,0,0.0,1007,752,78,1.03,0.96,10.19,17.12,2476,1
2026-05-17 08:51:04,1.9,10.69,10.77,11.01,1545545,87621,5.7,0,0,0.0,1007,752,78,1.17,0.95,6.54,13.65,2475,8
2026-05-17 08:52:04,3.2,11.10,10.82,11.01,1545545,87621,5.7,0,0,0.0,1007,752,78,1.03,1.09,6.41,13.70,2471,8
2026-05-17 08:53:04,1.1,11.02,10.87,11.01,1545545,87622,5.7,0,0,0.0,1007,752,78,1.04,0.80,2.37,9.62,2481,7
2026-05-17 08:54:05,1.6,10.12,10.62,10.91,1545545,87596,5.7,0,0,0.0,1007,752,78,1.03,0.92,0.87,7.99,2483,1
2026-05-17 08:55:05,1.1,9.63,10.42,10.83,1545545,87600,5.7,0,0,0.0,1007,752,78,1.03,1.04,2.89,10.39,2477,2
2026-05-17 08:56:05,3.0,11.04,10.68,10.89,1545545,87632,5.7,0,0,0.0,1007,752,78,1.03,0.94,8.18,16.01,2480,6
2026-05-17 08:57:06,2.9,12.67,11.19,11.06,1545545,87620,5.7,0,0,0.0,1007,752,78,1.03,1.05,6.75,14.18,2461,5
2026-05-17 08:58:06,2.9,10.61,10.89,10.96,1545545,87662,5.7,0,0,0.0,1007,752,78,1.03,0.91,2.90,10.26,2470,5
2026-05-17 08:59:06,3.0,13.58,11.60,11.20,1545545,87656,5.7,0,0,0.0,1007,752,78,1.03,0.91,11.91,18.85,2459,6
2026-05-17 09:00:07,1.0,12.35,11.64,11.23,1545545,87608,5.7,0,0,0.0,1007,752,78,1.03,1.07,6.86,13.68,2467,3
2026-05-17 09:01:07,3.2,11.89,11.48,11.20,1545545,87622,5.7,0,0,0.0,1007,752,78,1.25,1.05,1.87,9.24,2475,6
2026-05-17 09:02:07,1.2,12.09,11.75,11.32,1545545,87598,5.7,0,0,0.0,1007,752,78,1.09,1.04,5.08,12.69,2482,1
2026-05-17 09:03:08,1.1,11.81,11.80,11.36,1545545,87617,5.7,0,0,0.0,1007,752,78,1.06,0.80,6.02,13.61,2474,6
2026-05-17 09:04:08,1.0,12.26,12.12,11.51,1545545,87611,5.7,0,0,0.0,1007,752,78,1.03,0.93,5.24,12.88,2467,1
2026-05-17 09:05:08,3.1,15.13,12.91,11.82,1545545,87625,5.7,0,0,0.0,1007,752,78,1.03,0.93,7.62,15.07,2463,6
2026-05-17 09:06:09,3.0,15.34,13.11,11.94,1545545,87627,5.7,0,0,0.0,1007,752,78,1.03,1.15,5.04,11.96,2442,2
2026-05-17 09:07:09,1.9,15.13,13.47,12.14,1545545,87615,5.7,0,0,0.0,1007,752,78,1.05,0.95,3.84,11.19,2454,6
2026-05-17 09:08:09,1.4,13.14,13.37,12.20,1545545,87645,5.7,0,0,0.0,1007,752,78,1.03,0.96,4.64,12.15,2464,2
2026-05-17 09:09:10,3.1,14.02,13.32,12.24,1545545,87626,5.7,0,0,0.0,1007,752,78,1.04,0.92,2.12,9.32,2473,5
2026-05-17 09:10:10,1.0,13.01,13.29,12.31,1545545,87603,5.7,0,0,0.0,1007,752,78,1.03,0.95,7.08,14.05,2482,3
2026-05-17 09:11:10,2.9,12.16,12.96,12.25,1545545,87614,5.7,0,0,0.0,1007,752,78,1.51,0.83,3.51,10.70,2482,5
2026-05-17 09:12:11,1.1,11.04,12.59,12.17,1545545,87613,5.7,0,0,0.0,1007,752,78,1.07,1.11,7.17,14.65,2472,1
2026-05-17 09:13:11,3.0,13.81,12.91,12.30,1545545,87632,5.7,0,0,0.0,1007,752,78,1.45,0.98,6.30,13.54,2473,5
2026-05-17 09:14:11,3.0,13.58,12.98,12.36,1545545,87619,5.7,0,0,0.0,1007,752,78,1.14,0.85,11.28,18.55,2467,7
2026-05-17 09:15:12,1.0,11.36,12.50,12.23,1545545,87583,5.7,0,0,0.0,1007,752,78,1.09,0.93,5.43,12.71,2466,3
2026-05-17 09:16:12,4.3,13.80,12.92,12.39,1545545,87610,5.7,0,0,0.0,1007,752,78,1.10,1.05,4.38,11.84,2479,21
2026-05-17 09:17:12,3.1,13.29,12.95,12.43,1545545,87637,5.7,0,0,0.0,1007,752,78,1.22,0.96,6.22,14.10,2465,5
2026-05-17 09:18:13,3.3,12.05,12.55,12.32,1545545,87638,5.7,0,0,0.0,1007,752,78,1.03,0.99,3.79,11.14,2457,5
2026-05-17 09:19:13,1.1,11.93,12.62,12.38,1545545,87604,5.7,0,0,0.0,1007,752,78,1.03,0.88,2.15,9.36,2465,1
2026-05-17 09:20:13,3.0,11.00,12.28,12.28,1545545,87606,5.7,0,0,0.0,1007,752,78,1.03,0.89,5.48,13.12,2476,6
2026-05-17 09:21:14,1.1,11.24,12.12,12.22,1545545,87597,5.7,0,0,0.0,1007,752,78,1.04,0.82,6.27,13.68,2477,4
2026-05-17 09:22:14,2.0,13.25,12.45,12.33,1545545,87649,5.7,0,0,0.0,1007,752,78,1.04,1.23,4.99,12.47,2480,3
2026-05-17 09:23:14,2.9,12.61,12.41,12.32,1545545,87640,5.7,0,0,0.0,1007,752,78,1.03,1.02,6.79,14.06,2480,5
2026-05-17 09:24:15,3.3,14.49,12.98,12.52,1545545,87608,5.7,0,0,0.0,1007,752,78,1.03,0.92,12.62,19.44,2472,5
2026-05-17 09:25:15,0.9,13.23,12.95,12.55,1545545,87609,5.7,0,0,0.0,1007,752,78,1.03,0.95,9.23,16.84,2459,1
2026-05-17 09:26:15,4.2,15.03,13.53,12.77,1545545,87607,5.7,0,0,0.0,1007,752,78,1.03,0.82,11.22,18.41,2454,5
2026-05-17 09:27:16,1.0,13.62,13.47,12.80,1545545,87626,5.7,0,0,0.0,1007,752,78,1.03,1.16,8.99,16.98,2462,2
2026-05-17 09:28:16,1.1,12.48,13.22,12.76,1545545,87620,5.7,0,0,0.0,1007,752,78,1.03,1.09,6.12,13.90,2460,2
2026-05-17 09:29:16,1.0,10.79,12.63,12.59,1545545,87594,5.7,0,0,0.0,1007,752,78,1.03,0.93,2.75,10.04,2465,9
2026-05-17 09:30:17,0.9,11.41,12.52,12.55,1545545,87595,5.7,0,0,0.0,1007,752,78,1.03,0.88,6.03,12.93,2467,5
2026-05-17 09:31:17,3.5,13.37,12.87,12.67,1545545,87616,5.7,0,0,0.0,1007,752,78,1.03,0.87,7.55,15.41,2468,5
2026-05-17 09:32:17,1.0,13.17,12.92,12.70,1545545,87606,5.7,0,0,0.0,1007,752,78,1.03,1.08,6.87,14.31,2465,3
2026-05-17 09:33:18,1.3,11.81,12.52,12.57,1545545,87618,5.7,0,0,0.0,1007,752,78,1.03,1.34,2.74,10.00,2473,1
2026-05-17 09:34:18,1.1,10.37,11.96,12.37,1545545,87605,5.7,0,0,0.0,1007,752,78,1.03,0.91,1.06,8.27,2479,2
2026-05-17 09:35:18,1.7,10.37,11.63,12.23,1545545,87615,5.7,0,0,0.0,1007,752,78,1.03,0.86,2.59,9.90,2484,5
2026-05-17 09:36:19,1.9,9.78,11.23,12.05,1545545,87610,5.7,0,0,0.0,1007,752,78,1.03,0.92,3.34,10.36,2477,3
2026-05-17 09:37:19,0.9,12.50,11.59,12.11,1545545,87630,5.7,0,0,0.0,1007,752,78,1.11,1.13,5.28,12.27,2487,2
2026-05-17 09:38:19,1.3,11.21,11.44,12.03,1545545,87629,5.7,0,0,0.0,1007,752,78,1.03,0.82,6.42,13.42,2479,3
2026-05-17 09:39:20,1.1,10.22,11.16,11.90,1545545,87588,5.7,0,0,0.0,1007,752,78,1.12,1.07,3.81,10.93,2479,1
2026-05-17 09:40:20,3.1,11.06,11.26,11.89,1545545,87597,5.7,0,0,0.0,1007,752,78,1.03,0.96,5.41,12.74,2484,6
2026-05-17 09:41:20,0.9,10.29,11.10,11.79,1545545,87589,5.7,0,0,0.0,1007,752,78,1.03,0.82,5.95,13.21,2484,5
2026-05-17 09:42:21,1.3,9.58,10.72,11.62,1545545,87608,5.7,0,0,0.0,1007,752,78,1.03,1.07,0.89,8.02,2478,3
2026-05-17 09:43:21,1.1,10.60,10.80,11.59,1545545,87613,5.7,0,0,0.0,1007,752,78,1.05,0.93,4.54,12.10,2489,4
2026-05-17 09:44:21,1.0,10.11,10.64,11.48,1545545,87592,5.7,0,0,0.0,1007,752,78,1.10,0.89,2.85,9.91,2481,1
2026-05-17 09:45:22,1.0,10.53,10.75,11.47,1545545,87588,5.7,0,0,0.0,1007,752,78,1.10,1.02,4.32,11.85,2492,3
2026-05-17 09:46:22,2.9,10.00,10.52,11.34,1545545,87613,5.7,0,0,0.0,1007,752,78,1.03,1.08,2.78,10.17,2493,4
2026-05-17 09:47:22,11.0,10.51,10.65,11.34,1545545,87602,5.7,0,0,0.0,1007,752,78,1.16,1.11,5.23,12.88,2499,8
2026-05-17 09:48:23,1.2,10.57,10.68,11.31,1545545,87625,5.7,0,0,0.0,1007,752,78,1.03,0.83,4.86,12.36,2492,2
2026-05-17 09:49:23,2.8,9.72,10.41,11.18,1545545,87600,5.7,0,0,0.0,1007,752,78,1.03,0.93,1.07,8.27,2485,9
2026-05-17 09:50:23,2.9,12.32,10.95,11.31,1545545,87610,5.7,0,0,0.0,1007,752,78,1.03,0.99,8.93,16.08,2481,4
2026-05-17 09:51:24,1.0,11.46,10.98,11.30,1545545,87604,5.7,0,0,0.0,1007,752,78,1.03,0.88,3.33,10.40,2480,3
2026-05-17 09:52:24,1.1,11.88,11.25,11.37,1545545,87621,5.7,0,0,0.0,1007,752,78,1.03,1.28,3.48,10.89,2484,1
2026-05-17 09:53:24,1.1,11.94,11.45,11.44,1545545,87626,5.7,0,0,0.0,1007,752,78,1.03,1.23,7.81,15.60,2482,2
2026-05-17 09:54:25,1.5,13.38,12.04,11.65,1545545,87605,5.7,0,0,0.0,1007,752,78,1.03,0.87,8.44,15.87,2476,2
2026-05-17 09:55:25,1.1,14.88,13.00,12.02,1545545,87606,5.7,0,0,0.0,1007,752,78,1.03,0.93,6.36,14.09,2462,4
2026-05-17 09:56:25,1.2,13.48,13.00,12.08,1545545,87601,5.7,0,0,0.0,1007,752,78,1.03,1.05,6.70,14.18,2466,3
2026-05-17 09:57:26,3.0,12.62,12.77,12.06,1545545,87635,5.7,0,0,0.0,1007,752,78,1.03,1.13,5.38,12.99,2462,3
2026-05-17 09:58:26,1.2,12.56,12.77,12.11,1545545,87618,5.7,0,0,0.0,1007,752,78,1.03,0.87,10.52,17.56,2466,3
2026-05-17 09:59:26,1.2,14.68,13.31,12.33,1545545,87616,5.7,0,0,0.0,1007,752,78,1.09,0.92,9.96,17.42,2471,1
2026-05-17 10:00:27,3.1,11.88,12.76,12.20,1545545,87616,5.7,0,0,0.0,1007,752,78,1.04,1.11,2.15,9.36,2469,7
2026-05-17 10:01:27,1.1,13.11,13.17,12.39,1545545,87620,5.7,0,0,0.0,1007,752,78,1.03,0.94,6.48,13.83,2471,4
2026-05-17 10:02:27,1.3,11.68,12.70,12.27,1545545,87641,5.7,0,0,0.0,1007,752,78,1.03,1.10,3.60,11.17,2467,9
2026-05-17 10:03:28,3.8,13.87,13.25,12.49,1545545,87639,5.7,0,0,0.0,1007,752,78,1.03,0.94,7.60,15.40,2468,7
2026-05-17 10:04:28,2.3,14.49,13.50,12.62,1545545,87626,5.7,0,0,0.0,1007,752,78,1.03,0.86,8.74,16.34,2469,5
2026-05-17 10:05:28,3.6,12.99,13.22,12.58,1545545,87630,5.7,0,0,0.0,1007,752,78,2.07,0.92,8.74,16.09,2474,6
2026-05-17 10:06:29,4.1,11.29,12.72,12.45,1545545,87641,5.7,0,0,0.0,1007,752,78,1.03,1.10,3.13,10.44,2467,5
2026-05-17 10:07:29,1.9,12.64,13.03,12.59,1545545,87658,5.7,0,0,0.0,1007,752,78,1.03,1.15,12.92,20.30,2469,6
2026-05-17 10:08:29,2.0,12.24,12.76,12.51,1545545,87643,5.7,0,0,0.0,1007,752,78,1.03,0.77,4.15,11.22,2466,5
2026-05-17 10:09:30,3.3,10.63,12.22,12.34,1545545,87645,5.7,0,0,0.0,1007,752,78,1.03,1.00,3.22,10.56,2471,4
2026-05-17 10:10:30,1.4,10.69,12.02,12.27,1545545,87624,5.7,0,0,0.0,1007,752,78,1.03,0.88,7.08,14.21,2487,3
2026-05-17 10:11:30,1.2,10.33,11.60,12.10,1545545,87625,5.7,0,0,0.0,1007,752,78,1.03,1.00,3.27,10.39,2486,2
2026-05-17 10:12:31,1.3,12.97,11.90,12.16,1545545,87643,5.7,0,0,0.0,1007,752,78,1.03,0.95,2.74,10.02,2470,2
2026-05-17 10:13:31,3.3,13.68,12.36,12.31,1545545,87667,5.7,0,0,0.0,1007,752,78,1.03,1.06,10.66,18.13,2470,7
2026-05-17 10:14:31,1.1,11.96,12.11,12.22,1545545,87637,5.7,0,0,0.0,1007,752,78,1.03,0.91,6.40,14.02,2481,2
2026-05-17 10:15:32,1.3,10.89,11.74,12.09,1545545,87625,5.7,0,0,0.0,1007,752,78,1.03,1.02,1.64,8.77,2480,2
2026-05-17 10:16:32,2.8,10.76,11.49,11.97,1545545,87654,5.7,0,0,0.0,1007,752,78,1.03,1.00,2.95,10.31,2480,5
2026-05-17 10:17:32,1.1,10.96,11.38,11.90,1545545,87653,5.7,0,0,0.0,1007,752,78,1.03,0.99,5.09,12.66,2485,2
2026-05-17 10:18:33,1.2,10.11,11.02,11.75,1545545,87671,5.7,0,0,0.0,1007,752,78,1.03,1.03,2.81,10.15,2477,9
2026-05-17 10:19:33,4.6,12.18,11.30,11.79,1545545,87641,5.7,0,0,0.0,1007,752,78,1.03,1.06,4.36,11.63,2464,25
2026-05-17 10:20:33,1.2,10.82,11.13,11.70,1545545,87626,5.7,0,0,0.0,1007,752,78,1.03,0.85,3.06,9.89,2467,2
2026-05-17 10:21:34,3.1,11.18,11.11,11.65,1545545,87643,5.7,0,0,0.0,1007,752,78,1.03,0.93,4.83,12.37,2475,9
2026-05-17 10:22:34,1.2,11.43,11.22,11.66,1545545,87644,5.7,0,0,0.0,1007,752,78,1.03,1.23,7.88,15.76,2472,2
2026-05-17 10:23:34,1.3,11.51,11.25,11.64,1545545,87661,5.7,0,0,0.0,1007,752,78,1.03,1.04,3.53,10.75,2479,1
2026-05-17 10:24:35,4.9,10.36,10.99,11.52,1545545,87643,5.7,0,0,0.0,1007,752,78,1.10,0.92,1.91,9.18,2478,14
2026-05-17 10:25:35,1.2,14.69,12.46,12.02,1545545,87625,5.7,0,0,0.0,1007,752,78,1.03,1.07,5.23,12.71,2473,1
2026-05-17 10:26:35,1.0,11.86,12.02,11.89,1545545,87656,5.7,0,0,0.0,1007,752,78,1.03,0.90,1.30,8.40,2479,5
2026-05-17 10:27:36,1.3,12.67,12.32,12.01,1545545,87652,5.7,0,0,0.0,1007,752,78,1.03,1.23,6.01,13.63,2494,3
2026-05-17 10:28:36,1.5,13.63,12.60,12.12,1545545,87660,5.7,0,0,0.0,1007,752,78,1.03,0.96,5.60,12.71,2494,3
2026-05-17 10:29:36,1.2,10.99,11.99,11.94,1545545,87624,5.7,0,0,0.0,1007,752,78,1.03,0.86,0.91,7.95,2490,1
2026-05-17 10:30:37,3.0,11.66,11.97,11.93,1545545,87644,5.7,0,0,0.0,1007,752,78,1.03,1.00,8.94,16.99,2489,15
2026-05-17 10:31:37,0.9,11.16,11.81,11.88,1545545,87632,5.7,0,0,0.0,1007,752,78,1.03,1.00,5.11,12.58,2489,1
2026-05-17 10:32:37,1.3,10.32,11.43,11.74,1545545,87634,5.7,0,0,0.0,1007,752,78,1.03,0.88,5.20,12.37,2465,1
2026-05-17 10:33:38,1.1,10.20,11.20,11.64,1545545,87644,5.7,0,0,0.0,1007,752,78,1.03,0.97,3.42,10.81,2481,9
2026-05-17 10:34:38,1.1,10.25,11.06,11.57,1545545,87627,5.7,0,0,0.0,1007,752,78,1.03,1.00,4.60,11.99,2490,1
2026-05-17 10:35:38,0.9,10.97,11.08,11.54,1545545,87624,5.7,0,0,0.0,1007,752,78,1.03,1.07,2.55,9.88,2487,7
2026-05-17 10:36:39,3.4,12.63,11.47,11.64,1545545,87658,5.7,0,0,0.0,1007,752,78,1.03,0.96,9.17,17.09,2494,7
2026-05-17 10:37:39,3.0,12.42,11.64,11.69,1545545,87674,5.7,0,0,0.0,1007,752,78,1.03,1.00,9.19,16.18,2494,10
2026-05-17 10:38:39,1.1,12.08,11.79,11.74,1545545,87661,5.7,0,0,0.0,1007,752,78,1.03,1.00,7.22,14.24,2493,3
2026-05-17 10:39:40,1.1,11.05,11.49,11.64,1545545,87630,5.7,0,0,0.0,1007,752,78,2.13,1.02,2.00,9.17,2475,1
2026-05-17 10:40:40,3.1,11.32,11.45,11.61,1545545,87641,5.7,0,0,0.0,1007,752,78,1.03,0.75,10.24,17.04,2474,7
2026-05-17 10:41:40,3.0,9.99,11.08,11.48,1545545,87659,5.7,0,0,0.0,1007,752,78,1.03,1.17,2.30,9.60,2466,12
2026-05-17 10:42:41,1.0,10.46,11.07,11.45,1545545,87644,5.7,0,0,0.0,1007,752,78,1.03,0.92,4.42,11.75,2464,10
2026-05-17 10:43:41,1.0,9.70,10.77,11.33,1545545,87654,5.7,0,0,0.0,1007,752,78,1.03,0.99,1.65,8.81,2479,5
2026-05-17 10:44:41,2.9,9.38,10.45,11.18,1545545,87645,5.7,0,0,0.0,1007,752,78,1.03,0.80,2.62,9.98,2492,4
2026-05-17 10:45:42,1.1,11.44,10.95,11.31,1545545,87633,5.7,0,0,0.0,1007,752,78,1.13,1.05,5.32,12.88,2487,1
2026-05-17 10:46:42,2.7,11.07,11.03,11.32,1545545,87619,5.7,0,0,0.0,1007,752,78,1.03,1.06,3.90,11.34,2491,24
2026-05-17 10:47:42,1.3,14.63,12.35,11.77,1545545,87656,5.7,0,0,0.0,1007,752,78,1.03,1.13,12.34,20.07,2485,6
2026-05-17 10:48:43,1.0,14.77,12.74,11.94,1545545,87642,5.7,0,0,0.0,1007,752,78,1.11,0.83,4.35,11.52,2472,8
2026-05-17 10:49:43,0.9,16.16,13.63,12.30,1545545,87620,5.7,0,0,0.0,1007,752,78,1.03,1.06,6.52,13.95,2480,8
2026-05-17 10:50:43,1.1,17.26,14.30,12.61,1545545,87620,5.7,0,0,0.0,1007,752,78,1.03,0.92,7.65,15.20,2467,1
2026-05-17 10:51:44,1.3,14.88,14.18,12.67,1545545,87632,5.7,0,0,0.0,1007,752,78,1.03,1.00,2.05,9.20,2472,1
2026-05-17 10:52:44,3.0,15.26,14.57,12.91,1545545,87658,5.7,0,0,0.0,1007,752,78,1.03,0.95,5.77,13.28,2482,12
2026-05-17 10:53:44,1.9,16.17,15.05,13.18,1545545,87661,5.7,0,0,0.0,1007,752,78,1.03,0.94,9.19,16.32,2489,4
2026-05-17 10:54:45,1.5,11.35,13.88,12.90,1545545,87606,5.7,0,0,0.0,1007,752,78,1.03,0.99,0.94,8.04,2488,2
2026-05-17 10:55:45,1.0,13.12,13.99,13.00,1545545,87647,5.7,0,0,0.0,1007,752,78,1.03,1.02,7.70,14.47,2498,3
2026-05-17 10:56:45,2.1,11.74,13.51,12.90,1545545,87635,5.7,0,0,0.0,1007,752,78,1.03,1.19,1.68,8.86,2478,7
2026-05-17 10:57:46,1.1,12.40,13.39,12.90,1545545,87658,5.7,0,0,0.0,1007,752,78,1.03,1.22,8.61,15.82,2475,1
2026-05-17 10:58:46,3.0,14.80,13.77,13.06,1545545,87656,5.7,0,0,0.0,1007,752,78,1.03,0.93,10.69,18.13,2454,7
2026-05-17 10:59:46,1.0,14.33,13.89,13.14,1545545,87621,5.7,0,0,0.0,1007,752,78,1.10,0.95,8.17,15.41,2468,5
2026-05-17 11:00:47,1.8,13.02,13.55,13.07,1545545,87645,5.7,0,0,0.0,1007,752,78,1.03,1.02,7.10,14.82,2466,6
2026-05-17 11:01:47,1.0,11.53,13.01,12.92,1545545,87614,5.7,0,0,0.0,1007,752,78,1.03,1.15,0.89,8.00,2458,3
2026-05-17 11:02:47,3.0,13.07,13.01,12.91,1545545,87653,5.7,0,0,0.0,1007,752,78,1.03,0.89,5.74,13.41,2461,4
2026-05-17 11:03:48,1.7,14.71,13.45,13.06,1545545,87646,5.7,0,0,0.0,1007,752,78,1.03,1.08,9.74,16.62,2459,3
2026-05-17 11:04:48,1.0,11.40,12.71,12.83,1545545,87611,5.7,0,0,0.0,1007,752,78,1.03,0.94,0.88,7.99,2445,4
2026-05-17 11:05:48,1.0,11.26,12.42,12.72,1545545,87616,5.7,0,0,0.0,1007,752,78,1.03,0.91,5.23,12.35,2464,5
2026-05-17 11:06:49,1.6,10.64,11.97,12.55,1545545,87640,5.7,0,0,0.0,1007,752,78,1.03,1.04,1.16,8.25,2483,3
2026-05-17 11:07:49,1.0,10.07,11.56,12.36,1545545,87642,5.7,0,0,0.0,1007,752,78,1.03,0.96,1.73,8.91,2489,3
2026-05-17 11:08:49,3.2,10.38,11.34,12.24,1545545,87675,5.7,0,0,0.0,1007,752,78,1.03,1.02,3.24,10.65,2496,33
2026-05-17 11:09:50,1.2,10.71,11.27,12.16,1545545,87626,5.7,0,0,0.0,1007,752,78,1.03,0.93,4.55,12.09,2495,2
2026-05-17 11:10:50,3.1,11.68,11.45,12.16,1545545,87643,5.7,0,0,0.0,1007,752,78,1.03,1.07,6.52,14.20,2463,5
2026-05-17 11:11:50,3.0,11.06,11.33,12.08,1545545,87653,5.7,0,0,0.0,1007,752,78,1.03,0.97,3.60,10.94,2476,22
2026-05-17 11:12:51,2.4,12.42,11.68,12.15,1545545,87662,5.7,0,0,0.0,1007,752,78,1.03,0.86,10.94,18.32,2466,2
2026-05-17 11:13:51,2.9,11.16,11.44,12.03,1545545,87659,5.7,0,0,0.0,1007,752,78,1.03,0.94,7.13,14.42,2466,6
2026-05-17 11:14:51,1.1,12.06,11.75,12.11,1545545,87619,5.7,0,0,0.0,1007,752,78,1.03,1.07,7.92,15.66,2476,3
2026-05-17 11:15:52,2.8,12.57,11.90,12.13,1545545,87647,5.7,0,0,0.0,1007,752,78,1.23,1.08,9.99,17.30,2475,3
2026-05-17 11:16:52,1.0,11.22,11.65,12.03,1545545,87635,5.7,0,0,0.0,1007,752,78,2.07,1.16,5.85,13.47,2445,1
2026-05-17 11:17:52,1.0,12.29,11.98,12.13,1545545,87650,5.7,0,0,0.0,1007,752,78,1.03,0.95,8.08,15.68,2450,5
2026-05-17 11:18:53,0.9,12.95,12.31,12.24,1545545,87652,5.7,0,0,0.0,1007,752,78,1.03,0.91,4.22,11.60,2438,3
2026-05-17 11:19:53,1.0,10.97,11.88,12.09,1545545,87622,5.7,0,0,0.0,1007,752,78,1.03,0.97,2.74,10.02,2452,1
2026-05-17 11:20:53,1.3,12.21,12.06,12.14,1545545,87649,5.7,0,0,0.0,1007,752,78,1.03,1.11,7.28,15.15,2466,4
2026-05-17 11:21:54,1.0,11.31,11.83,12.05,1545545,87666,5.7,0,0,0.0,1007,752,78,1.03,1.14,6.35,13.40,2475,1
2026-05-17 11:22:54,1.0,13.57,12.40,12.23,1545545,87652,5.7,0,0,0.0,1007,752,78,1.03,0.91,9.61,17.02,2475,7
2026-05-17 11:23:54,1.9,11.90,12.12,12.14,1545545,87682,5.7,0,0,0.0,1007,752,78,1.03,0.89,9.97,16.31,2479,2
2026-05-17 11:24:55,1.6,10.84,11.82,12.04,1545545,87626,5.7,0,0,0.0,1007,752,78,1.03,1.13,6.64,13.08,2484,3
2026-05-17 11:25:55,1.0,9.65,11.29,11.85,1545545,87627,5.7,0,0,0.0,1007,752,78,1.03,1.00,0.90,8.03,2467,3
2026-05-17 11:26:55,3.3,10.00,11.09,11.74,1545545,87656,5.7,0,0,0.0,1007,752,78,1.03,0.96,3.00,10.32,2469,4
2026-05-17 11:27:56,0.9,11.01,11.23,11.75,1545545,87648,5.7,0,0,0.0,1007,752,78,1.03,1.09,4.52,11.96,2474,1
2026-05-17 11:28:56,1.0,11.05,11.31,11.75,1545545,87659,5.7,0,0,0.0,1007,752,78,1.03,0.89,6.02,12.99,2454,3
2026-05-17 11:29:56,0.9,9.85,10.89,11.57,1545545,87635,5.7,0,0,0.0,1007,752,78,1.03,0.86,0.87,8.05,2451,5
2026-05-17 11:30:57,1.0,11.18,11.07,11.59,1545545,87636,5.7,0,0,0.0,1007,752,78,1.03,1.03,6.37,14.04,2452,1
2026-05-17 11:31:57,0.9,11.38,11.18,11.60,1545545,87631,5.7,0,0,0.0,1007,752,78,1.06,1.05,2.89,10.23,2449,2
2026-05-17 11:32:57,1.1,10.37,10.92,11.48,1545545,87652,5.7,0,0,0.0,1007,752,78,1.03,1.05,0.91,8.19,2446,1
2026-05-17 11:33:58,3.4,12.06,11.28,11.56,1545545,87689,5.7,0,0,0.0,1007,752,78,1.03,0.85,10.49,18.06,2475,6
2026-05-17 11:34:58,1.1,11.28,11.22,11.53,1545545,87632,5.7,0,0,0.0,1007,752,78,1.03,0.99,1.89,9.02,2472,3
2026-05-17 11:35:58,3.9,11.57,11.34,11.55,1545545,87659,5.7,0,0,0.0,1007,752,78,1.43,0.93,5.82,12.87,2472,8
2026-05-17 11:36:59,1.3,10.24,11.05,11.44,1545545,87650,5.7,0,0,0.0,1007,752,78,1.27,1.10,3.25,10.59,2474,6
2026-05-17 11:37:59,0.9,9.21,10.61,11.26,1545545,87664,5.7,0,0,0.0,1007,752,78,1.19,1.00,1.44,8.66,2474,4
2026-05-17 11:38:59,3.0,12.42,11.14,11.40,1545545,87716,5.7,0,0,0.0,1007,752,78,1.03,1.08,7.50,15.16,2462,7
2026-05-17 11:40:00,1.1,11.09,11.04,11.35,1545545,87634,5.7,0,0,0.0,1007,752,78,1.06,0.94,1.70,8.85,2465,5
2026-05-17 11:41:00,1.0,11.57,11.13,11.35,1545545,87642,5.7,0,0,0.0,1007,752,78,1.03,0.75,3.87,11.30,2463,2
2026-05-17 11:42:00,1.9,11.92,11.29,11.39,1545545,87659,5.7,0,0,0.0,1007,752,78,1.16,1.12,6.70,14.32,2474,3
2026-05-17 11:43:01,1.3,10.85,11.14,11.33,1545545,87666,5.7,0,0,0.0,1007,752,78,1.03,1.10,1.21,8.41,2479,6
2026-05-17 11:44:01,3.2,12.14,11.46,11.43,1545545,87664,5.7,0,0,0.0,1007,752,78,1.30,0.94,12.01,19.37,2476,6
2026-05-17 11:45:01,1.1,10.75,11.20,11.35,1545545,87647,5.7,0,0,0.0,1007,752,78,2.07,0.95,2.36,9.67,2475,1
2026-05-17 11:46:02,1.1,11.63,11.46,11.43,1545545,87646,5.7,0,0,0.0,1007,752,78,1.03,0.95,8.37,15.88,2468,6
2026-05-17 11:47:02,3.1,10.50,11.17,11.33,1545545,87648,5.7,0,0,0.0,1007,752,78,1.03,1.06,4.78,12.31,2470,8
2026-05-17 11:48:02,1.8,12.23,11.59,11.47,1545545,87668,5.7,0,0,0.0,1007,752,78,1.03,0.91,12.65,19.84,2465,2
2026-05-17 11:49:03,0.9,12.51,11.80,11.55,1545545,87660,5.7,0,0,0.0,1007,752,78,1.03,0.98,8.89,15.46,2460,3
2026-05-17 11:50:03,3.4,12.92,12.11,11.68,1545545,87661,5.7,0,0,0.0,1007,752,78,1.03,0.97,6.45,14.13,2453,5
2026-05-17 11:51:03,3.0,15.98,13.17,12.07,1545545,87654,5.7,0,0,0.0,1007,752,78,1.03,1.02,13.18,19.74,2468,5
2026-05-17 11:52:04,0.9,12.66,12.74,11.99,1545545,87640,5.7,0,0,0.0,1007,752,78,1.07,0.89,4.01,11.18,2460,1
2026-05-17 11:53:04,1.4,12.04,12.54,11.97,1545545,87662,5.7,0,0,0.0,1007,752,78,1.03,0.87,4.95,12.51,2469,7
2026-05-17 11:54:04,3.1,10.49,12.01,11.82,1545545,87665,5.7,0,0,0.0,1007,752,78,1.03,1.09,3.59,10.98,2472,4
2026-05-17 11:55:05,4.0,10.41,11.74,11.74,1545545,87673,5.7,0,0,0.0,1007,752,78,1.03,0.78,6.37,13.37,2484,20
2026-05-17 11:56:05,0.9,11.71,11.94,11.81,1545545,87646,5.7,0,0,0.0,1007,752,78,1.11,1.02,9.22,16.95,2474,6
2026-05-17 11:57:05,1.1,14.65,12.52,12.00,1545545,87664,5.7,0,0,0.0,1007,752,78,1.03,1.22,0.97,8.00,2479,3
2026-05-17 11:58:06,1.1,11.69,12.12,11.90,1545545,87698,5.7,0,0,0.0,1007,752,78,1.03,1.03,6.38,14.02,2480,6
2026-05-17 11:59:06,2.2,10.12,11.57,11.72,1545545,87670,5.7,0,0,0.0,1007,752,78,1.03,0.85,0.89,8.08,2487,3
2026-05-17 12:00:06,3.3,10.01,11.24,11.60,1545545,87667,5.7,0,0,0.0,1007,752,78,1.03,0.96,4.29,11.82,2482,5
2026-05-17 12:01:07,3.0,10.06,11.02,11.50,1545545,87658,5.7,0,0,0.0,1007,752,78,1.03,3.64,4.89,11.99,2477,4
2026-05-17 12:02:07,1.0,11.77,11.32,11.57,1545545,87657,5.7,0,0,0.0,1007,752,78,1.03,1.07,12.09,18.68,2475,2
2026-05-17 12:03:07,1.8,12.62,11.68,11.68,1545545,87679,5.7,0,0,0.0,1007,752,78,1.03,0.89,11.91,18.51,2451,6
2026-05-17 12:04:08,1.2,10.98,11.42,11.59,1545545,87669,5.7,0,0,0.0,1007,752,78,1.03,1.00,6.36,13.78,2449,6
2026-05-17 12:05:08,1.1,11.71,11.52,11.61,1545545,87637,5.7,0,0,0.0,1007,752,78,1.03,1.02,7.29,14.83,2453,3
2026-05-17 12:06:08,3.0,11.77,11.62,11.65,1545545,87666,5.7,0,0,0.0,1007,752,78,1.03,1.00,4.88,12.39,2463,4
2026-05-17 12:07:09,0.9,11.79,11.71,11.68,1545545,87647,5.7,0,0,0.0,1007,752,78,1.03,1.09,8.45,16.27,2462,6
2026-05-17 12:08:09,3.3,12.15,11.79,11.70,1545545,87691,5.7,0,0,0.0,1007,752,78,1.03,1.02,8.24,16.22,2471,4
2026-05-17 12:09:09,1.8,11.16,11.70,11.69,1545545,87657,5.7,0,0,0.0,1007,752,78,1.03,0.95,4.85,12.31,2473,2
2026-05-17 12:10:10,1.3,10.77,11.48,11.61,1545545,87651,5.7,0,0,0.0,1007,752,78,1.03,0.89,1.64,8.81,2466,1
2026-05-17 12:11:10,1.4,11.37,11.58,11.64,1545545,87647,5.7,0,0,0.0,1007,752,78,1.03,0.98,5.49,13.12,2468,4
2026-05-17 12:12:10,1.2,10.41,11.30,11.54,1545545,87642,5.7,0,0,0.0,1007,752,78,1.03,1.00,1.29,8.41,2468,1
2026-05-17 12:13:11,3.4,12.50,11.87,11.73,1545545,87691,5.7,0,0,0.0,1007,752,78,1.03,0.83,3.26,10.62,2466,7
2026-05-17 12:14:11,1.0,11.31,11.75,11.71,1545545,87655,5.7,0,0,0.0,1007,752,78,1.03,0.86,7.21,13.85,2474,1
2026-05-17 12:15:11,1.2,9.76,11.19,11.51,1545545,87648,5.7,0,0,0.0,1007,752,78,1.03,1.01,2.02,9.22,2474,3
2026-05-17 12:16:12,2.0,9.48,10.86,11.38,1545545,87648,5.7,0,0,0.0,1007,752,78,1.03,1.02,0.89,7.99,2461,8
2026-05-17 12:17:12,1.2,9.11,10.50,11.22,1545545,87650,5.7,0,0,0.0,1007,752,78,1.03,1.08,1.08,8.30,2450,3
2026-05-17 12:18:12,3.0,10.04,10.44,11.15,1545545,87700,5.7,0,0,0.0,1007,752,78,1.03,1.02,3.19,10.67,2459,7
2026-05-17 12:19:13,2.0,10.99,10.64,11.17,1545545,87701,5.7,0,0,0.0,1007,752,78,1.03,0.84,10.57,17.50,2459,4
2026-05-17 12:20:13,1.1,10.72,10.63,11.14,1545545,87647,5.7,0,0,0.0,1007,752,78,1.03,1.00,8.76,15.77,2464,5
2026-05-17 12:21:13,3.1,12.37,10.95,11.20,1545545,87654,5.7,0,0,0.0,1007,752,78,1.03,0.92,3.82,11.12,2461,12
2026-05-17 12:22:14,1.0,12.85,11.37,11.33,1545545,87682,5.7,0,0,0.0,1007,752,78,1.03,1.29,7.41,15.17,2458,3
2026-05-17 12:23:14,3.2,13.91,12.03,11.57,1545545,87684,5.7,0,0,0.0,1007,752,78,1.03,1.06,11.93,19.45,2468,5
2026-05-17 12:24:14,1.3,12.72,12.17,11.65,1545545,87638,5.7,0,0,0.0,1007,752,78,1.03,0.98,4.89,11.82,2458,2
2026-05-17 12:25:15,3.7,11.80,12.02,11.64,1545545,87667,5.7,0,0,0.0,1007,752,78,1.03,1.00,7.42,15.19,2461,7
2026-05-17 12:26:15,3.1,11.60,11.98,11.65,1545545,87656,5.7,0,0,0.0,1007,752,78,1.03,1.00,7.36,15.02,2463,7
2026-05-17 12:27:15,1.1,10.96,11.75,11.59,1545545,87655,5.7,0,0,0.0,1007,752,78,1.03,1.06,5.57,13.08,2469,4
2026-05-17 12:28:16,1.0,11.11,11.69,11.58,1545545,87663,5.7,0,0,0.0,1007,752,78,1.03,1.14,7.80,14.72,2454,2
2026-05-17 12:29:16,1.7,11.32,11.61,11.55,1545545,87662,5.7,0,0,0.0,1007,752,78,1.03,0.95,7.93,14.67,2454,3
2026-05-17 12:30:16,0.9,10.59,11.33,11.46,1545545,87670,5.7,0,0,0.0,1007,752,78,1.03,0.89,6.70,13.53,2453,1
2026-05-17 12:31:17,3.4,13.77,12.02,11.68,1545545,87661,5.7,0,0,0.0,1007,752,78,1.03,0.90,7.57,14.84,2473,7
2026-05-17 12:32:17,1.3,12.54,12.05,11.72,1545545,87675,5.7,0,0,0.0,1007,752,78,1.03,0.99,4.76,12.27,2481,22
2026-05-17 12:33:17,11.3,18.05,13.84,12.36,1545545,87682,5.7,0,0,0.0,1007,752,78,1.23,1.04,7.51,15.42,2476,18
2026-05-17 12:34:18,1.5,18.92,15.00,12.86,1545545,87657,5.7,0,0,0.0,1007,752,78,1.09,1.03,11.69,19.26,2482,1
2026-05-17 12:35:18,3.3,19.58,15.94,13.32,1545545,87646,5.7,0,0,0.0,1007,752,78,1.14,0.83,6.94,14.54,2481,4
2026-05-17 12:36:18,3.1,19.10,16.42,13.65,1545545,87652,5.7,0,0,0.0,1007,752,78,1.03,1.04,9.55,17.32,2460,7
2026-05-17 12:37:19,3.1,15.45,15.66,13.55,1545545,87678,5.7,0,0,0.0,1007,752,78,1.03,1.05,2.44,9.70,2452,3
2026-05-17 12:38:19,1.1,12.71,14.93,13.43,1545545,87665,5.7,0,0,0.0,1007,752,78,1.03,0.91,5.84,12.55,2478,2
2026-05-17 12:39:19,2.3,11.19,14.07,13.23,1545545,87671,5.7,0,0,0.0,1007,752,78,1.03,0.98,1.46,8.70,2478,1
2026-05-17 12:40:20,3.1,13.92,14.19,13.32,1545545,87668,5.7,0,0,0.0,1007,752,78,1.03,1.01,6.65,13.95,2478,5
2026-05-17 12:41:20,1.0,12.42,13.69,13.20,1545545,87643,5.7,0,0,0.0,1007,752,78,1.03,0.86,3.31,10.36,2476,1
2026-05-17 12:42:20,1.1,14.39,13.93,13.30,1545545,87688,5.7,0,0,0.0,1007,752,78,1.03,1.03,7.19,14.20,2477,4
2026-05-17 12:43:21,1.3,14.47,14.07,13.39,1545545,87675,5.7,0,0,0.0,1007,752,78,1.03,0.92,8.93,16.88,2463,2
2026-05-17 12:44:21,1.5,12.67,13.60,13.27,1545545,87655,5.7,0,0,0.0,1007,752,78,1.03,1.01,2.01,9.21,2469,7
2026-05-17 12:45:21,1.2,10.59,12.88,13.04,1545545,87644,5.7,0,0,0.0,1007,752,78,1.03,1.07,1.05,8.29,2471,1
2026-05-17 12:46:22,1.4,12.30,12.83,13.01,1545545,87660,5.7,0,0,0.0,1007,752,78,1.03,0.90,3.51,10.79,2480,6
2026-05-17 12:47:22,3.0,10.79,12.34,12.83,1545545,87665,5.7,0,0,0.0,1007,752,78,1.12,1.03,0.92,8.06,2484,20
2026-05-17 12:48:22,1.3,10.26,11.94,12.66,1545545,87675,5.7,0,0,0.0,1007,752,78,1.12,1.00,1.63,8.92,2477,7
2026-05-17 12:49:23,1.1,12.10,12.18,12.70,1545545,87654,5.7,0,0,0.0,1007,752,78,1.03,0.82,5.77,13.17,2481,5
2026-05-17 12:50:23,0.9,13.38,12.57,12.80,1545545,87654,5.7,0,0,0.0,1007,752,78,1.06,1.00,8.53,16.25,2475,4
2026-05-17 12:51:23,0.9,10.81,11.97,12.57,1545545,87644,5.7,0,0,0.0,1007,752,78,1.03,0.99,0.92,8.05,2477,1
2026-05-17 12:52:24,0.8,9.71,11.47,12.36,1545545,87675,5.7,0,0,0.0,1007,752,78,1.03,0.95,0.92,8.02,2463,2
2026-05-17 12:53:24,3.1,11.23,11.57,12.34,1545545,87701,5.7,0,0,0.0,1007,752,78,1.09,0.93,8.01,14.98,2468,5
2026-05-17 12:54:24,1.0,11.18,11.57,12.30,1545545,87639,5.7,0,0,0.0,1007,752,78,1.03,0.99,5.25,12.88,2469,1
2026-05-17 12:55:25,3.5,12.11,11.73,12.30,1545545,87669,5.7,0,0,0.0,1007,752,78,1.08,0.97,5.18,12.77,2473,5
2026-05-17 12:56:25,1.1,11.43,11.69,12.26,1545545,87659,5.7,0,0,0.0,1007,752,78,1.03,1.00,7.85,15.56,2460,7
2026-05-17 12:57:25,1.9,11.75,11.80,12.26,1545545,87705,5.7,0,0,0.0,1007,752,78,1.03,1.11,6.41,13.80,2463,2
2026-05-17 12:58:26,1.2,11.64,11.81,12.24,1545545,87689,5.7,0,0,0.0,1007,752,78,1.03,0.97,4.35,11.74,2458,1
2026-05-17 12:59:26,1.1,11.22,11.72,12.19,1545545,87672,5.7,0,0,0.0,1007,752,78,1.03,0.94,7.03,14.91,2468,3
2026-05-17 13:00:26,3.2,10.38,11.35,12.03,1545545,87690,5.7,0,0,0.0,1007,752,78,1.03,0.88,1.66,8.92,2459,6
2026-05-17 13:01:27,3.1,11.84,11.65,12.09,1545545,87678,5.7,0,0,0.0,1007,752,78,1.03,1.09,10.43,17.64,2468,7
2026-05-17 13:02:27,1.0,14.07,12.24,12.26,1545545,87674,5.7,0,0,0.0,1007,752,78,1.70,1.12,9.34,17.09,2475,5
2026-05-17 13:03:27,0.9,10.88,11.67,12.06,1545545,87679,5.7,0,0,0.0,1007,752,78,1.16,0.95,0.90,8.14,2479,3
2026-05-17 13:04:28,1.7,10.21,11.36,11.93,1545545,87651,5.7,0,0,0.0,1007,752,78,1.03,0.85,4.19,11.61,2496,3
2026-05-17 13:05:28,1.2,10.31,11.15,11.82,1545545,87644,5.7,0,0,0.0,1007,752,78,1.03,1.02,4.26,11.68,2484,2
2026-05-17 13:06:28,2.0,9.52,10.77,11.64,1545545,87661,5.7,0,0,0.0,1007,752,78,2.07,1.07,0.90,8.05,2478,2
2026-05-17 13:07:29,3.0,9.86,10.63,11.54,1545545,87699,5.7,0,0,0.0,1007,752,78,1.08,1.02,2.46,9.75,2477,3
2026-05-17 13:08:29,1.4,11.17,10.90,11.57,1545545,87695,5.7,0,0,0.0,1007,752,78,1.03,0.88,3.96,11.38,2477,5
2026-05-17 13:09:29,1.7,11.69,11.13,11.61,1545545,87668,5.7,0,0,0.0,1007,752,78,1.03,0.91,6.94,14.32,2473,2
2026-05-17 13:10:30,3.3,14.91,11.97,11.86,1545545,87689,5.7,0,0,0.0,1007,752,78,0.00,0.92,9.11,16.46,2477,6
2026-05-17 13:11:30,1.3,11.84,11.60,11.74,1545545,87676,5.7,0,0,0.0,1007,752,78,2.13,0.84,2.23,9.54,2480,3
2026-05-17 13:12:30,1.0,11.80,11.69,11.76,1545545,87692,5.7,0,0,0.0,1007,752,78,1.07,1.03,4.21,11.70,2473,4
2026-05-17 13:13:31,1.1,10.05,11.25,11.61,1545545,87696,5.7,0,0,0.0,1007,752,78,1.03,0.99,1.44,8.65,2469,5
2026-05-17 13:14:31,3.0,11.51,11.37,11.62,1545545,87689,5.7,0,0,0.0,1007,752,78,1.03,0.86,3.68,11.20,2466,8
2026-05-17 13:15:31,1.1,11.66,11.45,11.64,1545545,87658,5.7,0,0,0.0,1007,752,78,1.03,1.02,6.20,13.70,2466,4
2026-05-17 13:16:32,1.2,10.96,11.34,11.59,1545545,87661,5.7,0,0,0.0,1007,752,78,1.03,0.83,4.99,12.41,2469,5
2026-05-17 13:17:32,1.1,13.02,11.70,11.69,1545545,87714,5.7,0,0,0.0,1007,752,78,1.04,1.04,5.30,12.88,2477,5
2026-05-17 13:18:32,1.5,13.88,12.23,11.87,1545545,87701,5.7,0,0,0.0,1007,752,78,1.03,1.01,6.56,14.39,2473,4
2026-05-17 13:19:33,1.5,12.60,12.14,11.86,1545545,87679,5.7,0,0,0.0,1007,752,78,1.03,0.84,5.01,12.38,2475,5
2026-05-17 13:20:33,3.5,15.31,12.66,12.04,1545545,87681,5.7,0,0,0.0,1007,752,78,1.03,0.91,4.91,12.36,2466,6
2026-05-17 13:21:33,3.1,12.40,12.30,11.95,1545545,87684,5.7,0,0,0.0,1007,752,78,1.03,0.97,5.78,12.35,2480,7
2026-05-17 13:22:34,1.0,10.36,11.75,11.78,1545545,87710,5.7,0,0,0.0,1007,752,78,1.03,1.23,1.84,9.03,2467,1
2026-05-17 13:23:34,1.2,11.73,11.91,11.84,1545545,87716,5.7,0,0,0.0,1007,752,78,1.03,0.81,6.93,14.34,2480,3
2026-05-17 13:24:34,1.1,10.62,11.56,11.72,1545545,87670,5.7,0,0,0.0,1007,752,78,1.16,1.05,1.06,8.32,2500,3
2026-05-17 13:25:35,1.7,10.01,11.20,11.58,1545545,87667,5.7,0,0,0.0,1007,752,78,1.03,0.88,0.90,7.96,2495,4
2026-05-17 13:26:35,4.5,10.76,11.20,11.56,1545545,87689,5.7,0,0,0.0,1007,752,78,1.03,0.95,3.82,11.01,2478,5
2026-05-17 13:27:35,1.1,10.38,11.09,11.51,1545545,87689,5.7,0,0,0.0,1007,752,78,1.03,1.07,3.29,10.66,2479,5
2026-05-17 13:28:36,1.1,9.86,10.78,11.37,1545545,87698,5.7,0,0,0.0,1007,752,78,1.03,1.00,0.88,8.00,2471,3
2026-05-17 13:29:36,1.4,10.41,10.71,11.30,1545545,87682,5.7,0,0,0.0,1007,752,78,1.03,0.98,2.47,9.78,2452,2
2026-05-17 13:30:36,4.6,10.91,10.73,11.27,1545545,87696,5.7,0,0,0.0,1007,752,78,1.16,0.89,3.44,10.76,2456,8
2026-05-17 13:31:37,1.1,10.97,10.77,11.25,1545545,87695,5.7,0,0,0.0,1007,752,78,1.03,1.07,5.03,12.01,2473,1
2026-05-17 13:32:37,1.0,12.11,11.08,11.32,1545545,87720,5.7,0,0,0.0,1007,752,78,1.03,0.82,9.24,16.10,2468,5
2026-05-17 13:33:37,2.4,10.43,10.79,11.20,1545545,87701,5.7,0,0,0.0,1007,752,78,1.03,0.87,0.89,8.15,2464,1
2026-05-17 13:34:38,5.8,9.67,10.52,11.08,1545545,87694,5.7,0,0,0.0,1007,752,78,1.03,0.84,1.36,8.48,2464,5
2026-05-17 13:35:38,7.3,9.69,10.40,11.01,1545545,87680,5.7,0,0,0.0,1007,752,78,1.03,1.00,1.42,8.66,2453,4
2026-05-17 13:36:38,1.1,9.94,10.39,10.97,1545545,87675,5.7,0,0,0.0,1007,752,78,1.03,1.03,2.32,9.57,2452,3
2026-05-17 13:37:39,1.1,9.97,10.32,10.91,1545545,87688,5.7,0,0,0.0,1007,752,78,1.16,0.93,4.96,12.43,2459,5
2026-05-17 13:38:39,2.8,11.94,10.90,11.07,1545545,87703,5.7,0,0,0.0,1007,752,78,1.04,0.87,9.97,18.05,2468,6
2026-05-17 13:39:39,1.3,11.45,10.98,11.09,1545545,87696,5.7,0,0,0.0,1007,752,78,1.03,0.92,4.97,11.86,2474,3
2026-05-17 13:40:40,1.1,10.72,10.86,11.05,1545545,87690,5.7,0,0,0.0,1007,752,78,1.03,0.92,6.12,13.75,2487,4
2026-05-17 13:41:40,0.9,9.98,10.60,10.94,1545545,87682,5.7,0,0,0.0,1007,752,78,1.03,1.06,1.08,8.20,2483,1
2026-05-17 13:42:40,2.9,14.20,12.24,11.52,1545545,87733,5.7,0,0,0.0,1007,752,78,1.03,0.92,5.34,12.65,2486,5
2026-05-17 13:43:41,1.1,11.45,11.93,11.47,1545545,87697,5.7,0,0,0.0,1007,752,78,1.85,0.89,4.96,12.01,2485,6
2026-05-17 13:44:41,1.1,11.36,11.88,11.49,1545545,87679,5.7,0,0,0.0,1007,752,78,1.23,0.96,6.46,14.01,2496,1
2026-05-17 13:45:41,3.2,11.72,11.85,11.50,1545545,87692,5.7,0,0,0.0,1007,752,78,1.03,1.07,7.96,15.60,2489,3
2026-05-17 13:46:42,0.9,10.51,11.50,11.40,1545545,87705,5.7,0,0,0.0,1007,752,78,1.04,0.94,4.77,12.25,2491,1
2026-05-17 13:47:42,2.9,10.19,11.20,11.30,1545545,87718,5.7,0,0,0.0,1007,752,78,1.03,1.03,1.81,9.04,2495,24
2026-05-17 13:48:42,1.0,10.15,11.06,11.25,1545545,87695,5.7,0,0,0.0,1007,752,78,1.03,0.90,5.31,12.61,2492,4
2026-05-17 13:49:43,3.2,10.39,10.89,11.17,1545545,87698,5.7,0,0,0.0,1007,752,78,1.03,0.92,3.75,10.97,2474,8
2026-05-17 13:50:43,3.0,18.04,12.63,11.73,1545545,87691,5.7,0,0,0.0,1007,752,78,1.03,0.82,7.67,15.06,2490,8
2026-05-17 13:51:43,0.9,13.03,12.26,11.67,1545545,87685,5.7,0,0,0.0,1007,752,78,1.26,1.12,7.70,14.58,2488,5
2026-05-17 13:52:44,3.0,18.47,13.54,12.12,1545545,87717,5.7,0,0,0.0,1007,752,78,1.32,0.94,5.51,13.14,2474,4
2026-05-17 13:53:44,1.1,13.56,13.09,12.06,1545545,87697,5.7,0,0,0.0,1007,752,78,1.04,0.85,5.13,12.76,2490,2
2026-05-17 13:54:44,1.0,14.15,13.41,12.24,1545545,87675,5.7,0,0,0.0,1007,752,78,1.03,0.85,9.05,16.23,2487,2
2026-05-17 13:55:45,1.7,11.27,12.69,12.06,1545545,87673,5.7,0,0,0.0,1007,752,78,1.03,0.95,0.87,7.98,2486,1
2026-05-17 13:56:45,3.0,10.27,12.09,11.89,1545545,87721,5.7,0,0,0.0,1007,752,78,1.03,1.11,2.86,10.21,2502,7
2026-05-17 13:57:45,2.9,13.14,12.49,12.04,1545545,87738,5.7,0,0,0.0,1007,752,78,1.03,1.05,11.16,18.75,2492,5
2026-05-17 13:58:46,1.0,11.81,12.24,11.98,1545545,87730,5.7,0,0,0.0,1007,752,78,1.03,0.87,5.38,12.87,2479,5
2026-05-17 13:59:46,3.3,11.08,11.97,11.90,1545545,87711,5.7,0,0,0.0,1007,752,78,1.03,0.91,7.81,15.70,2484,8
2026-05-17 14:00:46,0.9,10.09,11.55,11.77,1545545,87687,5.7,0,0,0.0,1007,752,78,1.03,0.94,2.40,9.63,2472,2
2026-05-17 14:01:47,1.1,10.45,11.37,11.69,1545545,87692,5.7,0,0,0.0,1007,752,78,1.03,3.25,4.21,11.64,2466,5
2026-05-17 14:02:47,3.0,11.16,11.34,11.65,1545545,87711,5.7,0,0,0.0,1007,752,78,1.07,0.96,3.75,11.19,2469,6
2026-05-17 14:03:47,1.2,11.83,11.59,11.72,1545545,87709,5.7,0,0,0.0,1007,752,78,1.06,0.93,8.67,16.41,2459,1
2026-05-17 14:04:48,1.1,10.73,11.28,11.60,1545545,87680,5.7,0,0,0.0,1007,752,78,1.04,0.91,3.08,10.42,2462,1
2026-05-17 14:05:48,3.1,10.03,10.92,11.46,1545545,87695,5.7,0,0,0.0,1007,752,78,1.03,0.89,2.36,9.62,2476,25
2026-05-17 14:06:48,1.2,12.78,11.54,11.64,1545545,87688,5.7,0,0,0.0,1007,752,78,1.03,1.08,9.14,16.78,2480,6
2026-05-17 14:07:49,1.2,12.72,11.68,11.67,1545545,87687,5.7,0,0,0.0,1007,752,78,1.03,0.94,5.90,13.07,2466,7
2026-05-17 14:08:49,1.9,11.11,11.36,11.56,1545545,87723,5.7,0,0,0.0,1007,752,78,1.03,0.88,3.27,10.70,2472,3
2026-05-17 14:09:49,1.2,11.39,11.44,11.57,1545545,87684,5.7,0,0,0.0,1007,752,78,1.03,0.87,7.91,15.01,2467,17
2026-05-17 14:10:50,1.2,10.45,11.15,11.46,1545545,87678,5.7,0,0,0.0,1007,752,78,1.03,0.97,0.89,8.01,2456,7
2026-05-17 14:11:50,1.1,11.06,11.22,11.47,1545545,87674,5.7,0,0,0.0,1007,752,78,1.03,1.01,3.88,11.23,2455,1
2026-05-17 14:12:50,1.2,11.19,11.22,11.45,1545545,87696,5.7,0,0,0.0,1007,752,78,1.03,0.88,3.50,10.89,2465,2
2026-05-17 14:13:51,3.4,10.43,10.98,11.35,1545545,87730,5.7,0,0,0.0,1007,752,78,1.03,1.75,2.27,9.53,2466,6
2026-05-17 14:14:51,1.1,10.54,10.95,11.32,1545545,87675,5.7,0,0,0.0,1007,752,78,1.03,1.02,5.93,13.57,2473,3
2026-05-17 14:15:51,1.5,12.91,11.47,11.47,1545545,87697,5.7,0,0,0.0,1007,752,78,1.03,0.85,6.16,13.62,2480,1
2026-05-17 14:16:52,1.2,12.24,11.48,11.47,1545545,87686,5.7,0,0,0.0,1007,752,78,1.11,1.05,2.74,10.01,2485,1
2026-05-17 14:17:52,1.2,12.10,11.63,11.52,1545545,87690,5.7,0,0,0.0,1007,752,78,1.03,1.30,1.67,8.78,2486,7
2026-05-17 14:18:52,2.0,14.92,12.57,11.86,1545545,87729,5.7,0,0,0.0,1007,752,78,1.03,1.01,4.49,11.65,2483,4
2026-05-17 14:19:53,3.0,18.23,14.11,12.44,1545545,87704,5.7,0,0,0.0,1007,752,78,1.03,0.96,6.69,14.38,2478,9
2026-05-17 14:20:53,1.1,12.52,13.19,12.22,1545545,87672,5.7,0,0,0.0,1007,752,78,1.03,0.91,1.49,8.62,2480,8
2026-05-17 14:21:53,3.0,15.69,13.71,12.45,1545545,87691,5.7,0,0,0.0,1007,752,78,1.03,1.11,3.42,10.66,2468,6
2026-05-17 14:22:54,0.9,11.90,12.97,12.27,1545545,87699,5.7,0,0,0.0,1007,752,78,1.10,1.03,3.33,10.52,2463,2
2026-05-17 14:23:54,3.1,13.10,13.05,12.34,1545545,87722,5.7,0,0,0.0,1007,752,78,1.03,0.80,3.29,10.59,2472,4
2026-05-17 14:24:54,1.2,15.25,13.65,12.59,1545545,87688,5.7,0,0,0.0,1007,752,78,1.03,0.92,6.23,13.91,2485,2
2026-05-17 14:25:55,2.1,16.06,14.08,12.80,1545545,87695,5.7,0,0,0.0,1007,752,78,1.03,1.02,5.69,13.29,2478,7
2026-05-17 14:26:55,1.3,13.45,13.66,12.73,1545545,87681,5.7,0,0,0.0,1007,752,78,1.03,1.14,5.97,12.67,2474,3
2026-05-17 14:27:55,3.1,13.49,13.59,12.76,1545545,87719,5.7,0,0,0.0,1007,752,78,1.03,0.98,11.42,18.65,2467,4
2026-05-17 14:28:56,1.0,12.99,13.43,12.76,1545545,87705,5.7,0,0,0.0,1007,752,78,1.03,0.95,6.69,14.26,2466,1
2026-05-17 14:29:56,2.9,14.25,13.59,12.85,1545545,87687,5.7,0,0,0.0,1007,752,78,1.10,0.84,9.13,16.66,2456,4
2026-05-17 14:30:56,1.1,10.93,12.77,12.62,1545545,87678,5.7,0,0,0.0,1007,752,78,1.03,1.07,2.65,9.71,2469,1
2026-05-17 14:31:57,1.0,11.27,12.53,12.54,1545545,87686,5.7,0,0,0.0,1007,752,78,1.03,0.97,3.90,11.32,2467,2
2026-05-17 14:32:57,3.1,12.26,12.60,12.56,1545545,87713,5.7,0,0,0.0,1007,752,78,1.03,1.08,9.66,17.11,2473,8
2026-05-17 14:33:57,9.6,10.38,11.99,12.35,1545545,87708,5.7,0,0,0.0,1007,752,78,1.03,0.96,2.00,9.35,2466,19
2026-05-17 14:34:58,1.2,10.82,11.83,12.28,1545545,87679,5.7,0,0,0.0,1007,752,78,1.03,0.88,3.80,11.19,2473,3
2026-05-17 14:35:58,1.0,9.95,11.36,12.08,1545545,87672,5.7,0,0,0.0,1007,752,78,1.03,0.91,0.89,7.99,2467,7
2026-05-17 14:36:58,0.9,9.77,11.03,11.92,1545545,87676,5.7,0,0,0.0,1007,752,78,1.03,1.19,1.07,8.33,2472,1
2026-05-17 14:37:59,1.2,9.46,10.70,11.75,1545545,87689,5.7,0,0,0.0,1007,752,78,1.03,0.82,0.86,7.96,2461,2
2026-05-17 14:38:59,0.9,11.49,11.05,11.80,1545545,87714,5.7,0,0,0.0,1007,752,78,1.03,0.78,5.31,12.84,2467,6
2026-05-17 14:39:59,3.2,11.81,11.15,11.78,1545545,87711,5.7,0,0,0.0,1007,752,78,1.03,0.89,4.14,11.66,2454,6
2026-05-17 14:41:00,3.3,10.91,11.05,11.71,1545545,87699,5.7,0,0,0.0,1007,752,78,1.10,0.96,3.16,10.47,2457,9
2026-05-17 14:42:00,1.1,11.54,11.27,11.75,1545545,87687,5.7,0,0,0.0,1007,752,78,1.03,0.90,9.34,17.27,2459,6
2026-05-17 14:43:00,0.9,10.50,11.05,11.64,1545545,87702,5.7,0,0,0.0,1007,752,78,1.03,0.99,1.80,9.13,2480,1
2026-05-17 14:44:01,0.9,10.56,10.91,11.55,1545545,87712,5.7,0,0,0.0,1007,752,78,1.03,1.01,4.91,11.82,2486,3
2026-05-17 14:45:01,0.9,12.01,11.21,11.61,1545545,87685,5.7,0,0,0.0,1007,752,78,1.03,1.03,7.20,14.19,2488,4
2026-05-17 14:46:01,1.0,10.20,10.84,11.46,1545545,87665,5.7,0,0,0.0,1007,752,78,1.03,0.90,0.88,8.07,2499,5
2026-05-17 14:47:02,0.9,9.95,10.73,11.39,1545545,87666,5.7,0,0,0.0,1007,752,78,1.03,1.03,7.26,14.10,2483,5
2026-05-17 14:48:02,1.8,10.23,10.61,11.30,1545545,87708,5.7,0,0,0.0,1007,752,78,1.04,1.12,3.71,11.05,2474,5
2026-05-17 14:49:02,3.5,10.27,10.51,11.22,1545545,87718,5.7,0,0,0.0,1007,752,78,1.03,0.89,4.78,12.24,2455,7
2026-05-17 14:50:03,1.0,10.80,10.74,11.26,1545545,87675,5.7,0,0,0.0,1007,752,78,1.03,0.79,3.74,11.09,2462,2
2026-05-17 14:51:03,3.7,11.95,11.05,11.33,1545545,87696,5.7,0,0,0.0,1007,752,78,1.03,0.98,7.61,15.24,2462,23
2026-05-17 14:52:03,2.9,11.86,11.18,11.36,1545545,87693,5.7,0,0,0.0,1007,752,78,1.08,1.01,8.23,15.19,2485,4
2026-05-17 14:53:04,0.9,12.03,11.37,11.41,1545545,87668,5.7,0,0,0.0,1007,752,78,1.09,0.75,9.49,16.77,2472,7
2026-05-17 14:54:04,1.2,11.15,11.19,11.35,1545545,87680,5.7,0,0,0.0,1007,752,78,1.03,1.01,4.35,11.85,2475,5
2026-05-17 14:55:04,1.9,12.33,11.58,11.47,1545545,87703,5.7,0,0,0.0,1007,752,78,1.03,1.00,8.14,16.04,2473,5
2026-05-17 14:56:05,1.6,10.13,11.10,11.32,1545545,87681,5.7,0,0,0.0,1007,752,78,1.03,0.93,0.96,8.04,2471,6
2026-05-17 14:57:05,3.4,10.53,11.03,11.27,1545545,87715,5.7,0,0,0.0,1007,752,78,1.03,1.00,2.38,9.55,2455,4
2026-05-17 14:58:05,1.2,9.51,10.66,11.13,1545545,87710,5.7,0,0,0.0,1007,752,78,1.14,0.95,3.31,10.47,2462,2
2026-05-17 14:59:06,1.3,9.39,10.38,11.00,1545545,87711,5.7,0,0,0.0,1007,752,78,1.36,1.00,0.99,8.13,2462,2
2026-05-17 15:00:06,1.2,11.26,10.80,11.11,1545545,87682,5.7,0,0,0.0,1007,752,78,1.03,0.95,8.05,15.69,2452,2
2026-05-17 15:01:06,1.2,10.87,10.82,11.10,1545545,87678,5.7,0,0,0.0,1007,752,78,1.03,5.35,3.46,10.89,2453,1
2026-05-17 15:02:07,1.0,10.31,10.73,11.05,1545545,87677,5.7,0,0,0.0,1007,752,78,1.03,1.10,4.32,11.57,2466,2
2026-05-17 15:03:07,2.9,13.28,11.40,11.26,1545545,87711,5.7,0,0,0.0,1007,752,78,1.03,0.98,8.90,16.45,2471,7
2026-05-17 15:04:07,7.9,12.55,11.59,11.33,1545545,87714,5.7,0,0,0.0,1007,752,78,1.41,0.82,4.92,12.17,2467,24
2026-05-17 15:05:08,1.1,12.30,11.84,11.44,1545545,87683,5.7,0,0,0.0,1007,752,78,1.03,1.00,7.17,14.80,2466,2
2026-05-17 15:06:08,1.0,12.51,11.95,11.51,1545545,87697,5.7,0,0,0.0,1007,752,78,1.03,1.04,8.95,16.84,2457,5
2026-05-17 15:07:08,3.0,12.60,12.07,11.57,1545545,87712,5.7,0,0,0.0,1007,752,78,1.03,1.00,6.04,13.66,2451,4
2026-05-17 15:08:09,1.0,12.11,12.09,11.61,1545545,87703,5.7,0,0,0.0,1007,752,78,1.04,0.91,7.33,14.07,2439,3
2026-05-17 15:09:09,0.9,10.77,11.74,11.53,1545545,87710,5.7,0,0,0.0,1007,752,78,1.03,0.95,1.63,8.75,2444,4
2026-05-17 15:10:09,3.1,16.83,13.35,12.09,1545545,87702,5.7,0,0,0.0,1007,752,78,1.03,0.95,2.22,9.58,2451,9
2026-05-17 15:11:10,1.3,14.37,13.41,12.20,1545545,87681,5.7,0,0,0.0,1007,752,78,1.03,1.00,4.92,12.35,2451,2
2026-05-17 15:12:10,2.9,12.04,12.91,12.11,1545545,87710,5.7,0,0,0.0,1007,752,78,1.03,1.05,6.31,13.72,2447,5
2026-05-17 15:13:10,1.0,11.30,12.58,12.04,1545545,87705,5.7,0,0,0.0,1007,752,78,1.03,0.98,7.45,15.10,2461,2
2026-05-17 15:14:11,3.0,12.32,12.56,12.07,1545545,87744,5.7,0,0,0.0,1007,752,78,1.09,0.82,7.71,15.09,2466,4
2026-05-17 15:15:11,2.9,12.62,12.63,12.12,1545545,87704,5.7,0,0,0.0,1007,752,78,1.03,1.04,9.71,17.13,2465,7
2026-05-17 15:16:11,0.9,10.52,12.03,11.95,1545545,87694,5.7,0,0,0.0,1007,752,78,1.03,1.01,1.39,8.65,2481,2
2026-05-17 15:17:12,1.1,9.88,11.57,11.79,1545545,87718,5.7,0,0,0.0,1007,752,78,1.10,1.03,2.35,9.61,2471,1
2026-05-17 15:18:12,3.0,14.04,12.75,12.20,1545545,87736,5.7,0,0,0.0,1007,752,78,1.03,1.07,5.01,12.39,2448,5
2026-05-17 15:19:12,8.3,14.85,13.15,12.37,1545545,87720,5.7,0,0,0.0,1007,752,78,1.03,0.88,8.64,15.95,2455,12
2026-05-17 15:20:13,1.0,12.50,12.87,12.33,1545545,87703,5.7,0,0,0.0,1007,752,78,1.03,0.99,8.43,15.23,2463,5
2026-05-17 15:21:13,1.0,10.77,12.31,12.17,1545545,87689,5.7,0,0,0.0,1007,752,78,1.03,0.86,0.90,7.98,2453,1
2026-05-17 15:22:13,1.2,9.92,11.75,11.98,1545545,87704,5.7,0,0,0.0,1007,752,78,1.20,1.36,3.02,10.31,2483,4
2026-05-17 15:23:14,0.9,9.61,11.33,11.82,1545545,87710,5.7,0,0,0.0,1007,752,78,1.09,1.16,1.29,8.37,2486,2
2026-05-17 15:24:14,2.1,10.74,11.36,11.80,1545545,87717,5.7,0,0,0.0,1007,752,78,1.07,1.00,6.86,14.36,2493,4
2026-05-17 15:25:14,1.0,10.40,11.17,11.71,1545545,87682,5.7,0,0,0.0,1007,752,78,1.03,0.85,6.90,13.73,2490,3
2026-05-17 15:26:15,1.6,17.37,12.70,12.18,1545545,87682,5.7,0,0,0.0,1007,752,78,1.03,0.93,0.96,7.99,2489,5
2026-05-17 15:27:15,1.4,14.01,12.69,12.21,1545545,87706,5.7,0,0,0.0,1007,752,78,1.03,1.24,2.48,9.78,2475,4
2026-05-17 15:28:15,3.3,12.08,12.32,12.11,1545545,87739,5.7,0,0,0.0,1007,752,78,1.03,1.11,5.55,13.13,2471,6
2026-05-17 15:29:16,1.0,11.91,12.32,12.13,1545545,87713,5.7,0,0,0.0,1007,752,78,1.03,0.81,11.94,18.59,2470,2
2026-05-17 15:30:16,3.1,10.56,11.86,11.98,1545545,87710,5.7,0,0,0.0,1007,752,78,1.03,0.99,3.82,11.20,2462,7
2026-05-17 15:31:16,1.3,10.86,11.73,11.93,1545545,87713,5.7,0,0,0.0,1007,752,78,1.03,0.93,4.63,12.05,2476,2
2026-05-17 15:32:17,3.1,10.27,11.35,11.79,1545545,87727,5.7,0,0,0.0,1007,752,78,1.14,1.01,4.15,11.36,2469,4
2026-05-17 15:33:17,1.3,12.34,11.85,11.94,1545545,87710,5.7,0,0,0.0,1007,752,78,1.09,1.02,7.85,15.78,2479,3
2026-05-17 15:34:17,11.7,10.36,11.36,11.76,1545545,87702,5.7,0,0,0.0,1007,752,78,1.03,1.03,0.90,8.12,2472,28
2026-05-17 15:35:18,1.5,10.70,11.32,11.72,1545545,87702,5.7,0,0,0.0,1007,752,78,1.36,0.87,6.86,14.35,2476,3
2026-05-17 15:36:18,1.1,11.23,11.35,11.71,1545545,87693,5.7,0,0,0.0,1007,752,78,1.08,1.04,6.27,13.58,2484,6
2026-05-17 15:37:18,2.9,11.98,11.62,11.78,1545545,87728,5.7,0,0,0.0,1007,752,78,1.03,1.10,8.24,16.10,2493,5
2026-05-17 15:38:19,0.9,10.47,11.26,11.65,1545545,87705,5.7,0,0,0.0,1007,752,78,1.03,0.91,1.24,8.34,2485,1
2026-05-17 15:39:19,1.6,10.28,11.09,11.57,1545545,87690,5.7,0,0,0.0,1007,752,78,1.37,1.08,1.05,8.33,2476,4
2026-05-17 15:40:19,3.6,11.96,11.44,11.66,1545545,87711,5.7,0,0,0.0,1007,752,78,1.05,0.93,10.26,18.31,2489,10
2026-05-17 15:41:20,1.2,10.75,11.18,11.55,1545545,87684,5.7,0,0,0.0,1007,752,78,1.03,0.96,4.19,11.34,2469,6
2026-05-17 15:42:20,1.0,10.24,10.93,11.44,1545545,87704,5.7,0,0,0.0,1007,752,78,1.08,0.96,0.90,8.09,2465,1
2026-05-17 15:43:21,3.9,9.90,10.73,11.34,1545545,87729,5.7,0,0,0.0,1007,752,78,1.10,0.94,3.88,11.24,2474,9
2026-05-17 15:44:21,1.0,10.10,10.68,11.29,1545545,87691,5.7,0,0,0.0,1007,752,78,2.12,1.02,4.74,12.25,2478,6
2026-05-17 15:45:21,1.5,9.43,10.36,11.14,1545545,87679,5.7,0,0,0.0,1007,752,78,1.03,1.03,3.10,10.48,2458,5
2026-05-17 15:46:22,2.8,11.10,10.71,11.21,1545545,87707,5.7,0,0,0.0,1007,752,78,1.12,0.91,7.76,15.42,2469,4
2026-05-17 15:47:22,2.7,10.56,10.62,11.14,1545545,87728,5.7,0,0,0.0,1007,752,78,1.03,1.02,7.68,14.56,2477,5
2026-05-17 15:48:22,1.1,10.89,10.70,11.14,1545545,87706,5.7,0,0,0.0,1007,752,78,2.07,0.98,7.87,15.27,2467,1
2026-05-17 15:49:23,1.0,9.99,10.50,11.04,1545545,87695,5.7,0,0,0.0,1007,752,78,1.03,1.04,0.90,8.09,2461,1
2026-05-17 15:50:23,3.2,11.79,10.88,11.13,1545545,87724,5.7,0,0,0.0,1007,752,78,1.03,1.07,6.12,13.42,2474,3
2026-05-17 15:51:23,1.1,11.54,11.04,11.17,1545545,87685,5.7,0,0,0.0,1007,752,78,1.03,0.81,5.92,13.09,2461,3
2026-05-17 15:52:24,1.9,11.56,11.02,11.15,1545545,87719,5.7,0,0,0.0,1007,752,78,1.03,1.07,3.99,11.43,2455,7
2026-05-17 15:53:24,1.3,10.93,10.97,11.13,1545545,87694,5.7,0,0,0.0,1007,752,78,1.03,0.90,1.09,8.18,2460,2
2026-05-17 15:54:24,3.0,10.73,10.94,11.11,1545545,87697,5.7,0,0,0.0,1007,752,78,1.03,0.87,8.07,15.53,2475,8
2026-05-17 15:55:25,1.0,11.28,11.16,11.18,1545545,87678,5.7,0,0,0.0,1007,752,78,1.03,0.93,5.87,13.51,2466,3
2026-05-17 15:56:25,1.4,9.76,10.75,11.03,1545545,87685,5.7,0,0,0.0,1007,752,78,1.04,1.02,2.76,10.00,2467,5
2026-05-17 15:57:25,1.1,9.59,10.53,10.94,1545545,87714,5.7,0,0,0.0,1007,752,78,1.03,1.12,0.91,8.09,2474,1
2026-05-17 15:58:26,1.4,10.12,10.51,10.91,1545545,87736,5.7,0,0,0.0,1007,752,78,1.03,0.88,4.56,11.98,2461,4
2026-05-17 15:59:26,3.1,10.22,10.48,10.87,1545545,87721,5.7,0,0,0.0,1007,752,78,1.03,0.99,4.01,11.39,2461,6
2026-05-17 16:00:26,1.5,11.70,10.99,11.03,1545545,87697,5.7,0,0,0.0,1007,752,78,1.03,0.98,7.74,14.90,2480,1
2026-05-17 16:01:27,2.5,12.30,11.16,11.08,1545545,87710,5.7,0,0,0.0,1007,752,78,1.03,3.50,7.47,15.33,2471,10
2026-05-17 16:02:27,1.9,15.49,12.08,11.39,1545545,87730,5.7,0,0,0.0,1007,752,78,1.03,1.04,4.87,11.98,2470,5
2026-05-17 16:03:27,2.9,18.31,13.41,11.89,1545545,87740,5.7,0,0,0.0,1007,752,78,1.03,1.00,7.67,15.22,2470,5
2026-05-17 16:04:28,3.2,14.13,13.03,11.85,1545545,87721,5.7,0,0,0.0,1007,752,78,1.03,0.93,2.65,10.00,2460,5
2026-05-17 16:05:28,4.9,17.83,14.20,12.32,1545545,87722,5.7,0,0,0.0,1007,752,78,1.03,1.04,12.24,19.51,2456,5
2026-05-17 16:06:28,2.6,18.29,14.91,12.68,1545545,87727,5.7,0,0,0.0,1007,752,78,1.03,0.91,10.44,17.54,2459,4
2026-05-17 16:07:29,3.6,14.40,14.30,12.60,1545545,87748,5.7,0,0,0.0,1007,752,78,2.07,1.24,3.37,10.72,2460,5
2026-05-17 16:08:29,1.3,19.76,15.69,13.18,1545545,87751,5.7,0,0,0.0,1007,752,78,1.13,0.93,4.71,12.02,2469,4
2026-05-17 16:09:29,2.2,18.40,16.08,13.48,1545545,87716,5.7,0,0,0.0,1007,752,78,1.34,0.95,8.36,15.84,2486,2
2026-05-17 16:10:30,1.9,18.79,16.64,13.83,1545545,87727,5.7,0,0,0.0,1007,752,78,0.00,1.01,9.21,16.22,2489,6
2026-05-17 16:11:30,1.3,14.38,15.85,13.74,1545545,87715,5.7,0,0,0.0,1007,752,78,2.07,0.93,2.41,9.60,2490,5
2026-05-17 16:12:30,1.4,13.82,15.36,13.70,1545545,87738,5.7,0,0,0.0,1007,752,78,1.03,1.16,8.05,16.11,2490,2
2026-05-17 16:13:31,3.1,15.59,15.60,13.89,1545545,87759,5.7,0,0,0.0,1007,752,78,1.03,0.88,11.31,18.36,2480,4
2026-05-17 16:14:31,1.1,12.21,14.61,13.65,1545545,87718,5.7,0,0,0.0,1007,752,78,1.03,1.05,1.76,8.94,2458,4
2026-05-17 16:15:31,1.3,12.35,14.23,13.58,1545545,87716,5.7,0,0,0.0,1007,752,78,1.03,0.89,5.61,12.73,2458,2
2026-05-17 16:16:32,1.0,12.63,13.98,13.54,1545545,87717,5.7,0,0,0.0,1007,752,78,1.03,1.00,11.24,18.54,2461,4
2026-05-17 16:17:32,1.4,13.26,13.69,13.45,1545545,87750,5.7,0,0,0.0,1007,752,78,1.03,1.14,2.03,9.21,2469,6
2026-05-17 16:18:32,3.0,12.91,13.48,13.39,1545545,87766,5.7,0,0,0.0,1007,752,78,1.06,0.94,5.45,13.24,2476,4
2026-05-17 16:19:33,3.1,13.02,13.34,13.34,1545545,87728,5.7,0,0,0.0,1007,752,78,1.03,1.04,5.97,13.52,2487,6
2026-05-17 16:20:33,3.1,12.46,13.13,13.27,1545545,87733,5.7,0,0,0.0,1007,752,78,1.03,0.88,8.69,16.24,2481,4
2026-05-17 16:21:33,1.9,12.15,12.79,13.14,1545545,87731,5.7,0,0,0.0,1007,752,78,1.03,0.85,3.93,11.39,2469,3
2026-05-17 16:22:34,3.1,12.86,12.82,13.12,1545545,87751,5.7,0,0,0.0,1007,752,78,1.03,1.27,5.00,12.48,2487,7
2026-05-17 16:23:34,3.4,11.98,12.50,12.99,1545545,87758,5.7,0,0,0.0,1007,752,78,1.03,1.05,3.09,10.47,2473,7
2026-05-17 16:24:34,3.1,12.46,12.50,12.95,1545545,87744,5.7,0,0,0.0,1007,752,78,1.05,0.93,9.59,17.69,2475,8
2026-05-17 16:25:35,2.0,11.85,12.40,12.89,1545545,87735,5.7,0,0,0.0,1007,752,78,1.05,0.95,7.01,14.65,2489,2
2026-05-17 16:26:35,1.4,11.09,12.15,12.78,1545545,87712,5.7,0,0,0.0,1007,752,78,1.03,0.92,3.16,10.44,2488,2
2026-05-17 16:27:35,3.1,12.15,12.30,12.79,1545545,87748,5.7,0,0,0.0,1007,752,78,1.03,1.20,9.11,16.08,2479,8
2026-05-17 16:28:36,1.9,12.37,12.30,12.76,1545545,87746,5.7,0,0,0.0,1007,752,78,1.03,0.96,12.68,19.27,2502,7
2026-05-17 16:29:36,3.0,12.43,12.30,12.73,1545545,87731,5.7,0,0,0.0,1007,752,78,1.03,0.98,9.61,17.60,2496,7
2026-05-17 16:30:36,3.2,11.48,12.02,12.60,1545545,87742,5.7,0,0,0.0,1007,752,78,1.03,0.94,3.56,11.03,2486,6
2026-05-17 16:31:37,1.2,12.13,12.09,12.59,1545545,87742,5.7,0,0,0.0,1007,752,78,1.03,1.05,9.30,17.20,2484,2
2026-05-17 16:32:37,3.1,12.97,12.25,12.61,1545545,87749,5.7,0,0,0.0,1007,752,78,1.03,0.86,6.28,13.49,2487,6
2026-05-17 16:33:37,3.1,16.06,13.24,12.93,1545545,87765,5.7,0,0,0.0,1007,752,78,1.03,0.94,12.30,19.50,2469,6
2026-05-17 16:34:38,1.2,12.89,12.92,12.84,1545545,87712,5.7,0,0,0.0,1007,752,78,1.03,0.95,7.89,15.78,2466,3
2026-05-17 16:35:38,3.1,10.84,12.30,12.63,1545545,87715,5.7,0,0,0.0,1007,752,78,1.04,1.05,1.72,8.92,2461,4
2026-05-17 16:36:38,3.0,11.89,12.37,12.63,1545545,87712,5.7,0,0,0.0,1007,752,78,1.03,0.98,6.59,14.05,2458,4
2026-05-17 16:37:39,1.1,11.99,12.38,12.62,1545545,87726,5.7,0,0,0.0,1007,752,78,1.07,1.00,6.67,14.21,2443,5
2026-05-17 16:38:39,1.1,10.09,11.76,12.39,1545545,87731,5.7,0,0,0.0,1007,752,78,1.12,0.96,1.67,8.79,2459,1
2026-05-17 16:39:39,3.0,13.70,12.69,12.68,1545545,87711,5.7,0,0,0.0,1007,752,78,1.07,1.03,2.33,9.70,2470,6
2026-05-17 16:40:40,1.5,13.21,12.77,12.71,1545545,87729,5.7,0,0,0.0,1007,752,78,1.03,0.90,13.05,19.61,2466,4
2026-05-17 16:41:40,1.1,10.86,12.18,12.51,1545545,87731,5.7,0,0,0.0,1007,752,78,1.03,1.02,1.04,8.05,2488,2
2026-05-17 16:42:40,3.0,13.83,12.89,12.74,1545545,87753,5.7,0,0,0.0,1007,752,78,1.03,0.98,6.56,14.34,2494,8
2026-05-17 16:43:41,1.2,11.47,12.38,12.57,1545545,87749,5.7,0,0,0.0,1007,752,78,1.32,0.83,3.99,11.40,2492,3
2026-05-17 16:44:41,1.0,10.42,11.92,12.40,1545545,87738,5.7,0,0,0.0,1007,752,78,1.04,1.05,1.65,8.79,2496,3
2026-05-17 16:45:41,3.1,11.91,12.08,12.42,1545545,87732,5.7,0,0,0.0,1007,752,78,1.03,1.00,10.83,17.85,2486,7
2026-05-17 16:46:42,1.9,11.84,11.98,12.36,1545545,87738,5.7,0,0,0.0,1007,752,78,1.03,1.11,7.02,14.07,2480,4
2026-05-17 16:47:42,1.9,11.57,11.88,12.30,1545545,87739,5.7,0,0,0.0,1007,752,78,1.03,0.93,9.86,16.28,2496,2
2026-05-17 16:48:42,1.2,10.98,11.67,12.20,1545545,87738,5.7,0,0,0.0,1007,752,78,1.03,0.96,2.96,10.31,2493,1
2026-05-17 16:49:43,10.5,11.64,11.69,12.18,1545545,87731,5.7,0,0,0.0,1007,752,78,1.03,0.99,5.46,13.06,2480,10
2026-05-17 16:50:43,3.0,12.39,11.95,12.24,1545545,87709,5.7,0,0,0.0,1007,752,78,1.10,0.84,8.57,16.25,2485,5
2026-05-17 16:51:43,3.0,11.51,11.84,12.18,1545545,87723,5.7,0,0,0.0,1007,752,78,1.03,1.09,5.23,12.82,2480,9
2026-05-17 16:52:44,1.1,13.08,12.19,12.28,1545545,87756,5.7,0,0,0.0,1007,752,78,1.03,0.96,8.04,15.82,2452,1
2026-05-17 16:53:44,1.1,13.50,12.50,12.38,1545545,87745,5.7,0,0,0.0,1007,752,78,1.03,0.92,7.83,15.65,2471,1
2026-05-17 16:54:44,3.0,13.04,12.43,12.36,1545545,87744,5.7,0,0,0.0,1007,752,78,1.06,0.83,4.99,12.62,2469,6
2026-05-17 16:55:45,3.3,15.26,13.14,12.61,1545545,87725,5.7,0,0,0.0,1007,752,78,1.08,0.97,11.16,18.75,2489,9
2026-05-17 16:56:45,3.1,12.29,12.69,12.49,1545545,87733,5.7,0,0,0.0,1007,752,78,1.03,1.26,4.07,11.41,2500,7
2026-05-17 16:57:45,1.0,11.42,12.43,12.42,1545545,87750,5.7,0,0,0.0,1007,752,78,1.03,1.02,6.53,14.34,2492,5
2026-05-17 16:58:46,1.0,10.54,11.95,12.25,1545545,87738,5.7,0,0,0.0,1007,752,78,1.09,0.94,2.04,9.18,2476,2
2026-05-17 16:59:46,1.0,10.89,11.90,12.22,1545545,87726,5.7,0,0,0.0,1007,752,78,1.15,1.05,5.26,12.81,2478,6
2026-05-17 17:00:46,3.0,10.04,11.44,12.04,1545545,87747,5.7,0,0,0.0,1007,752,78,1.09,0.95,1.65,8.92,2486,7
2026-05-17 17:01:47,0.9,10.59,11.41,12.00,1545545,87720,5.7,0,0,0.0,1007,752,78,1.03,1.02,3.77,11.19,2479,1
2026-05-17 17:02:47,3.2,11.20,11.48,11.98,1545545,87746,5.7,0,0,0.0,1007,752,78,1.03,0.98,5.98,13.69,2468,3
2026-05-17 17:03:47,6.0,12.27,11.74,12.04,1545545,87766,5.7,0,0,0.0,1007,752,78,1.03,0.99,13.00,20.14,2487,19
2026-05-17 17:04:48,11.4,11.47,11.61,11.98,1545545,87733,5.7,0,0,0.0,1007,752,78,1.16,0.93,13.26,19.30,2481,5
2026-05-17 17:05:48,2.9,11.23,11.58,11.95,1545545,87728,5.7,0,0,0.0,1007,752,78,1.16,0.97,6.44,13.58,2461,5
2026-05-17 17:06:48,2.8,12.12,11.71,11.96,1545545,87723,5.7,0,0,0.0,1007,752,78,1.03,0.97,6.52,14.29,2467,8
2026-05-17 17:07:49,3.3,12.66,11.86,11.99,1545545,87755,5.7,0,0,0.0,1007,752,78,1.03,1.05,7.50,15.07,2464,6
2026-05-17 17:08:49,0.9,10.79,11.52,11.87,1545545,87743,5.7,0,0,0.0,1007,752,78,1.03,0.96,4.69,12.21,2450,2
2026-05-17 17:09:49,3.2,11.18,11.52,11.85,1545545,87743,5.7,0,0,0.0,1007,752,78,1.03,0.94,6.41,14.08,2459,7
2026-05-17 17:10:50,3.1,11.57,11.59,11.86,1545545,87729,5.7,0,0,0.0,1007,752,78,1.25,0.80,9.15,16.13,2458,6
2026-05-17 17:11:50,1.1,11.94,11.92,11.97,1545545,87720,5.7,0,0,0.0,1007,752,78,1.24,1.05,6.29,13.91,2457,3
2026-05-17 17:12:50,1.1,13.69,12.31,12.09,1545545,87741,5.7,0,0,0.0,1007,752,78,1.03,0.99,7.32,14.87,2476,3
2026-05-17 17:13:51,2.9,12.75,12.26,12.08,1545545,87734,5.7,0,0,0.0,1007,752,78,1.03,0.85,7.91,15.77,2480,3
2026-05-17 17:14:51,2.8,12.32,12.11,12.04,1545545,87718,5.7,0,0,0.0,1007,752,78,1.10,1.06,4.95,12.51,2459,5
2026-05-17 17:15:51,0.9,10.85,11.76,11.92,1545545,87706,5.7,0,0,0.0,1007,752,78,1.03,0.91,5.31,12.92,2464,2
2026-05-17 17:16:52,0.9,10.51,11.61,11.86,1545545,87723,5.7,0,0,0.0,1007,752,78,1.03,1.03,4.51,12.01,2463,5
2026-05-17 17:17:52,3.1,10.40,11.39,11.77,1545545,87758,5.7,0,0,0.0,1007,752,78,1.03,0.89,4.34,11.77,2460,4
2026-05-17 17:18:52,1.0,11.15,11.51,11.79,1545545,87743,5.7,0,0,0.0,1007,752,78,1.03,0.96,9.95,16.72,2473,9
2026-05-17 17:19:53,1.0,10.63,11.28,11.70,1545545,87712,5.7,0,0,0.0,1007,752,78,1.03,1.00,4.39,11.83,2468,3
2026-05-17 17:20:53,2.8,9.90,10.98,11.57,1545545,87746,5.7,0,0,0.0,1007,752,78,1.03,0.91,4.72,12.13,2474,4
2026-05-17 17:21:53,3.6,10.94,11.06,11.56,1545545,87765,5.7,0,0,0.0,1007,752,78,1.03,1.01,6.00,13.71,2467,7
2026-05-17 17:22:54,1.1,10.60,10.94,11.48,1545545,87740,5.7,0,0,0.0,1007,752,78,1.03,2.44,4.42,11.88,2469,4
2026-05-17 17:23:54,2.0,10.84,10.91,11.44,1545545,87760,5.7,0,0,0.0,1007,752,78,1.03,0.91,3.20,10.26,2450,2
2026-05-17 17:24:54,3.0,10.96,10.92,11.40,1545545,87729,5.7,0,0,0.0,1007,752,78,1.03,1.07,7.80,15.27,2466,6
2026-05-17 17:25:55,3.3,11.80,11.18,11.47,1545545,87750,5.7,0,0,0.0,1007,752,78,1.03,0.89,7.97,15.47,2470,6
2026-05-17 17:26:55,1.1,11.06,11.11,11.42,1545545,87723,5.7,0,0,0.0,1007,752,78,1.03,1.09,5.14,12.64,2473,1
2026-05-17 17:27:55,1.0,11.03,11.14,11.42,1545545,87735,5.7,0,0,0.0,1007,752,78,1.03,1.12,3.84,11.28,2472,1
2026-05-17 17:28:56,1.0,11.31,11.11,11.38,1545545,87760,5.7,0,0,0.0,1007,752,78,1.03,0.95,6.00,13.62,2479,1
2026-05-17 17:29:56,0.9,10.75,11.07,11.36,1545545,87722,5.7,0,0,0.0,1007,752,78,1.03,0.97,2.78,10.00,2462,1
2026-05-17 17:30:56,0.9,9.60,10.68,11.20,1545545,87712,5.7,0,0,0.0,1007,752,78,1.11,0.93,2.89,10.33,2468,3
2026-05-17 17:31:57,2.8,11.62,11.04,11.29,1545545,87746,5.7,0,0,0.0,1007,752,78,1.14,1.12,13.04,19.40,2462,5
2026-05-17 17:32:57,1.2,10.44,10.85,11.21,1545545,87732,5.7,0,0,0.0,1007,752,78,1.03,0.83,3.87,11.09,2449,3
2026-05-17 17:33:57,3.1,10.76,10.83,11.17,1545545,87764,5.7,0,0,0.0,1007,752,78,1.03,0.95,3.51,11.07,2452,5
2026-05-17 17:34:58,1.3,11.15,10.93,11.19,1545545,87724,5.7,0,0,0.0,1007,752,78,1.03,0.84,8.50,16.34,2453,2
2026-05-17 17:35:58,1.0,10.07,10.68,11.09,1545545,87715,5.7,0,0,0.0,1007,752,78,1.03,1.05,2.36,9.58,2453,1
2026-05-17 17:36:58,2.9,10.58,10.71,11.07,1545545,87739,5.7,0,0,0.0,1007,752,78,1.03,1.06,5.42,13.22,2451,4
2026-05-17 17:37:59,3.0,13.10,11.32,11.25,1545545,87757,5.7,0,0,0.0,1007,752,78,1.03,0.96,9.60,17.38,2470,10
2026-05-17 17:38:59,3.0,12.00,11.22,11.22,1545545,87764,5.7,0,0,0.0,1007,752,78,1.03,0.93,4.15,11.54,2461,28
2026-05-17 17:39:59,2.8,11.75,11.31,11.25,1545545,87746,5.7,0,0,0.0,1007,752,78,1.03,0.98,10.52,17.51,2467,6
2026-05-17 17:41:00,1.3,10.45,11.05,11.16,1545545,87707,5.7,0,0,0.0,1007,752,78,1.10,0.88,3.21,10.43,2449,4
2026-05-17 17:42:00,3.3,10.68,11.00,11.14,1545545,87747,5.7,0,0,0.0,1007,752,78,1.03,1.15,5.91,13.37,2458,6
2026-05-17 17:43:00,3.3,10.36,10.91,11.10,1545545,87763,5.7,0,0,0.0,1007,752,78,1.16,1.07,8.39,16.38,2456,6
2026-05-17 17:44:01,1.1,11.17,11.04,11.14,1545545,87755,5.7,0,0,0.0,1007,752,78,1.03,0.74,8.15,15.11,2455,4
2026-05-17 17:45:01,1.0,10.73,10.94,11.09,1545545,87716,5.7,0,0,0.0,1007,752,78,1.03,0.98,5.32,12.79,2448,3
2026-05-17 17:46:01,3.1,10.51,10.85,11.05,1545545,87732,5.7,0,0,0.0,1007,752,78,1.12,1.03,4.54,12.12,2470,5
2026-05-17 17:47:02,2.8,14.12,11.81,11.37,1545545,87741,5.7,0,0,0.0,1007,752,78,1.49,1.12,12.59,19.78,2472,10
2026-05-17 17:48:02,3.1,15.45,12.54,11.65,1545545,87764,5.7,0,0,0.0,1007,752,78,1.26,0.97,7.55,15.13,2473,6
2026-05-17 17:49:02,1.0,13.16,12.58,11.72,1545545,87718,5.7,0,0,0.0,1007,752,78,1.07,0.86,4.23,11.89,2468,3
2026-05-17 17:50:03,9.0,13.96,12.92,11.90,1545545,87724,5.7,0,0,0.0,1007,752,78,1.03,1.01,2.43,9.60,2468,20
2026-05-17 17:51:03,1.1,15.39,13.66,12.23,1545545,87716,5.7,0,0,0.0,1007,752,78,1.03,0.86,9.56,17.07,2463,5
2026-05-17 17:52:03,2.3,15.52,13.80,12.35,1545545,87719,5.7,0,0,0.0,1007,752,78,1.03,1.07,1.82,9.07,2465,2
2026-05-17 17:53:04,3.2,16.58,14.42,12.65,1545545,87755,5.7,0,0,0.0,1007,752,78,1.03,0.98,6.96,14.60,2465,7
2026-05-17 17:54:04,3.1,17.28,14.77,12.87,1545545,87743,5.7,0,0,0.0,1007,752,78,1.03,0.96,6.23,13.93,2476,7
2026-05-17 17:55:04,2.9,18.32,15.42,13.20,1545545,87715,5.7,0,0,0.0,1007,752,78,1.03,0.89,7.17,14.60,2485,7
2026-05-17 17:56:05,4.6,14.32,14.79,13.13,1545545,87747,5.7,0,0,0.0,1007,752,78,1.03,1.04,3.03,10.10,2475,9
2026-05-17 17:57:05,1.4,13.49,14.55,13.15,1545545,87733,5.7,0,0,0.0,1007,752,78,1.03,1.10,5.62,13.20,2474,3
2026-05-17 17:58:05,1.9,13.07,14.30,13.15,1545545,87751,5.7,0,0,0.0,1007,752,78,1.03,0.89,2.75,10.08,2465,4
2026-05-17 17:59:06,2.9,12.56,13.80,13.05,1545545,87771,5.7,0,0,0.0,1007,752,78,1.03,0.96,3.87,11.32,2454,3
2026-05-17 18:00:06,3.4,13.27,13.73,13.06,1545545,87741,5.7,0,0,0.0,1007,752,78,1.03,1.13,6.84,14.49,2453,4
2026-05-17 18:01:06,1.2,12.00,13.32,12.97,1545545,87726,5.7,0,0,0.0,1007,752,78,1.03,1.01,7.66,14.65,2465,3
2026-05-17 18:02:07,2.9,12.45,13.25,12.97,1545545,87741,5.7,0,0,0.0,1007,752,78,1.34,1.06,9.35,16.48,2457,23
2026-05-17 18:03:07,2.9,12.65,13.16,12.95,1545545,87761,5.7,0,0,0.0,1007,752,78,1.05,0.84,11.02,18.49,2461,17
2026-05-17 18:04:07,1.0,12.80,13.19,12.98,1545545,87758,5.7,0,0,0.0,1007,752,78,1.03,1.03,11.00,18.60,2464,5
2026-05-17 18:05:08,1.0,12.39,12.98,12.92,1545545,87727,5.7,0,0,0.0,1007,752,78,1.03,1.02,3.66,11.02,2474,3
2026-05-17 18:06:08,0.9,10.80,12.42,12.73,1545545,87725,5.7,0,0,0.0,1007,752,78,2.07,0.85,3.84,11.20,2465,5
2026-05-17 18:07:08,0.9,10.09,11.92,12.54,1545545,87716,5.7,0,0,0.0,1007,752,78,1.03,1.11,1.64,8.87,2467,3
2026-05-17 18:08:09,1.7,14.26,12.75,12.78,1545545,87762,5.7,0,0,0.0,1007,752,78,1.03,0.92,11.58,18.91,2470,4
2026-05-17 18:09:09,1.1,11.79,12.36,12.65,1545545,87741,5.7,0,0,0.0,1007,752,78,1.03,0.95,3.93,11.16,2465,4
2026-05-17 18:10:09,1.1,10.26,11.82,12.44,1545545,87724,5.7,0,0,0.0,1007,752,78,1.03,0.92,0.98,8.20,2454,2
2026-05-17 18:11:10,1.6,10.70,11.77,12.39,1545545,87721,5.7,0,0,0.0,1007,752,78,1.05,1.02,5.09,12.52,2468,1
2026-05-17 18:12:10,1.4,10.81,11.60,12.29,1545545,87725,5.7,0,0,0.0,1007,752,78,1.03,1.07,3.14,10.38,2462,1
2026-05-17 18:13:10,3.3,12.71,11.98,12.38,1545545,87773,5.7,0,0,0.0,1007,752,78,1.03,0.89,6.02,13.74,2467,7
2026-05-17 18:14:11,4.6,11.91,11.90,12.33,1545545,87765,5.7,0,0,0.0,1007,752,78,1.03,0.93,7.66,15.47,2470,9
2026-05-17 18:15:11,1.0,10.03,11.37,12.12,1545545,87718,5.7,0,0,0.0,1007,752,78,1.03,0.98,1.04,8.12,2470,1
2026-05-17 18:16:11,1.0,9.53,11.00,11.94,1545545,87728,5.7,0,0,0.0,1007,752,78,1.03,0.98,2.54,9.93,2468,3
2026-05-17 18:17:12,1.9,11.33,11.15,11.93,1545545,87744,5.7,0,0,0.0,1007,752,78,1.69,1.03,4.71,11.86,2459,2
2026-05-17 18:18:12,3.1,11.76,11.33,11.94,1545545,87732,5.7,0,0,0.0,1007,752,78,1.16,1.03,9.93,16.48,2447,5
2026-05-17 18:19:12,3.1,11.88,11.49,11.96,1545545,87742,5.7,0,0,0.0,1007,752,78,1.09,0.97,7.77,15.69,2455,7
2026-05-17 18:20:13,0.8,10.78,11.26,11.85,1545545,87726,5.7,0,0,0.0,1007,752,78,1.03,1.02,3.83,11.17,2452,2
2026-05-17 18:21:13,5.2,11.93,11.54,11.91,1545545,87733,5.7,0,0,0.0,1007,752,78,1.03,0.88,6.99,14.44,2459,4
2026-05-17 18:22:13,3.2,12.68,11.78,11.97,1545545,87754,5.7,0,0,0.0,1007,752,78,1.10,1.23,12.85,20.15,2456,6
2026-05-17 18:23:14,3.1,12.22,12.00,12.04,1545545,87779,5.7,0,0,0.0,1007,752,78,1.03,1.03,5.55,12.98,2453,5
2026-05-17 18:24:14,1.1,11.75,11.92,12.01,1545545,87750,5.7,0,0,0.0,1007,752,78,1.16,0.84,6.06,13.51,2454,5
2026-05-17 18:25:14,1.2,11.70,11.87,11.99,1545545,87751,5.7,0,0,0.0,1007,752,78,1.03,0.91,5.30,12.88,2446,3
2026-05-17 18:26:15,1.1,11.10,11.66,11.91,1545545,87741,5.7,0,0,0.0,1007,752,78,1.03,0.96,1.70,8.79,2450,3
2026-05-17 18:27:15,3.5,11.46,11.59,11.87,1545545,87745,5.7,0,0,0.0,1007,752,78,1.03,1.21,3.73,11.14,2459,6
2026-05-17 18:28:15,0.9,10.73,11.50,11.83,1545545,87751,5.7,0,0,0.0,1007,752,78,1.03,1.50,5.18,12.79,2459,3
2026-05-17 18:29:16,1.2,11.49,11.64,11.86,1545545,87750,5.7,0,0,0.0,1007,752,78,1.03,0.80,6.37,14.02,2452,2
2026-05-17 18:30:16,3.1,9.84,11.14,11.67,1545545,87743,5.7,0,0,0.0,1007,752,78,1.03,0.95,1.90,9.10,2452,9
2026-05-17 18:31:16,1.2,11.34,11.39,11.73,1545545,87736,5.7,0,0,0.0,1007,752,78,1.03,0.93,10.50,18.61,2461,2
2026-05-17 18:32:17,1.1,14.40,12.31,12.03,1545545,87725,5.7,0,0,0.0,1007,752,78,1.07,0.94,7.49,15.21,2474,2
2026-05-17 18:33:17,1.1,12.00,12.01,11.94,1545545,87737,5.7,0,0,0.0,1007,752,78,1.03,1.04,3.62,11.06,2487,1
2026-05-17 18:34:17,1.1,13.10,12.27,12.03,1545545,87734,5.7,0,0,0.0,1007,752,78,1.03,0.91,5.64,13.30,2493,2
2026-05-17 18:35:18,11.4,12.64,12.22,12.02,1545545,87732,5.7,0,0,0.0,1007,752,78,1.03,0.95,4.59,12.11,2487,21
2026-05-17 18:36:18,1.1,12.63,12.31,12.07,1545545,87727,5.7,0,0,0.0,1007,752,78,1.03,1.00,9.94,17.45,2475,6
2026-05-17 18:37:18,3.0,13.03,12.37,12.10,1545545,87756,5.7,0,0,0.0,1007,752,78,1.15,1.00,4.45,11.95,2459,6
2026-05-17 18:38:19,3.4,13.34,12.64,12.21,1545545,87765,5.7,0,0,0.0,1007,752,78,1.30,1.03,5.54,13.17,2461,5
2026-05-17 18:39:19,3.3,14.22,12.97,12.35,1545545,87754,5.7,0,0,0.0,1007,752,78,1.03,0.98,7.58,14.96,2444,8
2026-05-17 18:40:19,1.3,12.88,12.95,12.39,1545545,87746,5.7,0,0,0.0,1007,752,78,1.03,0.82,3.71,11.01,2442,2
2026-05-17 18:41:20,1.5,11.47,12.56,12.29,1545545,87731,5.7,0,0,0.0,1007,752,78,1.14,1.01,5.52,12.79,2448,2
2026-05-17 18:42:20,3.3,13.85,12.84,12.39,1545545,87779,5.7,0,0,0.0,1007,752,78,1.10,1.00,8.85,16.30,2445,4
2026-05-17 18:43:20,3.3,12.41,12.67,12.37,1545545,87764,5.7,0,0,0.0,1007,752,78,1.19,1.00,9.68,17.40,2448,6
2026-05-17 18:44:21,3.4,11.00,12.19,12.22,1545545,87738,5.7,0,0,0.0,1007,752,78,1.19,0.91,2.59,9.94,2466,4
2026-05-17 18:45:21,1.1,11.02,11.99,12.14,1545545,87726,5.7,0,0,0.0,1007,752,78,1.03,1.00,6.52,14.18,2467,4
2026-05-17 18:46:21,1.0,10.34,11.64,12.01,1545545,87727,5.7,0,0,0.0,1007,752,78,1.03,0.98,3.10,10.48,2462,2
2026-05-17 18:47:22,3.2,11.07,11.64,11.99,1545545,87760,5.7,0,0,0.0,1007,752,78,1.03,1.07,11.05,18.28,2477,7
2026-05-17 18:48:22,1.1,11.80,11.84,12.04,1545545,87751,5.7,0,0,0.0,1007,752,78,1.03,0.85,7.06,14.57,2476,8
2026-05-17 18:49:22,1.1,11.95,11.99,12.09,1545545,87735,5.7,0,0,0.0,1007,752,78,1.03,0.99,6.33,14.14,2459,1
2026-05-17 18:50:23,3.3,11.91,11.95,12.07,1545545,87750,5.7,0,0,0.0,1007,752,78,1.03,1.11,10.56,17.99,2465,6
2026-05-17 18:51:23,3.3,13.89,12.50,12.25,1545545,87742,5.7,0,0,0.0,1007,752,78,1.03,0.87,8.37,15.43,2462,5
2026-05-17 18:52:23,0.9,12.20,12.41,12.24,1545545,87746,5.7,0,0,0.0,1007,752,78,1.03,1.10,4.66,12.15,2439,4
2026-05-17 18:53:24,3.2,11.20,12.10,12.15,1545545,87782,5.7,0,0,0.0,1007,752,78,1.15,0.90,4.47,11.95,2456,6
2026-05-17 18:54:24,1.3,10.13,11.67,12.00,1545545,87735,5.7,0,0,0.0,1007,752,78,1.03,0.82,3.50,10.86,2466,4
2026-05-17 18:55:24,2.9,12.90,12.20,12.16,1545545,87739,5.7,0,0,0.0,1007,752,78,1.03,0.98,11.21,19.22,2470,13
2026-05-17 18:56:25,3.3,11.37,11.90,12.06,1545545,87752,5.7,0,0,0.0,1007,752,78,1.03,1.06,5.61,12.42,2475,5
2026-05-17 18:57:25,1.2,12.77,12.18,12.15,1545545,87762,5.7,0,0,0.0,1007,752,78,1.03,1.16,7.95,14.90,2482,5
2026-05-17 18:58:25,4.1,12.95,12.26,12.17,1545545,87778,5.7,0,0,0.0,1007,752,78,1.03,0.89,8.24,15.62,2466,4
2026-05-17 18:59:26,1.2,11.16,11.89,12.05,1545545,87735,5.7,0,0,0.0,1007,752,78,1.03,0.89,3.93,10.93,2465,2
2026-05-17 19:00:26,2.8,11.10,11.78,12.00,1545545,87740,5.7,0,0,0.0,1007,752,78,1.03,1.07,5.57,13.13,2470,4
2026-05-17 19:01:26,3.4,10.38,11.44,11.87,1545545,87751,5.7,0,0,0.0,1007,752,78,1.03,1.10,6.23,14.03,2469,9
2026-05-17 19:02:27,1.0,10.55,11.39,11.83,1545545,87757,5.7,0,0,0.0,1007,752,78,1.16,0.95,5.33,12.83,2476,3
2026-05-17 19:03:27,1.3,10.37,11.22,11.75,1545545,87767,5.7,0,0,0.0,1007,752,78,1.03,0.98,4.15,11.62,2476,4
2026-05-17 19:04:27,3.0,11.06,11.13,11.67,1545545,87759,5.7,0,0,0.0,1007,752,78,1.03,0.94,2.14,9.51,2475,4
2026-05-17 19:05:28,1.0,10.94,11.13,11.64,1545545,87729,5.7,0,0,0.0,1007,752,78,1.03,0.86,8.22,15.15,2466,4
2026-05-17 19:06:28,2.3,10.59,10.96,11.55,1545545,87765,5.7,0,0,0.0,1007,752,78,1.03,1.16,3.10,10.45,2476,2
2026-05-17 19:07:28,2.0,10.59,10.84,11.47,1545545,87755,5.7,0,0,0.0,1007,752,78,2.14,1.11,3.28,10.75,2473,4
2026-05-17 19:08:29,3.8,11.94,11.13,11.52,1545545,87787,5.7,0,0,0.0,1007,752,78,1.03,0.89,8.91,16.11,2474,9
2026-05-17 19:09:29,1.1,11.00,11.10,11.50,1545545,87750,5.7,0,0,0.0,1007,752,78,1.03,0.96,3.74,10.69,2470,6
2026-05-17 19:10:29,2.0,10.63,11.01,11.44,1545545,87758,5.7,0,0,0.0,1007,752,78,1.03,1.04,5.64,13.25,2473,6
2026-05-17 19:11:30,3.6,10.98,11.07,11.43,1545545,87775,5.7,0,0,0.0,1007,752,78,1.03,0.94,5.42,12.90,2453,8
2026-05-17 19:12:30,3.2,10.59,10.92,11.36,1545545,87780,5.7,0,0,0.0,1007,752,78,1.03,1.04,3.97,11.46,2443,6
2026-05-17 19:13:30,3.1,10.33,10.83,11.30,1545545,87789,5.7,0,0,0.0,1007,752,78,1.03,0.93,4.57,12.08,2450,5
2026-05-17 19:14:31,3.3,11.03,10.95,11.31,1545545,87762,5.7,0,0,0.0,1007,752,78,1.03,0.95,9.89,17.36,2454,3
2026-05-17 19:15:31,3.1,11.44,11.18,11.37,1545545,87767,5.7,0,0,0.0,1007,752,78,1.03,0.86,11.72,18.44,2465,3
2026-05-17 19:16:31,3.3,12.08,11.49,11.47,1545545,87779,5.7,0,0,0.0,1007,752,78,1.03,0.94,9.31,17.31,2489,4
2026-05-17 19:17:32,2.0,11.40,11.35,11.42,1545545,87792,5.7,0,0,0.0,1007,752,78,1.03,1.11,7.17,14.90,2490,2
2026-05-17 19:18:32,3.3,11.85,11.48,11.46,1545545,87793,5.7,0,0,0.0,1007,752,78,1.03,1.07,10.77,18.67,2477,12
2026-05-17 19:19:32,3.6,12.93,11.85,11.59,1545545,87762,5.7,0,0,0.0,1007,752,78,1.03,0.88,12.41,20.14,2471,7
2026-05-17 19:20:33,1.1,12.00,11.89,11.63,1545545,87741,5.7,0,0,0.0,1007,752,78,1.03,0.96,7.69,15.39,2468,3
2026-05-17 19:21:33,1.1,10.89,11.59,11.54,1545545,87760,5.7,0,0,0.0,1007,752,78,1.03,0.91,4.90,12.43,2456,2
2026-05-17 19:22:33,1.1,11.85,11.63,11.55,1545545,87791,5.7,0,0,0.0,1007,752,78,1.03,1.27,6.11,13.68,2470,10
2026-05-17 19:23:34,1.3,10.59,11.28,11.43,1545545,87757,5.7,0,0,0.0,1007,752,78,1.03,1.02,1.80,9.04,2475,1
2026-05-17 19:24:34,1.2,10.03,11.04,11.34,1545545,87751,5.7,0,0,0.0,1007,752,78,1.03,0.89,0.86,8.00,2482,6
2026-05-17 19:25:34,2.8,10.02,10.82,11.25,1545545,87748,5.7,0,0,0.0,1007,752,78,1.03,1.05,2.30,9.66,2483,15
2026-05-17 19:26:35,1.9,10.81,10.90,11.25,1545545,87756,5.7,0,0,0.0,1007,752,78,1.03,0.93,9.09,16.80,2487,2
2026-05-17 19:27:35,1.7,9.63,10.51,11.09,1545545,87760,5.7,0,0,0.0,1007,752,78,1.16,1.12,1.30,8.42,2480,3
2026-05-17 19:28:35,3.2,10.66,10.71,11.12,1545545,87770,5.7,0,0,0.0,1007,752,78,1.03,0.94,7.65,15.48,2459,16
2026-05-17 19:29:36,1.2,10.39,10.66,11.08,1545545,87735,5.7,0,0,0.0,1007,752,78,1.03,1.01,5.61,13.24,2476,1
2026-05-17 19:30:36,3.1,9.58,10.40,10.97,1545545,87767,5.7,0,0,0.0,1007,752,78,1.03,0.96,2.62,9.89,2466,4
2026-05-17 19:31:36,1.0,9.61,10.31,10.90,1545545,87739,5.7,0,0,0.0,1007,752,78,1.28,0.88,5.13,12.53,2470,1
2026-05-17 19:32:37,0.9,11.61,10.73,11.01,1545545,87763,5.7,0,0,0.0,1007,752,78,1.21,1.09,3.21,10.32,2475,4
2026-05-17 19:33:37,2.9,16.70,12.13,11.46,1545545,87788,5.7,0,0,0.0,1007,752,78,1.30,1.06,8.41,16.27,2475,7
2026-05-17 19:34:37,3.5,12.05,11.64,11.33,1545545,87739,5.7,0,0,0.0,1007,752,78,1.09,0.91,2.22,9.66,2467,26
2026-05-17 19:35:38,3.1,13.98,12.36,11.60,1545545,87771,5.7,0,0,0.0,1007,752,78,1.03,0.95,7.08,14.56,2483,6
2026-05-17 19:36:38,3.0,13.89,12.50,11.69,1545545,87768,5.7,0,0,0.0,1007,752,78,1.03,1.09,2.91,10.22,2477,7
2026-05-17 19:37:38,1.5,15.12,13.22,12.00,1545545,87765,5.7,0,0,0.0,1007,752,78,1.03,0.96,10.00,17.55,2471,4
2026-05-17 19:38:39,2.9,16.16,13.78,12.26,1545545,87799,5.7,0,0,0.0,1007,752,78,1.03,0.93,5.89,13.53,2477,8
2026-05-17 19:39:39,2.1,14.57,13.69,12.32,1545545,87775,5.7,0,0,0.0,1007,752,78,1.03,1.05,4.98,12.49,2483,2
2026-05-17 19:40:39,1.1,14.02,13.75,12.43,1545545,87747,5.7,0,0,0.0,1007,752,78,1.04,0.91,2.54,9.92,2474,6
2026-05-17 19:41:40,1.5,12.94,13.54,12.44,1545545,87757,5.7,0,0,0.0,1007,752,78,1.03,1.06,2.16,9.25,2489,5
2026-05-17 19:42:40,3.2,11.79,13.06,12.35,1545545,87799,5.7,0,0,0.0,1007,752,78,1.03,0.98,3.43,10.81,2491,8
2026-05-17 19:43:40,1.1,12.11,13.00,12.37,1545545,87758,5.7,0,0,0.0,1007,752,78,1.03,0.97,5.80,13.23,2484,1
2026-05-17 19:44:41,4.4,13.90,13.17,12.46,1545545,87783,5.7,0,0,0.0,1007,752,78,1.03,0.96,5.99,13.56,2490,4
2026-05-17 19:45:41,0.9,11.40,12.63,12.32,1545545,87743,5.7,0,0,0.0,1007,752,78,1.03,0.98,3.67,10.71,2477,1
2026-05-17 19:46:41,2.2,11.62,12.45,12.28,1545545,87746,5.7,0,0,0.0,1007,752,78,1.03,1.07,6.91,14.75,2470,2
2026-05-17 19:47:42,3.2,10.75,12.01,12.13,1545545,87798,5.7,0,0,0.0,1007,752,78,1.03,1.02,2.06,9.27,2469,5
2026-05-17 19:48:42,1.9,11.98,12.19,12.19,1545545,87793,5.7,0,0,0.0,1007,752,78,1.03,0.97,10.09,17.50,2467,20
2026-05-17 19:49:42,2.1,14.41,12.91,12.44,1545545,87761,5.7,0,0,0.0,1007,752,78,1.03,0.83,10.76,17.81,2467,2
2026-05-17 19:50:43,0.9,11.69,12.43,12.31,1545545,87738,5.7,0,0,0.0,1007,752,78,1.49,0.94,1.89,8.90,2476,1
2026-05-17 19:51:43,1.0,10.20,11.88,12.12,1545545,87734,5.7,0,0,0.0,1007,752,78,1.06,1.08,1.40,8.61,2490,4
2026-05-17 19:52:43,2.6,11.17,11.88,12.11,1545545,87766,5.7,0,0,0.0,1007,752,78,1.09,1.06,3.00,10.36,2472,5
2026-05-17 19:53:44,1.1,9.70,11.32,11.90,1545545,87763,5.7,0,0,0.0,1007,752,78,1.03,0.85,1.15,8.19,2463,1
2026-05-17 19:54:44,0.9,11.66,11.55,11.94,1545545,87740,5.7,0,0,0.0,1007,752,78,1.03,0.96,4.87,12.45,2475,1
2026-05-17 19:55:44,3.1,11.99,11.59,11.92,1545545,87763,5.7,0,0,0.0,1007,752,78,1.03,0.94,4.69,12.13,2469,4
2026-05-17 19:56:45,3.6,14.73,12.34,12.16,1545545,87774,5.7,0,0,0.0,1007,752,78,1.03,1.04,6.81,14.13,2468,6
2026-05-17 19:57:45,1.2,16.83,13.18,12.44,1545545,87805,5.7,0,0,0.0,1007,752,78,1.03,1.03,8.82,16.73,2489,3
2026-05-17 19:58:45,1.2,13.01,12.69,12.32,1545545,87792,5.7,0,0,0.0,1007,752,78,1.03,0.98,5.67,13.24,2476,1
2026-05-17 19:59:46,1.2,10.26,11.97,12.09,1545545,87742,5.7,0,0,0.0,1007,752,78,1.03,0.83,0.87,7.99,2469,1
2026-05-17 20:00:46,3.0,12.11,12.15,12.14,1545545,87763,5.7,0,0,0.0,1007,752,78,1.07,0.96,6.29,13.79,2479,4
2026-05-17 20:01:46,1.3,11.98,12.13,12.14,1545545,87739,5.7,0,0,0.0,1007,752,78,1.03,3.51,9.25,16.40,2463,2
2026-05-17 20:02:47,1.0,11.74,12.08,12.13,1545545,87764,5.7,0,0,0.0,1007,752,78,1.03,1.02,7.89,15.61,2449,1
2026-05-17 20:03:47,1.0,10.32,11.67,11.98,1545545,87781,5.7,0,0,0.0,1007,752,78,1.03,0.83,3.64,11.05,2474,1
2026-05-17 20:04:47,3.3,12.24,11.91,12.04,1545545,87779,5.7,0,0,0.0,1007,752,78,1.03,0.97,5.29,13.10,2481,6
2026-05-17 20:05:48,1.4,12.43,11.96,12.05,1545545,87755,5.7,0,0,0.0,1007,752,78,1.03,0.97,4.97,12.23,2492,4
2026-05-17 20:06:48,0.9,10.63,11.51,11.88,1545545,87740,5.7,0,0,0.0,1007,752,78,1.03,1.02,1.29,8.37,2506,4
2026-05-17 20:07:48,3.0,11.21,11.49,11.85,1545545,87780,5.7,0,0,0.0,1007,752,78,1.03,0.98,5.99,13.70,2499,4
2026-05-17 20:08:49,0.9,11.32,11.51,11.84,1545545,87774,5.7,0,0,0.0,1007,752,78,1.21,1.05,8.17,15.14,2485,5
2026-05-17 20:09:49,0.9,10.12,11.11,11.68,1545545,87737,5.7,0,0,0.0,1007,752,78,1.21,1.00,0.88,7.99,2467,1
2026-05-17 20:10:49,1.2,11.37,11.32,11.71,1545545,87746,5.7,0,0,0.0,1007,752,78,1.03,0.93,9.05,16.84,2471,4
2026-05-17 20:11:50,2.1,12.22,11.52,11.75,1545545,87753,5.7,0,0,0.0,1007,752,78,1.03,0.96,4.55,12.02,2473,2
2026-05-17 20:12:50,3.1,13.29,11.82,11.83,1545545,87786,5.7,0,0,0.0,1007,752,78,1.03,0.91,3.11,10.39,2482,4
2026-05-17 20:13:50,1.0,12.55,11.93,11.87,1545545,87756,5.7,0,0,0.0,1007,752,78,1.03,0.98,6.43,14.13,2486,8
2026-05-17 20:14:51,1.2,10.64,11.50,11.72,1545545,87757,5.7,0,0,0.0,1007,752,78,1.03,0.94,3.61,11.06,2492,2
2026-05-17 20:15:51,1.5,12.66,11.84,11.82,1545545,87754,5.7,0,0,0.0,1007,752,78,1.07,0.96,5.61,13.20,2487,1
2026-05-17 20:16:51,1.1,17.75,13.44,12.37,1545545,87743,5.7,0,0,0.0,1007,752,78,1.22,1.12,4.52,12.11,2481,6
2026-05-17 20:17:52,1.0,13.54,13.03,12.30,1545545,87759,5.7,0,0,0.0,1007,752,78,1.06,0.88,4.25,11.62,2474,4
2026-05-17 20:18:52,0.9,11.41,12.60,12.20,1545545,87772,5.7,0,0,0.0,1007,752,78,1.03,0.99,4.76,11.88,2481,1
2026-05-17 20:19:52,1.1,13.72,12.92,12.33,1545545,87752,5.7,0,0,0.0,1007,752,78,1.03,0.98,7.99,16.09,2495,5
2026-05-17 20:20:53,1.9,13.91,13.07,12.41,1545545,87766,5.7,0,0,0.0,1007,752,78,1.03,0.97,6.57,14.29,2487,6
2026-05-17 20:21:53,1.0,15.19,13.64,12.65,1545545,87753,5.7,0,0,0.0,1007,752,78,1.03,0.95,2.12,9.31,2487,7
2026-05-17 20:22:53,3.0,14.24,13.59,12.69,1545545,87781,5.7,0,0,0.0,1007,752,78,1.03,1.12,10.49,18.15,2482,8
2026-05-17 20:23:54,3.1,13.18,13.39,12.68,1545545,87793,5.7,0,0,0.0,1007,752,78,1.03,1.00,9.37,16.71,2484,5
2026-05-17 20:24:54,2.1,13.60,13.51,12.76,1545545,87760,5.7,0,0,0.0,1007,752,78,1.10,0.99,10.03,17.33,2484,2
2026-05-17 20:25:54,2.9,12.52,13.14,12.68,1545545,87762,5.7,0,0,0.0,1007,752,78,1.03,0.86,7.50,14.90,2484,4
2026-05-17 20:26:55,2.3,12.50,13.10,12.70,1545545,87771,5.7,0,0,0.0,1007,752,78,1.03,1.07,7.87,14.77,2479,5
2026-05-17 20:27:55,1.5,12.49,13.02,12.70,1545545,87759,5.7,0,0,0.0,1007,752,78,1.03,1.13,9.85,17.55,2482,3
2026-05-17 20:28:55,1.0,11.23,12.58,12.57,1545545,87779,5.7,0,0,0.0,1007,752,78,1.03,0.96,4.64,12.05,2481,1
2026-05-17 20:29:56,3.1,13.03,12.74,12.62,1545545,87765,5.7,0,0,0.0,1007,752,78,1.03,0.81,6.81,14.56,2468,6
2026-05-17 20:30:56,1.0,10.90,12.19,12.44,1545545,87741,5.7,0,0,0.0,1007,752,78,1.03,1.09,1.67,8.95,2484,7
2026-05-17 20:31:56,3.3,11.37,12.06,12.37,1545545,87768,5.7,0,0,0.0,1007,752,78,1.03,1.05,4.33,11.61,2479,3
2026-05-17 20:32:57,0.9,11.09,11.88,12.29,1545545,87781,5.7,0,0,0.0,1007,752,78,1.03,0.88,11.83,18.18,2473,4
2026-05-17 20:33:57,2.9,13.17,12.29,12.40,1545545,87790,5.7,0,0,0.0,1007,752,78,1.03,0.93,7.66,15.49,2467,9
2026-05-17 20:34:57,1.2,11.99,12.16,12.35,1545545,87734,5.7,0,0,0.0,1007,752,78,1.03,0.97,10.61,17.43,2452,1
2026-05-17 20:35:58,11.9,11.87,12.10,12.32,1545545,87763,5.7,0,0,0.0,1007,752,78,1.03,0.93,7.53,15.42,2463,20
2026-05-17 20:36:58,1.7,13.62,12.53,12.45,1545545,87750,5.7,0,0,0.0,1007,752,78,1.03,1.27,13.13,19.80,2469,3
2026-05-17 20:37:58,3.1,11.83,12.19,12.34,1545545,87781,5.7,0,0,0.0,1007,752,78,1.03,0.87,9.17,16.05,2467,5
2026-05-17 20:38:59,3.2,11.41,12.04,12.28,1545545,87795,5.7,0,0,0.0,1007,752,78,1.03,0.84,9.77,16.79,2473,8
2026-05-17 20:39:59,3.2,25.62,15.27,13.33,1545545,87768,5.7,0,0,0.0,1007,752,78,1.03,1.00,8.92,15.88,2490,8
2026-05-17 20:40:59,1.1,19.63,15.43,13.51,1545545,87761,5.7,0,0,0.0,1007,752,78,1.03,0.82,11.33,19.14,2470,4
2026-05-17 20:42:00,1.3,15.31,14.85,13.42,1545545,87752,5.7,0,0,0.0,1007,752,78,1.03,1.09,7.18,14.32,2475,3
2026-05-17 20:43:00,1.0,13.67,14.39,13.35,1545545,87801,5.7,0,0,0.0,1007,752,78,1.03,1.12,6.16,13.71,2479,6
2026-05-17 20:44:00,3.1,13.49,14.18,13.34,1545545,87795,5.7,0,0,0.0,1007,752,78,1.03,0.89,7.12,14.71,2476,3
2026-05-17 20:45:01,1.9,16.12,15.00,13.68,1545545,87748,5.7,0,0,0.0,1007,752,78,1.03,0.90,7.70,14.61,2474,7
2026-05-17 20:46:01,1.0,12.18,14.00,13.42,1545545,87779,5.7,0,0,0.0,1007,752,78,1.03,1.02,7.23,14.73,2473,1
2026-05-17 20:47:01,0.9,10.83,13.32,13.22,1545545,87754,5.7,0,0,0.0,1007,752,78,1.15,1.07,5.94,13.69,2472,7
2026-05-17 20:48:02,1.0,11.22,12.96,13.10,1545545,87775,5.7,0,0,0.0,1007,752,78,1.05,1.00,7.87,15.36,2478,7
2026-05-17 20:49:02,3.0,11.25,12.63,12.98,1545545,87797,5.7,0,0,0.0,1007,752,78,1.05,0.95,7.84,15.39,2478,6
2026-05-17 20:50:02,5.5,10.38,12.13,12.78,1545545,87775,5.7,0,0,0.0,1007,752,78,1.03,0.93,2.63,10.02,2466,20
2026-05-17 20:51:03,1.1,13.35,12.60,12.90,1545545,87773,5.7,0,0,0.0,1007,752,78,1.43,0.97,10.85,18.65,2474,5
2026-05-17 20:52:03,3.0,12.51,12.48,12.84,1545545,87759,5.7,0,0,0.0,1007,752,78,1.22,1.07,5.66,12.73,2468,12
2026-05-17 20:53:03,1.1,11.77,12.23,12.73,1545545,87793,5.7,0,0,0.0,1007,752,78,1.03,0.86,4.16,11.62,2465,1
2026-05-17 20:54:04,3.2,12.37,12.15,12.66,1545545,87779,5.7,0,0,0.0,1007,752,78,1.03,1.07,4.25,11.55,2468,6
2026-05-17 20:55:04,1.0,11.12,11.88,12.54,1545545,87750,5.7,0,0,0.0,1007,752,78,1.03,0.84,5.45,12.52,2466,1
2026-05-17 20:56:04,1.1,10.24,11.51,12.37,1545545,87764,5.7,0,0,0.0,1007,752,78,1.03,0.91,3.39,10.88,2461,4
2026-05-17 20:57:05,1.5,10.29,11.33,12.25,1545545,87771,5.7,0,0,0.0,1007,752,78,1.03,1.18,3.13,10.37,2457,6
2026-05-17 20:58:05,3.1,11.80,11.65,12.31,1545545,87815,5.7,0,0,0.0,1007,752,78,1.05,1.07,8.69,16.64,2460,19
2026-05-17 20:59:05,3.5,11.36,11.51,12.21,1545545,87816,5.7,0,0,0.0,1007,752,78,1.03,0.90,7.34,14.99,2459,9
2026-05-17 21:00:06,3.0,11.36,11.52,12.18,1545545,87777,5.7,0,0,0.0,1007,752,78,1.36,0.97,7.38,14.77,2459,6
2026-05-17 21:01:06,1.0,11.87,11.75,12.22,1545545,87762,5.7,0,0,0.0,1007,752,78,1.10,0.97,11.66,19.17,2479,3
2026-05-17 21:02:06,1.1,11.43,11.59,12.13,1545545,87754,5.7,0,0,0.0,1007,752,78,1.41,1.11,1.61,8.87,2472,5
2026-05-17 21:03:07,1.2,12.06,11.68,12.12,1545545,87783,5.7,0,0,0.0,1007,752,78,1.03,1.03,8.64,15.76,2473,4
2026-05-17 21:04:07,2.9,13.87,12.16,12.25,1545545,87805,5.7,0,0,0.0,1007,752,78,1.06,0.81,5.18,12.71,2476,6
2026-05-17 21:05:07,3.1,12.62,12.07,12.21,1545545,87779,5.7,0,0,0.0,1007,752,78,1.03,1.12,4.43,11.93,2466,4
2026-05-17 21:06:08,1.2,10.78,11.61,12.04,1545545,87758,5.7,0,0,0.0,1007,752,78,1.03,0.97,2.86,10.10,2459,2
2026-05-17 21:07:08,9.2,10.07,11.24,11.89,1545545,87767,5.7,0,0,0.0,1007,752,78,1.03,1.14,3.10,10.45,2465,5
2026-05-17 21:08:08,1.2,11.00,11.35,11.89,1545545,87783,5.7,0,0,0.0,1007,752,78,1.03,0.98,5.81,13.10,2464,3
2026-05-17 21:09:09,0.9,9.77,10.93,11.71,1545545,87781,5.7,0,0,0.0,1007,752,78,1.03,0.98,2.86,9.94,2462,1
2026-05-17 21:10:09,1.0,9.04,10.52,11.51,1545545,87769,5.7,0,0,0.0,1007,752,78,1.03,0.99,1.75,8.93,2469,2
2026-05-17 21:11:09,3.7,10.41,10.60,11.48,1545545,87788,5.7,0,0,0.0,1007,752,78,1.03,0.89,7.91,15.78,2474,13
2026-05-17 21:12:10,3.1,12.16,10.95,11.53,1545545,87777,5.7,0,0,0.0,1007,752,78,1.03,1.03,8.63,16.40,2471,6
2026-05-17 21:13:10,1.0,13.67,11.63,11.74,1545545,87780,5.7,0,0,0.0,1007,752,78,1.03,0.98,11.26,18.56,2469,6
2026-05-17 21:14:10,3.1,10.64,11.11,11.55,1545545,87808,5.7,0,0,0.0,1007,752,78,1.09,0.85,1.47,8.65,2466,19
2026-05-17 21:15:11,3.2,10.53,10.96,11.46,1545545,87777,5.7,0,0,0.0,1007,752,78,1.03,0.91,5.49,13.02,2467,5
2026-05-17 21:16:11,1.0,11.35,11.11,11.48,1545545,87781,5.7,0,0,0.0,1007,752,78,1.09,1.07,6.60,14.30,2455,1
2026-05-17 21:17:11,0.8,11.63,11.15,11.47,1545545,87783,5.7,0,0,0.0,1007,752,78,1.15,1.09,4.54,12.01,2470,3
2026-05-17 21:18:12,2.1,11.92,11.33,11.51,1545545,87809,5.7,0,0,0.0,1007,752,78,1.03,1.05,9.03,16.42,2458,2
2026-05-17 21:19:12,1.1,10.62,11.13,11.43,1545545,87790,5.7,0,0,0.0,1007,752,78,1.03,0.83,1.52,8.63,2467,5
2026-05-17 21:20:12,1.3,13.25,11.84,11.66,1545545,87762,5.7,0,0,0.0,1007,752,78,1.03,0.98,5.66,13.35,2467,2
2026-05-17 21:21:13,1.0,15.62,12.82,12.01,1545545,87783,5.7,0,0,0.0,1007,752,78,1.82,1.00,7.53,14.54,2471,1
2026-05-17 21:22:13,1.1,15.68,13.35,12.24,1545545,87767,5.7,0,0,0.0,1007,752,78,1.07,1.33,7.40,14.39,2458,13
2026-05-17 21:23:13,3.0,16.89,14.29,12.65,1545545,87803,5.7,0,0,0.0,1007,752,78,1.06,0.89,9.86,17.97,2471,8
2026-05-17 21:24:14,2.9,18.20,15.07,13.01,1545545,87807,5.7,0,0,0.0,1007,752,78,1.03,0.98,9.63,16.44,2472,10
2026-05-17 21:25:14,3.1,18.51,15.38,13.23,1545545,87784,5.7,0,0,0.0,1007,752,78,1.07,0.95,3.56,10.90,2482,5
2026-05-17 21:26:14,1.9,17.29,15.63,13.45,1545545,87794,5.7,0,0,0.0,1007,752,78,1.03,0.93,12.65,19.38,2482,18
2026-05-17 21:27:15,1.7,14.85,15.29,13.47,1545545,87775,5.7,0,0,0.0,1007,752,78,1.03,1.09,3.97,11.08,2473,1
2026-05-17 21:28:15,1.0,13.06,14.84,13.44,1545545,87785,5.7,0,0,0.0,1007,752,78,1.04,1.21,4.86,12.41,2471,4
2026-05-17 21:29:15,3.1,12.79,14.40,13.37,1545545,87810,5.7,0,0,0.0,1007,752,78,1.03,0.84,6.78,14.18,2469,4
2026-05-17 21:30:16,1.1,13.42,14.18,13.35,1545545,87761,5.7,0,0,0.0,1007,752,78,1.03,0.99,4.46,11.76,2464,6
2026-05-17 21:31:16,3.1,12.54,13.82,13.28,1545545,87780,5.7,0,0,0.0,1007,752,78,1.06,0.99,2.90,10.19,2465,6
2026-05-17 21:32:16,3.5,12.65,13.56,13.22,1545545,87784,5.7,0,0,0.0,1007,752,78,1.03,1.10,5.57,12.81,2472,5
2026-05-17 21:33:17,1.7,14.06,13.78,13.32,1545545,87791,5.7,0,0,0.0,1007,752,78,1.03,0.99,9.78,17.46,2469,5
2026-05-17 21:34:17,1.0,13.23,13.66,13.31,1545545,87772,5.7,0,0,0.0,1007,752,78,1.03,0.79,4.55,12.00,2463,3
2026-05-17 21:35:17,1.2,12.21,13.19,13.16,1545545,87785,5.7,0,0,0.0,1007,752,78,1.03,0.96,5.28,12.99,2463,6
2026-05-17 21:36:18,1.1,14.85,13.53,13.27,1545545,87769,5.7,0,0,0.0,1007,752,78,1.10,0.98,5.30,12.79,2471,1
2026-05-17 21:37:18,1.3,13.46,13.34,13.21,1545545,87786,5.7,0,0,0.0,1007,752,78,1.03,1.00,4.15,11.60,2474,6
2026-05-17 21:38:18,1.3,10.97,12.63,12.98,1545545,87792,5.7,0,0,0.0,1007,752,78,1.07,1.12,0.96,8.21,2475,2
2026-05-17 21:39:19,0.9,10.94,12.38,12.87,1545545,87769,5.7,0,0,0.0,1007,752,78,1.03,1.00,2.08,9.31,2486,6
2026-05-17 21:40:19,1.0,10.63,12.05,12.73,1545545,87762,5.7,0,0,0.0,1007,752,78,1.28,0.99,0.92,8.02,2476,8
2026-05-17 21:41:19,1.1,11.27,12.03,12.68,1545545,87783,5.7,0,0,0.0,1007,752,78,1.27,0.77,2.87,10.14,2466,5
2026-05-17 21:42:20,3.1,13.12,12.47,12.79,1545545,87776,5.7,0,0,0.0,1007,752,78,1.13,1.05,10.71,18.52,2466,7
2026-05-17 21:43:20,2.1,12.33,12.31,12.72,1545545,87798,5.7,0,0,0.0,1007,752,78,1.03,1.04,6.50,13.84,2457,4
2026-05-17 21:44:20,3.1,12.91,12.50,12.76,1545545,87791,5.7,0,0,0.0,1007,752,78,1.04,0.97,9.72,17.06,2455,5
2026-05-17 21:45:21,2.5,11.69,12.27,12.66,1545545,87762,5.7,0,0,0.0,1007,752,78,1.03,1.03,6.98,14.39,2448,1
2026-05-17 21:46:21,1.0,11.67,12.14,12.59,1545545,87773,5.7,0,0,0.0,1007,752,78,1.03,1.02,6.79,14.39,2461,9
2026-05-17 21:47:21,1.0,12.89,12.55,12.71,1545545,87782,5.7,0,0,0.0,1007,752,78,1.03,1.05,5.86,13.16,2468,4
2026-05-17 21:48:22,1.0,12.14,12.35,12.63,1545545,87794,5.7,0,0,0.0,1007,752,78,1.03,0.95,5.57,13.24,2475,2
2026-05-17 21:49:22,1.0,13.26,12.57,12.68,1545545,87768,5.7,0,0,0.0,1007,752,78,1.03,0.87,7.68,15.09,2470,2
2026-05-17 21:50:22,4.7,13.15,12.60,12.68,1545545,87782,5.7,0,0,0.0,1007,752,78,1.03,1.01,6.37,13.83,2479,18
2026-05-17 21:51:23,1.0,13.31,13.12,12.88,1545545,87769,5.7,0,0,0.0,1007,752,78,1.14,0.91,4.41,11.67,2483,7
2026-05-17 21:52:23,0.9,10.60,12.38,12.64,1545545,87784,5.7,0,0,0.0,1007,752,78,1.39,1.02,1.24,8.41,2472,5
2026-05-17 21:53:23,3.2,10.44,12.03,12.50,1545545,87805,5.7,0,0,0.0,1007,752,78,2.03,0.93,5.41,13.07,2468,6
2026-05-17 21:54:24,2.7,11.08,11.83,12.40,1545545,87787,5.7,0,0,0.0,1007,752,78,1.14,0.94,4.20,11.41,2469,10
2026-05-17 21:55:24,1.2,11.12,11.77,12.35,1545545,87768,5.7,0,0,0.0,1007,752,78,1.41,1.02,7.52,14.87,2454,2
2026-05-17 21:56:24,1.7,13.10,12.26,12.48,1545545,87798,5.7,0,0,0.0,1007,752,78,1.15,0.96,9.18,16.75,2455,3
2026-05-17 21:57:25,3.6,13.04,12.37,12.50,1545545,87828,5.7,0,0,0.0,1007,752,78,1.03,0.96,5.52,13.13,2460,5
2026-05-17 21:58:25,3.0,12.80,12.41,12.51,1545545,87820,5.7,0,0,0.0,1007,752,78,1.03,0.96,5.75,13.32,2466,7
2026-05-17 21:59:25,0.9,13.51,12.61,12.57,1545545,87796,5.7,0,0,0.0,1007,752,78,1.18,0.99,12.33,19.84,2465,1
2026-05-17 22:00:26,1.1,12.69,12.59,12.56,1545545,87764,5.7,0,0,0.0,1007,752,78,1.09,0.86,2.43,9.60,2467,1
2026-05-17 22:01:26,1.2,11.85,12.37,12.49,1545545,87773,5.7,0,0,0.0,1007,752,78,1.13,1.13,2.61,9.86,2475,5
2026-05-17 22:02:26,1.6,11.84,12.30,12.46,1545545,87814,5.7,0,0,0.0,1007,752,78,1.05,1.11,10.07,17.45,2477,2
2026-05-17 22:03:27,0.9,11.66,12.20,12.41,1545545,87797,5.7,0,0,0.0,1007,752,78,1.03,0.99,5.25,12.80,2477,2
2026-05-17 22:04:27,0.9,12.32,12.34,12.45,1545545,87767,5.7,0,0,0.0,1007,752,78,1.05,0.81,8.10,15.52,2480,3
2026-05-17 22:05:27,2.9,13.20,12.50,12.49,1545545,87779,5.7,0,0,0.0,1007,752,78,1.03,0.98,7.40,15.21,2483,6
2026-05-17 22:06:28,9.9,13.07,12.64,12.54,1545545,87777,5.7,0,0,0.0,1007,752,78,1.03,1.05,11.31,18.55,2475,19
2026-05-17 22:07:28,3.6,12.18,12.45,12.48,1545545,87819,5.7,0,0,0.0,1007,752,78,1.03,1.14,3.04,10.39,2467,9
2026-05-17 22:08:28,3.9,12.51,12.42,12.47,1545545,87825,5.7,0,0,0.0,1007,752,78,2.22,0.85,3.48,10.93,2456,6
2026-05-17 22:09:29,1.1,11.93,12.28,12.41,1545545,87773,5.7,0,0,0.0,1007,752,78,1.03,1.03,5.61,13.14,2447,4
2026-05-17 22:10:29,1.2,10.71,11.89,12.27,1545545,87771,5.7,0,0,0.0,1007,752,78,0.00,0.93,2.79,10.08,2449,6
2026-05-17 22:11:29,1.6,11.24,11.86,12.23,1545545,87806,5.7,0,0,0.0,1007,752,78,2.07,0.91,8.11,15.53,2457,4
2026-05-17 22:12:30,1.1,10.35,11.50,12.09,1545545,87804,5.7,0,0,0.0,1007,752,78,1.03,1.17,4.00,11.47,2462,7
2026-05-17 22:13:30,1.5,10.09,11.19,11.94,1545545,87808,5.7,0,0,0.0,1007,752,78,1.03,1.01,4.14,11.81,2469,4
2026-05-17 22:14:30,0.9,9.87,10.91,11.79,1545545,87801,5.7,0,0,0.0,1007,752,78,1.10,0.89,1.26,8.42,2462,7
2026-05-17 22:15:31,1.0,10.41,10.96,11.76,1545545,87780,5.7,0,0,0.0,1007,752,78,1.08,1.01,6.45,13.99,2463,1
2026-05-17 22:16:31,2.9,15.97,12.63,12.29,1545545,87810,5.7,0,0,0.0,1007,752,78,1.06,0.84,8.54,16.43,2473,5
2026-05-17 22:17:31,1.1,13.51,12.65,12.33,1545545,87810,5.7,0,0,0.0,1007,752,78,1.03,1.18,6.17,13.68,2496,3
2026-05-17 22:18:32,1.4,13.18,12.66,12.35,1545545,87816,5.7,0,0,0.0,1007,752,78,1.10,1.00,10.30,18.23,2491,1
2026-05-17 22:19:32,1.1,11.24,12.24,12.22,1545545,87779,5.7,0,0,0.0,1007,752,78,1.03,1.01,4.71,11.92,2491,5
2026-05-17 22:20:32,3.4,10.86,12.01,12.15,1545545,87784,5.7,0,0,0.0,1007,752,78,1.25,1.02,3.14,10.56,2490,5
2026-05-17 22:21:33,1.3,9.93,11.61,12.01,1545545,87792,5.7,0,0,0.0,1007,752,78,1.37,0.96,1.29,8.39,2476,6
2026-05-17 22:22:33,2.9,11.64,11.62,11.98,1545545,87829,5.7,0,0,0.0,1007,752,78,1.13,1.21,2.31,9.61,2464,7
2026-05-17 22:23:33,1.3,10.85,11.40,11.88,1545545,87819,5.7,0,0,0.0,1007,752,78,1.03,0.91,5.26,12.66,2473,1
2026-05-17 22:24:34,3.2,13.41,11.96,12.03,1545545,87808,5.7,0,0,0.0,1007,752,78,1.03,0.96,8.36,16.32,2484,3
2026-05-17 22:25:34,1.4,11.13,11.60,11.90,1545545,87790,5.7,0,0,0.0,1007,752,78,1.17,0.86,3.71,10.90,2486,7
2026-05-17 22:26:34,1.9,12.22,11.80,11.95,1545545,87807,5.7,0,0,0.0,1007,752,78,1.12,0.93,11.07,18.19,2492,19
2026-05-17 22:27:35,1.5,11.66,11.66,11.89,1545545,87813,5.7,0,0,0.0,1007,752,78,1.03,1.18,5.98,12.96,2491,7
2026-05-17 22:28:35,3.5,11.21,11.58,11.85,1545545,87831,5.7,0,0,0.0,1007,752,78,1.03,1.11,5.52,13.25,2502,9
2026-05-17 22:29:35,1.3,10.80,11.45,11.80,1545545,87803,5.7,0,0,0.0,1007,752,78,1.13,0.90,5.16,12.73,2497,3
2026-05-17 22:30:36,1.1,10.72,11.36,11.74,1545545,87785,5.7,0,0,0.0,1007,752,78,1.03,1.10,2.38,9.59,2483,4
2026-05-17 22:31:36,1.9,10.14,11.02,11.60,1545545,87787,5.7,0,0,0.0,1007,752,78,1.03,0.93,3.48,10.74,2475,4
2026-05-17 22:32:36,2.9,11.80,11.37,11.69,1545545,87820,5.7,0,0,0.0,1007,752,78,1.03,1.00,12.44,20.24,2483,4
2026-05-17 22:33:37,1.9,10.98,11.27,11.64,1545545,87793,5.7,0,0,0.0,1007,752,78,1.16,0.93,3.96,11.31,2479,7
2026-05-17 22:34:37,2.2,10.63,11.19,11.59,1545545,87777,5.7,0,0,0.0,1007,752,78,1.03,1.11,5.47,12.42,2469,3
2026-05-17 22:35:37,1.2,9.58,10.78,11.42,1545545,87788,5.7,0,0,0.0,1007,752,78,1.03,0.91,2.36,9.78,2483,2
2026-05-17 22:36:38,1.2,10.58,10.86,11.41,1545545,87788,5.7,0,0,0.0,1007,752,78,1.03,1.11,4.26,11.58,2477,4
2026-05-17 22:37:38,4.9,10.04,10.63,11.29,1545545,87803,5.7,0,0,0.0,1007,752,78,1.11,0.90,0.99,8.11,2481,15
2026-05-17 22:38:38,3.3,10.46,10.72,11.28,1545545,87845,5.7,0,0,0.0,1007,752,78,1.03,1.02,4.97,12.20,2480,4
2026-05-17 22:39:39,1.0,11.72,11.09,11.38,1545545,87789,5.7,0,0,0.0,1007,752,78,1.03,0.93,7.89,15.66,2500,3
2026-05-17 22:40:39,1.1,10.92,10.99,11.33,1545545,87776,5.7,0,0,0.0,1007,752,78,1.03,1.15,3.61,11.03,2481,1
2026-05-17 22:41:39,3.3,10.62,10.90,11.27,1545545,87804,5.7,0,0,0.0,1007,752,78,1.03,0.88,7.61,15.35,2474,10
2026-05-17 22:42:40,3.4,10.53,10.95,11.27,1545545,87807,5.7,0,0,0.0,1007,752,78,1.03,1.02,7.95,15.04,2481,4
2026-05-17 22:43:40,1.2,11.57,11.19,11.34,1545545,87799,5.7,0,0,0.0,1007,752,78,1.03,1.00,6.65,14.40,2472,2
2026-05-17 22:44:40,1.2,11.58,11.24,11.35,1545545,87780,5.7,0,0,0.0,1007,752,78,1.03,0.93,6.81,14.47,2473,4
2026-05-17 22:45:41,2.9,9.80,10.79,11.18,1545545,87778,5.7,0,0,0.0,1007,752,78,1.03,1.04,1.70,8.94,2497,2
2026-05-17 22:46:41,1.0,12.03,11.24,11.31,1545545,87774,5.7,0,0,0.0,1007,752,78,1.03,1.08,6.11,13.77,2491,6
2026-05-17 22:47:41,1.0,11.46,11.24,11.31,1545545,87797,5.7,0,0,0.0,1007,752,78,1.03,1.03,6.03,13.67,2476,3
2026-05-17 22:48:42,3.1,11.48,11.16,11.26,1545545,87829,5.7,0,0,0.0,1007,752,78,1.03,0.85,2.63,9.96,2479,7
2026-05-17 22:49:42,3.1,12.65,11.51,11.38,1545545,87797,5.7,0,0,0.0,1007,752,78,1.03,0.99,11.90,18.83,2469,4
2026-05-17 22:50:42,1.0,10.68,11.18,11.27,1545545,87775,5.7,0,0,0.0,1007,752,78,1.03,1.02,4.92,12.56,2447,1
2026-05-17 22:51:43,1.0,13.02,11.56,11.38,1545545,87793,5.7,0,0,0.0,1007,752,78,1.03,1.06,5.52,13.09,2474,7
2026-05-17 22:52:43,1.2,12.16,11.55,11.39,1545545,87806,5.7,0,0,0.0,1007,752,78,1.05,0.89,6.43,14.02,2487,8
2026-05-17 22:53:43,1.8,11.84,11.62,11.43,1545545,87840,5.7,0,0,0.0,1007,752,78,1.10,0.96,7.08,14.89,2487,3
2026-05-17 22:54:44,3.0,13.84,12.11,11.60,1545545,87802,5.7,0,0,0.0,1007,752,78,1.40,1.00,8.88,16.79,2492,7
2026-05-17 22:55:44,2.2,11.28,11.66,11.47,1545545,87794,5.7,0,0,0.0,1007,752,78,1.06,0.95,5.73,13.11,2499,3
2026-05-17 22:56:44,1.1,10.92,11.50,11.43,1545545,87794,5.7,0,0,0.0,1007,752,78,1.03,1.07,5.27,12.56,2477,3
2026-05-17 22:57:45,1.9,11.19,11.49,11.43,1545545,87817,5.7,0,0,0.0,1007,752,78,1.05,1.10,5.44,12.92,2481,1
2026-05-17 22:58:45,1.1,9.51,10.96,11.25,1545545,87813,5.7,0,0,0.0,1007,752,78,1.03,0.90,1.25,8.41,2462,5
2026-05-17 22:59:45,2.9,11.31,11.18,11.31,1545545,87807,5.7,0,0,0.0,1007,752,78,1.16,0.94,7.45,15.24,2470,4
2026-05-17 23:00:46,3.1,19.12,13.07,11.93,1545545,87811,5.7,0,0,0.0,1007,752,78,1.50,0.92,6.31,13.28,2463,6
2026-05-17 23:01:46,1.0,13.11,12.49,11.80,1545545,87777,5.7,0,0,0.0,1007,752,78,1.03,3.24,2.85,10.14,2480,1
2026-05-17 23:02:46,1.0,11.19,12.06,11.70,1545545,87788,5.7,0,0,0.0,1007,752,78,1.16,1.03,6.59,14.35,2475,6
2026-05-17 23:03:47,2.8,12.20,12.19,11.76,1545545,87826,5.7,0,0,0.0,1007,752,78,1.05,0.92,2.03,9.28,2469,4
2026-05-17 23:04:47,1.0,16.26,13.44,12.23,1545545,87776,5.7,0,0,0.0,1007,752,78,1.29,1.06,9.61,17.53,2482,5
2026-05-17 23:05:47,1.8,15.99,13.76,12.40,1545545,87794,5.7,0,0,0.0,1007,752,78,1.14,0.93,6.63,14.37,2468,11
2026-05-17 23:06:48,3.6,17.47,14.47,12.73,1545545,87784,5.7,0,0,0.0,1007,752,78,1.03,0.98,7.98,14.93,2458,3
2026-05-17 23:07:48,1.1,18.21,15.30,13.13,1545545,87792,5.7,0,0,0.0,1007,752,78,1.12,1.03,9.81,17.27,2467,5
2026-05-17 23:08:48,2.9,17.53,15.47,13.31,1545545,87841,5.7,0,0,0.0,1007,752,78,1.03,1.02,6.27,14.14,2459,7
2026-05-17 23:09:49,0.9,14.93,15.33,13.41,1545545,87791,5.7,0,0,0.0,1007,752,78,1.03,0.88,6.61,13.62,2458,2
2026-05-17 23:10:49,1.1,16.92,16.07,13.80,1545545,87784,5.7,0,0,0.0,1007,752,78,1.03,0.98,5.96,13.06,2470,2
2026-05-17 23:11:49,3.3,18.37,16.56,14.11,1545545,87807,5.7,0,0,0.0,1007,752,78,1.03,0.98,9.91,17.97,2472,9
2026-05-17 23:12:50,1.3,14.41,15.90,14.04,1545545,87802,5.7,0,0,0.0,1007,752,78,1.03,1.04,7.30,15.00,2465,6
2026-05-17 23:13:50,1.1,13.05,15.21,13.92,1545545,87850,5.7,0,0,0.0,1007,752,78,1.03,0.97,7.19,15.13,2480,6
2026-05-17 23:14:50,1.0,11.68,14.48,13.75,1545545,87792,5.7,0,0,0.0,1007,752,78,1.28,0.85,4.25,11.60,2472,8
2026-05-17 23:15:51,0.9,10.28,13.59,13.49,1545545,87788,5.7,0,0,0.0,1007,752,78,1.39,1.00,3.80,11.21,2457,4
2026-05-17 23:16:51,0.9,10.41,13.00,13.29,1545545,87794,5.7,0,0,0.0,1007,752,78,1.12,1.06,2.40,9.60,2467,1
2026-05-17 23:17:51,0.8,11.23,12.78,13.20,1545545,87815,5.7,0,0,0.0,1007,752,78,1.03,0.95,5.89,13.15,2466,2
2026-05-17 23:18:52,1.0,13.37,13.07,13.26,1545545,87814,5.7,0,0,0.0,1007,752,78,1.07,0.98,5.63,13.24,2454,1
2026-05-17 23:19:52,0.9,13.08,13.00,13.23,1545545,87787,5.7,0,0,0.0,1007,752,78,1.03,1.02,5.08,12.67,2468,2
2026-05-17 23:20:52,1.2,11.39,12.59,13.07,1545545,87785,5.7,0,0,0.0,1007,752,78,1.10,0.91,2.00,9.34,2474,2
2026-05-17 23:21:53,2.1,11.29,12.30,12.94,1545545,87805,5.7,0,0,0.0,1007,752,78,1.03,1.00,6.27,13.50,2467,3
2026-05-17 23:22:53,0.9,10.40,11.85,12.74,1545545,87808,5.7,0,0,0.0,1007,752,78,1.12,1.08,4.74,11.90,2454,1
2026-05-17 23:23:53,1.2,10.92,11.64,12.60,1545545,87822,5.7,0,0,0.0,1007,752,78,1.03,0.99,0.89,8.06,2467,1
2026-05-17 23:24:54,2.0,12.42,11.80,12.59,1545545,87791,5.7,0,0,0.0,1007,752,78,1.03,0.86,5.93,13.45,2465,2
2026-05-17 23:25:54,1.2,10.77,11.45,12.42,1545545,87789,5.7,0,0,0.0,1007,752,78,1.03,1.04,6.25,12.69,2465,4
2026-05-17 23:26:54,1.9,11.37,11.49,12.37,1545545,87798,5.7,0,0,0.0,1007,752,78,1.24,1.16,3.46,10.85,2467,4
2026-05-17 23:27:55,1.7,10.40,11.21,12.22,1545545,87803,5.7,0,0,0.0,1007,752,78,1.03,0.89,1.04,8.04,2464,5
2026-05-17 23:28:55,2.8,12.01,11.47,12.24,1545545,87833,5.7,0,0,0.0,1007,752,78,1.03,1.00,4.02,11.46,2468,6
2026-05-17 23:29:55,3.1,12.46,11.62,12.24,1545545,87808,5.7,0,0,0.0,1007,752,78,1.03,1.04,7.26,14.91,2479,7
2026-05-17 23:30:56,2.3,12.63,11.87,12.29,1545545,87810,5.7,0,0,0.0,1007,752,78,1.22,1.03,12.10,19.34,2468,2
2026-05-17 23:31:56,2.9,11.77,11.75,12.22,1545545,87815,5.7,0,0,0.0,1007,752,78,1.14,0.94,8.02,15.23,2470,9
2026-05-17 23:32:56,3.1,11.40,11.60,12.13,1545545,87841,5.7,0,0,0.0,1007,752,78,1.20,0.93,6.18,13.73,2484,8
2026-05-17 23:33:57,3.1,10.38,11.25,11.98,1545545,87841,5.7,0,0,0.0,1007,752,78,1.21,1.00,3.20,10.44,2473,4
2026-05-17 23:34:57,1.1,11.68,11.58,12.05,1545545,87806,5.7,0,0,0.0,1007,752,78,1.44,0.82,2.72,9.90,2474,3
2026-05-17 23:35:57,1.2,11.38,11.47,11.98,1545545,87786,5.7,0,0,0.0,1007,752,78,1.04,1.08,3.24,10.83,2478,3
2026-05-17 23:36:58,5.1,10.77,11.25,11.87,1545545,87823,5.7,0,0,0.0,1007,752,78,1.07,1.17,2.61,9.87,2486,10
2026-05-17 23:37:58,1.2,10.86,11.19,11.81,1545545,87818,5.7,0,0,0.0,1007,752,78,1.03,0.86,5.53,12.94,2483,8
2026-05-17 23:38:58,0.9,10.54,11.06,11.73,1545545,87830,5.7,0,0,0.0,1007,752,78,1.03,1.04,4.57,12.05,2495,5
2026-05-17 23:39:59,1.0,10.52,10.95,11.65,1545545,87794,5.7,0,0,0.0,1007,752,78,1.03,0.93,4.54,12.01,2482,2
2026-05-17 23:40:59,2.9,10.94,10.95,11.60,1545545,87801,5.7,0,0,0.0,1007,752,78,1.03,1.07,5.45,13.06,2475,4
2026-05-17 23:41:59,3.5,12.79,11.51,11.75,1545545,87810,5.7,0,0,0.0,1007,752,78,1.09,1.00,12.12,19.86,2461,8
2026-05-17 23:43:00,1.9,12.81,11.76,11.82,1545545,87826,5.7,0,0,0.0,1007,752,78,1.03,0.97,9.96,17.60,2465,4
2026-05-17 23:44:00,1.4,13.21,12.00,11.90,1545545,87834,5.7,0,0,0.0,1007,752,78,1.03,0.86,7.16,14.31,2470,2
2026-05-17 23:45:00,1.8,12.11,11.90,11.87,1545545,87820,5.7,0,0,0.0,1007,752,78,1.07,1.12,8.75,16.07,2474,9
2026-05-17 23:46:01,3.4,12.59,12.10,11.94,1545545,87826,5.7,0,0,0.0,1007,752,78,1.03,0.97,3.83,10.94,2472,3
2026-05-17 23:47:01,3.4,14.00,12.53,12.10,1545545,87809,5.7,0,0,0.0,1007,752,78,1.14,1.06,9.22,16.68,2475,6
2026-05-17 23:48:01,3.3,12.45,12.37,12.07,1545545,87844,5.7,0,0,0.0,1007,752,78,1.03,1.17,10.01,17.00,2470,6
2026-05-17 23:49:02,1.1,12.52,12.54,12.15,1545545,87831,5.7,0,0,0.0,1007,752,78,1.03,0.90,5.84,12.68,2473,3
2026-05-17 23:50:02,1.2,12.12,12.41,12.13,1545545,87800,5.7,0,0,0.0,1007,752,78,1.03,0.88,6.14,13.56,2468,1
2026-05-17 23:51:02,1.2,11.52,12.16,12.06,1545545,87802,5.7,0,0,0.0,1007,752,78,1.03,0.81,3.80,11.42,2462,10
2026-05-17 23:52:03,1.0,12.78,12.52,12.20,1545545,87799,5.7,0,0,0.0,1007,752,78,1.03,1.07,7.41,14.60,2472,4
2026-05-17 23:53:03,1.1,11.26,12.12,12.08,1545545,87813,5.7,0,0,0.0,1007,752,78,1.03,0.94,3.66,11.09,2472,6
2026-05-17 23:54:03,3.0,11.01,11.86,11.99,1545545,87840,5.7,0,0,0.0,1007,752,78,1.03,0.95,4.34,11.84,2468,6
2026-05-17 23:55:04,0.8,9.89,11.42,11.83,1545545,87790,5.7,0,0,0.0,1007,752,78,1.03,1.03,2.94,10.24,2468,2
2026-05-17 23:56:04,0.9,10.17,11.20,11.73,1545545,87807,5.7,0,0,0.0,1007,752,78,1.05,0.91,5.72,13.16,2469,4
2026-05-17 23:57:04,3.2,12.40,11.54,11.80,1545545,87830,5.7,0,0,0.0,1007,752,78,1.03,1.12,4.90,12.48,2447,12
2026-05-17 23:58:05,1.7,12.37,11.84,11.90,1545545,87831,5.7,0,0,0.0,1007,752,78,1.03,0.98,8.42,15.95,2444,4
2026-05-17 23:59:05,1.1,11.81,11.77,11.87,1545545,87835,5.7,0,0,0.0,1007,752,78,1.03,0.94,7.36,14.48,2452,2
2026-05-18 00:00:05,2.0,12.15,11.81,11.88,1545545,87813,5.7,0,0,0.0,1007,752,78,1.03,1.03,6.24,13.97,2459,2
2026-05-18 00:01:06,3.0,12.24,11.90,11.90,1545545,87809,5.7,0,0,0.0,1007,752,78,1.14,3.33,9.26,16.39,2467,4
2026-05-18 00:02:06,2.8,13.63,12.38,12.07,1545545,87813,5.7,0,0,0.0,1007,752,78,1.09,1.01,9.01,16.40,2473,5
2026-05-18 00:03:06,0.9,11.85,12.11,12.00,1545545,87815,5.7,0,0,0.0,1007,752,78,1.03,1.00,6.85,14.64,2470,1
2026-05-18 00:04:07,1.0,12.07,12.04,11.97,1545545,87816,5.7,0,0,0.0,1007,752,78,1.03,1.02,3.32,10.54,2449,3
2026-05-18 00:05:07,1.0,10.94,11.75,11.88,1545545,87785,5.7,0,0,0.0,1007,752,78,1.10,1.00,7.22,14.23,2454,1
2026-05-18 00:06:07,0.9,14.25,12.69,12.20,1545545,87797,5.7,0,0,0.0,1007,752,78,1.03,0.92,11.31,18.69,2466,4
2026-05-18 00:07:08,1.3,12.57,12.44,12.14,1545545,87807,5.7,0,0,0.0,1007,752,78,1.03,1.02,7.84,15.61,2474,6
2026-05-18 00:08:08,1.0,12.45,12.42,12.15,1545545,87810,5.7,0,0,0.0,1007,752,78,1.03,1.00,6.43,13.99,2470,2
2026-05-18 00:09:08,1.2,16.02,13.49,12.53,1545545,87821,5.7,0,0,0.0,1007,752,78,1.03,1.11,7.36,14.16,2484,2
2026-05-18 00:10:09,2.2,13.51,13.14,12.47,1545545,87813,5.7,0,0,0.0,1007,752,78,1.03,0.97,7.77,14.83,2473,7
2026-05-18 00:11:09,1.1,13.17,13.14,12.51,1545545,87792,5.7,0,0,0.0,1007,752,78,1.03,0.98,9.96,17.99,2470,1
2026-05-18 00:12:09,1.6,10.73,12.46,12.32,1545545,87810,5.7,0,0,0.0,1007,752,78,1.09,1.06,2.36,9.68,2471,5
2026-05-18 00:13:10,3.2,11.59,12.33,12.27,1545545,87840,5.7,0,0,0.0,1007,752,78,1.03,0.88,4.48,11.92,2482,6
2026-05-18 00:14:10,1.1,10.69,11.97,12.16,1545545,87820,5.7,0,0,0.0,1007,752,78,1.03,0.90,4.38,11.69,2475,1
2026-05-18 00:15:10,1.1,10.15,11.62,12.02,1545545,87795,5.7,0,0,0.0,1007,752,78,1.03,0.97,3.78,11.28,2481,6
2026-05-18 00:16:11,1.0,9.74,11.25,11.87,1545545,87794,5.7,0,0,0.0,1007,752,78,1.03,1.01,2.12,9.47,2465,1
2026-05-18 00:17:11,2.9,12.50,11.63,11.95,1545545,87813,5.7,0,0,0.0,1007,752,78,1.03,1.19,5.62,13.15,2464,5
2026-05-18 00:18:11,1.0,12.31,11.85,12.01,1545545,87824,5.7,0,0,0.0,1007,752,78,1.03,0.89,10.30,17.49,2459,1
2026-05-18 00:19:12,4.1,13.19,12.14,12.10,1545545,87849,5.7,0,0,0.0,1007,752,78,1.05,0.92,11.10,18.89,2459,6
2026-05-18 00:20:12,3.0,11.97,12.03,12.07,1545545,87806,5.7,0,0,0.0,1007,752,78,1.03,1.09,4.96,12.19,2462,8
2026-05-18 00:21:12,3.1,11.07,11.75,11.97,1545545,87800,5.7,0,0,0.0,1007,752,78,1.07,0.93,6.32,14.26,2456,5
2026-05-18 00:22:13,0.9,10.51,11.52,11.88,1545545,87785,5.7,0,0,0.0,1007,752,78,1.09,1.15,2.15,9.38,2456,4
2026-05-18 00:23:13,2.9,10.91,11.46,11.83,1545545,87824,5.7,0,0,0.0,1007,752,78,1.03,1.07,7.35,15.05,2471,5
2026-05-18 00:24:13,1.0,10.52,11.30,11.75,1545545,87808,5.7,0,0,0.0,1007,752,78,1.03,0.88,6.09,13.36,2479,6
2026-05-18 00:25:14,0.9,9.29,10.80,11.55,1545545,87778,5.7,0,0,0.0,1007,752,78,1.03,0.97,0.88,8.00,2479,7
2026-05-18 00:26:14,1.0,10.17,10.78,11.50,1545545,87783,5.7,0,0,0.0,1007,752,78,1.03,0.97,6.21,13.52,2486,2
2026-05-18 00:27:14,1.1,9.29,10.41,11.32,1545545,87777,5.7,0,0,0.0,1007,752,78,1.03,1.18,1.05,8.31,2486,3
2026-05-18 00:28:15,3.5,10.97,10.72,11.37,1545545,87825,5.7,0,0,0.0,1007,752,78,1.03,1.23,6.85,14.44,2470,6
2026-05-18 00:29:15,1.0,11.98,11.08,11.46,1545545,87821,5.7,0,0,0.0,1007,752,78,1.03,0.83,7.86,15.58,2478,2
2026-05-18 00:30:15,3.3,10.91,10.90,11.37,1545545,87811,5.7,0,0,0.0,1007,752,78,1.03,0.97,4.20,11.73,2478,4
2026-05-18 00:31:16,1.2,10.47,10.76,11.29,1545545,87809,5.7,0,0,0.0,1007,752,78,1.03,1.05,2.64,9.97,2475,1
2026-05-18 00:32:16,1.1,9.58,10.48,11.16,1545545,87782,5.7,0,0,0.0,1007,752,78,1.04,1.08,2.15,9.44,2475,9
2026-05-18 00:33:16,1.9,12.61,11.08,11.31,1545545,87836,5.7,0,0,0.0,1007,752,78,1.03,0.91,10.17,17.31,2477,6
2026-05-18 00:34:17,1.1,11.39,11.12,11.32,1545545,87823,5.7,0,0,0.0,1007,752,78,1.03,0.92,5.79,12.65,2452,1
2026-05-18 00:35:17,1.0,11.09,11.05,11.28,1545545,87805,5.7,0,0,0.0,1007,752,78,1.03,1.00,7.59,15.15,2459,56
2026-05-18 00:36:17,1.0,10.27,10.84,11.19,1545545,87794,5.7,0,0,0.0,1007,752,78,1.03,0.98,4.15,11.79,2460,5
2026-05-18 00:37:18,3.0,11.73,11.06,11.24,1545545,87820,5.7,0,0,0.0,1007,752,78,1.03,1.14,5.71,13.04,2472,5
2026-05-18 00:38:18,1.2,10.64,10.84,11.15,1545545,87832,5.7,0,0,0.0,1007,752,78,1.03,1.07,4.43,11.95,2464,1
2026-05-18 00:39:18,2.0,11.12,10.97,11.18,1545545,87832,5.7,0,0,0.0,1007,752,78,1.03,1.00,9.51,16.69,2474,5
2026-05-18 00:40:19,2.9,11.01,10.95,11.16,1545545,87822,5.7,0,0,0.0,1007,752,78,1.03,0.97,4.63,11.84,2474,10
2026-05-18 00:41:19,3.0,10.04,10.66,11.04,1545545,87809,5.7,0,0,0.0,1007,752,78,1.03,0.90,2.43,9.63,2473,22
2026-05-18 00:42:19,1.3,11.71,11.00,11.13,1545545,87817,5.7,0,0,0.0,1007,752,78,1.03,1.11,10.22,18.07,2463,4
2026-05-18 00:43:20,1.9,11.15,10.92,11.10,1545545,87840,5.7,0,0,0.0,1007,752,78,1.03,1.02,6.98,13.83,2479,7
2026-05-18 00:44:20,2.6,11.72,11.22,11.19,1545545,87813,5.7,0,0,0.0,1007,752,78,1.03,0.93,10.86,17.26,2467,3
2026-05-18 00:45:20,1.0,10.45,10.95,11.10,1545545,87803,5.7,0,0,0.0,1007,752,78,1.03,0.94,2.29,9.54,2458,3
2026-05-18 00:46:21,2.3,10.19,10.76,11.02,1545545,87804,5.7,0,0,0.0,1007,752,78,1.03,0.87,5.99,13.65,2459,4
2026-05-18 00:47:21,0.9,9.71,10.51,10.92,1545545,87799,5.7,0,0,0.0,1007,752,78,1.03,1.11,0.87,8.01,2459,7
2026-05-18 00:48:21,1.1,12.22,10.99,11.05,1545545,87842,5.7,0,0,0.0,1007,752,78,1.03,1.06,8.71,15.80,2457,3
2026-05-18 00:49:22,3.2,19.40,12.93,11.70,1545545,87816,5.7,0,0,0.0,1007,752,78,1.03,0.89,7.44,15.17,2468,9
2026-05-18 00:50:22,1.0,17.56,13.72,12.06,1545545,87788,5.7,0,0,0.0,1007,752,78,1.03,1.02,8.09,15.38,2470,3
2026-05-18 00:51:22,3.1,17.91,14.55,12.45,1545545,87810,5.7,0,0,0.0,1007,752,78,1.03,0.98,6.65,14.58,2465,6
2026-05-18 00:52:23,0.9,16.75,14.90,12.71,1545545,87797,5.7,0,0,0.0,1007,752,78,1.03,0.91,9.59,16.52,2473,3
2026-05-18 00:53:23,5.8,16.66,15.12,12.92,1545545,87829,5.7,0,0,0.0,1007,752,78,1.03,0.98,1.66,8.86,2462,19
2026-05-18 00:54:23,3.0,14.91,14.85,12.96,1545545,87845,5.7,0,0,0.0,1007,752,78,1.03,0.99,5.58,13.22,2451,8
2026-05-18 00:55:24,0.9,13.53,14.61,13.01,1545545,87790,5.7,0,0,0.0,1007,752,78,1.03,1.04,3.00,10.29,2452,3
2026-05-18 00:56:24,0.9,11.65,13.97,12.89,1545545,87801,5.7,0,0,0.0,1007,752,78,1.03,0.94,1.30,8.38,2473,1
2026-05-18 00:57:24,1.0,14.23,14.29,13.07,1545545,87829,5.7,0,0,0.0,1007,752,78,1.03,1.12,6.36,14.09,2464,4
2026-05-18 00:58:25,1.6,12.39,13.78,12.97,1545545,87832,5.7,0,0,0.0,1007,752,78,1.03,1.03,2.35,9.58,2480,5
2026-05-18 00:59:25,0.8,10.78,13.12,12.80,1545545,87817,5.7,0,0,0.0,1007,752,78,1.03,0.86,2.77,10.01,2489,1
2026-05-18 01:00:25,3.0,11.11,12.78,12.70,1545545,87838,5.7,0,0,0.0,1007,752,78,1.05,1.08,6.03,12.88,2495,7
2026-05-18 01:01:26,1.0,13.03,12.94,12.75,1545545,87809,5.7,0,0,0.0,1007,752,78,1.03,1.18,9.76,16.87,2475,5
2026-05-18 01:02:26,1.3,11.21,12.45,12.60,1545545,87823,5.7,0,0,0.0,1007,752,78,1.03,1.03,3.52,10.79,2472,4
2026-05-18 01:03:26,1.8,11.82,12.38,12.56,1545545,87843,5.7,0,0,0.0,1007,752,78,1.03,0.81,4.87,12.48,2458,4
2026-05-18 01:04:27,1.0,12.61,12.50,12.58,1545545,87806,5.7,0,0,0.0,1007,752,78,1.03,1.00,4.68,11.98,2433,2
2026-05-18 01:05:27,1.1,12.49,12.56,12.61,1545545,87811,5.7,0,0,0.0,1007,752,78,1.05,0.95,7.23,14.80,2445,3
2026-05-18 01:06:27,2.8,11.68,12.25,12.49,1545545,87817,5.7,0,0,0.0,1007,752,78,1.03,1.02,3.42,11.05,2451,4
2026-05-18 01:07:28,1.8,12.25,12.34,12.51,1545545,87825,5.7,0,0,0.0,1007,752,78,1.09,1.08,10.83,17.23,2469,5
2026-05-18 01:08:28,1.7,11.34,12.11,12.42,1545545,87837,5.7,0,0,0.0,1007,752,78,1.03,0.96,2.36,9.66,2465,7
2026-05-18 01:09:28,1.9,10.87,11.87,12.32,1545545,87816,5.7,0,0,0.0,1007,752,78,2.07,1.00,3.87,11.31,2484,10
2026-05-18 01:10:29,3.9,12.29,12.07,12.35,1545545,87835,5.7,0,0,0.0,1007,752,78,1.03,0.79,11.05,18.21,2465,4
2026-05-18 01:11:29,3.2,13.79,12.64,12.54,1545545,87840,5.7,0,0,0.0,1007,752,78,1.03,1.07,10.86,18.76,2465,11
2026-05-18 01:12:29,1.7,12.08,12.41,12.47,1545545,87877,5.7,0,0,0.0,1007,752,78,0.00,1.18,7.40,14.43,2465,2
2026-05-18 01:13:30,1.4,10.23,11.83,12.26,1545545,87847,5.7,0,0,0.0,1007,752,78,2.07,0.80,1.25,8.38,2463,5
2026-05-18 01:14:30,3.3,10.23,11.50,12.12,1545545,87842,5.7,0,0,0.0,1007,752,78,1.40,1.01,2.66,10.05,2457,3
2026-05-18 01:15:30,1.0,9.53,11.09,11.94,1545545,87839,5.7,0,0,0.0,1007,752,78,1.06,0.93,3.65,10.94,2471,1
2026-05-18 01:16:31,1.2,9.46,10.77,11.77,1545545,87818,5.7,0,0,0.0,1007,752,78,1.03,1.13,0.88,8.02,2474,2
2026-05-18 01:17:31,3.1,10.32,10.77,11.71,1545545,87860,5.7,0,0,0.0,1007,752,78,1.03,1.09,8.60,15.63,2463,8
2026-05-18 01:18:31,3.0,10.87,10.79,11.65,1545545,87862,5.7,0,0,0.0,1007,752,78,1.03,1.06,5.73,13.37,2476,6
2026-05-18 01:19:32,2.4,13.09,11.53,11.86,1545545,87838,5.7,0,0,0.0,1007,752,78,1.54,0.88,7.94,15.60,2473,7
2026-05-18 01:20:32,0.9,12.11,11.51,11.83,1545545,87823,5.7,0,0,0.0,1007,752,78,1.03,0.98,6.63,13.71,2474,5
2026-05-18 01:21:32,1.0,11.65,11.45,11.79,1545545,87830,5.7,0,0,0.0,1007,752,78,1.40,0.87,7.52,15.36,2468,2
2026-05-18 01:22:33,1.8,12.04,11.52,11.79,1545545,87862,5.7,0,0,0.0,1007,752,78,1.11,1.31,6.43,13.40,2478,7
2026-05-18 01:23:33,0.9,10.54,11.16,11.64,1545545,87862,5.7,0,0,0.0,1007,752,78,1.03,1.07,5.59,12.94,2472,1
2026-05-18 01:24:33,1.1,12.33,11.74,11.82,1545545,87818,5.7,0,0,0.0,1007,752,78,1.03,0.89,5.68,13.27,2471,1
2026-05-18 01:25:34,1.7,13.76,12.17,11.96,1545545,87837,5.7,0,0,0.0,1007,752,78,1.03,0.97,10.12,17.11,2462,4
2026-05-18 01:26:34,1.1,12.53,12.18,11.98,1545545,87821,5.7,0,0,0.0,1007,752,78,1.03,0.98,9.53,16.10,2473,2
2026-05-18 01:27:34,3.3,13.18,12.29,12.02,1545545,87860,5.7,0,0,0.0,1007,752,78,1.03,1.08,7.46,15.01,2475,9
2026-05-18 01:28:35,3.6,13.29,12.44,12.09,1545545,87874,5.7,0,0,0.0,1007,752,78,1.09,1.13,6.01,13.64,2480,4
2026-05-18 01:29:35,3.3,12.50,12.41,12.10,1545545,87835,5.7,0,0,0.0,1007,752,78,1.03,1.09,11.07,18.60,2473,4
2026-05-18 01:30:36,1.1,12.96,12.68,12.22,1545545,87833,5.7,0,0,0.0,1007,752,78,1.03,1.00,4.65,12.08,2487,1
2026-05-18 01:31:36,1.1,12.79,12.72,12.26,1545545,87833,5.7,0,0,0.0,1007,752,78,1.03,0.92,6.04,13.62,2481,6
2026-05-18 01:32:36,2.2,13.35,12.87,12.34,1545545,87860,5.7,0,0,0.0,1007,752,78,1.03,1.03,10.76,18.15,2467,4
2026-05-18 01:33:37,1.2,13.27,13.00,12.42,1545545,87859,5.7,0,0,0.0,1007,752,78,1.03,1.02,10.28,18.02,2468,1
2026-05-18 01:34:37,2.8,12.52,12.78,12.38,1545545,87854,5.7,0,0,0.0,1007,752,78,1.03,0.93,5.64,13.17,2475,4
2026-05-18 01:35:37,1.2,12.64,12.80,12.41,1545545,87828,5.7,0,0,0.0,1007,752,78,1.03,0.95,11.07,17.27,2465,1
2026-05-18 01:36:38,1.2,11.95,12.58,12.36,1545545,87828,5.7,0,0,0.0,1007,752,78,1.03,1.03,3.10,10.54,2470,7
2026-05-18 01:37:38,11.5,11.13,12.20,12.24,1545545,87873,5.7,0,0,0.0,1007,752,78,1.86,1.00,6.07,12.87,2467,17
2026-05-18 01:38:38,8.8,11.66,12.22,12.25,1545545,87850,5.7,0,0,0.0,1007,752,78,1.13,0.83,4.81,11.93,2463,16
2026-05-18 01:39:39,3.8,11.47,12.06,12.19,1545545,87845,5.7,0,0,0.0,1007,752,78,1.03,1.08,6.10,13.86,2479,5
2026-05-18 01:40:39,1.0,10.92,11.86,12.12,1545545,87820,5.7,0,0,0.0,1007,752,78,1.03,0.93,6.61,14.03,2480,1
2026-05-18 01:41:39,1.2,9.97,11.43,11.95,1545545,87830,5.7,0,0,0.0,1007,752,78,1.03,1.07,4.34,11.66,2490,3
2026-05-18 01:42:40,3.6,13.01,11.83,12.04,1545545,87862,5.7,0,0,0.0,1007,752,78,1.03,0.85,7.35,15.16,2495,5
2026-05-18 01:43:40,3.3,11.63,11.70,11.99,1545545,87870,5.7,0,0,0.0,1007,752,78,1.03,0.92,5.15,12.61,2495,26
2026-05-18 01:44:40,1.0,13.80,12.28,12.17,1545545,87822,5.7,0,0,0.0,1007,752,78,1.03,1.12,4.94,12.28,2477,6
2026-05-18 01:45:40,3.1,11.46,11.85,12.03,1545545,87843,5.7,0,0,0.0,1007,752,78,1.06,0.94,2.60,9.96,2497,7
2026-05-18 01:46:41,1.2,12.11,11.98,12.06,1545545,87813,5.7,0,0,0.0,1007,752,78,1.15,1.02,4.54,11.99,2490,4
2026-05-18 01:47:41,3.2,10.56,11.55,11.90,1545545,87853,5.7,0,0,0.0,1007,752,78,1.05,1.08,1.89,9.17,2491,6
2026-05-18 01:48:41,2.7,14.28,12.45,12.19,1545545,87861,5.7,0,0,0.0,1007,752,78,1.04,0.88,12.56,20.44,2480,5
2026-05-18 01:49:42,1.1,11.53,12.03,12.07,1545545,87821,5.7,0,0,0.0,1007,752,78,1.03,0.87,6.42,13.24,2488,4
2026-05-18 01:50:42,1.1,11.97,12.15,12.11,1545545,87824,5.7,0,0,0.0,1007,752,78,1.10,1.03,8.97,16.86,2470,3
2026-05-18 01:51:42,1.2,11.64,11.96,12.05,1545545,87821,5.7,0,0,0.0,1007,752,78,1.03,1.13,1.85,9.22,2461,3
2026-05-18 01:52:43,1.2,10.14,11.47,11.87,1545545,87849,5.7,0,0,0.0,1007,752,78,1.03,1.00,1.98,9.25,2475,1
2026-05-18 01:53:43,1.0,16.74,13.04,12.38,1545545,87853,5.7,0,0,0.0,1007,752,78,1.10,0.96,6.12,13.52,2456,1
2026-05-18 01:54:43,1.2,13.14,12.73,12.31,1545545,87826,5.7,0,0,0.0,1007,752,78,1.15,0.96,6.08,13.65,2456,1
2026-05-18 01:55:44,1.1,13.22,12.81,12.37,1545545,87818,5.7,0,0,0.0,1007,752,78,1.04,0.91,4.59,12.01,2466,2
2026-05-18 01:56:44,1.0,12.74,12.78,12.38,1545545,87835,5.7,0,0,0.0,1007,752,78,1.03,1.11,7.63,15.34,2458,2
2026-05-18 01:57:44,3.0,10.58,12.13,12.18,1545545,87873,5.7,0,0,0.0,1007,752,78,1.03,1.11,2.19,9.54,2451,20
2026-05-18 01:58:45,1.7,14.01,12.74,12.38,1545545,87859,5.7,0,0,0.0,1007,752,78,1.14,0.89,8.93,16.60,2470,1
2026-05-18 01:59:45,1.0,11.44,12.20,12.22,1545545,87833,5.7,0,0,0.0,1007,752,78,1.03,0.95,2.69,9.96,2465,1
2026-05-18 02:00:45,1.2,10.33,11.74,12.05,1545545,87816,5.7,0,0,0.0,1007,752,78,1.03,1.00,3.88,11.29,2467,1
2026-05-18 02:01:46,1.2,10.16,11.42,11.92,1545545,87858,5.7,0,0,0.0,1007,752,78,1.03,1.02,3.09,10.44,2479,4
2026-05-18 02:02:46,1.0,10.31,11.24,11.83,1545545,87856,5.7,0,0,0.0,1007,752,78,1.03,1.04,4.00,11.44,2485,5
2026-05-18 02:03:46,2.8,10.98,11.18,11.76,1545545,87882,5.7,0,0,0.0,1007,752,78,1.09,0.99,4.86,12.29,2480,6
2026-05-18 02:04:47,1.2,10.22,10.90,11.63,1545545,87826,5.7,0,0,0.0,1007,752,78,1.03,0.90,2.80,10.17,2503,3
2026-05-18 02:05:47,1.0,9.90,10.68,11.50,1545545,87815,5.7,0,0,0.0,1007,752,78,1.03,0.98,0.94,8.05,2491,1
2026-05-18 02:06:47,1.3,10.11,10.55,11.40,1545545,87824,5.7,0,0,0.0,1007,752,78,1.03,1.01,3.14,10.57,2488,6
2026-05-18 02:07:48,1.2,9.92,10.43,11.31,1545545,87835,5.7,0,0,0.0,1007,752,78,1.03,1.20,3.95,11.34,2502,4
2026-05-18 02:08:48,1.9,10.61,10.52,11.28,1545545,87882,5.7,0,0,0.0,1007,752,78,1.03,0.88,6.58,14.12,2487,3
2026-05-18 02:09:48,1.0,10.44,10.55,11.25,1545545,87816,5.7,0,0,0.0,1007,752,78,1.03,1.06,6.38,13.35,2468,1
2026-05-18 02:10:49,0.9,11.64,10.93,11.34,1545545,87811,5.7,0,0,0.0,1007,752,78,1.03,0.82,7.14,14.20,2470,2
2026-05-18 02:11:49,3.4,10.11,10.59,11.19,1545545,87830,5.7,0,0,0.0,1007,752,78,1.03,1.03,2.00,9.11,2468,2
2026-05-18 02:12:49,3.5,10.58,10.66,11.18,1545545,87868,5.7,0,0,0.0,1007,752,78,1.03,1.04,3.16,10.57,2467,6
2026-05-18 02:13:50,3.3,10.67,10.67,11.15,1545545,87871,5.7,0,0,0.0,1007,752,78,1.03,1.04,6.15,13.76,2467,4
2026-05-18 02:14:50,1.2,10.30,10.59,11.09,1545545,87825,5.7,0,0,0.0,1007,752,78,1.03,0.92,3.16,10.53,2472,5
2026-05-18 02:15:50,1.3,9.99,10.44,11.01,1545545,87833,5.7,0,0,0.0,1007,752,78,1.03,0.90,1.65,8.86,2472,10
2026-05-18 02:16:51,3.0,12.45,10.92,11.13,1545545,87848,5.7,0,0,0.0,1007,752,78,1.03,1.07,8.34,15.58,2469,6
2026-05-18 02:17:51,1.0,10.99,10.77,11.06,1545545,87847,5.7,0,0,0.0,1007,752,78,1.03,1.09,6.25,13.33,2485,2
2026-05-18 02:18:51,1.0,10.20,10.55,10.97,1545545,87849,5.7,0,0,0.0,1007,752,78,1.03,0.94,3.44,10.85,2485,1
2026-05-18 02:19:52,1.1,10.11,10.46,10.91,1545545,87861,5.7,0,0,0.0,1007,752,78,1.03,0.98,4.00,11.44,2490,4
2026-05-18 02:20:52,1.1,10.00,10.35,10.84,1545545,87840,5.7,0,0,0.0,1007,752,78,1.03,1.02,3.12,10.45,2492,5
2026-05-18 02:21:52,1.0,10.67,10.45,10.84,1545545,87840,5.7,0,0,0.0,1007,752,78,1.03,1.02,5.74,13.33,2480,3
2026-05-18 02:22:53,3.1,11.69,10.73,10.91,1545545,87878,5.7,0,0,0.0,1007,752,78,1.03,1.11,6.74,14.43,2467,4
2026-05-18 02:23:53,4.1,12.41,11.13,11.04,1545545,87870,5.7,0,0,0.0,1007,752,78,1.03,0.92,9.40,17.35,2464,6
2026-05-18 02:24:54,1.0,11.61,11.23,11.08,1545545,87833,5.7,0,0,0.0,1007,752,78,1.03,1.07,6.35,14.09,2448,3
2026-05-18 02:25:54,3.0,11.47,11.13,11.05,1545545,87854,5.7,0,0,0.0,1007,752,78,1.03,0.96,2.93,10.13,2455,9
2026-05-18 02:26:54,1.0,10.92,11.07,11.03,1545545,87832,5.7,0,0,0.0,1007,752,78,1.03,1.05,5.43,12.75,2462,2
2026-05-18 02:27:55,1.0,11.48,11.22,11.09,1545545,87854,5.7,0,0,0.0,1007,752,78,1.03,1.18,5.94,13.12,2457,4
2026-05-18 02:28:55,1.5,10.61,10.99,11.01,1545545,87854,5.7,0,0,0.0,1007,752,78,1.03,1.01,1.61,8.78,2462,1
2026-05-18 02:29:55,1.2,12.65,11.74,11.28,1545545,87828,5.7,0,0,0.0,1007,752,78,1.03,0.81,3.79,11.26,2472,6
2026-05-18 02:30:56,1.1,13.01,11.90,11.36,1545545,87862,5.7,0,0,0.0,1007,752,78,1.03,1.11,10.82,18.65,2469,2
2026-05-18 02:31:56,2.0,10.94,11.56,11.28,1545545,87854,5.7,0,0,0.0,1007,752,78,1.03,1.00,4.96,12.42,2474,7
2026-05-18 02:32:56,0.9,10.06,11.18,11.17,1545545,87862,5.7,0,0,0.0,1007,752,78,1.03,0.93,1.29,8.46,2473,3
2026-05-18 02:33:57,1.0,14.43,12.27,11.54,1545545,87875,5.7,0,0,0.0,1007,752,78,1.03,0.89,8.15,16.04,2472,4
2026-05-18 02:34:57,1.6,12.40,12.08,11.52,1545545,87833,5.7,0,0,0.0,1007,752,78,1.03,0.94,1.25,8.40,2461,4
2026-05-18 02:35:57,3.0,17.04,13.49,12.04,1545545,87851,5.7,0,0,0.0,1007,752,78,1.03,1.00,11.98,19.83,2463,7
2026-05-18 02:36:58,1.6,16.04,13.81,12.24,1545545,87860,5.7,0,0,0.0,1007,752,78,1.03,1.09,6.15,13.21,2470,5
2026-05-18 02:37:58,2.0,18.93,15.06,12.78,1545545,87879,5.7,0,0,0.0,1007,752,78,1.03,1.07,13.20,19.22,2476,3
2026-05-18 02:38:58,1.8,19.75,16.12,13.29,1545545,87885,5.7,0,0,0.0,1007,752,78,1.03,0.98,12.61,18.83,2477,6
2026-05-18 02:39:59,0.9,13.01,14.85,13.03,1545545,87832,5.7,0,0,0.0,1007,752,78,1.03,0.89,2.55,9.46,2474,3
2026-05-18 02:40:59,3.5,15.15,15.02,13.20,1545545,87849,5.7,0,0,0.0,1007,752,78,1.03,1.02,6.98,14.70,2474,5
2026-05-18 02:41:59,3.3,16.74,15.45,13.46,1545545,87860,5.7,0,0,0.0,1007,752,78,1.03,1.16,5.97,13.12,2476,5
2026-05-18 02:43:00,1.3,14.30,14.88,13.38,1545545,87861,5.7,0,0,0.0,1007,752,78,1.03,1.04,2.49,9.63,2484,12
2026-05-18 02:44:00,1.1,13.39,14.41,13.30,1545545,87866,5.7,0,0,0.0,1007,752,78,1.03,0.76,3.12,10.36,2475,2
2026-05-18 02:45:00,1.1,13.10,14.17,13.30,1545545,87841,5.7,0,0,0.0,1007,752,78,1.03,0.96,6.59,13.97,2478,2
2026-05-18 02:46:01,3.9,12.73,13.84,13.24,1545545,87852,5.7,0,0,0.0,1007,752,78,1.03,1.02,8.68,16.62,2479,6
2026-05-18 02:47:01,3.0,12.56,13.64,13.21,1545545,87856,5.7,0,0,0.0,1007,752,78,1.03,0.99,8.06,15.87,2467,9
2026-05-18 02:48:01,1.1,12.58,13.38,13.14,1545545,87856,5.7,0,0,0.0,1007,752,78,1.03,1.07,1.83,9.16,2457,1
2026-05-18 02:49:02,1.0,11.35,12.89,12.98,1545545,87863,5.7,0,0,0.0,1007,752,78,1.03,0.86,1.96,9.22,2460,2
2026-05-18 02:50:02,1.0,11.82,12.74,12.92,1545545,87836,5.7,0,0,0.0,1007,752,78,1.03,0.96,5.99,13.60,2463,4
2026-05-18 02:51:02,1.1,11.57,12.50,12.83,1545545,87829,5.7,0,0,0.0,1007,752,78,1.03,1.02,6.52,14.04,2457,7
2026-05-18 02:52:03,1.1,12.65,12.59,12.83,1545545,87842,5.7,0,0,0.0,1007,752,78,1.03,1.07,4.02,11.24,2461,2
2026-05-18 02:53:03,11.3,10.34,11.95,12.60,1545545,87859,5.7,0,0,0.0,1007,752,78,1.03,1.05,1.03,8.16,2468,10
2026-05-18 02:54:03,2.4,13.69,12.51,12.74,1545545,87865,5.7,0,0,0.0,1007,752,78,1.03,0.86,6.60,14.16,2465,4
2026-05-18 02:55:04,0.9,10.57,11.80,12.48,1545545,87830,5.7,0,0,0.0,1007,752,78,1.03,1.04,0.86,7.99,2465,4
2026-05-18 02:56:04,2.0,11.53,11.79,12.43,1545545,87867,5.7,0,0,0.0,1007,752,78,1.03,0.91,7.40,15.17,2470,4
2026-05-18 02:57:04,1.0,11.42,11.84,12.41,1545545,87853,5.7,0,0,0.0,1007,752,78,1.03,1.22,5.81,13.33,2473,1
2026-05-18 02:58:05,2.1,11.09,11.61,12.29,1545545,87900,5.7,0,0,0.0,1007,752,78,1.12,0.89,5.65,13.19,2473,6
2026-05-18 02:59:05,1.4,10.06,11.21,12.11,1545545,87872,5.7,0,0,0.0,1007,752,78,1.25,1.11,1.44,8.68,2478,4
2026-05-18 03:00:05,2.9,10.83,11.20,12.05,1545545,87861,5.7,0,0,0.0,1007,752,78,1.03,1.02,8.08,15.80,2492,4
2026-05-18 03:01:06,3.0,14.47,12.07,12.29,1545545,87864,5.7,0,0,0.0,1007,752,78,1.03,0.93,4.80,12.29,2487,6
2026-05-18 03:02:06,2.9,14.66,12.55,12.44,1545545,87871,5.7,0,0,0.0,1007,752,78,1.03,1.10,10.73,18.55,2484,6
2026-05-18 03:03:06,1.1,14.00,12.79,12.54,1545545,87862,5.7,0,0,0.0,1007,752,78,1.03,0.98,7.00,14.64,2487,2
2026-05-18 03:04:07,1.0,12.40,12.60,12.49,1545545,87874,5.7,0,0,0.0,1007,752,78,1.03,0.94,4.97,12.35,2491,2
2026-05-18 03:05:07,1.0,12.67,12.60,12.49,1545545,87857,5.7,0,0,0.0,1007,752,78,1.03,1.05,9.04,17.11,2473,10
2026-05-18 03:06:07,1.2,14.42,13.06,12.65,1545545,87862,5.7,0,0,0.0,1007,752,78,1.59,0.92,6.71,14.52,2482,1
2026-05-18 03:07:08,1.1,11.91,12.56,12.50,1545545,87831,5.7,0,0,0.0,1007,752,78,1.03,0.99,3.12,10.50,2462,9
2026-05-18 03:08:08,1.1,10.45,12.00,12.31,1545545,87854,5.7,0,0,0.0,1007,752,78,1.04,0.98,0.94,8.00,2457,3
2026-05-18 03:09:08,1.1,10.07,11.60,12.15,1545545,87874,5.7,0,0,0.0,1007,752,78,1.03,0.99,0.87,8.08,2457,2
2026-05-18 03:10:09,3.0,10.73,11.51,12.08,1545545,87865,5.7,0,0,0.0,1007,752,78,1.03,0.98,7.10,14.93,2457,12
2026-05-18 03:11:09,1.0,11.39,11.60,12.08,1545545,87840,5.7,0,0,0.0,1007,752,78,1.03,0.99,10.73,17.80,2453,2
2026-05-18 03:12:09,3.0,12.36,11.84,12.13,1545545,87867,5.7,0,0,0.0,1007,752,78,1.03,0.98,7.39,14.79,2464,7
2026-05-18 03:13:10,1.5,13.75,12.24,12.24,1545545,87885,5.7,0,0,0.0,1007,752,78,1.03,0.95,10.18,17.39,2477,2
2026-05-18 03:14:10,1.1,10.90,11.71,12.06,1545545,87861,5.7,0,0,0.0,1007,752,78,1.03,0.88,0.88,7.98,2475,1
2026-05-18 03:15:10,0.9,10.12,11.33,11.91,1545545,87834,5.7,0,0,0.0,1007,752,78,1.03,0.95,1.62,8.89,2485,2
2026-05-18 03:16:11,3.1,11.48,11.47,11.91,1545545,87862,5.7,0,0,0.0,1007,752,78,1.03,0.92,7.31,14.94,2479,9
2026-05-18 03:17:11,1.0,11.78,11.61,11.94,1545545,87841,5.7,0,0,0.0,1007,752,78,1.04,1.12,5.14,12.41,2481,5
2026-05-18 03:18:11,1.1,12.16,11.70,11.94,1545545,87864,5.7,0,0,0.0,1007,752,78,1.15,1.02,3.52,10.91,2470,2
2026-05-18 03:19:12,2.4,10.37,11.30,11.79,1545545,87871,5.7,0,0,0.0,1007,752,78,1.03,0.94,1.63,8.76,2454,5
2026-05-18 03:20:12,3.4,12.21,11.68,11.89,1545545,87867,5.7,0,0,0.0,1007,752,78,1.03,0.98,7.39,14.75,2451,7
2026-05-18 03:21:12,3.2,11.59,11.65,11.87,1545545,87869,5.7,0,0,0.0,1007,752,78,1.03,0.95,4.36,11.99,2457,4
2026-05-18 03:22:13,1.5,11.76,11.78,11.91,1545545,87859,5.7,0,0,0.0,1007,752,78,1.03,1.68,3.39,10.80,2462,4
2026-05-18 03:23:13,3.1,12.48,11.97,11.97,1545545,87895,5.7,0,0,0.0,1007,752,78,1.03,1.04,8.73,16.59,2458,7
2026-05-18 03:24:13,1.1,11.88,11.92,11.95,1545545,87884,5.7,0,0,0.0,1007,752,78,1.03,0.92,7.69,15.53,2472,6
2026-05-18 03:25:14,2.1,11.87,11.86,11.93,1545545,87862,5.7,0,0,0.0,1007,752,78,1.03,0.89,9.41,16.46,2464,2
2026-05-18 03:26:14,3.2,10.86,11.59,11.83,1545545,87856,5.7,0,0,0.0,1007,752,78,1.08,0.99,3.79,11.09,2460,6
2026-05-18 03:27:14,1.2,13.48,12.26,12.05,1545545,87865,5.7,0,0,0.0,1007,752,78,1.03,1.24,11.02,18.80,2463,4
2026-05-18 03:28:15,2.6,13.20,12.38,12.10,1545545,87915,5.7,0,0,0.0,1007,752,78,1.03,0.94,10.52,17.12,2468,2
2026-05-18 03:29:15,1.1,10.76,11.82,11.92,1545545,87868,5.7,0,0,0.0,1007,752,78,1.03,1.09,1.27,8.36,2474,6
2026-05-18 03:30:15,1.1,11.08,11.69,11.87,1545545,87842,5.7,0,0,0.0,1007,752,78,1.03,0.94,3.46,10.90,2480,1
2026-05-18 03:31:16,3.1,11.84,11.88,11.93,1545545,87870,5.7,0,0,0.0,1007,752,78,1.03,0.88,6.65,14.26,2481,8
2026-05-18 03:32:16,1.0,10.48,11.47,11.79,1545545,87855,5.7,0,0,0.0,1007,752,78,1.03,1.13,4.10,11.41,2464,5
2026-05-18 03:33:16,1.1,10.10,11.20,11.67,1545545,87860,5.7,0,0,0.0,1007,752,78,1.03,0.97,3.61,11.00,2476,4
2026-05-18 03:34:17,1.1,10.18,11.05,11.59,1545545,87871,5.7,0,0,0.0,1007,752,78,1.03,0.91,5.27,12.82,2473,5
2026-05-18 03:35:17,3.3,11.85,11.43,11.69,1545545,87860,5.7,0,0,0.0,1007,752,78,1.03,3.04,7.73,15.25,2467,5
2026-05-18 03:36:17,1.4,11.15,11.27,11.62,1545545,87865,5.7,0,0,0.0,1007,752,78,1.03,1.16,8.18,15.39,2476,5
2026-05-18 03:37:18,1.4,10.50,11.03,11.51,1545545,87850,5.7,0,0,0.0,1007,752,78,1.03,1.07,4.88,12.41,2474,5
2026-05-18 03:38:18,1.1,14.72,12.36,11.95,1545545,87871,5.7,0,0,0.0,1007,752,78,1.03,1.17,2.21,9.47,2468,1
2026-05-18 03:39:18,1.3,11.72,11.94,11.83,1545545,87846,5.7,0,0,0.0,1007,752,78,1.03,0.93,3.09,10.49,2466,4
2026-05-18 03:40:19,3.3,10.40,11.53,11.70,1545545,87855,5.7,0,0,0.0,1007,752,78,1.03,0.91,1.78,8.97,2457,18
2026-05-18 03:41:19,1.1,11.55,11.74,11.76,1545545,87840,5.7,0,0,0.0,1007,752,78,2.07,0.93,8.92,16.72,2464,1
2026-05-18 03:42:19,1.1,11.00,11.58,11.71,1545545,87855,5.7,0,0,0.0,1007,752,78,1.13,1.07,7.09,14.91,2463,3
2026-05-18 03:43:20,3.5,9.82,11.15,11.55,1545545,87905,5.7,0,0,0.0,1007,752,78,1.03,0.95,3.80,11.08,2481,6
2026-05-18 03:44:20,3.1,11.50,11.47,11.64,1545545,87884,5.7,0,0,0.0,1007,752,78,1.16,0.93,7.92,15.67,2483,5
2026-05-18 03:45:20,4.6,11.54,11.47,11.63,1545545,87868,5.7,0,0,0.0,1007,752,78,1.09,0.93,7.26,15.03,2474,4
2026-05-18 03:46:21,2.5,10.34,11.18,11.52,1545545,87850,5.7,0,0,0.0,1007,752,78,1.03,0.95,2.48,9.76,2449,6
2026-05-18 03:47:21,3.0,10.56,11.04,11.45,1545545,87881,5.7,0,0,0.0,1007,752,78,1.09,1.07,5.53,13.07,2458,7
2026-05-18 03:48:21,1.0,11.58,11.35,11.53,1545545,87873,5.7,0,0,0.0,1007,752,78,1.03,0.93,11.12,18.96,2450,2
2026-05-18 03:49:22,0.9,10.86,11.24,11.49,1545545,87853,5.7,0,0,0.0,1007,752,78,1.09,0.97,5.82,13.50,2459,4
2026-05-18 03:50:22,1.1,10.81,11.18,11.45,1545545,87858,5.7,0,0,0.0,1007,752,78,1.03,1.00,8.51,15.18,2467,1
2026-05-18 03:51:22,1.1,10.95,11.13,11.42,1545545,87860,5.7,0,0,0.0,1007,752,78,1.03,0.99,6.95,14.54,2474,4
2026-05-18 03:52:23,3.0,13.84,11.95,11.68,1545545,87867,5.7,0,0,0.0,1007,752,78,1.03,0.93,8.18,15.77,2469,8
2026-05-18 03:53:23,1.9,11.15,11.54,11.56,1545545,87886,5.7,0,0,0.0,1007,752,78,1.68,0.88,3.96,11.23,2463,3
2026-05-18 03:54:23,8.6,12.03,11.61,11.58,1545545,87891,5.7,0,0,0.0,1007,752,78,1.19,1.00,4.76,12.28,2455,17
2026-05-18 03:55:24,1.6,14.65,12.39,11.84,1545545,87854,5.7,0,0,0.0,1007,752,78,1.23,0.95,12.94,19.75,2458,2
2026-05-18 03:56:24,1.0,11.83,12.00,11.74,1545545,87861,5.7,0,0,0.0,1007,752,78,1.03,0.93,6.13,13.54,2463,3
2026-05-18 03:57:24,1.1,10.75,11.68,11.65,1545545,87863,5.7,0,0,0.0,1007,752,78,1.03,1.13,7.72,14.44,2455,2
2026-05-18 03:58:25,1.0,10.32,11.42,11.56,1545545,87869,5.7,0,0,0.0,1007,752,78,1.04,0.95,4.20,11.65,2474,4
2026-05-18 03:59:25,1.3,11.20,11.49,11.58,1545545,87858,5.7,0,0,0.0,1007,752,78,1.03,0.95,6.84,14.42,2480,2
2026-05-18 04:00:25,1.1,11.32,11.56,11.60,1545545,87878,5.7,0,0,0.0,1007,752,78,1.03,0.90,9.51,16.67,2478,3
2026-05-18 04:01:26,1.2,11.21,11.51,11.58,1545545,87860,5.7,0,0,0.0,1007,752,78,1.03,3.46,5.37,12.99,2471,2
2026-05-18 04:02:26,1.0,12.84,11.88,11.70,1545545,87851,5.7,0,0,0.0,1007,752,78,1.03,1.05,6.04,13.58,2477,5
2026-05-18 04:03:26,1.5,13.67,12.24,11.83,1545545,87882,5.7,0,0,0.0,1007,752,78,1.03,0.82,9.53,16.54,2477,3
2026-05-18 04:04:27,1.2,10.90,11.72,11.68,1545545,87841,5.7,0,0,0.0,1007,752,78,1.03,1.08,2.08,9.23,2474,5
2026-05-18 04:05:27,1.1,9.59,11.19,11.50,1545545,87856,5.7,0,0,0.0,1007,752,78,1.03,0.93,2.35,9.60,2470,2
2026-05-18 04:06:27,3.2,11.28,11.29,11.51,1545545,87883,5.7,0,0,0.0,1007,752,78,1.03,1.09,6.44,14.05,2474,6
2026-05-18 04:07:28,1.1,11.92,11.62,11.62,1545545,87886,5.7,0,0,0.0,1007,752,78,1.07,0.88,1.82,9.16,2476,4
2026-05-18 04:08:28,2.7,11.78,11.53,11.58,1545545,87910,5.7,0,0,0.0,1007,752,78,1.03,0.93,6.01,13.70,2471,5
2026-05-18 04:09:28,3.6,13.47,12.07,11.76,1545545,87884,5.7,0,0,0.0,1007,752,78,1.03,1.00,11.61,18.92,2468,6
2026-05-18 04:10:29,1.7,11.53,11.77,11.68,1545545,87871,5.7,0,0,0.0,1007,752,78,2.13,0.95,6.11,13.72,2469,1
2026-05-18 04:11:29,1.4,10.70,11.48,11.58,1545545,87887,5.7,0,0,0.0,1007,752,78,1.03,0.98,4.33,11.73,2461,4
2026-05-18 04:12:29,3.3,10.91,11.38,11.54,1545545,87914,5.7,0,0,0.0,1007,752,78,1.03,1.05,7.54,15.12,2457,12
2026-05-18 04:13:30,1.7,10.24,11.13,11.45,1545545,87898,5.7,0,0,0.0,1007,752,78,1.03,0.90,6.52,13.67,2460,2
2026-05-18 04:14:30,3.2,11.00,11.10,11.41,1545545,87899,5.7,0,0,0.0,1007,752,78,1.09,1.00,3.63,10.71,2473,9
2026-05-18 04:15:30,1.4,10.79,11.04,11.37,1545545,87883,5.7,0,0,0.0,1007,752,78,1.08,0.94,7.49,14.88,2467,2
2026-05-18 04:16:31,1.3,10.07,10.80,11.27,1545545,87888,5.7,0,0,0.0,1007,752,78,1.03,0.92,3.84,11.22,2468,2
2026-05-18 04:17:31,0.9,10.97,10.98,11.30,1545545,87899,5.7,0,0,0.0,1007,752,78,1.03,1.10,6.27,13.18,2466,6
2026-05-18 04:18:31,1.1,11.27,11.01,11.29,1545545,87935,5.7,0,0,0.0,1007,752,78,1.03,0.94,4.88,12.57,2478,2
2026-05-18 04:19:32,0.9,13.07,11.65,11.50,1545545,87899,5.7,0,0,0.0,1007,752,78,1.03,0.95,3.16,10.41,2483,2
2026-05-18 04:20:32,3.0,16.73,12.82,11.90,1545545,87900,5.7,0,0,0.0,1007,752,78,1.03,0.96,6.98,14.70,2496,7
2026-05-18 04:21:32,1.4,14.35,12.89,11.99,1545545,87875,5.7,0,0,0.0,1007,752,78,1.04,0.88,7.25,15.13,2503,5
2026-05-18 04:22:33,1.1,15.30,13.43,12.23,1545545,87907,5.7,0,0,0.0,1007,752,78,1.14,1.09,4.91,12.43,2506,3
2026-05-18 04:23:33,1.4,14.92,13.59,12.36,1545545,87912,5.7,0,0,0.0,1007,752,78,1.09,1.20,2.50,9.88,2492,2
2026-05-18 04:24:33,1.7,15.11,13.97,12.57,1545545,87882,5.7,0,0,0.0,1007,752,78,1.03,0.91,4.99,12.55,2492,4
2026-05-18 04:25:34,1.3,14.92,14.12,12.71,1545545,87907,5.7,0,0,0.0,1007,752,78,1.03,1.02,3.50,10.78,2492,1
2026-05-18 04:26:34,1.2,15.11,14.43,12.91,1545545,87879,5.7,0,0,0.0,1007,752,78,1.25,0.78,5.49,12.71,2477,1
2026-05-18 04:27:34,1.1,13.91,14.28,12.96,1545545,87907,5.7,0,0,0.0,1007,752,78,1.15,1.12,6.97,14.37,2478,1
2026-05-18 04:28:35,3.1,16.86,15.00,13.28,1545545,87957,5.7,0,0,0.0,1007,752,78,1.21,1.15,9.96,17.36,2474,7
2026-05-18 04:29:35,3.4,15.47,14.97,13.38,1545545,87895,5.7,0,0,0.0,1007,752,78,1.13,0.92,7.04,14.30,2462,5
2026-05-18 04:30:35,1.1,13.03,14.40,13.29,1545545,87906,5.7,0,0,0.0,1007,752,78,1.03,0.90,6.72,14.44,2468,5
2026-05-18 04:31:36,1.3,11.25,13.69,13.12,1545545,87885,5.7,0,0,0.0,1007,752,78,1.13,0.94,2.37,9.58,2463,6
2026-05-18 04:32:36,1.1,11.47,13.31,13.02,1545545,87906,5.7,0,0,0.0,1007,752,78,1.48,1.09,4.94,12.43,2472,2
2026-05-18 04:33:36,1.0,11.78,13.07,12.95,1545545,87910,5.7,0,0,0.0,1007,752,78,1.37,0.92,7.11,14.92,2482,8
2026-05-18 04:34:37,1.1,11.34,12.63,12.81,1545545,87884,5.7,0,0,0.0,1007,752,78,1.11,0.88,4.08,11.48,2486,7
2026-05-18 04:35:37,3.2,11.36,12.35,12.69,1545545,87902,5.7,0,0,0.0,1007,752,78,1.03,0.94,5.48,13.06,2471,6
2026-05-18 04:36:37,3.6,12.88,12.47,12.70,1545545,87897,5.7,0,0,0.0,1007,752,78,1.03,1.02,7.21,14.99,2473,8
2026-05-18 04:37:38,1.0,12.85,12.53,12.71,1545545,87899,5.7,0,0,0.0,1007,752,78,1.03,0.90,11.81,19.07,2474,1
2026-05-18 04:38:38,3.0,12.41,12.35,12.64,1545545,87917,5.7,0,0,0.0,1007,752,78,1.03,0.97,4.03,11.51,2464,4
2026-05-18 04:39:38,4.7,10.54,11.83,12.44,1545545,87871,5.7,0,0,0.0,1007,752,78,1.03,1.11,3.16,10.55,2454,6
2026-05-18 04:40:39,3.1,15.49,12.86,12.74,1545545,87887,5.7,0,0,0.0,1007,752,78,1.03,0.95,4.98,12.26,2467,5
2026-05-18 04:41:39,1.0,13.30,12.67,12.68,1545545,87870,5.7,0,0,0.0,1007,752,78,1.04,0.83,4.29,11.65,2462,3
2026-05-18 04:42:39,1.1,11.35,12.23,12.53,1545545,87887,5.7,0,0,0.0,1007,752,78,1.03,1.01,4.32,11.62,2462,4
2026-05-18 04:43:40,1.8,10.62,11.91,12.40,1545545,87893,5.7,0,0,0.0,1007,752,78,1.03,0.99,3.76,11.24,2467,5
2026-05-18 04:44:40,3.1,12.20,12.08,12.42,1545545,87903,5.7,0,0,0.0,1007,752,78,1.03,1.05,9.77,17.40,2462,8
2026-05-18 04:45:40,3.1,13.43,12.52,12.56,1545545,87885,5.7,0,0,0.0,1007,752,78,1.03,1.05,12.60,19.83,2455,10
2026-05-18 04:46:41,4.6,13.94,12.76,12.63,1545545,87902,5.7,0,0,0.0,1007,752,78,1.08,1.10,12.44,19.43,2471,9
2026-05-18 04:47:41,1.0,11.51,12.28,12.48,1545545,87895,5.7,0,0,0.0,1007,752,78,1.16,1.13,1.71,8.89,2469,2
2026-05-18 04:48:41,1.0,10.72,11.93,12.34,1545545,87902,5.7,0,0,0.0,1007,752,78,1.03,1.04,3.05,10.52,2456,1
2026-05-18 04:49:42,1.2,10.54,11.67,12.23,1545545,87874,5.7,0,0,0.0,1007,752,78,1.03,0.86,3.10,10.41,2464,2
2026-05-18 04:50:42,1.2,10.33,11.40,12.10,1545545,87875,5.7,0,0,0.0,1007,752,78,1.77,1.04,3.56,10.82,2476,1
2026-05-18 04:51:42,3.4,14.74,12.35,12.37,1545545,87894,5.7,0,0,0.0,1007,752,78,1.43,1.02,9.20,17.01,2461,4
2026-05-18 04:52:43,2.8,11.65,11.89,12.21,1545545,87916,5.7,0,0,0.0,1007,752,78,1.09,0.93,3.35,10.69,2471,4
2026-05-18 04:53:43,3.0,11.69,11.80,12.15,1545545,87930,5.7,0,0,0.0,1007,752,78,1.14,0.91,5.77,13.42,2477,10
2026-05-18 04:54:43,1.3,12.24,11.99,12.20,1545545,87877,5.7,0,0,0.0,1007,752,78,1.03,0.92,11.07,18.28,2479,1
2026-05-18 04:55:44,3.0,11.16,11.81,12.13,1545545,87891,5.7,0,0,0.0,1007,752,78,1.08,0.91,2.91,10.18,2485,9
2026-05-18 04:56:44,1.1,13.70,12.49,12.35,1545545,87893,5.7,0,0,0.0,1007,752,78,1.71,1.04,6.29,13.52,2478,1
2026-05-18 04:57:44,1.2,12.61,12.40,12.32,1545545,87900,5.7,0,0,0.0,1007,752,78,1.18,1.04,8.42,15.34,2475,1
2026-05-18 04:58:45,1.3,12.51,12.42,12.34,1545545,87927,5.7,0,0,0.0,1007,752,78,1.10,0.99,7.07,14.83,2485,2
2026-05-18 04:59:45,1.4,10.57,11.90,12.16,1545545,87880,5.7,0,0,0.0,1007,752,78,1.10,0.87,1.97,9.17,2477,3
2026-05-18 05:00:45,3.2,11.08,11.78,12.10,1545545,87903,5.7,0,0,0.0,1007,752,78,1.03,1.06,5.44,13.07,2467,6
2026-05-18 05:01:46,1.0,10.82,11.58,12.01,1545545,87876,5.7,0,0,0.0,1007,752,78,1.03,1.11,3.34,10.69,2458,2
2026-05-18 05:02:46,1.9,12.00,11.69,12.02,1545545,87911,5.7,0,0,0.0,1007,752,78,1.03,1.07,4.53,12.11,2474,2
2026-05-18 05:03:46,3.2,10.49,11.28,11.85,1545545,87915,5.7,0,0,0.0,1007,752,78,1.03,0.84,1.68,8.97,2466,6
2026-05-18 05:04:47,0.9,10.73,11.24,11.80,1545545,87868,5.7,0,0,0.0,1007,752,78,1.13,0.96,9.70,16.48,2450,6
2026-05-18 05:05:47,0.9,10.54,11.08,11.71,1545545,87874,5.7,0,0,0.0,1007,752,78,1.03,0.98,3.15,10.42,2470,3
2026-05-18 05:06:47,1.0,10.70,11.07,11.67,1545545,87869,5.7,0,0,0.0,1007,752,78,1.03,1.04,3.44,11.03,2466,1
2026-05-18 05:07:48,1.1,9.93,10.78,11.53,1545545,87886,5.7,0,0,0.0,1007,752,78,1.17,1.10,2.44,9.76,2449,5
2026-05-18 05:08:48,1.2,13.63,11.68,11.80,1545545,87903,5.7,0,0,0.0,1007,752,78,1.03,1.07,10.13,18.13,2468,1
2026-05-18 05:09:48,3.1,12.57,11.70,11.79,1545545,87882,5.7,0,0,0.0,1007,752,78,1.03,0.93,8.44,15.21,2463,4
2026-05-18 05:10:49,3.0,15.36,12.55,12.07,1545545,87878,5.7,0,0,0.0,1007,752,78,1.04,0.96,12.47,20.20,2453,5
2026-05-18 05:11:49,1.3,12.65,12.36,12.04,1545545,87897,5.7,0,0,0.0,1007,752,78,1.30,0.97,5.12,12.58,2461,5
2026-05-18 05:12:49,1.1,11.83,12.16,11.99,1545545,87888,5.7,0,0,0.0,1007,752,78,1.29,0.96,2.75,10.10,2472,3
2026-05-18 05:13:50,3.3,11.75,12.04,11.96,1545545,87940,5.7,0,0,0.0,1007,752,78,1.14,1.05,5.66,13.29,2462,5
2026-05-18 05:14:50,1.3,11.96,12.07,11.97,1545545,87877,5.7,0,0,0.0,1007,752,78,1.17,0.92,1.76,8.94,2473,1
2026-05-18 05:15:50,1.1,10.61,11.70,11.86,1545545,87881,5.7,0,0,0.0,1007,752,78,1.17,0.99,4.61,12.12,2469,9
2026-05-18 05:16:51,1.1,11.74,11.86,11.90,1545545,87873,5.7,0,0,0.0,1007,752,78,1.11,1.05,5.64,13.23,2479,1
2026-05-18 05:17:51,2.8,11.60,11.75,11.86,1545545,87916,5.7,0,0,0.0,1007,752,78,1.25,0.88,7.93,15.79,2484,8
2026-05-18 05:18:51,3.3,11.30,11.59,11.79,1545545,87914,5.7,0,0,0.0,1007,752,78,1.51,1.01,7.77,15.46,2471,4
2026-05-18 05:19:52,1.0,10.13,11.19,11.64,1545545,87875,5.7,0,0,0.0,1007,752,78,1.33,1.00,3.76,11.11,2458,6
2026-05-18 05:20:52,1.0,9.92,10.97,11.54,1545545,87862,5.7,0,0,0.0,1007,752,78,1.52,0.97,1.70,8.79,2453,2
2026-05-18 05:21:52,1.0,10.56,10.98,11.51,1545545,87876,5.7,0,0,0.0,1007,752,78,1.20,0.99,4.52,12.24,2454,5
2026-05-18 05:22:53,3.0,14.95,12.35,11.96,1545545,87914,5.7,0,0,0.0,1007,752,78,1.21,1.20,6.04,13.56,2445,6
2026-05-18 05:23:53,1.2,12.18,12.02,11.86,1545545,87906,5.7,0,0,0.0,1007,752,78,1.05,1.01,7.98,15.03,2450,1
2026-05-18 05:24:53,1.1,12.38,12.17,11.93,1545545,87884,5.7,0,0,0.0,1007,752,78,1.88,1.02,6.54,14.35,2460,7
2026-05-18 05:25:54,3.0,11.73,12.04,11.90,1545545,87897,5.7,0,0,0.0,1007,752,78,1.35,0.83,3.74,11.01,2446,4
2026-05-18 05:26:54,3.1,14.85,12.83,12.18,1545545,87882,5.7,0,0,0.0,1007,752,78,1.07,1.08,12.30,18.66,2442,9
2026-05-18 05:27:54,2.9,13.02,12.60,12.14,1545545,87908,5.7,0,0,0.0,1007,752,78,1.12,0.98,10.61,17.71,2457,5
2026-05-18 05:28:55,1.1,13.83,12.79,12.22,1545545,87913,5.7,0,0,0.0,1007,752,78,1.03,1.00,5.29,12.40,2461,5
2026-05-18 05:29:55,1.9,13.57,12.89,12.29,1545545,87882,5.7,0,0,0.0,1007,752,78,1.14,1.04,10.77,18.73,2462,3
2026-05-18 05:30:55,1.4,10.73,12.19,12.08,1545545,87891,5.7,0,0,0.0,1007,752,78,1.12,1.09,1.60,8.81,2473,8
2026-05-18 05:31:56,3.3,11.78,12.12,12.06,1545545,87900,5.7,0,0,0.0,1007,752,78,1.28,0.93,4.10,11.53,2471,6
2026-05-18 05:32:56,3.2,12.12,12.08,12.05,1545545,87919,5.7,0,0,0.0,1007,752,78,1.15,1.04,7.95,15.04,2470,6
2026-05-18 05:33:56,3.1,11.35,11.89,11.98,1545545,87905,5.7,0,0,0.0,1007,752,78,1.27,0.88,6.67,14.46,2472,5
2026-05-18 05:34:57,0.9,12.65,12.25,12.11,1545545,87870,5.7,0,0,0.0,1007,752,78,1.30,0.98,9.38,17.37,2476,1
2026-05-18 05:35:57,1.0,10.19,11.61,11.89,1545545,87862,5.7,0,0,0.0,1007,752,78,1.28,0.89,1.12,8.17,2482,3
2026-05-18 05:36:57,1.1,10.61,11.54,11.86,1545545,87873,5.7,0,0,0.0,1007,752,78,1.18,1.16,5.99,13.78,2478,2
2026-05-18 05:37:58,2.2,10.73,11.40,11.79,1545545,87892,5.7,0,0,0.0,1007,752,78,1.17,0.97,5.26,12.91,2469,2
2026-05-18 05:38:58,3.6,10.91,11.29,11.72,1545545,87914,5.7,0,0,0.0,1007,752,78,1.39,0.96,3.53,10.95,2461,33
2026-05-18 05:39:58,1.0,12.46,11.80,11.88,1545545,87865,5.7,0,0,0.0,1007,752,78,1.03,0.89,11.42,18.90,2462,1
2026-05-18 05:40:59,2.9,12.54,11.87,11.89,1545545,87877,5.7,0,0,0.0,1007,752,78,1.14,1.00,10.33,17.91,2462,6
2026-05-18 05:41:59,3.0,13.49,12.20,12.00,1545545,87870,5.7,0,0,0.0,1007,752,78,1.19,1.11,10.24,17.96,2457,18
2026-05-18 05:42:59,1.0,11.18,11.79,11.88,1545545,87869,5.7,0,0,0.0,1007,752,78,1.03,0.87,5.59,13.16,2449,1
2026-05-18 05:44:00,3.7,10.83,11.57,11.79,1545545,87908,5.7,0,0,0.0,1007,752,78,1.09,0.98,6.47,14.14,2461,4
2026-05-18 05:45:00,1.1,10.85,11.57,11.79,1545545,87866,5.7,0,0,0.0,1007,752,78,1.90,0.90,2.99,10.32,2464,2
2026-05-18 05:46:00,1.1,9.65,11.07,11.60,1545545,87862,5.7,0,0,0.0,1007,752,78,1.09,0.92,0.89,8.02,2453,1
2026-05-18 05:47:01,3.0,12.28,11.45,11.69,1545545,87882,5.7,0,0,0.0,1007,752,78,1.07,1.12,7.75,15.49,2464,5
2026-05-18 05:48:01,1.0,11.06,11.27,11.61,1545545,87889,5.7,0,0,0.0,1007,752,78,1.09,1.11,6.43,13.42,2470,6
2026-05-18 05:49:01,1.1,10.40,11.05,11.52,1545545,87895,5.7,0,0,0.0,1007,752,78,1.03,0.90,3.11,10.41,2469,3
2026-05-18 05:50:02,1.2,12.78,11.61,11.68,1545545,87868,5.7,0,0,0.0,1007,752,78,1.03,0.96,3.39,10.89,2469,3
2026-05-18 05:51:02,3.3,12.06,11.61,11.67,1545545,87871,5.7,0,0,0.0,1007,752,78,1.03,0.96,7.64,14.99,2466,5
2026-05-18 05:52:02,0.9,12.93,12.00,11.81,1545545,87884,5.7,0,0,0.0,1007,752,78,1.03,1.01,8.07,15.71,2462,4
2026-05-18 05:53:03,1.2,11.76,11.80,11.74,1545545,87885,5.7,0,0,0.0,1007,752,78,1.03,1.05,6.18,14.06,2462,2
2026-05-18 05:54:03,1.0,10.40,11.43,11.62,1545545,87882,5.7,0,0,0.0,1007,752,78,1.19,0.97,0.89,7.99,2465,5
2026-05-18 05:55:03,1.7,11.06,11.39,11.59,1545545,87873,5.7,0,0,0.0,1007,752,78,1.23,0.88,7.96,14.74,2460,9
2026-05-18 05:56:03,0.9,11.62,11.53,11.63,1545545,87872,5.7,0,0,0.0,1007,752,78,1.03,1.01,3.18,10.60,2461,1
2026-05-18 05:57:04,3.1,11.50,11.47,11.60,1545545,87889,5.7,0,0,0.0,1007,752,78,1.03,1.09,8.71,16.46,2456,13
2026-05-18 05:58:04,2.1,12.41,11.80,11.71,1545545,87909,5.7,0,0,0.0,1007,752,78,1.10,1.08,8.92,15.97,2451,3
2026-05-18 05:59:04,1.0,11.07,11.55,11.63,1545545,87890,5.7,0,0,0.0,1007,752,78,1.13,1.02,3.07,10.46,2460,3
2026-05-18 06:00:05,5.2,14.66,12.10,11.79,1545545,68615,4.4,0,0,0.0,1007,752,78,4.32,0.98,1.25,7.97,2435,19
2026-05-18 06:01:05,0.5,10.73,11.47,11.60,1545545,13898,0.9,0,0,0.0,1007,752,78,1.37,9.80,1.18,2.04,2353,1
2026-05-18 06:02:05,0.5,9.21,10.89,11.39,1545545,13998,0.9,0,0,0.0,1007,752,78,1.78,2.60,0.42,1.91,2342,1
2026-05-18 06:03:06,0.4,8.59,10.40,11.19,1545545,14031,0.9,0,0,0.0,1007,752,78,1.15,2.06,0.58,3.67,2336,1
2026-05-18 06:04:06,0.4,8.64,10.10,11.03,1545545,14013,0.9,0,0,0.0,1007,752,78,1.29,0.89,0.40,1.78,2303,1
2026-05-18 06:05:06,0.4,11.06,10.93,11.28,1545545,13986,0.9,0,0,0.0,1007,752,78,1.43,0.78,0.40,1.77,2245,1
2026-05-18 06:06:07,0.4,9.20,10.41,11.08,1545545,13971,0.9,0,0,0.0,1007,752,78,1.15,0.77,0.31,1.65,2261,2
2026-05-18 06:07:07,0.4,8.96,10.14,10.95,1545545,13992,0.9,0,0,0.0,1007,752,78,1.51,0.83,0.39,1.99,2273,1
