timestamp,cpu_percent,load_1m,load_5m,load_15m,mem_total_mb,mem_used_mb,mem_percent,swap_total_mb,swap_used_mb,swap_percent,disk_total_gb,disk_used_gb,disk_percent,disk_read_mb,disk_write_mb,net_rx_mb,net_tx_mb,procs_total,procs_running
2026-05-16 04:06:34,1.6,10.51,11.54,11.97,2058587,101455,4.9,0,0,0.0,69,51,79,0.00,6.24,6.29,94.32,2512,6
2026-05-16 04:07:34,1.6,10.12,11.22,11.83,2058587,101429,4.9,0,0,0.0,69,51,79,0.00,2.91,6.06,93.28,2510,3
2026-05-16 04:08:35,1.5,9.59,10.91,11.68,2058587,101432,4.9,0,0,0.0,69,51,79,0.00,2.89,6.25,93.57,2493,4
2026-05-16 04:09:35,1.4,10.10,10.82,11.60,2058587,101387,4.9,0,0,0.0,69,51,79,0.00,2.83,6.00,93.25,2486,4
2026-05-16 04:10:35,8.9,9.90,10.61,11.48,2058587,101404,4.9,0,0,0.0,69,51,79,0.00,3.00,6.04,93.30,2479,4
2026-05-16 04:11:36,1.6,9.85,10.48,11.38,2058587,101287,4.9,0,0,0.0,69,51,79,0.00,3.41,6.26,93.54,2479,2
2026-05-16 04:12:36,1.7,9.77,10.33,11.27,2058587,101309,4.9,0,0,0.0,69,51,79,0.00,2.93,6.05,93.26,2485,3
2026-05-16 04:13:36,2.5,9.84,10.27,11.19,2058587,101278,4.9,0,0,0.0,69,51,79,0.00,3.02,6.12,100.15,2494,4
2026-05-16 04:14:37,1.6,18.07,12.56,11.91,2058587,101301,4.9,0,0,0.0,69,51,79,0.00,3.06,6.17,93.42,2498,6
2026-05-16 04:15:37,1.5,12.77,12.05,11.78,2058587,101302,4.9,0,0,0.0,69,51,79,0.00,3.08,6.03,93.33,2498,1
2026-05-16 04:16:37,2.6,11.39,11.73,11.68,2058587,58334,2.8,0,0,0.0,69,51,79,0.00,23.64,-29.40,16.86,2466,2
2026-05-16 04:17:38,1.1,10.05,11.32,11.54,2058587,30763,1.5,0,0,0.0,69,51,79,0.00,75.48,24.57,139.62,2465,3
2026-05-16 04:18:38,1.1,10.00,11.06,11.44,2058587,36977,1.8,0,0,0.0,69,51,79,0.00,16.02,6.08,88.31,2462,2
2026-05-16 04:19:39,1.6,10.41,11.00,11.39,2058587,43924,2.1,0,0,0.0,69,51,79,0.00,6.20,5.98,88.29,2454,3
2026-05-16 04:20:39,5.7,13.89,11.76,11.62,2058587,51161,2.5,0,0,0.0,69,51,79,0.00,10.09,6.52,88.97,2464,13
2026-05-16 04:21:39,5.3,15.49,12.60,11.92,2058587,51461,2.5,0,0,0.0,69,51,79,0.00,3.16,5.98,88.32,2453,9
2026-05-16 04:22:40,5.5,28.56,17.29,13.60,2058587,98074,4.8,0,0,0.0,69,51,79,0.00,406.75,5.97,88.28,2477,11
2026-05-16 04:23:40,6.9,21.66,17.39,13.87,2058587,100395,4.9,0,0,0.0,69,51,79,0.00,315.71,6.29,88.67,2494,16
2026-05-16 04:24:40,1.6,15.21,16.29,13.71,2058587,101385,4.9,0,0,0.0,69,51,79,0.00,7.05,6.40,99.37,2498,7
2026-05-16 04:25:41,1.5,11.97,15.16,13.48,2058587,101366,4.9,0,0,0.0,69,51,79,0.00,3.04,6.08,93.36,2504,2
2026-05-16 04:26:41,1.4,10.43,14.14,13.23,2058587,101354,4.9,0,0,0.0,69,51,79,0.00,2.98,6.19,93.79,2507,3
2026-05-16 04:27:41,2.0,10.27,13.50,13.07,2058587,31692,1.5,0,0,0.0,69,51,79,0.00,110.60,15.18,144.42,2484,3
2026-05-16 04:28:42,1.1,9.69,12.72,12.83,2058587,37931,1.8,0,0,0.0,69,51,79,0.00,13.89,7.13,89.16,2471,3
2026-05-16 04:29:42,1.3,9.58,12.13,12.62,2058587,45123,2.2,0,0,0.0,69,51,79,0.00,6.16,7.38,89.07,2472,2
2026-05-16 04:30:43,5.2,13.41,12.69,12.78,2058587,49844,2.4,0,0,0.0,69,51,79,0.00,7.92,7.53,88.99,2478,11
2026-05-16 04:31:43,5.0,15.53,13.45,13.03,2058587,57687,2.8,0,0,0.0,69,51,79,0.00,4.70,7.86,41.94,2478,15
2026-05-16 04:32:43,3.0,30.75,19.42,15.19,2058587,96612,4.7,0,0,0.0,69,51,79,0.00,493.82,8.48,8.63,2464,4
2026-05-16 04:33:44,1.5,21.09,18.81,15.25,2058587,99607,4.8,0,0,0.0,69,51,79,0.00,258.42,8.47,8.56,2482,3
2026-05-16 04:34:44,1.6,22.58,19.12,15.55,2058587,99561,4.8,0,0,0.0,69,51,79,0.00,2.69,8.50,8.46,2487,7
2026-05-16 04:35:44,2.6,14.62,17.46,15.20,2058587,99630,4.8,0,0,0.0,69,51,79,0.00,3.11,8.43,22.13,2500,2
2026-05-16 04:36:45,1.5,11.72,16.11,14.88,2058587,99637,4.8,0,0,0.0,69,51,79,0.00,3.09,7.10,88.64,2511,4
2026-05-16 04:37:45,1.8,10.88,15.08,14.60,2058587,99636,4.8,0,0,0.0,69,51,79,0.00,2.63,7.13,88.76,2506,2
2026-05-16 04:38:45,1.5,10.40,14.13,14.30,2058587,99610,4.8,0,0,0.0,69,51,79,0.00,2.86,7.27,88.87,2484,2
2026-05-16 04:39:46,1.2,10.06,13.36,14.02,2058587,99629,4.8,0,0,0.0,69,51,79,0.00,3.21,7.13,88.70,2479,2
2026-05-16 04:40:46,1.3,9.79,12.67,13.74,2058587,99673,4.8,0,0,0.0,69,51,79,0.00,3.04,7.24,88.73,2480,3
2026-05-16 04:41:46,2.7,12.05,12.76,13.70,2058587,99699,4.8,0,0,0.0,69,51,79,0.00,3.48,10.91,99.60,2496,3
2026-05-16 04:42:47,3.5,11.81,12.52,13.56,2058587,99703,4.8,0,0,0.0,69,51,79,0.00,3.73,11.67,93.74,2501,7
2026-05-16 04:43:47,2.6,12.23,12.46,13.47,2058587,99741,4.8,0,0,0.0,69,51,79,0.00,56.21,14.46,96.50,2508,2
2026-05-16 04:44:48,3.3,12.27,12.40,13.38,2058587,99719,4.8,0,0,0.0,69,51,79,0.00,4.30,14.67,96.75,2507,7
2026-05-16 04:45:48,1.7,10.78,11.96,13.16,2058587,99675,4.8,0,0,0.0,69,51,79,0.00,3.02,9.15,84.06,2499,4
2026-05-16 04:46:48,1.4,10.35,11.61,12.97,2058587,99604,4.8,0,0,0.0,69,51,79,0.00,3.11,8.60,8.74,2493,2
2026-05-16 04:47:49,3.4,11.21,11.60,12.88,2058587,99696,4.8,0,0,0.0,69,51,79,0.00,3.06,11.05,38.48,2480,8
2026-05-16 04:48:49,4.8,13.10,12.08,12.96,2058587,99733,4.8,0,0,0.0,69,51,79,0.00,3.81,14.40,96.49,2470,3
2026-05-16 04:49:49,1.4,11.01,11.68,12.77,2058587,99674,4.8,0,0,0.0,69,51,79,0.00,3.93,13.17,94.85,2481,2
2026-05-16 04:50:50,1.4,10.74,11.45,12.62,2058587,99689,4.8,0,0,0.0,69,51,79,0.00,3.37,11.32,93.00,2485,1
2026-05-16 04:51:50,2.2,10.30,11.19,12.45,2058587,99716,4.8,0,0,0.0,69,51,79,0.00,3.43,9.41,91.07,2485,7
2026-05-16 04:52:50,1.8,11.09,11.26,12.40,2058587,99698,4.8,0,0,0.0,69,51,79,0.00,3.20,11.23,93.26,2500,1
2026-05-16 04:53:51,1.9,10.65,11.09,12.27,2058587,99712,4.8,0,0,0.0,69,51,79,0.00,3.01,7.15,88.81,2500,5
2026-05-16 04:54:51,1.3,10.13,10.88,12.12,2058587,99706,4.8,0,0,0.0,69,51,79,0.00,2.87,7.20,88.82,2492,2
2026-05-16 04:55:52,2.0,10.02,10.72,11.98,2058587,99727,4.8,0,0,0.0,69,51,79,0.00,2.75,7.40,95.80,2495,2
2026-05-16 04:56:52,1.6,9.70,10.52,11.83,2058587,99694,4.8,0,0,0.0,69,51,79,0.00,2.93,7.14,88.82,2495,3
2026-05-16 04:57:52,2.5,10.60,10.61,11.78,2058587,99691,4.8,0,0,0.0,69,51,79,0.00,2.93,7.23,88.88,2473,2
2026-05-16 04:58:53,5.0,13.29,11.17,11.89,2058587,99712,4.8,0,0,0.0,69,51,79,0.00,3.65,10.51,92.28,2491,9
2026-05-16 04:59:53,2.1,17.90,13.22,12.57,2058587,99719,4.8,0,0,0.0,69,51,79,0.00,3.68,14.54,96.70,2493,4
2026-05-16 05:00:53,3.3,15.64,13.33,12.64,2058587,99718,4.8,0,0,0.0,69,51,79,0.00,3.91,14.75,97.00,2496,7
2026-05-16 05:01:54,3.1,14.43,13.34,12.69,2058587,99753,4.8,0,0,0.0,69,51,79,0.00,3.90,14.59,96.61,2500,8
2026-05-16 05:02:54,3.0,14.77,13.70,12.86,2058587,99742,4.8,0,0,0.0,69,51,79,0.00,3.62,14.53,96.99,2507,3
2026-05-16 05:03:54,1.9,13.40,13.57,12.87,2058587,99747,4.8,0,0,0.0,69,51,79,0.00,3.61,12.91,94.81,2509,5
2026-05-16 05:04:55,1.3,11.71,13.08,12.74,2058587,99739,4.8,0,0,0.0,69,51,79,0.00,3.75,12.55,94.22,2507,2
2026-05-16 05:05:55,1.7,11.50,12.71,12.63,2058587,99801,4.8,0,0,0.0,69,51,79,0.00,3.71,13.39,95.56,2493,3
2026-05-16 05:06:55,1.4,10.98,12.39,12.53,2058587,99769,4.8,0,0,0.0,69,51,79,0.00,3.90,12.93,94.72,2492,3
2026-05-16 05:07:56,3.1,10.75,12.05,12.40,2058587,99803,4.8,0,0,0.0,69,51,79,0.00,3.59,13.71,95.71,2487,6
2026-05-16 05:08:56,1.4,11.67,12.12,12.40,2058587,99812,4.8,0,0,0.0,69,51,79,0.00,3.91,13.59,95.87,2489,3
2026-05-16 05:09:57,2.5,12.22,12.15,12.39,2058587,99814,4.8,0,0,0.0,69,51,79,0.00,3.81,12.61,101.26,2499,5
2026-05-16 05:10:57,7.1,16.65,13.17,12.71,2058587,99842,4.9,0,0,0.0,69,51,79,0.00,3.92,13.72,95.68,2501,25
2026-05-16 05:11:57,2.5,16.39,13.62,12.89,2058587,99817,4.8,0,0,0.0,69,51,79,0.00,3.99,12.75,94.61,2500,5
2026-05-16 05:12:58,2.4,17.28,14.39,13.20,2058587,99822,4.8,0,0,0.0,69,51,79,0.00,3.71,13.91,95.98,2499,4
2026-05-16 05:13:58,3.2,15.71,14.45,13.30,2058587,99848,4.9,0,0,0.0,69,51,79,0.00,3.95,12.75,94.52,2486,5
2026-05-16 05:14:58,1.2,14.10,14.39,13.36,2058587,99825,4.8,0,0,0.0,69,51,79,0.00,3.52,10.63,92.37,2483,5
2026-05-16 05:15:59,1.5,17.16,15.23,13.71,2058587,99830,4.8,0,0,0.0,69,51,79,0.00,4.04,12.91,94.83,2490,8
2026-05-16 05:16:59,2.0,14.20,14.79,13.66,2058587,99848,4.9,0,0,0.0,69,51,79,0.00,3.64,11.74,93.42,2483,6
2026-05-16 05:17:59,1.8,12.35,14.12,13.50,2058587,99858,4.9,0,0,0.0,69,51,79,0.00,3.83,11.38,93.04,2493,6
2026-05-16 05:19:00,3.3,18.42,15.17,13.87,2058587,99907,4.9,0,0,0.0,69,51,79,0.00,3.62,12.87,94.72,2494,4
2026-05-16 05:20:00,2.9,21.01,16.58,14.45,2058587,99914,4.9,0,0,0.0,69,51,79,0.00,3.87,14.44,96.82,2500,9
2026-05-16 05:21:00,1.7,17.33,16.43,14.53,2058587,99903,4.9,0,0,0.0,69,51,79,0.00,4.04,14.86,97.02,2490,8
2026-05-16 05:22:01,3.2,15.32,15.92,14.47,2058587,99930,4.9,0,0,0.0,69,51,79,0.00,3.75,11.58,93.57,2508,9
2026-05-16 05:23:01,9.6,15.14,15.79,14.51,2058587,99935,4.9,0,0,0.0,69,51,79,0.00,3.96,14.28,96.64,2513,9
2026-05-16 05:24:02,2.1,14.90,15.54,14.50,2058587,99931,4.9,0,0,0.0,69,51,79,0.00,3.61,12.93,101.93,2517,4
2026-05-16 05:25:02,6.6,12.97,14.85,14.33,2058587,99968,4.9,0,0,0.0,69,51,79,0.00,3.79,14.33,96.29,2505,22
2026-05-16 05:26:02,2.1,12.39,14.31,14.17,2058587,99986,4.9,0,0,0.0,69,51,79,0.00,3.80,14.52,96.68,2500,6
2026-05-16 05:27:03,3.0,12.45,13.94,14.05,2058587,99993,4.9,0,0,0.0,69,51,79,0.00,3.78,14.80,97.13,2482,12
2026-05-16 05:28:03,3.7,11.67,13.44,13.87,2058587,99997,4.9,0,0,0.0,69,51,79,0.00,3.64,14.18,96.26,2480,6
2026-05-16 05:29:03,3.1,12.45,13.32,13.80,2058587,99985,4.9,0,0,0.0,69,51,79,0.00,3.92,14.63,96.92,2483,5
2026-05-16 05:30:04,1.5,13.10,13.35,13.78,2058587,100005,4.9,0,0,0.0,69,51,79,0.00,3.97,14.01,96.19,2492,2
2026-05-16 05:31:04,2.1,11.54,12.81,13.56,2058587,100005,4.9,0,0,0.0,69,51,79,0.00,3.88,9.45,91.11,2498,5
2026-05-16 05:32:05,2.0,11.39,12.59,13.44,2058587,100011,4.9,0,0,0.0,69,51,79,0.00,3.68,13.55,95.59,2505,5
2026-05-16 05:33:05,2.1,11.20,12.31,13.29,2058587,100004,4.9,0,0,0.0,69,51,79,0.00,4.63,14.76,96.87,2500,5
2026-05-16 05:34:05,3.1,11.82,12.29,13.22,2058587,100034,4.9,0,0,0.0,69,51,79,0.00,3.46,14.36,96.72,2495,6
2026-05-16 05:35:06,2.3,12.97,12.49,13.23,2058587,100084,4.9,0,0,0.0,69,51,79,0.00,3.47,13.63,95.77,2486,4
2026-05-16 05:36:06,3.1,13.06,12.59,13.21,2058587,100045,4.9,0,0,0.0,69,51,79,0.00,3.90,13.24,95.16,2489,7
2026-05-16 05:37:06,2.3,12.59,12.53,13.15,2058587,100061,4.9,0,0,0.0,69,51,79,0.00,3.49,14.32,103.39,2493,1
2026-05-16 05:38:07,2.5,10.99,12.11,12.97,2058587,100031,4.9,0,0,0.0,69,51,79,0.00,3.68,14.88,49.17,2487,3
2026-05-16 05:39:07,12.0,10.73,11.84,12.82,2058587,100001,4.9,0,0,0.0,69,51,79,0.00,3.68,15.50,15.84,2486,29
2026-05-16 05:40:08,2.0,11.47,11.93,12.79,2058587,100003,4.9,0,0,0.0,69,51,79,0.00,4.12,13.97,14.55,2490,8
2026-05-16 05:41:08,3.2,11.33,11.80,12.69,2058587,100035,4.9,0,0,0.0,69,51,79,0.00,3.73,15.41,15.79,2491,6
2026-05-16 05:42:08,2.2,11.04,11.64,12.58,2058587,100062,4.9,0,0,0.0,69,51,79,0.00,3.79,13.93,27.97,2490,5
2026-05-16 05:43:09,3.5,11.03,11.45,12.45,2058587,100093,4.9,0,0,0.0,69,51,79,0.00,3.73,10.01,91.73,2493,5
2026-05-16 05:44:09,3.3,10.64,11.27,12.32,2058587,100085,4.9,0,0,0.0,69,51,79,0.00,3.50,11.95,93.71,2495,3
2026-05-16 05:45:09,1.8,10.51,11.13,12.21,2058587,100108,4.9,0,0,0.0,69,51,79,0.00,3.63,10.38,92.63,2488,1
2026-05-16 05:46:10,1.8,10.62,11.03,12.10,2058587,100105,4.9,0,0,0.0,69,51,79,0.00,3.77,13.45,95.23,2481,7
2026-05-16 05:47:10,2.0,10.49,10.95,12.01,2058587,100109,4.9,0,0,0.0,69,51,79,0.00,3.82,11.68,93.63,2482,4
2026-05-16 05:48:10,4.2,12.01,11.27,12.05,2058587,100099,4.9,0,0,0.0,69,51,79,0.00,3.58,14.49,96.76,2483,5
2026-05-16 05:49:11,2.5,12.08,11.46,12.07,2058587,100123,4.9,0,0,0.0,69,51,79,0.00,3.95,14.58,96.91,2478,3
2026-05-16 05:50:11,3.3,20.87,13.80,12.81,2058587,100139,4.9,0,0,0.0,69,51,79,0.00,4.07,14.30,96.49,2487,6
2026-05-16 05:51:12,4.7,14.21,13.14,12.65,2058587,100166,4.9,0,0,0.0,69,51,79,0.00,3.89,11.26,100.02,2493,6
2026-05-16 05:52:12,1.5,12.19,12.80,12.56,2058587,100162,4.9,0,0,0.0,69,51,79,0.00,3.48,12.83,88.15,2481,3
2026-05-16 05:53:12,2.2,10.97,12.31,12.40,2058587,100105,4.9,0,0,0.0,69,51,79,0.00,3.63,12.13,12.31,2472,4
2026-05-16 05:54:13,2.6,11.00,12.09,12.32,2058587,100169,4.9,0,0,0.0,69,51,79,0.00,3.90,13.34,47.60,2476,4
2026-05-16 05:55:13,3.4,14.67,13.18,12.70,2058587,100177,4.9,0,0,0.0,69,51,79,0.00,3.65,14.82,96.99,2471,7
2026-05-16 05:56:13,3.1,12.28,12.76,12.58,2058587,100186,4.9,0,0,0.0,69,51,79,0.00,3.64,14.58,96.62,2472,5
2026-05-16 05:57:14,2.3,11.68,12.56,12.53,2058587,100186,4.9,0,0,0.0,69,51,79,0.00,3.89,11.79,93.97,2480,2
2026-05-16 05:58:14,3.2,11.57,12.37,12.46,2058587,100202,4.9,0,0,0.0,69,51,79,0.00,3.64,14.79,96.89,2492,7
2026-05-16 05:59:14,2.0,11.30,12.17,12.39,2058587,100203,4.9,0,0,0.0,69,51,79,0.00,3.99,14.37,96.51,2491,6
2026-05-16 06:00:15,3.2,12.38,12.29,12.42,2058587,100199,4.9,0,0,0.0,69,51,79,0.00,3.94,14.63,97.03,2492,4
2026-05-16 06:01:15,3.5,12.30,12.25,12.39,2058587,100220,4.9,0,0,0.0,69,51,79,0.00,4.25,13.61,95.61,2485,8
2026-05-16 06:02:16,3.0,12.24,12.24,12.38,2058587,100272,4.9,0,0,0.0,69,51,79,0.00,3.61,14.55,96.83,2482,7
2026-05-16 06:03:16,2.9,14.57,12.81,12.56,2058587,100284,4.9,0,0,0.0,69,51,79,0.00,3.46,13.50,95.94,2477,7
2026-05-16 06:04:16,2.2,12.62,12.58,12.50,2058587,100255,4.9,0,0,0.0,69,51,79,0.00,3.76,13.67,102.74,2475,2
2026-05-16 06:05:17,2.9,11.48,12.24,12.38,2058587,100268,4.9,0,0,0.0,69,51,79,0.00,3.72,10.20,92.22,2475,9
2026-05-16 06:06:17,3.6,11.74,12.17,12.35,2058587,100267,4.9,0,0,0.0,69,51,79,0.00,4.00,14.59,96.82,2480,4
2026-05-16 06:07:17,12.4,11.95,12.11,12.31,2058587,100277,4.9,0,0,0.0,69,51,79,0.00,3.35,13.06,95.18,2483,22
2026-05-16 06:08:18,1.9,10.90,11.77,12.18,2058587,100264,4.9,0,0,0.0,69,51,79,0.00,3.62,12.12,93.89,2485,2
2026-05-16 06:09:18,1.6,10.53,11.50,12.06,2058587,100294,4.9,0,0,0.0,69,51,79,0.00,4.15,10.74,92.53,2478,5
2026-05-16 06:10:19,3.2,10.48,11.29,11.95,2058587,100281,4.9,0,0,0.0,69,51,79,0.00,4.07,13.05,95.21,2478,6
2026-05-16 06:11:19,2.5,11.41,11.42,11.95,2058587,100269,4.9,0,0,0.0,69,51,79,0.00,3.79,14.44,96.61,2472,6
2026-05-16 06:12:19,2.2,10.56,11.16,11.83,2058587,100298,4.9,0,0,0.0,69,51,79,0.00,3.78,8.14,89.83,2475,2
2026-05-16 06:13:20,3.2,10.85,11.11,11.77,2058587,100288,4.9,0,0,0.0,69,51,79,0.00,3.74,13.15,94.95,2477,8
2026-05-16 06:14:20,3.1,11.28,11.20,11.75,2058587,100300,4.9,0,0,0.0,69,51,79,0.00,3.68,14.46,96.67,2485,6
2026-05-16 06:15:20,1.8,11.00,11.16,11.70,2058587,100301,4.9,0,0,0.0,69,51,79,0.00,3.80,14.79,96.95,2488,5
2026-05-16 06:16:21,3.3,16.10,12.39,12.09,2058587,100358,4.9,0,0,0.0,69,51,79,0.00,4.18,14.76,96.89,2490,14
2026-05-16 06:17:21,3.4,14.36,12.51,12.15,2058587,100312,4.9,0,0,0.0,69,51,79,0.00,3.52,14.69,97.01,2480,8
2026-05-16 06:18:21,3.8,12.96,12.45,12.15,2058587,100305,4.9,0,0,0.0,69,51,79,0.00,3.52,13.13,101.26,2476,3
2026-05-16 06:19:22,1.4,10.94,11.99,12.01,2058587,100295,4.9,0,0,0.0,69,51,79,0.00,4.04,10.03,92.34,2479,24
2026-05-16 06:20:22,2.4,11.24,11.89,11.97,2058587,100320,4.9,0,0,0.0,69,51,79,0.00,3.88,14.67,97.04,2477,8
2026-05-16 06:21:23,3.4,11.10,11.72,11.91,2058587,100317,4.9,0,0,0.0,69,51,79,0.00,3.84,14.62,96.54,2491,8
2026-05-16 06:22:23,1.3,10.70,11.53,11.83,2058587,100285,4.9,0,0,0.0,69,51,79,0.00,3.70,12.67,94.50,2484,4
2026-05-16 06:23:23,1.7,10.93,11.42,11.77,2058587,100318,4.9,0,0,0.0,69,51,79,0.00,3.62,13.80,96.01,2485,4
2026-05-16 06:24:24,1.7,10.77,11.30,11.71,2058587,100322,4.9,0,0,0.0,69,51,79,0.00,3.58,13.71,95.83,2477,4
2026-05-16 06:25:24,3.5,12.16,11.49,11.74,2058587,100337,4.9,0,0,0.0,69,51,79,0.00,3.46,11.78,93.70,2483,8
2026-05-16 06:26:24,3.2,11.11,11.29,11.65,2058587,100318,4.9,0,0,0.0,69,51,79,0.00,3.93,13.13,94.90,2466,4
2026-05-16 06:27:25,3.2,12.62,11.66,11.76,2058587,100342,4.9,0,0,0.0,69,51,79,0.00,3.72,14.49,96.82,2469,8
2026-05-16 06:28:25,3.3,11.49,11.52,11.70,2058587,100340,4.9,0,0,0.0,69,51,79,0.00,3.68,14.47,96.65,2472,7
2026-05-16 06:29:25,2.1,11.35,11.49,11.68,2058587,100350,4.9,0,0,0.0,69,51,79,0.00,3.80,12.53,94.55,2484,5
2026-05-16 06:30:26,1.8,11.39,11.53,11.69,2058587,100349,4.9,0,0,0.0,69,51,79,0.00,4.15,12.79,94.63,2478,3
2026-05-16 06:31:26,3.3,11.42,11.49,11.66,2058587,100327,4.9,0,0,0.0,69,51,79,0.00,3.99,14.53,96.64,2478,7
2026-05-16 06:32:26,1.9,11.59,11.60,11.69,2058587,100335,4.9,0,0,0.0,69,51,79,0.00,3.64,13.83,102.97,2477,4
2026-05-16 06:33:27,2.3,10.94,11.41,11.62,2058587,100351,4.9,0,0,0.0,69,51,79,0.00,3.64,11.80,93.55,2475,4
2026-05-16 06:34:27,9.5,11.16,11.43,11.62,2058587,100392,4.9,0,0,0.0,69,51,79,0.00,3.63,13.81,95.73,2469,21
2026-05-16 06:35:28,2.0,12.26,11.66,11.69,2058587,100374,4.9,0,0,0.0,69,51,79,0.00,3.83,14.52,96.70,2467,7
2026-05-16 06:36:28,3.5,11.08,11.40,11.59,2058587,100400,4.9,0,0,0.0,69,51,79,0.00,3.57,10.43,92.25,2467,6
2026-05-16 06:37:28,1.4,11.27,11.45,11.60,2058587,100350,4.9,0,0,0.0,69,51,79,0.00,3.83,13.77,96.00,2476,4
2026-05-16 06:38:29,1.6,10.35,11.15,11.48,2058587,100369,4.9,0,0,0.0,69,51,79,0.00,3.79,11.72,93.39,2483,5
2026-05-16 06:39:29,3.1,10.91,11.13,11.45,2058587,100410,4.9,0,0,0.0,69,51,79,0.00,3.99,12.12,94.09,2484,7
2026-05-16 06:40:29,2.2,12.76,11.70,11.63,2058587,100358,4.9,0,0,0.0,69,51,79,0.00,3.80,12.86,95.05,2492,3
2026-05-16 06:41:30,1.7,11.80,11.58,11.59,2058587,100402,4.9,0,0,0.0,69,51,79,0.00,4.01,13.52,95.07,2507,5
2026-05-16 06:42:30,2.2,11.83,11.67,11.63,2058587,100399,4.9,0,0,0.0,69,51,79,0.00,3.57,12.81,94.70,2504,5
2026-05-16 06:43:30,2.3,23.07,14.58,12.61,2058587,100420,4.9,0,0,0.0,69,51,79,0.00,3.68,14.66,96.94,2496,3
2026-05-16 06:44:31,3.5,18.27,14.95,12.87,2058587,100337,4.9,0,0,0.0,69,51,79,0.00,3.61,15.33,56.56,2501,5
2026-05-16 06:45:31,3.2,13.93,14.30,12.77,2058587,100325,4.9,0,0,0.0,69,51,79,0.00,3.79,16.03,16.80,2488,7
2026-05-16 06:46:32,3.3,14.81,14.45,12.93,2058587,100367,4.9,0,0,0.0,69,51,79,0.00,3.85,15.92,16.69,2474,4
2026-05-16 06:47:32,3.4,12.11,13.75,12.78,2058587,100359,4.9,0,0,0.0,69,51,79,0.00,3.54,12.15,12.42,2480,18
2026-05-16 06:48:32,3.6,11.84,13.36,12.71,2058587,100417,4.9,0,0,0.0,69,51,79,0.00,3.76,15.78,30.24,2479,6
2026-05-16 06:49:33,3.3,11.10,12.84,12.56,2058587,100412,4.9,0,0,0.0,69,51,79,0.00,4.03,9.59,91.42,2470,3
2026-05-16 06:50:33,1.9,11.97,12.86,12.59,2058587,100438,4.9,0,0,0.0,69,51,79,0.00,3.96,14.27,96.36,2476,6
2026-05-16 06:51:33,3.4,12.65,12.87,12.61,2058587,100438,4.9,0,0,0.0,69,51,79,0.00,3.77,13.14,94.91,2469,4
2026-05-16 06:52:34,1.4,11.31,12.45,12.48,2058587,100443,4.9,0,0,0.0,69,51,79,0.00,3.85,13.83,95.53,2464,2
2026-05-16 06:53:34,1.5,11.23,12.20,12.39,2058587,100414,4.9,0,0,0.0,69,51,79,0.00,3.64,12.65,94.86,2465,2
2026-05-16 06:54:34,1.9,10.55,11.82,12.24,2058587,100459,4.9,0,0,0.0,69,51,79,0.00,3.89,9.23,90.92,2466,6
2026-05-16 06:55:35,3.3,11.34,11.82,12.22,2058587,100484,4.9,0,0,0.0,69,51,79,0.00,3.61,14.88,97.16,2469,7
2026-05-16 06:56:35,3.2,19.26,13.85,12.88,2058587,100458,4.9,0,0,0.0,69,51,79,0.00,3.81,14.23,96.47,2486,5
2026-05-16 06:57:36,2.3,17.53,14.26,13.08,2058587,100431,4.9,0,0,0.0,69,51,79,0.00,3.68,14.35,96.48,2480,2
2026-05-16 06:58:36,2.2,15.89,14.39,13.20,2058587,100479,4.9,0,0,0.0,69,51,79,0.00,3.60,10.73,92.46,2485,2
2026-05-16 06:59:36,3.1,20.20,15.92,13.80,2058587,100427,4.9,0,0,0.0,69,51,79,0.00,4.03,15.77,16.54,2495,7
2026-05-16 07:00:37,1.5,19.26,16.32,14.07,2058587,100480,4.9,0,0,0.0,69,51,79,0.00,4.14,13.20,47.40,2491,2
2026-05-16 07:01:37,3.8,20.04,17.06,14.46,2058587,100489,4.9,0,0,0.0,69,51,79,0.00,4.07,13.26,95.15,2479,7
2026-05-16 07:02:37,1.8,16.41,16.58,14.47,2058587,100479,4.9,0,0,0.0,69,51,79,0.00,3.57,11.99,93.90,2486,2
2026-05-16 07:03:38,4.2,19.09,17.39,14.89,2058587,100489,4.9,0,0,0.0,69,51,79,0.00,3.80,14.60,96.90,2482,9
2026-05-16 07:04:38,3.1,19.79,17.71,15.14,2058587,100484,4.9,0,0,0.0,69,51,79,0.00,3.50,12.83,94.95,2472,3
2026-05-16 07:05:39,3.3,19.85,18.16,15.46,2058587,100503,4.9,0,0,0.0,69,51,79,0.00,3.82,13.81,95.76,2467,8
2026-05-16 07:06:39,1.4,19.61,18.57,15.78,2058587,100475,4.9,0,0,0.0,69,51,79,0.00,3.74,13.82,96.09,2473,7
2026-05-16 07:07:39,2.3,14.70,17.38,15.54,2058587,100480,4.9,0,0,0.0,69,51,79,0.00,3.64,10.24,91.89,2464,4
2026-05-16 07:08:40,1.9,12.60,16.32,15.30,2058587,100505,4.9,0,0,0.0,69,51,79,0.00,3.87,12.76,94.65,2462,2
2026-05-16 07:09:40,2.0,11.81,15.46,15.07,2058587,100456,4.9,0,0,0.0,69,51,79,0.00,3.82,14.50,96.99,2468,7
2026-05-16 07:10:40,2.1,10.76,14.50,14.76,2058587,100481,4.9,0,0,0.0,69,51,79,0.00,4.19,10.58,92.35,2473,7
2026-05-16 07:11:41,3.3,11.98,14.15,14.62,2058587,100517,4.9,0,0,0.0,69,51,79,0.00,4.00,14.38,96.87,2473,9
2026-05-16 07:12:41,2.0,11.30,13.58,14.39,2058587,100521,4.9,0,0,0.0,69,51,79,0.00,3.78,12.46,94.18,2476,5
2026-05-16 07:13:41,2.8,11.49,13.23,14.22,2058587,100540,4.9,0,0,0.0,69,51,79,0.00,3.67,13.80,101.73,2479,5
2026-05-16 07:14:42,3.5,11.48,12.89,14.04,2058587,100524,4.9,0,0,0.0,69,51,79,0.00,3.45,12.07,95.08,2470,15
2026-05-16 07:15:42,2.0,11.65,12.69,13.90,2058587,100520,4.9,0,0,0.0,69,51,79,0.00,3.76,13.17,95.31,2464,5
2026-05-16 07:16:43,2.7,11.02,12.33,13.70,2058587,100538,4.9,0,0,0.0,69,51,79,0.00,4.12,11.20,92.91,2466,4
2026-05-16 07:17:43,1.9,13.46,12.80,13.77,2058587,100515,4.9,0,0,0.0,69,51,79,0.00,3.50,14.85,97.23,2468,2
2026-05-16 07:18:43,2.1,11.90,12.44,13.58,2058587,100502,4.9,0,0,0.0,69,51,79,0.00,3.66,9.03,90.71,2474,5
2026-05-16 07:19:44,1.3,11.02,12.07,13.38,2058587,100490,4.9,0,0,0.0,69,51,79,0.00,4.05,9.76,91.46,2466,3
2026-05-16 07:20:44,1.6,10.60,11.76,13.18,2058587,100531,4.9,0,0,0.0,69,51,79,0.00,3.86,11.38,93.14,2475,6
2026-05-16 07:21:44,1.5,10.98,11.64,13.05,2058587,100504,4.9,0,0,0.0,69,51,79,0.00,3.86,11.75,93.62,2481,3
2026-05-16 07:22:45,3.2,12.60,11.87,13.03,2058587,100534,4.9,0,0,0.0,69,51,79,0.00,3.69,13.26,95.12,2486,6
2026-05-16 07:23:45,3.2,11.93,11.83,12.95,2058587,100502,4.9,0,0,0.0,69,51,79,0.00,3.61,13.01,95.51,2490,8
2026-05-16 07:24:45,1.8,12.21,11.92,12.91,2058587,100545,4.9,0,0,0.0,69,51,79,0.00,3.32,14.44,96.69,2497,4
2026-05-16 07:25:46,2.9,11.45,11.75,12.79,2058587,100540,4.9,0,0,0.0,69,51,79,0.00,3.64,14.02,96.27,2491,2
2026-05-16 07:26:46,3.2,12.02,11.86,12.76,2058587,100567,4.9,0,0,0.0,69,51,79,0.00,4.04,14.15,96.41,2482,6
2026-05-16 07:27:46,2.0,10.94,11.59,12.61,2058587,100567,4.9,0,0,0.0,69,51,79,0.00,3.70,14.31,102.98,2481,4
2026-05-16 07:28:47,1.5,11.00,11.50,12.51,2058587,100552,4.9,0,0,0.0,69,51,79,0.00,3.52,14.33,96.46,2477,7
2026-05-16 07:29:47,11.8,11.28,11.45,12.43,2058587,100541,4.9,0,0,0.0,69,51,79,0.00,3.95,11.93,94.05,2481,23
2026-05-16 07:30:48,11.8,11.87,11.61,12.42,2058587,100548,4.9,0,0,0.0,69,51,79,0.00,3.94,14.22,96.73,2480,20
2026-05-16 07:31:48,3.4,11.26,11.51,12.34,2058587,100584,4.9,0,0,0.0,69,51,79,0.00,3.96,13.59,95.70,2482,6
2026-05-16 07:32:48,3.0,10.97,11.36,12.23,2058587,100622,4.9,0,0,0.0,69,51,79,0.00,3.42,12.61,94.44,2474,7
2026-05-16 07:33:49,1.9,11.48,11.46,12.21,2058587,100642,4.9,0,0,0.0,69,51,79,0.00,3.71,14.58,96.77,2481,4
2026-05-16 07:34:49,1.5,10.53,11.20,12.07,2058587,100575,4.9,0,0,0.0,69,51,79,0.00,3.75,8.35,89.96,2478,5
2026-05-16 07:35:49,3.2,11.59,11.35,12.06,2058587,100635,4.9,0,0,0.0,69,51,79,0.00,3.47,13.21,95.42,2479,7
2026-05-16 07:36:50,3.3,15.51,12.88,12.56,2058587,100583,4.9,0,0,0.0,69,51,79,0.00,3.98,13.04,95.17,2477,7
2026-05-16 07:37:50,1.4,18.38,14.67,13.23,2058587,100569,4.9,0,0,0.0,69,51,79,0.00,3.84,13.95,96.49,2485,4
2026-05-16 07:38:50,3.4,13.17,13.83,13.03,2058587,100611,4.9,0,0,0.0,69,51,79,0.00,3.86,11.36,93.16,2477,6
2026-05-16 07:39:51,1.9,11.46,13.24,12.87,2058587,100600,4.9,0,0,0.0,69,51,79,0.00,3.85,10.62,92.46,2483,3
2026-05-16 07:40:51,3.1,11.78,12.98,12.81,2058587,100623,4.9,0,0,0.0,69,51,79,0.00,3.92,12.88,94.98,2496,12
2026-05-16 07:41:52,3.8,12.04,12.84,12.77,2058587,100630,4.9,0,0,0.0,69,51,79,0.00,4.00,13.43,102.31,2508,4
2026-05-16 07:42:52,3.9,13.54,13.21,12.90,2058587,100637,4.9,0,0,0.0,69,51,79,0.00,3.54,14.35,96.90,2496,27
2026-05-16 07:43:52,3.3,12.00,12.82,12.79,2058587,100606,4.9,0,0,0.0,69,51,79,0.00,3.45,14.47,96.53,2493,13
2026-05-16 07:44:53,1.8,11.55,12.53,12.69,2058587,100617,4.9,0,0,0.0,69,51,79,0.00,3.94,13.85,95.92,2492,2
2026-05-16 07:45:53,1.5,11.09,12.20,12.56,2058587,100615,4.9,0,0,0.0,69,51,79,0.00,3.86,7.48,89.12,2482,4
2026-05-16 07:46:53,3.3,10.78,11.89,12.43,2058587,100627,4.9,0,0,0.0,69,51,79,0.00,3.85,9.77,91.46,2472,5
2026-05-16 07:47:54,3.3,12.38,12.21,12.51,2058587,100629,4.9,0,0,0.0,69,51,79,0.00,3.46,14.49,96.64,2488,5
2026-05-16 07:48:54,4.0,12.03,12.13,12.46,2058587,100647,4.9,0,0,0.0,69,51,79,0.00,3.87,14.66,96.89,2487,4
2026-05-16 07:49:55,1.8,12.23,12.25,12.49,2058587,100649,4.9,0,0,0.0,69,51,79,0.00,3.75,14.53,96.58,2488,8
2026-05-16 07:50:55,2.9,12.27,12.27,12.48,2058587,100618,4.9,0,0,0.0,69,51,79,0.00,3.71,15.10,56.66,2478,8
2026-05-16 07:51:55,4.2,12.22,12.24,12.45,2058587,100572,4.9,0,0,0.0,69,51,79,0.00,3.99,15.82,16.68,2477,6
2026-05-16 07:52:56,3.3,12.05,12.22,12.43,2058587,100571,4.9,0,0,0.0,69,51,79,0.00,3.70,15.03,15.76,2477,6
2026-05-16 07:53:56,1.9,11.46,12.01,12.35,2058587,100575,4.9,0,0,0.0,69,51,79,0.00,3.70,15.54,16.27,2479,3
2026-05-16 07:54:56,4.0,11.78,12.03,12.34,2058587,100642,4.9,0,0,0.0,69,51,79,0.00,3.52,15.85,28.57,2482,5
2026-05-16 07:55:57,1.4,11.63,11.93,12.28,2058587,100711,4.9,0,0,0.0,69,51,79,0.00,3.83,13.87,95.14,2483,5
2026-05-16 07:56:57,2.1,11.68,11.89,12.24,2058587,100694,4.9,0,0,0.0,69,51,79,0.00,3.97,14.03,98.60,2491,6
2026-05-16 07:57:57,2.1,11.22,11.67,12.14,2058587,100693,4.9,0,0,0.0,69,51,79,0.00,3.47,12.16,94.03,2484,5
2026-05-16 07:58:58,2.5,11.23,11.60,12.09,2058587,100680,4.9,0,0,0.0,69,51,79,0.00,4.15,14.31,96.42,2481,3
2026-05-16 07:59:58,3.7,11.56,11.64,12.07,2058587,100701,4.9,0,0,0.0,69,51,79,0.00,4.05,13.81,95.77,2481,4
2026-05-16 08:00:59,2.1,11.96,11.71,12.07,2058587,100686,4.9,0,0,0.0,69,51,79,0.00,4.07,14.65,96.90,2489,6
2026-05-16 08:01:59,2.2,10.59,11.38,11.93,2058587,100674,4.9,0,0,0.0,69,51,79,0.00,3.68,8.04,89.97,2483,5
2026-05-16 08:02:59,2.4,11.34,11.45,11.92,2058587,100689,4.9,0,0,0.0,69,51,79,0.00,3.73,12.60,94.44,2483,4
2026-05-16 08:04:00,1.1,11.95,11.63,11.95,2058587,100662,4.9,0,0,0.0,69,51,79,0.00,3.57,13.18,95.27,2483,6
2026-05-16 08:05:00,1.7,12.74,11.86,12.01,2058587,100663,4.9,0,0,0.0,69,51,79,0.00,3.77,12.30,94.27,2484,3
2026-05-16 08:06:00,3.2,11.50,11.64,11.92,2058587,100621,4.9,0,0,0.0,69,51,79,0.00,3.64,13.21,13.83,2479,8
2026-05-16 08:07:01,2.3,12.14,11.79,11.95,2058587,100722,4.9,0,0,0.0,69,51,79,0.00,3.96,15.24,43.22,2487,3
2026-05-16 08:08:01,1.5,11.10,11.55,11.86,2058587,100702,4.9,0,0,0.0,69,51,79,0.00,3.62,10.71,92.53,2483,2
2026-05-16 08:09:01,3.8,11.81,11.68,11.88,2058587,100709,4.9,0,0,0.0,69,51,79,0.00,3.89,14.49,103.76,2485,5
2026-05-16 08:10:02,1.9,11.47,11.61,11.85,2058587,100723,4.9,0,0,0.0,69,51,79,0.00,3.68,13.45,95.11,2477,5
2026-05-16 08:11:02,3.7,10.62,11.31,11.72,2058587,100712,4.9,0,0,0.0,69,51,79,0.00,4.18,11.71,93.48,2486,4
2026-05-16 08:12:03,3.3,10.83,11.22,11.67,2058587,100721,4.9,0,0,0.0,69,51,79,0.00,3.86,14.82,97.04,2490,4
2026-05-16 08:13:03,6.5,11.39,11.29,11.66,2058587,100724,4.9,0,0,0.0,69,51,79,0.00,3.50,13.94,95.95,2492,2
2026-05-16 08:14:03,3.2,11.35,11.25,11.62,2058587,100699,4.9,0,0,0.0,69,51,79,0.00,3.68,13.33,95.14,2493,5
2026-05-16 08:15:04,2.1,12.44,11.57,11.71,2058587,100711,4.9,0,0,0.0,69,51,79,0.00,3.61,14.84,97.51,2491,4
2026-05-16 08:16:04,3.0,12.96,11.76,11.75,2058587,100716,4.9,0,0,0.0,69,51,79,0.00,3.96,12.81,94.68,2491,6
2026-05-16 08:17:04,3.0,12.06,11.74,11.75,2058587,100734,4.9,0,0,0.0,69,51,79,0.00,3.45,14.43,96.75,2487,6
2026-05-16 08:18:05,2.9,14.59,12.32,11.94,2058587,100733,4.9,0,0,0.0,69,51,79,0.00,3.68,12.88,94.73,2481,6
2026-05-16 08:19:05,2.1,11.91,11.98,11.85,2058587,100746,4.9,0,0,0.0,69,51,79,0.00,3.79,14.58,96.57,2477,4
2026-05-16 08:20:05,1.3,10.64,11.61,11.73,2058587,100737,4.9,0,0,0.0,69,51,79,0.00,5.07,12.37,94.09,2483,3
2026-05-16 08:21:06,1.8,11.37,11.64,11.73,2058587,100773,4.9,0,0,0.0,69,51,79,0.00,3.84,13.54,95.84,2479,5
2026-05-16 08:22:06,3.4,11.14,11.48,11.66,2058587,100753,4.9,0,0,0.0,69,51,79,0.00,3.61,14.00,95.86,2477,10
2026-05-16 08:23:07,2.6,12.13,11.70,11.73,2058587,100766,4.9,0,0,0.0,69,51,79,0.00,3.69,13.70,102.46,2488,6
2026-05-16 08:24:07,3.1,12.95,11.94,11.81,2058587,100772,4.9,0,0,0.0,69,51,79,0.00,3.34,14.60,96.78,2486,4
2026-05-16 08:25:07,2.3,11.12,11.64,11.71,2058587,100780,4.9,0,0,0.0,69,51,79,0.00,3.64,10.46,92.81,2488,8
2026-05-16 08:26:08,2.0,11.36,11.63,11.71,2058587,100792,4.9,0,0,0.0,69,51,79,0.00,3.75,14.67,96.62,2488,6
2026-05-16 08:27:08,2.6,26.62,14.96,12.79,2058587,100789,4.9,0,0,0.0,69,51,79,0.00,3.89,12.49,94.58,2480,7
2026-05-16 08:28:08,1.6,19.75,15.16,13.00,2058587,100766,4.9,0,0,0.0,69,51,79,0.00,3.61,12.61,94.38,2472,3
2026-05-16 08:29:09,3.5,14.56,14.49,12.90,2058587,100782,4.9,0,0,0.0,69,51,79,0.00,3.73,14.24,96.26,2475,5
2026-05-16 08:30:09,2.2,12.33,13.90,12.80,2058587,100781,4.9,0,0,0.0,69,51,79,0.00,4.07,13.71,95.99,2473,4
2026-05-16 08:31:10,1.6,11.09,13.31,12.67,2058587,100758,4.9,0,0,0.0,69,51,79,0.00,3.73,13.04,94.96,2469,2
2026-05-16 08:32:10,1.5,11.04,12.87,12.55,2058587,100753,4.9,0,0,0.0,69,51,79,0.00,3.79,10.70,92.47,2473,6
2026-05-16 08:33:10,2.0,11.04,12.50,12.44,2058587,100766,4.9,0,0,0.0,69,51,79,0.00,3.73,12.93,95.10,2483,5
2026-05-16 08:34:11,3.1,13.41,12.85,12.56,2058587,100773,4.9,0,0,0.0,69,51,79,0.00,3.69,13.51,95.62,2483,6
2026-05-16 08:35:11,3.2,12.82,12.81,12.57,2058587,100782,4.9,0,0,0.0,69,51,79,0.00,3.91,14.78,96.73,2491,7
2026-05-16 08:36:11,10.2,13.12,12.94,12.63,2058587,100769,4.9,0,0,0.0,69,51,79,0.00,3.54,13.92,103.05,2494,3
2026-05-16 08:37:12,2.2,11.75,12.57,12.52,2058587,100775,4.9,0,0,0.0,69,51,79,0.00,3.86,12.07,94.01,2492,7
2026-05-16 08:38:12,2.5,10.52,12.06,12.35,2058587,100762,4.9,0,0,0.0,69,51,79,0.00,3.72,12.02,93.81,2482,6
2026-05-16 08:39:12,2.8,14.71,13.16,12.72,2058587,100793,4.9,0,0,0.0,69,51,79,0.00,3.93,14.55,96.61,2478,6
2026-05-16 08:40:13,2.1,12.45,12.81,12.62,2058587,100783,4.9,0,0,0.0,69,51,79,0.00,3.91,14.80,96.84,2477,3
2026-05-16 08:41:13,1.8,12.80,12.83,12.64,2058587,100798,4.9,0,0,0.0,69,51,79,0.00,3.93,13.26,95.24,2480,2
2026-05-16 08:42:14,2.2,14.78,13.32,12.82,2058587,100781,4.9,0,0,0.0,69,51,79,0.00,3.83,10.15,92.17,2487,2
2026-05-16 08:43:14,2.1,15.75,13.81,13.01,2058587,100773,4.9,0,0,0.0,69,51,79,0.00,3.57,13.93,95.73,2495,7
2026-05-16 08:44:14,3.1,19.50,15.41,13.62,2058587,100802,4.9,0,0,0.0,69,51,79,0.00,3.64,13.50,95.53,2493,10
2026-05-16 08:45:15,3.0,28.78,18.13,14.63,2058587,100791,4.9,0,0,0.0,69,51,79,0.00,3.73,14.55,96.62,2491,5
2026-05-16 08:46:15,2.2,22.04,18.21,14.88,2058587,100769,4.9,0,0,0.0,69,51,79,0.00,4.00,13.32,95.26,2479,6
2026-05-16 08:47:15,2.0,17.37,17.57,14.87,2058587,100788,4.9,0,0,0.0,69,51,79,0.00,3.46,12.55,94.50,2480,4
2026-05-16 08:48:16,2.9,20.09,18.64,15.43,2058587,100785,4.9,0,0,0.0,69,51,79,0.00,3.73,14.71,96.58,2470,6
2026-05-16 08:49:16,1.5,15.09,17.52,15.25,2058587,100773,4.9,0,0,0.0,69,51,79,0.00,3.92,12.83,94.61,2476,4
2026-05-16 08:50:16,8.3,19.30,18.17,15.60,2058587,100803,4.9,0,0,0.0,69,51,79,0.00,3.80,12.23,101.45,2480,4
2026-05-16 08:51:17,1.5,25.02,19.32,16.12,2058587,100783,4.9,0,0,0.0,69,51,79,0.00,3.89,11.99,93.94,2481,24
2026-05-16 08:52:17,9.6,17.69,18.27,15.96,2058587,100790,4.9,0,0,0.0,69,51,79,0.00,3.80,13.62,95.38,2484,4
2026-05-16 08:53:18,3.2,15.10,17.47,15.84,2058587,100801,4.9,0,0,0.0,69,51,79,0.00,3.65,14.01,96.24,2490,5
2026-05-16 08:54:18,1.9,14.06,16.81,15.72,2058587,100811,4.9,0,0,0.0,69,51,79,0.00,3.31,14.76,96.94,2496,5
2026-05-16 08:55:18,2.1,14.23,16.25,15.59,2058587,100808,4.9,0,0,0.0,69,51,79,0.00,3.68,11.49,93.36,2497,3
2026-05-16 08:56:19,2.1,11.52,15.12,15.24,2058587,100822,4.9,0,0,0.0,69,51,79,0.00,3.82,12.11,93.80,2507,4
2026-05-16 08:57:19,3.3,11.03,14.30,14.94,2058587,100794,4.9,0,0,0.0,69,51,79,0.00,3.63,12.36,53.36,2502,8
2026-05-16 08:58:19,2.0,13.02,14.25,14.89,2058587,100755,4.9,0,0,0.0,69,51,79,0.00,3.46,15.75,16.25,2498,4
2026-05-16 08:59:20,3.0,13.66,14.18,14.82,2058587,100747,4.9,0,0,0.0,69,51,79,0.00,3.91,15.47,16.22,2487,6
2026-05-16 09:00:20,1.4,13.32,14.04,14.73,2058587,100718,4.9,0,0,0.0,69,51,79,0.00,4.21,15.28,16.04,2490,5
2026-05-16 09:01:20,1.6,11.31,13.33,14.44,2058587,100790,4.9,0,0,0.0,69,51,79,0.00,3.70,9.47,16.42,2486,2
2026-05-16 09:02:21,3.2,11.75,13.08,14.28,2058587,100871,4.9,0,0,0.0,69,51,79,0.00,3.96,12.99,94.80,2488,8
2026-05-16 09:03:21,3.5,11.77,12.79,14.10,2058587,100872,4.9,0,0,0.0,69,51,79,0.00,3.69,13.03,94.97,2485,8
2026-05-16 09:04:22,2.9,13.13,13.03,14.10,2058587,100866,4.9,0,0,0.0,69,51,79,0.00,3.61,14.73,103.78,2493,7
2026-05-16 09:05:22,3.4,12.71,12.99,14.03,2058587,100874,4.9,0,0,0.0,69,51,79,0.00,3.37,14.49,96.67,2491,13
2026-05-16 09:06:22,4.0,12.28,12.83,13.91,2058587,100882,4.9,0,0,0.0,69,51,79,0.00,4.24,14.64,96.91,2492,6
2026-05-16 09:07:23,2.0,10.98,12.37,13.68,2058587,100878,4.9,0,0,0.0,69,51,79,0.00,3.59,10.81,92.71,2486,3
2026-05-16 09:08:23,2.1,11.36,12.22,13.55,2058587,100862,4.9,0,0,0.0,69,51,79,0.00,3.38,14.06,96.35,2489,4
2026-05-16 09:09:23,1.4,11.58,12.11,13.41,2058587,100860,4.9,0,0,0.0,69,51,79,0.00,4.10,14.01,96.28,2485,2
2026-05-16 09:10:24,3.0,11.17,11.88,13.25,2058587,100882,4.9,0,0,0.0,69,51,79,0.00,4.10,12.27,94.18,2485,3
2026-05-16 09:11:24,1.5,11.44,11.91,13.18,2058587,100852,4.9,0,0,0.0,69,51,79,0.00,3.64,12.40,94.51,2479,4
2026-05-16 09:12:25,2.2,10.40,11.51,12.96,2058587,100802,4.9,0,0,0.0,69,51,79,0.00,3.78,9.18,9.38,2493,4
2026-05-16 09:13:25,1.8,10.33,11.28,12.79,2058587,100873,4.9,0,0,0.0,69,51,79,0.00,3.80,14.34,41.83,2495,3
2026-05-16 09:14:25,3.5,12.01,11.64,12.82,2058587,100872,4.9,0,0,0.0,69,51,79,0.00,3.59,14.66,97.22,2496,5
2026-05-16 09:15:26,1.8,12.19,11.75,12.78,2058587,100863,4.9,0,0,0.0,69,51,79,0.00,3.46,13.57,95.61,2487,4
2026-05-16 09:16:26,3.4,11.85,11.67,12.69,2058587,100877,4.9,0,0,0.0,69,51,79,0.00,3.96,12.79,94.61,2497,10
2026-05-16 09:17:26,3.8,11.60,11.62,12.60,2058587,100916,4.9,0,0,0.0,69,51,79,0.00,3.60,14.02,102.93,2487,6
2026-05-16 09:18:27,1.9,11.10,11.50,12.50,2058587,100877,4.9,0,0,0.0,69,51,79,0.00,3.54,14.30,96.50,2476,4
2026-05-16 09:19:27,2.2,13.63,12.06,12.62,2058587,100878,4.9,0,0,0.0,69,51,79,0.00,3.71,14.37,96.69,2488,2
2026-05-16 09:20:27,1.9,11.52,11.73,12.47,2058587,100886,4.9,0,0,0.0,69,51,79,0.00,3.96,12.36,94.01,2493,4
2026-05-16 09:21:28,3.5,11.98,11.79,12.45,2058587,100894,4.9,0,0,0.0,69,51,79,0.00,3.95,12.60,94.51,2494,6
2026-05-16 09:22:28,3.1,12.19,11.88,12.44,2058587,100901,4.9,0,0,0.0,69,51,79,0.00,3.56,14.22,96.38,2493,6
2026-05-16 09:23:29,3.3,11.25,11.65,12.32,2058587,100895,4.9,0,0,0.0,69,51,79,0.00,3.60,14.69,96.82,2495,6
2026-05-16 09:24:29,2.1,11.23,11.60,12.26,2058587,100902,4.9,0,0,0.0,69,51,79,0.00,3.73,13.74,95.87,2484,4
2026-05-16 09:25:29,6.4,11.28,11.50,12.18,2058587,100894,4.9,0,0,0.0,69,51,79,0.00,3.57,12.98,94.83,2474,7
2026-05-16 09:26:30,3.2,15.61,12.49,12.46,2058587,100921,4.9,0,0,0.0,69,51,79,0.00,3.84,14.00,95.84,2465,5
2026-05-16 09:27:30,1.5,12.89,12.30,12.40,2058587,100874,4.9,0,0,0.0,69,51,79,0.00,3.51,12.54,94.71,2468,2
2026-05-16 09:28:30,3.5,11.26,11.90,12.25,2058587,100892,4.9,0,0,0.0,69,51,79,0.00,3.70,10.39,92.22,2469,6
2026-05-16 09:29:31,3.2,12.03,12.18,12.34,2058587,100910,4.9,0,0,0.0,69,51,79,0.00,4.11,13.42,95.50,2472,7
2026-05-16 09:30:31,3.2,13.25,12.52,12.45,2058587,100896,4.9,0,0,0.0,69,51,79,0.00,3.67,14.51,97.21,2480,8
2026-05-16 09:31:31,3.1,12.33,12.39,12.41,2058587,100916,4.9,0,0,0.0,69,51,79,0.00,4.04,14.86,103.95,2475,5
2026-05-16 09:32:32,1.8,11.44,12.11,12.31,2058587,100930,4.9,0,0,0.0,69,51,79,0.00,3.71,13.09,95.12,2478,4
2026-05-16 09:33:32,3.0,12.00,12.12,12.30,2058587,100907,4.9,0,0,0.0,69,51,79,0.00,3.32,14.59,96.84,2482,7
2026-05-16 09:34:33,2.7,11.75,12.04,12.26,2058587,100927,4.9,0,0,0.0,69,51,79,0.00,3.99,14.68,97.07,2482,3
2026-05-16 09:35:33,3.2,12.32,12.20,12.30,2058587,100942,4.9,0,0,0.0,69,51,79,0.00,3.71,12.57,94.28,2477,6
2026-05-16 09:36:33,3.3,11.70,12.01,12.23,2058587,100930,4.9,0,0,0.0,69,51,79,0.00,3.81,11.90,93.72,2486,7
2026-05-16 09:37:34,2.0,11.12,11.81,12.14,2058587,100962,4.9,0,0,0.0,69,51,79,0.00,3.43,12.25,94.21,2481,3
2026-05-16 09:38:34,3.2,12.46,12.12,12.23,2058587,100905,4.9,0,0,0.0,69,51,79,0.00,3.74,12.97,94.99,2476,8
2026-05-16 09:39:34,3.1,10.98,11.76,12.10,2058587,100916,4.9,0,0,0.0,69,51,79,0.00,4.12,12.80,94.53,2481,4
2026-05-16 09:40:35,2.9,11.36,11.78,12.08,2058587,100937,4.9,0,0,0.0,69,51,79,0.00,3.81,14.06,96.33,2486,4
2026-05-16 09:41:35,3.1,11.80,11.85,12.09,2058587,100944,4.9,0,0,0.0,69,51,79,0.00,3.79,14.15,96.33,2480,5
2026-05-16 09:42:35,3.0,11.65,11.79,12.05,2058587,100963,4.9,0,0,0.0,69,51,79,0.00,3.77,14.16,96.49,2484,7
2026-05-16 09:43:36,2.0,11.95,11.89,12.07,2058587,100940,4.9,0,0,0.0,69,51,79,0.00,3.59,13.43,95.37,2490,2
2026-05-16 09:44:36,1.6,12.05,11.93,12.07,2058587,100932,4.9,0,0,0.0,69,51,79,0.00,3.46,12.90,94.85,2483,4
2026-05-16 09:45:37,4.0,11.57,11.79,12.01,2058587,100947,4.9,0,0,0.0,69,51,79,0.00,3.75,11.80,100.53,2486,4
2026-05-16 09:46:37,2.2,10.75,11.51,11.90,2058587,100947,4.9,0,0,0.0,69,51,79,0.00,3.94,11.94,93.67,2494,25
2026-05-16 09:47:37,9.5,11.67,11.66,11.93,2058587,100952,4.9,0,0,0.0,69,51,79,0.00,3.80,13.75,95.84,2500,15
2026-05-16 09:48:38,1.9,12.03,11.73,11.93,2058587,100990,4.9,0,0,0.0,69,51,79,0.00,3.61,14.42,96.67,2499,6
2026-05-16 09:49:38,2.1,11.14,11.53,11.85,2058587,100982,4.9,0,0,0.0,69,51,79,0.00,3.96,11.96,94.07,2505,4
2026-05-16 09:50:38,3.3,10.84,11.34,11.76,2058587,100982,4.9,0,0,0.0,69,51,79,0.00,4.10,12.06,94.10,2500,6
2026-05-16 09:51:39,3.1,12.44,11.68,11.85,2058587,100963,4.9,0,0,0.0,69,51,79,0.00,4.00,14.99,97.07,2496,6
2026-05-16 09:52:39,3.2,13.32,11.98,11.94,2058587,100959,4.9,0,0,0.0,69,51,79,0.00,3.46,14.65,96.89,2485,6
2026-05-16 09:53:39,2.1,12.00,11.85,11.89,2058587,100958,4.9,0,0,0.0,69,51,79,0.00,3.75,14.34,96.38,2492,2
2026-05-16 09:54:40,3.2,11.52,11.74,11.85,2058587,100960,4.9,0,0,0.0,69,51,79,0.00,3.67,14.64,96.98,2486,6
2026-05-16 09:55:40,1.7,12.22,11.86,11.88,2058587,100977,4.9,0,0,0.0,69,51,79,0.00,3.68,13.55,95.81,2492,4
2026-05-16 09:56:41,4.1,11.76,11.73,11.83,2058587,100966,4.9,0,0,0.0,69,51,79,0.00,3.64,10.61,92.33,2491,5
2026-05-16 09:57:41,4.4,12.89,12.04,11.93,2058587,100964,4.9,0,0,0.0,69,51,79,0.00,3.77,14.59,96.98,2495,4
2026-05-16 09:58:41,10.5,12.55,12.11,11.96,2058587,100982,4.9,0,0,0.0,69,51,79,0.00,3.73,14.49,103.09,2491,3
2026-05-16 09:59:42,3.4,13.03,12.31,12.04,2058587,100973,4.9,0,0,0.0,69,51,79,0.00,3.77,13.44,95.73,2489,8
2026-05-16 10:00:42,7.6,11.73,12.08,11.98,2058587,100972,4.9,0,0,0.0,69,51,79,0.00,4.11,13.99,96.06,2491,22
2026-05-16 10:01:42,3.0,10.71,11.75,11.87,2058587,100994,4.9,0,0,0.0,69,51,79,0.00,4.05,13.34,95.04,2487,6
2026-05-16 10:02:43,3.2,12.41,12.06,11.97,2058587,100997,4.9,0,0,0.0,69,51,79,0.00,3.74,14.55,96.86,2487,6
2026-05-16 10:03:43,2.1,11.30,11.85,11.91,2058587,100986,4.9,0,0,0.0,69,51,79,0.00,3.49,14.82,56.08,2480,3
2026-05-16 10:04:44,3.2,11.59,11.83,11.90,2058587,100916,4.9,0,0,0.0,69,51,79,0.00,3.71,14.66,15.40,2482,9
2026-05-16 10:05:44,3.1,11.37,11.70,11.85,2058587,100906,4.9,0,0,0.0,69,51,79,0.00,3.72,16.02,16.53,2484,5
2026-05-16 10:06:44,3.2,11.81,11.77,11.86,2058587,100924,4.9,0,0,0.0,69,51,79,0.00,3.86,15.98,16.67,2480,5
2026-05-16 10:07:45,3.0,10.82,11.54,11.78,2058587,100976,4.9,0,0,0.0,69,51,79,0.00,3.74,12.97,20.04,2477,8
2026-05-16 10:08:45,2.2,11.15,11.57,11.78,2058587,101000,4.9,0,0,0.0,69,51,79,0.00,3.70,13.57,95.68,2482,6
2026-05-16 10:09:45,3.3,10.96,11.45,11.72,2058587,101006,4.9,0,0,0.0,69,51,79,0.00,3.79,14.47,97.11,2490,6
2026-05-16 10:10:46,1.5,11.54,11.55,11.74,2058587,101007,4.9,0,0,0.0,69,51,79,0.00,4.29,13.94,96.10,2490,3
2026-05-16 10:11:46,2.1,24.13,14.55,12.72,2058587,100999,4.9,0,0,0.0,69,51,79,0.00,3.78,12.18,93.83,2492,5
2026-05-16 10:12:46,3.0,15.72,14.00,12.66,2058587,101000,4.9,0,0,0.0,69,51,79,0.00,3.82,11.84,100.72,2502,5
2026-05-16 10:13:47,2.0,13.15,13.60,12.61,2058587,101019,4.9,0,0,0.0,69,51,79,0.00,3.71,14.09,95.99,2497,7
2026-05-16 10:14:47,2.0,11.30,13.01,12.47,2058587,101002,4.9,0,0,0.0,69,51,79,0.00,3.81,13.04,94.82,2483,3
2026-05-16 10:15:48,10.3,10.54,12.50,12.32,2058587,101028,4.9,0,0,0.0,69,51,79,0.00,3.61,13.99,96.23,2481,5
2026-05-16 10:16:48,3.5,11.61,12.48,12.33,2058587,101020,4.9,0,0,0.0,69,51,79,0.00,3.88,14.53,96.84,2486,8
2026-05-16 10:17:48,2.3,11.68,12.32,12.28,2058587,101030,4.9,0,0,0.0,69,51,79,0.00,3.73,14.74,90.08,2494,4
2026-05-16 10:18:49,1.6,11.09,12.07,12.20,2058587,100929,4.9,0,0,0.0,69,51,79,0.00,3.88,14.33,15.03,2503,3
2026-05-16 10:19:49,1.6,10.09,11.60,12.03,2058587,100993,4.9,0,0,0.0,69,51,79,0.00,3.77,12.33,39.68,2501,4
2026-05-16 10:20:49,3.3,9.91,11.27,11.89,2058587,101035,4.9,0,0,0.0,69,51,79,0.00,4.41,11.69,93.54,2508,7
2026-05-16 10:21:50,1.8,9.92,11.06,11.78,2058587,101023,4.9,0,0,0.0,69,51,79,0.00,4.12,11.27,93.09,2492,4
2026-05-16 10:22:50,3.1,13.06,11.76,11.97,2058587,100999,4.9,0,0,0.0,69,51,79,0.00,3.61,13.42,95.41,2487,8
2026-05-16 10:23:50,3.0,11.71,11.64,11.92,2058587,101032,4.9,0,0,0.0,69,51,79,0.00,3.46,13.47,95.98,2487,6
2026-05-16 10:24:51,2.5,10.98,11.45,11.84,2058587,101035,4.9,0,0,0.0,69,51,79,0.00,3.84,12.29,94.25,2498,5
2026-05-16 10:25:51,2.0,11.53,11.52,11.84,2058587,101025,4.9,0,0,0.0,69,51,79,0.00,3.67,10.75,92.46,2504,7
2026-05-16 10:26:52,3.8,13.10,12.06,12.00,2058587,101058,4.9,0,0,0.0,69,51,79,0.00,3.57,13.18,102.07,2510,5
2026-05-16 10:27:52,3.0,14.26,12.63,12.21,2058587,101048,4.9,0,0,0.0,69,51,79,0.00,3.91,14.86,96.83,2501,2
2026-05-16 10:28:52,10.6,17.03,13.64,12.58,2058587,101020,4.9,0,0,0.0,69,51,79,0.00,3.77,11.70,93.47,2501,6
2026-05-16 10:29:53,2.0,21.14,15.55,13.31,2058587,101029,4.9,0,0,0.0,69,51,79,0.00,4.07,14.37,96.55,2498,7
2026-05-16 10:30:53,2.1,21.30,16.49,13.76,2058587,101043,4.9,0,0,0.0,69,51,79,0.00,3.73,13.06,95.04,2494,4
2026-05-16 10:31:53,1.7,15.99,15.96,13.76,2058587,101032,4.9,0,0,0.0,69,51,79,0.00,4.00,12.53,94.23,2486,3
2026-05-16 10:32:54,2.0,16.17,16.11,13.95,2058587,101070,4.9,0,0,0.0,69,51,79,0.00,3.63,12.65,94.61,2487,7
2026-05-16 10:33:54,3.0,14.33,15.47,13.86,2058587,101082,4.9,0,0,0.0,69,51,79,0.00,3.64,14.91,96.73,2489,7
2026-05-16 10:34:54,3.0,18.26,16.30,14.24,2058587,101064,4.9,0,0,0.0,69,51,79,0.00,3.64,12.84,94.99,2484,5
2026-05-16 10:35:55,1.3,15.57,16.05,14.29,2058587,101061,4.9,0,0,0.0,69,51,79,0.00,3.71,11.97,94.06,2475,4
2026-05-16 10:36:55,2.6,14.07,15.49,14.20,2058587,101062,4.9,0,0,0.0,69,51,79,0.00,3.72,12.36,94.16,2493,6
2026-05-16 10:37:56,3.1,16.24,15.75,14.37,2058587,101062,4.9,0,0,0.0,69,51,79,0.00,3.52,14.67,96.90,2495,5
2026-05-16 10:38:56,2.8,16.91,15.86,14.48,2058587,101062,4.9,0,0,0.0,69,51,79,0.00,3.73,14.63,97.03,2495,5
2026-05-16 10:39:56,1.5,13.48,15.10,14.31,2058587,101088,4.9,0,0,0.0,69,51,79,0.00,3.99,12.59,94.47,2489,5
2026-05-16 10:40:57,2.7,10.99,14.10,14.01,2058587,101101,4.9,0,0,0.0,69,51,79,0.00,3.94,8.18,96.55,2498,5
2026-05-16 10:41:57,2.3,11.57,13.73,13.89,2058587,101068,4.9,0,0,0.0,69,51,79,0.00,3.82,14.61,96.53,2487,23
2026-05-16 10:42:57,1.5,16.05,15.19,14.42,2058587,101065,4.9,0,0,0.0,69,51,79,0.00,3.74,9.99,91.92,2489,4
2026-05-16 10:43:58,3.8,16.05,15.12,14.43,2058587,101051,4.9,0,0,0.0,69,51,79,0.00,3.85,11.65,93.69,2481,6
2026-05-16 10:44:58,1.4,16.55,15.54,14.63,2058587,101082,4.9,0,0,0.0,69,51,79,0.00,3.45,14.44,96.49,2491,5
2026-05-16 10:45:58,2.0,13.07,14.70,14.39,2058587,101093,4.9,0,0,0.0,69,51,79,0.00,4.07,12.29,94.27,2490,2
2026-05-16 10:46:59,1.9,12.34,14.18,14.23,2058587,101107,4.9,0,0,0.0,69,51,79,0.00,3.67,13.30,95.49,2485,4
2026-05-16 10:47:59,2.3,11.98,13.73,14.07,2058587,101082,4.9,0,0,0.0,69,51,79,0.00,3.60,9.86,91.47,2488,5
2026-05-16 10:48:59,3.2,12.32,13.52,13.97,2058587,101072,4.9,0,0,0.0,69,51,79,0.00,3.80,14.70,96.95,2503,13
2026-05-16 10:50:00,1.9,12.02,13.22,13.84,2058587,101079,4.9,0,0,0.0,69,51,79,0.00,3.52,13.84,95.82,2497,6
2026-05-16 10:51:00,1.7,11.62,12.93,13.71,2058587,101060,4.9,0,0,0.0,69,51,79,0.00,4.09,13.87,95.93,2503,2
2026-05-16 10:52:01,3.0,10.78,12.42,13.48,2058587,101090,4.9,0,0,0.0,69,51,79,0.00,3.75,9.58,91.20,2514,7
2026-05-16 10:53:01,2.2,11.20,12.25,13.35,2058587,101081,4.9,0,0,0.0,69,51,79,0.00,3.61,14.73,97.00,2504,5
2026-05-16 10:54:01,9.0,10.97,12.00,13.20,2058587,101083,4.9,0,0,0.0,69,51,79,0.00,3.65,12.80,101.22,2487,3
2026-05-16 10:55:02,2.7,11.88,12.08,13.15,2058587,101091,4.9,0,0,0.0,69,51,79,0.00,3.66,14.41,96.62,2491,3
2026-05-16 10:56:02,2.2,11.41,11.91,13.02,2058587,101110,4.9,0,0,0.0,69,51,79,0.00,4.00,13.90,95.98,2483,3
2026-05-16 10:57:02,6.7,10.66,11.61,12.85,2058587,101133,4.9,0,0,0.0,69,51,79,0.00,3.62,11.87,93.63,2488,5
2026-05-16 10:58:03,3.4,11.74,11.74,12.81,2058587,101125,4.9,0,0,0.0,69,51,79,0.00,3.75,14.59,96.72,2493,6
2026-05-16 10:59:03,3.3,12.27,11.89,12.80,2058587,101108,4.9,0,0,0.0,69,51,79,0.00,3.82,13.54,95.53,2500,7
2026-05-16 11:00:04,1.3,11.45,11.73,12.68,2058587,101113,4.9,0,0,0.0,69,51,79,0.00,3.72,11.01,93.03,2506,3
2026-05-16 11:01:04,2.3,11.03,11.52,12.54,2058587,101108,4.9,0,0,0.0,69,51,79,0.00,4.06,9.80,91.40,2499,7
2026-05-16 11:02:04,1.3,11.15,11.50,12.47,2058587,101094,4.9,0,0,0.0,69,51,79,0.00,3.77,12.80,95.06,2491,2
2026-05-16 11:03:05,1.4,11.26,11.47,12.40,2058587,101100,4.9,0,0,0.0,69,51,79,0.00,3.71,12.59,94.56,2487,3
2026-05-16 11:04:05,2.1,11.29,11.43,12.33,2058587,101113,4.9,0,0,0.0,69,51,79,0.00,3.49,9.20,90.85,2490,7
2026-05-16 11:05:05,1.4,20.54,13.34,12.89,2058587,101094,4.9,0,0,0.0,69,51,79,0.00,3.77,12.89,94.83,2494,5
2026-05-16 11:06:06,3.2,13.98,12.74,12.70,2058587,101122,4.9,0,0,0.0,69,51,79,0.00,4.00,12.66,94.64,2496,5
2026-05-16 11:07:06,2.1,11.38,12.21,12.52,2058587,101105,4.9,0,0,0.0,69,51,79,0.00,3.82,9.34,91.02,2493,8
2026-05-16 11:08:06,4.2,11.05,11.94,12.41,2058587,101121,4.9,0,0,0.0,69,51,79,0.00,3.59,14.64,103.49,2496,7
2026-05-16 11:09:07,2.3,11.42,11.94,12.38,2058587,101130,4.9,0,0,0.0,69,51,79,0.00,3.84,13.14,95.22,2502,7
2026-05-16 11:10:07,8.3,12.32,12.11,12.41,2058587,101094,4.9,0,0,0.0,69,51,79,0.00,3.84,14.52,55.80,2510,19
2026-05-16 11:11:08,2.0,11.26,11.83,12.29,2058587,101064,4.9,0,0,0.0,69,51,79,0.00,3.92,12.32,12.51,2505,3
2026-05-16 11:12:08,1.8,15.99,12.79,12.58,2058587,101055,4.9,0,0,0.0,69,51,79,0.00,4.04,15.18,15.84,2509,1
2026-05-16 11:13:08,3.2,13.79,12.68,12.55,2058587,101054,4.9,0,0,0.0,69,51,79,0.00,3.71,14.38,14.74,2508,4
2026-05-16 11:14:09,3.2,11.71,12.27,12.41,2058587,101088,4.9,0,0,0.0,69,51,79,0.00,3.65,13.23,20.47,2506,4
2026-05-16 11:15:09,3.3,12.34,12.45,12.47,2058587,101146,4.9,0,0,0.0,69,51,79,0.00,3.73,14.35,96.44,2504,6
2026-05-16 11:16:09,3.2,11.80,12.26,12.40,2058587,101135,4.9,0,0,0.0,69,51,79,0.00,3.83,13.69,95.72,2500,6
2026-05-16 11:17:10,2.2,12.45,12.44,12.46,2058587,101139,4.9,0,0,0.0,69,51,79,0.00,3.79,14.82,97.06,2504,2
2026-05-16 11:18:10,2.0,11.26,12.13,12.35,2058587,101135,4.9,0,0,0.0,69,51,79,0.00,3.83,13.02,94.72,2504,2
2026-05-16 11:19:11,1.7,10.28,11.68,12.18,2058587,101110,4.9,0,0,0.0,69,51,79,0.00,3.68,9.21,90.96,2496,6
2026-05-16 11:20:11,3.6,10.29,11.39,12.05,2058587,101162,4.9,0,0,0.0,69,51,79,0.00,3.93,12.68,94.44,2509,10
2026-05-16 11:21:11,9.4,10.50,11.28,11.97,2058587,101129,4.9,0,0,0.0,69,51,79,0.00,4.10,14.49,103.53,2510,9
2026-05-16 11:22:12,2.2,11.11,11.30,11.93,2058587,101149,4.9,0,0,0.0,69,51,79,0.00,3.55,14.86,96.86,2509,3
2026-05-16 11:23:12,3.4,13.62,11.99,12.13,2058587,101169,4.9,0,0,0.0,69,51,79,0.00,3.64,14.44,96.55,2510,7
2026-05-16 11:24:12,2.9,12.63,11.95,12.10,2058587,101158,4.9,0,0,0.0,69,51,79,0.00,3.81,11.79,86.89,2517,8
2026-05-16 11:25:13,9.0,12.23,11.95,12.09,2058587,101101,4.9,0,0,0.0,69,51,79,0.00,3.82,14.49,15.14,2503,16
2026-05-16 11:26:13,3.1,12.42,12.13,12.15,2058587,101173,4.9,0,0,0.0,69,51,79,0.00,3.65,15.65,43.63,2501,6
2026-05-16 11:27:14,3.5,12.55,12.17,12.16,2058587,101193,4.9,0,0,0.0,69,51,79,0.00,4.32,13.94,96.27,2509,8
2026-05-16 11:28:14,1.9,12.32,12.20,12.17,2058587,101177,4.9,0,0,0.0,69,51,79,0.00,4.15,13.20,94.78,2507,3
2026-05-16 11:29:14,3.6,11.82,12.10,12.14,2058587,101177,4.9,0,0,0.0,69,51,79,0.00,3.74,14.47,96.72,2505,8
2026-05-16 11:30:15,2.0,11.14,11.84,12.04,2058587,101162,4.9,0,0,0.0,69,51,79,0.00,3.98,9.56,91.21,2514,4
2026-05-16 11:31:15,2.1,12.24,12.06,12.11,2058587,101203,4.9,0,0,0.0,69,51,79,0.00,4.11,14.23,96.33,2510,2
2026-05-16 11:32:15,2.9,19.53,14.05,12.78,2058587,101185,4.9,0,0,0.0,69,51,79,0.00,3.73,12.72,94.53,2508,8
2026-05-16 11:33:16,3.0,13.82,13.40,12.63,2058587,101156,4.9,0,0,0.0,69,51,79,0.00,3.41,11.70,93.41,2501,4
2026-05-16 11:34:16,2.0,14.67,13.70,12.78,2058587,101180,4.9,0,0,0.0,69,51,79,0.00,3.66,14.69,97.04,2498,5
2026-05-16 11:35:17,3.8,12.06,13.12,12.64,2058587,101194,4.9,0,0,0.0,69,51,79,0.00,3.74,13.46,102.27,2492,9
2026-05-16 11:36:17,2.1,11.24,12.73,12.54,2058587,101205,4.9,0,0,0.0,69,51,79,0.00,3.69,14.27,96.31,2500,9
2026-05-16 11:37:17,10.6,11.95,12.78,12.57,2058587,101183,4.9,0,0,0.0,69,51,79,0.00,3.75,13.59,95.66,2509,7
2026-05-16 11:38:18,8.7,11.43,12.46,12.47,2058587,101203,4.9,0,0,0.0,69,51,79,0.00,3.71,12.16,93.90,2507,5
2026-05-16 11:39:18,3.2,11.27,12.21,12.38,2058587,101198,4.9,0,0,0.0,69,51,79,0.00,3.98,14.14,96.01,2506,5
2026-05-16 11:40:18,3.2,11.80,12.25,12.39,2058587,101182,4.9,0,0,0.0,69,51,79,0.00,3.89,14.57,96.34,2509,8
2026-05-16 11:41:19,1.5,11.36,12.06,12.31,2058587,101191,4.9,0,0,0.0,69,51,79,0.00,3.93,13.61,95.58,2506,2
2026-05-16 11:42:19,6.7,13.68,12.42,12.41,2058587,101199,4.9,0,0,0.0,69,51,79,0.00,3.86,13.77,95.99,2502,3
2026-05-16 11:43:19,2.0,12.22,12.20,12.33,2058587,101198,4.9,0,0,0.0,69,51,79,0.00,3.71,11.99,93.61,2503,4
2026-05-16 11:44:20,2.0,12.39,12.23,12.34,2058587,101193,4.9,0,0,0.0,69,51,79,0.00,3.67,14.51,96.57,2506,5
2026-05-16 11:45:20,3.4,11.71,12.05,12.27,2058587,101195,4.9,0,0,0.0,69,51,79,0.00,3.80,13.77,95.82,2503,7
2026-05-16 11:46:21,1.5,11.76,12.00,12.23,2058587,101196,4.9,0,0,0.0,69,51,79,0.00,4.52,11.32,93.36,2495,6
2026-05-16 11:47:21,3.4,12.26,12.06,12.23,2058587,101196,4.9,0,0,0.0,69,51,79,0.00,3.76,14.51,96.91,2497,5
2026-05-16 11:48:21,11.0,13.02,12.28,12.30,2058587,101217,4.9,0,0,0.0,69,51,79,0.00,3.76,14.77,104.04,2488,6
2026-05-16 11:49:22,2.9,12.38,12.23,12.28,2058587,101220,4.9,0,0,0.0,69,51,79,0.00,4.02,14.57,96.94,2484,7
2026-05-16 11:50:22,4.0,13.69,12.51,12.36,2058587,101230,4.9,0,0,0.0,69,51,79,0.00,4.03,14.40,96.96,2495,19
2026-05-16 11:51:22,3.3,12.71,12.43,12.35,2058587,101280,4.9,0,0,0.0,69,51,79,0.00,3.90,14.52,96.93,2502,5
2026-05-16 11:52:23,3.5,14.30,12.91,12.51,2058587,101244,4.9,0,0,0.0,69,51,79,0.00,3.91,14.59,97.09,2504,8
2026-05-16 11:53:23,3.3,12.58,12.65,12.45,2058587,101267,4.9,0,0,0.0,69,51,79,0.00,3.57,14.64,97.06,2510,6
2026-05-16 11:54:24,3.2,18.01,13.91,12.88,2058587,101238,4.9,0,0,0.0,69,51,79,0.00,3.58,14.68,97.04,2505,6
2026-05-16 11:55:24,3.2,21.05,15.96,13.67,2058587,101253,4.9,0,0,0.0,69,51,79,0.00,3.48,14.49,96.86,2499,6
2026-05-16 11:56:24,2.9,17.75,15.89,13.79,2058587,101247,4.9,0,0,0.0,69,51,79,0.00,4.00,14.64,97.07,2491,12
2026-05-16 11:57:25,3.1,14.58,15.33,13.73,2058587,101254,4.9,0,0,0.0,69,51,79,0.00,3.59,14.79,97.20,2481,4
2026-05-16 11:58:25,3.0,13.32,14.81,13.65,2058587,101263,4.9,0,0,0.0,69,51,79,0.00,3.53,14.16,96.50,2485,8
2026-05-16 11:59:25,3.6,12.71,14.34,13.56,2058587,101268,4.9,0,0,0.0,69,51,79,0.00,3.83,14.74,97.31,2491,6
2026-05-16 12:00:26,2.9,14.18,14.52,13.67,2058587,101255,4.9,0,0,0.0,69,51,79,0.00,4.04,14.67,97.28,2495,4
2026-05-16 12:01:26,3.4,15.26,14.68,13.77,2058587,101251,4.9,0,0,0.0,69,51,79,0.00,4.23,14.61,97.11,2497,7
2026-05-16 12:02:26,3.8,13.58,14.31,13.70,2058587,101280,4.9,0,0,0.0,69,51,79,0.00,3.48,14.63,103.82,2502,5
2026-05-16 12:03:27,3.0,12.99,14.01,13.64,2058587,101287,4.9,0,0,0.0,69,51,79,0.00,3.58,14.70,97.17,2491,6
2026-05-16 12:04:27,3.6,12.33,13.64,13.54,2058587,101253,4.9,0,0,0.0,69,51,79,0.00,3.82,14.53,96.81,2485,21
2026-05-16 12:05:28,3.6,12.13,13.38,13.45,2058587,101289,4.9,0,0,0.0,69,51,79,0.00,3.73,14.67,97.06,2477,5
2026-05-16 12:06:28,3.0,11.89,13.12,13.36,2058587,101286,4.9,0,0,0.0,69,51,79,0.00,3.94,14.46,97.22,2486,5
2026-05-16 12:07:28,3.4,13.62,13.43,13.46,2058587,101270,4.9,0,0,0.0,69,51,79,0.00,3.54,14.50,97.00,2485,6
2026-05-16 12:08:29,4.6,12.62,13.20,13.37,2058587,101269,4.9,0,0,0.0,69,51,79,0.00,3.71,14.82,97.40,2487,9
2026-05-16 12:09:29,4.9,13.14,13.16,13.35,2058587,101263,4.9,0,0,0.0,69,51,79,0.00,3.86,14.60,97.04,2487,5
2026-05-16 12:10:29,3.7,13.01,13.14,13.33,2058587,101256,4.9,0,0,0.0,69,51,79,0.00,3.59,14.27,96.67,2485,7
2026-05-16 12:11:30,3.0,14.82,13.47,13.42,2058587,101280,4.9,0,0,0.0,69,51,79,0.00,4.03,14.65,97.05,2489,6
2026-05-16 12:12:30,3.0,14.57,13.75,13.53,2058587,101274,4.9,0,0,0.0,69,51,79,0.00,3.73,14.37,96.85,2489,8
2026-05-16 12:13:30,3.3,17.58,14.70,13.86,2058587,101307,4.9,0,0,0.0,69,51,79,0.00,3.37,14.53,97.03,2492,4
2026-05-16 12:14:31,3.5,15.91,14.85,13.97,2058587,101301,4.9,0,0,0.0,69,51,79,0.00,4.00,14.78,97.21,2502,5
2026-05-16 12:15:31,3.3,18.02,15.49,14.24,2058587,101295,4.9,0,0,0.0,69,51,79,0.00,3.79,14.69,97.10,2499,70
2026-05-16 12:16:32,3.4,20.10,16.61,14.71,2058587,101267,4.9,0,0,0.0,69,51,79,0.00,3.86,15.38,64.01,2501,7
2026-05-16 12:17:32,3.3,19.28,17.08,14.99,2058587,101223,4.9,0,0,0.0,69,51,79,0.00,3.48,15.66,16.59,2491,6
2026-05-16 12:18:32,3.4,18.32,17.10,15.12,2058587,101213,4.9,0,0,0.0,69,51,79,0.00,3.79,15.79,16.88,2499,9
2026-05-16 12:19:33,3.1,18.54,17.52,15.41,2058587,101209,4.9,0,0,0.0,69,51,79,0.00,4.22,15.97,16.85,2507,6
2026-05-16 12:20:33,3.1,18.44,17.49,15.52,2058587,101263,4.9,0,0,0.0,69,51,79,0.00,4.08,15.91,23.89,2506,6
2026-05-16 12:21:33,3.0,18.31,17.76,15.75,2058587,101321,4.9,0,0,0.0,69,51,79,0.00,3.90,14.58,97.08,2497,4
2026-05-16 12:22:34,3.3,17.44,17.65,15.83,2058587,101299,4.9,0,0,0.0,69,51,79,0.00,3.67,14.75,97.19,2499,8
2026-05-16 12:23:34,3.3,15.83,17.10,15.75,2058587,101300,4.9,0,0,0.0,69,51,79,0.00,3.68,14.49,97.02,2500,6
2026-05-16 12:24:35,3.7,14.80,16.54,15.64,2058587,101324,4.9,0,0,0.0,69,51,79,0.00,3.73,14.60,97.06,2486,6
2026-05-16 12:25:35,1.6,12.37,15.63,15.39,2058587,101319,4.9,0,0,0.0,69,51,79,0.00,3.59,11.72,93.36,2496,3
2026-05-16 12:26:35,3.4,13.08,15.18,15.25,2058587,101340,4.9,0,0,0.0,69,51,79,0.00,3.94,13.52,95.59,2496,3
2026-05-16 12:27:36,3.0,12.88,14.74,15.09,2058587,101319,4.9,0,0,0.0,69,51,79,0.00,3.68,14.41,96.44,2507,8
2026-05-16 12:28:36,2.1,12.80,14.43,14.96,2058587,101324,4.9,0,0,0.0,69,51,79,0.00,3.52,12.85,94.84,2503,5
2026-05-16 12:29:36,3.0,11.77,13.85,14.73,2058587,101342,4.9,0,0,0.0,69,51,79,0.00,4.02,13.44,102.53,2511,5
2026-05-16 12:30:37,2.2,12.01,13.60,14.59,2058587,101324,4.9,0,0,0.0,69,51,79,0.00,4.05,13.91,89.08,2504,4
2026-05-16 12:31:37,2.0,11.63,13.20,14.39,2058587,101253,4.9,0,0,0.0,69,51,79,0.00,3.79,16.02,16.82,2507,2
2026-05-16 12:32:37,7.8,11.63,12.92,14.22,2058587,101302,4.9,0,0,0.0,69,51,79,0.00,3.89,12.95,40.52,2503,3
2026-05-16 12:33:38,3.2,13.24,13.14,14.21,2058587,101380,4.9,0,0,0.0,69,51,79,0.00,3.81,14.46,96.72,2499,7
2026-05-16 12:34:38,3.1,12.61,12.98,14.08,2058587,101338,4.9,0,0,0.0,69,51,79,0.00,3.39,13.06,95.02,2492,7
2026-05-16 12:35:39,3.2,12.04,12.77,13.94,2058587,101355,4.9,0,0,0.0,69,51,79,0.00,3.69,14.81,96.64,2494,5
2026-05-16 12:36:39,3.4,11.77,12.53,13.78,2058587,101361,4.9,0,0,0.0,69,51,79,0.00,3.86,11.26,93.24,2489,4
2026-05-16 12:37:39,3.4,11.98,12.46,13.68,2058587,101361,4.9,0,0,0.0,69,51,79,0.00,3.79,14.69,96.92,2493,8
2026-05-16 12:38:40,3.2,12.20,12.41,13.59,2058587,101362,4.9,0,0,0.0,69,51,79,0.00,3.64,14.71,96.93,2496,6
2026-05-16 12:39:40,2.1,11.29,12.12,13.41,2058587,101370,4.9,0,0,0.0,69,51,79,0.00,4.10,12.87,94.60,2496,21
2026-05-16 12:40:40,2.0,11.03,11.93,13.27,2058587,101375,4.9,0,0,0.0,69,51,79,0.00,3.99,14.09,96.38,2503,2
2026-05-16 12:41:41,3.3,11.46,11.89,13.16,2058587,101427,4.9,0,0,0.0,69,51,79,0.00,3.97,14.37,96.71,2504,7
2026-05-16 12:42:41,2.0,13.63,12.48,13.29,2058587,101365,4.9,0,0,0.0,69,51,79,0.00,3.78,14.47,96.85,2489,3
2026-05-16 12:43:41,2.5,11.34,12.01,13.07,2058587,101360,4.9,0,0,0.0,69,51,79,0.00,3.84,11.63,100.28,2487,3
2026-05-16 12:44:42,3.6,12.50,12.20,13.07,2058587,101361,4.9,0,0,0.0,69,51,79,0.00,3.47,13.68,95.92,2475,6
2026-05-16 12:45:42,2.1,11.84,12.03,12.95,2058587,101397,4.9,0,0,0.0,69,51,79,0.00,3.77,12.76,95.02,2474,4
2026-05-16 12:46:43,12.1,11.69,11.94,12.86,2058587,101374,4.9,0,0,0.0,69,51,79,0.00,4.09,13.49,95.47,2476,7
2026-05-16 12:47:43,2.0,11.01,11.70,12.72,2058587,101355,4.9,0,0,0.0,69,51,79,0.00,3.53,10.67,92.73,2498,2
2026-05-16 12:48:43,1.5,10.57,11.44,12.57,2058587,101373,4.9,0,0,0.0,69,51,79,0.00,3.70,10.72,92.43,2502,4
2026-05-16 12:49:44,3.0,11.15,11.45,12.50,2058587,101386,4.9,0,0,0.0,69,51,79,0.00,3.94,10.18,91.99,2513,5
2026-05-16 12:50:44,2.9,11.62,11.53,12.45,2058587,101392,4.9,0,0,0.0,69,51,79,0.00,3.85,14.32,96.37,2508,3
2026-05-16 12:51:44,1.7,10.92,11.36,12.34,2058587,101372,4.9,0,0,0.0,69,51,79,0.00,4.08,10.82,92.62,2514,5
2026-05-16 12:52:45,2.0,11.11,11.33,12.26,2058587,101407,4.9,0,0,0.0,69,51,79,0.00,3.82,9.81,91.53,2503,6
2026-05-16 12:53:45,7.5,11.33,11.39,12.23,2058587,101412,4.9,0,0,0.0,69,51,79,0.00,3.74,13.63,95.68,2499,4
2026-05-16 12:54:45,1.6,10.97,11.29,12.14,2058587,101410,4.9,0,0,0.0,69,51,79,0.00,3.46,13.04,94.85,2489,2
2026-05-16 12:55:46,1.8,10.89,11.21,12.05,2058587,101401,4.9,0,0,0.0,69,51,79,0.00,3.72,12.34,94.11,2486,4
2026-05-16 12:56:46,2.0,11.58,11.37,12.06,2058587,101422,4.9,0,0,0.0,69,51,79,0.00,3.90,13.56,102.21,2487,4
2026-05-16 12:57:47,1.6,10.75,11.14,11.93,2058587,101379,4.9,0,0,0.0,69,51,79,0.00,3.73,11.30,93.07,2484,4
2026-05-16 12:58:47,3.1,11.30,11.22,11.91,2058587,101382,4.9,0,0,0.0,69,51,79,0.00,3.56,14.01,96.15,2484,6
2026-05-16 12:59:47,2.0,10.91,11.15,11.84,2058587,101380,4.9,0,0,0.0,69,51,79,0.00,3.88,12.86,94.71,2491,2
2026-05-16 13:00:48,2.2,11.21,11.12,11.78,2058587,101408,4.9,0,0,0.0,69,51,79,0.00,4.25,11.43,93.26,2494,4
2026-05-16 13:01:48,2.1,10.86,11.03,11.71,2058587,101404,4.9,0,0,0.0,69,51,79,0.00,3.71,12.65,94.41,2493,4
2026-05-16 13:02:48,8.2,11.78,11.26,11.75,2058587,101378,4.9,0,0,0.0,69,51,79,0.00,3.59,14.66,97.08,2492,6
2026-05-16 13:03:49,2.1,11.38,11.25,11.71,2058587,101402,4.9,0,0,0.0,69,51,79,0.00,4.04,13.25,95.36,2501,4
2026-05-16 13:04:49,2.2,10.58,11.04,11.61,2058587,101423,4.9,0,0,0.0,69,51,79,0.00,3.79,14.37,96.26,2486,6
2026-05-16 13:05:50,2.0,11.24,11.14,11.61,2058587,101413,4.9,0,0,0.0,69,51,79,0.00,3.62,13.58,95.39,2487,3
2026-05-16 13:06:50,2.1,12.55,11.50,11.70,2058587,101395,4.9,0,0,0.0,69,51,79,0.00,3.80,13.87,95.96,2490,3
2026-05-16 13:07:50,3.0,11.72,11.46,11.68,2058587,101396,4.9,0,0,0.0,69,51,79,0.00,3.71,12.97,95.00,2488,5
2026-05-16 13:08:51,2.8,12.11,11.61,11.71,2058587,101372,4.9,0,0,0.0,69,51,79,0.00,3.78,14.85,97.29,2484,7
2026-05-16 13:09:51,1.5,10.68,11.31,11.60,2058587,101354,4.9,0,0,0.0,69,51,79,0.00,3.75,13.01,94.80,2485,3
2026-05-16 13:10:51,8.7,11.63,11.42,11.62,2058587,101411,4.9,0,0,0.0,69,51,79,0.00,4.06,14.56,103.34,2479,9
2026-05-16 13:11:52,2.9,13.03,11.73,11.71,2058587,101417,4.9,0,0,0.0,69,51,79,0.00,3.96,14.42,96.71,2487,3
2026-05-16 13:12:52,2.2,11.18,11.41,11.60,2058587,101415,4.9,0,0,0.0,69,51,79,0.00,3.75,11.52,93.24,2488,5
2026-05-16 13:13:52,3.5,11.83,11.53,11.62,2058587,101428,4.9,0,0,0.0,69,51,79,0.00,3.70,14.83,97.09,2491,6
2026-05-16 13:14:53,1.7,12.44,11.85,11.73,2058587,101422,4.9,0,0,0.0,69,51,79,0.00,4.12,12.81,95.23,2487,6
2026-05-16 13:15:53,3.4,11.60,11.73,11.70,2058587,101434,4.9,0,0,0.0,69,51,79,0.00,3.80,12.15,94.05,2490,9
2026-05-16 13:16:54,3.1,12.64,12.02,11.80,2058587,101416,4.9,0,0,0.0,69,51,79,0.00,3.80,14.89,97.20,2481,5
2026-05-16 13:17:54,3.0,11.58,11.87,11.77,2058587,101431,4.9,0,0,0.0,69,51,79,0.00,3.47,13.53,95.45,2472,6
2026-05-16 13:18:54,2.8,11.33,11.74,11.73,2058587,101403,4.9,0,0,0.0,69,51,79,0.00,3.89,14.35,96.32,2471,11
2026-05-16 13:19:55,2.0,10.63,11.49,11.64,2058587,101426,4.9,0,0,0.0,69,51,79,0.00,4.04,10.44,92.15,2477,6
2026-05-16 13:20:55,2.1,11.51,11.63,11.68,2058587,101414,4.9,0,0,0.0,69,51,79,0.00,3.96,11.81,93.68,2480,2
2026-05-16 13:21:55,8.2,11.06,11.47,11.63,2058587,101427,4.9,0,0,0.0,69,51,79,0.00,3.78,10.35,92.08,2465,4
2026-05-16 13:22:56,1.5,11.84,11.66,11.68,2058587,101360,4.9,0,0,0.0,69,51,79,0.00,3.87,14.57,62.30,2466,5
2026-05-16 13:23:56,2.0,11.93,11.67,11.68,2058587,101334,4.9,0,0,0.0,69,51,79,0.00,3.67,13.09,13.44,2469,8
2026-05-16 13:24:56,3.3,11.26,11.47,11.61,2058587,101327,4.9,0,0,0.0,69,51,79,0.00,3.51,12.70,13.06,2482,5
2026-05-16 13:25:57,1.6,10.40,11.20,11.50,2058587,101324,4.9,0,0,0.0,69,51,79,0.00,3.76,15.43,15.88,2492,3
2026-05-16 13:26:57,6.4,10.28,11.00,11.41,2058587,101368,4.9,0,0,0.0,69,51,79,0.00,4.01,9.88,16.80,2505,5
2026-05-16 13:27:58,12.5,11.38,11.18,11.45,2058587,101442,4.9,0,0,0.0,69,51,79,0.00,3.87,9.62,91.43,2515,7
2026-05-16 13:28:58,5.7,13.56,11.75,11.63,2058587,101419,4.9,0,0,0.0,69,51,79,0.00,3.52,14.41,96.62,2514,5
2026-05-16 13:29:58,3.1,11.99,11.68,11.61,2058587,101418,4.9,0,0,0.0,69,51,79,0.00,4.17,14.47,96.59,2506,3
2026-05-16 13:30:59,1.9,11.21,11.56,11.58,2058587,101424,4.9,0,0,0.0,69,51,79,0.00,4.20,14.10,96.29,2493,5
2026-05-16 13:31:59,4.1,11.03,11.46,11.54,2058587,101431,4.9,0,0,0.0,69,51,79,0.00,3.63,13.71,95.60,2492,5
2026-05-16 13:32:59,3.2,12.50,11.82,11.66,2058587,101424,4.9,0,0,0.0,69,51,79,0.00,3.63,14.54,96.80,2480,5
2026-05-16 13:34:00,3.9,11.86,11.80,11.67,2058587,101434,4.9,0,0,0.0,69,51,79,0.00,3.79,14.72,97.03,2488,14
2026-05-16 13:35:00,2.1,11.54,11.76,11.66,2058587,101455,4.9,0,0,0.0,69,51,79,0.00,3.57,14.38,96.76,2501,3
2026-05-16 13:36:00,3.0,11.16,11.57,11.60,2058587,101424,4.9,0,0,0.0,69,51,79,0.00,3.95,13.60,95.61,2501,7
2026-05-16 13:37:01,3.4,11.93,11.70,11.64,2058587,101443,4.9,0,0,0.0,69,51,79,0.00,3.64,14.31,96.54,2500,7
2026-05-16 13:38:01,1.6,11.17,11.59,11.61,2058587,101403,4.9,0,0,0.0,69,51,79,0.00,3.68,14.45,15.25,2496,3
2026-05-16 13:39:02,2.0,21.01,13.69,12.30,2058587,101475,4.9,0,0,0.0,69,51,79,0.00,3.84,14.30,41.99,2493,4
2026-05-16 13:40:02,3.3,35.82,19.85,14.54,2058587,101478,4.9,0,0,0.0,69,51,79,0.00,3.80,12.41,94.36,2484,9
2026-05-16 13:41:02,2.1,24.60,19.67,14.81,2058587,101460,4.9,0,0,0.0,69,51,79,0.00,4.27,14.27,96.58,2487,7
2026-05-16 13:42:03,3.5,17.29,18.71,14.80,2058587,101479,4.9,0,0,0.0,69,51,79,0.00,3.84,12.06,94.03,2500,10
2026-05-16 13:43:03,3.7,14.97,17.73,14.70,2058587,101510,4.9,0,0,0.0,69,51,79,0.00,3.82,13.40,95.68,2501,5
2026-05-16 13:44:03,3.7,13.73,16.86,14.59,2058587,101479,4.9,0,0,0.0,69,51,79,0.00,3.52,14.46,96.69,2488,6
2026-05-16 13:45:04,3.2,12.66,15.98,14.43,2058587,101495,4.9,0,0,0.0,69,51,79,0.00,3.75,14.68,97.12,2484,7
2026-05-16 13:46:04,1.5,11.96,15.20,14.26,2058587,101451,4.9,0,0,0.0,69,51,79,0.00,3.81,13.25,95.48,2478,4
2026-05-16 13:47:05,1.6,11.80,14.52,14.08,2058587,101458,4.9,0,0,0.0,69,51,79,0.00,3.79,12.71,94.87,2468,3
2026-05-16 13:48:05,2.1,10.90,13.77,13.85,2058587,101444,4.9,0,0,0.0,69,51,79,0.00,3.51,9.71,91.74,2468,5
2026-05-16 13:49:05,2.2,10.49,13.14,13.63,2058587,101481,4.9,0,0,0.0,69,51,79,0.00,3.65,11.98,93.72,2473,18
2026-05-16 13:50:06,2.0,11.74,13.01,13.55,2058587,101465,4.9,0,0,0.0,69,51,79,0.00,4.11,14.54,96.78,2474,8
2026-05-16 13:51:06,2.3,12.15,12.85,13.46,2058587,101499,4.9,0,0,0.0,69,51,79,0.00,3.91,13.77,96.03,2475,9
2026-05-16 13:52:06,2.6,11.49,12.59,13.33,2058587,101490,4.9,0,0,0.0,69,51,79,0.00,3.75,14.72,103.67,2478,3
2026-05-16 13:53:07,3.4,11.78,12.44,13.23,2058587,101481,4.9,0,0,0.0,69,51,79,0.00,3.67,14.59,96.89,2485,7
2026-05-16 13:54:07,1.3,11.52,12.25,13.11,2058587,101469,4.9,0,0,0.0,69,51,79,0.00,3.83,11.78,93.78,2492,3
2026-05-16 13:55:07,11.6,10.92,11.92,12.94,2058587,101492,4.9,0,0,0.0,69,51,79,0.00,3.51,13.67,95.67,2499,26
2026-05-16 13:56:08,3.6,14.52,12.94,13.24,2058587,101497,4.9,0,0,0.0,69,51,79,0.00,3.79,14.14,96.09,2495,2
2026-05-16 13:57:08,3.2,14.96,13.24,13.31,2058587,101511,4.9,0,0,0.0,69,51,79,0.00,3.98,14.50,96.68,2492,9
2026-05-16 13:58:09,1.6,13.88,13.30,13.33,2058587,101513,4.9,0,0,0.0,69,51,79,0.00,3.43,13.64,95.44,2489,4
2026-05-16 13:59:09,2.1,19.33,14.99,13.91,2058587,101508,4.9,0,0,0.0,69,51,79,0.00,3.86,14.04,95.94,2482,4
2026-05-16 14:00:09,3.3,16.88,15.11,14.03,2058587,101512,4.9,0,0,0.0,69,51,79,0.00,3.95,13.98,96.35,2484,3
2026-05-16 14:01:10,1.8,16.40,15.44,14.21,2058587,101479,4.9,0,0,0.0,69,51,79,0.00,4.21,11.84,93.91,2491,6
2026-05-16 14:02:10,2.0,16.52,15.93,14.48,2058587,101506,4.9,0,0,0.0,69,51,79,0.00,3.50,14.44,96.42,2500,6
2026-05-16 14:03:10,1.7,16.40,15.95,14.57,2058587,101516,4.9,0,0,0.0,69,51,79,0.00,3.68,10.08,91.80,2501,2
2026-05-16 14:04:11,3.7,16.78,15.96,14.65,2058587,101504,4.9,0,0,0.0,69,51,79,0.00,3.78,12.27,94.37,2504,5
2026-05-16 14:05:11,1.6,15.82,16.01,14.76,2058587,101526,4.9,0,0,0.0,69,51,79,0.00,3.75,13.52,95.77,2504,145
2026-05-16 14:06:11,1.8,15.84,16.05,14.85,2058587,101563,4.9,0,0,0.0,69,51,79,0.00,4.06,13.51,102.41,2495,5
2026-05-16 14:07:12,2.6,14.76,15.89,14.88,2058587,101521,4.9,0,0,0.0,69,51,79,0.00,3.46,10.32,91.96,2482,4
2026-05-16 14:08:12,3.5,14.64,15.58,14.83,2058587,101535,4.9,0,0,0.0,69,51,79,0.00,3.71,14.11,96.02,2474,5
2026-05-16 14:09:13,9.2,12.83,14.89,14.64,2058587,101500,4.9,0,0,0.0,69,51,79,0.00,4.05,11.80,93.66,2478,3
2026-05-16 14:10:13,3.2,14.01,14.84,14.64,2058587,101530,4.9,0,0,0.0,69,51,79,0.00,3.86,14.51,96.72,2486,17
2026-05-16 14:11:13,3.0,14.69,14.84,14.65,2058587,101499,4.9,0,0,0.0,69,51,79,0.00,4.30,14.72,97.01,2491,5
2026-05-16 14:12:14,1.9,13.73,14.64,14.60,2058587,101509,4.9,0,0,0.0,69,51,79,0.00,3.80,12.90,95.05,2498,4
2026-05-16 14:13:14,2.1,12.86,14.28,14.48,2058587,101542,4.9,0,0,0.0,69,51,79,0.00,3.73,14.67,96.99,2502,4
2026-05-16 14:14:14,2.2,11.22,13.52,14.20,2058587,101541,4.9,0,0,0.0,69,51,79,0.00,3.62,12.41,94.17,2495,5
2026-05-16 14:15:15,2.1,11.70,13.22,14.05,2058587,101541,4.9,0,0,0.0,69,51,79,0.00,4.07,13.86,95.66,2489,4
2026-05-16 14:16:15,3.3,11.64,12.87,13.88,2058587,101553,4.9,0,0,0.0,69,51,79,0.00,4.01,11.42,93.85,2486,11
2026-05-16 14:17:16,3.0,14.52,13.27,13.94,2058587,101529,4.9,0,0,0.0,69,51,79,0.00,3.47,11.83,93.95,2482,8
2026-05-16 14:18:16,1.7,11.72,12.73,13.71,2058587,101499,4.9,0,0,0.0,69,51,79,0.00,3.71,9.26,91.11,2486,6
2026-05-16 14:19:16,6.6,12.29,12.68,13.63,2058587,101546,4.9,0,0,0.0,69,51,79,0.00,3.84,13.57,95.78,2483,4
2026-05-16 14:20:17,3.3,11.19,12.26,13.42,2058587,101557,4.9,0,0,0.0,69,51,79,0.00,4.09,11.38,99.94,2488,7
2026-05-16 14:21:17,3.2,11.99,12.25,13.34,2058587,101538,4.9,0,0,0.0,69,51,79,0.00,3.84,14.43,96.84,2485,9
2026-05-16 14:22:17,1.8,11.40,12.03,13.20,2058587,101557,4.9,0,0,0.0,69,51,79,0.00,3.82,13.24,95.08,2493,3
2026-05-16 14:23:18,9.4,11.51,11.92,13.08,2058587,101529,4.9,0,0,0.0,69,51,79,0.00,3.72,14.47,96.57,2499,22
2026-05-16 14:24:18,2.0,10.42,11.57,12.89,2058587,101518,4.9,0,0,0.0,69,51,79,0.00,3.69,9.64,91.32,2505,3
2026-05-16 14:25:18,3.4,11.75,11.71,12.85,2058587,101533,4.9,0,0,0.0,69,51,79,0.00,3.45,14.56,96.63,2501,5
2026-05-16 14:26:19,2.0,12.24,11.91,12.85,2058587,101531,4.9,0,0,0.0,69,51,79,0.00,3.91,12.88,94.97,2502,4
2026-05-16 14:27:19,3.2,11.37,11.69,12.71,2058587,101539,4.9,0,0,0.0,69,51,79,0.00,3.71,10.98,92.77,2493,8
2026-05-16 14:28:20,1.8,13.34,12.47,12.93,2058587,101549,4.9,0,0,0.0,69,51,79,0.00,3.45,13.06,95.22,2489,3
2026-05-16 14:29:20,2.2,11.36,12.09,12.77,2058587,101541,4.9,0,0,0.0,69,51,79,0.00,4.22,12.90,60.66,2496,7
2026-05-16 14:30:20,3.2,12.25,12.20,12.77,2058587,101495,4.9,0,0,0.0,69,51,79,0.00,3.98,16.03,16.65,2486,6
2026-05-16 14:31:21,2.1,12.18,12.23,12.74,2058587,101517,4.9,0,0,0.0,69,51,79,0.00,4.27,14.64,15.42,2483,2
2026-05-16 14:32:21,3.3,11.63,12.06,12.65,2058587,101501,4.9,0,0,0.0,69,51,79,0.00,3.54,14.30,14.99,2490,6
2026-05-16 14:33:21,2.0,11.49,11.98,12.59,2058587,101520,4.9,0,0,0.0,69,51,79,0.00,3.71,15.42,21.86,2488,4
2026-05-16 14:34:22,3.1,12.27,12.08,12.58,2058587,101582,4.9,0,0,0.0,69,51,79,0.00,3.75,14.06,103.95,2474,9
2026-05-16 14:35:22,4.9,11.50,11.86,12.47,2058587,101575,4.9,0,0,0.0,69,51,79,0.00,3.57,14.18,96.05,2477,28
2026-05-16 14:36:23,10.3,11.74,11.83,12.42,2058587,101574,4.9,0,0,0.0,69,51,79,0.00,3.89,14.10,96.09,2480,3
2026-05-16 14:37:23,1.9,12.62,12.07,12.46,2058587,101574,4.9,0,0,0.0,69,51,79,0.00,3.82,14.72,96.95,2467,4
2026-05-16 14:38:23,3.3,11.40,11.77,12.33,2058587,101620,4.9,0,0,0.0,69,51,79,0.00,3.67,12.70,94.86,2473,20
2026-05-16 14:39:24,3.1,12.24,11.88,12.33,2058587,101598,4.9,0,0,0.0,69,51,79,0.00,3.82,13.57,95.41,2474,23
2026-05-16 14:40:24,2.1,16.85,13.38,12.82,2058587,101560,4.9,0,0,0.0,69,51,79,0.00,3.85,11.03,92.93,2481,3
2026-05-16 14:41:24,1.7,14.01,13.19,12.79,2058587,101578,4.9,0,0,0.0,69,51,79,0.00,4.05,14.48,96.74,2498,2
2026-05-16 14:42:25,3.2,13.76,13.19,12.81,2058587,101570,4.9,0,0,0.0,69,51,79,0.00,3.61,12.86,94.85,2503,8
2026-05-16 14:43:25,3.2,13.31,13.14,12.82,2058587,101602,4.9,0,0,0.0,69,51,79,0.00,3.53,14.71,97.44,2499,5
2026-05-16 14:44:25,3.2,12.65,12.94,12.77,2058587,101541,4.9,0,0,0.0,69,51,79,0.00,3.75,15.82,16.73,2494,5
2026-05-16 14:45:26,2.0,11.64,12.60,12.66,2058587,101556,4.9,0,0,0.0,69,51,79,0.00,3.82,15.34,36.40,2487,3
2026-05-16 14:46:26,2.4,16.24,14.06,13.17,2058587,101620,4.9,0,0,0.0,69,51,79,0.00,3.98,10.96,92.65,2475,6
2026-05-16 14:47:27,2.6,12.94,13.50,13.04,2058587,101581,4.9,0,0,0.0,69,51,79,0.00,3.57,14.16,103.04,2476,3
2026-05-16 14:48:27,1.3,11.60,13.03,12.90,2058587,101576,4.9,0,0,0.0,69,51,79,0.00,3.74,13.03,94.93,2481,5
2026-05-16 14:49:27,8.4,11.09,12.61,12.76,2058587,101569,4.9,0,0,0.0,69,51,79,0.00,3.73,13.07,94.94,2471,20
2026-05-16 14:50:28,2.1,10.96,12.28,12.64,2058587,101573,4.9,0,0,0.0,69,51,79,0.00,3.98,13.10,94.85,2473,4
2026-05-16 14:51:28,1.8,10.19,11.85,12.47,2058587,101545,4.9,0,0,0.0,69,51,79,0.00,4.18,11.67,93.35,2480,3
2026-05-16 14:52:28,2.8,10.77,11.70,12.37,2058587,101584,4.9,0,0,0.0,69,51,79,0.00,3.77,10.18,91.94,2482,4
2026-05-16 14:53:29,1.9,11.33,11.75,12.35,2058587,101575,4.9,0,0,0.0,69,51,79,0.00,3.57,13.54,95.81,2489,3
2026-05-16 14:54:29,8.7,10.34,11.39,12.19,2058587,101579,4.9,0,0,0.0,69,51,79,0.00,3.61,14.52,96.51,2488,5
2026-05-16 14:55:29,2.0,11.49,11.48,12.17,2058587,101596,4.9,0,0,0.0,69,51,79,0.00,3.82,13.54,95.62,2487,4
2026-05-16 14:56:30,1.5,11.43,11.43,12.10,2058587,101591,4.9,0,0,0.0,69,51,79,0.00,3.88,9.67,91.21,2476,2
2026-05-16 14:57:30,3.4,13.02,11.79,12.18,2058587,101591,4.9,0,0,0.0,69,51,79,0.00,3.81,13.58,95.74,2469,6
2026-05-16 14:58:31,1.8,12.01,11.76,12.14,2058587,101599,4.9,0,0,0.0,69,51,79,0.00,3.65,14.56,96.61,2466,4
2026-05-16 14:59:31,3.7,11.38,11.58,12.05,2058587,101586,4.9,0,0,0.0,69,51,79,0.00,4.85,11.00,92.79,2463,5
2026-05-16 15:00:31,2.1,10.92,11.45,11.98,2058587,101623,4.9,0,0,0.0,69,51,79,0.00,4.18,10.89,97.12,2465,8
2026-05-16 15:01:32,3.0,22.64,16.03,13.61,2058587,101599,4.9,0,0,0.0,69,51,79,0.00,3.95,13.85,98.50,2476,5
2026-05-16 15:02:32,2.2,14.85,15.04,13.42,2058587,101598,4.9,0,0,0.0,69,51,79,0.00,3.76,10.94,92.94,2469,5
2026-05-16 15:03:32,2.9,12.65,14.34,13.28,2058587,101606,4.9,0,0,0.0,69,51,79,0.00,3.60,13.29,95.33,2482,6
2026-05-16 15:04:33,6.8,12.23,13.94,13.20,2058587,101566,4.9,0,0,0.0,69,51,79,0.00,3.84,12.32,94.54,2493,3
2026-05-16 15:05:33,1.7,10.83,13.21,13.00,2058587,101581,4.9,0,0,0.0,69,51,79,0.00,3.52,9.08,90.77,2496,2
2026-05-16 15:06:33,1.9,10.23,12.62,12.81,2058587,101592,4.9,0,0,0.0,69,51,79,0.00,3.96,11.33,93.07,2487,4
2026-05-16 15:07:34,3.2,11.39,12.49,12.75,2058587,101600,4.9,0,0,0.0,69,51,79,0.00,3.57,13.92,96.15,2503,5
2026-05-16 15:08:34,1.5,10.61,12.09,12.60,2058587,101589,4.9,0,0,0.0,69,51,79,0.00,3.78,10.66,92.26,2501,4
2026-05-16 15:09:35,3.3,11.58,12.14,12.58,2058587,101587,4.9,0,0,0.0,69,51,79,0.00,3.71,12.65,94.56,2503,11
2026-05-16 15:10:35,3.0,16.80,13.18,12.89,2058587,101600,4.9,0,0,0.0,69,51,79,0.00,4.12,14.38,96.89,2507,8
2026-05-16 15:11:35,2.2,13.67,12.94,12.83,2058587,101621,4.9,0,0,0.0,69,51,79,0.00,3.89,14.18,96.28,2508,4
2026-05-16 15:12:36,3.2,12.72,12.78,12.78,2058587,101610,4.9,0,0,0.0,69,51,79,0.00,3.74,14.04,96.56,2495,8
2026-05-16 15:13:36,2.8,13.70,13.09,12.89,2058587,101603,4.9,0,0,0.0,69,51,79,0.00,3.55,14.72,96.93,2491,5
2026-05-16 15:14:36,2.2,11.76,12.67,12.76,2058587,101604,4.9,0,0,0.0,69,51,79,0.00,4.89,9.78,98.20,2482,3
2026-05-16 15:15:37,2.3,10.86,12.24,12.60,2058587,101616,4.9,0,0,0.0,69,51,79,0.00,3.96,10.86,92.69,2478,6
2026-05-16 15:16:37,3.8,11.69,12.22,12.57,2058587,101635,4.9,0,0,0.0,69,51,79,0.00,3.86,14.74,97.33,2479,5
2026-05-16 15:17:37,8.2,10.73,11.87,12.43,2058587,101585,4.9,0,0,0.0,69,51,79,0.00,3.81,11.21,93.00,2487,6
2026-05-16 15:18:38,4.6,10.39,11.58,12.29,2058587,101597,4.9,0,0,0.0,69,51,79,0.00,3.66,14.43,96.38,2480,7
2026-05-16 15:19:38,3.5,11.88,11.85,12.34,2058587,101610,4.9,0,0,0.0,69,51,79,0.00,4.18,14.83,97.02,2478,4
2026-05-16 15:20:39,1.9,11.10,11.67,12.25,2058587,101577,4.9,0,0,0.0,69,51,79,0.00,3.87,12.43,94.43,2484,5
2026-05-16 15:21:39,1.8,10.92,11.57,12.18,2058587,101599,4.9,0,0,0.0,69,51,79,0.00,4.07,12.93,95.03,2484,4
2026-05-16 15:22:39,3.1,11.80,11.63,12.16,2058587,101619,4.9,0,0,0.0,69,51,79,0.00,3.69,12.17,94.22,2479,5
2026-05-16 15:23:40,3.2,26.39,16.02,13.64,2058587,101604,4.9,0,0,0.0,69,51,79,0.00,3.47,13.68,95.91,2483,8
2026-05-16 15:24:40,3.0,23.42,17.21,14.20,2058587,101623,4.9,0,0,0.0,69,51,79,0.00,3.78,12.96,94.82,2487,6
2026-05-16 15:25:40,3.0,17.02,16.54,14.16,2058587,101643,4.9,0,0,0.0,69,51,79,0.00,3.58,14.61,97.23,2482,6
2026-05-16 15:26:41,1.7,14.41,15.92,14.10,2058587,101596,4.9,0,0,0.0,69,51,79,0.00,4.22,13.81,96.21,2476,3
2026-05-16 15:27:41,3.3,12.43,15.03,13.90,2058587,101643,4.9,0,0,0.0,69,51,79,0.00,3.75,12.92,94.98,2482,6
2026-05-16 15:28:41,3.4,11.90,14.40,13.76,2058587,101648,4.9,0,0,0.0,69,51,79,0.00,3.39,13.98,102.55,2487,3
2026-05-16 15:29:42,3.8,11.69,13.83,13.60,2058587,101629,4.9,0,0,0.0,69,51,79,0.00,3.88,12.89,95.15,2490,6
2026-05-16 15:30:42,2.3,10.97,13.25,13.41,2058587,101633,4.9,0,0,0.0,69,51,79,0.00,4.15,11.34,93.39,2493,18
2026-05-16 15:31:43,2.9,12.00,13.08,13.34,2058587,101635,4.9,0,0,0.0,69,51,79,0.00,3.99,13.65,95.71,2498,6
2026-05-16 15:32:43,1.8,11.06,12.61,13.16,2058587,101619,4.9,0,0,0.0,69,51,79,0.00,3.75,9.85,91.55,2492,6
2026-05-16 15:33:43,3.1,12.22,12.59,13.12,2058587,101608,4.9,0,0,0.0,69,51,79,0.00,3.71,13.87,96.12,2489,8
2026-05-16 15:34:44,3.2,12.84,12.66,13.10,2058587,101635,4.9,0,0,0.0,69,51,79,0.00,3.84,12.54,94.65,2485,28
2026-05-16 15:35:44,3.1,11.51,12.34,12.96,2058587,101595,4.9,0,0,0.0,69,51,79,0.00,3.41,14.56,62.82,2481,7
2026-05-16 15:36:44,2.4,11.55,12.21,12.88,2058587,101576,4.9,0,0,0.0,69,51,79,0.00,4.02,14.30,14.83,2477,5
2026-05-16 15:37:45,2.9,12.12,12.31,12.87,2058587,101576,4.9,0,0,0.0,69,51,79,0.00,3.77,15.54,15.85,2480,7
2026-05-16 15:38:45,2.3,11.10,11.99,12.73,2058587,101523,4.9,0,0,0.0,69,51,79,0.00,3.75,13.92,14.32,2484,2
2026-05-16 15:39:45,4.5,11.49,11.92,12.65,2058587,101589,4.9,0,0,0.0,69,51,79,0.00,3.79,15.54,22.14,2497,5
2026-05-16 15:40:46,1.3,12.83,12.56,12.85,2058587,101612,4.9,0,0,0.0,69,51,79,0.00,4.30,11.98,94.83,2504,4
2026-05-16 15:41:46,2.0,11.90,12.32,12.75,2058587,101660,4.9,0,0,0.0,69,51,79,0.00,3.93,13.30,95.26,2509,5
2026-05-16 15:42:47,2.0,14.36,13.05,12.98,2058587,101640,4.9,0,0,0.0,69,51,79,0.00,3.40,12.37,101.06,2508,3
2026-05-16 15:43:47,1.8,14.57,13.21,13.03,2058587,101649,4.9,0,0,0.0,69,51,79,0.00,3.67,10.28,91.88,2512,3
2026-05-16 15:44:47,1.9,14.14,13.51,13.15,2058587,101637,4.9,0,0,0.0,69,51,79,0.00,3.71,12.13,93.96,2503,2
2026-05-16 15:45:48,11.0,15.87,13.93,13.31,2058587,101656,4.9,0,0,0.0,69,51,79,0.00,3.93,10.62,92.35,2498,6
2026-05-16 15:46:48,3.1,18.42,14.86,13.66,2058587,101680,4.9,0,0,0.0,69,51,79,0.00,3.68,14.68,96.98,2501,6
2026-05-16 15:47:48,3.0,19.53,15.81,14.05,2058587,101658,4.9,0,0,0.0,69,51,79,0.00,3.75,13.91,96.14,2501,7
2026-05-16 15:48:49,1.9,16.91,15.83,14.18,2058587,101624,4.9,0,0,0.0,69,51,79,0.00,3.67,12.37,94.46,2498,4
2026-05-16 15:49:49,2.1,15.18,15.67,14.23,2058587,101628,4.9,0,0,0.0,69,51,79,0.00,3.86,11.65,93.43,2497,2
2026-05-16 15:50:50,1.8,13.88,15.24,14.18,2058587,101563,4.9,0,0,0.0,69,51,79,0.00,3.88,12.67,13.12,2492,4
2026-05-16 15:51:50,1.5,11.46,14.31,13.92,2058587,101619,4.9,0,0,0.0,69,51,79,0.00,4.19,10.07,30.63,2483,4
2026-05-16 15:52:50,2.2,16.62,15.18,14.24,2058587,101661,4.9,0,0,0.0,69,51,79,0.00,3.74,12.47,94.95,2490,2
2026-05-16 15:53:51,1.9,13.86,14.72,14.14,2058587,101632,4.9,0,0,0.0,69,51,79,0.00,3.56,12.56,94.62,2493,7
2026-05-16 15:54:51,1.4,12.80,14.29,14.03,2058587,101654,4.9,0,0,0.0,69,51,79,0.00,3.77,13.53,95.32,2501,3
2026-05-16 15:55:51,10.1,12.62,13.96,13.93,2058587,101670,4.9,0,0,0.0,69,51,79,0.00,3.68,14.30,103.36,2499,5
2026-05-16 15:56:52,2.2,11.98,13.55,13.79,2058587,101651,4.9,0,0,0.0,69,51,79,0.00,3.97,12.86,94.81,2498,5
2026-05-16 15:57:52,1.6,12.35,13.46,13.75,2058587,101645,4.9,0,0,0.0,69,51,79,0.00,3.66,13.46,95.61,2493,1
2026-05-16 15:58:52,12.4,14.49,13.74,13.82,2058587,101687,4.9,0,0,0.0,69,51,79,0.00,3.85,13.77,95.92,2497,27
2026-05-16 15:59:53,2.9,12.82,13.39,13.69,2058587,101673,4.9,0,0,0.0,69,51,79,0.00,3.98,14.89,96.95,2483,6
2026-05-16 16:00:53,3.0,11.77,12.98,13.53,2058587,101658,4.9,0,0,0.0,69,51,79,0.00,4.00,13.96,96.22,2483,3
2026-05-16 16:01:54,3.2,12.28,12.97,13.49,2058587,101672,4.9,0,0,0.0,69,51,79,0.00,3.73,13.46,95.72,2480,4
2026-05-16 16:02:54,2.9,11.93,12.76,13.39,2058587,101684,4.9,0,0,0.0,69,51,79,0.00,3.75,14.53,97.00,2476,9
2026-05-16 16:03:54,2.1,13.65,13.00,13.43,2058587,101652,4.9,0,0,0.0,69,51,79,0.00,3.61,12.97,95.00,2473,5
2026-05-16 16:04:55,2.1,12.29,12.71,13.29,2058587,101673,4.9,0,0,0.0,69,51,79,0.00,3.59,11.82,93.70,2475,3
2026-05-16 16:05:55,2.4,13.01,12.90,13.33,2058587,101694,4.9,0,0,0.0,69,51,79,0.00,3.75,14.95,97.27,2475,3
2026-05-16 16:06:55,2.0,10.89,12.32,13.10,2058587,101672,4.9,0,0,0.0,69,51,79,0.00,4.00,10.74,92.55,2480,4
2026-05-16 16:07:56,1.9,12.13,12.32,13.05,2058587,101679,4.9,0,0,0.0,69,51,79,0.00,3.63,11.94,94.00,2485,3
2026-05-16 16:08:56,1.7,12.65,12.45,13.04,2058587,101687,4.9,0,0,0.0,69,51,79,0.00,3.36,12.53,94.93,2479,5
2026-05-16 16:09:57,8.9,11.98,12.30,12.95,2058587,101700,4.9,0,0,0.0,69,51,79,0.00,4.02,13.84,102.64,2476,9
2026-05-16 16:10:57,1.8,11.51,12.13,12.85,2058587,101677,4.9,0,0,0.0,69,51,79,0.00,4.00,14.75,96.71,2479,6
2026-05-16 16:11:57,3.2,12.14,12.16,12.81,2058587,101691,4.9,0,0,0.0,69,51,79,0.00,3.79,14.63,97.32,2476,6
2026-05-16 16:12:58,11.8,14.65,12.95,13.05,2058587,101673,4.9,0,0,0.0,69,51,79,0.00,3.71,12.91,94.98,2474,23
2026-05-16 16:13:58,2.7,12.69,12.70,12.96,2058587,101657,4.9,0,0,0.0,69,51,79,0.00,3.72,14.75,96.97,2478,3
2026-05-16 16:14:58,1.9,11.57,12.38,12.83,2058587,101676,4.9,0,0,0.0,69,51,79,0.00,3.93,13.04,95.04,2500,3
2026-05-16 16:15:59,1.4,11.09,12.04,12.68,2058587,101669,4.9,0,0,0.0,69,51,79,0.00,4.13,12.08,93.97,2487,3
2026-05-16 16:16:59,3.0,11.92,12.07,12.64,2058587,101677,4.9,0,0,0.0,69,51,79,0.00,3.49,12.16,94.58,2490,7
2026-05-16 16:18:00,3.2,13.69,12.68,12.82,2058587,101702,4.9,0,0,0.0,69,51,79,0.00,3.71,14.77,97.04,2493,4
2026-05-16 16:19:00,3.3,11.95,12.37,12.71,2058587,101714,4.9,0,0,0.0,69,51,79,0.00,3.54,14.80,96.90,2500,9
2026-05-16 16:20:00,2.0,11.02,12.05,12.58,2058587,101669,4.9,0,0,0.0,69,51,79,0.00,3.85,12.24,94.16,2488,3
2026-05-16 16:21:01,3.3,11.55,12.01,12.53,2058587,101669,4.9,0,0,0.0,69,51,79,0.00,4.16,14.52,97.23,2491,9
2026-05-16 16:22:01,3.5,11.96,12.05,12.51,2058587,101671,4.9,0,0,0.0,69,51,79,0.00,3.79,12.85,94.85,2489,6
2026-05-16 16:23:01,3.9,10.94,11.77,12.39,2058587,101685,4.9,0,0,0.0,69,51,79,0.00,3.68,11.79,99.67,2495,4
2026-05-16 16:24:02,1.5,11.64,11.83,12.36,2058587,101656,4.9,0,0,0.0,69,51,79,0.00,3.45,12.30,95.11,2493,4
2026-05-16 16:25:02,1.7,10.68,11.55,12.23,2058587,101635,4.9,0,0,0.0,69,51,79,0.00,3.70,10.26,92.00,2506,1
2026-05-16 16:26:02,9.0,10.18,11.22,12.08,2058587,101737,4.9,0,0,0.0,69,51,79,0.00,3.97,9.80,91.43,2519,18
2026-05-16 16:27:03,3.2,10.88,11.23,12.02,2058587,101683,4.9,0,0,0.0,69,51,79,0.00,3.65,14.64,96.91,2515,6
2026-05-16 16:28:03,8.5,12.45,11.61,12.10,2058587,101691,4.9,0,0,0.0,69,51,79,0.00,3.70,14.58,96.91,2505,9
2026-05-16 16:29:04,2.9,13.10,11.93,12.18,2058587,101687,4.9,0,0,0.0,69,51,79,0.00,3.61,14.57,96.92,2507,9
2026-05-16 16:30:04,3.1,12.08,11.88,12.15,2058587,101676,4.9,0,0,0.0,69,51,79,0.00,4.02,13.04,95.58,2507,7
2026-05-16 16:31:04,3.0,11.21,11.71,12.07,2058587,101712,4.9,0,0,0.0,69,51,79,0.00,3.92,12.26,94.31,2496,8
2026-05-16 16:32:05,2.0,11.49,11.72,12.06,2058587,101720,4.9,0,0,0.0,69,51,79,0.00,3.64,14.75,97.57,2499,4
2026-05-16 16:33:05,3.2,11.38,11.61,12.00,2058587,101678,4.9,0,0,0.0,69,51,79,0.00,3.64,13.36,95.53,2497,8
2026-05-16 16:34:05,2.2,11.26,11.54,11.95,2058587,101684,4.9,0,0,0.0,69,51,79,0.00,3.62,14.59,96.70,2497,3
2026-05-16 16:35:06,1.7,10.96,11.44,11.89,2058587,101670,4.9,0,0,0.0,69,51,79,0.00,3.53,11.19,93.13,2485,1
2026-05-16 16:36:06,3.2,12.01,11.65,11.93,2058587,101709,4.9,0,0,0.0,69,51,79,0.00,3.83,12.79,94.80,2491,9
2026-05-16 16:37:06,2.9,10.60,11.31,11.80,2058587,101732,4.9,0,0,0.0,69,51,79,0.00,3.89,12.67,101.67,2498,6
2026-05-16 16:38:07,2.0,10.74,11.24,11.74,2058587,101706,4.9,0,0,0.0,69,51,79,0.00,3.43,14.58,96.68,2499,4
2026-05-16 16:39:07,4.2,12.03,11.59,11.83,2058587,101718,4.9,0,0,0.0,69,51,79,0.00,3.93,12.98,95.10,2495,24
2026-05-16 16:40:08,2.2,10.99,11.38,11.75,2058587,101710,4.9,0,0,0.0,69,51,79,0.00,3.85,10.77,92.37,2506,4
2026-05-16 16:41:08,3.2,10.35,11.12,11.63,2058587,101721,4.9,0,0,0.0,69,51,79,0.00,4.30,12.44,94.25,2502,6
2026-05-16 16:42:08,2.1,11.22,11.22,11.63,2058587,101687,4.9,0,0,0.0,69,51,79,0.00,3.44,15.37,63.52,2496,3
2026-05-16 16:43:09,3.0,10.85,11.12,11.57,2058587,101642,4.9,0,0,0.0,69,51,79,0.00,3.63,13.34,13.54,2493,4
2026-05-16 16:44:09,3.7,12.63,11.56,11.69,2058587,101619,4.9,0,0,0.0,69,51,79,0.00,3.62,15.70,16.27,2501,7
2026-05-16 16:45:09,1.8,12.87,11.88,11.80,2058587,101589,4.9,0,0,0.0,69,51,79,0.00,3.72,14.43,14.85,2495,5
2026-05-16 16:46:10,3.4,11.45,11.62,11.71,2058587,101604,4.9,0,0,0.0,69,51,79,0.00,3.67,14.19,14.59,2491,7
2026-05-16 16:47:10,3.2,11.52,11.59,11.70,2058587,101721,4.9,0,0,0.0,69,51,79,0.00,3.74,14.28,103.34,2500,4
2026-05-16 16:48:10,3.0,13.67,12.20,11.90,2058587,101700,4.9,0,0,0.0,69,51,79,0.00,3.86,14.68,97.04,2511,8
2026-05-16 16:49:11,3.1,12.79,12.21,11.92,2058587,101705,4.9,0,0,0.0,69,51,79,0.00,3.94,14.45,96.73,2510,3
2026-05-16 16:50:11,7.2,11.22,11.86,11.82,2058587,101728,4.9,0,0,0.0,69,51,79,0.00,3.63,11.69,93.34,2513,7
2026-05-16 16:51:12,3.6,11.97,12.08,11.91,2058587,101728,4.9,0,0,0.0,69,51,79,0.00,4.06,12.96,101.74,2509,8
2026-05-16 16:52:12,1.3,11.57,12.09,11.93,2058587,101692,4.9,0,0,0.0,69,51,79,0.00,3.93,11.73,93.77,2504,4
2026-05-16 16:53:12,9.0,11.19,11.87,11.86,2058587,101717,4.9,0,0,0.0,69,51,79,0.00,3.89,13.14,95.18,2502,21
2026-05-16 16:54:13,2.3,10.62,11.58,11.76,2058587,101695,4.9,0,0,0.0,69,51,79,0.00,3.39,10.26,91.95,2494,2
2026-05-16 16:55:13,3.4,11.54,11.64,11.77,2058587,101702,4.9,0,0,0.0,69,51,79,0.00,3.78,14.03,96.20,2496,6
2026-05-16 16:56:13,2.9,11.60,11.64,11.76,2058587,101720,4.9,0,0,0.0,69,51,79,0.00,3.89,14.90,96.72,2496,8
2026-05-16 16:57:14,3.2,11.84,11.71,11.78,2058587,101665,4.9,0,0,0.0,69,51,79,0.00,3.46,15.71,16.28,2501,4
2026-05-16 16:58:14,2.2,11.18,11.55,11.72,2058587,101731,4.9,0,0,0.0,69,51,79,0.00,3.86,14.03,34.95,2504,2
2026-05-16 16:59:15,2.1,11.38,11.52,11.69,2058587,101707,4.9,0,0,0.0,69,51,79,0.00,3.80,13.08,95.02,2513,7
2026-05-16 17:00:15,1.5,12.01,11.80,11.79,2058587,101720,4.9,0,0,0.0,69,51,79,0.00,3.92,12.92,95.08,2512,3
2026-05-16 17:01:15,2.1,11.89,11.70,11.75,2058587,101720,4.9,0,0,0.0,69,51,79,0.00,3.82,10.01,91.77,2514,5
2026-05-16 17:02:16,2.0,11.54,11.61,11.71,2058587,101717,4.9,0,0,0.0,69,51,79,0.00,3.84,13.04,95.03,2509,2
2026-05-16 17:03:16,2.2,11.37,11.57,11.70,2058587,101726,4.9,0,0,0.0,69,51,79,0.00,3.67,14.28,96.36,2503,3
2026-05-16 17:04:16,11.0,12.07,11.77,11.76,2058587,101738,4.9,0,0,0.0,69,51,79,0.00,3.48,14.14,103.25,2494,8
2026-05-16 17:05:17,3.7,11.72,11.73,11.74,2058587,101749,4.9,0,0,0.0,69,51,79,0.00,3.63,14.46,96.89,2490,10
2026-05-16 17:06:17,3.3,12.28,11.85,11.78,2058587,101760,4.9,0,0,0.0,69,51,79,0.00,3.90,14.61,96.82,2495,7
2026-05-16 17:07:18,5.0,23.93,14.28,12.57,2058587,101720,4.9,0,0,0.0,69,51,79,0.00,3.72,13.22,95.16,2494,4
2026-05-16 17:08:18,3.6,19.56,14.71,12.82,2058587,101745,4.9,0,0,0.0,69,51,79,0.00,3.49,14.57,96.85,2489,5
2026-05-16 17:09:18,3.2,15.91,14.51,12.87,2058587,101751,4.9,0,0,0.0,69,51,79,0.00,3.88,13.76,95.94,2496,3
2026-05-16 17:10:19,1.8,18.71,15.18,13.18,2058587,101727,4.9,0,0,0.0,69,51,79,0.00,4.09,13.53,95.41,2502,74
2026-05-16 17:11:19,3.5,13.90,14.41,13.04,2058587,101737,4.9,0,0,0.0,69,51,79,0.00,4.24,14.51,96.59,2504,5
2026-05-16 17:12:19,2.1,14.80,14.63,13.20,2058587,101740,4.9,0,0,0.0,69,51,79,0.00,3.40,14.55,96.78,2509,3
2026-05-16 17:13:20,1.9,13.48,14.20,13.14,2058587,101749,4.9,0,0,0.0,69,51,79,0.00,3.82,13.08,95.07,2502,5
2026-05-16 17:14:20,1.9,11.63,13.54,12.97,2058587,101745,4.9,0,0,0.0,69,51,79,0.00,3.69,13.94,95.97,2504,5
2026-05-16 17:15:21,3.3,12.69,13.46,12.98,2058587,101757,4.9,0,0,0.0,69,51,79,0.00,3.97,14.61,97.11,2510,11
2026-05-16 17:16:21,2.3,13.75,13.74,13.11,2058587,101759,4.9,0,0,0.0,69,51,79,0.00,3.71,12.51,94.42,2496,5
2026-05-16 17:17:21,10.2,12.18,13.26,12.98,2058587,101755,4.9,0,0,0.0,69,51,79,0.00,3.76,13.65,102.30,2501,3
2026-05-16 17:18:22,2.1,11.46,12.86,12.86,2058587,101751,4.9,0,0,0.0,69,51,79,0.00,3.72,13.92,97.18,2502,2
2026-05-16 17:19:22,2.3,11.83,12.69,12.80,2058587,101727,4.9,0,0,0.0,69,51,79,0.00,3.55,14.27,96.55,2498,3
2026-05-16 17:20:22,1.7,14.40,13.19,12.96,2058587,101738,4.9,0,0,0.0,69,51,79,0.00,4.13,14.74,96.92,2493,3
2026-05-16 17:21:23,1.7,12.34,12.82,12.85,2058587,101750,4.9,0,0,0.0,69,51,79,0.00,4.21,14.00,96.11,2500,5
2026-05-16 17:22:23,3.2,11.45,12.49,12.73,2058587,101734,4.9,0,0,0.0,69,51,79,0.00,3.68,12.84,94.64,2495,6
2026-05-16 17:23:24,2.9,11.08,12.16,12.60,2058587,101734,4.9,0,0,0.0,69,51,79,0.00,3.47,12.31,94.10,2491,5
2026-05-16 17:24:24,3.4,11.12,11.98,12.51,2058587,101783,4.9,0,0,0.0,69,51,79,0.00,3.86,13.93,95.94,2489,9
2026-05-16 17:25:24,3.4,11.57,11.93,12.46,2058587,101777,4.9,0,0,0.0,69,51,79,0.00,3.67,14.55,96.94,2492,6
2026-05-16 17:26:25,3.1,21.84,14.14,13.14,2058587,101759,4.9,0,0,0.0,69,51,79,0.00,3.89,14.70,96.75,2493,5
2026-05-16 17:27:25,3.2,15.54,13.77,13.08,2058587,101760,4.9,0,0,0.0,69,51,79,0.00,3.51,14.56,96.92,2487,7
2026-05-16 17:28:25,3.3,15.81,14.22,13.28,2058587,101747,4.9,0,0,0.0,69,51,79,0.00,3.70,14.01,96.19,2506,10
2026-05-16 17:29:26,2.9,17.42,14.85,13.55,2058587,101769,4.9,0,0,0.0,69,51,79,0.00,3.75,14.04,96.23,2508,8
2026-05-16 17:30:26,1.6,17.64,15.39,13.82,2058587,101752,4.9,0,0,0.0,69,51,79,0.00,3.82,14.19,96.36,2500,3
2026-05-16 17:31:26,10.1,19.71,16.16,14.17,2058587,101797,4.9,0,0,0.0,69,51,79,0.00,4.25,11.82,100.43,2498,5
2026-05-16 17:32:27,2.7,18.42,16.38,14.36,2058587,101762,4.9,0,0,0.0,69,51,79,0.00,3.68,14.22,96.19,2501,3
2026-05-16 17:33:27,2.9,14.21,15.56,14.21,2058587,101779,4.9,0,0,0.0,69,51,79,0.00,3.77,9.29,90.96,2488,22
2026-05-16 17:34:28,12.1,17.06,15.88,14.39,2058587,101770,4.9,0,0,0.0,69,51,79,0.00,3.54,12.44,94.24,2494,26
2026-05-16 17:35:28,2.0,14.83,15.45,14.34,2058587,101775,4.9,0,0,0.0,69,51,79,0.00,3.75,14.72,97.04,2499,2
2026-05-16 17:36:28,3.2,14.81,15.14,14.29,2058587,101778,4.9,0,0,0.0,69,51,79,0.00,3.93,12.53,94.24,2500,7
2026-05-16 17:37:29,2.0,13.78,14.95,14.28,2058587,101769,4.9,0,0,0.0,69,51,79,0.00,3.75,14.99,97.07,2498,2
2026-05-16 17:38:29,1.8,12.78,14.51,14.18,2058587,101748,4.9,0,0,0.0,69,51,79,0.00,3.49,8.87,90.56,2496,2
2026-05-16 17:39:29,1.4,11.67,13.87,13.98,2058587,101762,4.9,0,0,0.0,69,51,79,0.00,3.84,12.72,94.48,2497,4
2026-05-16 17:40:30,3.0,12.21,13.52,13.84,2058587,101750,4.9,0,0,0.0,69,51,79,0.00,3.95,9.64,91.39,2493,6
2026-05-16 17:41:30,2.7,12.64,13.46,13.80,2058587,101758,4.9,0,0,0.0,69,51,79,0.00,3.89,14.62,96.81,2488,5
2026-05-16 17:42:30,1.8,12.48,13.30,13.73,2058587,101755,4.9,0,0,0.0,69,51,79,0.00,3.50,11.59,93.79,2499,4
2026-05-16 17:43:31,3.7,17.09,14.25,14.01,2058587,101774,4.9,0,0,0.0,69,51,79,0.00,3.82,13.46,95.51,2507,12
2026-05-16 17:44:31,2.2,14.05,13.90,13.90,2058587,101767,4.9,0,0,0.0,69,51,79,0.00,3.62,14.59,96.72,2505,4
2026-05-16 17:45:32,2.1,12.49,13.51,13.77,2058587,101766,4.9,0,0,0.0,69,51,79,0.00,3.62,13.47,102.44,2505,4
2026-05-16 17:46:32,3.6,14.20,13.68,13.81,2058587,101805,4.9,0,0,0.0,69,51,79,0.00,3.82,13.87,95.79,2503,8
2026-05-16 17:47:32,2.0,13.10,13.46,13.72,2058587,101783,4.9,0,0,0.0,69,51,79,0.00,3.58,14.24,96.18,2501,5
2026-05-16 17:48:33,12.3,11.72,13.01,13.55,2058587,101746,4.9,0,0,0.0,69,51,79,0.00,3.89,11.27,52.51,2496,7
2026-05-16 17:49:33,1.2,10.74,12.50,13.34,2058587,101653,4.9,0,0,0.0,69,51,79,0.00,3.62,12.86,13.29,2504,4
2026-05-16 17:50:33,1.7,10.43,12.08,13.14,2058587,101653,4.9,0,0,0.0,69,51,79,0.00,4.14,12.41,12.66,2509,4
2026-05-16 17:51:34,2.0,10.78,11.88,13.00,2058587,101687,4.9,0,0,0.0,69,51,79,0.00,3.87,11.53,11.67,2513,3
2026-05-16 17:52:34,2.0,11.27,11.85,12.92,2058587,101687,4.9,0,0,0.0,69,51,79,0.00,3.41,15.59,16.15,2508,6
2026-05-16 17:53:35,3.3,11.15,11.71,12.80,2058587,101778,4.9,0,0,0.0,69,51,79,0.00,3.83,14.19,103.08,2505,9
2026-05-16 17:54:35,1.5,11.48,11.72,12.74,2058587,101782,4.9,0,0,0.0,69,51,79,0.00,3.68,14.45,96.93,2496,3
2026-05-16 17:55:35,3.4,10.81,11.48,12.59,2058587,101772,4.9,0,0,0.0,69,51,79,0.00,3.67,11.67,93.58,2493,5
2026-05-16 17:56:36,2.3,11.42,11.52,12.53,2058587,101799,4.9,0,0,0.0,69,51,79,0.00,3.71,13.71,95.62,2504,5
2026-05-16 17:57:36,1.5,11.79,11.59,12.49,2058587,101756,4.9,0,0,0.0,69,51,79,0.00,3.60,13.37,95.52,2501,3
2026-05-16 17:58:36,10.3,11.11,11.43,12.37,2058587,101796,4.9,0,0,0.0,69,51,79,0.00,3.68,13.70,102.08,2501,4
2026-05-16 17:59:37,1.6,11.81,11.57,12.36,2058587,101772,4.9,0,0,0.0,69,51,79,0.00,3.78,14.12,96.95,2512,4
2026-05-16 18:00:37,2.4,12.58,11.89,12.43,2058587,101769,4.9,0,0,0.0,69,51,79,0.00,3.96,13.88,96.09,2514,5
2026-05-16 18:01:37,2.5,11.81,11.74,12.34,2058587,101727,4.9,0,0,0.0,69,51,79,0.00,3.96,11.90,93.88,2513,3
2026-05-16 18:02:38,2.2,13.20,12.29,12.50,2058587,101772,4.9,0,0,0.0,69,51,79,0.00,3.90,12.51,94.25,2503,5
2026-05-16 18:03:38,2.9,13.08,12.33,12.49,2058587,101739,4.9,0,0,0.0,69,51,79,0.00,3.50,14.95,15.41,2510,4
2026-05-16 18:04:39,2.9,11.83,12.10,12.40,2058587,101769,4.9,0,0,0.0,69,51,79,0.00,3.63,13.80,34.56,2501,7
2026-05-16 18:05:39,3.0,11.73,12.00,12.35,2058587,101802,4.9,0,0,0.0,69,51,79,0.00,3.65,14.67,96.72,2496,7
2026-05-16 18:06:39,3.5,11.91,11.98,12.31,2058587,101806,4.9,0,0,0.0,69,51,79,0.00,4.04,14.63,97.08,2493,6
2026-05-16 18:07:40,2.2,12.04,11.97,12.29,2058587,101796,4.9,0,0,0.0,69,51,79,0.00,3.46,12.14,93.99,2494,6
2026-05-16 18:08:40,1.9,13.23,12.36,12.40,2058587,101800,4.9,0,0,0.0,69,51,79,0.00,3.67,14.80,97.16,2494,5
2026-05-16 18:09:40,3.2,13.08,12.45,12.43,2058587,101776,4.9,0,0,0.0,69,51,79,0.00,4.01,14.59,96.98,2500,7
2026-05-16 18:10:41,2.3,11.56,12.15,12.33,2058587,101803,4.9,0,0,0.0,69,51,79,0.00,4.32,10.90,93.30,2501,5
2026-05-16 18:11:41,3.3,11.33,11.96,12.25,2058587,101784,4.9,0,0,0.0,69,51,79,0.00,3.71,12.48,94.53,2510,9
2026-05-16 18:12:42,2.8,10.75,11.69,12.14,2058587,101800,4.9,0,0,0.0,69,51,79,0.00,3.68,11.66,100.14,2508,9
2026-05-16 18:13:42,2.3,11.32,11.69,12.10,2058587,101794,4.9,0,0,0.0,69,51,79,0.00,3.68,13.16,95.32,2500,5
2026-05-16 18:14:42,3.8,11.56,11.65,12.06,2058587,101798,4.9,0,0,0.0,69,51,79,0.00,4.06,14.58,96.61,2493,11
2026-05-16 18:15:43,3.4,11.62,11.59,12.01,2058587,101786,4.9,0,0,0.0,69,51,79,0.00,3.77,11.52,93.30,2503,5
2026-05-16 18:16:43,1.6,10.96,11.43,11.93,2058587,101769,4.9,0,0,0.0,69,51,79,0.00,3.79,10.03,91.72,2487,5
2026-05-16 18:17:43,1.9,10.29,11.16,11.81,2058587,101781,4.9,0,0,0.0,69,51,79,0.00,3.71,10.90,92.54,2495,7
2026-05-16 18:18:44,2.0,10.18,10.97,11.70,2058587,101817,4.9,0,0,0.0,69,51,79,0.00,5.03,14.19,95.92,2501,5
2026-05-16 18:19:44,1.7,9.96,10.76,11.58,2058587,101768,4.9,0,0,0.0,69,51,79,0.00,3.67,10.24,91.99,2498,5
2026-05-16 18:20:44,2.0,11.71,11.16,11.66,2058587,101793,4.9,0,0,0.0,69,51,79,0.00,4.30,11.82,93.52,2500,3
2026-05-16 18:21:45,3.2,11.70,11.23,11.65,2058587,101809,4.9,0,0,0.0,69,51,79,0.00,3.86,14.51,96.69,2509,7
2026-05-16 18:22:45,10.0,12.86,11.66,11.77,2058587,101790,4.9,0,0,0.0,69,51,79,0.00,3.50,14.95,97.46,2505,6
2026-05-16 18:23:46,3.1,12.29,11.71,11.78,2058587,101755,4.9,0,0,0.0,69,51,79,0.00,3.68,14.67,97.28,2507,7
2026-05-16 18:24:46,2.9,14.01,12.33,11.99,2058587,101806,4.9,0,0,0.0,69,51,79,0.00,3.71,14.53,96.95,2497,11
2026-05-16 18:25:46,12.2,12.90,12.31,12.01,2058587,101833,4.9,0,0,0.0,69,51,79,0.00,3.71,15.04,104.39,2487,5
2026-05-16 18:26:47,1.7,11.77,12.14,11.97,2058587,101787,4.9,0,0,0.0,69,51,79,0.00,3.65,12.27,94.43,2475,3
2026-05-16 18:27:47,3.2,11.48,11.95,11.92,2058587,101824,4.9,0,0,0.0,69,51,79,0.00,3.75,13.41,95.37,2479,8
2026-05-16 18:28:47,12.5,12.05,12.02,11.94,2058587,101790,4.9,0,0,0.0,69,51,79,0.00,3.63,13.98,95.94,2478,2
2026-05-16 18:29:48,11.3,11.75,11.95,11.92,2058587,101810,4.9,0,0,0.0,69,51,79,0.00,3.85,9.75,91.56,2489,5
2026-05-16 18:30:48,2.0,11.45,11.84,11.88,2058587,101791,4.9,0,0,0.0,69,51,79,0.00,3.96,13.50,95.48,2490,4
2026-05-16 18:31:49,3.2,10.81,11.55,11.78,2058587,101826,4.9,0,0,0.0,69,51,79,0.00,3.89,13.19,95.12,2496,6
2026-05-16 18:32:49,3.1,11.82,11.72,11.82,2058587,101800,4.9,0,0,0.0,69,51,79,0.00,3.75,14.73,96.59,2492,5
2026-05-16 18:33:49,3.7,11.88,11.72,11.81,2058587,101793,4.9,0,0,0.0,69,51,79,0.00,3.43,14.58,96.68,2493,6
2026-05-16 18:34:50,3.2,13.24,12.08,11.92,2058587,101791,4.9,0,0,0.0,69,51,79,0.00,3.84,14.79,97.08,2496,4
2026-05-16 18:35:50,2.0,11.58,11.80,11.84,2058587,101796,4.9,0,0,0.0,69,51,79,0.00,3.67,12.32,94.23,2499,3
2026-05-16 18:36:50,3.2,11.48,11.76,11.82,2058587,101823,4.9,0,0,0.0,69,51,79,0.00,3.75,13.83,95.85,2496,6
2026-05-16 18:37:51,1.6,10.91,11.53,11.74,2058587,101802,4.9,0,0,0.0,69,51,79,0.00,3.76,13.21,95.23,2496,4
2026-05-16 18:38:51,3.2,12.43,11.71,11.78,2058587,101802,4.9,0,0,0.0,69,51,79,0.00,3.76,10.52,92.31,2497,7
2026-05-16 18:39:51,3.2,12.54,11.88,11.83,2058587,101843,4.9,0,0,0.0,69,51,79,0.00,4.13,14.56,103.68,2492,4
2026-05-16 18:40:52,2.0,11.93,11.83,11.82,2058587,101826,4.9,0,0,0.0,69,51,79,0.00,3.88,14.51,96.44,2486,4
2026-05-16 18:41:52,2.3,12.22,11.94,11.85,2058587,101836,4.9,0,0,0.0,69,51,79,0.00,3.96,14.52,96.68,2502,3
2026-05-16 18:42:53,1.8,10.92,11.66,11.77,2058587,101821,4.9,0,0,0.0,69,51,79,0.00,3.94,11.94,93.83,2498,5
2026-05-16 18:43:53,1.8,11.82,11.81,11.81,2058587,101812,4.9,0,0,0.0,69,51,79,0.00,3.67,13.10,94.93,2496,3
2026-05-16 18:44:53,1.8,11.14,11.63,11.75,2058587,101823,4.9,0,0,0.0,69,51,79,0.00,3.49,13.04,95.17,2498,3
2026-05-16 18:45:54,2.0,10.97,11.47,11.69,2058587,101810,4.9,0,0,0.0,69,51,79,0.00,3.82,12.41,94.27,2495,5
2026-05-16 18:46:54,1.6,10.91,11.37,11.64,2058587,101812,4.9,0,0,0.0,69,51,79,0.00,4.01,13.22,95.27,2491,7
2026-05-16 18:47:54,3.0,10.43,11.13,11.54,2058587,101797,4.9,0,0,0.0,69,51,79,0.00,3.63,14.34,96.36,2499,8
2026-05-16 18:48:55,3.0,11.26,11.34,11.59,2058587,101818,4.9,0,0,0.0,69,51,79,0.00,3.34,14.05,96.04,2491,8
2026-05-16 18:49:55,3.1,11.53,11.44,11.61,2058587,101818,4.9,0,0,0.0,69,51,79,0.00,3.89,13.31,95.54,2490,5
2026-05-16 18:50:55,3.7,11.57,11.53,11.63,2058587,101836,4.9,0,0,0.0,69,51,79,0.00,4.21,14.64,96.89,2492,9
2026-05-16 18:51:56,3.2,12.57,11.81,11.73,2058587,101812,4.9,0,0,0.0,69,51,79,0.00,3.87,14.78,97.21,2483,4
2026-05-16 18:52:56,1.5,23.12,14.84,12.76,2058587,101812,4.9,0,0,0.0,69,51,79,0.00,3.47,14.02,96.34,2478,3
2026-05-16 18:53:57,6.5,23.82,16.85,13.62,2058587,101843,4.9,0,0,0.0,69,51,79,0.00,3.74,10.35,98.89,2489,8
2026-05-16 18:54:57,1.9,21.41,17.73,14.14,2058587,101806,4.9,0,0,0.0,69,51,79,0.00,3.51,13.58,54.75,2500,4
2026-05-16 18:55:57,3.2,15.70,16.71,14.01,2058587,101754,4.9,0,0,0.0,69,51,79,0.00,3.40,15.61,16.42,2497,10
2026-05-16 18:56:58,3.1,13.85,16.06,13.96,2058587,101774,4.9,0,0,0.0,69,51,79,0.00,4.10,15.90,16.73,2506,7
2026-05-16 18:57:58,1.5,12.17,15.17,13.78,2058587,101753,4.9,0,0,0.0,69,51,79,0.00,3.74,13.20,13.70,2506,2
2026-05-16 18:58:58,1.8,11.54,14.46,13.62,2058587,101734,4.9,0,0,0.0,69,51,79,0.00,3.63,13.31,13.76,2497,5
2026-05-16 18:59:59,2.2,11.12,13.80,13.45,2058587,101818,4.9,0,0,0.0,69,51,79,0.00,3.77,10.75,99.21,2488,5
2026-05-16 19:00:59,2.3,10.74,13.16,13.25,2058587,101858,4.9,0,0,0.0,69,51,79,0.00,4.21,11.48,93.17,2496,6
2026-05-16 19:02:00,2.9,10.77,12.71,13.08,2058587,101855,4.9,0,0,0.0,69,51,79,0.00,3.67,13.60,95.67,2506,9
2026-05-16 19:03:00,2.2,11.95,12.60,13.01,2058587,101862,4.9,0,0,0.0,69,51,79,0.00,3.65,14.57,96.71,2506,7
2026-05-16 19:04:00,1.6,11.71,12.45,12.94,2058587,101825,4.9,0,0,0.0,69,51,79,0.00,3.46,13.27,95.22,2519,2
2026-05-16 19:05:01,2.1,10.72,12.03,12.76,2058587,101849,4.9,0,0,0.0,69,51,79,0.00,3.92,10.24,92.00,2520,8
2026-05-16 19:06:01,2.2,11.08,11.90,12.67,2058587,101844,4.9,0,0,0.0,69,51,79,0.00,3.82,14.72,96.88,2509,4
2026-05-16 19:07:01,2.7,12.18,12.00,12.65,2058587,101867,4.9,0,0,0.0,69,51,79,0.00,3.51,14.12,103.17,2502,2
2026-05-16 19:08:02,1.8,11.55,11.85,12.55,2058587,101840,4.9,0,0,0.0,69,51,79,0.00,3.78,11.16,93.02,2502,3
2026-05-16 19:09:02,2.1,11.27,11.76,12.48,2058587,101838,4.9,0,0,0.0,69,51,79,0.00,3.62,14.23,96.51,2502,5
2026-05-16 19:10:02,3.6,11.68,11.79,12.44,2058587,101772,4.9,0,0,0.0,69,51,79,0.00,4.03,15.78,16.60,2507,10
2026-05-16 19:11:03,7.5,13.23,12.26,12.56,2058587,101830,4.9,0,0,0.0,69,51,79,0.00,4.08,15.64,36.78,2518,6
2026-05-16 19:12:03,3.3,12.71,12.33,12.57,2058587,101848,4.9,0,0,0.0,69,51,79,0.00,3.80,13.85,95.95,2513,6
2026-05-16 19:13:04,1.9,14.53,13.00,12.79,2058587,101868,4.9,0,0,0.0,69,51,79,0.00,3.68,14.32,96.68,2518,3
2026-05-16 19:14:04,2.1,13.99,13.16,12.86,2058587,101847,4.9,0,0,0.0,69,51,79,0.00,3.53,14.61,96.68,2505,3
2026-05-16 19:15:04,1.8,17.51,14.26,13.25,2058587,101837,4.9,0,0,0.0,69,51,79,0.00,3.98,13.96,95.98,2512,7
2026-05-16 19:16:05,3.3,15.46,14.21,13.30,2058587,101846,4.9,0,0,0.0,69,51,79,0.00,3.93,14.41,96.32,2495,5
2026-05-16 19:17:05,1.9,22.71,16.59,14.17,2058587,101842,4.9,0,0,0.0,69,51,79,0.00,3.86,14.47,96.68,2500,10
2026-05-16 19:18:05,1.9,22.76,17.67,14.70,2058587,101849,4.9,0,0,0.0,69,51,79,0.00,3.46,13.76,96.00,2497,2
2026-05-16 19:19:06,1.4,14.82,16.30,14.41,2058587,101833,4.9,0,0,0.0,69,51,79,0.00,3.85,8.10,90.30,2502,3
2026-05-16 19:20:06,3.0,15.83,15.99,14.40,2058587,101869,4.9,0,0,0.0,69,51,79,0.00,3.91,10.38,92.20,2495,9
2026-05-16 19:21:07,3.3,22.74,17.97,15.18,2058587,101859,4.9,0,0,0.0,69,51,79,0.00,4.21,14.36,103.60,2492,7
2026-05-16 19:22:07,2.1,19.87,18.12,15.41,2058587,101842,4.9,0,0,0.0,69,51,79,0.00,3.53,14.65,96.90,2492,6
2026-05-16 19:23:07,4.6,13.98,16.72,15.10,2058587,101824,4.9,0,0,0.0,69,51,79,0.00,3.78,8.79,90.48,2498,18
2026-05-16 19:24:08,2.1,14.44,16.36,15.07,2058587,101855,4.9,0,0,0.0,69,51,79,0.00,3.64,14.68,96.75,2502,4
2026-05-16 19:25:08,3.8,15.88,16.48,15.21,2058587,101864,4.9,0,0,0.0,69,51,79,0.00,3.87,14.49,96.84,2497,5
2026-05-16 19:26:08,1.3,13.73,15.87,15.08,2058587,101828,4.9,0,0,0.0,69,51,79,0.00,3.83,14.33,96.45,2507,3
2026-05-16 19:27:09,3.0,13.34,15.33,14.94,2058587,101827,4.9,0,0,0.0,69,51,79,0.00,3.76,13.64,95.60,2499,5
2026-05-16 19:28:09,3.3,14.50,15.44,15.01,2058587,101859,4.9,0,0,0.0,69,51,79,0.00,3.64,14.65,96.92,2484,6
2026-05-16 19:29:10,2.8,13.03,14.87,14.84,2058587,101833,4.9,0,0,0.0,69,51,79,0.00,3.70,14.28,96.52,2488,8
2026-05-16 19:30:10,3.1,13.17,14.63,14.77,2058587,101851,4.9,0,0,0.0,69,51,79,0.00,4.14,14.08,96.61,2483,10
2026-05-16 19:31:10,3.2,12.59,14.15,14.59,2058587,101858,4.9,0,0,0.0,69,51,79,0.00,4.20,14.43,96.52,2480,6
2026-05-16 19:32:11,2.0,14.04,14.34,14.63,2058587,101845,4.9,0,0,0.0,69,51,79,0.00,4.00,14.58,96.77,2489,11
2026-05-16 19:33:11,2.3,12.27,13.78,14.42,2058587,101850,4.9,0,0,0.0,69,51,79,0.00,3.57,13.84,95.80,2494,6
2026-05-16 19:34:11,10.3,11.85,13.38,14.24,2058587,101854,4.9,0,0,0.0,69,51,79,0.00,3.76,12.84,101.37,2495,4
2026-05-16 19:35:12,3.3,11.42,12.98,14.04,2058587,101825,4.9,0,0,0.0,69,51,79,0.00,3.61,11.75,93.57,2502,9
2026-05-16 19:36:12,2.1,11.20,12.65,13.87,2058587,101862,4.9,0,0,0.0,69,51,79,0.00,3.97,11.82,94.26,2502,6
2026-05-16 19:37:12,8.1,12.18,12.70,13.80,2058587,101884,4.9,0,0,0.0,69,51,79,0.00,3.71,14.51,96.92,2490,25
2026-05-16 19:38:13,9.3,11.80,12.50,13.67,2058587,101847,4.9,0,0,0.0,69,51,79,0.00,3.56,14.31,96.49,2488,6
2026-05-16 19:39:13,3.1,11.54,12.30,13.52,2058587,101839,4.9,0,0,0.0,69,51,79,0.00,3.80,14.59,96.92,2485,3
2026-05-16 19:40:14,2.0,12.08,12.38,13.47,2058587,101843,4.9,0,0,0.0,69,51,79,0.00,4.05,14.17,96.25,2486,2
2026-05-16 19:41:14,2.8,12.41,12.48,13.44,2058587,101873,4.9,0,0,0.0,69,51,79,0.00,3.84,14.43,96.64,2486,6
2026-05-16 19:42:14,3.3,12.34,12.52,13.39,2058587,101875,4.9,0,0,0.0,69,51,79,0.00,4.11,14.47,97.03,2496,5
2026-05-16 19:43:15,2.9,11.80,12.31,13.26,2058587,101869,4.9,0,0,0.0,69,51,79,0.00,3.74,14.68,96.86,2497,4
2026-05-16 19:44:15,3.0,13.28,12.58,13.29,2058587,101850,4.9,0,0,0.0,69,51,79,0.00,3.42,14.51,96.82,2494,5
2026-05-16 19:45:15,1.8,11.57,12.21,13.12,2058587,101879,4.9,0,0,0.0,69,51,79,0.00,3.71,11.80,93.85,2499,1
2026-05-16 19:46:16,2.1,11.16,11.93,12.96,2058587,101855,4.9,0,0,0.0,69,51,79,0.00,4.00,10.48,92.51,2502,2
2026-05-16 19:47:16,1.9,12.36,12.11,12.95,2058587,101875,4.9,0,0,0.0,69,51,79,0.00,3.68,13.99,96.03,2504,6
2026-05-16 19:48:16,10.8,11.82,12.00,12.86,2058587,101884,4.9,0,0,0.0,69,51,79,0.00,3.43,13.32,101.84,2501,6
2026-05-16 19:49:17,2.1,11.57,11.93,12.78,2058587,101847,4.9,0,0,0.0,69,51,79,0.00,3.90,12.57,94.56,2497,3
2026-05-16 19:50:17,3.3,10.84,11.66,12.64,2058587,101844,4.9,0,0,0.0,69,51,79,0.00,4.07,11.26,92.91,2497,26
2026-05-16 19:51:18,7.9,11.04,11.58,12.55,2058587,101857,4.9,0,0,0.0,69,51,79,0.00,4.17,11.72,93.50,2491,10
2026-05-16 19:52:18,1.6,10.70,11.39,12.42,2058587,101845,4.9,0,0,0.0,69,51,79,0.00,3.60,8.28,89.96,2489,4
2026-05-16 19:53:18,1.8,10.53,11.21,12.29,2058587,101877,4.9,0,0,0.0,69,51,79,0.00,3.81,8.43,90.11,2487,5
2026-05-16 19:54:19,1.9,11.07,11.24,12.23,2058587,101882,4.9,0,0,0.0,69,51,79,0.00,3.63,14.68,96.64,2494,16
2026-05-16 19:55:19,2.3,11.20,11.19,12.15,2058587,101858,4.9,0,0,0.0,69,51,79,0.00,3.46,13.33,95.01,2491,5
2026-05-16 19:56:19,1.6,11.78,11.33,12.13,2058587,101875,4.9,0,0,0.0,69,51,79,0.00,4.14,14.19,96.54,2486,3
2026-05-16 19:57:20,1.9,11.52,11.31,12.07,2058587,101869,4.9,0,0,0.0,69,51,79,0.00,3.60,12.55,94.37,2482,3
2026-05-16 19:58:20,1.9,10.43,11.02,11.92,2058587,101881,4.9,0,0,0.0,69,51,79,0.00,3.62,10.24,91.96,2488,2
2026-05-16 19:59:21,1.7,11.80,11.27,11.95,2058587,101859,4.9,0,0,0.0,69,51,79,0.00,3.69,13.69,95.66,2489,10
2026-05-16 20:00:21,2.4,12.20,11.40,11.94,2058587,101856,4.9,0,0,0.0,69,51,79,0.00,4.22,14.66,96.64,2495,6
2026-05-16 20:01:21,3.0,12.22,11.49,11.94,2058587,101806,4.9,0,0,0.0,69,51,79,0.00,4.02,15.06,63.30,2502,8
2026-05-16 20:02:22,2.1,11.37,11.38,11.87,2058587,101794,4.9,0,0,0.0,69,51,79,0.00,3.36,12.38,12.70,2497,6
2026-05-16 20:03:22,3.3,11.03,11.28,11.80,2058587,101802,4.9,0,0,0.0,69,51,79,0.00,3.66,15.18,15.63,2490,5
2026-05-16 20:04:22,3.0,11.88,11.55,11.87,2058587,101776,4.9,0,0,0.0,69,51,79,0.00,3.77,14.42,14.95,2497,4
2026-05-16 20:05:23,2.2,12.16,11.67,11.89,2058587,101772,4.9,0,0,0.0,69,51,79,0.00,3.68,15.02,15.25,2491,4
2026-05-16 20:06:23,8.9,12.40,11.83,11.93,2058587,101881,4.9,0,0,0.0,69,51,79,0.00,3.70,14.53,103.48,2485,20
2026-05-16 20:07:24,3.3,11.83,11.80,11.91,2058587,101912,5.0,0,0,0.0,69,51,79,0.00,3.73,14.41,96.74,2494,5
2026-05-16 20:08:24,1.9,11.06,11.59,11.83,2058587,101876,4.9,0,0,0.0,69,51,79,0.00,3.73,9.82,91.56,2504,3
2026-05-16 20:09:24,3.0,11.00,11.48,11.78,2058587,101882,4.9,0,0,0.0,69,51,79,0.00,3.71,13.83,95.99,2502,5
2026-05-16 20:10:25,3.0,11.85,11.65,11.82,2058587,101911,5.0,0,0,0.0,69,51,79,0.00,3.70,14.78,97.03,2497,5
2026-05-16 20:11:25,1.8,11.45,11.56,11.78,2058587,101885,4.9,0,0,0.0,69,51,79,0.00,4.33,12.95,94.81,2500,5
2026-05-16 20:12:25,3.2,10.71,11.34,11.69,2058587,101925,5.0,0,0,0.0,69,51,79,0.00,3.73,13.54,95.32,2493,8
2026-05-16 20:13:26,1.5,11.07,11.37,11.68,2058587,101864,4.9,0,0,0.0,69,51,79,0.00,3.55,12.36,94.48,2486,5
2026-05-16 20:14:26,3.2,11.42,11.40,11.67,2058587,101889,4.9,0,0,0.0,69,51,79,0.00,3.56,12.75,94.89,2497,8
2026-05-16 20:15:26,2.3,10.52,11.18,11.58,2058587,101874,4.9,0,0,0.0,69,51,79,0.00,4.11,13.92,102.58,2495,5
2026-05-16 20:16:27,1.4,10.28,10.99,11.49,2058587,101776,4.9,0,0,0.0,69,51,79,0.00,3.81,9.55,9.72,2502,6
2026-05-16 20:17:27,3.4,11.37,11.16,11.51,2058587,101885,4.9,0,0,0.0,69,51,79,0.00,3.47,14.47,35.44,2505,19
2026-05-16 20:18:28,2.3,11.30,11.22,11.52,2058587,101889,4.9,0,0,0.0,69,51,79,0.00,3.82,14.51,96.76,2503,5
2026-05-16 20:19:28,9.2,11.04,11.16,11.47,2058587,101881,4.9,0,0,0.0,69,51,79,0.00,3.92,14.27,96.42,2492,6
2026-05-16 20:20:28,1.8,11.38,11.26,11.49,2058587,101875,4.9,0,0,0.0,69,51,79,0.00,3.83,13.76,96.16,2498,6
2026-05-16 20:21:29,3.0,11.09,11.19,11.45,2058587,101877,4.9,0,0,0.0,69,51,79,0.00,3.93,12.97,94.88,2494,10
2026-05-16 20:22:29,4.4,10.79,11.09,11.40,2058587,101935,5.0,0,0,0.0,69,51,79,0.00,3.80,14.07,96.21,2496,7
2026-05-16 20:23:29,2.3,11.82,11.42,11.50,2058587,101907,5.0,0,0,0.0,69,51,79,0.00,3.70,13.77,95.93,2496,3
2026-05-16 20:24:30,1.8,12.14,11.54,11.53,2058587,101913,5.0,0,0,0.0,69,51,79,0.00,3.63,13.01,94.98,2491,4
2026-05-16 20:25:30,3.6,12.08,11.65,11.57,2058587,101918,5.0,0,0,0.0,69,51,79,0.00,3.57,14.56,96.99,2486,4
2026-05-16 20:26:30,2.2,12.48,11.89,11.66,2058587,101891,4.9,0,0,0.0,69,51,79,0.00,3.91,14.43,96.74,2479,6
2026-05-16 20:27:31,3.2,14.25,12.44,11.86,2058587,101873,4.9,0,0,0.0,69,51,79,0.00,3.79,13.56,95.44,2472,6
2026-05-16 20:28:31,10.9,12.74,12.28,11.84,2058587,101899,4.9,0,0,0.0,69,51,79,0.00,3.72,13.23,95.32,2467,9
2026-05-16 20:29:32,3.5,12.83,12.34,11.89,2058587,101919,5.0,0,0,0.0,69,51,79,0.00,3.65,14.06,103.19,2489,10
2026-05-16 20:30:32,3.2,12.56,12.39,11.93,2058587,101920,5.0,0,0,0.0,69,51,79,0.00,5.09,14.28,96.50,2498,10
2026-05-16 20:31:32,4.8,12.26,12.31,11.93,2058587,101947,5.0,0,0,0.0,69,51,79,0.00,4.21,13.91,95.93,2507,28
2026-05-16 20:32:33,3.3,11.66,12.12,11.89,2058587,101915,5.0,0,0,0.0,69,51,79,0.00,3.60,13.50,95.72,2519,7
2026-05-16 20:33:33,2.0,10.97,11.84,11.81,2058587,101893,4.9,0,0,0.0,69,51,79,0.00,3.85,10.62,92.44,2521,5
2026-05-16 20:34:33,2.0,11.98,12.00,11.87,2058587,101897,4.9,0,0,0.0,69,51,79,0.00,3.68,14.78,97.11,2510,3
2026-05-16 20:35:34,3.2,11.45,11.81,11.81,2058587,101893,4.9,0,0,0.0,69,51,79,0.00,3.67,11.62,93.50,2506,5
2026-05-16 20:36:34,3.2,17.96,13.49,12.38,2058587,101886,4.9,0,0,0.0,69,51,79,0.00,3.82,12.26,94.23,2495,9
2026-05-16 20:37:35,3.2,19.71,14.51,12.78,2058587,101884,4.9,0,0,0.0,69,51,79,0.00,3.79,13.92,96.20,2498,6
2026-05-16 20:38:35,1.9,15.82,14.57,12.92,2058587,101900,4.9,0,0,0.0,69,51,79,0.00,3.79,14.62,96.60,2504,5
2026-05-16 20:39:35,3.5,12.98,13.97,12.82,2058587,101897,4.9,0,0,0.0,69,51,79,0.00,3.98,14.52,96.86,2509,5
2026-05-16 20:40:36,3.2,12.40,13.64,12.78,2058587,101927,5.0,0,0,0.0,69,51,79,0.00,3.92,14.56,96.69,2508,4
2026-05-16 20:41:36,1.5,10.82,12.99,12.61,2058587,101896,4.9,0,0,0.0,69,51,79,0.00,4.12,11.01,92.68,2517,5
2026-05-16 20:42:36,3.0,11.09,12.65,12.51,2058587,101934,5.0,0,0,0.0,69,51,79,0.00,3.72,14.66,103.63,2502,4
2026-05-16 20:43:37,3.6,11.35,12.36,12.42,2058587,101931,5.0,0,0,0.0,69,51,79,0.00,3.62,11.03,92.93,2490,4
2026-05-16 20:44:37,4.0,13.52,12.76,12.55,2058587,101925,5.0,0,0,0.0,69,51,79,0.00,3.89,14.44,96.85,2483,8
2026-05-16 20:45:38,3.2,12.68,12.66,12.53,2058587,101936,5.0,0,0,0.0,69,51,79,0.00,3.80,12.72,94.82,2490,5
2026-05-16 20:46:38,2.0,11.68,12.37,12.44,2058587,101944,5.0,0,0,0.0,69,51,79,0.00,4.31,12.91,94.51,2489,5
2026-05-16 20:47:38,2.1,10.80,11.99,12.30,2058587,101922,5.0,0,0,0.0,69,51,79,0.00,3.82,11.48,93.62,2498,5
2026-05-16 20:48:39,3.0,17.94,13.51,12.78,2058587,101913,5.0,0,0,0.0,69,51,79,0.00,3.80,14.48,96.65,2499,4
2026-05-16 20:49:39,2.1,15.69,13.77,12.92,2058587,101904,5.0,0,0,0.0,69,51,79,0.00,3.98,14.23,96.51,2504,2
2026-05-16 20:50:39,3.2,12.58,13.19,12.78,2058587,101902,5.0,0,0,0.0,69,51,79,0.00,4.11,12.85,94.84,2503,7
2026-05-16 20:51:40,3.5,12.31,13.01,12.74,2058587,101899,4.9,0,0,0.0,69,51,79,0.00,4.07,14.97,97.43,2505,10
2026-05-16 20:52:40,3.0,16.98,13.99,13.08,2058587,101897,4.9,0,0,0.0,69,51,79,0.00,3.82,14.59,97.09,2501,3
2026-05-16 20:53:40,3.3,14.98,13.93,13.11,2058587,101923,5.0,0,0,0.0,69,51,79,0.00,3.95,14.55,97.08,2498,7
2026-05-16 20:54:41,3.3,14.14,13.87,13.14,2058587,101918,5.0,0,0,0.0,69,51,79,0.00,4.07,14.63,97.12,2492,7
2026-05-16 20:55:41,3.1,14.44,13.97,13.22,2058587,101929,5.0,0,0,0.0,69,51,79,0.00,3.54,14.54,97.07,2491,7
2026-05-16 20:56:41,4.0,13.20,13.66,13.16,2058587,101928,5.0,0,0,0.0,69,51,79,0.00,4.07,14.63,103.75,2489,18
2026-05-16 20:57:42,4.1,12.29,13.32,13.07,2058587,101932,5.0,0,0,0.0,69,51,79,0.00,3.86,15.00,97.52,2498,6
2026-05-16 20:58:42,3.0,14.45,13.63,13.18,2058587,101914,5.0,0,0,0.0,69,51,79,0.00,3.89,14.64,97.27,2496,6
2026-05-16 20:59:43,3.6,16.04,14.18,13.40,2058587,101926,5.0,0,0,0.0,69,51,79,0.00,3.95,14.75,97.57,2505,6
2026-05-16 21:00:43,8.8,18.51,15.52,13.93,2058587,101937,5.0,0,0,0.0,69,51,79,0.00,4.46,14.70,97.06,2504,18
2026-05-16 21:01:43,3.1,17.48,15.77,14.11,2058587,101943,5.0,0,0,0.0,69,51,79,0.00,4.12,14.64,97.02,2503,20
2026-05-16 21:02:44,3.4,15.97,15.63,14.17,2058587,101963,5.0,0,0,0.0,69,51,79,0.00,3.60,14.83,97.26,2493,7
2026-05-16 21:03:44,3.1,15.87,15.72,14.29,2058587,101954,5.0,0,0,0.0,69,51,79,0.00,3.88,14.59,97.12,2500,6
2026-05-16 21:04:44,3.5,17.12,16.18,14.54,2058587,101935,5.0,0,0,0.0,69,51,79,0.00,4.05,14.21,96.68,2506,7
2026-05-16 21:05:45,3.2,20.97,17.29,15.02,2058587,101914,5.0,0,0,0.0,69,51,79,0.00,3.93,14.43,96.71,2502,14
2026-05-16 21:06:45,3.6,20.84,17.96,15.39,2058587,101929,5.0,0,0,0.0,69,51,79,0.00,3.89,14.49,97.02,2500,5
2026-05-16 21:07:46,1.4,19.55,18.31,15.69,2058587,101859,4.9,0,0,0.0,69,51,79,0.00,3.96,14.36,62.53,2498,6
2026-05-16 21:08:46,3.3,17.12,17.66,15.61,2058587,101843,4.9,0,0,0.0,69,51,79,0.00,3.86,13.18,13.53,2501,8
2026-05-16 21:09:46,3.5,14.50,16.88,15.48,2058587,101825,4.9,0,0,0.0,69,51,79,0.00,3.89,14.98,15.71,2504,4
2026-05-16 21:10:47,3.9,13.70,16.34,15.39,2058587,101817,4.9,0,0,0.0,69,51,79,0.00,4.22,14.65,15.31,2498,6
2026-05-16 21:11:47,2.2,12.67,15.52,15.16,2058587,101854,4.9,0,0,0.0,69,51,79,0.00,4.11,15.15,15.49,2500,4
2026-05-16 21:12:47,4.0,13.89,15.30,15.11,2058587,101917,5.0,0,0,0.0,69,51,79,0.00,3.96,14.74,104.04,2507,9
2026-05-16 21:13:48,3.2,13.10,14.81,14.95,2058587,101929,5.0,0,0,0.0,69,51,79,0.00,3.54,14.51,96.68,2503,5
2026-05-16 21:14:48,1.5,13.64,14.71,14.90,2058587,101916,5.0,0,0,0.0,69,51,79,0.00,3.95,12.95,95.15,2508,3
2026-05-16 21:15:48,1.7,12.23,14.08,14.67,2058587,101916,5.0,0,0,0.0,69,51,79,0.00,4.09,13.03,95.67,2493,2
2026-05-16 21:16:49,2.3,14.34,14.35,14.72,2058587,101918,5.0,0,0,0.0,69,51,79,0.00,3.98,13.50,95.57,2492,4
2026-05-16 21:17:49,1.9,12.56,13.85,14.53,2058587,101913,5.0,0,0,0.0,69,51,79,0.00,3.71,11.23,93.25,2487,3
2026-05-16 21:18:50,1.7,12.30,13.55,14.38,2058587,101923,5.0,0,0,0.0,69,51,79,0.00,3.89,14.29,96.86,2504,4
2026-05-16 21:19:50,1.6,11.25,13.02,14.15,2058587,101908,5.0,0,0,0.0,69,51,79,0.00,4.25,12.11,93.84,2496,6
2026-05-16 21:20:50,1.8,11.07,12.67,13.96,2058587,101902,5.0,0,0,0.0,69,51,79,0.00,3.95,10.50,92.74,2504,4
2026-05-16 21:21:51,2.0,10.30,12.18,13.71,2058587,101921,5.0,0,0,0.0,69,51,79,0.00,4.22,11.88,93.68,2503,4
2026-05-16 21:22:51,3.5,11.74,12.20,13.62,2058587,101860,4.9,0,0,0.0,69,51,79,0.00,3.94,12.50,19.74,2497,20
2026-05-16 21:23:51,2.2,11.59,12.11,13.50,2058587,101917,5.0,0,0,0.0,69,51,79,0.00,3.83,14.74,35.94,2486,1
2026-05-16 21:24:52,2.9,11.13,11.91,13.34,2058587,101945,5.0,0,0,0.0,69,51,79,0.00,3.68,13.48,95.60,2471,6
2026-05-16 21:25:52,1.5,11.08,11.76,13.20,2058587,101913,5.0,0,0,0.0,69,51,79,0.00,3.94,12.51,94.63,2466,2
2026-05-16 21:26:52,8.0,10.47,11.48,13.01,2058587,101935,5.0,0,0,0.0,69,51,79,0.00,4.27,7.49,89.25,2467,14
2026-05-16 21:27:53,1.4,10.43,11.30,12.85,2058587,101927,5.0,0,0,0.0,69,51,79,0.00,3.71,11.16,92.86,2483,3
2026-05-16 21:28:53,3.4,10.42,11.17,12.71,2058587,101960,5.0,0,0,0.0,69,51,79,0.00,3.57,8.57,90.41,2501,6
2026-05-16 21:29:54,3.0,10.47,11.08,12.58,2058587,101946,5.0,0,0,0.0,69,51,79,0.00,4.06,12.37,94.30,2514,7
2026-05-16 21:30:54,3.5,12.55,11.61,12.66,2058587,101920,5.0,0,0,0.0,69,51,79,0.00,4.24,14.59,97.21,2517,7
2026-05-16 21:31:54,3.2,11.72,11.53,12.57,2058587,101916,5.0,0,0,0.0,69,51,79,0.00,4.92,12.63,94.31,2515,7
2026-05-16 21:32:55,4.1,10.79,11.32,12.43,2058587,101934,5.0,0,0,0.0,69,51,79,0.00,3.72,11.93,93.86,2502,9
2026-05-16 21:33:55,1.6,12.52,11.74,12.51,2058587,101927,5.0,0,0,0.0,69,51,79,0.00,3.86,14.59,96.86,2491,3
2026-05-16 21:34:55,2.2,11.59,11.60,12.41,2058587,101941,5.0,0,0,0.0,69,51,79,0.00,3.77,11.84,93.62,2482,5
2026-05-16 21:35:56,2.1,11.20,11.50,12.32,2058587,101935,5.0,0,0,0.0,69,51,79,0.00,3.67,14.52,96.67,2478,3
2026-05-16 21:36:56,2.1,11.76,11.62,12.31,2058587,101915,5.0,0,0,0.0,69,51,79,0.00,4.18,12.25,93.91,2483,5
2026-05-16 21:37:57,2.1,12.26,11.67,12.28,2058587,101955,5.0,0,0,0.0,69,51,79,0.00,3.86,10.95,99.53,2476,4
2026-05-16 21:38:57,3.1,11.69,11.61,12.22,2058587,101960,5.0,0,0,0.0,69,51,79,0.00,3.70,14.76,97.10,2481,5
2026-05-16 21:39:57,2.9,11.74,11.61,12.18,2058587,101934,5.0,0,0,0.0,69,51,79,0.00,4.09,14.69,97.08,2481,19
2026-05-16 21:40:58,3.4,12.41,11.78,12.20,2058587,101959,5.0,0,0,0.0,69,51,79,0.00,4.71,14.17,96.17,2481,7
2026-05-16 21:41:58,3.2,13.05,12.07,12.27,2058587,101992,5.0,0,0,0.0,69,51,79,0.00,3.61,14.50,97.05,2477,6
2026-05-16 21:42:58,1.8,11.80,11.90,12.20,2058587,101955,5.0,0,0,0.0,69,51,79,0.00,3.82,14.72,96.61,2484,3
2026-05-16 21:43:59,3.3,11.07,11.66,12.10,2058587,101954,5.0,0,0,0.0,69,51,79,0.00,3.98,12.69,94.54,2477,6
2026-05-16 21:44:59,2.1,22.24,13.93,12.80,2058587,101959,5.0,0,0,0.0,69,51,79,0.00,3.97,14.49,96.87,2483,3
2026-05-16 21:46:00,3.2,15.51,13.45,12.70,2058587,101952,5.0,0,0,0.0,69,51,79,0.00,3.90,11.69,93.75,2487,6
2026-05-16 21:47:00,1.3,12.96,13.13,12.65,2058587,101927,5.0,0,0,0.0,69,51,79,0.00,3.77,14.04,96.14,2495,5
2026-05-16 21:48:00,2.0,12.23,12.88,12.59,2058587,101948,5.0,0,0,0.0,69,51,79,0.00,3.90,14.36,96.65,2496,4
2026-05-16 21:49:01,1.9,12.69,12.97,12.64,2058587,101942,5.0,0,0,0.0,69,51,79,0.00,3.92,13.35,95.57,2497,6
2026-05-16 21:50:01,2.8,10.99,12.41,12.47,2058587,101966,5.0,0,0,0.0,69,51,79,0.00,4.10,14.44,96.17,2503,5
2026-05-16 21:51:01,12.1,11.79,12.35,12.44,2058587,101950,5.0,0,0,0.0,69,51,79,0.00,4.27,13.07,101.74,2501,5
2026-05-16 21:52:02,3.9,12.60,12.48,12.48,2058587,101960,5.0,0,0,0.0,69,51,79,0.00,3.85,13.80,96.45,2498,24
2026-05-16 21:53:02,2.9,11.88,12.35,12.43,2058587,101933,5.0,0,0,0.0,69,51,79,0.00,3.83,12.27,94.33,2498,4
2026-05-16 21:54:02,7.5,11.14,12.02,12.31,2058587,101933,5.0,0,0,0.0,69,51,79,0.00,3.84,7.92,89.53,2510,27
2026-05-16 21:55:03,1.5,11.38,11.92,12.26,2058587,101959,5.0,0,0,0.0,69,51,79,0.00,3.88,14.28,96.45,2508,4
2026-05-16 21:56:03,2.0,10.67,11.60,12.13,2058587,101978,5.0,0,0,0.0,69,51,79,0.00,3.94,10.27,91.94,2510,5
2026-05-16 21:57:04,1.9,10.51,11.37,12.01,2058587,101936,5.0,0,0,0.0,69,51,79,0.00,3.96,9.89,91.82,2501,6
2026-05-16 21:58:04,3.7,11.39,11.47,12.00,2058587,101947,5.0,0,0,0.0,69,51,79,0.00,3.55,13.87,95.92,2494,4
2026-05-16 21:59:04,2.2,10.95,11.37,11.94,2058587,101947,5.0,0,0,0.0,69,51,79,0.00,3.94,10.73,92.73,2481,4
2026-05-16 22:00:05,3.3,11.56,11.42,11.91,2058587,101967,5.0,0,0,0.0,69,51,79,0.00,3.94,14.54,96.69,2489,5
2026-05-16 22:01:05,2.0,11.73,11.53,11.92,2058587,101959,5.0,0,0,0.0,69,51,79,0.00,4.82,14.05,96.35,2502,6
2026-05-16 22:02:05,8.9,11.35,11.46,11.87,2058587,101930,5.0,0,0,0.0,69,51,79,0.00,3.65,13.09,95.19,2510,3
2026-05-16 22:03:06,1.4,10.51,11.22,11.76,2058587,101928,5.0,0,0,0.0,69,51,79,0.00,3.93,11.06,92.79,2519,2
2026-05-16 22:04:06,2.0,10.88,11.20,11.72,2058587,101934,5.0,0,0,0.0,69,51,79,0.00,3.82,13.49,95.50,2526,4
2026-05-16 22:05:06,2.8,11.19,11.30,11.73,2058587,101948,5.0,0,0,0.0,69,51,79,0.00,3.89,13.76,102.54,2505,8
2026-05-16 22:06:07,3.4,11.61,11.37,11.73,2058587,101982,5.0,0,0,0.0,69,51,79,0.00,3.82,14.41,96.68,2490,10
2026-05-16 22:07:07,1.3,11.43,11.40,11.71,2058587,101937,5.0,0,0,0.0,69,51,79,0.00,3.73,14.04,96.16,2488,7
2026-05-16 22:08:08,2.2,13.24,11.83,11.83,2058587,101947,5.0,0,0,0.0,69,51,79,0.00,3.91,12.49,94.34,2479,3
2026-05-16 22:09:08,9.1,13.14,12.02,11.90,2058587,101953,5.0,0,0,0.0,69,51,79,0.00,3.57,14.03,96.13,2494,8
2026-05-16 22:10:08,2.0,12.66,12.16,11.96,2058587,101970,5.0,0,0,0.0,69,51,79,0.00,4.30,14.69,96.99,2517,3
2026-05-16 22:11:09,3.6,12.08,12.06,11.94,2058587,101969,5.0,0,0,0.0,69,51,79,0.00,4.29,13.82,95.85,2517,9
2026-05-16 22:12:09,3.1,13.15,12.33,12.04,2058587,101961,5.0,0,0,0.0,69,51,79,0.00,3.86,13.07,95.31,2516,9
2026-05-16 22:13:09,1.4,11.96,12.18,12.01,2058587,101943,5.0,0,0,0.0,69,51,79,0.00,3.73,13.48,95.35,2512,2
2026-05-16 22:14:10,3.2,12.11,12.13,12.00,2058587,101928,5.0,0,0,0.0,69,51,79,0.00,3.71,14.23,62.37,2502,7
2026-05-16 22:15:10,3.4,11.93,12.05,11.98,2058587,101890,4.9,0,0,0.0,69,51,79,0.00,3.91,15.54,16.47,2496,6
2026-05-16 22:16:10,2.3,10.66,11.67,11.85,2058587,101868,4.9,0,0,0.0,69,51,79,0.00,4.07,13.22,13.54,2500,4
2026-05-16 22:17:11,3.6,10.94,11.54,11.79,2058587,101876,4.9,0,0,0.0,69,51,79,0.00,3.75,14.33,14.80,2505,6
2026-05-16 22:18:11,1.9,11.44,11.55,11.78,2058587,101871,4.9,0,0,0.0,69,51,79,0.00,3.94,15.88,16.47,2510,3
2026-05-16 22:19:12,4.0,11.44,11.53,11.76,2058587,101983,5.0,0,0,0.0,69,51,79,0.00,4.11,11.29,99.76,2498,5
2026-05-16 22:20:12,3.6,11.75,11.61,11.77,2058587,101989,5.0,0,0,0.0,69,51,79,0.00,4.16,14.81,97.19,2496,6
2026-05-16 22:21:12,3.4,11.70,11.59,11.75,2058587,101994,5.0,0,0,0.0,69,51,79,0.00,3.98,13.65,95.64,2497,7
2026-05-16 22:22:13,3.3,31.09,18.11,14.04,2058587,101983,5.0,0,0,0.0,69,51,79,0.00,4.11,14.23,96.36,2479,5
2026-05-16 22:23:13,1.9,19.78,17.33,14.03,2058587,101983,5.0,0,0,0.0,69,51,79,0.00,3.87,13.15,95.12,2476,4
2026-05-16 22:24:13,1.5,13.65,16.00,13.78,2058587,101978,5.0,0,0,0.0,69,51,79,0.00,3.72,12.28,94.43,2487,3
2026-05-16 22:25:14,3.5,11.81,15.05,13.59,2058587,101949,5.0,0,0,0.0,69,51,79,0.00,3.83,12.42,94.16,2487,7
2026-05-16 22:26:14,1.4,11.37,14.36,13.45,2058587,101986,5.0,0,0,0.0,69,51,79,0.00,4.07,13.93,96.16,2487,3
2026-05-16 22:27:15,2.3,11.31,13.78,13.30,2058587,101969,5.0,0,0,0.0,69,51,79,0.00,4.08,12.98,95.04,2492,2
2026-05-16 22:28:15,2.3,11.45,13.36,13.18,2058587,101971,5.0,0,0,0.0,69,51,79,0.00,3.58,15.01,97.15,2496,2
2026-05-16 22:29:15,1.9,12.55,13.27,13.16,2058587,101905,5.0,0,0,0.0,69,51,79,0.00,4.00,14.87,22.31,2494,3
2026-05-16 22:30:16,3.4,11.85,12.91,13.04,2058587,101944,5.0,0,0,0.0,69,51,79,0.00,4.24,14.28,28.24,2488,5
2026-05-16 22:31:16,2.2,11.51,12.67,12.95,2058587,101986,5.0,0,0,0.0,69,51,79,0.00,4.20,13.69,95.76,2491,3
2026-05-16 22:32:16,9.9,12.50,12.77,12.97,2058587,101996,5.0,0,0,0.0,69,51,79,0.00,3.84,13.09,102.00,2499,7
2026-05-16 22:33:17,1.9,11.83,12.59,12.90,2058587,101958,5.0,0,0,0.0,69,51,79,0.00,3.93,10.84,92.96,2498,2
2026-05-16 22:34:17,2.4,11.91,12.43,12.82,2058587,101972,5.0,0,0,0.0,69,51,79,0.00,3.89,13.99,95.88,2503,5
2026-05-16 22:35:17,1.8,11.72,12.32,12.76,2058587,101992,5.0,0,0,0.0,69,51,79,0.00,3.83,13.61,95.86,2502,4
2026-05-16 22:36:18,4.4,10.83,11.97,12.61,2058587,101957,5.0,0,0,0.0,69,51,79,0.00,3.85,11.51,93.51,2498,5
2026-05-16 22:37:18,1.6,11.64,11.97,12.57,2058587,101963,5.0,0,0,0.0,69,51,79,0.00,3.96,13.55,95.45,2497,5
2026-05-16 22:38:19,1.7,10.74,11.63,12.41,2058587,101977,5.0,0,0,0.0,69,51,79,0.00,3.86,12.41,94.04,2483,3
2026-05-16 22:39:19,2.2,11.33,11.62,12.35,2058587,101968,5.0,0,0,0.0,69,51,79,0.00,3.51,10.40,92.26,2479,24
2026-05-16 22:40:19,3.3,10.51,11.31,12.20,2058587,101992,5.0,0,0,0.0,69,51,79,0.00,4.23,12.08,93.90,2487,7
2026-05-16 22:41:20,3.2,10.35,11.12,12.08,2058587,101974,5.0,0,0,0.0,69,51,79,0.00,4.57,10.95,92.76,2494,7
2026-05-16 22:42:20,2.0,10.63,11.06,12.00,2058587,101982,5.0,0,0,0.0,69,51,79,0.00,3.68,7.94,89.61,2493,6
2026-05-16 22:43:20,2.0,12.01,11.37,12.04,2058587,101956,5.0,0,0,0.0,69,51,79,0.00,3.87,14.50,96.57,2506,3
2026-05-16 22:44:21,2.4,13.74,12.04,12.23,2058587,101960,5.0,0,0,0.0,69,51,79,0.00,4.07,14.55,96.28,2512,5
2026-05-16 22:45:21,3.5,15.35,12.90,12.52,2058587,101959,5.0,0,0,0.0,69,51,79,0.00,3.91,14.82,97.15,2502,11
2026-05-16 22:46:22,2.7,14.86,13.20,12.65,2058587,101978,5.0,0,0,0.0,69,51,79,0.00,3.86,8.71,97.27,2506,4
2026-05-16 22:47:22,1.3,13.43,13.16,12.68,2058587,101958,5.0,0,0,0.0,69,51,79,0.00,4.08,9.78,91.45,2515,4
2026-05-16 22:48:22,1.4,13.17,13.32,12.77,2058587,101969,5.0,0,0,0.0,69,51,79,0.00,3.88,10.08,91.77,2506,3
2026-05-16 22:49:23,9.7,19.46,14.97,13.37,2058587,102015,5.0,0,0,0.0,69,51,79,0.00,3.98,13.84,96.01,2504,22
2026-05-16 22:50:23,3.3,18.69,15.56,13.68,2058587,101986,5.0,0,0,0.0,69,51,79,0.00,4.04,12.74,94.71,2508,5
2026-05-16 22:51:23,3.7,16.86,15.48,13.76,2058587,101965,5.0,0,0,0.0,69,51,79,0.00,4.37,14.29,96.52,2496,6
2026-05-16 22:52:24,1.9,16.00,15.47,13.86,2058587,101997,5.0,0,0,0.0,69,51,79,0.00,3.93,13.91,96.12,2499,8
2026-05-16 22:53:24,1.6,13.37,14.74,13.70,2058587,101983,5.0,0,0,0.0,69,51,79,0.00,3.81,10.88,92.75,2501,3
2026-05-16 22:54:24,2.9,15.21,14.87,13.81,2058587,101985,5.0,0,0,0.0,69,51,79,0.00,3.67,13.30,95.19,2500,6
2026-05-16 22:55:25,1.8,13.26,14.38,13.70,2058587,101984,5.0,0,0,0.0,69,51,79,0.00,3.90,14.25,96.75,2493,7
2026-05-16 22:56:25,2.3,13.08,14.30,13.73,2058587,101992,5.0,0,0,0.0,69,51,79,0.00,4.06,13.78,95.74,2496,3
2026-05-16 22:57:26,2.0,11.53,13.67,13.55,2058587,101975,5.0,0,0,0.0,69,51,79,0.00,3.57,12.29,94.09,2490,2
2026-05-16 22:58:26,1.7,10.52,13.01,13.33,2058587,101967,5.0,0,0,0.0,69,51,79,0.00,3.85,11.79,93.45,2491,4
2026-05-16 22:59:26,3.4,12.78,13.10,13.33,2058587,101997,5.0,0,0,0.0,69,51,79,0.00,3.88,13.87,102.48,2489,8
2026-05-16 23:00:27,3.2,12.75,13.04,13.30,2058587,101993,5.0,0,0,0.0,69,51,79,0.00,4.28,14.65,96.98,2497,6
2026-05-16 23:01:27,3.3,12.98,13.04,13.28,2058587,102012,5.0,0,0,0.0,69,51,79,0.00,4.06,13.63,95.71,2498,6
2026-05-16 23:02:27,2.0,13.31,13.02,13.25,2058587,102010,5.0,0,0,0.0,69,51,79,0.00,3.98,13.67,95.88,2499,6
2026-05-16 23:03:28,10.2,12.13,12.68,13.11,2058587,101985,5.0,0,0,0.0,69,51,79,0.00,3.80,11.20,93.00,2486,4
2026-05-16 23:04:28,2.0,11.85,12.43,13.00,2058587,101997,5.0,0,0,0.0,69,51,79,0.00,3.73,11.73,93.86,2483,8
2026-05-16 23:05:28,3.0,10.94,12.04,12.82,2058587,102002,5.0,0,0,0.0,69,51,79,0.00,3.94,12.25,94.04,2472,19
2026-05-16 23:06:29,1.9,11.16,11.96,12.75,2058587,101973,5.0,0,0,0.0,69,51,79,0.00,4.31,13.11,95.21,2472,2
2026-05-16 23:07:29,3.2,11.48,11.87,12.66,2058587,101996,5.0,0,0,0.0,69,51,79,0.00,3.66,13.65,95.68,2471,6
2026-05-16 23:08:30,1.6,11.13,11.70,12.55,2058587,101992,5.0,0,0,0.0,69,51,79,0.00,3.95,13.57,95.43,2476,3
2026-05-16 23:09:30,2.9,12.32,11.89,12.56,2058587,101988,5.0,0,0,0.0,69,51,79,0.00,3.92,11.50,93.59,2478,7
2026-05-16 23:10:30,1.8,10.73,11.51,12.38,2058587,101976,5.0,0,0,0.0,69,51,79,0.00,4.13,12.22,94.13,2490,5
2026-05-16 23:11:31,3.7,10.80,11.34,12.27,2058587,102021,5.0,0,0,0.0,69,51,79,0.00,4.33,13.48,95.30,2486,7
2026-05-16 23:12:31,1.4,11.40,11.44,12.24,2058587,101978,5.0,0,0,0.0,69,51,79,0.00,3.93,13.81,95.71,2480,3
2026-05-16 23:13:31,4.6,11.51,11.44,12.19,2058587,102015,5.0,0,0,0.0,69,51,79,0.00,3.83,12.11,100.19,2485,6
2026-05-16 23:14:32,1.4,17.34,12.83,12.60,2058587,102000,5.0,0,0,0.0,69,51,79,0.00,3.54,12.34,94.89,2484,4
2026-05-16 23:15:32,2.2,13.75,12.59,12.53,2058587,102008,5.0,0,0,0.0,69,51,79,0.00,3.98,13.98,95.89,2485,6
2026-05-16 23:16:32,2.5,11.66,12.19,12.39,2058587,102003,5.0,0,0,0.0,69,51,79,0.00,4.49,11.80,93.54,2486,5
2026-05-16 23:17:33,3.5,15.35,13.09,12.68,2058587,101996,5.0,0,0,0.0,69,51,79,0.00,3.82,14.49,96.79,2493,8
2026-05-16 23:18:33,10.0,14.36,13.17,12.74,2058587,102014,5.0,0,0,0.0,69,51,79,0.00,3.93,14.02,96.35,2495,16
2026-05-16 23:19:34,1.8,12.62,12.98,12.70,2058587,102005,5.0,0,0,0.0,69,51,79,0.00,3.81,12.34,94.40,2493,7
2026-05-16 23:20:34,3.2,22.74,14.95,13.35,2058587,101982,5.0,0,0,0.0,69,51,79,0.00,4.11,10.80,58.62,2487,7
2026-05-16 23:21:34,3.1,19.47,15.87,13.79,2058587,101931,5.0,0,0,0.0,69,51,79,0.00,4.22,15.86,16.71,2485,4
2026-05-16 23:22:35,1.9,16.06,15.79,13.91,2058587,101939,5.0,0,0,0.0,69,51,79,0.00,3.84,12.62,12.96,2484,23
2026-05-16 23:23:35,2.0,19.92,16.56,14.27,2058587,101939,5.0,0,0,0.0,69,51,79,0.00,3.64,11.75,12.02,2477,6
2026-05-16 23:24:35,6.2,14.95,15.65,14.09,2058587,101930,5.0,0,0,0.0,69,51,79,0.00,3.79,14.03,14.31,2473,6
2026-05-16 23:25:36,3.3,13.73,15.20,14.04,2058587,102006,5.0,0,0,0.0,69,51,79,0.00,3.79,14.69,96.76,2473,7
2026-05-16 23:26:36,3.1,12.01,14.45,13.85,2058587,102002,5.0,0,0,0.0,69,51,79,0.00,4.14,14.36,96.62,2477,14
2026-05-16 23:27:37,3.3,12.18,13.93,13.70,2058587,101995,5.0,0,0,0.0,69,51,79,0.00,3.68,13.41,101.40,2473,7
2026-05-16 23:28:37,2.1,12.10,13.62,13.61,2058587,102007,5.0,0,0,0.0,69,51,79,0.00,3.75,12.45,95.79,2481,3
2026-05-16 23:29:37,2.2,11.96,13.27,13.49,2058587,102008,5.0,0,0,0.0,69,51,79,0.00,3.95,14.67,96.91,2489,2
2026-05-16 23:30:38,11.9,11.30,12.80,13.31,2058587,101992,5.0,0,0,0.0,69,51,79,0.00,4.24,10.54,92.37,2487,2
2026-05-16 23:31:38,1.7,10.93,12.44,13.15,2058587,101992,5.0,0,0,0.0,69,51,79,0.00,4.46,11.97,93.88,2486,1
2026-05-16 23:32:38,1.5,10.89,12.15,13.00,2058587,102006,5.0,0,0,0.0,69,51,79,0.00,3.79,12.62,94.66,2483,2
2026-05-16 23:33:39,3.2,12.90,12.40,13.03,2058587,102021,5.0,0,0,0.0,69,51,79,0.00,3.91,13.41,95.47,2479,6
2026-05-16 23:34:39,3.2,11.75,12.17,12.91,2058587,102010,5.0,0,0,0.0,69,51,79,0.00,3.76,14.39,96.36,2478,4
2026-05-16 23:35:39,2.2,11.17,11.97,12.80,2058587,101945,5.0,0,0,0.0,69,51,79,0.00,3.91,13.49,20.69,2476,4
2026-05-16 23:36:40,2.1,11.43,11.84,12.70,2058587,101964,5.0,0,0,0.0,69,51,79,0.00,4.03,12.90,26.80,2481,5
2026-05-16 23:37:40,1.4,13.35,12.46,12.86,2058587,102006,5.0,0,0,0.0,69,51,79,0.00,3.93,14.06,96.45,2480,5
2026-05-16 23:38:41,1.5,11.64,12.12,12.72,2058587,101964,5.0,0,0,0.0,69,51,79,0.00,3.61,12.40,94.24,2485,4
2026-05-16 23:39:41,2.4,11.06,11.84,12.58,2058587,102033,5.0,0,0,0.0,69,51,79,0.00,3.93,14.53,96.22,2488,3
2026-05-16 23:40:41,3.2,11.84,11.92,12.56,2058587,102023,5.0,0,0,0.0,69,51,79,0.00,4.24,14.49,96.74,2498,21
2026-05-16 23:41:42,3.0,11.94,11.93,12.52,2058587,102031,5.0,0,0,0.0,69,51,79,0.00,4.38,13.91,102.64,2496,5
2026-05-16 23:42:42,2.5,11.74,11.91,12.48,2058587,102032,5.0,0,0,0.0,69,51,79,0.00,3.71,12.70,94.82,2502,5
2026-05-16 23:43:42,2.2,11.51,11.83,12.42,2058587,102033,5.0,0,0,0.0,69,51,79,0.00,4.25,14.63,96.77,2510,23
2026-05-16 23:44:43,3.5,11.87,11.86,12.39,2058587,102015,5.0,0,0,0.0,69,51,79,0.00,3.93,14.50,96.81,2502,6
2026-05-16 23:45:43,3.8,11.11,11.67,12.29,2058587,102030,5.0,0,0,0.0,69,51,79,0.00,3.92,14.82,96.94,2489,9
2026-05-16 23:46:43,1.6,10.55,11.40,12.15,2058587,102016,5.0,0,0,0.0,69,51,79,0.00,3.86,14.49,96.63,2489,1
2026-05-16 23:47:44,2.2,10.91,11.33,12.08,2058587,102002,5.0,0,0,0.0,69,51,79,0.00,3.91,11.92,94.00,2492,4
2026-05-16 23:48:44,3.1,11.69,11.38,12.05,2058587,102003,5.0,0,0,0.0,69,51,79,0.00,3.97,13.32,95.47,2484,8
2026-05-16 23:49:45,1.9,11.46,11.42,12.02,2058587,102011,5.0,0,0,0.0,69,51,79,0.00,4.02,13.65,95.81,2483,3
2026-05-16 23:50:45,3.3,11.04,11.32,11.95,2058587,102012,5.0,0,0,0.0,69,51,79,0.00,4.24,14.56,96.37,2489,6
2026-05-16 23:51:45,1.4,11.56,11.49,11.97,2058587,101998,5.0,0,0,0.0,69,51,79,0.00,4.37,13.82,96.05,2485,6
2026-05-16 23:52:46,2.1,11.63,11.49,11.94,2058587,102020,5.0,0,0,0.0,69,51,79,0.00,3.91,13.09,94.85,2498,4
2026-05-16 23:53:46,1.8,11.38,11.47,11.90,2058587,102003,5.0,0,0,0.0,69,51,79,0.00,3.49,13.20,95.08,2506,6
2026-05-16 23:54:46,2.4,19.53,13.27,12.47,2058587,102022,5.0,0,0,0.0,69,51,79,0.00,3.81,11.15,99.66,2503,4
2026-05-16 23:55:47,3.7,14.19,12.82,12.36,2058587,102040,5.0,0,0,0.0,69,51,79,0.00,3.82,12.05,93.84,2502,6
2026-05-16 23:56:47,2.3,11.49,12.28,12.20,2058587,102027,5.0,0,0,0.0,69,51,79,0.00,4.04,10.87,92.61,2500,4
2026-05-16 23:57:48,10.3,10.44,11.85,12.05,2058587,102013,5.0,0,0,0.0,69,51,79,0.00,3.75,9.98,91.99,2495,4
2026-05-16 23:58:48,10.5,11.03,11.74,12.00,2058587,102017,5.0,0,0,0.0,69,51,79,0.00,4.01,13.66,95.87,2483,7
2026-05-16 23:59:48,3.1,12.50,11.98,12.06,2058587,102036,5.0,0,0,0.0,69,51,79,0.00,4.02,13.73,95.80,2494,6
2026-05-17 00:00:49,3.5,11.60,11.82,12.00,2058587,102048,5.0,0,0,0.0,69,51,79,0.04,4.11,14.61,96.81,2501,20
2026-05-17 00:01:49,2.3,11.44,11.72,11.95,2058587,102026,5.0,0,0,0.0,69,51,79,0.00,4.20,13.28,95.16,2497,4
2026-05-17 00:02:49,2.1,10.72,11.46,11.85,2058587,102005,5.0,0,0,0.0,69,51,79,0.00,3.89,11.58,93.34,2489,4
2026-05-17 00:03:50,3.1,11.32,11.50,11.84,2058587,102044,5.0,0,0,0.0,69,51,79,0.00,3.86,14.25,96.88,2495,8
2026-05-17 00:04:50,3.2,20.77,13.62,12.52,2058587,102036,5.0,0,0,0.0,69,51,79,0.00,3.91,12.70,94.84,2481,6
2026-05-17 00:05:51,1.4,20.55,15.32,13.19,2058587,101991,5.0,0,0,0.0,69,51,79,0.00,4.07,12.94,94.86,2488,5
2026-05-17 00:06:51,2.4,18.87,15.79,13.49,2058587,101986,5.0,0,0,0.0,69,51,79,0.00,4.15,11.89,94.46,2495,5
2026-05-17 00:07:51,3.6,17.06,16.15,13.78,2058587,102015,5.0,0,0,0.0,69,51,79,0.00,15.31,13.94,102.60,2494,5
2026-05-17 00:08:52,3.1,13.75,15.32,13.65,2058587,102033,5.0,0,0,0.0,69,51,79,0.00,3.82,14.42,96.57,2496,5
2026-05-17 00:09:52,2.4,11.70,14.42,13.44,2058587,102044,5.0,0,0,0.0,69,51,79,0.00,4.18,12.49,94.48,2509,5
2026-05-17 00:10:52,5.3,12.02,14.00,13.35,2058587,102039,5.0,0,0,0.0,69,51,79,0.00,4.36,14.86,97.12,2510,18
2026-05-17 00:11:53,3.6,10.99,13.37,13.18,2058587,102015,5.0,0,0,0.0,69,51,79,0.00,3.91,12.93,94.98,2504,2
2026-05-17 00:12:53,2.1,10.31,12.75,12.98,2058587,102009,5.0,0,0,0.0,69,51,79,0.00,4.09,8.70,90.38,2507,3
2026-05-17 00:13:54,3.0,10.79,12.41,12.84,2058587,102026,5.0,0,0,0.0,69,51,79,0.00,3.85,13.69,95.60,2499,6
2026-05-17 00:14:54,1.9,11.20,12.20,12.74,2058587,102000,5.0,0,0,0.0,69,51,79,0.00,3.73,13.94,95.89,2480,8
2026-05-17 00:15:54,3.1,11.71,12.14,12.68,2058587,102011,5.0,0,0,0.0,69,51,79,0.00,3.64,14.13,96.10,2477,6
2026-05-17 00:16:55,1.4,11.18,11.93,12.58,2058587,102042,5.0,0,0,0.0,69,51,79,0.00,4.09,14.37,96.58,2484,5
2026-05-17 00:17:55,3.1,12.34,12.08,12.58,2058587,101995,5.0,0,0,0.0,69,51,79,0.00,4.00,12.60,94.56,2493,12
2026-05-17 00:18:55,1.6,11.36,11.83,12.46,2058587,102015,5.0,0,0,0.0,69,51,79,0.00,4.13,13.25,95.20,2488,3
2026-05-17 00:19:56,1.8,10.77,11.56,12.33,2058587,102037,5.0,0,0,0.0,69,51,79,0.00,4.04,9.25,90.94,2511,3
2026-05-17 00:20:56,3.4,11.51,11.63,12.30,2058587,102060,5.0,0,0,0.0,69,51,79,0.00,4.24,14.61,96.66,2511,8
2026-05-17 00:21:57,3.7,12.76,11.98,12.38,2058587,102068,5.0,0,0,0.0,69,51,79,0.00,3.92,14.14,103.14,2497,5
2026-05-17 00:22:57,3.0,13.01,12.16,12.42,2058587,102059,5.0,0,0,0.0,69,51,79,0.00,3.81,14.46,97.07,2491,7
2026-05-17 00:23:57,3.4,11.88,12.02,12.35,2058587,102051,5.0,0,0,0.0,69,51,79,0.00,3.92,11.89,94.02,2491,4
2026-05-17 00:24:58,10.7,11.56,11.89,12.28,2058587,102058,5.0,0,0,0.0,69,51,79,0.00,4.69,11.18,93.10,2480,2
2026-05-17 00:25:58,2.1,11.67,11.92,12.27,2058587,102018,5.0,0,0,0.0,69,51,79,0.00,4.09,13.69,95.50,2490,4
2026-05-17 00:26:58,3.0,12.07,11.99,12.27,2058587,102010,5.0,0,0,0.0,69,51,79,0.00,3.63,15.21,70.42,2489,9
2026-05-17 00:27:59,2.1,11.12,11.76,12.18,2058587,101946,5.0,0,0,0.0,69,51,79,0.00,3.83,15.78,16.47,2494,3
2026-05-17 00:28:59,2.7,13.31,12.16,12.28,2058587,101940,5.0,0,0,0.0,69,51,79,0.00,3.78,15.70,16.06,2503,4
2026-05-17 00:29:59,3.3,18.01,14.05,12.94,2058587,101945,5.0,0,0,0.0,69,51,79,0.00,4.05,15.93,17.02,2513,4
2026-05-17 00:31:00,3.1,17.64,14.57,13.19,2058587,101936,5.0,0,0,0.0,69,51,79,0.00,4.12,15.89,16.22,2497,6
2026-05-17 00:32:00,2.1,18.46,15.27,13.51,2058587,102035,5.0,0,0,0.0,69,51,79,0.00,4.04,11.75,93.62,2501,3
2026-05-17 00:33:01,3.2,21.73,16.74,14.12,2058587,102033,5.0,0,0,0.0,69,51,79,0.00,4.01,12.85,95.04,2507,7
2026-05-17 00:34:01,1.5,20.87,17.41,14.51,2058587,102037,5.0,0,0,0.0,69,51,79,0.00,3.71,14.32,96.55,2507,3
2026-05-17 00:35:01,8.3,22.30,18.50,15.08,2058587,102051,5.0,0,0,0.0,69,51,79,0.00,3.93,14.33,100.88,2491,7
2026-05-17 00:36:02,3.0,21.45,18.71,15.35,2058587,102067,5.0,0,0,0.0,69,51,79,0.00,3.93,14.64,99.65,2499,6
2026-05-17 00:37:02,3.2,20.00,18.67,15.54,2058587,102056,5.0,0,0,0.0,69,51,79,0.00,4.09,13.90,95.78,2486,4
2026-05-17 00:38:02,3.4,16.85,18.08,15.54,2058587,102055,5.0,0,0,0.0,69,51,79,0.00,3.80,14.66,97.27,2485,6
2026-05-17 00:39:03,3.3,18.95,18.49,15.84,2058587,102046,5.0,0,0,0.0,69,51,79,0.00,3.95,14.43,96.95,2480,5
2026-05-17 00:40:03,1.6,14.88,17.54,15.70,2058587,102024,5.0,0,0,0.0,69,51,79,0.00,4.00,11.35,93.24,2479,3
2026-05-17 00:41:04,3.1,12.38,16.31,15.38,2058587,102036,5.0,0,0,0.0,69,51,79,0.00,4.63,12.27,93.88,2483,6
2026-05-17 00:42:04,3.2,15.53,16.48,15.50,2058587,101987,5.0,0,0,0.0,69,51,79,0.00,3.71,15.71,23.32,2484,5
2026-05-17 00:43:04,2.1,12.54,15.42,15.20,2058587,102019,5.0,0,0,0.0,69,51,79,0.00,3.82,14.65,28.62,2484,19
2026-05-17 00:44:05,2.1,13.04,15.11,15.11,2058587,102039,5.0,0,0,0.0,69,51,79,0.00,3.84,14.52,96.79,2478,6
2026-05-17 00:45:05,3.3,13.01,14.68,14.95,2058587,102024,5.0,0,0,0.0,69,51,79,0.00,4.00,14.81,96.85,2480,9
2026-05-17 00:46:05,1.7,11.96,14.14,14.75,2058587,102030,5.0,0,0,0.0,69,51,79,0.00,3.81,14.63,96.56,2470,6
2026-05-17 00:47:06,3.2,11.89,13.67,14.55,2058587,102080,5.0,0,0,0.0,69,51,79,0.00,4.51,12.36,94.22,2475,7
2026-05-17 00:48:06,1.4,11.12,13.20,14.34,2058587,102030,5.0,0,0,0.0,69,51,79,0.00,4.31,13.40,95.09,2482,7
2026-05-17 00:49:06,3.9,12.07,13.18,14.26,2058587,102029,5.0,0,0,0.0,69,51,79,0.00,3.67,14.20,101.22,2489,6
2026-05-17 00:50:07,1.8,12.47,13.13,14.18,2058587,102028,5.0,0,0,0.0,69,51,79,0.00,4.05,13.15,97.45,2493,5
2026-05-17 00:51:07,5.4,11.63,12.77,13.99,2058587,102032,5.0,0,0,0.0,69,51,79,0.00,4.38,8.88,90.45,2493,4
2026-05-17 00:52:08,8.4,10.82,12.33,13.76,2058587,102087,5.0,0,0,0.0,69,51,79,0.00,3.92,11.17,92.84,2508,24
2026-05-17 00:53:08,2.0,10.69,12.07,13.58,2058587,102039,5.0,0,0,0.0,69,51,79,0.00,3.90,13.56,95.63,2497,7
2026-05-17 00:54:08,3.0,12.31,12.20,13.52,2058587,102049,5.0,0,0,0.0,69,51,79,0.00,3.97,14.12,96.03,2487,11
2026-05-17 00:55:09,2.1,11.27,11.94,13.34,2058587,102053,5.0,0,0,0.0,69,51,79,0.00,4.00,14.55,96.86,2485,9
2026-05-17 00:56:09,3.4,11.57,11.85,13.22,2058587,102044,5.0,0,0,0.0,69,51,79,0.00,3.85,11.02,93.02,2481,8
2026-05-17 00:57:09,3.1,12.87,12.21,13.26,2058587,102048,5.0,0,0,0.0,69,51,79,0.00,3.96,14.13,96.41,2473,5
2026-05-17 00:58:10,1.8,11.06,11.81,13.06,2058587,102039,5.0,0,0,0.0,69,51,79,0.00,3.77,10.84,92.75,2469,4
2026-05-17 00:59:10,3.7,11.88,11.87,13.00,2058587,102033,5.0,0,0,0.0,69,51,79,0.00,3.93,13.54,95.62,2469,5
2026-05-17 01:00:11,1.9,11.21,11.71,12.87,2058587,102050,5.0,0,0,0.0,69,51,79,0.00,3.88,12.93,94.85,2470,6
2026-05-17 01:01:11,4.6,11.57,11.71,12.79,2058587,102065,5.0,0,0,0.0,69,51,79,0.00,4.50,14.83,96.81,2472,6
2026-05-17 01:02:11,8.4,11.41,11.65,12.71,2058587,102066,5.0,0,0,0.0,69,51,79,0.00,4.03,12.96,101.63,2468,6
2026-05-17 01:03:12,3.6,12.02,11.74,12.67,2058587,102060,5.0,0,0,0.0,69,51,79,0.00,4.00,13.34,95.35,2490,5
2026-05-17 01:04:12,2.2,13.03,12.00,12.69,2058587,102055,5.0,0,0,0.0,69,51,79,0.00,3.71,14.48,96.93,2493,6
2026-05-17 01:05:12,3.1,12.95,12.21,12.72,2058587,102053,5.0,0,0,0.0,69,51,79,0.00,3.93,13.17,95.21,2492,22
2026-05-17 01:06:13,1.5,13.87,12.47,12.77,2058587,102045,5.0,0,0,0.0,69,51,79,0.00,4.07,11.86,93.66,2501,7
2026-05-17 01:07:13,2.0,12.38,12.29,12.69,2058587,102061,5.0,0,0,0.0,69,51,79,0.00,3.83,14.01,96.07,2508,3
2026-05-17 01:08:14,3.0,12.26,12.22,12.64,2058587,102043,5.0,0,0,0.0,69,51,79,0.00,3.64,12.64,94.49,2493,4
2026-05-17 01:09:14,1.6,13.35,12.64,12.76,2058587,102051,5.0,0,0,0.0,69,51,79,0.00,4.03,14.01,96.30,2492,4
2026-05-17 01:10:14,3.6,11.57,12.23,12.61,2058587,102051,5.0,0,0,0.0,69,51,79,0.00,4.27,12.21,93.96,2506,3
2026-05-17 01:11:15,2.1,11.31,12.05,12.53,2058587,102032,5.0,0,0,0.0,69,51,79,0.00,4.24,13.83,96.57,2496,4
2026-05-17 01:12:15,3.3,12.04,12.03,12.48,2058587,102060,5.0,0,0,0.0,69,51,79,0.00,3.93,12.38,94.35,2501,14
2026-05-17 01:13:15,3.4,12.05,12.03,12.45,2058587,102102,5.0,0,0,0.0,69,51,79,0.00,3.87,14.94,97.47,2499,6
2026-05-17 01:14:16,1.7,10.77,11.64,12.29,2058587,102032,5.0,0,0,0.0,69,51,79,0.00,3.93,8.89,90.61,2506,4
2026-05-17 01:15:16,2.0,11.01,11.55,12.21,2058587,102048,5.0,0,0,0.0,69,51,79,0.00,3.77,14.53,96.66,2492,9
2026-05-17 01:16:17,8.4,10.27,11.24,12.06,2058587,102063,5.0,0,0,0.0,69,51,79,0.00,4.05,9.42,97.93,2490,3
2026-05-17 01:17:17,2.1,10.93,11.25,12.01,2058587,102064,5.0,0,0,0.0,69,51,79,0.00,3.89,12.80,94.65,2492,5
2026-05-17 01:18:17,1.6,11.47,11.39,12.02,2058587,102060,5.0,0,0,0.0,69,51,79,0.00,3.61,12.58,94.33,2493,7
2026-05-17 01:19:18,3.6,10.97,11.25,11.93,2058587,102038,5.0,0,0,0.0,69,51,79,0.00,4.05,13.35,95.36,2478,7
2026-05-17 01:20:18,3.2,10.86,11.16,11.85,2058587,102056,5.0,0,0,0.0,69,51,79,0.00,4.23,13.72,95.52,2487,8
2026-05-17 01:21:18,9.7,10.92,11.13,11.80,2058587,102029,5.0,0,0,0.0,69,51,79,0.00,4.27,13.68,96.01,2481,7
2026-05-17 01:22:19,1.5,10.98,11.12,11.75,2058587,102034,5.0,0,0,0.0,69,51,79,0.00,3.60,13.77,95.91,2478,3
2026-05-17 01:23:19,1.6,10.42,10.93,11.64,2058587,102038,5.0,0,0,0.0,69,51,79,0.00,3.87,9.38,91.13,2471,2
2026-05-17 01:24:19,1.8,10.60,10.89,11.59,2058587,102060,5.0,0,0,0.0,69,51,79,0.00,3.96,14.11,96.18,2490,6
2026-05-17 01:25:20,1.6,10.89,10.94,11.56,2058587,102015,5.0,0,0,0.0,69,51,79,0.00,3.77,12.11,93.96,2492,5
2026-05-17 01:26:20,3.2,12.46,11.34,11.65,2058587,102044,5.0,0,0,0.0,69,51,79,0.00,3.89,14.27,96.57,2499,9
2026-05-17 01:27:21,1.8,11.63,11.34,11.63,2058587,102053,5.0,0,0,0.0,69,51,79,0.00,3.98,13.17,95.07,2499,7
2026-05-17 01:28:21,1.7,11.35,11.28,11.59,2058587,102041,5.0,0,0,0.0,69,51,79,0.00,3.95,11.98,94.11,2498,5
2026-05-17 01:29:21,9.3,10.64,11.13,11.52,2058587,102065,5.0,0,0,0.0,69,51,79,0.00,3.69,8.32,92.47,2489,4
2026-05-17 01:30:22,3.3,11.40,11.25,11.54,2058587,102042,5.0,0,0,0.0,69,51,79,0.00,4.18,11.16,97.38,2477,10
2026-05-17 01:31:22,1.9,11.51,11.40,11.57,2058587,102039,5.0,0,0,0.0,69,51,79,0.00,4.39,13.70,95.63,2473,4
2026-05-17 01:32:22,5.3,13.83,12.09,11.80,2058587,102058,5.0,0,0,0.0,69,51,79,0.00,4.09,14.71,96.90,2474,4
2026-05-17 01:33:23,11.2,12.87,12.09,11.82,2058587,102008,5.0,0,0,0.0,69,51,79,0.00,3.79,14.25,62.52,2487,22
2026-05-17 01:34:23,9.0,11.55,11.85,11.75,2058587,101978,5.0,0,0,0.0,69,51,79,0.00,3.57,15.18,15.55,2492,17
2026-05-17 01:35:24,3.2,11.74,11.87,11.76,2058587,101974,5.0,0,0,0.0,69,51,79,0.00,3.86,14.53,15.13,2495,28
2026-05-17 01:36:24,3.1,11.10,11.68,11.70,2058587,101955,5.0,0,0,0.0,69,51,79,0.00,3.99,12.73,13.32,2492,5
2026-05-17 01:37:24,2.0,11.11,11.57,11.67,2058587,101974,5.0,0,0,0.0,69,51,79,0.00,3.69,12.28,12.54,2499,4
2026-05-17 01:38:25,3.0,14.05,12.21,11.87,2058587,102070,5.0,0,0,0.0,69,51,79,0.00,4.11,14.74,97.27,2484,6
2026-05-17 01:39:25,1.8,13.37,12.41,11.97,2058587,102067,5.0,0,0,0.0,69,51,79,0.00,3.89,14.32,96.46,2483,2
2026-05-17 01:40:25,2.0,11.19,11.97,11.84,2058587,102038,5.0,0,0,0.0,69,51,79,0.00,4.04,9.59,91.35,2488,3
2026-05-17 01:41:26,3.3,11.30,11.82,11.80,2058587,102100,5.0,0,0,0.0,69,51,79,0.00,4.14,10.32,92.14,2494,6
2026-05-17 01:42:26,2.0,12.00,11.98,11.86,2058587,102061,5.0,0,0,0.0,69,51,79,0.00,3.91,14.74,96.86,2490,2
2026-05-17 01:43:26,2.6,11.52,11.87,11.83,2058587,102051,5.0,0,0,0.0,69,51,79,0.00,3.84,13.71,102.68,2494,3
2026-05-17 01:44:27,1.8,10.84,11.60,11.74,2058587,102060,5.0,0,0,0.0,69,51,79,0.00,3.85,12.95,95.15,2494,8
2026-05-17 01:45:27,4.1,11.40,11.64,11.74,2058587,102097,5.0,0,0,0.0,69,51,79,0.00,3.68,14.73,97.30,2492,6
2026-05-17 01:46:28,1.9,12.76,11.93,11.83,2058587,102081,5.0,0,0,0.0,69,51,79,0.00,4.05,14.16,96.16,2492,5
2026-05-17 01:47:28,1.8,11.64,11.78,11.79,2058587,102061,5.0,0,0,0.0,69,51,79,0.00,3.95,12.37,94.15,2495,4
2026-05-17 01:48:28,3.6,10.95,11.56,11.71,2058587,102039,5.0,0,0,0.0,69,51,79,0.00,3.55,13.75,21.08,2497,6
2026-05-17 01:49:29,1.3,11.24,11.55,11.70,2058587,102047,5.0,0,0,0.0,69,51,79,0.00,3.89,11.75,25.62,2495,5
2026-05-17 01:50:29,3.4,21.31,13.85,12.45,2058587,102093,5.0,0,0,0.0,69,51,79,0.00,4.22,12.38,94.36,2489,6
2026-05-17 01:51:29,2.1,15.76,13.62,12.46,2058587,102105,5.0,0,0,0.0,69,51,79,0.00,4.19,14.62,96.88,2494,3
2026-05-17 01:52:30,2.0,13.14,13.26,12.41,2058587,102082,5.0,0,0,0.0,69,51,79,0.00,3.81,13.72,95.67,2495,6
2026-05-17 01:53:30,2.0,12.60,13.08,12.40,2058587,102087,5.0,0,0,0.0,69,51,79,0.00,4.00,14.63,96.74,2492,4
2026-05-17 01:54:30,2.0,12.14,12.84,12.36,2058587,102081,5.0,0,0,0.0,69,51,79,0.00,3.79,14.68,96.92,2499,7
2026-05-17 01:55:31,2.2,11.17,12.43,12.24,2058587,102063,5.0,0,0,0.0,69,51,79,0.00,3.96,12.08,93.99,2512,5
2026-05-17 01:56:31,2.3,11.35,12.23,12.18,2058587,102082,5.0,0,0,0.0,69,51,79,0.00,3.96,14.66,96.93,2501,4
2026-05-17 01:57:32,2.1,11.69,12.14,12.15,2058587,102046,5.0,0,0,0.0,69,51,79,0.00,3.90,11.74,100.30,2500,3
2026-05-17 01:58:32,1.3,10.65,11.71,12.00,2058587,102070,5.0,0,0,0.0,69,51,79,0.00,3.76,10.56,92.18,2504,2
2026-05-17 01:59:32,3.5,11.36,11.69,11.98,2058587,102098,5.0,0,0,0.0,69,51,79,0.00,3.75,14.78,96.75,2496,27
2026-05-17 02:00:33,8.3,11.16,11.57,11.91,2058587,102103,5.0,0,0,0.0,69,51,79,0.00,4.53,14.60,96.56,2496,15
2026-05-17 02:01:33,8.3,18.49,13.50,12.55,2058587,102063,5.0,0,0,0.0,69,51,79,0.00,4.21,14.16,96.27,2502,6
2026-05-17 02:02:33,2.2,14.52,13.30,12.54,2058587,102067,5.0,0,0,0.0,69,51,79,0.00,3.82,13.44,95.35,2492,4
2026-05-17 02:03:34,3.3,12.52,12.95,12.47,2058587,102080,5.0,0,0,0.0,69,51,79,0.00,3.68,14.78,96.97,2489,23
2026-05-17 02:04:34,2.1,11.99,12.74,12.42,2058587,102072,5.0,0,0,0.0,69,51,79,0.00,3.86,14.54,96.65,2487,3
2026-05-17 02:05:35,2.1,12.43,12.76,12.45,2058587,102081,5.0,0,0,0.0,69,51,79,0.00,3.86,11.65,93.45,2480,4
2026-05-17 02:06:35,2.1,12.24,12.68,12.44,2058587,102100,5.0,0,0,0.0,69,51,79,0.00,4.25,14.37,96.40,2467,5
2026-05-17 02:07:35,2.3,11.01,12.26,12.31,2058587,102072,5.0,0,0,0.0,69,51,79,0.00,3.80,9.51,91.18,2476,4
2026-05-17 02:08:36,3.2,11.28,12.10,12.25,2058587,102087,5.0,0,0,0.0,69,51,79,0.00,3.76,14.82,96.98,2486,6
2026-05-17 02:09:36,3.0,13.96,12.60,12.41,2058587,102073,5.0,0,0,0.0,69,51,79,0.00,3.82,13.24,95.56,2489,5
2026-05-17 02:10:36,11.0,13.32,12.60,12.42,2058587,102075,5.0,0,0,0.0,69,51,79,0.00,4.01,13.68,102.60,2494,4
2026-05-17 02:11:37,3.3,11.85,12.27,12.31,2058587,102087,5.0,0,0,0.0,69,51,79,0.00,4.38,12.42,94.42,2503,6
2026-05-17 02:12:37,3.9,11.78,12.20,12.29,2058587,102076,5.0,0,0,0.0,69,51,79,0.00,3.98,13.25,95.29,2494,7
2026-05-17 02:13:37,3.2,13.52,12.57,12.40,2058587,102089,5.0,0,0,0.0,69,51,79,0.00,3.92,13.24,95.39,2483,9
2026-05-17 02:14:38,3.2,13.52,12.74,12.47,2058587,102088,5.0,0,0,0.0,69,51,79,0.00,3.55,14.32,96.58,2482,24
2026-05-17 02:15:38,2.0,14.88,13.33,12.70,2058587,102052,5.0,0,0,0.0,69,51,79,0.00,4.06,14.68,97.11,2479,2
2026-05-17 02:16:39,2.2,15.78,13.73,12.87,2058587,102080,5.0,0,0,0.0,69,51,79,0.00,4.21,14.76,97.11,2482,7
2026-05-17 02:17:39,5.2,20.43,15.42,13.50,2058587,102109,5.0,0,0,0.0,69,51,79,0.00,3.46,14.65,96.80,2487,9
2026-05-17 02:18:39,3.2,21.47,16.48,13.98,2058587,102081,5.0,0,0,0.0,69,51,79,0.00,3.96,14.48,96.83,2489,7
2026-05-17 02:19:40,1.9,19.96,17.10,14.36,2058587,102096,5.0,0,0,0.0,69,51,79,0.00,3.95,12.54,94.56,2489,6
2026-05-17 02:20:40,1.5,18.64,17.45,14.66,2058587,102064,5.0,0,0,0.0,69,51,79,0.00,4.37,14.05,96.40,2493,5
2026-05-17 02:21:40,3.2,21.84,18.58,15.23,2058587,102095,5.0,0,0,0.0,69,51,79,0.00,4.00,13.81,96.06,2483,9
2026-05-17 02:22:41,5.1,18.46,18.30,15.34,2058587,102086,5.0,0,0,0.0,69,51,79,0.00,3.85,14.94,97.40,2490,6
2026-05-17 02:23:41,1.6,15.87,17.71,15.33,2058587,102069,5.0,0,0,0.0,69,51,79,0.00,3.89,9.73,91.26,2497,8
2026-05-17 02:24:41,2.8,16.35,17.51,15.41,2058587,102084,5.0,0,0,0.0,69,51,79,0.00,3.50,13.01,101.80,2505,7
2026-05-17 02:25:42,3.6,14.19,16.54,15.20,2058587,102115,5.0,0,0,0.0,69,51,79,0.00,3.91,9.98,91.77,2508,8
2026-05-17 02:26:42,2.3,13.10,15.95,15.09,2058587,102081,5.0,0,0,0.0,69,51,79,0.00,6.43,11.73,93.57,2519,3
2026-05-17 02:27:43,2.0,14.10,15.66,15.04,2058587,102085,5.0,0,0,0.0,69,51,79,0.00,3.96,12.44,94.35,2517,3
2026-05-17 02:28:43,3.3,15.36,15.65,15.07,2058587,102101,5.0,0,0,0.0,69,51,79,0.00,3.69,14.07,96.21,2508,6
2026-05-17 02:29:43,3.7,13.18,15.00,14.88,2058587,102087,5.0,0,0,0.0,69,51,79,0.00,3.88,14.65,96.95,2498,6
2026-05-17 02:30:44,1.7,12.18,14.47,14.71,2058587,102079,5.0,0,0,0.0,69,51,79,0.00,4.27,11.73,93.87,2501,3
2026-05-17 02:31:44,2.0,11.25,13.81,14.47,2058587,102092,5.0,0,0,0.0,69,51,79,0.00,4.21,10.83,92.59,2496,6
2026-05-17 02:32:44,3.5,12.38,13.63,14.36,2058587,102071,5.0,0,0,0.0,69,51,79,0.00,4.09,11.93,93.93,2501,4
2026-05-17 02:33:45,3.5,14.05,13.74,14.35,2058587,102099,5.0,0,0,0.0,69,51,79,0.00,3.66,14.81,96.96,2502,15
2026-05-17 02:34:45,9.4,12.62,13.38,14.18,2058587,102092,5.0,0,0,0.0,69,51,79,0.00,3.75,13.72,96.07,2515,3
2026-05-17 02:35:46,2.4,12.26,13.06,14.02,2058587,102086,5.0,0,0,0.0,69,51,79,0.00,3.83,13.80,95.73,2510,4
2026-05-17 02:36:46,3.4,12.77,12.96,13.92,2058587,102082,5.0,0,0,0.0,69,51,79,0.00,3.87,12.84,94.84,2518,5
2026-05-17 02:37:46,2.3,12.30,12.81,13.81,2058587,102108,5.0,0,0,0.0,69,51,79,0.00,3.72,14.19,103.28,2512,1
2026-05-17 02:38:47,2.1,12.82,12.82,13.74,2058587,102106,5.0,0,0,0.0,69,51,79,0.00,3.78,13.82,95.79,2510,17
2026-05-17 02:39:47,1.4,12.29,12.66,13.63,2058587,102044,5.0,0,0,0.0,69,51,79,0.00,3.91,14.88,63.97,2519,3
2026-05-17 02:40:47,2.4,11.01,12.21,13.41,2058587,101994,5.0,0,0,0.0,69,51,79,0.00,4.03,12.87,13.16,2510,33
2026-05-17 02:41:48,12.1,11.28,12.04,13.27,2058587,101993,5.0,0,0,0.0,69,51,79,0.00,4.00,14.98,15.40,2507,17
2026-05-17 02:42:48,1.9,11.47,11.97,13.17,2058587,102015,5.0,0,0,0.0,69,51,79,0.00,3.75,15.79,16.80,2507,5
2026-05-17 02:43:49,3.4,13.75,12.71,13.36,2058587,102019,5.0,0,0,0.0,69,51,79,0.00,3.81,14.64,15.02,2502,6
2026-05-17 02:44:49,2.0,11.45,12.24,13.16,2058587,102114,5.0,0,0,0.0,69,51,79,0.00,3.74,12.27,94.20,2499,4
2026-05-17 02:45:49,2.2,10.83,11.89,12.97,2058587,102097,5.0,0,0,0.0,69,51,79,0.00,3.81,13.01,95.09,2497,3
2026-05-17 02:46:50,3.2,11.56,11.90,12.90,2058587,102099,5.0,0,0,0.0,69,51,79,0.00,4.05,13.90,95.84,2499,6
2026-05-17 02:47:50,1.8,11.74,11.92,12.85,2058587,102108,5.0,0,0,0.0,69,51,79,0.00,3.79,14.75,97.15,2503,4
2026-05-17 02:48:50,3.2,11.85,11.92,12.79,2058587,102103,5.0,0,0,0.0,69,51,79,0.00,3.90,14.57,96.91,2507,5
2026-05-17 02:49:51,3.7,12.05,11.94,12.74,2058587,102105,5.0,0,0,0.0,69,51,79,0.00,4.09,14.42,96.71,2517,15
2026-05-17 02:50:51,2.2,11.64,11.88,12.67,2058587,102108,5.0,0,0,0.0,69,51,79,0.00,4.07,12.56,94.60,2515,4
2026-05-17 02:51:51,3.8,12.87,12.10,12.69,2058587,102116,5.0,0,0,0.0,69,51,79,0.00,3.91,13.69,102.39,2503,7
2026-05-17 02:52:52,2.5,11.67,11.92,12.59,2058587,102128,5.0,0,0,0.0,69,51,79,0.00,3.81,13.48,95.40,2508,4
2026-05-17 02:53:52,2.3,10.84,11.63,12.44,2058587,102120,5.0,0,0,0.0,69,51,79,0.00,3.78,12.58,94.28,2509,4
2026-05-17 02:54:53,6.0,10.83,11.47,12.34,2058587,102038,5.0,0,0,0.0,69,51,79,0.00,4.00,11.30,18.34,2501,25
2026-05-17 02:55:53,1.5,10.65,11.32,12.23,2058587,102080,5.0,0,0,0.0,69,51,79,0.00,3.50,13.04,26.94,2501,2
2026-05-17 02:56:53,1.4,11.61,11.45,12.21,2058587,102123,5.0,0,0,0.0,69,51,79,0.00,4.18,13.60,95.54,2499,2
2026-05-17 02:57:54,3.2,12.14,11.63,12.23,2058587,102121,5.0,0,0,0.0,69,51,79,0.00,3.86,13.99,96.15,2503,9
2026-05-17 02:58:54,2.0,11.54,11.57,12.17,2058587,102101,5.0,0,0,0.0,69,51,79,0.00,3.71,13.17,95.30,2511,4
2026-05-17 02:59:54,3.1,11.82,11.68,12.17,2058587,102122,5.0,0,0,0.0,69,51,79,0.00,3.61,11.48,93.29,2510,7
2026-05-17 03:00:55,1.4,11.31,11.62,12.12,2058587,102093,5.0,0,0,0.0,69,51,79,0.00,4.23,13.81,95.92,2515,2
2026-05-17 03:01:55,2.2,10.39,11.32,11.98,2058587,102111,5.0,0,0,0.0,69,51,79,0.00,4.18,8.97,90.67,2514,7
2026-05-17 03:02:56,1.7,10.08,11.05,11.84,2058587,102085,5.0,0,0,0.0,69,51,79,0.00,3.55,10.11,91.70,2517,3
2026-05-17 03:03:56,1.2,10.44,10.97,11.77,2058587,102072,5.0,0,0,0.0,69,51,79,0.00,3.78,10.91,92.71,2511,3
2026-05-17 03:04:56,4.0,11.22,11.07,11.75,2058587,102108,5.0,0,0,0.0,69,51,79,0.00,3.87,14.07,103.68,2497,6
2026-05-17 03:05:57,1.3,10.82,10.99,11.68,2058587,102092,5.0,0,0,0.0,69,51,79,0.00,3.75,11.26,93.09,2504,1
2026-05-17 03:06:57,3.1,10.90,10.97,11.63,2058587,102137,5.0,0,0,0.0,69,51,79,0.00,3.82,12.20,93.93,2502,7
2026-05-17 03:07:57,2.7,11.34,11.19,11.67,2058587,102104,5.0,0,0,0.0,69,51,79,0.00,3.76,14.31,96.14,2484,4
2026-05-17 03:08:58,10.3,11.59,11.24,11.65,2058587,102107,5.0,0,0,0.0,69,51,79,0.00,3.89,14.14,96.08,2490,22
2026-05-17 03:09:58,4.4,12.70,11.60,11.75,2058587,102104,5.0,0,0,0.0,69,51,79,0.00,3.77,14.43,96.97,2494,8
2026-05-17 03:10:58,4.2,11.63,11.51,11.71,2058587,102087,5.0,0,0,0.0,69,51,79,0.00,4.32,12.78,94.78,2492,7
2026-05-17 03:11:59,3.2,12.48,11.76,11.78,2058587,102132,5.0,0,0,0.0,69,51,79,0.00,3.91,14.51,97.52,2496,25
2026-05-17 03:12:59,3.3,11.45,11.63,11.74,2058587,102113,5.0,0,0,0.0,69,51,79,0.00,3.78,14.79,96.80,2502,7
2026-05-17 03:14:00,1.5,10.54,11.37,11.64,2058587,102090,5.0,0,0,0.0,69,51,79,0.00,3.59,12.14,93.92,2511,4
2026-05-17 03:15:00,3.0,10.97,11.31,11.60,2058587,102116,5.0,0,0,0.0,69,51,79,0.00,3.82,11.25,93.25,2520,4
2026-05-17 03:16:00,2.2,12.83,11.73,11.72,2058587,102103,5.0,0,0,0.0,69,51,79,0.00,4.04,14.55,96.84,2517,2
2026-05-17 03:17:01,1.9,11.14,11.46,11.63,2058587,102098,5.0,0,0,0.0,69,51,79,0.00,4.05,11.87,93.68,2511,7
2026-05-17 03:18:01,3.0,12.92,11.88,11.76,2058587,102113,5.0,0,0,0.0,69,51,79,0.00,3.53,14.38,96.64,2513,7
2026-05-17 03:19:01,11.6,12.10,11.87,11.77,2058587,102127,5.0,0,0,0.0,69,51,79,0.00,4.14,13.62,101.91,2499,6
2026-05-17 03:20:02,1.8,11.51,11.78,11.75,2058587,102109,5.0,0,0,0.0,69,51,79,0.00,4.04,14.85,97.32,2490,3
2026-05-17 03:21:02,2.2,12.31,11.92,11.80,2058587,102125,5.0,0,0,0.0,69,51,79,0.00,4.10,13.50,95.48,2495,5
2026-05-17 03:22:02,3.7,12.31,11.95,11.81,2058587,102121,5.0,0,0,0.0,69,51,79,0.00,4.04,14.44,96.63,2505,6
2026-05-17 03:23:03,1.6,11.20,11.72,11.74,2058587,102106,5.0,0,0,0.0,69,51,79,0.00,9.23,8.23,89.96,2496,6
2026-05-17 03:24:03,5.1,10.57,11.46,11.65,2058587,102116,5.0,0,0,0.0,69,51,79,0.00,4.34,11.56,93.68,2497,5
2026-05-17 03:25:04,5.7,11.62,11.60,11.69,2058587,102101,5.0,0,0,0.0,69,51,79,0.00,3.49,14.69,97.02,2502,3
2026-05-17 03:26:04,3.3,11.42,11.57,11.67,2058587,102113,5.0,0,0,0.0,69,51,79,0.00,4.00,14.17,96.34,2495,6
2026-05-17 03:27:04,1.8,12.13,11.67,11.70,2058587,102129,5.0,0,0,0.0,69,51,79,0.00,3.81,14.61,96.82,2501,3
2026-05-17 03:28:05,2.0,11.94,11.67,11.70,2058587,102118,5.0,0,0,0.0,69,51,79,0.00,3.77,14.48,96.68,2514,4
2026-05-17 03:29:05,2.0,11.07,11.46,11.62,2058587,102120,5.0,0,0,0.0,69,51,79,0.00,3.57,12.79,94.81,2498,3
2026-05-17 03:30:05,1.8,10.65,11.28,11.55,2058587,102124,5.0,0,0,0.0,69,51,79,0.00,3.98,13.32,95.11,2502,1
2026-05-17 03:31:06,3.3,11.75,11.44,11.58,2058587,102145,5.0,0,0,0.0,69,51,79,0.00,4.39,12.63,94.73,2504,9
2026-05-17 03:32:06,2.0,11.62,11.45,11.58,2058587,102115,5.0,0,0,0.0,69,51,79,0.00,3.59,14.48,96.91,2497,5
2026-05-17 03:33:07,10.5,21.73,14.00,12.42,2058587,102135,5.0,0,0,0.0,69,51,79,0.00,3.78,13.76,102.50,2499,9
2026-05-17 03:34:07,3.0,23.01,15.52,13.02,2058587,102127,5.0,0,0,0.0,69,51,79,0.00,3.68,13.05,95.07,2509,5
2026-05-17 03:35:07,2.4,14.88,14.59,12.86,2058587,102132,5.0,0,0,0.0,69,51,79,0.00,3.75,12.43,94.31,2508,21
2026-05-17 03:36:08,1.7,11.77,13.77,12.69,2058587,102107,5.0,0,0,0.0,69,51,79,0.00,3.89,11.25,93.17,2501,3
2026-05-17 03:37:08,1.7,10.92,13.14,12.54,2058587,102110,5.0,0,0,0.0,69,51,79,0.00,3.83,12.96,95.07,2496,5
2026-05-17 03:38:08,1.9,10.80,12.71,12.43,2058587,102117,5.0,0,0,0.0,69,51,79,0.00,3.87,12.37,94.37,2491,4
2026-05-17 03:39:09,3.0,10.97,12.40,12.34,2058587,102108,5.0,0,0,0.0,69,51,79,0.00,3.54,13.45,95.64,2485,7
2026-05-17 03:40:09,3.2,11.08,12.19,12.27,2058587,102103,5.0,0,0,0.0,69,51,79,0.00,4.18,13.21,95.29,2494,6
2026-05-17 03:41:09,4.6,11.89,12.22,12.27,2058587,102148,5.0,0,0,0.0,69,51,79,0.00,4.34,14.76,97.26,2494,5
2026-05-17 03:42:10,1.4,12.90,12.53,12.38,2058587,102130,5.0,0,0,0.0,69,51,79,0.00,3.93,13.87,96.02,2491,3
2026-05-17 03:43:10,1.5,17.99,13.72,12.78,2058587,102130,5.0,0,0,0.0,69,51,79,0.00,3.56,11.15,92.97,2499,4
2026-05-17 03:44:10,3.1,14.67,13.47,12.74,2058587,102138,5.0,0,0,0.0,69,51,79,0.00,3.79,10.83,92.81,2506,10
2026-05-17 03:45:11,2.5,12.43,13.07,12.65,2058587,102117,5.0,0,0,0.0,69,51,79,0.00,3.96,13.22,95.31,2494,2
2026-05-17 03:46:11,3.4,11.69,12.74,12.56,2058587,102085,5.0,0,0,0.0,69,51,79,0.00,4.06,13.64,75.00,2491,4
2026-05-17 03:47:12,1.8,11.31,12.48,12.49,2058587,102044,5.0,0,0,0.0,69,51,79,0.00,3.46,15.51,16.22,2503,3
2026-05-17 03:48:12,2.4,11.28,12.23,12.40,2058587,102028,5.0,0,0,0.0,69,51,79,0.00,3.77,13.99,14.63,2496,4
2026-05-17 03:49:12,1.6,11.33,12.05,12.32,2058587,102027,5.0,0,0,0.0,69,51,79,0.00,3.96,14.07,14.29,2501,4
2026-05-17 03:50:13,1.6,12.64,12.41,12.43,2058587,102038,5.0,0,0,0.0,69,51,79,0.00,3.71,15.55,16.34,2501,2
2026-05-17 03:51:13,11.0,11.39,12.09,12.32,2058587,102137,5.0,0,0,0.0,69,51,79,0.00,4.54,13.39,95.42,2511,7
2026-05-17 03:52:13,3.3,12.07,12.17,12.34,2058587,102129,5.0,0,0,0.0,69,51,79,0.00,3.86,14.30,96.65,2503,7
2026-05-17 03:53:14,3.2,18.49,14.22,13.04,2058587,102132,5.0,0,0,0.0,69,51,79,0.00,3.80,14.35,96.69,2497,5
2026-05-17 03:54:14,1.5,18.55,15.22,13.47,2058587,102108,5.0,0,0,0.0,69,51,79,0.00,3.56,14.43,96.57,2509,6
2026-05-17 03:55:15,1.5,13.18,14.27,13.25,2058587,102106,5.0,0,0,0.0,69,51,79,0.00,5.07,8.79,90.30,2510,3
2026-05-17 03:56:15,3.3,12.37,13.81,13.15,2058587,102131,5.0,0,0,0.0,69,51,79,0.00,4.06,10.45,92.12,2515,6
2026-05-17 03:57:15,2.4,12.83,13.77,13.19,2058587,102124,5.0,0,0,0.0,69,51,79,0.00,3.63,13.72,96.25,2515,3
2026-05-17 03:58:16,2.9,12.68,13.60,13.17,2058587,102105,5.0,0,0,0.0,69,51,79,0.00,3.57,12.63,94.51,2526,4
2026-05-17 03:59:16,2.2,13.06,13.52,13.17,2058587,102107,5.0,0,0,0.0,69,51,79,0.00,3.79,14.40,96.72,2513,9
2026-05-17 04:00:16,2.0,14.53,13.79,13.28,2058587,102109,5.0,0,0,0.0,69,51,79,0.00,4.03,13.80,102.66,2513,4
2026-05-17 04:01:17,1.7,13.12,13.63,13.26,2058587,102045,5.0,0,0,0.0,69,51,79,0.00,4.23,13.02,20.17,2507,1
2026-05-17 04:02:17,4.1,15.85,14.30,13.51,2058587,102090,5.0,0,0,0.0,69,51,79,0.00,3.93,13.52,27.56,2498,5
2026-05-17 04:03:18,3.3,18.92,15.52,13.98,2058587,102107,5.0,0,0,0.0,69,51,79,0.00,3.75,14.37,96.65,2506,6
2026-05-17 04:04:18,12.1,21.43,16.72,14.49,2058587,102111,5.0,0,0,0.0,69,51,79,0.00,3.77,14.68,97.07,2502,11
2026-05-17 04:05:18,1.4,18.82,16.84,14.67,2058587,102128,5.0,0,0,0.0,69,51,79,0.00,3.96,14.76,96.97,2493,6
2026-05-17 04:06:19,1.9,15.61,16.23,14.60,2058587,102125,5.0,0,0,0.0,69,51,79,0.00,3.89,9.62,91.27,2510,4
2026-05-17 04:07:19,1.4,14.69,15.87,14.58,2058587,102134,5.0,0,0,0.0,69,51,79,0.00,3.79,11.41,93.37,2516,3
2026-05-17 04:08:19,1.7,15.64,15.98,14.69,2058587,102122,5.0,0,0,0.0,69,51,79,0.00,3.91,11.02,92.82,2505,4
2026-05-17 04:09:20,3.3,14.57,15.43,14.58,2058587,102172,5.0,0,0,0.0,69,51,79,0.00,3.90,10.44,92.16,2520,7
2026-05-17 04:10:20,2.9,15.87,15.69,14.72,2058587,102131,5.0,0,0,0.0,69,51,79,0.00,3.98,14.27,96.31,2516,6
2026-05-17 04:11:21,2.3,12.18,14.65,14.42,2058587,102133,5.0,0,0,0.0,69,51,79,0.00,4.39,9.70,91.38,2515,10
2026-05-17 04:12:21,3.2,14.02,14.88,14.53,2058587,102155,5.0,0,0,0.0,69,51,79,0.00,3.63,14.55,96.82,2503,6
2026-05-17 04:13:21,3.8,12.15,14.22,14.32,2058587,102141,5.0,0,0,0.0,69,51,79,0.00,3.75,13.32,102.05,2499,5
2026-05-17 04:14:22,3.4,13.63,14.08,14.25,2058587,102113,5.0,0,0,0.0,69,51,79,0.00,3.71,13.72,95.90,2492,21
2026-05-17 04:15:22,2.0,11.64,13.46,14.03,2058587,102128,5.0,0,0,0.0,69,51,79,0.00,3.85,11.90,93.85,2497,4
2026-05-17 04:16:22,1.8,11.63,13.19,13.90,2058587,102139,5.0,0,0,0.0,69,51,79,0.00,3.81,12.87,94.93,2502,3
2026-05-17 04:17:23,10.8,14.86,13.78,14.06,2058587,102150,5.0,0,0,0.0,69,51,79,0.00,3.81,14.01,96.29,2510,19
2026-05-17 04:18:23,12.2,13.34,13.55,13.96,2058587,102169,5.0,0,0,0.0,69,51,79,0.00,3.83,14.12,96.49,2511,5
2026-05-17 04:19:24,2.6,12.00,13.17,13.80,2058587,102122,5.0,0,0,0.0,69,51,79,0.00,4.04,11.50,93.51,2512,3
2026-05-17 04:20:24,2.0,11.38,12.81,13.64,2058587,102141,5.0,0,0,0.0,69,51,79,0.00,3.63,14.39,96.17,2512,6
2026-05-17 04:21:24,2.1,11.58,12.68,13.54,2058587,102138,5.0,0,0,0.0,69,51,79,0.00,4.12,11.80,93.64,2504,7
2026-05-17 04:22:25,3.3,11.87,12.54,13.44,2058587,102132,5.0,0,0,0.0,69,51,79,0.00,3.71,13.01,95.01,2512,4
2026-05-17 04:23:25,3.3,11.96,12.44,13.35,2058587,102148,5.0,0,0,0.0,69,51,79,0.00,3.66,14.68,97.18,2508,7
2026-05-17 04:24:25,2.2,12.70,12.54,13.32,2058587,102140,5.0,0,0,0.0,69,51,79,0.00,3.59,13.16,95.39,2511,5
2026-05-17 04:25:26,2.1,12.68,12.67,13.32,2058587,102143,5.0,0,0,0.0,69,51,79,0.00,3.67,14.08,96.06,2518,7
2026-05-17 04:26:26,2.0,12.01,12.47,13.21,2058587,102150,5.0,0,0,0.0,69,51,79,0.00,3.89,14.49,96.30,2515,6
2026-05-17 04:27:26,8.8,12.56,12.50,13.17,2058587,102172,5.0,0,0,0.0,69,51,79,0.00,4.86,14.55,103.61,2509,7
2026-05-17 04:28:27,3.1,13.32,12.72,13.20,2058587,102185,5.0,0,0,0.0,69,51,79,0.00,4.61,14.55,96.94,2507,4
2026-05-17 04:29:27,2.7,11.47,12.35,13.04,2058587,102167,5.0,0,0,0.0,69,51,79,0.00,4.17,11.00,92.90,2502,1
2026-05-17 04:30:28,1.6,10.66,11.96,12.87,2058587,102138,5.0,0,0,0.0,69,51,79,0.00,4.42,11.29,92.91,2494,3
2026-05-17 04:31:28,3.3,11.18,11.84,12.77,2058587,102168,5.0,0,0,0.0,69,51,79,0.00,4.01,12.20,94.25,2505,7
2026-05-17 04:32:28,7.5,11.24,11.72,12.66,2058587,102173,5.0,0,0,0.0,69,51,79,0.00,4.40,13.54,95.72,2503,10
2026-05-17 04:33:29,1.8,11.95,11.82,12.64,2058587,102156,5.0,0,0,0.0,69,51,79,0.00,4.05,14.22,96.45,2507,2
2026-05-17 04:34:29,3.3,10.67,11.46,12.46,2058587,102174,5.0,0,0,0.0,69,51,79,0.00,3.49,11.42,93.25,2517,6
2026-05-17 04:35:29,1.5,11.86,11.75,12.50,2058587,102130,5.0,0,0,0.0,69,51,79,0.00,3.75,12.50,94.69,2515,3
2026-05-17 04:36:30,2.0,12.09,11.87,12.49,2058587,102146,5.0,0,0,0.0,69,51,79,0.00,3.98,12.59,94.47,2509,6
2026-05-17 04:37:30,3.0,12.82,12.09,12.53,2058587,102149,5.0,0,0,0.0,69,51,79,0.00,3.64,12.40,94.29,2504,8
2026-05-17 04:38:31,1.6,11.93,11.96,12.45,2058587,102126,5.0,0,0,0.0,69,51,79,0.00,3.82,13.45,95.45,2509,1
2026-05-17 04:39:31,1.9,11.27,11.77,12.35,2058587,102152,5.0,0,0,0.0,69,51,79,0.00,3.65,12.56,94.38,2506,3
2026-05-17 04:40:31,3.2,10.86,11.55,12.24,2058587,102175,5.0,0,0,0.0,69,51,79,0.00,4.08,13.25,101.04,2505,6
2026-05-17 04:41:32,2.0,11.09,11.53,12.19,2058587,102172,5.0,0,0,0.0,69,51,79,0.00,4.10,14.71,98.28,2502,7
2026-05-17 04:42:32,2.0,10.93,11.44,12.12,2058587,102150,5.0,0,0,0.0,69,51,79,0.00,3.64,14.14,96.26,2507,5
2026-05-17 04:43:32,1.7,10.78,11.30,12.03,2058587,102144,5.0,0,0,0.0,69,51,79,0.00,3.98,8.44,90.10,2499,6
2026-05-17 04:44:33,8.5,10.85,11.23,11.96,2058587,102145,5.0,0,0,0.0,69,51,79,0.00,3.86,14.58,96.59,2497,22
2026-05-17 04:45:33,1.9,13.35,11.81,12.11,2058587,102178,5.0,0,0,0.0,69,51,79,0.00,3.66,14.52,96.86,2499,8
2026-05-17 04:46:33,1.9,12.19,11.75,12.07,2058587,102187,5.0,0,0,0.0,69,51,79,0.00,3.74,12.22,94.15,2499,6
2026-05-17 04:47:34,1.3,11.29,11.63,12.01,2058587,102112,5.0,0,0,0.0,69,51,79,0.00,3.75,11.03,92.94,2500,9
2026-05-17 04:48:34,3.1,10.79,11.40,11.90,2058587,102166,5.0,0,0,0.0,69,51,79,0.00,3.83,11.51,93.21,2501,4
2026-05-17 04:49:35,2.0,11.14,11.38,11.86,2058587,102136,5.0,0,0,0.0,69,51,79,0.00,3.72,14.29,96.25,2498,4
2026-05-17 04:50:35,3.2,11.42,11.38,11.83,2058587,102182,5.0,0,0,0.0,69,51,79,0.00,4.06,13.92,95.98,2502,6
2026-05-17 04:51:35,2.2,10.64,11.20,11.74,2058587,102176,5.0,0,0,0.0,69,51,79,0.00,4.15,11.65,93.60,2505,8
2026-05-17 04:52:36,2.9,11.47,11.34,11.75,2058587,102151,5.0,0,0,0.0,69,51,79,0.00,3.79,14.71,69.54,2506,9
2026-05-17 04:53:36,2.2,12.04,11.54,11.79,2058587,102098,5.0,0,0,0.0,69,51,79,0.00,3.39,16.02,16.81,2504,5
2026-05-17 04:54:36,2.1,11.30,11.45,11.75,2058587,102069,5.0,0,0,0.0,69,51,79,0.00,3.73,15.98,16.82,2513,3
2026-05-17 04:55:37,1.3,10.25,11.09,11.61,2058587,102060,5.0,0,0,0.0,69,51,79,0.00,3.68,12.04,12.19,2509,3
2026-05-17 04:56:37,2.4,16.15,13.19,12.33,2058587,102059,5.0,0,0,0.0,69,51,79,0.00,3.98,15.14,15.37,2510,3
2026-05-17 04:57:37,2.6,12.87,12.77,12.24,2058587,102141,5.0,0,0,0.0,69,51,79,0.00,3.63,12.61,94.48,2499,4
2026-05-17 04:58:38,11.9,11.29,12.31,12.11,2058587,102164,5.0,0,0,0.0,69,51,79,0.00,3.71,11.62,93.41,2507,27
2026-05-17 04:59:38,1.7,12.23,12.36,12.14,2058587,102166,5.0,0,0,0.0,69,51,79,0.00,3.61,14.15,96.52,2494,4
2026-05-17 05:00:39,3.3,11.05,11.97,12.02,2058587,102170,5.0,0,0,0.0,69,51,79,0.00,4.00,11.63,93.59,2487,5
2026-05-17 05:01:39,3.3,11.91,12.15,12.08,2058587,102194,5.0,0,0,0.0,69,51,79,0.00,3.94,11.47,93.41,2490,5
2026-05-17 05:02:39,10.6,11.38,11.98,12.03,2058587,102149,5.0,0,0,0.0,69,51,79,0.00,3.79,14.74,97.01,2490,4
2026-05-17 05:03:40,3.2,11.09,11.77,11.95,2058587,102143,5.0,0,0,0.0,69,51,79,0.00,3.73,12.36,94.16,2490,6
2026-05-17 05:04:40,2.0,10.95,11.60,11.88,2058587,102150,5.0,0,0,0.0,69,51,79,0.00,3.70,12.48,94.41,2497,3
2026-05-17 05:05:40,1.9,11.55,11.63,11.87,2058587,102161,5.0,0,0,0.0,69,51,79,0.00,3.64,13.93,96.02,2506,5
2026-05-17 05:06:41,2.7,12.49,11.81,11.92,2058587,102186,5.0,0,0,0.0,69,51,79,0.00,4.09,14.23,96.29,2508,3
2026-05-17 05:07:41,3.1,12.48,12.00,11.98,2058587,102119,5.0,0,0,0.0,69,51,79,0.00,3.68,15.40,29.72,2505,5
2026-05-17 05:08:42,4.1,11.90,11.96,11.97,2058587,102172,5.0,0,0,0.0,69,51,79,0.00,3.54,15.51,29.75,2495,7
2026-05-17 05:09:42,4.4,11.78,11.91,11.95,2058587,102160,5.0,0,0,0.0,69,51,79,0.00,3.64,14.50,96.93,2501,7
2026-05-17 05:10:42,3.4,11.37,11.78,11.90,2058587,102169,5.0,0,0,0.0,69,51,79,0.00,4.01,14.33,96.93,2505,6
2026-05-17 05:11:43,3.7,11.08,11.63,11.85,2058587,102196,5.0,0,0,0.0,69,51,79,0.00,4.34,13.94,96.12,2501,6
2026-05-17 05:12:43,2.8,10.75,11.46,11.78,2058587,102173,5.0,0,0,0.0,69,51,79,0.00,3.39,11.31,93.21,2504,7
2026-05-17 05:13:43,3.5,11.19,11.46,11.75,2058587,102187,5.0,0,0,0.0,69,51,79,0.00,3.69,14.66,96.90,2507,4
2026-05-17 05:14:44,2.1,12.42,11.68,11.81,2058587,102180,5.0,0,0,0.0,69,51,79,0.00,3.75,14.63,96.82,2501,3
2026-05-17 05:15:44,1.8,10.57,11.32,11.67,2058587,102171,5.0,0,0,0.0,69,51,79,0.00,3.59,11.12,92.81,2493,2
2026-05-17 05:16:45,3.4,11.66,11.49,11.71,2058587,102156,5.0,0,0,0.0,69,51,79,0.00,4.09,14.78,96.90,2495,4
2026-05-17 05:17:45,3.4,13.85,12.14,11.92,2058587,102169,5.0,0,0,0.0,69,51,79,0.00,3.68,14.59,96.85,2501,5
2026-05-17 05:18:45,2.1,13.43,12.29,11.98,2058587,102176,5.0,0,0,0.0,69,51,79,0.00,4.00,14.01,96.21,2499,2
2026-05-17 05:19:46,2.0,11.47,11.95,11.89,2058587,102166,5.0,0,0,0.0,69,51,79,0.00,3.55,11.99,93.76,2508,2
2026-05-17 05:20:46,2.0,11.20,11.79,11.84,2058587,102170,5.0,0,0,0.0,69,51,79,0.00,4.10,13.14,94.90,2500,4
2026-05-17 05:21:46,3.7,10.89,11.59,11.76,2058587,102193,5.0,0,0,0.0,69,51,79,0.00,4.46,14.27,102.93,2496,15
2026-05-17 05:22:47,1.9,11.24,11.60,11.76,2058587,102159,5.0,0,0,0.0,69,51,79,0.00,3.72,12.36,94.40,2497,4
2026-05-17 05:23:47,3.5,11.32,11.51,11.72,2058587,102196,5.0,0,0,0.0,69,51,79,0.00,3.57,13.74,95.83,2499,6
2026-05-17 05:24:47,3.6,11.58,11.53,11.71,2058587,102183,5.0,0,0,0.0,69,51,79,0.00,3.56,14.58,96.95,2493,7
2026-05-17 05:25:48,2.2,10.97,11.40,11.65,2058587,102179,5.0,0,0,0.0,69,51,79,0.00,3.75,14.13,96.18,2494,4
2026-05-17 05:26:48,4.2,11.44,11.43,11.65,2058587,102170,5.0,0,0,0.0,69,51,79,0.00,4.03,12.79,94.59,2500,3
2026-05-17 05:27:49,2.2,10.97,11.33,11.60,2058587,102162,5.0,0,0,0.0,69,51,79,0.00,3.43,12.22,94.12,2496,5
2026-05-17 05:28:49,3.3,11.37,11.36,11.59,2058587,102186,5.0,0,0,0.0,69,51,79,0.00,3.67,14.82,96.90,2499,12
2026-05-17 05:29:49,9.5,11.39,11.38,11.58,2058587,102143,5.0,0,0,0.0,69,51,79,0.00,3.90,12.97,95.14,2494,3
2026-05-17 05:30:50,2.2,10.81,11.24,11.52,2058587,102155,5.0,0,0,0.0,69,51,79,0.00,4.24,11.36,93.38,2496,6
2026-05-17 05:31:50,3.0,11.42,11.31,11.53,2058587,102172,5.0,0,0,0.0,69,51,79,0.00,3.82,14.94,97.33,2494,8
2026-05-17 05:32:50,2.1,11.13,11.30,11.52,2058587,102170,5.0,0,0,0.0,69,51,79,0.00,3.75,13.84,96.16,2498,5
2026-05-17 05:33:51,3.5,11.47,11.38,11.53,2058587,102166,5.0,0,0,0.0,69,51,79,0.00,3.76,14.51,96.41,2505,7
2026-05-17 05:34:51,3.5,12.40,11.62,11.60,2058587,102196,5.0,0,0,0.0,69,51,79,0.00,3.77,13.33,95.67,2505,8
2026-05-17 05:35:52,2.5,12.77,11.85,11.68,2058587,102196,5.0,0,0,0.0,69,51,79,0.00,3.55,14.10,103.06,2504,2
2026-05-17 05:36:52,2.9,11.78,11.68,11.63,2058587,102182,5.0,0,0,0.0,69,51,79,0.00,3.97,11.17,93.08,2503,3
2026-05-17 05:37:52,3.5,10.99,11.43,11.54,2058587,102171,5.0,0,0,0.0,69,51,79,0.00,3.77,11.97,93.91,2499,10
2026-05-17 05:38:53,3.8,11.99,11.63,11.60,2058587,102183,5.0,0,0,0.0,69,51,79,0.00,3.63,14.38,96.49,2507,8
2026-05-17 05:39:53,2.4,13.03,12.02,11.75,2058587,102201,5.0,0,0,0.0,69,51,79,0.00,3.77,14.55,96.92,2505,3
2026-05-17 05:40:53,1.5,11.71,11.83,11.70,2058587,102198,5.0,0,0,0.0,69,51,79,0.00,4.13,10.77,92.53,2503,3
2026-05-17 05:41:54,1.4,12.44,12.00,11.76,2058587,102163,5.0,0,0,0.0,69,51,79,0.00,4.07,13.94,96.12,2504,2
2026-05-17 05:42:54,3.6,16.83,13.47,12.29,2058587,102168,5.0,0,0,0.0,69,51,79,0.00,3.49,13.24,95.20,2492,2
2026-05-17 05:43:54,3.5,14.38,13.36,12.32,2058587,102186,5.0,0,0,0.0,69,51,79,0.00,3.71,12.95,95.19,2494,8
2026-05-17 05:44:55,2.0,14.60,13.48,12.42,2058587,102177,5.0,0,0,0.0,69,51,79,0.00,3.82,12.59,94.63,2500,4
2026-05-17 05:45:55,6.3,17.02,14.37,12.79,2058587,102198,5.0,0,0,0.0,69,51,79,0.00,3.79,12.59,94.53,2495,6
2026-05-17 05:46:56,2.9,17.72,14.91,13.07,2058587,102197,5.0,0,0,0.0,69,51,79,0.00,3.73,14.51,96.68,2490,5
2026-05-17 05:47:56,3.0,17.01,15.21,13.29,2058587,102203,5.0,0,0,0.0,69,51,79,0.00,3.68,14.81,97.48,2493,7
2026-05-17 05:48:56,11.0,17.83,15.87,13.64,2058587,102214,5.0,0,0,0.0,69,51,79,0.00,3.75,14.48,103.56,2482,6
2026-05-17 05:49:57,2.1,16.73,16.10,13.87,2058587,102222,5.0,0,0,0.0,69,51,79,0.00,3.61,14.75,97.27,2488,9
2026-05-17 05:50:57,2.9,15.10,15.92,13.96,2058587,102230,5.0,0,0,0.0,69,51,79,0.00,4.23,10.72,92.49,2501,4
2026-05-17 05:51:57,3.6,18.18,16.67,14.34,2058587,102203,5.0,0,0,0.0,69,51,79,0.00,4.02,14.30,96.49,2509,7
2026-05-17 05:52:58,9.4,19.00,17.27,14.70,2058587,102202,5.0,0,0,0.0,69,51,79,0.00,3.86,13.82,96.14,2505,9
2026-05-17 05:53:58,2.0,13.32,15.92,14.40,2058587,102200,5.0,0,0,0.0,69,51,79,0.00,3.54,13.15,94.88,2503,9
2026-05-17 05:54:58,2.3,12.77,15.25,14.26,2058587,102221,5.0,0,0,0.0,69,51,79,0.00,3.86,11.80,93.72,2494,4
2026-05-17 05:55:59,2.2,10.82,14.25,13.98,2058587,102226,5.0,0,0,0.0,69,51,79,0.00,3.86,10.65,92.27,2482,3
2026-05-17 05:56:59,2.1,11.94,14.09,13.95,2058587,102202,5.0,0,0,0.0,69,51,79,0.00,3.74,11.70,93.63,2488,4
2026-05-17 05:58:00,1.2,10.70,13.33,13.69,2058587,102192,5.0,0,0,0.0,69,51,79,0.00,3.38,10.15,91.79,2502,3
2026-05-17 05:59:00,3.5,11.09,13.02,13.57,2058587,102182,5.0,0,0,0.0,69,51,79,0.00,3.83,10.82,65.43,2510,4
2026-05-17 06:00:00,2.0,11.51,12.88,13.49,2058587,102115,5.0,0,0,0.0,69,51,79,0.00,3.75,13.60,14.41,2515,6
2026-05-17 06:01:01,2.3,11.31,12.55,13.33,2058587,102134,5.0,0,0,0.0,69,51,79,0.00,4.37,14.11,14.45,2521,5
2026-05-17 06:02:01,3.0,13.21,12.79,13.36,2058587,102102,5.0,0,0,0.0,69,51,79,0.00,3.54,15.25,16.00,2509,13
2026-05-17 06:03:01,2.2,12.66,12.71,13.30,2058587,102130,5.0,0,0,0.0,69,51,79,0.00,3.65,16.19,17.03,2500,4
2026-05-17 06:04:02,1.4,11.38,12.31,13.12,2058587,102219,5.0,0,0,0.0,69,51,79,0.00,3.76,12.70,94.45,2496,3
2026-05-17 06:05:02,3.2,10.82,11.96,12.95,2058587,102224,5.0,0,0,0.0,69,51,79,0.00,3.48,11.99,93.80,2485,9
2026-05-17 06:06:02,2.4,13.39,12.57,13.10,2058587,102232,5.0,0,0,0.0,69,51,79,0.00,3.85,14.49,96.90,2487,24
2026-05-17 06:07:03,10.6,13.28,12.70,13.10,2058587,102180,5.0,0,0,0.0,69,51,79,0.00,3.78,13.49,95.60,2500,2
2026-05-17 06:08:03,2.2,13.82,13.07,13.21,2058587,102232,5.0,0,0,0.0,69,51,79,0.00,3.68,14.79,96.84,2505,2
2026-05-17 06:09:04,1.3,11.13,12.43,12.98,2058587,102194,5.0,0,0,0.0,69,51,79,0.00,3.52,10.59,92.30,2510,8
2026-05-17 06:10:04,2.0,10.90,12.07,12.82,2058587,102210,5.0,0,0,0.0,69,51,79,0.00,3.93,13.10,94.97,2519,4
2026-05-17 06:11:04,2.1,10.90,11.86,12.70,2058587,102218,5.0,0,0,0.0,69,51,79,0.00,4.27,13.09,95.01,2510,4
2026-05-17 06:12:05,2.1,14.07,12.70,12.94,2058587,102209,5.0,0,0,0.0,69,51,79,0.00,3.84,13.43,95.53,2509,3
2026-05-17 06:13:05,2.0,14.98,13.01,13.02,2058587,102186,5.0,0,0,0.0,69,51,79,0.00,3.52,14.75,96.99,2490,3
2026-05-17 06:14:05,3.2,12.88,12.70,12.91,2058587,102182,5.0,0,0,0.0,69,51,79,0.00,3.74,14.50,28.47,2504,8
2026-05-17 06:15:06,1.6,11.66,12.43,12.80,2058587,102169,5.0,0,0,0.0,69,51,79,0.00,3.79,15.59,23.08,2507,5
2026-05-17 06:16:06,1.8,11.81,12.33,12.74,2058587,102186,5.0,0,0,0.0,69,51,79,0.00,3.74,13.70,95.93,2504,6
2026-05-17 06:17:06,4.0,12.98,12.51,12.78,2058587,102231,5.0,0,0,0.0,69,51,79,0.00,3.85,14.41,103.45,2502,5
2026-05-17 06:18:07,2.5,12.33,12.43,12.73,2058587,102240,5.0,0,0,0.0,69,51,79,0.00,3.65,14.18,96.24,2508,4
2026-05-17 06:19:07,2.3,12.33,12.39,12.70,2058587,102216,5.0,0,0,0.0,69,51,79,0.00,3.83,13.55,95.72,2497,2
2026-05-17 06:20:08,3.1,11.89,12.21,12.61,2058587,102222,5.0,0,0,0.0,69,51,79,0.00,3.93,12.20,94.04,2500,28
2026-05-17 06:21:08,3.2,13.92,12.71,12.76,2058587,102211,5.0,0,0,0.0,69,51,79,0.00,4.34,14.64,96.93,2496,7
2026-05-17 06:22:08,3.0,13.64,12.83,12.79,2058587,102232,5.0,0,0,0.0,69,51,79,0.00,3.77,14.42,96.56,2501,21
2026-05-17 06:23:09,3.1,12.13,12.56,12.70,2058587,102230,5.0,0,0,0.0,69,51,79,0.00,3.60,14.47,96.71,2508,7
2026-05-17 06:24:09,3.0,13.76,12.98,12.84,2058587,102222,5.0,0,0,0.0,69,51,79,0.00,3.66,14.32,96.30,2506,7
2026-05-17 06:25:09,3.6,13.63,13.06,12.88,2058587,102206,5.0,0,0,0.0,69,51,79,0.00,3.66,13.99,96.35,2505,7
2026-05-17 06:26:10,3.2,12.67,12.89,12.83,2058587,102210,5.0,0,0,0.0,69,51,79,0.00,3.91,14.29,96.54,2514,6
2026-05-17 06:27:10,3.2,12.15,12.66,12.75,2058587,102220,5.0,0,0,0.0,69,51,79,0.00,3.61,14.40,96.61,2515,5
2026-05-17 06:28:11,3.3,11.72,12.44,12.67,2058587,102190,5.0,0,0,0.0,69,51,79,0.00,3.75,14.02,96.37,2505,12
2026-05-17 06:29:11,3.2,11.95,12.39,12.63,2058587,102228,5.0,0,0,0.0,69,51,79,0.00,3.88,14.63,97.03,2509,6
2026-05-17 06:30:11,2.6,12.47,12.49,12.66,2058587,102207,5.0,0,0,0.0,69,51,79,0.00,3.88,13.75,102.57,2513,2
2026-05-17 06:31:12,3.2,11.44,12.15,12.52,2058587,102215,5.0,0,0,0.0,69,51,79,0.00,4.18,11.39,93.50,2506,10
2026-05-17 06:32:12,1.7,10.61,11.80,12.38,2058587,102218,5.0,0,0,0.0,69,51,79,0.00,3.81,11.93,93.96,2512,1
2026-05-17 06:33:12,4.0,10.88,11.66,12.30,2058587,102236,5.0,0,0,0.0,69,51,79,0.00,3.78,12.66,94.64,2513,6
2026-05-17 06:34:13,9.5,10.80,11.48,12.19,2058587,102217,5.0,0,0,0.0,69,51,79,0.00,3.75,14.56,96.53,2506,18
2026-05-17 06:35:13,3.5,11.45,11.59,12.19,2058587,102213,5.0,0,0,0.0,69,51,79,0.00,3.57,13.50,95.78,2500,8
2026-05-17 06:36:14,1.7,11.59,11.65,12.17,2058587,102214,5.0,0,0,0.0,69,51,79,0.00,3.92,13.79,96.18,2501,2
2026-05-17 06:37:14,2.0,10.32,11.29,12.01,2058587,102214,5.0,0,0,0.0,69,51,79,0.00,3.76,8.63,90.31,2493,2
2026-05-17 06:38:14,3.2,10.61,11.18,11.93,2058587,102222,5.0,0,0,0.0,69,51,79,0.00,4.01,14.05,95.91,2497,4
2026-05-17 06:39:15,2.1,10.36,11.04,11.83,2058587,102213,5.0,0,0,0.0,69,51,79,0.00,3.59,11.18,93.17,2495,9
2026-05-17 06:40:15,2.1,12.01,11.32,11.88,2058587,102214,5.0,0,0,0.0,69,51,79,0.00,3.81,12.07,93.98,2486,4
2026-05-17 06:41:15,3.1,12.85,11.66,11.96,2058587,102233,5.0,0,0,0.0,69,51,79,0.00,4.40,14.15,96.14,2483,2
2026-05-17 06:42:16,3.1,13.67,12.00,12.05,2058587,102247,5.0,0,0,0.0,69,51,79,0.00,3.66,13.50,95.66,2488,8
2026-05-17 06:43:16,3.3,12.09,11.84,11.99,2058587,102220,5.0,0,0,0.0,69,51,79,0.00,3.58,13.50,95.63,2483,7
2026-05-17 06:44:16,4.1,11.95,11.81,11.96,2058587,102248,5.0,0,0,0.0,69,51,79,0.00,3.79,11.86,100.72,2488,5
2026-05-17 06:45:17,3.5,10.88,11.50,11.85,2058587,102243,5.0,0,0,0.0,69,51,79,0.00,3.75,10.26,92.10,2496,5
2026-05-17 06:46:17,3.9,11.14,11.43,11.80,2058587,102214,5.0,0,0,0.0,69,51,79,0.00,3.71,14.53,96.81,2505,16
2026-05-17 06:47:18,2.2,12.13,11.67,11.86,2058587,102251,5.0,0,0,0.0,69,51,79,0.00,3.80,14.43,96.83,2494,5
2026-05-17 06:48:18,3.3,12.55,11.92,11.94,2058587,102250,5.0,0,0,0.0,69,51,79,0.00,3.69,14.80,97.07,2482,7
2026-05-17 06:49:18,7.5,11.80,11.83,11.90,2058587,102223,5.0,0,0,0.0,69,51,79,0.00,3.79,11.22,93.11,2483,5
2026-05-17 06:50:19,3.0,14.05,12.49,12.13,2058587,102230,5.0,0,0,0.0,69,51,79,0.00,3.71,14.56,97.23,2488,7
2026-05-17 06:51:19,3.4,12.98,12.48,12.15,2058587,102258,5.0,0,0,0.0,69,51,79,0.00,4.47,14.68,97.19,2486,7
2026-05-17 06:52:19,2.9,13.28,12.79,12.28,2058587,102249,5.0,0,0,0.0,69,51,79,0.00,3.79,14.50,96.94,2495,4
2026-05-17 06:53:20,3.0,12.76,12.75,12.30,2058587,102247,5.0,0,0,0.0,69,51,79,0.00,3.66,14.61,97.15,2504,5
2026-05-17 06:54:20,3.4,12.63,12.73,12.32,2058587,102230,5.0,0,0,0.0,69,51,79,0.00,3.64,14.91,97.26,2498,5
2026-05-17 06:55:20,3.1,13.19,12.87,12.40,2058587,102271,5.0,0,0,0.0,69,51,79,0.00,4.74,14.70,96.95,2495,7
2026-05-17 06:56:21,3.3,12.24,12.65,12.35,2058587,102252,5.0,0,0,0.0,69,51,79,0.00,4.07,14.65,97.03,2489,6
2026-05-17 06:57:21,3.6,12.02,12.48,12.31,2058587,102236,5.0,0,0,0.0,69,51,79,0.00,3.54,14.67,104.08,2494,5
2026-05-17 06:58:22,3.1,13.84,13.00,12.50,2058587,102243,5.0,0,0,0.0,69,51,79,0.00,3.66,14.35,96.75,2489,7
2026-05-17 06:59:22,3.3,14.55,13.33,12.64,2058587,102251,5.0,0,0,0.0,69,51,79,0.00,3.73,14.47,96.83,2493,5
2026-05-17 07:00:22,3.7,13.76,13.34,12.69,2058587,102249,5.0,0,0,0.0,69,51,79,0.00,3.78,14.66,97.07,2488,5
2026-05-17 07:01:23,3.5,26.30,16.38,13.74,2058587,102258,5.0,0,0,0.0,69,51,79,0.00,4.60,14.63,97.18,2482,9
2026-05-17 07:02:23,11.5,25.58,17.95,14.44,2058587,102269,5.0,0,0,0.0,69,51,79,0.00,3.74,14.67,96.71,2474,7
2026-05-17 07:03:23,3.2,22.91,18.60,14.88,2058587,102243,5.0,0,0,0.0,69,51,79,0.00,3.73,12.40,94.18,2488,6
2026-05-17 07:04:24,2.0,18.51,18.46,15.09,2058587,102231,5.0,0,0,0.0,69,51,79,0.00,3.70,14.10,96.35,2502,7
2026-05-17 07:05:24,3.2,13.57,17.04,14.81,2058587,102196,5.0,0,0,0.0,69,51,79,0.00,3.55,14.06,75.75,2509,6
2026-05-17 07:06:25,3.5,11.79,15.92,14.57,2058587,102169,5.0,0,0,0.0,69,51,79,0.00,3.82,15.09,15.72,2511,5
2026-05-17 07:07:25,3.4,11.28,15.03,14.35,2058587,102178,5.0,0,0,0.0,69,51,79,0.00,3.66,14.79,15.43,2502,5
2026-05-17 07:08:25,2.1,10.86,14.30,14.14,2058587,102169,5.0,0,0,0.0,69,51,79,0.00,3.49,15.09,15.73,2491,5
2026-05-17 07:09:26,3.4,11.51,13.81,13.98,2058587,102158,5.0,0,0,0.0,69,51,79,0.00,3.70,13.58,14.14,2476,5
2026-05-17 07:10:26,2.2,10.72,13.21,13.76,2058587,102270,5.0,0,0,0.0,69,51,79,0.00,3.99,11.91,86.90,2470,3
2026-05-17 07:11:26,2.7,10.41,12.67,13.54,2058587,102233,5.0,0,0,0.0,69,51,79,0.00,4.30,12.68,98.45,2470,4
2026-05-17 07:12:27,3.1,12.17,12.74,13.50,2058587,102252,5.0,0,0,0.0,69,51,79,0.00,3.47,14.01,98.73,2479,8
2026-05-17 07:13:27,2.4,11.71,12.48,13.36,2058587,102262,5.0,0,0,0.0,69,51,79,0.00,3.65,12.50,94.54,2483,8
2026-05-17 07:14:28,2.1,11.84,12.44,13.30,2058587,102258,5.0,0,0,0.0,69,51,79,0.00,3.89,13.64,95.34,2492,5
2026-05-17 07:15:28,2.0,10.59,11.97,13.08,2058587,102248,5.0,0,0,0.0,69,51,79,0.00,3.54,12.53,94.16,2494,4
2026-05-17 07:16:28,11.3,10.62,11.70,12.91,2058587,102234,5.0,0,0,0.0,69,51,79,0.00,3.86,12.89,94.71,2499,8
2026-05-17 07:17:29,1.4,12.03,11.85,12.88,2058587,102236,5.0,0,0,0.0,69,51,79,0.00,3.76,11.46,93.41,2496,3
2026-05-17 07:18:29,3.3,11.81,11.79,12.80,2058587,102219,5.0,0,0,0.0,69,51,79,0.00,3.67,10.52,92.64,2484,7
2026-05-17 07:19:29,3.1,11.78,11.82,12.74,2058587,102217,5.0,0,0,0.0,69,51,79,0.00,3.99,13.61,95.72,2485,7
2026-05-17 07:20:30,3.0,11.57,11.73,12.65,2058587,102152,5.0,0,0,0.0,69,51,79,0.00,4.16,14.02,28.07,2493,4
2026-05-17 07:21:30,1.8,10.95,11.56,12.54,2058587,102199,5.0,0,0,0.0,69,51,79,0.00,4.24,13.46,20.60,2493,3
2026-05-17 07:22:30,3.1,10.62,11.36,12.41,2058587,102280,5.0,0,0,0.0,69,51,79,0.00,3.76,12.94,94.74,2494,5
2026-05-17 07:23:31,3.4,12.62,11.90,12.53,2058587,102257,5.0,0,0,0.0,69,51,79,0.00,3.61,14.61,97.38,2496,9
2026-05-17 07:24:31,1.8,11.71,11.80,12.46,2058587,102254,5.0,0,0,0.0,69,51,79,0.00,3.74,14.70,96.68,2492,5
2026-05-17 07:25:32,4.0,12.51,12.03,12.49,2058587,102259,5.0,0,0,0.0,69,51,79,0.00,3.64,13.86,102.66,2485,7
2026-05-17 07:26:32,3.0,12.31,12.11,12.50,2058587,102238,5.0,0,0,0.0,69,51,79,0.00,3.85,14.50,96.36,2470,21
2026-05-17 07:27:32,3.2,12.36,12.14,12.48,2058587,102242,5.0,0,0,0.0,69,51,79,0.00,3.82,14.71,97.36,2479,7
2026-05-17 07:28:33,4.6,17.33,13.71,13.00,2058587,102256,5.0,0,0,0.0,69,51,79,0.00,3.89,14.53,96.72,2473,26
2026-05-17 07:29:33,11.7,13.50,13.26,12.89,2058587,102262,5.0,0,0,0.0,69,51,79,0.00,3.85,13.64,95.64,2478,7
2026-05-17 07:30:33,3.0,13.53,13.27,12.91,2058587,102274,5.0,0,0,0.0,69,51,79,0.00,3.82,14.52,97.18,2482,9
2026-05-17 07:31:34,3.1,14.93,13.73,13.09,2058587,102257,5.0,0,0,0.0,69,51,79,0.00,4.32,14.45,96.43,2486,5
2026-05-17 07:32:34,2.1,18.22,14.82,13.50,2058587,102240,5.0,0,0,0.0,69,51,79,0.00,3.76,11.53,93.41,2481,3
2026-05-17 07:33:35,3.2,20.46,16.02,14.00,2058587,102222,5.0,0,0,0.0,69,51,79,0.00,3.65,13.29,95.60,2480,9
2026-05-17 07:34:35,2.8,17.19,15.90,14.08,2058587,102260,5.0,0,0,0.0,69,51,79,0.00,3.64,12.12,94.06,2494,7
2026-05-17 07:35:35,3.3,18.90,16.52,14.40,2058587,102236,5.0,0,0,0.0,69,51,79,0.00,3.71,13.37,95.34,2492,4
2026-05-17 07:36:36,3.1,17.90,16.63,14.57,2058587,102238,5.0,0,0,0.0,69,51,79,0.00,3.92,14.42,96.50,2494,3
2026-05-17 07:37:36,3.1,20.15,17.36,14.94,2058587,102264,5.0,0,0,0.0,69,51,79,0.00,3.87,14.21,96.39,2494,8
2026-05-17 07:38:36,2.5,17.88,17.24,15.05,2058587,102252,5.0,0,0,0.0,69,51,79,0.00,3.55,13.86,102.97,2503,3
2026-05-17 07:39:37,3.1,17.69,17.36,15.24,2058587,102256,5.0,0,0,0.0,69,51,79,0.00,3.75,13.96,96.25,2502,5
2026-05-17 07:40:37,3.7,20.72,18.14,15.63,2058587,102232,5.0,0,0,0.0,69,51,79,0.00,4.16,13.89,96.17,2493,23
2026-05-17 07:41:37,3.1,21.99,19.13,16.14,2058587,102277,5.0,0,0,0.0,69,51,79,0.00,3.93,13.85,96.42,2501,18
2026-05-17 07:42:38,3.3,16.43,18.03,15.94,2058587,102266,5.0,0,0,0.0,69,51,79,0.00,4.04,13.91,96.16,2501,6
2026-05-17 07:43:38,10.3,13.16,16.81,15.65,2058587,102263,5.0,0,0,0.0,69,51,79,0.00,3.66,14.22,96.48,2502,6
2026-05-17 07:44:39,3.5,13.90,16.23,15.53,2058587,102251,5.0,0,0,0.0,69,51,79,0.00,3.78,13.87,96.09,2496,6
2026-05-17 07:45:39,3.5,14.40,15.88,15.44,2058587,102273,5.0,0,0,0.0,69,51,79,0.00,3.62,13.91,95.94,2488,5
2026-05-17 07:46:39,9.2,12.81,15.15,15.22,2058587,102256,5.0,0,0,0.0,69,51,79,0.00,3.82,14.01,96.20,2486,8
2026-05-17 07:47:40,3.3,12.16,14.57,15.01,2058587,102262,5.0,0,0,0.0,69,51,79,0.00,3.86,13.85,96.05,2495,6
2026-05-17 07:48:40,3.3,11.97,14.09,14.82,2058587,102255,5.0,0,0,0.0,69,51,79,0.00,3.43,13.94,96.09,2494,5
2026-05-17 07:49:40,1.6,11.97,13.77,14.67,2058587,102219,5.0,0,0,0.0,69,51,79,0.00,3.61,11.90,93.90,2489,2
2026-05-17 07:50:41,3.7,12.62,13.53,14.52,2058587,102260,5.0,0,0,0.0,69,51,79,0.00,4.28,13.43,95.54,2499,8
2026-05-17 07:51:41,2.1,12.42,13.37,14.41,2058587,102265,5.0,0,0,0.0,69,51,79,0.00,4.17,14.55,96.72,2496,5
2026-05-17 07:52:42,3.9,11.58,12.91,14.18,2058587,102265,5.0,0,0,0.0,69,51,79,0.00,3.71,11.72,100.50,2498,8
2026-05-17 07:53:42,8.0,11.40,12.62,14.00,2058587,102257,5.0,0,0,0.0,69,51,79,0.00,3.37,14.43,96.65,2495,5
2026-05-17 07:54:42,3.2,11.96,12.54,13.88,2058587,102280,5.0,0,0,0.0,69,51,79,0.00,3.71,14.77,97.19,2496,6
2026-05-17 07:55:43,2.2,12.79,12.70,13.85,2058587,102271,5.0,0,0,0.0,69,51,79,0.00,3.86,13.52,95.54,2491,17
2026-05-17 07:56:43,10.4,12.46,12.61,13.74,2058587,102289,5.0,0,0,0.0,69,51,79,0.00,3.61,14.54,96.83,2482,23
2026-05-17 07:57:43,6.0,12.58,12.61,13.67,2058587,102265,5.0,0,0,0.0,69,51,79,0.00,3.64,14.66,96.80,2472,8
2026-05-17 07:58:44,3.1,12.20,12.51,13.57,2058587,102267,5.0,0,0,0.0,69,51,79,0.00,3.79,14.44,96.75,2471,4
2026-05-17 07:59:44,1.3,11.65,12.27,13.41,2058587,102246,5.0,0,0,0.0,69,51,79,0.00,3.73,14.55,97.23,2475,5
2026-05-17 08:00:44,3.1,13.47,12.62,13.45,2058587,102263,5.0,0,0,0.0,69,51,79,0.00,4.15,14.21,96.35,2478,4
2026-05-17 08:01:45,2.3,12.81,12.56,13.38,2058587,102266,5.0,0,0,0.0,69,51,79,0.00,4.21,11.39,93.21,2484,3
2026-05-17 08:02:45,8.8,12.04,12.37,13.26,2058587,102247,5.0,0,0,0.0,69,51,79,0.00,3.79,14.21,96.23,2502,6
2026-05-17 08:03:46,1.8,10.92,11.98,13.07,2058587,102260,5.0,0,0,0.0,69,51,79,0.00,3.55,9.34,91.19,2512,3
2026-05-17 08:04:46,2.8,12.64,12.28,13.10,2058587,102273,5.0,0,0,0.0,69,51,79,0.00,3.70,13.66,95.86,2510,7
2026-05-17 08:05:46,5.5,13.21,12.49,13.12,2058587,102263,5.0,0,0,0.0,69,51,79,0.00,3.75,15.08,100.20,2514,5
2026-05-17 08:06:47,1.4,11.97,12.29,13.01,2058587,102246,5.0,0,0,0.0,69,51,79,0.00,4.06,12.61,98.02,2515,3
2026-05-17 08:07:47,3.3,11.22,12.01,12.86,2058587,102271,5.0,0,0,0.0,69,51,79,0.00,3.61,13.84,96.08,2495,9
2026-05-17 08:08:47,4.5,12.41,12.24,12.89,2058587,102259,5.0,0,0,0.0,69,51,79,0.00,3.76,14.50,96.73,2480,5
2026-05-17 08:09:48,3.4,11.96,12.15,12.82,2058587,102285,5.0,0,0,0.0,69,51,79,0.00,3.66,14.70,97.10,2484,7
2026-05-17 08:10:48,1.5,11.90,12.17,12.79,2058587,102291,5.0,0,0,0.0,69,51,79,0.00,4.18,14.56,96.81,2481,3
2026-05-17 08:11:48,1.9,11.00,11.88,12.65,2058587,102267,5.0,0,0,0.0,69,51,79,0.00,3.98,11.02,65.48,2496,4
2026-05-17 08:12:49,3.3,12.45,12.00,12.63,2058587,102213,5.0,0,0,0.0,69,51,79,0.00,3.57,11.87,12.32,2501,6
2026-05-17 08:13:49,3.3,12.04,11.97,12.58,2058587,102205,5.0,0,0,0.0,69,51,79,0.00,3.66,15.44,16.11,2508,7
2026-05-17 08:14:50,1.6,11.23,11.79,12.48,2058587,102177,5.0,0,0,0.0,69,51,79,0.00,3.98,14.34,14.94,2508,3
2026-05-17 08:15:50,1.9,10.49,11.45,12.32,2058587,102176,5.0,0,0,0.0,69,51,79,0.00,3.36,10.51,10.63,2499,4
2026-05-17 08:16:50,3.1,12.17,11.85,12.40,2058587,102301,5.0,0,0,0.0,69,51,79,0.00,4.15,14.89,90.15,2496,6
2026-05-17 08:17:51,2.0,12.28,11.98,12.42,2058587,102269,5.0,0,0,0.0,69,51,79,0.00,3.89,14.81,97.49,2498,5
2026-05-17 08:18:51,3.4,12.42,12.06,12.42,2058587,102258,5.0,0,0,0.0,69,51,79,0.00,3.72,14.52,96.79,2488,5
2026-05-17 08:19:51,4.0,14.24,12.64,12.60,2058587,102288,5.0,0,0,0.0,69,51,79,0.00,3.86,13.10,101.71,2490,5
2026-05-17 08:20:52,1.6,11.66,12.19,12.44,2058587,102281,5.0,0,0,0.0,69,51,79,0.00,4.12,11.59,94.10,2495,4
2026-05-17 08:21:52,9.6,11.51,12.08,12.39,2058587,102293,5.0,0,0,0.0,69,51,79,0.00,4.25,13.97,95.95,2487,7
2026-05-17 08:22:52,1.9,11.33,11.93,12.32,2058587,102274,5.0,0,0,0.0,69,51,79,0.00,3.63,12.89,94.91,2489,8
2026-05-17 08:23:53,3.2,15.10,12.64,12.52,2058587,102253,5.0,0,0,0.0,69,51,79,0.00,3.68,12.26,94.16,2491,7
2026-05-17 08:24:53,10.6,13.51,12.68,12.55,2058587,102277,5.0,0,0,0.0,69,51,79,0.00,3.82,14.30,96.55,2499,17
2026-05-17 08:25:54,3.2,13.28,12.79,12.60,2058587,102274,5.0,0,0,0.0,69,51,79,0.00,3.71,14.18,96.13,2490,4
2026-05-17 08:26:54,1.9,12.56,12.70,12.58,2058587,102227,5.0,0,0,0.0,69,51,79,0.00,3.76,15.79,30.17,2495,5
2026-05-17 08:27:54,1.6,11.62,12.43,12.49,2058587,102205,5.0,0,0,0.0,69,51,79,0.00,3.64,12.00,19.19,2495,3
2026-05-17 08:28:55,2.0,11.57,12.28,12.44,2058587,102262,5.0,0,0,0.0,69,51,79,0.00,3.70,13.38,95.54,2498,4
2026-05-17 08:29:55,2.1,10.97,12.00,12.33,2058587,102265,5.0,0,0,0.0,69,51,79,0.00,3.51,11.15,92.95,2493,5
2026-05-17 08:30:55,2.5,11.68,12.02,12.31,2058587,102273,5.0,0,0,0.0,69,51,79,0.00,4.21,14.39,96.70,2513,3
2026-05-17 08:31:56,3.4,11.89,12.00,12.28,2058587,102295,5.0,0,0,0.0,69,51,79,0.00,4.16,14.73,96.80,2505,7
2026-05-17 08:32:56,3.2,12.30,12.06,12.28,2058587,102254,5.0,0,0,0.0,69,51,79,0.00,3.73,13.83,95.99,2506,6
2026-05-17 08:33:57,2.4,11.60,11.92,12.22,2058587,102306,5.0,0,0,0.0,69,51,79,0.00,3.70,12.16,100.88,2504,3
2026-05-17 08:34:57,3.2,12.69,12.23,12.31,2058587,102310,5.0,0,0,0.0,69,51,79,0.00,3.71,14.76,97.07,2496,6
2026-05-17 08:35:57,3.3,12.09,12.18,12.29,2058587,102294,5.0,0,0,0.0,69,51,79,0.00,3.76,12.96,94.91,2476,8
2026-05-17 08:36:58,3.2,11.93,12.12,12.26,2058587,102283,5.0,0,0,0.0,69,51,79,0.00,3.88,14.45,96.94,2481,26
2026-05-17 08:37:58,1.6,12.28,12.22,12.29,2058587,102286,5.0,0,0,0.0,69,51,79,0.00,3.72,12.84,94.93,2485,4
2026-05-17 08:38:58,1.8,11.70,12.05,12.22,2058587,102267,5.0,0,0,0.0,69,51,79,0.00,3.83,10.56,92.30,2493,3
2026-05-17 08:39:59,1.6,10.89,11.75,12.11,2058587,102293,5.0,0,0,0.0,69,51,79,0.00,3.77,14.57,96.44,2506,6
2026-05-17 08:40:59,3.3,10.49,11.46,11.98,2058587,102282,5.0,0,0,0.0,69,51,79,0.00,4.45,12.04,94.41,2508,7
2026-05-17 08:41:59,2.0,10.70,11.36,11.92,2058587,102290,5.0,0,0,0.0,69,51,79,0.00,3.50,13.47,95.50,2507,2
2026-05-17 08:43:00,3.2,10.31,11.14,11.80,2058587,102310,5.0,0,0,0.0,69,51,79,0.00,3.67,10.44,92.10,2500,4
2026-05-17 08:44:00,2.0,11.46,11.40,11.86,2058587,102277,5.0,0,0,0.0,69,51,79,0.00,3.76,12.84,95.04,2500,5
2026-05-17 08:45:01,3.4,11.45,11.40,11.83,2058587,102273,5.0,0,0,0.0,69,51,79,0.00,3.54,13.84,95.90,2487,9
2026-05-17 08:46:01,2.2,13.04,12.08,12.05,2058587,102262,5.0,0,0,0.0,69,51,79,0.00,4.11,11.32,93.11,2482,3
2026-05-17 08:47:01,11.3,18.51,14.33,12.86,2058587,102260,5.0,0,0,0.0,69,51,79,0.00,3.64,14.25,96.50,2490,7
2026-05-17 08:48:02,1.4,17.81,14.86,13.13,2058587,102291,5.0,0,0,0.0,69,51,79,0.00,3.63,11.77,100.53,2484,2
2026-05-17 08:49:02,3.1,14.55,14.45,13.10,2058587,102263,5.0,0,0,0.0,69,51,79,0.00,3.78,14.43,96.64,2491,9
2026-05-17 08:50:02,2.0,13.27,14.11,13.06,2058587,102298,5.0,0,0,0.0,69,51,79,0.00,3.93,13.22,95.17,2502,9
2026-05-17 08:51:03,1.8,11.93,13.56,12.94,2058587,102281,5.0,0,0,0.0,69,51,79,0.00,4.29,13.68,95.69,2504,4
2026-05-17 08:52:03,11.9,10.97,12.98,12.78,2058587,102297,5.0,0,0,0.0,69,51,79,0.00,3.71,11.55,93.21,2495,7
2026-05-17 08:53:04,2.7,12.09,13.04,12.82,2058587,102285,5.0,0,0,0.0,69,51,79,0.00,3.76,14.44,97.13,2497,6
2026-05-17 08:54:04,3.1,11.68,12.79,12.75,2058587,102291,5.0,0,0,0.0,69,51,79,0.00,3.81,14.54,96.56,2485,5
2026-05-17 08:55:04,2.8,11.64,12.58,12.68,2058587,102290,5.0,0,0,0.0,69,51,79,0.00,3.70,13.76,95.85,2474,7
2026-05-17 08:56:05,2.0,11.57,12.41,12.61,2058587,102283,5.0,0,0,0.0,69,51,79,0.00,3.62,13.09,95.17,2471,3
2026-05-17 08:57:05,2.2,13.22,12.84,12.75,2058587,102306,5.0,0,0,0.0,69,51,79,0.00,3.88,11.75,93.54,2469,3
2026-05-17 08:58:05,2.0,11.52,12.40,12.60,2058587,102300,5.0,0,0,0.0,69,51,79,0.00,3.59,11.99,93.82,2474,2
2026-05-17 08:59:06,3.4,11.59,12.23,12.53,2058587,102328,5.0,0,0,0.0,69,51,79,0.00,3.74,12.39,94.49,2478,5
2026-05-17 09:00:06,3.3,11.26,11.98,12.42,2058587,102283,5.0,0,0,0.0,69,51,79,0.00,3.52,10.84,93.06,2490,5
2026-05-17 09:01:06,2.4,11.38,11.88,12.36,2058587,102268,5.0,0,0,0.0,69,51,79,0.00,4.32,11.91,100.88,2496,2
2026-05-17 09:02:07,2.1,11.34,11.74,12.28,2058587,102282,5.0,0,0,0.0,69,51,79,0.00,3.80,13.33,95.11,2493,6
2026-05-17 09:03:07,1.7,11.10,11.61,12.19,2058587,102255,5.0,0,0,0.0,69,51,79,0.00,3.43,13.91,96.07,2501,3
2026-05-17 09:04:08,3.0,10.84,11.43,12.09,2058587,102285,5.0,0,0,0.0,69,51,79,0.00,3.77,11.64,93.51,2502,9
2026-05-17 09:05:08,7.6,11.65,11.60,12.11,2058587,102254,5.0,0,0,0.0,69,51,79,0.00,3.86,14.52,96.91,2485,20
2026-05-17 09:06:08,1.7,12.03,11.73,12.12,2058587,102266,5.0,0,0,0.0,69,51,79,0.00,3.97,14.29,96.62,2491,5
2026-05-17 09:07:09,1.9,11.04,11.50,12.02,2058587,102278,5.0,0,0,0.0,69,51,79,0.00,3.53,11.17,92.94,2489,7
2026-05-17 09:08:09,4.5,11.27,11.45,11.96,2058587,102265,5.0,0,0,0.0,69,51,79,0.00,3.66,12.81,95.05,2485,5
2026-05-17 09:09:09,3.4,12.26,11.70,12.02,2058587,102267,5.0,0,0,0.0,69,51,79,0.00,3.90,14.62,97.08,2487,13
2026-05-17 09:10:10,2.1,11.84,11.73,12.01,2058587,102271,5.0,0,0,0.0,69,51,79,0.00,3.61,13.34,95.26,2498,3
2026-05-17 09:11:10,3.7,11.81,11.75,12.00,2058587,102261,5.0,0,0,0.0,69,51,79,0.00,4.31,12.11,94.01,2492,6
2026-05-17 09:12:10,1.7,10.78,11.49,11.89,2058587,102276,5.0,0,0,0.0,69,51,79,0.00,3.88,14.34,96.14,2485,6
2026-05-17 09:13:11,3.9,10.88,11.38,11.83,2058587,102253,5.0,0,0,0.0,69,51,79,0.00,3.91,12.77,94.60,2480,2
2026-05-17 09:14:11,1.6,10.20,11.10,11.70,2058587,102243,5.0,0,0,0.0,69,51,79,0.00,3.72,10.23,91.97,2469,5
2026-05-17 09:15:12,2.0,9.99,10.89,11.59,2058587,102259,5.0,0,0,0.0,69,51,79,0.00,3.46,13.18,101.88,2474,3
2026-05-17 09:16:12,3.5,14.04,11.92,11.90,2058587,102292,5.0,0,0,0.0,69,51,79,0.00,3.94,12.87,94.93,2483,6
2026-05-17 09:17:12,3.0,14.32,12.34,12.04,2058587,102274,5.0,0,0,0.0,69,51,79,0.00,3.78,13.32,95.24,2503,5
2026-05-17 09:18:13,1.7,15.19,12.86,12.24,2058587,102232,5.0,0,0,0.0,69,51,79,0.00,3.79,11.37,66.05,2513,6
2026-05-17 09:19:13,12.1,17.46,13.85,12.61,2058587,102173,5.0,0,0,0.0,69,51,79,0.00,3.56,14.47,14.88,2510,24
2026-05-17 09:20:13,2.1,16.79,14.37,12.88,2058587,102165,5.0,0,0,0.0,69,51,79,0.00,3.86,15.15,16.20,2505,5
2026-05-17 09:21:14,2.0,20.38,15.88,13.49,2058587,102158,5.0,0,0,0.0,69,51,79,0.00,4.36,15.48,16.36,2493,2
2026-05-17 09:22:14,1.9,17.63,15.93,13.66,2058587,102159,5.0,0,0,0.0,69,51,79,0.00,3.72,14.21,14.52,2484,3
2026-05-17 09:23:14,2.1,16.32,15.90,13.79,2058587,102286,5.0,0,0,0.0,69,51,79,0.00,4.16,13.07,88.22,2492,3
2026-05-17 09:24:15,3.2,16.94,16.19,14.02,2058587,102292,5.0,0,0,0.0,69,51,79,0.00,3.69,14.56,96.76,2504,7
2026-05-17 09:25:15,3.2,21.44,17.67,14.67,2058587,102297,5.0,0,0,0.0,69,51,79,0.00,3.77,14.23,96.79,2512,7
2026-05-17 09:26:16,3.2,17.59,17.22,14.70,2058587,102269,5.0,0,0,0.0,69,51,79,0.00,3.78,13.37,95.69,2515,8
2026-05-17 09:27:16,3.4,19.01,17.81,15.07,2058587,102271,5.0,0,0,0.0,69,51,79,0.00,3.83,14.45,96.93,2514,5
2026-05-17 09:28:16,2.0,14.84,16.99,14.97,2058587,102282,5.0,0,0,0.0,69,51,79,0.00,3.74,12.22,95.39,2505,6
2026-05-17 09:29:17,3.2,17.31,17.30,15.20,2058587,102294,5.0,0,0,0.0,69,51,79,0.00,3.41,14.55,102.77,2498,4
2026-05-17 09:30:17,2.4,14.16,16.42,15.03,2058587,102267,5.0,0,0,0.0,69,51,79,0.00,3.78,14.04,96.22,2493,3
2026-05-17 09:31:17,2.8,11.75,15.33,14.74,2058587,102258,5.0,0,0,0.0,69,51,79,0.00,4.27,13.28,95.33,2488,2
2026-05-17 09:32:18,4.1,13.41,15.08,14.69,2058587,102282,5.0,0,0,0.0,69,51,79,0.00,3.83,12.38,94.39,2488,16
2026-05-17 09:33:18,3.4,13.11,14.69,14.57,2058587,102204,5.0,0,0,0.0,69,51,79,0.00,3.54,15.71,30.23,2493,4
2026-05-17 09:34:18,12.0,12.89,14.39,14.48,2058587,102226,5.0,0,0,0.0,69,51,79,0.00,3.71,15.83,23.67,2495,7
2026-05-17 09:35:19,3.0,11.47,13.66,14.22,2058587,102266,5.0,0,0,0.0,69,51,79,0.00,3.86,11.97,93.79,2489,4
2026-05-17 09:36:19,3.1,12.61,13.67,14.19,2058587,102283,5.0,0,0,0.0,69,51,79,0.00,3.95,14.61,96.91,2495,5
2026-05-17 09:37:20,1.8,11.76,13.24,14.01,2058587,102283,5.0,0,0,0.0,69,51,79,0.00,3.75,13.01,95.20,2502,5
2026-05-17 09:38:20,3.2,12.06,13.06,13.89,2058587,102270,5.0,0,0,0.0,69,51,79,0.00,3.74,12.63,94.68,2499,5
2026-05-17 09:39:20,3.1,11.55,12.69,13.71,2058587,102252,5.0,0,0,0.0,69,51,79,0.00,3.72,14.59,97.05,2492,6
2026-05-17 09:40:21,1.6,11.70,12.56,13.60,2058587,102255,5.0,0,0,0.0,69,51,79,0.00,3.69,12.13,94.28,2497,2
2026-05-17 09:41:21,2.3,10.77,12.11,13.38,2058587,102299,5.0,0,0,0.0,69,51,79,0.00,4.38,7.84,89.41,2498,5
2026-05-17 09:42:21,2.9,10.09,11.67,13.15,2058587,102320,5.0,0,0,0.0,69,51,79,0.00,3.86,11.79,100.34,2489,6
2026-05-17 09:43:22,1.9,10.07,11.38,12.96,2058587,102291,5.0,0,0,0.0,69,51,79,0.00,3.74,12.11,93.87,2495,4
2026-05-17 09:44:22,4.1,10.47,11.28,12.82,2058587,102311,5.0,0,0,0.0,69,51,79,0.00,3.53,11.22,93.09,2497,5
2026-05-17 09:45:22,3.1,12.62,11.64,12.84,2058587,102318,5.0,0,0,0.0,69,51,79,0.00,3.93,12.53,94.57,2503,3
2026-05-17 09:46:23,3.0,13.87,12.12,12.93,2058587,102291,5.0,0,0,0.0,69,51,79,0.00,3.72,13.95,96.27,2486,7
2026-05-17 09:47:23,7.9,11.79,11.88,12.79,2058587,102279,5.0,0,0,0.0,69,51,79,0.00,3.72,13.69,95.66,2484,5
2026-05-17 09:48:24,1.3,12.85,12.14,12.82,2058587,102261,5.0,0,0,0.0,69,51,79,0.00,3.57,12.34,94.25,2472,5
2026-05-17 09:49:24,3.0,12.35,12.05,12.74,2058587,102287,5.0,0,0,0.0,69,51,79,0.00,3.67,14.70,96.74,2477,6
2026-05-17 09:50:24,3.0,13.93,12.49,12.85,2058587,102285,5.0,0,0,0.0,69,51,79,0.00,4.65,14.50,97.05,2474,6
2026-05-17 09:51:25,1.9,12.06,12.29,12.76,2058587,102292,5.0,0,0,0.0,69,51,79,0.00,4.15,10.57,92.43,2479,3
2026-05-17 09:52:25,2.0,12.57,12.41,12.77,2058587,102320,5.0,0,0,0.0,69,51,79,0.00,3.82,14.91,97.11,2478,5
2026-05-17 09:53:25,2.3,11.38,12.10,12.64,2058587,102278,5.0,0,0,0.0,69,51,79,0.00,3.69,12.79,94.70,2482,2
2026-05-17 09:54:26,1.9,11.33,12.00,12.57,2058587,102271,5.0,0,0,0.0,69,51,79,0.00,3.60,12.64,94.67,2479,2
2026-05-17 09:55:26,3.6,11.29,11.81,12.47,2058587,102311,5.0,0,0,0.0,69,51,79,0.00,3.50,10.67,92.46,2476,6
2026-05-17 09:56:27,4.5,10.99,11.65,12.37,2058587,102281,5.0,0,0,0.0,69,51,79,0.00,3.92,11.75,100.46,2470,7
2026-05-17 09:57:27,4.1,11.66,11.71,12.35,2058587,102294,5.0,0,0,0.0,69,51,79,0.00,3.85,14.47,96.90,2483,5
2026-05-17 09:58:27,3.1,13.56,12.07,12.42,2058587,102286,5.0,0,0,0.0,69,51,79,0.00,3.64,14.46,96.60,2486,9
2026-05-17 09:59:28,2.7,12.44,12.01,12.38,2058587,102291,5.0,0,0,0.0,69,51,79,0.00,3.69,14.35,96.80,2487,9
2026-05-17 10:00:28,2.5,11.22,11.76,12.27,2058587,102279,5.0,0,0,0.0,69,51,79,0.00,3.88,13.12,95.04,2499,3
2026-05-17 10:01:28,8.2,11.10,11.62,12.18,2058587,102294,5.0,0,0,0.0,69,51,79,0.00,5.32,10.67,92.36,2507,6
2026-05-17 10:02:29,3.0,11.68,11.67,12.16,2058587,102280,5.0,0,0,0.0,69,51,79,0.00,3.80,14.64,96.96,2501,5
2026-05-17 10:03:29,3.2,12.60,11.89,12.21,2058587,102296,5.0,0,0,0.0,69,51,79,0.00,3.39,14.64,97.14,2504,7
2026-05-17 10:04:30,1.8,11.36,11.68,12.11,2058587,102270,5.0,0,0,0.0,69,51,79,0.00,3.69,11.77,93.75,2497,5
2026-05-17 10:05:30,2.4,11.58,11.67,12.08,2058587,102277,5.0,0,0,0.0,69,51,79,0.00,3.76,13.86,95.98,2482,2
2026-05-17 10:06:30,3.2,11.47,11.63,12.04,2058587,102288,5.0,0,0,0.0,69,51,79,0.00,3.72,14.59,96.72,2474,8
2026-05-17 10:07:31,3.2,13.25,12.10,12.17,2058587,102312,5.0,0,0,0.0,69,51,79,0.00,3.78,14.04,96.05,2479,5
2026-05-17 10:08:31,1.9,13.17,12.27,12.23,2058587,102289,5.0,0,0,0.0,69,51,79,0.00,3.63,14.48,96.39,2471,5
2026-05-17 10:09:31,4.4,12.54,12.25,12.22,2058587,102280,5.0,0,0,0.0,69,51,79,0.00,3.70,12.73,101.36,2469,16
2026-05-17 10:10:32,1.6,17.02,14.28,12.97,2058587,102276,5.0,0,0,0.0,69,51,79,0.00,3.78,12.96,95.23,2472,4
2026-05-17 10:11:32,2.4,14.61,14.07,12.97,2058587,102298,5.0,0,0,0.0,69,51,79,0.00,4.19,14.18,96.05,2480,7
2026-05-17 10:12:32,3.9,13.24,13.79,12.95,2058587,102292,5.0,0,0,0.0,69,51,79,0.00,3.94,14.50,96.60,2474,23
2026-05-17 10:13:33,3.2,12.10,13.34,12.85,2058587,102296,5.0,0,0,0.0,69,51,79,0.00,3.61,14.40,96.31,2475,6
2026-05-17 10:14:33,2.2,11.28,12.89,12.72,2058587,102280,5.0,0,0,0.0,69,51,79,0.00,3.72,12.48,94.62,2482,3
2026-05-17 10:15:34,1.6,10.80,12.43,12.57,2058587,102293,5.0,0,0,0.0,69,51,79,0.00,4.02,12.20,93.99,2483,2
2026-05-17 10:16:34,3.3,11.08,12.18,12.47,2058587,102279,5.0,0,0,0.0,69,51,79,0.00,3.85,9.88,91.81,2486,14
2026-05-17 10:17:34,2.1,11.11,11.93,12.36,2058587,102283,5.0,0,0,0.0,69,51,79,0.00,3.53,11.53,93.28,2488,2
2026-05-17 10:18:35,1.8,11.85,12.00,12.36,2058587,102297,5.0,0,0,0.0,69,51,79,0.00,3.72,14.15,96.42,2493,2
2026-05-17 10:19:35,2.0,11.43,11.85,12.28,2058587,102297,5.0,0,0,0.0,69,51,79,0.00,3.66,11.97,94.06,2488,10
2026-05-17 10:20:35,3.2,12.84,12.20,12.38,2058587,102285,5.0,0,0,0.0,69,51,79,0.00,4.52,12.96,94.97,2497,4
2026-05-17 10:21:36,2.1,11.40,11.93,12.27,2058587,102290,5.0,0,0,0.0,69,51,79,0.00,3.85,12.14,94.12,2493,5
2026-05-17 10:22:36,1.7,10.68,11.59,12.13,2058587,102282,5.0,0,0,0.0,69,51,79,0.00,3.82,11.42,93.21,2498,2
2026-05-17 10:23:36,3.9,10.56,11.36,12.01,2058587,102310,5.0,0,0,0.0,69,51,79,0.00,3.79,11.34,99.99,2503,6
2026-05-17 10:24:37,3.3,11.65,11.56,12.04,2058587,102266,5.0,0,0,0.0,69,51,79,0.00,3.67,15.17,70.54,2503,10
2026-05-17 10:25:37,1.4,11.27,11.48,11.98,2058587,102222,5.0,0,0,0.0,69,51,79,0.00,3.50,15.43,16.18,2493,2
2026-05-17 10:26:38,1.8,10.79,11.31,11.89,2058587,102213,5.0,0,0,0.0,69,51,79,0.00,4.00,13.19,13.37,2491,4
2026-05-17 10:27:38,1.8,10.84,11.21,11.82,2058587,102220,5.0,0,0,0.0,69,51,79,0.00,3.68,13.35,14.01,2481,3
2026-05-17 10:28:38,3.1,11.73,11.37,11.83,2058587,102222,5.0,0,0,0.0,69,51,79,0.00,3.33,13.28,13.72,2480,8
2026-05-17 10:29:39,3.2,23.30,15.19,13.15,2058587,102302,5.0,0,0,0.0,69,51,79,0.00,3.76,14.08,89.40,2484,21
2026-05-17 10:30:39,3.0,16.49,14.69,13.10,2058587,102301,5.0,0,0,0.0,69,51,79,0.00,3.97,14.63,96.71,2493,11
2026-05-17 10:31:39,2.2,18.22,15.34,13.41,2058587,102296,5.0,0,0,0.0,69,51,79,0.00,4.36,13.89,96.14,2500,2
2026-05-17 10:32:40,1.6,13.12,14.38,13.20,2058587,102291,5.0,0,0,0.0,69,51,79,0.00,3.46,11.47,94.04,2502,5
2026-05-17 10:33:40,1.9,11.60,13.69,13.04,2058587,102295,5.0,0,0,0.0,69,51,79,0.00,3.66,14.04,96.03,2497,2
2026-05-17 10:34:40,2.9,12.01,13.40,12.98,2058587,102294,5.0,0,0,0.0,69,51,79,0.00,3.67,14.58,96.78,2500,4
2026-05-17 10:35:41,5.3,11.99,13.10,12.89,2058587,102312,5.0,0,0,0.0,69,51,79,0.00,3.73,12.88,95.08,2493,5
2026-05-17 10:36:41,3.0,11.74,12.83,12.81,2058587,102301,5.0,0,0,0.0,69,51,79,0.00,3.66,14.26,96.54,2493,7
2026-05-17 10:37:42,2.7,11.28,12.53,12.71,2058587,102311,5.0,0,0,0.0,69,51,79,0.00,3.63,10.91,99.45,2490,7
2026-05-17 10:38:42,3.3,12.18,12.55,12.71,2058587,102330,5.0,0,0,0.0,69,51,79,0.00,3.68,14.49,96.80,2495,6
2026-05-17 10:39:42,3.4,12.03,12.41,12.65,2058587,102245,5.0,0,0,0.0,69,51,79,0.00,3.67,15.64,30.19,2490,9
2026-05-17 10:40:43,2.2,11.71,12.24,12.57,2058587,102280,5.0,0,0,0.0,69,51,79,0.00,3.95,14.35,21.63,2495,5
2026-05-17 10:41:43,1.2,11.36,12.11,12.51,2058587,102311,5.0,0,0,0.0,69,51,79,0.00,4.07,11.69,93.55,2492,3
2026-05-17 10:42:43,2.4,15.01,12.95,12.76,2058587,102294,5.0,0,0,0.0,69,51,79,0.00,3.58,9.02,90.96,2507,2
2026-05-17 10:43:44,1.6,12.33,12.56,12.64,2058587,102299,5.0,0,0,0.0,69,51,79,0.00,3.46,14.47,96.61,2510,2
2026-05-17 10:44:44,1.6,11.02,12.11,12.48,2058587,102314,5.0,0,0,0.0,69,51,79,0.00,3.81,12.07,93.99,2498,2
2026-05-17 10:45:45,3.2,14.57,13.27,12.88,2058587,102292,5.0,0,0,0.0,69,51,79,0.00,3.96,14.02,96.29,2503,5
2026-05-17 10:46:45,3.1,12.76,13.00,12.81,2058587,102304,5.0,0,0,0.0,69,51,79,0.00,3.98,14.46,96.80,2499,7
2026-05-17 10:47:45,3.3,12.59,12.91,12.79,2058587,102315,5.0,0,0,0.0,69,51,79,0.00,3.54,14.25,96.77,2497,4
2026-05-17 10:48:46,3.2,12.10,12.68,12.71,2058587,102316,5.0,0,0,0.0,69,51,79,0.00,3.77,12.49,94.50,2490,7
2026-05-17 10:49:46,1.6,12.82,12.93,12.81,2058587,102287,5.0,0,0,0.0,69,51,79,0.00,3.82,12.49,94.60,2500,1
2026-05-17 10:50:46,2.6,11.93,12.68,12.73,2058587,102337,5.0,0,0,0.0,69,51,79,0.00,4.00,14.18,103.02,2508,4
2026-05-17 10:51:47,3.1,11.85,12.51,12.67,2058587,102317,5.0,0,0,0.0,69,51,79,0.00,4.34,14.65,97.16,2503,5
2026-05-17 10:52:47,4.0,10.97,12.13,12.53,2058587,102299,5.0,0,0,0.0,69,51,79,0.00,3.80,11.55,93.34,2502,5
2026-05-17 10:53:47,2.9,11.58,12.07,12.48,2058587,102347,5.0,0,0,0.0,69,51,79,0.00,3.74,14.68,97.15,2498,8
2026-05-17 10:54:48,5.5,12.56,12.24,12.51,2058587,102312,5.0,0,0,0.0,69,51,79,0.00,3.70,14.64,97.03,2499,27
2026-05-17 10:55:48,11.0,12.88,12.35,12.53,2058587,102316,5.0,0,0,0.0,69,51,79,0.00,3.47,11.86,93.92,2498,26
2026-05-17 10:56:49,1.8,12.31,12.27,12.49,2058587,102307,5.0,0,0,0.0,69,51,79,0.00,4.07,13.55,95.69,2495,4
2026-05-17 10:57:49,2.4,11.88,12.19,12.44,2058587,102314,5.0,0,0,0.0,69,51,79,0.00,3.77,14.48,96.63,2499,5
2026-05-17 10:58:49,3.0,10.92,11.87,12.32,2058587,102291,5.0,0,0,0.0,69,51,79,0.00,3.53,13.33,95.09,2506,6
2026-05-17 10:59:50,1.9,11.80,11.95,12.32,2058587,102326,5.0,0,0,0.0,69,51,79,0.00,3.75,14.52,97.09,2503,3
2026-05-17 11:00:50,3.2,12.32,12.05,12.33,2058587,102332,5.0,0,0,0.0,69,51,79,0.00,4.29,12.17,94.11,2496,6
2026-05-17 11:01:50,1.4,13.21,12.40,12.43,2058587,102322,5.0,0,0,0.0,69,51,79,0.00,4.21,11.28,93.10,2497,4
2026-05-17 11:02:51,2.4,13.95,12.83,12.58,2058587,102334,5.0,0,0,0.0,69,51,79,0.00,3.71,13.01,95.02,2497,3
2026-05-17 11:03:51,1.4,14.32,13.19,12.72,2058587,102322,5.0,0,0,0.0,69,51,79,0.00,3.82,13.91,95.90,2491,3
2026-05-17 11:04:51,4.0,19.42,14.91,13.35,2058587,102333,5.0,0,0,0.0,69,51,79,0.00,3.81,14.43,103.42,2488,6
2026-05-17 11:05:52,3.4,20.78,16.17,13.88,2058587,102346,5.0,0,0,0.0,69,51,79,0.00,3.57,13.49,95.73,2497,8
2026-05-17 11:06:52,4.0,20.43,16.86,14.26,2058587,102331,5.0,0,0,0.0,69,51,79,0.00,4.04,14.46,96.56,2496,11
2026-05-17 11:07:53,1.7,17.84,16.84,14.42,2058587,102320,5.0,0,0,0.0,69,51,79,0.00,3.96,11.95,93.95,2499,4
2026-05-17 11:08:53,9.5,24.22,18.95,15.30,2058587,102293,5.0,0,0,0.0,69,51,79,0.00,3.78,11.18,93.08,2505,6
2026-05-17 11:09:53,3.3,21.18,19.11,15.60,2058587,102328,5.0,0,0,0.0,69,51,79,0.00,3.46,14.48,96.82,2511,7
2026-05-17 11:10:54,1.6,16.49,18.22,15.52,2058587,102337,5.0,0,0,0.0,69,51,79,0.00,4.07,11.86,93.72,2514,4
2026-05-17 11:11:54,1.7,12.54,16.76,15.18,2058587,102320,5.0,0,0,0.0,69,51,79,0.00,4.38,11.25,92.98,2506,5
2026-05-17 11:12:54,1.7,15.83,17.10,15.40,2058587,102322,5.0,0,0,0.0,69,51,79,0.00,3.79,14.84,97.03,2501,5
2026-05-17 11:13:55,3.3,13.45,16.30,15.24,2058587,102327,5.0,0,0,0.0,69,51,79,0.00,3.56,13.68,95.73,2496,10
2026-05-17 11:14:55,1.6,13.27,15.69,15.09,2058587,102340,5.0,0,0,0.0,69,51,79,0.00,3.72,14.66,96.99,2497,5
2026-05-17 11:15:56,2.2,11.29,14.68,14.78,2058587,102332,5.0,0,0,0.0,69,51,79,0.00,3.79,12.16,93.98,2495,3
2026-05-17 11:16:56,1.9,11.75,14.23,14.62,2058587,102312,5.0,0,0,0.0,69,51,79,0.00,3.77,13.68,95.83,2508,3
2026-05-17 11:17:56,3.6,12.54,13.96,14.50,2058587,102335,5.0,0,0,0.0,69,51,79,0.00,3.79,14.61,103.43,2509,18
2026-05-17 11:18:57,1.9,11.61,13.44,14.29,2058587,102327,5.0,0,0,0.0,69,51,79,0.00,3.81,13.03,95.07,2512,5
2026-05-17 11:19:57,3.5,11.16,12.96,14.06,2058587,102323,5.0,0,0,0.0,69,51,79,0.00,3.74,13.43,95.61,2511,6
2026-05-17 11:20:57,3.2,14.44,13.44,14.15,2058587,102327,5.0,0,0,0.0,69,51,79,0.00,3.84,14.26,96.45,2510,8
2026-05-17 11:21:58,1.9,12.85,13.23,14.04,2058587,102330,5.0,0,0,0.0,69,51,79,0.00,4.52,14.44,96.63,2494,3
2026-05-17 11:22:58,2.0,11.52,12.75,13.82,2058587,102343,5.0,0,0,0.0,69,51,79,0.00,4.02,11.71,93.49,2502,3
2026-05-17 11:23:59,3.8,10.68,12.27,13.58,2058587,102325,5.0,0,0,0.0,69,51,79,0.00,3.75,10.11,91.82,2499,9
2026-05-17 11:24:59,1.9,11.18,12.12,13.44,2058587,102345,5.0,0,0,0.0,69,51,79,0.00,3.59,12.87,94.77,2497,8
2026-05-17 11:25:59,3.5,11.31,12.05,13.34,2058587,102313,5.0,0,0,0.0,69,51,79,0.00,4.00,11.22,93.03,2499,5
2026-05-17 11:27:00,3.7,11.94,12.04,13.25,2058587,102339,5.0,0,0,0.0,69,51,79,0.00,3.90,13.45,95.53,2500,4
2026-05-17 11:28:00,1.7,11.48,11.90,13.13,2058587,102303,5.0,0,0,0.0,69,51,79,0.00,3.71,10.52,92.48,2494,3
2026-05-17 11:29:00,2.1,10.99,11.67,12.97,2058587,102328,5.0,0,0,0.0,69,51,79,0.00,3.56,13.49,95.48,2503,5
2026-05-17 11:30:01,2.2,11.43,11.68,12.89,2058587,102369,5.0,0,0,0.0,69,51,79,0.00,4.04,14.86,96.81,2499,3
2026-05-17 11:31:01,1.7,12.73,12.01,12.93,2058587,102328,5.0,0,0,0.0,69,51,79,0.00,4.30,14.50,83.34,2494,3
2026-05-17 11:32:01,3.3,12.70,12.12,12.91,2058587,102277,5.0,0,0,0.0,69,51,79,0.00,3.91,14.39,14.79,2480,9
2026-05-17 11:33:02,3.6,13.89,12.45,12.96,2058587,102266,5.0,0,0,0.0,69,51,79,0.00,3.77,16.17,17.06,2480,7
2026-05-17 11:34:02,3.0,12.57,12.25,12.86,2058587,102268,5.0,0,0,0.0,69,51,79,0.00,3.71,12.97,13.47,2475,5
2026-05-17 11:35:03,3.6,12.30,12.28,12.83,2058587,102257,5.0,0,0,0.0,69,51,79,0.00,3.85,14.70,15.33,2481,4
2026-05-17 11:36:03,3.1,12.33,12.36,12.83,2058587,102343,5.0,0,0,0.0,69,51,79,0.00,3.73,14.77,90.18,2486,4
2026-05-17 11:37:03,3.7,12.26,12.32,12.78,2058587,102325,5.0,0,0,0.0,69,51,79,0.00,3.85,14.56,97.00,2494,5
2026-05-17 11:38:04,1.8,11.33,12.03,12.65,2058587,102354,5.0,0,0,0.0,69,51,79,0.00,3.69,12.38,94.42,2494,4
2026-05-17 11:39:04,3.3,11.59,11.97,12.59,2058587,102386,5.0,0,0,0.0,69,51,79,0.00,3.61,12.66,94.66,2500,6
2026-05-17 11:40:04,2.2,11.45,11.89,12.53,2058587,102325,5.0,0,0,0.0,69,51,79,0.00,3.99,13.31,95.51,2487,8
2026-05-17 11:41:05,3.1,12.07,11.95,12.50,2058587,102379,5.0,0,0,0.0,69,51,79,0.00,4.33,14.25,96.27,2486,5
2026-05-17 11:42:05,3.1,12.87,12.09,12.51,2058587,102349,5.0,0,0,0.0,69,51,79,0.00,4.14,14.63,96.72,2492,4
2026-05-17 11:43:05,3.4,12.39,12.10,12.48,2058587,102342,5.0,0,0,0.0,69,51,79,0.00,3.60,14.61,96.99,2488,6
2026-05-17 11:44:06,2.0,13.05,12.25,12.51,2058587,102324,5.0,0,0,0.0,69,51,79,0.00,3.75,14.77,97.17,2478,4
2026-05-17 11:45:06,1.6,11.59,12.00,12.41,2058587,102315,5.0,0,0,0.0,69,51,79,0.00,3.69,11.34,93.39,2481,6
2026-05-17 11:46:07,1.8,11.06,11.76,12.30,2058587,102283,5.0,0,0,0.0,69,51,79,0.00,4.53,13.45,34.21,2481,4
2026-05-17 11:47:07,3.0,11.20,11.69,12.24,2058587,102306,5.0,0,0,0.0,69,51,79,0.00,3.55,13.84,17.93,2482,2
2026-05-17 11:48:07,2.8,12.02,11.79,12.23,2058587,102364,5.0,0,0,0.0,69,51,79,0.00,3.83,14.02,98.92,2491,3
2026-05-17 11:49:08,3.6,11.43,11.67,12.16,2058587,102338,5.0,0,0,0.0,69,51,79,0.00,4.07,12.62,94.87,2507,21
2026-05-17 11:50:08,11.6,12.68,11.95,12.23,2058587,102357,5.0,0,0,0.0,69,51,79,0.00,3.55,14.35,96.50,2509,21
2026-05-17 11:51:08,8.0,11.84,11.83,12.17,2058587,102353,5.0,0,0,0.0,69,51,79,0.00,4.42,11.69,94.01,2514,4
2026-05-17 11:52:09,3.0,11.68,11.82,12.14,2058587,102360,5.0,0,0,0.0,69,51,79,0.00,3.95,14.66,96.75,2509,4
2026-05-17 11:53:09,3.1,12.31,12.01,12.19,2058587,102347,5.0,0,0,0.0,69,51,79,0.00,3.72,14.47,96.49,2499,8
2026-05-17 11:54:10,1.8,12.09,12.02,12.18,2058587,102346,5.0,0,0,0.0,69,51,79,0.00,3.54,12.15,94.20,2484,3
2026-05-17 11:55:10,2.1,18.48,14.01,12.86,2058587,102329,5.0,0,0,0.0,69,51,79,0.00,3.79,13.15,95.08,2490,7
2026-05-17 11:56:10,3.3,14.48,13.67,12.82,2058587,102350,5.0,0,0,0.0,69,51,79,0.00,3.76,14.44,96.66,2472,6
2026-05-17 11:57:11,3.5,12.34,13.22,12.72,2058587,102345,5.0,0,0,0.0,69,51,79,0.00,3.97,13.65,95.73,2474,4
2026-05-17 11:58:11,2.0,11.28,12.78,12.60,2058587,102369,5.0,0,0,0.0,69,51,79,0.00,3.64,14.72,96.84,2491,3
2026-05-17 11:59:11,3.8,12.36,12.80,12.62,2058587,102350,5.0,0,0,0.0,69,51,79,0.00,3.68,14.53,102.30,2496,5
2026-05-17 12:00:12,3.5,12.06,12.66,12.58,2058587,102340,5.0,0,0,0.0,69,51,79,0.00,3.81,14.10,97.93,2496,6
2026-05-17 12:01:12,3.2,11.68,12.44,12.51,2058587,102358,5.0,0,0,0.0,69,51,79,0.00,4.45,14.77,96.85,2503,10
2026-05-17 12:02:13,1.8,11.68,12.32,12.47,2058587,102329,5.0,0,0,0.0,69,51,79,0.00,3.92,12.07,94.22,2506,4
2026-05-17 12:03:13,1.2,11.90,12.26,12.44,2058587,102330,5.0,0,0,0.0,69,51,79,0.00,3.71,12.42,94.40,2501,3
2026-05-17 12:04:13,9.4,12.35,12.31,12.44,2058587,102354,5.0,0,0,0.0,69,51,79,0.00,3.78,13.04,95.17,2500,22
2026-05-17 12:05:14,9.6,11.61,12.10,12.36,2058587,102370,5.0,0,0,0.0,69,51,79,0.00,3.91,14.56,96.86,2496,6
2026-05-17 12:06:14,1.5,10.85,11.83,12.25,2058587,102362,5.0,0,0,0.0,69,51,79,0.00,5.14,12.27,94.41,2493,4
2026-05-17 12:07:14,2.0,11.02,11.69,12.17,2058587,102343,5.0,0,0,0.0,69,51,79,0.00,3.93,13.61,95.37,2492,2
2026-05-17 12:08:15,1.9,10.89,11.55,12.09,2058587,102348,5.0,0,0,0.0,69,51,79,0.00,3.64,12.00,93.84,2490,7
2026-05-17 12:09:15,1.9,10.69,11.36,11.99,2058587,102359,5.0,0,0,0.0,69,51,79,0.00,3.56,12.42,94.20,2489,8
2026-05-17 12:10:15,2.2,10.44,11.17,11.89,2058587,102352,5.0,0,0,0.0,69,51,79,0.00,3.94,10.10,91.87,2495,5
2026-05-17 12:11:16,3.0,10.56,11.05,11.80,2058587,102358,5.0,0,0,0.0,69,51,79,0.00,4.25,12.00,93.79,2505,6
2026-05-17 12:12:16,2.3,11.15,11.14,11.78,2058587,102385,5.0,0,0,0.0,69,51,79,0.00,3.87,12.85,95.01,2510,9
2026-05-17 12:13:17,9.1,12.10,11.50,11.87,2058587,102355,5.0,0,0,0.0,69,51,79,0.00,3.52,14.40,103.22,2503,5
2026-05-17 12:14:17,2.2,24.14,14.97,13.03,2058587,102355,5.0,0,0,0.0,69,51,79,0.00,3.80,14.31,96.63,2510,5
2026-05-17 12:15:17,2.0,28.96,17.95,14.17,2058587,102369,5.0,0,0,0.0,69,51,79,0.00,3.82,10.99,92.72,2507,5
2026-05-17 12:16:18,2.1,18.89,17.04,14.09,2058587,102338,5.0,0,0,0.0,69,51,79,0.00,3.84,14.25,96.22,2500,3
2026-05-17 12:17:18,1.5,15.45,16.60,14.13,2058587,102341,5.0,0,0,0.0,69,51,79,0.00,3.57,13.34,95.35,2507,7
2026-05-17 12:18:18,2.0,13.35,15.72,13.98,2058587,102356,5.0,0,0,0.0,69,51,79,0.00,3.72,12.50,94.45,2503,6
2026-05-17 12:19:19,1.4,11.26,14.69,13.73,2058587,102344,5.0,0,0,0.0,69,51,79,0.00,3.79,10.94,92.71,2502,5
2026-05-17 12:20:19,3.4,11.61,14.10,13.59,2058587,102348,5.0,0,0,0.0,69,51,79,0.00,3.60,13.79,95.91,2502,28
2026-05-17 12:21:19,3.3,11.17,13.52,13.42,2058587,102380,5.0,0,0,0.0,69,51,79,0.00,4.67,12.82,94.84,2496,5
2026-05-17 12:22:20,1.9,11.65,13.24,13.33,2058587,102362,5.0,0,0,0.0,69,51,79,0.00,3.80,12.08,94.00,2496,4
2026-05-17 12:23:20,1.8,14.50,13.57,13.42,2058587,102366,5.0,0,0,0.0,69,51,79,0.00,4.00,12.70,94.76,2509,2
2026-05-17 12:24:21,3.1,14.37,13.66,13.46,2058587,102393,5.0,0,0,0.0,69,51,79,0.00,3.61,14.39,96.69,2510,10
2026-05-17 12:25:21,3.4,12.93,13.38,13.38,2058587,102360,5.0,0,0,0.0,69,51,79,0.00,3.87,11.48,93.46,2506,7
2026-05-17 12:26:21,8.7,13.89,13.73,13.50,2058587,102405,5.0,0,0,0.0,69,51,79,0.00,3.86,14.27,103.15,2506,4
2026-05-17 12:27:22,1.7,12.38,13.38,13.40,2058587,102369,5.0,0,0,0.0,69,51,79,0.00,3.61,13.49,95.41,2500,3
2026-05-17 12:28:22,3.2,11.70,12.94,13.24,2058587,102374,5.0,0,0,0.0,69,51,79,0.00,3.56,13.45,95.64,2478,5
2026-05-17 12:29:22,3.5,11.41,12.68,13.13,2058587,102407,5.0,0,0,0.0,69,51,79,0.00,3.82,13.65,95.86,2483,22
2026-05-17 12:30:23,3.1,11.12,12.35,12.99,2058587,102391,5.0,0,0,0.0,69,51,79,0.00,3.86,14.50,96.51,2486,25
2026-05-17 12:31:23,12.2,14.45,13.19,13.25,2058587,102384,5.0,0,0,0.0,69,51,79,0.00,4.34,14.51,96.54,2490,14
2026-05-17 12:32:24,8.9,12.45,12.83,13.11,2058587,102371,5.0,0,0,0.0,69,51,79,0.00,3.73,14.32,96.41,2501,15
2026-05-17 12:33:24,1.8,11.56,12.52,12.99,2058587,102364,5.0,0,0,0.0,69,51,79,0.00,3.86,12.98,95.34,2508,2
2026-05-17 12:34:24,2.0,11.02,12.17,12.84,2058587,102389,5.0,0,0,0.0,69,51,79,0.00,3.75,10.92,92.79,2502,4
2026-05-17 12:35:25,1.9,15.43,13.34,13.20,2058587,102391,5.0,0,0,0.0,69,51,79,0.00,3.52,12.61,94.52,2498,3
2026-05-17 12:36:25,2.0,13.04,13.07,13.12,2058587,102365,5.0,0,0,0.0,69,51,79,0.00,4.00,14.19,96.52,2495,10
2026-05-17 12:37:25,2.0,12.30,12.86,13.04,2058587,102340,5.0,0,0,0.0,69,51,79,0.00,3.72,14.40,83.04,2496,1
2026-05-17 12:38:26,3.2,12.49,12.76,12.99,2058587,102325,5.0,0,0,0.0,69,51,79,0.00,3.76,12.34,12.74,2492,3
2026-05-17 12:39:26,3.1,13.94,13.06,13.08,2058587,102315,5.0,0,0,0.0,69,51,79,0.00,3.51,15.59,16.25,2490,6
2026-05-17 12:40:26,2.0,13.67,13.19,13.12,2058587,102296,5.0,0,0,0.0,69,51,79,0.00,3.79,13.22,13.60,2490,2
2026-05-17 12:41:27,2.0,13.85,13.31,13.17,2058587,102280,5.0,0,0,0.0,69,51,79,0.00,4.29,16.04,16.47,2492,3
2026-05-17 12:42:27,1.4,12.28,12.93,13.04,2058587,102396,5.0,0,0,0.0,69,51,79,0.00,3.76,14.04,89.32,2493,4
2026-05-17 12:43:28,2.1,11.33,12.51,12.89,2058587,102385,5.0,0,0,0.0,69,51,79,0.00,3.70,13.55,95.37,2481,3
2026-05-17 12:44:28,4.9,11.61,12.30,12.79,2058587,102370,5.0,0,0,0.0,69,51,79,0.00,3.92,13.47,95.23,2487,25
2026-05-17 12:45:28,10.0,11.54,12.14,12.70,2058587,102341,5.0,0,0,0.0,69,51,79,0.00,3.73,14.46,96.53,2498,5
2026-05-17 12:46:29,10.0,12.83,12.30,12.71,2058587,102384,5.0,0,0,0.0,69,51,79,0.00,3.76,14.69,96.81,2490,5
2026-05-17 12:47:29,2.6,12.60,12.38,12.71,2058587,102362,5.0,0,0,0.0,69,51,79,0.00,3.79,14.83,97.03,2490,6
2026-05-17 12:48:29,3.1,14.50,12.91,12.87,2058587,102375,5.0,0,0,0.0,69,51,79,0.00,3.76,13.52,95.60,2498,9
2026-05-17 12:49:30,2.1,17.56,14.07,13.27,2058587,102371,5.0,0,0,0.0,69,51,79,0.00,3.83,14.69,97.20,2493,5
2026-05-17 12:50:30,3.0,19.31,15.16,13.70,2058587,102366,5.0,0,0,0.0,69,51,79,0.00,3.54,13.51,95.64,2493,8
2026-05-17 12:51:31,1.8,20.45,16.25,14.16,2058587,102376,5.0,0,0,0.0,69,51,79,0.00,4.32,14.52,96.87,2502,6
2026-05-17 12:52:31,2.6,17.60,16.28,14.31,2058587,102306,5.0,0,0,0.0,69,51,79,0.00,4.22,15.52,36.64,2503,4
2026-05-17 12:53:31,2.2,15.95,16.28,14.44,2058587,102302,5.0,0,0,0.0,69,51,79,0.00,3.62,13.70,14.18,2497,3
2026-05-17 12:54:32,2.1,18.04,17.17,14.89,2058587,102375,5.0,0,0,0.0,69,51,79,0.00,3.78,13.32,102.11,2491,3
2026-05-17 12:55:32,2.3,17.65,16.97,14.95,2058587,102391,5.0,0,0,0.0,69,51,79,0.00,3.65,14.79,96.78,2487,2
2026-05-17 12:56:32,1.9,13.17,15.80,14.67,2058587,102387,5.0,0,0,0.0,69,51,79,0.00,4.07,11.25,93.13,2483,5
2026-05-17 12:57:33,3.7,26.70,18.54,15.64,2058587,102370,5.0,0,0,0.0,69,51,79,0.00,3.58,14.59,96.82,2490,7
2026-05-17 12:58:33,8.1,19.54,17.84,15.58,2058587,102376,5.0,0,0,0.0,69,51,79,0.00,3.57,14.86,97.18,2494,24
2026-05-17 12:59:33,3.7,16.94,17.48,15.61,2058587,102400,5.0,0,0,0.0,69,51,79,0.00,3.74,14.48,96.98,2500,7
2026-05-17 13:00:34,2.0,18.47,17.95,15.89,2058587,102394,5.0,0,0,0.0,69,51,79,0.00,3.90,14.43,96.76,2495,15
2026-05-17 13:01:34,3.1,14.11,16.79,15.62,2058587,102383,5.0,0,0,0.0,69,51,79,0.00,4.04,14.68,96.92,2490,7
2026-05-17 13:02:35,2.0,12.26,15.83,15.37,2058587,102380,5.0,0,0,0.0,69,51,79,0.00,3.90,11.64,93.47,2482,6
2026-05-17 13:03:35,1.7,12.11,15.28,15.21,2058587,102351,5.0,0,0,0.0,69,51,79,0.00,3.71,12.04,94.06,2484,2
2026-05-17 13:04:35,2.2,12.11,14.60,14.97,2058587,102389,5.0,0,0,0.0,69,51,79,0.00,3.75,10.60,92.38,2475,3
2026-05-17 13:05:36,2.0,11.31,13.93,14.72,2058587,102371,5.0,0,0,0.0,69,51,79,0.00,3.53,12.26,94.03,2483,4
2026-05-17 13:06:36,1.4,10.49,13.24,14.43,2058587,102371,5.0,0,0,0.0,69,51,79,0.00,3.91,10.47,92.17,2490,4
2026-05-17 13:07:36,4.0,10.55,12.71,14.17,2058587,102419,5.0,0,0,0.0,69,51,79,0.00,3.66,12.03,100.77,2490,7
2026-05-17 13:08:37,3.3,12.23,12.76,14.09,2058587,102394,5.0,0,0,0.0,69,51,79,0.00,3.54,13.36,95.45,2483,4
2026-05-17 13:09:37,3.2,12.25,12.71,13.99,2058587,102394,5.0,0,0,0.0,69,51,79,0.00,3.89,14.40,96.80,2492,5
2026-05-17 13:10:37,3.2,12.99,12.88,13.97,2058587,102393,5.0,0,0,0.0,69,51,79,0.00,3.80,14.68,97.27,2484,6
2026-05-17 13:11:38,3.4,12.94,12.86,13.89,2058587,102403,5.0,0,0,0.0,69,51,79,0.00,4.35,13.68,95.71,2483,26
2026-05-17 13:12:38,12.1,11.41,12.46,13.69,2058587,102392,5.0,0,0,0.0,69,51,79,0.00,3.75,14.72,96.82,2486,6
2026-05-17 13:13:39,2.9,11.13,12.19,13.52,2058587,102354,5.0,0,0,0.0,69,51,79,0.00,3.71,12.06,94.11,2489,5
2026-05-17 13:14:39,3.2,10.78,11.95,13.35,2058587,102364,5.0,0,0,0.0,69,51,79,0.00,3.77,11.82,93.63,2495,3
2026-05-17 13:15:39,3.2,15.61,12.94,13.59,2058587,102378,5.0,0,0,0.0,69,51,79,0.00,3.50,13.49,95.31,2501,7
2026-05-17 13:16:40,3.1,12.70,12.55,13.41,2058587,102380,5.0,0,0,0.0,69,51,79,0.00,4.11,14.56,96.57,2503,6
2026-05-17 13:17:40,2.0,11.48,12.25,13.25,2058587,102390,5.0,0,0,0.0,69,51,79,0.00,3.76,14.37,96.20,2506,4
2026-05-17 13:18:40,1.7,11.41,12.13,13.15,2058587,102374,5.0,0,0,0.0,69,51,79,0.00,3.68,13.58,95.77,2500,4
2026-05-17 13:19:41,3.1,11.53,12.07,13.06,2058587,102377,5.0,0,0,0.0,69,51,79,0.00,3.75,12.42,94.34,2495,3
2026-05-17 13:20:41,2.1,11.66,12.01,12.98,2058587,102373,5.0,0,0,0.0,69,51,79,0.00,3.94,13.24,95.51,2489,6
2026-05-17 13:21:42,3.8,13.05,12.36,13.04,2058587,102385,5.0,0,0,0.0,69,51,79,0.00,4.25,14.66,103.84,2492,10
2026-05-17 13:22:42,2.5,11.34,11.97,12.86,2058587,102401,5.0,0,0,0.0,69,51,79,0.00,3.98,11.05,92.87,2489,4
2026-05-17 13:23:42,3.8,11.19,11.80,12.74,2058587,102438,5.0,0,0,0.0,69,51,79,0.00,3.61,14.31,96.60,2487,5
2026-05-17 13:24:43,2.2,11.11,11.66,12.63,2058587,102372,5.0,0,0,0.0,69,51,79,0.00,3.93,12.92,95.00,2503,4
2026-05-17 13:25:43,8.4,11.56,11.65,12.56,2058587,102380,5.0,0,0,0.0,69,51,79,0.00,3.65,13.84,96.38,2496,21
2026-05-17 13:26:43,2.0,11.47,11.59,12.48,2058587,102368,5.0,0,0,0.0,69,51,79,0.00,4.09,14.44,96.84,2487,2
2026-05-17 13:27:44,3.2,11.65,11.60,12.43,2058587,102385,5.0,0,0,0.0,69,51,79,0.00,3.55,14.02,96.26,2493,5
2026-05-17 13:28:44,6.5,12.85,12.05,12.53,2058587,102397,5.0,0,0,0.0,69,51,79,0.00,3.75,14.57,96.95,2497,4
2026-05-17 13:29:44,3.5,13.05,12.30,12.59,2058587,102386,5.0,0,0,0.0,69,51,79,0.00,4.00,14.54,97.08,2486,4
2026-05-17 13:30:45,3.5,12.41,12.26,12.56,2058587,102401,5.0,0,0,0.0,69,51,79,0.00,3.82,14.63,97.15,2491,15
2026-05-17 13:31:45,3.2,12.36,12.30,12.56,2058587,102380,5.0,0,0,0.0,69,51,79,0.00,4.26,14.26,96.64,2501,6
2026-05-17 13:32:46,3.3,14.84,12.98,12.77,2058587,102401,5.0,0,0,0.0,69,51,79,0.00,3.73,14.68,97.19,2492,4
2026-05-17 13:33:46,3.1,12.65,12.72,12.69,2058587,102390,5.0,0,0,0.0,69,51,79,0.00,3.79,14.56,96.96,2493,11
2026-05-17 13:34:46,4.0,12.36,12.57,12.64,2058587,102419,5.0,0,0,0.0,69,51,79,0.00,3.55,14.62,102.06,2493,5
2026-05-17 13:35:47,3.2,12.90,12.70,12.68,2058587,102414,5.0,0,0,0.0,69,51,79,0.00,3.75,14.68,98.92,2493,8
2026-05-17 13:36:47,3.4,12.96,12.77,12.71,2058587,102439,5.0,0,0,0.0,69,51,79,0.00,3.92,14.38,96.83,2499,8
2026-05-17 13:37:47,3.3,13.75,12.98,12.78,2058587,102415,5.0,0,0,0.0,69,51,79,0.00,3.55,14.62,97.06,2502,5
2026-05-17 13:38:48,3.0,13.31,12.97,12.79,2058587,102401,5.0,0,0,0.0,69,51,79,0.00,3.70,14.57,97.00,2497,7
2026-05-17 13:39:48,3.1,19.16,14.88,13.46,2058587,102396,5.0,0,0,0.0,69,51,79,0.00,3.75,14.61,97.18,2507,3
2026-05-17 13:40:49,9.0,15.17,14.50,13.42,2058587,102453,5.0,0,0,0.0,69,51,79,0.00,4.00,14.67,97.14,2505,6
2026-05-17 13:41:49,3.1,12.82,13.94,13.30,2058587,102419,5.0,0,0,0.0,69,51,79,0.00,3.93,14.78,97.15,2501,5
2026-05-17 13:42:49,3.2,12.26,13.60,13.22,2058587,102434,5.0,0,0,0.0,69,51,79,0.00,3.68,14.80,97.34,2491,6
2026-05-17 13:43:50,3.2,11.72,13.21,13.11,2058587,102386,5.0,0,0,0.0,69,51,79,0.00,3.79,14.84,83.75,2491,5
2026-05-17 13:44:50,3.0,12.64,13.14,13.08,2058587,102333,5.0,0,0,0.0,69,51,79,0.00,3.67,15.74,16.61,2480,6
2026-05-17 13:45:50,3.0,13.31,13.16,13.09,2058587,102316,5.0,0,0,0.0,69,51,79,0.00,3.71,15.65,16.61,2481,5
2026-05-17 13:46:51,3.5,13.31,13.16,13.09,2058587,102326,5.0,0,0,0.0,69,51,79,0.00,4.00,15.68,16.72,2487,5
2026-05-17 13:47:51,2.9,14.19,13.47,13.20,2058587,102347,5.0,0,0,0.0,69,51,79,0.00,3.74,16.26,17.12,2487,6
2026-05-17 13:48:51,9.4,13.42,13.39,13.20,2058587,102422,5.0,0,0,0.0,69,51,79,0.00,3.57,14.89,89.85,2490,5
2026-05-17 13:49:52,3.3,12.44,13.11,13.11,2058587,102436,5.0,0,0,0.0,69,51,79,0.00,3.85,14.34,97.37,2499,6
2026-05-17 13:50:52,3.5,12.68,13.02,13.08,2058587,102439,5.0,0,0,0.0,69,51,79,0.00,4.03,14.76,97.13,2497,25
2026-05-17 13:51:53,3.2,12.45,12.91,13.03,2058587,102426,5.0,0,0,0.0,69,51,79,0.00,4.33,14.62,97.02,2497,7
2026-05-17 13:52:53,3.7,12.64,12.86,13.00,2058587,102439,5.0,0,0,0.0,69,51,79,0.00,3.51,14.64,96.98,2512,7
2026-05-17 13:53:53,10.6,12.28,12.73,12.95,2058587,102428,5.0,0,0,0.0,69,51,79,0.00,3.86,14.59,96.95,2513,15
2026-05-17 13:54:54,11.5,12.25,12.66,12.92,2058587,102424,5.0,0,0,0.0,69,51,79,0.00,3.78,14.29,96.73,2517,7
2026-05-17 13:55:54,3.2,12.82,12.72,12.92,2058587,102449,5.0,0,0,0.0,69,51,79,0.00,3.53,14.58,97.09,2510,6
2026-05-17 13:56:54,3.0,14.02,12.94,12.97,2058587,102427,5.0,0,0,0.0,69,51,79,0.00,3.85,14.47,96.87,2508,7
2026-05-17 13:57:55,3.3,12.97,12.85,12.94,2058587,102421,5.0,0,0,0.0,69,51,79,0.00,3.64,14.27,96.63,2490,5
2026-05-17 13:58:55,3.3,12.96,12.90,12.95,2058587,102378,5.0,0,0,0.0,69,51,79,0.00,3.83,15.85,37.28,2497,8
2026-05-17 13:59:55,3.5,13.09,12.97,12.98,2058587,102342,5.0,0,0,0.0,69,51,79,0.00,3.67,15.71,16.75,2494,6
2026-05-17 14:00:56,3.2,21.72,15.64,13.90,2058587,102443,5.0,0,0,0.0,69,51,79,0.00,3.97,14.41,96.70,2493,6
2026-05-17 14:01:56,3.5,15.80,15.10,13.83,2058587,102439,5.0,0,0,0.0,69,51,79,0.00,4.26,14.66,98.77,2487,8
2026-05-17 14:02:57,3.4,14.10,14.78,13.81,2058587,102473,5.0,0,0,0.0,69,51,79,0.00,3.93,14.70,102.29,2500,9
2026-05-17 14:03:57,3.3,12.95,14.31,13.70,2058587,102458,5.0,0,0,0.0,69,51,79,0.00,3.73,14.56,97.14,2501,6
2026-05-17 14:04:57,3.4,12.79,14.02,13.64,2058587,102440,5.0,0,0,0.0,69,51,79,0.00,3.49,14.87,97.36,2493,4
2026-05-17 14:05:58,3.5,12.95,13.85,13.60,2058587,102439,5.0,0,0,0.0,69,51,79,0.00,4.04,14.28,96.75,2493,11
2026-05-17 14:06:58,3.2,14.30,13.97,13.65,2058587,102435,5.0,0,0,0.0,69,51,79,0.00,3.75,14.33,96.72,2492,7
2026-05-17 14:07:58,3.0,12.78,13.61,13.55,2058587,102455,5.0,0,0,0.0,69,51,79,0.00,3.36,14.74,97.14,2481,6
2026-05-17 14:08:59,3.0,13.51,13.67,13.57,2058587,102427,5.0,0,0,0.0,69,51,79,0.00,3.70,14.59,97.08,2488,7
2026-05-17 14:09:59,3.4,12.94,13.49,13.51,2058587,102450,5.0,0,0,0.0,69,51,79,0.00,3.83,14.47,96.97,2499,4
2026-05-17 14:11:00,3.0,12.82,13.32,13.45,2058587,102442,5.0,0,0,0.0,69,51,79,0.00,4.16,14.74,97.45,2499,5
2026-05-17 14:12:00,3.2,13.26,13.29,13.43,2058587,102436,5.0,0,0,0.0,69,51,79,0.00,3.84,14.51,96.97,2506,3
2026-05-17 14:13:00,3.3,12.61,13.08,13.35,2058587,102421,5.0,0,0,0.0,69,51,79,0.00,3.81,14.73,97.19,2505,8
2026-05-17 14:14:01,3.7,12.34,12.91,13.27,2058587,102450,5.0,0,0,0.0,69,51,79,0.00,3.74,14.47,96.89,2505,7
2026-05-17 14:15:01,2.9,13.53,13.03,13.28,2058587,102441,5.0,0,0,0.0,69,51,79,0.00,3.67,14.53,97.10,2505,8
2026-05-17 14:16:01,8.9,13.09,13.00,13.25,2058587,102437,5.0,0,0,0.0,69,51,79,0.00,3.79,14.89,104.24,2501,8
2026-05-17 14:17:02,3.4,12.78,12.91,13.21,2058587,102445,5.0,0,0,0.0,69,51,79,0.00,3.76,14.41,97.09,2494,8
2026-05-17 14:18:02,3.9,12.43,12.81,13.15,2058587,102458,5.0,0,0,0.0,69,51,79,0.00,3.73,14.60,97.19,2507,5
2026-05-17 14:19:02,4.2,12.97,12.91,13.16,2058587,102442,5.0,0,0,0.0,69,51,79,0.00,3.67,14.53,97.26,2507,8
2026-05-17 14:20:03,3.3,14.04,13.27,13.28,2058587,102461,5.0,0,0,0.0,69,51,79,0.00,3.68,14.51,96.87,2496,6
2026-05-17 14:21:03,3.1,14.60,13.48,13.34,2058587,102463,5.0,0,0,0.0,69,51,79,0.00,4.36,14.39,96.76,2507,6
2026-05-17 14:22:04,3.3,13.47,13.34,13.30,2058587,102439,5.0,0,0,0.0,69,51,79,0.00,4.15,14.86,97.59,2516,21
2026-05-17 14:23:04,3.0,16.58,13.99,13.51,2058587,102463,5.0,0,0,0.0,69,51,79,0.00,3.72,14.65,97.10,2511,5
2026-05-17 14:24:04,3.0,14.30,13.85,13.49,2058587,102461,5.0,0,0,0.0,69,51,79,0.00,3.92,14.52,97.09,2504,7
2026-05-17 14:25:05,3.3,13.78,13.73,13.47,2058587,102458,5.0,0,0,0.0,69,51,79,0.00,3.70,14.71,97.12,2508,9
2026-05-17 14:26:05,3.9,13.06,13.51,13.41,2058587,102481,5.0,0,0,0.0,69,51,79,0.00,4.07,14.49,97.10,2493,7
2026-05-17 14:27:05,3.2,12.54,13.29,13.34,2058587,102443,5.0,0,0,0.0,69,51,79,0.00,3.50,14.46,96.83,2494,7
2026-05-17 14:28:06,3.5,13.27,13.44,13.39,2058587,102468,5.0,0,0,0.0,69,51,79,0.00,3.72,14.49,96.89,2497,5
2026-05-17 14:29:06,3.3,12.14,13.08,13.27,2058587,102445,5.0,0,0,0.0,69,51,79,0.00,3.80,14.42,96.72,2495,7
2026-05-17 14:30:07,4.1,12.73,13.07,13.25,2058587,102456,5.0,0,0,0.0,69,51,79,0.00,3.43,14.61,104.02,2494,5
2026-05-17 14:31:07,3.3,15.52,13.64,13.43,2058587,102456,5.0,0,0,0.0,69,51,79,0.00,4.35,14.69,97.11,2504,4
2026-05-17 14:32:07,3.6,14.27,13.64,13.44,2058587,102495,5.0,0,0,0.0,69,51,79,0.00,4.08,14.47,97.00,2493,6
2026-05-17 14:33:08,9.7,13.27,13.48,13.40,2058587,102479,5.0,0,0,0.0,69,51,79,0.00,3.66,14.61,97.10,2494,8
2026-05-17 14:34:08,3.4,15.59,14.21,13.66,2058587,102474,5.0,0,0,0.0,69,51,79,0.00,3.59,14.64,96.94,2492,7
2026-05-17 14:35:08,3.2,15.74,14.56,13.82,2058587,102475,5.0,0,0,0.0,69,51,79,0.00,3.72,14.58,97.20,2493,6
2026-05-17 14:36:09,3.2,15.98,14.92,13.99,2058587,102460,5.0,0,0,0.0,69,51,79,0.00,3.91,14.72,97.79,2489,8
2026-05-17 14:37:09,3.3,18.63,15.86,14.38,2058587,102459,5.0,0,0,0.0,69,51,79,0.00,3.71,14.50,96.98,2507,5
2026-05-17 14:38:09,3.0,19.67,16.63,14.73,2058587,102477,5.0,0,0,0.0,69,51,79,0.00,3.54,14.59,97.02,2509,8
2026-05-17 14:39:10,3.0,18.63,16.93,14.96,2058587,102462,5.0,0,0,0.0,69,51,79,0.00,3.70,14.60,97.27,2499,6
2026-05-17 14:40:10,3.1,17.65,17.02,15.12,2058587,102486,5.0,0,0,0.0,69,51,79,0.00,3.72,14.56,97.04,2504,5
2026-05-17 14:41:11,3.4,20.75,18.32,15.70,2058587,102452,5.0,0,0,0.0,69,51,79,0.00,4.20,14.43,96.96,2499,6
2026-05-17 14:42:11,3.4,19.94,18.57,15.95,2058587,102496,5.0,0,0,0.0,69,51,79,0.00,4.12,14.57,96.97,2487,6
2026-05-17 14:43:11,9.3,17.84,18.31,16.03,2058587,102485,5.0,0,0,0.0,69,51,79,0.00,3.79,14.63,103.86,2485,6
2026-05-17 14:44:12,3.2,17.81,18.18,16.13,2058587,102476,5.0,0,0,0.0,69,51,79,0.00,3.66,14.47,96.84,2495,6
2026-05-17 14:45:12,3.0,15.66,17.68,16.09,2058587,102475,5.0,0,0,0.0,69,51,79,0.00,4.69,14.58,96.99,2497,4
2026-05-17 14:46:12,3.4,15.40,17.33,16.08,2058587,102479,5.0,0,0,0.0,69,51,79,0.00,4.00,14.59,97.36,2506,6
2026-05-17 14:47:13,3.5,13.31,16.36,15.82,2058587,102468,5.0,0,0,0.0,69,51,79,0.00,3.83,14.45,96.93,2504,25
2026-05-17 14:48:13,12.1,13.13,15.82,15.67,2058587,102489,5.0,0,0,0.0,69,51,79,0.00,3.68,14.84,97.48,2505,24
2026-05-17 14:49:14,3.2,12.02,15.01,15.40,2058587,102469,5.0,0,0,0.0,69,51,79,0.00,3.57,14.78,97.14,2505,8
2026-05-17 14:50:14,3.3,13.02,14.75,15.28,2058587,102466,5.0,0,0,0.0,69,51,79,0.00,3.81,14.93,83.88,2503,5
2026-05-17 14:51:14,3.8,14.61,14.74,15.23,2058587,102413,5.0,0,0,0.0,69,51,79,0.00,4.50,15.86,16.93,2498,5
2026-05-17 14:52:15,3.1,13.66,14.56,15.15,2058587,102402,5.0,0,0,0.0,69,51,79,0.00,4.12,15.70,16.58,2497,28
2026-05-17 14:53:15,3.2,13.77,14.45,15.07,2058587,102421,5.0,0,0,0.0,69,51,79,0.00,3.38,15.70,16.77,2508,6
2026-05-17 14:54:15,3.3,13.32,14.22,14.96,2058587,102425,5.0,0,0,0.0,69,51,79,0.00,3.75,15.95,17.14,2499,5
2026-05-17 14:55:16,3.0,13.80,14.28,14.93,2058587,102506,5.0,0,0,0.0,69,51,79,0.00,3.79,14.81,83.64,2499,6
2026-05-17 14:56:16,3.2,13.32,14.05,14.81,2058587,102502,5.0,0,0,0.0,69,51,79,0.00,3.70,14.69,97.09,2497,6
2026-05-17 14:57:16,13.4,12.30,13.61,14.61,2058587,102519,5.0,0,0,0.0,69,51,79,0.00,3.87,14.59,103.84,2499,6
2026-05-17 14:58:17,3.2,14.17,13.88,14.64,2058587,102503,5.0,0,0,0.0,69,51,79,0.00,3.62,14.78,97.29,2497,6
2026-05-17 14:59:17,3.4,13.43,13.73,14.54,2058587,102481,5.0,0,0,0.0,69,51,79,0.00,3.65,14.65,97.11,2489,7
2026-05-17 15:00:18,3.4,13.37,13.67,14.46,2058587,102508,5.0,0,0,0.0,69,51,79,0.00,3.62,14.25,96.61,2497,7
2026-05-17 15:01:18,3.1,13.28,13.55,14.37,2058587,102501,5.0,0,0,0.0,69,51,79,0.00,4.51,14.44,96.88,2498,6
2026-05-17 15:02:18,9.1,14.91,14.02,14.48,2058587,102520,5.0,0,0,0.0,69,51,79,0.00,3.96,14.58,97.01,2492,23
2026-05-17 15:03:19,2.9,14.01,13.91,14.41,2058587,102498,5.0,0,0,0.0,69,51,79,0.00,3.78,14.13,96.78,2494,6
2026-05-17 15:04:19,2.9,13.30,13.79,14.34,2058587,102492,5.0,0,0,0.0,69,51,79,0.00,3.50,14.20,96.68,2498,7
2026-05-17 15:05:19,3.1,12.29,13.39,14.16,2058587,102445,5.0,0,0,0.0,69,51,79,0.00,3.68,15.63,36.92,2493,12
2026-05-17 15:06:20,3.2,11.88,13.06,14.00,2058587,102404,5.0,0,0,0.0,69,51,79,0.00,4.07,15.27,16.15,2498,7
2026-05-17 15:07:20,3.1,12.25,12.96,13.90,2058587,102508,5.0,0,0,0.0,69,51,79,0.00,3.71,14.47,96.75,2493,5
2026-05-17 15:08:21,3.2,11.79,12.70,13.76,2058587,102480,5.0,0,0,0.0,69,51,79,0.00,3.46,14.61,97.01,2488,7
2026-05-17 15:09:21,3.2,12.70,12.84,13.74,2058587,102519,5.0,0,0,0.0,69,51,79,0.00,3.87,14.47,96.95,2492,4
2026-05-17 15:10:21,3.1,12.32,12.71,13.64,2058587,102519,5.0,0,0,0.0,69,51,79,0.00,3.77,14.36,103.58,2488,3
2026-05-17 15:11:22,3.9,14.01,13.12,13.72,2058587,102503,5.0,0,0,0.0,69,51,79,0.00,4.11,14.45,96.98,2477,7
2026-05-17 15:12:22,3.4,13.36,13.17,13.70,2058587,102538,5.0,0,0,0.0,69,51,79,0.00,3.93,14.51,97.01,2494,6
2026-05-17 15:13:22,3.6,13.76,13.32,13.72,2058587,102538,5.0,0,0,0.0,69,51,79,0.00,3.80,14.61,97.21,2495,7
2026-05-17 15:14:23,3.3,12.53,13.04,13.59,2058587,102527,5.0,0,0,0.0,69,51,79,0.00,3.65,14.68,97.25,2487,7
2026-05-17 15:15:23,3.3,12.64,12.99,13.54,2058587,102510,5.0,0,0,0.0,69,51,79,0.00,3.50,14.43,96.72,2487,8
2026-05-17 15:16:23,11.7,12.57,12.96,13.50,2058587,102500,5.0,0,0,0.0,69,51,79,0.00,3.94,14.74,97.18,2486,27
2026-05-17 15:17:24,3.1,12.38,12.86,13.43,2058587,102504,5.0,0,0,0.0,69,51,79,0.00,3.87,14.39,96.86,2478,6
2026-05-17 15:18:24,3.3,12.16,12.68,13.33,2058587,102509,5.0,0,0,0.0,69,51,79,0.00,3.70,14.41,96.84,2471,12
2026-05-17 15:19:25,3.6,11.71,12.46,13.21,2058587,102487,5.0,0,0,0.0,69,51,79,0.00,3.64,14.65,97.17,2485,5
2026-05-17 15:20:25,2.9,12.80,12.69,13.25,2058587,102529,5.0,0,0,0.0,69,51,79,0.00,3.66,14.65,97.44,2488,5
2026-05-17 15:21:25,3.1,12.32,12.58,13.17,2058587,102525,5.0,0,0,0.0,69,51,79,0.00,4.30,14.53,97.14,2503,7
2026-05-17 15:22:26,4.8,13.10,12.76,13.19,2058587,102513,5.0,0,0,0.0,69,51,79,0.00,3.82,14.62,97.01,2505,6
2026-05-17 15:23:26,3.1,13.36,12.95,13.23,2058587,102518,5.0,0,0,0.0,69,51,79,0.00,3.89,14.45,96.84,2509,8
2026-05-17 15:24:26,10.0,12.86,12.87,13.18,2058587,102553,5.0,0,0,0.0,69,51,79,0.00,3.77,14.26,103.55,2499,8
2026-05-17 15:25:27,3.9,14.30,13.30,13.31,2058587,102530,5.0,0,0,0.0,69,51,79,0.00,3.68,14.54,96.86,2503,5
2026-05-17 15:26:27,3.2,12.62,12.98,13.20,2058587,102527,5.0,0,0,0.0,69,51,79,0.00,3.88,14.49,96.96,2488,7
2026-05-17 15:27:28,3.3,11.72,12.68,13.08,2058587,102536,5.0,0,0,0.0,69,51,79,0.00,3.88,14.68,97.16,2489,6
2026-05-17 15:28:28,3.1,12.38,12.62,13.03,2058587,102509,5.0,0,0,0.0,69,51,79,0.00,3.89,12.56,94.54,2491,9
2026-05-17 15:29:28,6.5,11.69,12.39,12.93,2058587,102464,5.0,0,0,0.0,69,51,79,0.00,3.54,11.79,93.80,2501,4
2026-05-17 15:30:29,7.6,11.96,12.30,12.86,2058587,102498,5.0,0,0,0.0,69,51,79,0.00,3.84,14.51,96.59,2498,5
2026-05-17 15:31:29,4.0,13.91,12.89,13.03,2058587,102515,5.0,0,0,0.0,69,51,79,0.00,4.31,14.63,96.92,2508,5
2026-05-17 15:32:29,2.2,12.71,12.79,12.99,2058587,102502,5.0,0,0,0.0,69,51,79,0.00,4.20,14.61,96.90,2502,3
2026-05-17 15:33:30,3.5,11.70,12.51,12.88,2058587,102497,5.0,0,0,0.0,69,51,79,0.00,3.60,13.22,95.13,2506,9
2026-05-17 15:34:30,3.3,11.74,12.39,12.82,2058587,102523,5.0,0,0,0.0,69,51,79,0.00,3.68,14.59,96.87,2491,5
2026-05-17 15:35:30,2.0,11.38,12.19,12.72,2058587,102494,5.0,0,0,0.0,69,51,79,0.00,3.88,11.06,92.99,2482,9
2026-05-17 15:36:31,3.5,13.41,12.49,12.79,2058587,102497,5.0,0,0,0.0,69,51,79,0.00,4.18,14.57,96.74,2480,6
2026-05-17 15:37:31,3.5,12.10,12.24,12.67,2058587,102499,5.0,0,0,0.0,69,51,79,0.00,3.63,14.54,97.03,2482,9
2026-05-17 15:38:32,2.7,11.85,12.16,12.62,2058587,102511,5.0,0,0,0.0,69,51,79,0.00,3.67,14.44,103.49,2483,6
2026-05-17 15:39:32,1.6,12.46,12.39,12.67,2058587,102527,5.0,0,0,0.0,69,51,79,0.00,3.64,14.49,96.50,2489,5
2026-05-17 15:40:32,1.5,11.63,12.14,12.57,2058587,102486,5.0,0,0,0.0,69,51,79,0.00,3.68,12.19,93.87,2506,2
2026-05-17 15:41:33,1.9,11.30,11.97,12.48,2058587,102490,5.0,0,0,0.0,69,51,79,0.00,4.21,12.76,95.04,2511,2
2026-05-17 15:42:33,7.7,11.52,11.90,12.43,2058587,102489,5.0,0,0,0.0,69,51,79,0.00,3.97,13.46,95.60,2496,21
2026-05-17 15:43:33,2.2,22.20,14.39,13.22,2058587,102520,5.0,0,0,0.0,69,51,79,0.00,3.61,14.24,96.02,2497,3
2026-05-17 15:44:34,3.0,26.67,16.51,13.98,2058587,102519,5.0,0,0,0.0,69,51,79,0.00,3.53,11.11,92.96,2494,8
2026-05-17 15:45:34,1.4,17.97,15.87,13.92,2058587,102480,5.0,0,0,0.0,69,51,79,0.00,3.71,14.24,96.51,2477,4
2026-05-17 15:46:35,2.2,12.72,14.76,13.66,2058587,102502,5.0,0,0,0.0,69,51,79,0.00,3.95,11.44,93.17,2482,3
2026-05-17 15:47:35,1.9,15.78,15.33,13.93,2058587,102486,5.0,0,0,0.0,69,51,79,0.00,3.71,13.03,95.22,2487,4
2026-05-17 15:48:35,3.1,12.62,14.51,13.73,2058587,102480,5.0,0,0,0.0,69,51,79,0.00,3.46,14.11,96.39,2494,7
2026-05-17 15:49:36,2.0,11.82,14.00,13.61,2058587,102465,5.0,0,0,0.0,69,51,79,0.00,3.78,14.58,96.82,2502,4
2026-05-17 15:50:36,3.4,10.66,13.26,13.37,2058587,102499,5.0,0,0,0.0,69,51,79,0.00,3.82,13.10,94.89,2503,16
2026-05-17 15:51:36,4.1,10.20,12.65,13.15,2058587,102495,5.0,0,0,0.0,69,51,79,0.00,4.15,9.93,98.46,2505,17
2026-05-17 15:52:37,2.7,10.43,12.28,13.00,2058587,102516,5.0,0,0,0.0,69,51,79,0.00,3.79,12.60,94.44,2502,5
2026-05-17 15:53:37,2.9,11.45,12.19,12.91,2058587,102510,5.0,0,0,0.0,69,51,79,0.00,3.68,13.54,95.38,2495,2
2026-05-17 15:54:37,2.2,10.83,11.90,12.77,2058587,102527,5.0,0,0,0.0,69,51,79,0.00,3.79,12.75,94.69,2490,3
2026-05-17 15:55:38,3.1,12.38,12.19,12.81,2058587,102503,5.0,0,0,0.0,69,51,79,0.00,3.68,14.63,97.15,2490,6
2026-05-17 15:56:38,3.2,11.78,12.05,12.72,2058587,102512,5.0,0,0,0.0,69,51,79,0.00,3.96,15.30,77.09,2487,22
2026-05-17 15:57:39,8.8,12.96,12.38,12.80,2058587,102461,5.0,0,0,0.0,69,51,79,0.00,3.68,16.01,16.72,2493,6
2026-05-17 15:58:39,3.2,11.53,12.10,12.68,2058587,102440,5.0,0,0,0.0,69,51,79,0.00,3.72,15.59,16.00,2487,5
2026-05-17 15:59:39,1.4,11.54,12.03,12.62,2058587,102420,5.0,0,0,0.0,69,51,79,0.00,3.68,13.85,14.63,2492,2
2026-05-17 16:00:40,2.7,11.50,11.91,12.54,2058587,102416,5.0,0,0,0.0,69,51,79,0.00,3.93,14.24,14.73,2496,6
2026-05-17 16:01:40,1.9,11.94,11.99,12.53,2058587,102508,5.0,0,0,0.0,69,51,79,0.00,4.51,14.87,83.67,2490,8
2026-05-17 16:02:40,1.6,11.49,11.88,12.46,2058587,102503,5.0,0,0,0.0,69,51,79,0.00,3.79,12.05,94.04,2493,2
2026-05-17 16:03:41,3.3,13.52,12.38,12.59,2058587,102538,5.0,0,0,0.0,69,51,79,0.00,3.59,10.31,92.30,2496,5
2026-05-17 16:04:41,3.3,14.07,12.81,12.73,2058587,102510,5.0,0,0,0.0,69,51,79,0.00,3.77,14.80,97.00,2500,5
2026-05-17 16:05:41,2.6,13.91,12.90,12.76,2058587,102499,5.0,0,0,0.0,69,51,79,0.00,3.72,14.35,103.56,2498,4
2026-05-17 16:06:42,3.3,12.75,12.72,12.70,2058587,102542,5.0,0,0,0.0,69,51,79,0.00,4.23,13.48,95.59,2505,5
2026-05-17 16:07:42,3.3,13.18,12.86,12.75,2058587,102516,5.0,0,0,0.0,69,51,79,0.00,3.43,14.34,96.74,2488,5
2026-05-17 16:08:43,3.9,11.49,12.46,12.62,2058587,102517,5.0,0,0,0.0,69,51,79,0.00,3.85,10.45,92.11,2491,5
2026-05-17 16:09:43,3.4,11.54,12.34,12.58,2058587,102516,5.0,0,0,0.0,69,51,79,0.00,3.71,14.54,96.65,2493,5
2026-05-17 16:10:43,1.4,11.72,12.25,12.53,2058587,102527,5.0,0,0,0.0,69,51,79,0.00,3.78,14.16,96.55,2490,2
2026-05-17 16:11:44,1.9,10.62,11.83,12.36,2058587,102470,5.0,0,0,0.0,69,51,79,0.00,3.96,11.20,31.81,2488,9
2026-05-17 16:12:44,2.0,10.64,11.61,12.25,2058587,102435,5.0,0,0,0.0,69,51,79,0.00,3.96,15.86,16.27,2504,4
2026-05-17 16:13:44,2.1,11.98,11.75,12.25,2058587,102536,5.0,0,0,0.0,69,51,79,0.00,3.98,12.48,94.44,2511,25
2026-05-17 16:14:45,3.1,13.07,12.10,12.34,2058587,102520,5.0,0,0,0.0,69,51,79,0.00,3.52,13.72,95.90,2502,6
2026-05-17 16:15:45,3.3,11.73,11.93,12.27,2058587,102511,5.0,0,0,0.0,69,51,79,0.00,3.79,14.11,96.27,2490,6
2026-05-17 16:16:45,2.1,12.10,12.03,12.29,2058587,102546,5.0,0,0,0.0,69,51,79,0.00,3.84,11.07,93.13,2478,8
2026-05-17 16:17:46,2.2,13.54,12.31,12.36,2058587,102498,5.0,0,0,0.0,69,51,79,0.00,3.69,13.82,96.10,2472,6
2026-05-17 16:18:46,1.5,21.34,15.21,13.37,2058587,102500,5.0,0,0,0.0,69,51,79,0.00,3.66,10.25,92.04,2475,9
2026-05-17 16:19:47,2.7,21.08,16.23,13.84,2058587,102518,5.0,0,0,0.0,69,51,79,0.00,3.75,13.82,102.68,2482,8
2026-05-17 16:20:47,1.7,15.68,15.60,13.77,2058587,102477,5.0,0,0,0.0,69,51,79,0.00,3.93,12.10,93.85,2488,4
2026-05-17 16:21:47,2.2,17.05,15.74,13.92,2058587,102505,5.0,0,0,0.0,69,51,79,0.00,4.16,9.72,91.52,2496,6
2026-05-17 16:22:48,2.1,17.71,16.14,14.17,2058587,102519,5.0,0,0,0.0,69,51,79,0.00,3.82,13.38,95.12,2490,6
2026-05-17 16:23:48,9.1,18.18,16.47,14.40,2058587,102516,5.0,0,0,0.0,69,51,79,0.00,3.84,12.95,94.96,2477,23
2026-05-17 16:24:48,1.7,14.86,15.99,14.38,2058587,102510,5.0,0,0,0.0,69,51,79,0.00,3.68,12.96,94.79,2474,5
2026-05-17 16:25:49,3.4,18.08,16.61,14.69,2058587,102544,5.0,0,0,0.0,69,51,79,0.00,3.50,14.47,96.38,2474,11
2026-05-17 16:26:49,1.5,17.95,16.82,14.88,2058587,102487,5.0,0,0,0.0,69,51,79,0.00,3.96,14.33,96.59,2476,3
2026-05-17 16:27:50,3.2,15.54,16.20,14.78,2058587,102518,5.0,0,0,0.0,69,51,79,0.00,3.68,11.58,93.88,2484,11
2026-05-17 16:28:50,3.1,16.65,16.34,14.92,2058587,102500,5.0,0,0,0.0,69,51,79,0.00,3.83,14.25,96.40,2497,9
2026-05-17 16:29:50,3.1,18.39,16.97,15.22,2058587,102478,5.0,0,0,0.0,69,51,79,0.00,3.57,14.67,97.17,2508,6
2026-05-17 16:30:51,2.3,13.36,15.77,14.92,2058587,102510,5.0,0,0,0.0,69,51,79,0.00,3.99,13.53,95.67,2518,4
2026-05-17 16:31:51,3.1,14.45,15.57,14.90,2058587,102536,5.0,0,0,0.0,69,51,79,0.00,4.30,14.77,97.26,2519,11
2026-05-17 16:32:51,13.6,14.08,15.29,14.85,2058587,102541,5.0,0,0,0.0,69,51,79,0.00,3.63,14.29,103.36,2517,7
2026-05-17 16:33:52,2.1,13.64,14.96,14.76,2058587,102562,5.0,0,0,0.0,69,51,79,0.00,3.75,14.30,96.55,2505,3
2026-05-17 16:34:52,1.6,11.40,14.11,14.48,2058587,102514,5.0,0,0,0.0,69,51,79,0.00,3.69,12.35,94.40,2494,6
2026-05-17 16:35:52,2.3,13.62,14.18,14.48,2058587,102499,5.0,0,0,0.0,69,51,79,0.00,3.89,11.56,93.45,2489,3
2026-05-17 16:36:53,2.2,14.85,14.45,14.55,2058587,102510,5.0,0,0,0.0,69,51,79,0.00,3.60,13.83,96.02,2483,24
2026-05-17 16:37:53,3.5,13.74,14.21,14.46,2058587,102536,5.0,0,0,0.0,69,51,79,0.00,3.84,14.65,97.04,2484,9
2026-05-17 16:38:54,10.9,13.68,14.06,14.39,2058587,102521,5.0,0,0,0.0,69,51,79,0.00,3.89,13.67,95.78,2493,5
2026-05-17 16:39:54,2.0,15.64,14.76,14.62,2058587,102512,5.0,0,0,0.0,69,51,79,0.00,3.70,12.97,95.13,2486,4
2026-05-17 16:40:54,3.3,13.18,14.24,14.45,2058587,102544,5.0,0,0,0.0,69,51,79,0.00,3.77,13.34,95.26,2491,4
2026-05-17 16:41:55,2.0,11.98,13.73,14.26,2058587,102520,5.0,0,0,0.0,69,51,79,0.00,4.31,11.77,93.72,2494,5
2026-05-17 16:42:55,2.0,11.39,13.26,14.06,2058587,102540,5.0,0,0,0.0,69,51,79,0.00,3.84,13.13,94.88,2493,4
2026-05-17 16:43:55,10.4,15.95,14.82,14.59,2058587,102529,5.0,0,0,0.0,69,51,79,0.00,3.68,14.54,96.95,2486,4
2026-05-17 16:44:56,3.1,14.04,14.49,14.49,2058587,102512,5.0,0,0,0.0,69,51,79,0.00,3.52,13.51,95.48,2483,7
2026-05-17 16:45:56,3.5,13.25,14.20,14.39,2058587,102524,5.0,0,0,0.0,69,51,79,0.00,3.78,14.77,97.46,2476,9
2026-05-17 16:46:56,10.0,11.54,13.56,14.16,2058587,102520,5.0,0,0,0.0,69,51,79,0.00,3.86,14.17,101.66,2469,4
2026-05-17 16:47:57,1.6,11.23,13.12,13.97,2058587,102522,5.0,0,0,0.0,69,51,79,0.00,3.64,11.03,93.98,2475,3
2026-05-17 16:48:57,2.3,10.31,12.52,13.71,2058587,102526,5.0,0,0,0.0,69,51,79,0.00,3.77,12.51,94.47,2476,5
2026-05-17 16:49:58,3.3,11.54,12.43,13.60,2058587,102493,5.0,0,0,0.0,69,51,79,0.00,3.67,13.00,95.02,2478,5
2026-05-17 16:50:58,2.9,11.56,12.25,13.46,2058587,102512,5.0,0,0,0.0,69,51,79,0.00,4.26,14.25,96.47,2478,5
2026-05-17 16:51:58,3.1,11.27,12.02,13.30,2058587,102519,5.0,0,0,0.0,69,51,79,0.00,3.80,14.49,96.52,2484,5
2026-05-17 16:52:59,1.9,11.08,11.83,13.16,2058587,102535,5.0,0,0,0.0,69,51,79,0.00,3.75,12.64,94.48,2478,8
2026-05-17 16:53:59,3.2,12.23,11.96,13.11,2058587,102520,5.0,0,0,0.0,69,51,79,0.00,3.79,14.72,96.78,2475,12
2026-05-17 16:54:59,2.1,11.05,11.70,12.95,2058587,102514,5.0,0,0,0.0,69,51,79,0.00,3.79,10.52,92.50,2489,13
2026-05-17 16:56:00,3.8,11.19,11.61,12.83,2058587,102534,5.0,0,0,0.0,69,51,79,0.00,3.68,14.31,96.34,2487,10
2026-05-17 16:57:00,7.0,10.87,11.42,12.69,2058587,102541,5.0,0,0,0.0,69,51,79,0.00,3.77,12.91,94.90,2492,4
2026-05-17 16:58:01,3.2,10.85,11.28,12.56,2058587,102554,5.0,0,0,0.0,69,51,79,0.00,3.71,13.32,95.44,2497,9
2026-05-17 16:59:01,3.6,11.36,11.36,12.50,2058587,102519,5.0,0,0,0.0,69,51,79,0.00,3.79,14.71,96.94,2504,6
2026-05-17 17:00:01,2.2,10.74,11.18,12.36,2058587,102514,5.0,0,0,0.0,69,51,79,0.00,3.74,12.28,101.05,2497,7
2026-05-17 17:01:02,3.1,11.10,11.18,12.29,2058587,102515,5.0,0,0,0.0,69,51,79,0.00,4.15,13.30,95.24,2489,7
2026-05-17 17:02:02,1.7,17.70,13.24,12.93,2058587,102507,5.0,0,0,0.0,69,51,79,0.00,4.04,14.26,96.45,2483,4
2026-05-17 17:03:02,1.5,14.04,12.96,12.85,2058587,102494,5.0,0,0,0.0,69,51,79,0.00,3.70,12.04,80.50,2488,7
2026-05-17 17:04:03,1.9,12.36,12.65,12.75,2058587,102440,5.0,0,0,0.0,69,51,79,0.00,3.74,13.20,13.50,2489,2
2026-05-17 17:05:03,8.6,12.03,12.47,12.68,2058587,102438,5.0,0,0,0.0,69,51,79,0.00,3.66,14.06,14.67,2493,15
2026-05-17 17:06:03,5.0,11.70,12.28,12.60,2058587,102428,5.0,0,0,0.0,69,51,79,0.00,3.70,14.99,15.47,2496,3
2026-05-17 17:07:04,3.0,12.13,12.28,12.57,2058587,102427,5.0,0,0,0.0,69,51,79,0.00,3.70,14.94,15.52,2495,7
2026-05-17 17:08:04,3.0,12.01,12.19,12.52,2058587,102556,5.0,0,0,0.0,69,51,79,0.00,3.69,12.50,80.80,2499,6
2026-05-17 17:09:05,1.6,11.86,12.17,12.50,2058587,102536,5.0,0,0,0.0,69,51,79,0.00,3.84,13.32,95.12,2495,3
2026-05-17 17:10:05,3.1,12.30,12.24,12.50,2058587,102533,5.0,0,0,0.0,69,51,79,0.00,3.54,12.91,95.25,2488,7
2026-05-17 17:11:05,2.3,12.55,12.38,12.54,2058587,102510,5.0,0,0,0.0,69,51,79,0.00,4.21,14.58,97.01,2489,3
2026-05-17 17:12:06,1.5,11.45,12.10,12.43,2058587,102537,5.0,0,0,0.0,69,51,79,0.00,4.26,12.37,94.56,2492,4
2026-05-17 17:13:06,1.6,11.45,11.97,12.36,2058587,102556,5.0,0,0,0.0,69,51,79,0.00,3.99,14.18,96.54,2487,4
2026-05-17 17:14:06,2.7,10.50,11.62,12.22,2058587,102538,5.0,0,0,0.0,69,51,79,0.00,3.45,11.91,100.39,2490,5
2026-05-17 17:15:07,2.1,11.21,11.63,12.18,2058587,102521,5.0,0,0,0.0,69,51,79,0.00,3.61,11.31,93.17,2489,4
2026-05-17 17:16:07,2.0,12.22,11.81,12.21,2058587,102553,5.0,0,0,0.0,69,51,79,0.00,3.94,14.65,96.93,2482,4
2026-05-17 17:17:07,1.7,11.79,11.77,12.17,2058587,102524,5.0,0,0,0.0,69,51,79,0.00,3.77,14.16,96.02,2479,7
2026-05-17 17:18:08,1.8,10.56,11.43,12.02,2058587,102483,5.0,0,0,0.0,69,51,79,0.00,3.56,9.50,30.10,2473,23
2026-05-17 17:19:08,3.2,10.99,11.37,11.96,2058587,102471,5.0,0,0,0.0,69,51,79,0.00,3.64,12.90,13.31,2469,6
2026-05-17 17:20:09,6.6,11.10,11.33,11.91,2058587,102532,5.0,0,0,0.0,69,51,79,0.00,3.68,13.67,95.85,2472,8
2026-05-17 17:21:09,2.8,11.15,11.30,11.86,2058587,102532,5.0,0,0,0.0,69,51,79,0.00,3.98,14.75,97.11,2467,3
2026-05-17 17:22:09,1.9,10.41,11.03,11.73,2058587,102543,5.0,0,0,0.0,69,51,79,0.00,4.00,14.44,96.11,2467,4
2026-05-17 17:23:10,2.2,12.50,11.39,11.81,2058587,102536,5.0,0,0,0.0,69,51,79,0.00,3.96,13.44,95.27,2477,4
2026-05-17 17:24:10,3.1,12.09,11.45,11.80,2058587,102575,5.0,0,0,0.0,69,51,79,0.00,3.75,14.63,96.80,2484,5
2026-05-17 17:25:10,2.9,11.94,11.52,11.80,2058587,102534,5.0,0,0,0.0,69,51,79,0.00,3.64,14.17,96.78,2487,6
2026-05-17 17:26:11,2.2,11.38,11.42,11.75,2058587,102518,5.0,0,0,0.0,69,51,79,0.00,4.08,12.54,94.50,2498,8
2026-05-17 17:27:11,2.2,12.89,11.76,11.84,2058587,102526,5.0,0,0,0.0,69,51,79,0.00,3.86,14.59,96.77,2500,5
2026-05-17 17:28:11,2.7,21.40,13.69,12.46,2058587,102531,5.0,0,0,0.0,69,51,79,0.00,3.60,10.40,98.83,2495,4
2026-05-17 17:29:12,2.7,14.91,13.27,12.39,2058587,102529,5.0,0,0,0.0,69,51,79,0.00,3.55,11.69,93.61,2491,5
2026-05-17 17:30:12,1.9,14.45,13.53,12.54,2058587,102508,5.0,0,0,0.0,69,51,79,0.00,3.82,13.31,95.79,2495,3
2026-05-17 17:31:13,2.0,12.40,13.21,12.50,2058587,102551,5.0,0,0,0.0,69,51,79,0.00,4.39,12.95,94.94,2497,4
2026-05-17 17:32:13,3.4,11.48,12.80,12.40,2058587,102499,5.0,0,0,0.0,69,51,79,0.00,4.14,11.56,93.33,2493,20
2026-05-17 17:33:13,11.6,13.25,12.98,12.48,2058587,102558,5.0,0,0,0.0,69,51,79,0.00,3.47,13.80,95.84,2495,20
2026-05-17 17:34:14,2.9,12.36,12.82,12.46,2058587,102536,5.0,0,0,0.0,69,51,79,0.00,3.61,14.55,96.90,2484,5
2026-05-17 17:35:14,2.0,11.24,12.43,12.35,2058587,102554,5.0,0,0,0.0,69,51,79,0.00,3.81,12.77,94.91,2486,9
2026-05-17 17:36:14,4.4,11.52,12.26,12.29,2058587,102521,5.0,0,0,0.0,69,51,79,0.00,3.96,13.08,95.59,2479,9
2026-05-17 17:37:15,3.0,11.79,12.20,12.27,2058587,102547,5.0,0,0,0.0,69,51,79,0.00,3.76,14.23,96.51,2484,6
2026-05-17 17:38:15,3.3,12.77,12.44,12.35,2058587,102538,5.0,0,0,0.0,69,51,79,0.00,3.58,14.29,96.52,2494,8
2026-05-17 17:39:16,2.9,12.00,12.26,12.29,2058587,102545,5.0,0,0,0.0,69,51,79,0.00,3.69,13.39,95.62,2493,6
2026-05-17 17:40:16,1.6,11.51,12.08,12.23,2058587,102584,5.0,0,0,0.0,69,51,79,0.00,3.58,14.02,96.50,2491,7
2026-05-17 17:41:16,9.1,11.51,11.93,12.16,2058587,102562,5.0,0,0,0.0,69,51,79,0.00,4.38,14.59,99.62,2486,8
2026-05-17 17:42:17,3.3,12.83,12.31,12.28,2058587,102588,5.0,0,0,0.0,69,51,79,0.00,4.05,14.49,100.51,2483,7
2026-05-17 17:43:17,4.2,16.90,13.31,12.61,2058587,102572,5.0,0,0,0.0,69,51,79,0.00,3.74,13.76,95.79,2477,7
2026-05-17 17:44:17,1.7,12.88,12.82,12.49,2058587,102562,5.0,0,0,0.0,69,51,79,0.00,3.52,12.93,94.75,2488,6
2026-05-17 17:45:18,3.3,12.33,12.60,12.43,2058587,102567,5.0,0,0,0.0,69,51,79,0.00,3.78,11.93,93.78,2488,7
2026-05-17 17:46:18,1.2,14.16,13.05,12.59,2058587,102544,5.0,0,0,0.0,69,51,79,0.00,3.92,14.45,96.83,2499,2
2026-05-17 17:47:18,1.7,11.98,12.63,12.47,2058587,102540,5.0,0,0,0.0,69,51,79,0.00,3.71,8.51,90.20,2500,6
2026-05-17 17:48:19,2.0,12.47,12.67,12.50,2058587,102550,5.0,0,0,0.0,69,51,79,0.00,3.43,12.14,93.99,2495,3
2026-05-17 17:49:19,3.1,13.00,12.83,12.56,2058587,102552,5.0,0,0,0.0,69,51,79,0.00,3.60,12.84,94.93,2494,6
2026-05-17 17:50:20,3.1,13.42,12.87,12.59,2058587,102559,5.0,0,0,0.0,69,51,79,0.00,4.09,14.54,96.69,2494,5
2026-05-17 17:51:20,3.1,12.29,12.65,12.53,2058587,102541,5.0,0,0,0.0,69,51,79,0.00,3.96,13.38,95.39,2487,9
2026-05-17 17:52:20,3.2,14.34,13.42,12.81,2058587,102564,5.0,0,0,0.0,69,51,79,0.00,4.05,14.76,97.39,2496,4
2026-05-17 17:53:21,3.5,14.89,13.63,12.92,2058587,102623,5.0,0,0,0.0,69,51,79,0.00,3.84,13.59,95.78,2497,5
2026-05-17 17:54:21,2.1,12.60,13.24,12.83,2058587,102555,5.0,0,0,0.0,69,51,79,0.00,3.74,13.75,95.98,2495,4
2026-05-17 17:55:21,10.2,11.72,12.89,12.74,2058587,102549,5.0,0,0,0.0,69,51,79,0.00,3.66,13.37,102.14,2493,1
2026-05-17 17:56:22,2.1,11.02,12.50,12.62,2058587,102564,5.0,0,0,0.0,69,51,79,0.00,3.97,8.98,90.58,2499,7
2026-05-17 17:57:22,3.3,10.75,12.15,12.49,2058587,102559,5.0,0,0,0.0,69,51,79,0.00,3.67,13.64,95.36,2500,23
2026-05-17 17:58:22,2.0,10.91,11.92,12.38,2058587,102561,5.0,0,0,0.0,69,51,79,0.00,3.61,12.67,94.35,2504,4
2026-05-17 17:59:23,5.5,10.53,11.60,12.24,2058587,102582,5.0,0,0,0.0,69,51,79,0.00,3.80,9.45,91.13,2500,4
2026-05-17 18:00:23,11.3,11.25,11.60,12.20,2058587,102565,5.0,0,0,0.0,69,51,79,0.00,3.82,14.66,97.12,2502,20
2026-05-17 18:01:24,9.0,11.55,11.66,12.18,2058587,102554,5.0,0,0,0.0,69,51,79,0.00,4.34,14.85,97.05,2497,7
2026-05-17 18:02:24,3.1,11.26,11.57,12.12,2058587,102574,5.0,0,0,0.0,69,51,79,0.00,3.89,13.22,95.41,2496,9
2026-05-17 18:03:24,3.3,13.31,11.97,12.21,2058587,102553,5.0,0,0,0.0,69,51,79,0.00,3.69,12.29,94.37,2500,6
2026-05-17 18:04:25,4.0,13.68,12.24,12.28,2058587,102561,5.0,0,0,0.0,69,51,79,0.00,3.77,13.99,96.01,2500,6
2026-05-17 18:05:25,3.2,17.80,13.61,12.75,2058587,102558,5.0,0,0,0.0,69,51,79,0.00,3.73,14.47,96.62,2507,10
2026-05-17 18:06:25,1.8,16.64,13.97,12.92,2058587,102540,5.0,0,0,0.0,69,51,79,0.00,3.72,13.46,95.49,2502,1
2026-05-17 18:07:26,1.8,15.96,14.08,13.01,2058587,102550,5.0,0,0,0.0,69,51,79,0.00,3.71,11.04,92.71,2500,2
2026-05-17 18:08:26,2.1,16.43,14.67,13.29,2058587,102578,5.0,0,0,0.0,69,51,79,0.00,3.72,13.61,95.48,2499,5
2026-05-17 18:09:27,1.9,15.53,14.83,13.43,2058587,102548,5.0,0,0,0.0,69,51,79,0.00,3.55,14.48,89.75,2495,8
2026-05-17 18:10:27,3.4,17.02,15.33,13.69,2058587,102488,5.0,0,0,0.0,69,51,79,0.00,3.71,15.04,15.64,2495,6
2026-05-17 18:11:27,1.9,15.89,15.42,13.83,2058587,102453,5.0,0,0,0.0,69,51,79,0.00,4.38,14.53,15.07,2501,6
2026-05-17 18:12:28,3.2,15.09,15.12,13.82,2058587,102458,5.0,0,0,0.0,69,51,79,0.00,3.96,14.26,14.72,2507,4
2026-05-17 18:13:28,6.4,15.70,15.50,14.04,2058587,102457,5.0,0,0,0.0,69,51,79,0.00,3.74,14.41,15.12,2507,25
2026-05-17 18:14:28,2.2,15.46,15.47,14.12,2058587,102572,5.0,0,0,0.0,69,51,79,0.00,3.64,15.05,83.39,2509,6
2026-05-17 18:15:29,2.2,13.92,15.03,14.06,2058587,102561,5.0,0,0,0.0,69,51,79,0.00,3.89,13.06,94.91,2497,3
2026-05-17 18:16:29,3.1,14.93,15.15,14.16,2058587,102547,5.0,0,0,0.0,69,51,79,0.00,4.14,14.75,97.03,2491,5
2026-05-17 18:17:29,3.8,13.43,14.74,14.09,2058587,102584,5.0,0,0,0.0,69,51,79,0.00,4.44,14.56,97.07,2489,21
2026-05-17 18:18:30,3.4,13.61,14.53,14.06,2058587,102568,5.0,0,0,0.0,69,51,79,0.00,3.84,14.54,96.74,2495,6
2026-05-17 18:19:30,2.3,12.61,14.07,13.92,2058587,102567,5.0,0,0,0.0,69,51,79,0.00,3.71,12.56,94.47,2492,7
2026-05-17 18:20:31,3.5,14.16,14.20,13.98,2058587,102586,5.0,0,0,0.0,69,51,79,0.00,3.71,14.04,96.30,2503,8
2026-05-17 18:21:31,3.3,14.21,14.23,14.00,2058587,102585,5.0,0,0,0.0,69,51,79,0.00,4.19,14.34,96.86,2504,22
2026-05-17 18:22:31,2.7,12.97,13.91,13.90,2058587,102561,5.0,0,0,0.0,69,51,79,0.00,3.92,14.86,103.84,2499,3
2026-05-17 18:23:32,2.1,11.22,13.24,13.67,2058587,102572,5.0,0,0,0.0,69,51,79,0.00,4.05,12.32,94.04,2495,8
2026-05-17 18:24:32,2.2,12.30,13.27,13.66,2058587,102532,5.0,0,0,0.0,69,51,79,0.00,3.43,15.75,36.92,2496,2
2026-05-17 18:25:32,3.5,12.35,13.09,13.57,2058587,102480,5.0,0,0,0.0,69,51,79,0.00,3.83,14.00,14.60,2495,9
2026-05-17 18:26:33,1.6,11.05,12.56,13.36,2058587,102570,5.0,0,0,0.0,69,51,79,0.00,4.07,11.49,93.19,2499,1
2026-05-17 18:27:33,2.4,11.59,12.42,13.25,2058587,102574,5.0,0,0,0.0,69,51,79,0.00,3.39,10.53,92.21,2499,6
2026-05-17 18:28:34,9.8,11.10,12.11,13.10,2058587,102580,5.0,0,0,0.0,69,51,79,0.00,3.72,12.15,94.02,2504,5
2026-05-17 18:29:34,2.7,11.59,12.08,13.02,2058587,102593,5.0,0,0,0.0,69,51,79,0.00,3.70,13.74,95.52,2516,3
2026-05-17 18:30:34,3.4,11.83,12.00,12.92,2058587,102569,5.0,0,0,0.0,69,51,79,0.00,3.85,14.86,97.04,2519,19
2026-05-17 18:31:35,3.1,11.80,11.98,12.86,2058587,102560,5.0,0,0,0.0,69,51,79,0.00,4.08,13.16,95.19,2516,18
2026-05-17 18:32:35,1.4,10.92,11.75,12.73,2058587,102563,5.0,0,0,0.0,69,51,79,0.00,3.96,10.75,92.66,2515,1
2026-05-17 18:33:35,1.6,10.79,11.56,12.60,2058587,102548,5.0,0,0,0.0,69,51,79,0.00,3.70,13.82,96.00,2511,1
2026-05-17 18:34:36,2.9,12.08,11.70,12.58,2058587,102549,5.0,0,0,0.0,69,51,79,0.00,3.74,12.14,94.16,2508,8
2026-05-17 18:35:36,1.9,11.46,11.61,12.49,2058587,102552,5.0,0,0,0.0,69,51,79,0.00,3.54,12.67,94.62,2507,4
2026-05-17 18:36:37,3.0,11.26,11.53,12.41,2058587,102565,5.0,0,0,0.0,69,51,79,0.00,4.07,14.12,102.86,2509,9
2026-05-17 18:37:37,3.5,11.72,11.62,12.38,2058587,102573,5.0,0,0,0.0,69,51,79,0.00,3.59,14.52,96.91,2513,7
2026-05-17 18:38:37,3.9,11.57,11.62,12.33,2058587,102582,5.0,0,0,0.0,69,51,79,0.00,3.72,13.09,95.30,2511,4
2026-05-17 18:39:38,2.0,11.26,11.53,12.25,2058587,102568,5.0,0,0,0.0,69,51,79,0.00,3.55,13.73,95.99,2518,3
2026-05-17 18:40:38,3.2,11.27,11.48,12.19,2058587,102576,5.0,0,0,0.0,69,51,79,0.00,4.03,11.59,93.51,2509,5
2026-05-17 18:41:38,3.0,17.58,13.97,13.04,2058587,102564,5.0,0,0,0.0,69,51,79,0.00,4.23,14.06,96.10,2506,5
2026-05-17 18:42:39,8.8,14.98,13.73,13.01,2058587,102612,5.0,0,0,0.0,69,51,79,0.00,3.79,13.98,95.96,2507,9
2026-05-17 18:43:39,2.2,13.80,13.58,13.00,2058587,102584,5.0,0,0,0.0,69,51,79,0.00,3.74,14.39,96.57,2506,3
2026-05-17 18:44:39,2.1,12.42,13.23,12.91,2058587,102579,5.0,0,0,0.0,69,51,79,0.00,3.76,13.33,95.25,2496,4
2026-05-17 18:45:40,2.9,11.47,12.79,12.78,2058587,102567,5.0,0,0,0.0,69,51,79,0.00,3.85,12.10,93.89,2495,6
2026-05-17 18:46:40,1.9,10.90,12.37,12.64,2058587,102552,5.0,0,0,0.0,69,51,79,0.00,3.87,11.61,93.62,2502,2
2026-05-17 18:47:41,3.2,12.56,12.57,12.69,2058587,102567,5.0,0,0,0.0,69,51,79,0.00,3.64,13.68,95.71,2503,5
2026-05-17 18:48:41,2.3,11.73,12.34,12.60,2058587,102551,5.0,0,0,0.0,69,51,79,0.00,3.88,13.53,96.00,2507,4
2026-05-17 18:49:41,3.1,10.54,11.88,12.42,2058587,102599,5.0,0,0,0.0,69,51,79,0.00,3.76,11.22,99.71,2508,5
2026-05-17 18:50:42,1.5,10.52,11.65,12.31,2058587,102592,5.0,0,0,0.0,69,51,79,0.00,3.90,12.01,93.99,2510,2
2026-05-17 18:51:42,3.6,10.95,11.54,12.23,2058587,102597,5.0,0,0,0.0,69,51,79,0.00,4.02,14.19,96.33,2500,10
2026-05-17 18:52:42,4.2,11.63,11.60,12.20,2058587,102615,5.0,0,0,0.0,69,51,79,0.00,4.04,12.94,95.14,2501,7
2026-05-17 18:53:43,1.8,11.65,11.65,12.18,2058587,102551,5.0,0,0,0.0,69,51,79,0.00,3.65,13.76,96.03,2492,6
2026-05-17 18:54:43,3.5,11.16,11.49,12.09,2058587,102562,5.0,0,0,0.0,69,51,79,0.00,3.46,12.58,94.69,2495,6
2026-05-17 18:55:44,2.0,13.97,12.48,12.41,2058587,102558,5.0,0,0,0.0,69,51,79,0.00,3.61,14.49,96.81,2492,5
2026-05-17 18:56:44,2.3,12.19,12.22,12.32,2058587,102570,5.0,0,0,0.0,69,51,79,0.00,3.99,14.14,96.14,2497,5
2026-05-17 18:57:44,1.6,11.07,11.87,12.19,2058587,102583,5.0,0,0,0.0,69,51,79,0.00,3.61,12.84,94.59,2504,5
2026-05-17 18:58:45,3.1,11.14,11.71,12.11,2058587,102593,5.0,0,0,0.0,69,51,79,0.00,3.70,14.10,96.25,2502,5
2026-05-17 18:59:45,4.0,11.38,11.67,12.07,2058587,102578,5.0,0,0,0.0,69,51,79,0.00,3.79,13.93,96.27,2501,9
2026-05-17 19:00:45,3.1,12.09,11.89,12.12,2058587,102574,5.0,0,0,0.0,69,51,79,0.00,3.87,14.07,96.35,2506,4
2026-05-17 19:01:46,3.1,11.78,11.83,12.09,2058587,102566,5.0,0,0,0.0,69,51,79,0.00,4.25,14.64,96.89,2501,5
2026-05-17 19:02:46,3.2,11.77,11.78,12.05,2058587,102568,5.0,0,0,0.0,69,51,79,0.00,3.85,12.97,94.94,2498,7
2026-05-17 19:03:47,10.2,11.74,11.75,12.02,2058587,102618,5.0,0,0,0.0,69,51,79,0.00,3.68,14.12,101.24,2495,4
2026-05-17 19:04:47,4.4,11.11,11.58,11.94,2058587,102582,5.0,0,0,0.0,69,51,79,0.00,3.64,14.36,98.64,2490,8
2026-05-17 19:05:47,2.0,11.60,11.66,11.95,2058587,102596,5.0,0,0,0.0,69,51,79,0.00,3.46,14.83,96.98,2494,5
2026-05-17 19:06:48,1.8,10.37,11.29,11.80,2058587,102587,5.0,0,0,0.0,69,51,79,0.00,4.09,11.72,93.45,2492,3
2026-05-17 19:07:48,3.2,10.99,11.30,11.77,2058587,102590,5.0,0,0,0.0,69,51,79,0.00,3.75,14.70,97.08,2490,11
2026-05-17 19:08:48,2.0,11.41,11.38,11.77,2058587,102575,5.0,0,0,0.0,69,51,79,0.00,3.62,13.92,96.01,2495,3
2026-05-17 19:09:49,2.4,10.38,11.10,11.65,2058587,102581,5.0,0,0,0.0,69,51,79,0.00,3.53,10.56,92.29,2501,4
2026-05-17 19:10:49,1.4,12.36,11.55,11.77,2058587,102557,5.0,0,0,0.0,69,51,79,0.00,3.85,14.01,96.00,2493,5
2026-05-17 19:11:49,3.0,22.92,14.71,12.84,2058587,102570,5.0,0,0,0.0,69,51,79,0.00,4.64,14.26,96.10,2497,7
2026-05-17 19:12:50,2.2,20.35,15.77,13.33,2058587,102578,5.0,0,0,0.0,69,51,79,0.00,3.63,14.10,96.51,2494,4
2026-05-17 19:13:50,3.2,14.96,15.06,13.24,2058587,102604,5.0,0,0,0.0,69,51,79,0.00,3.82,13.73,95.83,2499,8
2026-05-17 19:14:51,3.4,13.16,14.51,13.16,2058587,102568,5.0,0,0,0.0,69,51,79,0.00,3.77,14.53,96.71,2500,7
2026-05-17 19:15:51,3.1,11.69,13.85,13.02,2058587,102620,5.0,0,0,0.0,69,51,79,0.00,3.99,13.77,89.03,2509,12
2026-05-17 19:16:51,1.8,12.11,13.61,12.99,2058587,102516,5.0,0,0,0.0,69,51,79,0.00,4.40,15.62,16.18,2509,4
2026-05-17 19:17:52,3.2,10.86,12.92,12.79,2058587,102483,5.0,0,0,0.0,69,51,79,0.00,3.75,15.69,15.88,2517,7
2026-05-17 19:18:52,2.9,12.24,12.96,12.81,2058587,102510,5.0,0,0,0.0,69,51,79,0.00,3.76,14.85,15.68,2514,4
2026-05-17 19:19:52,3.3,13.02,13.15,12.90,2058587,102550,5.0,0,0,0.0,69,51,79,0.00,3.76,15.82,16.55,2516,8
2026-05-17 19:20:53,3.3,11.90,12.79,12.79,2058587,102622,5.0,0,0,0.0,69,51,79,0.00,3.82,14.50,83.22,2505,5
2026-05-17 19:21:53,3.4,14.68,13.31,12.96,2058587,102595,5.0,0,0,0.0,69,51,79,0.00,4.41,14.00,96.34,2517,8
2026-05-17 19:22:54,11.0,13.38,13.21,12.95,2058587,102602,5.0,0,0,0.0,69,51,79,0.00,4.16,14.62,97.02,2516,5
2026-05-17 19:23:54,3.3,12.48,12.97,12.88,2058587,102602,5.0,0,0,0.0,69,51,79,0.00,3.80,14.25,96.58,2504,6
2026-05-17 19:24:54,2.0,11.09,12.48,12.72,2058587,102575,5.0,0,0,0.0,69,51,79,0.00,3.63,13.14,95.12,2514,4
2026-05-17 19:25:55,3.2,15.77,13.64,13.11,2058587,102567,5.0,0,0,0.0,69,51,79,0.00,3.78,14.66,96.95,2502,8
2026-05-17 19:26:55,3.1,13.07,13.24,13.00,2058587,102592,5.0,0,0,0.0,69,51,79,0.00,3.95,14.31,96.56,2489,7
2026-05-17 19:27:55,2.2,11.45,12.76,12.85,2058587,102594,5.0,0,0,0.0,69,51,79,0.00,3.57,11.65,93.49,2495,6
2026-05-17 19:28:56,2.1,10.48,12.25,12.67,2058587,102587,5.0,0,0,0.0,69,51,79,0.00,3.90,11.44,93.14,2498,4
2026-05-17 19:29:56,3.1,11.65,12.22,12.63,2058587,102595,5.0,0,0,0.0,69,51,79,0.00,3.88,14.47,96.79,2490,8
2026-05-17 19:30:56,1.5,11.32,12.02,12.53,2058587,102517,5.0,0,0,0.0,69,51,79,0.00,4.02,13.67,41.30,2503,2
2026-05-17 19:31:57,1.7,10.88,11.77,12.41,2058587,102503,5.0,0,0,0.0,69,51,79,0.00,4.21,12.93,13.20,2504,15
2026-05-17 19:32:57,1.6,12.24,12.10,12.49,2058587,102598,5.0,0,0,0.0,69,51,79,0.00,3.88,14.36,96.49,2499,6
2026-05-17 19:33:58,1.4,11.15,11.79,12.35,2058587,102567,5.0,0,0,0.0,69,51,79,0.00,3.88,12.09,94.09,2502,5
2026-05-17 19:34:58,1.9,12.04,11.87,12.34,2058587,102584,5.0,0,0,0.0,69,51,79,0.00,3.53,12.84,94.94,2503,3
2026-05-17 19:35:58,1.4,12.92,12.28,12.46,2058587,102569,5.0,0,0,0.0,69,51,79,0.00,3.82,13.09,95.13,2492,5
2026-05-17 19:36:59,3.3,13.41,12.42,12.49,2058587,102604,5.0,0,0,0.0,69,51,79,0.00,3.79,12.58,95.00,2487,6
2026-05-17 19:37:59,3.2,12.82,12.42,12.49,2058587,102579,5.0,0,0,0.0,69,51,79,0.00,3.82,14.62,96.94,2483,5
2026-05-17 19:38:59,3.1,12.54,12.44,12.49,2058587,102583,5.0,0,0,0.0,69,51,79,0.00,3.65,13.71,95.94,2488,5
2026-05-17 19:40:00,3.2,13.28,12.50,12.50,2058587,102618,5.0,0,0,0.0,69,51,79,0.00,3.71,11.85,94.55,2488,5
2026-05-17 19:41:00,2.0,11.85,12.25,12.41,2058587,102598,5.0,0,0,0.0,69,51,79,0.00,4.07,12.47,94.47,2495,4
2026-05-17 19:42:00,1.9,12.95,12.42,12.45,2058587,102579,5.0,0,0,0.0,69,51,79,0.00,4.08,14.24,96.49,2506,5
2026-05-17 19:43:01,3.1,12.11,12.32,12.42,2058587,102620,5.0,0,0,0.0,69,51,79,0.00,3.82,13.17,95.30,2518,5
2026-05-17 19:44:01,4.0,11.60,12.14,12.35,2058587,102594,5.0,0,0,0.0,69,51,79,0.00,3.75,14.58,97.03,2515,4
2026-05-17 19:45:02,3.2,10.80,11.85,12.24,2058587,102602,5.0,0,0,0.0,69,51,79,0.00,3.86,13.14,102.10,2503,7
2026-05-17 19:46:02,1.7,12.78,12.15,12.31,2058587,102607,5.0,0,0,0.0,69,51,79,0.00,3.72,14.21,96.66,2509,3
2026-05-17 19:47:02,3.4,11.70,11.93,12.22,2058587,102628,5.0,0,0,0.0,69,51,79,0.00,3.87,13.73,95.83,2499,9
2026-05-17 19:48:03,2.0,12.70,12.20,12.30,2058587,102607,5.0,0,0,0.0,69,51,79,0.00,3.75,14.58,96.79,2487,17
2026-05-17 19:49:03,3.4,14.58,12.76,12.48,2058587,102583,5.0,0,0,0.0,69,51,79,0.00,3.82,11.84,93.71,2496,12
2026-05-17 19:50:03,1.5,16.32,13.72,12.83,2058587,102609,5.0,0,0,0.0,69,51,79,0.00,3.50,14.54,96.90,2498,4
2026-05-17 19:51:04,3.1,15.44,13.89,12.94,2058587,102585,5.0,0,0,0.0,69,51,79,0.00,4.13,11.15,92.93,2492,7
2026-05-17 19:52:04,1.6,16.27,14.43,13.19,2058587,102602,5.0,0,0,0.0,69,51,79,0.00,3.91,14.48,96.83,2493,4
2026-05-17 19:53:05,1.5,16.06,14.86,13.43,2058587,102628,5.0,0,0,0.0,69,51,79,0.00,3.96,12.43,94.57,2502,4
2026-05-17 19:54:05,1.8,20.91,16.50,14.08,2058587,102611,5.0,0,0,0.0,69,51,79,0.00,3.52,12.59,94.56,2497,5
2026-05-17 19:55:05,2.2,19.74,16.98,14.40,2058587,102611,5.0,0,0,0.0,69,51,79,0.00,3.79,13.60,96.16,2502,7
2026-05-17 19:56:06,2.7,18.27,17.04,14.58,2058587,102611,5.0,0,0,0.0,69,51,79,0.00,3.84,13.57,95.69,2499,7
2026-05-17 19:57:06,1.6,17.88,17.41,14.88,2058587,102591,5.0,0,0,0.0,69,51,79,0.00,3.82,13.49,95.71,2499,3
2026-05-17 19:58:06,7.6,13.52,16.23,14.63,2058587,102647,5.0,0,0,0.0,69,51,79,0.00,3.65,10.45,98.81,2497,3
2026-05-17 19:59:07,3.2,19.09,17.32,15.10,2058587,102636,5.0,0,0,0.0,69,51,79,0.00,3.71,14.10,96.55,2495,6
2026-05-17 20:00:07,3.5,15.73,16.61,14.99,2058587,102603,5.0,0,0,0.0,69,51,79,0.00,3.81,13.74,95.79,2497,7
2026-05-17 20:01:07,2.5,15.06,16.28,14.98,2058587,102591,5.0,0,0,0.0,69,51,79,0.00,3.92,14.40,96.71,2493,6
2026-05-17 20:02:08,3.3,12.26,15.20,14.69,2058587,102605,5.0,0,0,0.0,69,51,79,0.00,4.26,11.45,93.28,2500,8
2026-05-17 20:03:08,10.2,11.05,14.38,14.44,2058587,102603,5.0,0,0,0.0,69,51,79,0.00,3.95,11.53,93.59,2509,23
2026-05-17 20:04:09,9.1,10.73,13.70,14.20,2058587,102577,5.0,0,0,0.0,69,51,79,0.00,3.84,13.31,95.36,2502,20
2026-05-17 20:05:09,9.2,13.61,13.91,14.24,2058587,102580,5.0,0,0,0.0,69,51,79,0.00,3.59,13.18,95.46,2505,5
2026-05-17 20:06:09,3.3,14.97,14.20,14.31,2058587,102587,5.0,0,0,0.0,69,51,79,0.00,3.93,14.22,96.61,2512,6
2026-05-17 20:07:10,1.9,16.00,14.81,14.52,2058587,102590,5.0,0,0,0.0,69,51,79,0.00,3.91,13.61,95.98,2498,4
2026-05-17 20:08:10,3.3,12.91,14.12,14.30,2058587,102621,5.0,0,0,0.0,69,51,79,0.00,3.56,14.12,96.35,2486,20
2026-05-17 20:09:10,2.2,11.53,13.49,14.07,2058587,102597,5.0,0,0,0.0,69,51,79,0.00,3.82,10.64,92.46,2496,6
2026-05-17 20:10:11,2.2,11.38,13.12,13.91,2058587,102629,5.0,0,0,0.0,69,51,79,0.00,3.84,14.28,96.48,2498,3
2026-05-17 20:11:11,2.2,10.63,12.61,13.68,2058587,102623,5.0,0,0,0.0,69,51,79,0.00,4.21,9.41,90.99,2496,4
2026-05-17 20:12:12,2.5,11.07,12.44,13.56,2058587,102645,5.0,0,0,0.0,69,51,79,0.00,3.95,13.20,102.04,2500,7
2026-05-17 20:13:12,1.8,12.05,12.51,13.51,2058587,102614,5.0,0,0,0.0,69,51,79,0.00,3.75,14.09,96.51,2511,3
2026-05-17 20:14:12,2.0,12.81,12.74,13.54,2058587,102655,5.0,0,0,0.0,69,51,79,0.00,3.76,13.20,95.15,2502,8
2026-05-17 20:15:13,3.6,12.36,12.62,13.44,2058587,102613,5.0,0,0,0.0,69,51,79,0.00,3.92,14.43,97.03,2503,8
2026-05-17 20:16:13,2.1,13.90,12.99,13.52,2058587,102614,5.0,0,0,0.0,69,51,79,0.00,3.71,14.56,96.78,2507,24
2026-05-17 20:17:13,3.1,12.87,12.96,13.48,2058587,102602,5.0,0,0,0.0,69,51,79,0.00,3.79,14.44,96.72,2508,5
2026-05-17 20:18:14,1.6,12.19,12.75,13.38,2058587,102599,5.0,0,0,0.0,69,51,79,0.00,3.88,14.83,97.27,2497,5
2026-05-17 20:19:14,1.9,12.68,12.64,13.29,2058587,102603,5.0,0,0,0.0,69,51,79,0.00,3.75,9.95,91.68,2500,8
2026-05-17 20:20:14,3.6,11.52,12.29,13.12,2058587,102614,5.0,0,0,0.0,69,51,79,0.00,3.73,14.34,96.52,2507,9
2026-05-17 20:21:15,3.4,11.85,12.21,13.04,2058587,102610,5.0,0,0,0.0,69,51,79,0.00,4.37,13.85,96.07,2498,6
2026-05-17 20:22:15,3.3,13.17,12.56,13.10,2058587,102578,5.0,0,0,0.0,69,51,79,0.00,3.95,13.70,82.17,2511,5
2026-05-17 20:23:16,1.9,11.79,12.26,12.97,2058587,102532,5.0,0,0,0.0,69,51,79,0.00,3.61,13.22,13.65,2521,7
2026-05-17 20:24:16,1.7,11.50,12.09,12.86,2058587,102520,5.0,0,0,0.0,69,51,79,0.00,3.82,15.42,16.13,2511,2
2026-05-17 20:25:16,1.8,11.63,12.05,12.80,2058587,102511,5.0,0,0,0.0,69,51,79,0.00,3.76,15.61,16.48,2503,5
2026-05-17 20:26:17,3.2,11.72,11.99,12.74,2058587,102511,5.0,0,0,0.0,69,51,79,0.00,3.89,15.32,16.07,2504,5
2026-05-17 20:27:17,2.3,13.76,12.48,12.85,2058587,102605,5.0,0,0,0.0,69,51,79,0.00,3.89,15.35,84.08,2495,6
2026-05-17 20:28:17,1.4,11.59,12.06,12.68,2058587,102597,5.0,0,0,0.0,69,51,79,0.00,3.82,11.46,93.13,2503,4
2026-05-17 20:29:18,1.9,11.14,11.84,12.56,2058587,102597,5.0,0,0,0.0,69,51,79,0.00,3.70,13.01,95.00,2501,3
2026-05-17 20:30:18,2.0,10.84,11.65,12.45,2058587,102598,5.0,0,0,0.0,69,51,79,0.00,3.78,13.73,95.91,2499,2
2026-05-17 20:31:19,3.2,11.41,11.68,12.41,2058587,102607,5.0,0,0,0.0,69,51,79,0.00,3.94,14.35,96.71,2492,16
2026-05-17 20:32:19,1.7,18.18,12.98,12.78,2058587,102611,5.0,0,0,0.0,69,51,79,0.00,4.13,13.72,95.57,2490,3
2026-05-17 20:33:19,2.2,14.40,12.83,12.74,2058587,102595,5.0,0,0,0.0,69,51,79,0.00,3.77,13.81,95.94,2485,3
2026-05-17 20:34:20,3.0,12.64,12.62,12.67,2058587,102574,5.0,0,0,0.0,69,51,79,0.00,3.73,14.52,96.83,2489,8
2026-05-17 20:35:20,1.9,10.96,12.15,12.51,2058587,102595,5.0,0,0,0.0,69,51,79,0.00,3.71,8.90,90.62,2495,3
2026-05-17 20:36:20,3.3,11.56,12.07,12.45,2058587,102612,5.0,0,0,0.0,69,51,79,0.00,3.97,14.86,97.14,2502,7
2026-05-17 20:37:21,3.5,12.56,12.28,12.50,2058587,102591,5.0,0,0,0.0,69,51,79,0.00,3.74,14.84,42.79,2505,21
2026-05-17 20:38:21,1.6,12.24,12.28,12.49,2058587,102523,5.0,0,0,0.0,69,51,79,0.00,3.54,15.71,16.42,2501,5
2026-05-17 20:39:21,2.8,11.03,11.93,12.36,2058587,102642,5.0,0,0,0.0,69,51,79,0.00,4.64,8.65,90.27,2506,1
2026-05-17 20:40:22,1.6,10.50,11.65,12.23,2058587,102627,5.0,0,0,0.0,69,51,79,0.00,3.71,11.75,91.44,2510,3
2026-05-17 20:41:22,3.6,10.14,11.33,12.08,2058587,102635,5.0,0,0,0.0,69,51,79,0.00,4.30,9.68,93.42,2511,23
2026-05-17 20:42:23,3.9,12.21,11.74,12.18,2058587,102622,5.0,0,0,0.0,69,51,79,0.00,3.93,14.88,97.18,2500,6
2026-05-17 20:43:23,2.1,11.48,11.59,12.10,2058587,102622,5.0,0,0,0.0,69,51,79,0.00,3.83,13.46,95.17,2501,6
2026-05-17 20:44:23,3.4,13.33,12.08,12.23,2058587,102623,5.0,0,0,0.0,69,51,79,0.00,3.86,14.71,96.96,2491,7
2026-05-17 20:45:24,9.6,12.92,12.17,12.25,2058587,102608,5.0,0,0,0.0,69,51,79,0.00,3.78,14.55,96.67,2480,20
2026-05-17 20:46:24,1.6,12.44,12.21,12.26,2058587,102607,5.0,0,0,0.0,69,51,79,0.00,3.80,13.64,95.82,2492,3
2026-05-17 20:47:24,3.7,11.19,11.89,12.14,2058587,102596,5.0,0,0,0.0,69,51,79,0.00,3.75,11.99,93.89,2494,8
2026-05-17 20:48:25,1.7,11.14,11.74,12.08,2058587,102609,5.0,0,0,0.0,69,51,79,0.00,3.79,10.23,92.01,2495,7
2026-05-17 20:49:25,3.2,13.05,12.08,12.17,2058587,102649,5.0,0,0,0.0,69,51,79,0.00,3.63,12.34,94.33,2495,8
2026-05-17 20:50:25,10.5,11.50,11.85,12.08,2058587,102611,5.0,0,0,0.0,69,51,79,0.00,3.78,14.85,97.24,2494,6
2026-05-17 20:51:26,1.9,12.26,11.96,12.10,2058587,102589,5.0,0,0,0.0,69,51,79,0.00,4.36,14.43,96.65,2484,3
2026-05-17 20:52:26,2.0,11.26,11.73,12.01,2058587,102608,5.0,0,0,0.0,69,51,79,0.00,4.05,12.16,94.08,2491,4
2026-05-17 20:53:27,2.6,11.89,11.93,12.07,2058587,102610,5.0,0,0,0.0,69,51,79,0.00,3.60,13.20,99.95,2492,3
2026-05-17 20:54:27,3.2,11.41,11.75,11.99,2058587,102645,5.0,0,0,0.0,69,51,79,0.00,3.79,13.24,97.44,2504,9
2026-05-17 20:55:27,1.7,11.42,11.69,11.96,2058587,102603,5.0,0,0,0.0,69,51,79,0.00,3.84,12.87,94.71,2507,6
2026-05-17 20:56:28,1.3,23.31,14.37,12.83,2058587,102596,5.0,0,0,0.0,69,51,79,0.00,3.99,12.62,94.35,2502,4
2026-05-17 20:57:28,3.2,25.07,16.52,13.66,2058587,102616,5.0,0,0,0.0,69,51,79,0.00,3.57,13.49,95.72,2498,5
2026-05-17 20:58:28,10.3,15.97,15.44,13.46,2058587,102621,5.0,0,0,0.0,69,51,79,0.00,3.64,13.90,96.10,2491,21
2026-05-17 20:59:29,1.4,13.09,14.74,13.35,2058587,102600,5.0,0,0,0.0,69,51,79,0.00,3.83,14.08,96.19,2492,6
2026-05-17 21:00:29,2.3,11.26,13.92,13.15,2058587,102626,5.0,0,0,0.0,69,51,79,0.00,3.72,10.63,92.47,2499,5
2026-05-17 21:01:29,1.5,12.05,13.80,13.17,2058587,102599,5.0,0,0,0.0,69,51,79,0.00,4.14,11.98,94.04,2506,4
2026-05-17 21:02:30,3.1,11.47,13.33,13.04,2058587,102611,5.0,0,0,0.0,69,51,79,0.00,4.00,13.21,95.25,2507,7
2026-05-17 21:03:30,3.0,11.58,13.01,12.95,2058587,102614,5.0,0,0,0.0,69,51,79,0.00,3.82,14.54,97.06,2504,8
2026-05-17 21:04:31,3.4,11.98,12.91,12.92,2058587,102631,5.0,0,0,0.0,69,51,79,0.00,3.68,14.39,96.59,2502,6
2026-05-17 21:05:31,2.2,10.98,12.49,12.77,2058587,102612,5.0,0,0,0.0,69,51,79,0.00,3.97,9.41,91.21,2489,5
2026-05-17 21:06:31,3.1,11.72,12.42,12.73,2058587,102624,5.0,0,0,0.0,69,51,79,0.00,3.97,12.73,99.70,2490,2
2026-05-17 21:07:32,3.6,12.06,12.36,12.69,2058587,102620,5.0,0,0,0.0,69,51,79,0.00,3.84,13.19,97.31,2493,10
2026-05-17 21:08:32,2.3,11.62,12.20,12.61,2058587,102653,5.0,0,0,0.0,69,51,79,0.00,3.62,14.47,96.63,2496,7
2026-05-17 21:09:32,2.2,11.60,12.13,12.56,2058587,102633,5.0,0,0,0.0,69,51,79,0.00,3.91,13.27,95.28,2508,3
2026-05-17 21:10:33,1.5,18.55,14.21,13.26,2058587,102615,5.0,0,0,0.0,69,51,79,0.00,3.79,13.22,94.96,2506,1
2026-05-17 21:11:33,2.2,13.29,13.50,13.07,2058587,102619,5.0,0,0,0.0,69,51,79,0.00,4.22,11.51,93.17,2506,5
2026-05-17 21:12:34,9.0,11.57,12.97,12.91,2058587,102631,5.0,0,0,0.0,69,51,79,0.00,3.97,10.50,92.19,2505,16
2026-05-17 21:13:34,1.9,11.52,12.72,12.83,2058587,102631,5.0,0,0,0.0,69,51,79,0.00,3.77,14.88,97.71,2517,5
2026-05-17 21:14:34,3.1,11.30,12.45,12.73,2058587,102655,5.0,0,0,0.0,69,51,79,0.00,3.73,10.81,92.52,2508,4
2026-05-17 21:15:35,3.2,10.67,12.05,12.57,2058587,102623,5.0,0,0,0.0,69,51,79,0.00,3.41,11.26,92.99,2503,19
2026-05-17 21:16:35,3.2,11.73,12.11,12.56,2058587,102644,5.0,0,0,0.0,69,51,79,0.00,4.01,14.66,97.07,2504,10
2026-05-17 21:17:35,2.0,12.52,12.32,12.61,2058587,102633,5.0,0,0,0.0,69,51,79,0.00,3.70,14.83,97.15,2501,4
2026-05-17 21:18:36,2.0,11.64,12.11,12.52,2058587,102612,5.0,0,0,0.0,69,51,79,0.00,3.69,13.42,95.46,2497,1
2026-05-17 21:19:36,1.4,11.75,12.03,12.46,2058587,102591,5.0,0,0,0.0,69,51,79,0.00,3.64,12.05,93.77,2498,7
2026-05-17 21:20:36,2.1,11.41,11.85,12.37,2058587,102619,5.0,0,0,0.0,69,51,79,0.00,3.82,11.20,99.81,2510,3
2026-05-17 21:21:37,2.5,11.86,11.88,12.35,2058587,102602,5.0,0,0,0.0,69,51,79,0.00,4.26,13.57,95.77,2502,2
2026-05-17 21:22:37,3.6,11.66,11.85,12.31,2058587,102644,5.0,0,0,0.0,69,51,79,0.00,3.71,14.11,96.10,2498,5
2026-05-17 21:23:38,3.2,16.29,13.08,12.70,2058587,102617,5.0,0,0,0.0,69,51,79,0.00,3.96,14.59,97.18,2504,5
2026-05-17 21:24:38,2.4,14.19,13.15,12.75,2058587,102610,5.0,0,0,0.0,69,51,79,0.00,3.82,13.05,95.24,2505,11
2026-05-17 21:25:38,11.1,12.22,12.77,12.65,2058587,102633,5.0,0,0,0.0,69,51,79,0.00,3.74,14.75,96.74,2493,13
2026-05-17 21:26:39,10.2,11.52,12.47,12.55,2058587,102658,5.0,0,0,0.0,69,51,79,0.00,3.84,10.22,92.13,2499,8
2026-05-17 21:27:39,9.0,11.42,12.27,12.47,2058587,102656,5.0,0,0,0.0,69,51,79,0.00,3.95,14.46,96.77,2506,23
2026-05-17 21:28:39,4.6,11.34,12.09,12.40,2058587,102634,5.0,0,0,0.0,69,51,79,0.00,3.80,12.86,87.94,2503,4
2026-05-17 21:29:40,1.7,10.75,11.79,12.27,2058587,102531,5.0,0,0,0.0,69,51,79,0.00,3.55,11.70,11.99,2499,4
2026-05-17 21:30:40,2.8,11.03,11.71,12.22,2058587,102536,5.0,0,0,0.0,69,51,79,0.00,4.05,15.57,16.14,2504,2
2026-05-17 21:31:41,1.8,13.11,12.11,12.32,2058587,102524,5.0,0,0,0.0,69,51,79,0.00,4.13,16.08,16.53,2504,5
2026-05-17 21:32:41,3.4,11.86,11.89,12.23,2058587,102525,5.0,0,0,0.0,69,51,79,0.00,4.06,14.32,14.97,2502,5
2026-05-17 21:33:41,2.0,13.18,12.24,12.32,2058587,102644,5.0,0,0,0.0,69,51,79,0.00,3.89,12.24,78.76,2504,5
2026-05-17 21:34:42,2.4,14.21,12.78,12.51,2058587,102652,5.0,0,0,0.0,69,51,79,0.00,3.41,11.54,95.21,2505,5
2026-05-17 21:35:42,2.5,16.20,13.57,12.80,2058587,102638,5.0,0,0,0.0,69,51,79,0.00,3.83,11.97,94.01,2498,3
2026-05-17 21:36:42,2.3,18.56,14.89,13.31,2058587,102637,5.0,0,0,0.0,69,51,79,0.00,4.14,13.94,96.13,2499,3
2026-05-17 21:37:43,3.0,20.48,16.05,13.80,2058587,102641,5.0,0,0,0.0,69,51,79,0.00,3.55,14.50,97.13,2491,6
2026-05-17 21:38:43,1.9,21.37,17.01,14.27,2058587,102637,5.0,0,0,0.0,69,51,79,0.00,3.77,14.55,96.76,2501,3
2026-05-17 21:39:43,12.1,17.89,16.80,14.38,2058587,102615,5.0,0,0,0.0,69,51,79,0.00,3.79,11.74,93.50,2500,14
2026-05-17 21:40:44,3.0,19.02,17.29,14.70,2058587,102654,5.0,0,0,0.0,69,51,79,0.00,3.92,14.47,96.72,2512,5
2026-05-17 21:41:44,2.0,15.50,16.66,14.64,2058587,102637,5.0,0,0,0.0,69,51,79,0.00,4.02,13.73,95.67,2513,6
2026-05-17 21:42:45,1.4,12.17,15.50,14.37,2058587,102600,5.0,0,0,0.0,69,51,79,0.00,4.11,9.13,90.84,2513,3
2026-05-17 21:43:45,3.5,15.97,15.88,14.56,2058587,102575,5.0,0,0,0.0,69,51,79,0.00,3.81,14.93,42.86,2506,6
2026-05-17 21:44:45,10.2,16.14,15.91,14.66,2058587,102559,5.0,0,0,0.0,69,51,79,0.00,3.78,14.66,15.22,2514,9
2026-05-17 21:45:46,3.1,16.54,15.99,14.76,2058587,102628,5.0,0,0,0.0,69,51,79,0.00,3.80,14.58,89.91,2504,8
2026-05-17 21:46:46,1.6,12.88,15.12,14.54,2058587,102582,5.0,0,0,0.0,69,51,79,0.00,4.07,9.64,91.44,2516,2
2026-05-17 21:47:46,2.8,12.85,14.71,14.44,2058587,102643,5.0,0,0,0.0,69,51,79,0.00,3.61,12.76,101.61,2525,3
2026-05-17 21:48:47,1.7,12.54,14.33,14.32,2058587,102647,5.0,0,0,0.0,69,51,79,0.00,3.47,12.27,94.09,2516,2
2026-05-17 21:49:47,1.9,15.74,14.80,14.48,2058587,102632,5.0,0,0,0.0,69,51,79,0.00,3.79,13.10,95.27,2500,3
2026-05-17 21:50:48,2.0,12.62,14.09,14.25,2058587,102653,5.0,0,0,0.0,69,51,79,0.00,3.90,8.88,90.50,2502,2
2026-05-17 21:51:48,1.8,13.12,14.09,14.25,2058587,102614,5.0,0,0,0.0,69,51,79,0.00,4.09,11.78,93.68,2486,7
2026-05-17 21:52:48,9.8,12.79,13.76,14.12,2058587,102626,5.0,0,0,0.0,69,51,79,0.00,3.73,12.52,94.46,2485,21
2026-05-17 21:53:49,9.6,12.87,13.52,14.01,2058587,102622,5.0,0,0,0.0,69,51,79,0.00,3.87,11.91,93.90,2500,18
2026-05-17 21:54:49,1.6,12.22,13.27,13.90,2058587,102616,5.0,0,0,0.0,69,51,79,0.00,3.64,11.28,93.38,2511,2
2026-05-17 21:55:49,2.0,11.52,12.84,13.70,2058587,102622,5.0,0,0,0.0,69,51,79,0.00,3.82,12.68,94.52,2495,7
2026-05-17 21:56:50,1.7,11.25,12.56,13.55,2058587,102627,5.0,0,0,0.0,69,51,79,0.00,5.09,9.15,90.84,2509,3
2026-05-17 21:57:50,2.3,11.81,12.44,13.44,2058587,102607,5.0,0,0,0.0,69,51,79,0.00,3.77,11.68,93.74,2506,2
2026-05-17 21:58:50,2.1,13.96,12.91,13.54,2058587,102627,5.0,0,0,0.0,69,51,79,0.00,3.69,14.56,96.88,2499,4
2026-05-17 21:59:51,3.6,13.07,12.84,13.48,2058587,102633,5.0,0,0,0.0,69,51,79,0.00,3.57,14.56,96.85,2505,5
2026-05-17 22:00:51,8.0,11.80,12.49,13.31,2058587,102615,5.0,0,0,0.0,69,51,79,0.00,4.46,13.06,95.05,2509,14
2026-05-17 22:01:52,3.3,10.92,12.10,13.13,2058587,102650,5.0,0,0,0.0,69,51,79,0.00,4.39,13.05,101.84,2496,5
2026-05-17 22:02:52,3.2,11.93,12.18,13.09,2058587,102631,5.0,0,0,0.0,69,51,79,0.00,3.89,14.75,97.08,2485,9
2026-05-17 22:03:52,3.1,12.87,12.43,13.12,2058587,102677,5.0,0,0,0.0,69,51,79,0.00,3.70,14.50,96.90,2488,7
2026-05-17 22:04:53,2.5,12.45,12.36,13.05,2058587,102656,5.0,0,0,0.0,69,51,79,0.00,3.67,11.94,93.76,2485,3
2026-05-17 22:05:53,3.2,11.53,12.11,12.92,2058587,102636,5.0,0,0,0.0,69,51,79,0.00,3.80,14.52,96.54,2478,23
2026-05-17 22:06:53,5.8,11.28,11.95,12.81,2058587,102632,5.0,0,0,0.0,69,51,79,0.00,3.79,13.31,95.47,2486,4
2026-05-17 22:07:54,9.5,15.75,13.39,13.27,2058587,102655,5.0,0,0,0.0,69,51,79,0.00,3.54,14.50,96.83,2484,18
2026-05-17 22:08:54,3.2,12.83,12.96,13.12,2058587,102635,5.0,0,0,0.0,69,51,79,0.00,3.77,13.62,95.56,2485,5
2026-05-17 22:09:55,3.3,12.16,12.74,13.04,2058587,102640,5.0,0,0,0.0,69,51,79,0.00,3.86,13.58,95.87,2490,5
2026-05-17 22:10:55,3.2,11.29,12.39,12.89,2058587,102652,5.0,0,0,0.0,69,51,79,0.00,3.94,11.38,93.26,2505,6
2026-05-17 22:11:55,3.2,12.21,12.42,12.87,2058587,102654,5.0,0,0,0.0,69,51,79,0.00,4.20,14.85,97.30,2502,5
2026-05-17 22:12:56,2.0,11.59,12.25,12.79,2058587,102634,5.0,0,0,0.0,69,51,79,0.00,3.97,14.13,96.06,2502,6
2026-05-17 22:13:56,3.3,11.74,12.16,12.72,2058587,102661,5.0,0,0,0.0,69,51,79,0.00,3.54,14.51,96.53,2502,5
2026-05-17 22:14:56,4.0,10.93,11.82,12.56,2058587,102658,5.0,0,0,0.0,69,51,79,0.00,3.77,11.80,100.57,2494,5
2026-05-17 22:15:57,2.0,12.03,12.01,12.58,2058587,102663,5.0,0,0,0.0,69,51,79,0.00,3.79,14.87,97.39,2484,3
2026-05-17 22:16:57,3.2,11.51,11.89,12.51,2058587,102666,5.0,0,0,0.0,69,51,79,0.00,4.01,13.51,95.54,2489,3
2026-05-17 22:17:57,3.5,11.46,11.81,12.44,2058587,102642,5.0,0,0,0.0,69,51,79,0.00,3.54,13.86,95.97,2488,4
2026-05-17 22:18:58,1.6,11.04,11.66,12.35,2058587,102654,5.0,0,0,0.0,69,51,79,0.00,3.92,14.15,96.30,2480,4
2026-05-17 22:19:58,2.2,11.20,11.58,12.27,2058587,102655,5.0,0,0,0.0,69,51,79,0.00,3.66,12.73,94.91,2473,4
2026-05-17 22:20:59,11.0,12.06,11.75,12.29,2058587,102635,5.0,0,0,0.0,69,51,79,0.00,4.03,14.62,96.74,2470,12
2026-05-17 22:21:59,1.5,11.03,11.52,12.17,2058587,102649,5.0,0,0,0.0,69,51,79,0.00,4.06,12.61,94.39,2472,4
2026-05-17 22:22:59,3.3,12.19,11.62,12.16,2058587,102659,5.0,0,0,0.0,69,51,79,0.00,3.77,11.27,93.15,2472,4
2026-05-17 22:24:00,3.3,12.05,11.69,12.15,2058587,102641,5.0,0,0,0.0,69,51,79,0.00,3.73,14.28,96.73,2483,29
2026-05-17 22:25:00,1.9,11.28,11.53,12.06,2058587,102634,5.0,0,0,0.0,69,51,79,0.00,3.83,13.88,96.07,2490,3
2026-05-17 22:26:00,2.2,11.20,11.40,11.98,2058587,102640,5.0,0,0,0.0,69,51,79,0.00,3.72,12.94,94.77,2495,6
2026-05-17 22:27:01,1.9,10.94,11.29,11.90,2058587,102617,5.0,0,0,0.0,69,51,79,0.00,4.16,13.25,95.21,2496,5
2026-05-17 22:28:01,3.2,11.36,11.32,11.87,2058587,102631,5.0,0,0,0.0,69,51,79,0.00,3.61,11.72,93.83,2500,5
2026-05-17 22:29:02,4.0,12.29,11.58,11.93,2058587,102660,5.0,0,0,0.0,69,51,79,0.00,3.70,12.96,101.88,2492,5
2026-05-17 22:30:02,3.6,11.84,11.60,11.91,2058587,102632,5.0,0,0,0.0,69,51,79,0.00,3.48,12.05,94.22,2500,5
2026-05-17 22:31:02,9.6,12.97,11.94,12.01,2058587,102625,5.0,0,0,0.0,69,51,79,0.00,4.20,14.30,96.63,2494,7
2026-05-17 22:32:03,3.6,11.83,11.79,11.95,2058587,102628,5.0,0,0,0.0,69,51,79,0.00,4.32,14.76,96.92,2498,4
2026-05-17 22:33:03,3.2,11.94,11.81,11.95,2058587,102669,5.0,0,0,0.0,69,51,79,0.00,3.59,14.64,97.00,2499,4
2026-05-17 22:34:03,9.3,12.59,12.05,12.02,2058587,102639,5.0,0,0,0.0,69,51,79,0.00,3.62,14.51,96.37,2502,16
2026-05-17 22:35:04,2.0,11.56,11.87,11.96,2058587,102627,5.0,0,0,0.0,69,51,79,0.00,3.70,12.67,87.75,2486,4
2026-05-17 22:36:04,3.7,11.58,11.83,11.94,2058587,102564,5.0,0,0,0.0,69,51,79,0.00,4.02,15.10,15.91,2478,6
2026-05-17 22:37:05,2.0,11.19,11.67,11.88,2058587,102531,5.0,0,0,0.0,69,51,79,0.00,3.49,12.54,12.94,2473,4
2026-05-17 22:38:05,3.3,11.88,11.84,11.93,2058587,102550,5.0,0,0,0.0,69,51,79,0.00,3.61,15.52,16.30,2483,20
2026-05-17 22:39:05,2.3,11.40,11.73,11.88,2058587,102552,5.0,0,0,0.0,69,51,79,0.00,3.79,15.03,15.61,2482,5
2026-05-17 22:40:06,2.0,20.78,14.19,12.71,2058587,102652,5.0,0,0,0.0,69,51,79,0.00,3.79,13.50,74.99,2494,7
2026-05-17 22:41:06,3.3,17.67,14.29,12.82,2058587,102669,5.0,0,0,0.0,69,51,79,0.00,3.89,11.15,92.92,2500,7
2026-05-17 22:42:06,2.7,18.80,15.59,13.38,2058587,102682,5.0,0,0,0.0,69,51,79,0.00,4.20,14.47,103.25,2490,6
2026-05-17 22:43:07,3.2,13.87,14.72,13.23,2058587,102671,5.0,0,0,0.0,69,51,79,0.00,3.70,14.03,96.11,2473,9
2026-05-17 22:44:07,3.8,13.23,14.33,13.18,2058587,102668,5.0,0,0,0.0,69,51,79,0.00,3.64,14.56,96.75,2469,5
2026-05-17 22:45:07,1.8,12.28,13.85,13.08,2058587,102662,5.0,0,0,0.0,69,51,79,0.00,3.61,14.49,96.59,2466,5
2026-05-17 22:46:08,3.4,12.11,13.50,13.01,2058587,102620,5.0,0,0,0.0,69,51,79,0.00,3.89,14.44,96.74,2474,4
2026-05-17 22:47:08,4.9,11.79,13.14,12.91,2058587,102635,5.0,0,0,0.0,69,51,79,0.00,3.88,14.42,96.66,2494,13
2026-05-17 22:48:09,11.8,13.14,13.38,13.02,2058587,102635,5.0,0,0,0.0,69,51,79,0.00,3.44,14.55,97.02,2506,21
2026-05-17 22:49:09,2.1,12.23,13.12,12.95,2058587,102656,5.0,0,0,0.0,69,51,79,0.00,3.70,14.85,97.39,2512,7
2026-05-17 22:50:09,5.0,10.56,12.46,12.73,2058587,102593,5.0,0,0,0.0,69,51,79,0.00,3.68,12.66,40.08,2510,4
2026-05-17 22:51:10,1.7,10.92,12.20,12.62,2058587,102528,5.0,0,0,0.0,69,51,79,0.00,4.19,14.13,14.66,2505,4
2026-05-17 22:52:10,2.1,11.19,12.05,12.55,2058587,102626,5.0,0,0,0.0,69,51,79,0.00,3.88,12.44,87.43,2500,8
2026-05-17 22:53:10,3.0,11.23,11.94,12.48,2058587,102642,5.0,0,0,0.0,69,51,79,0.00,3.62,13.96,95.95,2494,5
2026-05-17 22:54:11,2.5,16.77,13.02,12.79,2058587,102632,5.0,0,0,0.0,69,51,79,0.00,3.93,10.07,91.85,2494,3
2026-05-17 22:55:11,3.0,13.33,12.71,12.70,2058587,102661,5.0,0,0,0.0,69,51,79,0.00,3.68,14.86,96.90,2492,4
2026-05-17 22:56:11,9.0,11.88,12.38,12.59,2058587,102642,5.0,0,0,0.0,69,51,79,0.00,3.70,11.27,99.69,2481,2
2026-05-17 22:57:12,3.5,11.57,12.15,12.49,2058587,102655,5.0,0,0,0.0,69,51,79,0.00,3.93,12.88,94.94,2496,11
2026-05-17 22:58:12,3.5,11.94,12.11,12.45,2058587,102694,5.0,0,0,0.0,69,51,79,0.00,3.71,14.59,96.80,2507,5
2026-05-17 22:59:13,2.2,13.11,12.49,12.56,2058587,102679,5.0,0,0,0.0,69,51,79,0.00,3.83,12.68,94.58,2507,6
2026-05-17 23:00:13,1.9,12.02,12.31,12.50,2058587,102637,5.0,0,0,0.0,69,51,79,0.00,3.56,13.55,95.76,2509,5
2026-05-17 23:01:13,2.0,12.99,12.61,12.59,2058587,102655,5.0,0,0,0.0,69,51,79,0.00,4.17,14.51,96.88,2505,4
2026-05-17 23:02:14,1.4,11.98,12.38,12.51,2058587,102664,5.0,0,0,0.0,69,51,79,0.00,4.08,11.49,93.35,2493,1
2026-05-17 23:03:14,2.0,11.16,12.06,12.39,2058587,102649,5.0,0,0,0.0,69,51,79,0.00,3.61,10.53,92.39,2489,3
2026-05-17 23:04:14,3.0,11.70,12.06,12.37,2058587,102655,5.0,0,0,0.0,69,51,79,0.00,4.06,12.95,94.86,2491,5
2026-05-17 23:05:15,2.0,13.81,12.62,12.54,2058587,102655,5.0,0,0,0.0,69,51,79,0.00,3.67,14.63,96.93,2485,2
2026-05-17 23:06:15,2.9,12.57,12.48,12.50,2058587,102636,5.0,0,0,0.0,69,51,79,0.00,3.94,14.40,97.22,2483,5
2026-05-17 23:07:15,3.2,12.10,12.31,12.44,2058587,102642,5.0,0,0,0.0,69,51,79,0.00,3.62,14.07,96.23,2482,4
2026-05-17 23:08:16,1.6,12.88,12.49,12.49,2058587,102641,5.0,0,0,0.0,69,51,79,0.00,3.80,14.55,96.78,2485,3
2026-05-17 23:09:16,1.7,12.15,12.37,12.45,2058587,102660,5.0,0,0,0.0,69,51,79,0.00,3.71,13.51,95.85,2472,6
2026-05-17 23:10:17,3.9,11.36,12.08,12.34,2058587,102677,5.0,0,0,0.0,69,51,79,0.00,3.51,10.08,98.63,2476,8
2026-05-17 23:11:17,2.9,11.31,11.92,12.27,2058587,102629,5.0,0,0,0.0,69,51,79,0.00,4.11,12.00,93.98,2482,7
2026-05-17 23:12:17,4.0,11.31,11.81,12.21,2058587,102661,5.0,0,0,0.0,69,51,79,0.00,4.07,11.67,93.58,2483,5
2026-05-17 23:13:18,3.5,11.80,11.86,12.20,2058587,102655,5.0,0,0,0.0,69,51,79,0.00,4.01,14.55,96.80,2483,24
2026-05-17 23:14:18,1.5,11.11,11.69,12.12,2058587,102642,5.0,0,0,0.0,69,51,79,0.00,3.51,10.05,91.86,2485,3
2026-05-17 23:15:18,3.2,10.84,11.48,12.01,2058587,102649,5.0,0,0,0.0,69,51,79,0.00,3.96,12.90,94.74,2484,9
2026-05-17 23:16:19,10.4,11.29,11.50,11.98,2058587,102635,5.0,0,0,0.0,69,51,79,0.00,3.92,12.14,94.12,2487,7
2026-05-17 23:17:19,1.9,11.89,11.62,12.00,2058587,102627,5.0,0,0,0.0,69,51,79,0.00,3.43,14.53,96.83,2496,5
2026-05-17 23:18:19,1.3,11.91,11.70,12.00,2058587,102654,5.0,0,0,0.0,69,51,79,0.00,3.62,13.90,96.16,2493,4
2026-05-17 23:19:20,3.5,15.22,12.46,12.23,2058587,102628,5.0,0,0,0.0,69,51,79,0.00,3.96,12.79,94.96,2499,4
2026-05-17 23:20:20,3.0,16.65,13.24,12.51,2058587,102622,5.0,0,0,0.0,69,51,79,0.00,3.68,14.55,96.73,2500,7
2026-05-17 23:21:21,9.5,16.46,13.69,12.70,2058587,102630,5.0,0,0,0.0,69,51,79,0.00,3.96,11.46,93.31,2501,8
2026-05-17 23:22:21,2.0,15.97,14.02,12.87,2058587,102669,5.0,0,0,0.0,69,51,79,0.00,4.29,14.90,96.94,2494,5
2026-05-17 23:23:21,10.6,17.88,14.94,13.27,2058587,102666,5.0,0,0,0.0,69,51,79,0.00,3.82,12.73,101.35,2490,9
2026-05-17 23:24:22,1.6,16.72,15.22,13.47,2058587,102649,5.0,0,0,0.0,69,51,79,0.00,3.68,12.44,94.45,2483,5
2026-05-17 23:25:22,2.6,12.63,14.32,13.27,2058587,102656,5.0,0,0,0.0,69,51,79,0.00,3.45,7.37,88.97,2475,3
2026-05-17 23:26:22,2.0,12.62,13.95,13.20,2058587,102657,5.0,0,0,0.0,69,51,79,0.00,3.97,11.64,93.41,2464,7
2026-05-17 23:27:23,2.9,16.26,14.75,13.53,2058587,102625,5.0,0,0,0.0,69,51,79,0.00,3.99,13.57,95.66,2471,4
2026-05-17 23:28:23,2.0,17.02,15.34,13.81,2058587,102677,5.0,0,0,0.0,69,51,79,0.00,3.76,14.17,96.25,2482,3
2026-05-17 23:29:23,1.6,18.59,16.23,14.22,2058587,102622,5.0,0,0,0.0,69,51,79,0.00,3.56,13.61,95.74,2490,5
2026-05-17 23:30:24,2.0,15.72,15.83,14.21,2058587,102650,5.0,0,0,0.0,69,51,79,0.00,3.81,13.03,95.20,2513,3
2026-05-17 23:31:24,1.9,13.12,15.02,14.03,2058587,102650,5.0,0,0,0.0,69,51,79,0.00,4.23,14.70,96.55,2514,5
2026-05-17 23:32:25,3.2,14.51,15.18,14.15,2058587,102646,5.0,0,0,0.0,69,51,79,0.00,3.98,14.49,96.51,2511,5
2026-05-17 23:33:25,3.3,13.29,14.81,14.10,2058587,102669,5.0,0,0,0.0,69,51,79,0.00,3.68,13.99,96.03,2507,5
2026-05-17 23:34:25,1.7,12.46,14.30,13.96,2058587,102648,5.0,0,0,0.0,69,51,79,0.00,3.68,10.41,92.38,2500,1
2026-05-17 23:35:26,3.3,14.11,14.32,13.98,2058587,102652,5.0,0,0,0.0,69,51,79,0.00,3.78,14.27,96.58,2498,9
2026-05-17 23:36:26,1.4,12.54,13.84,13.84,2058587,102651,5.0,0,0,0.0,69,51,79,0.00,3.71,10.69,92.50,2496,7
2026-05-17 23:37:26,10.6,12.09,13.46,13.71,2058587,102684,5.0,0,0,0.0,69,51,79,0.00,3.81,14.52,103.44,2487,2
2026-05-17 23:38:27,2.1,11.30,13.04,13.55,2058587,102665,5.0,0,0,0.0,69,51,79,0.00,3.81,13.41,95.32,2486,3
2026-05-17 23:39:27,3.4,11.39,12.72,13.40,2058587,102660,5.0,0,0,0.0,69,51,79,0.00,3.74,10.86,92.96,2490,5
2026-05-17 23:40:28,1.5,11.75,12.61,13.32,2058587,102620,5.0,0,0,0.0,69,51,79,0.00,3.62,11.90,94.06,2476,5
2026-05-17 23:41:28,3.2,11.47,12.34,13.18,2058587,102669,5.0,0,0,0.0,69,51,79,0.00,4.37,14.41,89.46,2474,9
2026-05-17 23:42:28,2.0,11.85,12.31,13.12,2058587,102591,5.0,0,0,0.0,69,51,79,0.00,3.99,15.82,16.61,2485,3
2026-05-17 23:43:29,2.8,10.71,11.89,12.92,2058587,102589,5.0,0,0,0.0,69,51,79,0.00,3.94,11.98,12.22,2482,7
2026-05-17 23:44:29,3.5,11.70,11.96,12.88,2058587,102589,5.0,0,0,0.0,69,51,79,0.00,3.55,15.32,16.17,2489,7
2026-05-17 23:45:29,3.1,11.34,11.80,12.76,2058587,102566,5.0,0,0,0.0,69,51,79,0.00,3.92,13.68,14.27,2496,6
2026-05-17 23:46:30,1.4,10.61,11.50,12.59,2058587,102654,5.0,0,0,0.0,69,51,79,0.00,4.04,10.94,72.23,2508,3
2026-05-17 23:47:30,3.1,11.29,11.51,12.53,2058587,102641,5.0,0,0,0.0,69,51,79,0.00,3.61,13.58,95.60,2511,5
2026-05-17 23:48:30,3.4,11.68,11.57,12.48,2058587,102648,5.0,0,0,0.0,69,51,79,0.00,3.82,14.59,96.78,2516,7
2026-05-17 23:49:31,3.6,10.71,11.30,12.33,2058587,102683,5.0,0,0,0.0,69,51,79,0.00,3.75,11.06,92.98,2507,5
2026-05-17 23:50:31,3.3,10.64,11.17,12.22,2058587,102678,5.0,0,0,0.0,69,51,79,0.00,3.79,13.15,95.97,2502,10
2026-05-17 23:51:32,2.5,11.08,11.22,12.17,2058587,102638,5.0,0,0,0.0,69,51,79,0.00,4.10,14.48,103.76,2497,4
2026-05-17 23:52:32,1.5,11.41,11.30,12.14,2058587,102650,5.0,0,0,0.0,69,51,79,0.00,4.02,13.55,95.83,2497,5
2026-05-17 23:53:32,3.7,12.07,11.51,12.15,2058587,102675,5.0,0,0,0.0,69,51,79,0.00,3.71,14.05,96.26,2491,7
2026-05-17 23:54:33,2.9,11.83,11.55,12.13,2058587,102654,5.0,0,0,0.0,69,51,79,0.00,3.57,14.35,96.59,2492,5
2026-05-17 23:55:33,2.1,12.51,11.82,12.19,2058587,102678,5.0,0,0,0.0,69,51,79,0.00,3.68,13.18,95.07,2488,4
2026-05-17 23:56:33,11.9,14.08,12.43,12.37,2058587,102609,5.0,0,0,0.0,69,51,79,0.00,3.89,15.56,43.48,2486,15
2026-05-17 23:57:34,3.1,13.15,12.42,12.37,2058587,102571,5.0,0,0,0.0,69,51,79,0.00,3.79,15.62,16.58,2489,6
2026-05-17 23:58:34,3.3,11.76,12.19,12.30,2058587,102681,5.0,0,0,0.0,69,51,79,0.00,3.40,14.48,89.83,2491,9
2026-05-17 23:59:35,1.6,11.77,12.11,12.26,2058587,102652,5.0,0,0,0.0,69,51,79,0.00,3.79,13.42,95.50,2484,4
2026-05-18 00:00:35,2.1,11.56,12.00,12.21,2058587,102649,5.0,0,0,0.0,69,51,79,0.03,3.97,14.08,96.16,2496,3
2026-05-18 00:01:35,2.2,11.85,12.02,12.21,2058587,102646,5.0,0,0,0.0,69,51,79,0.00,4.23,14.74,96.93,2496,6
2026-05-18 00:02:36,1.6,10.75,11.66,12.07,2058587,102656,5.0,0,0,0.0,69,51,79,0.00,3.79,7.38,89.19,2497,1
2026-05-18 00:03:36,3.3,10.85,11.52,11.99,2058587,102645,5.0,0,0,0.0,69,51,79,0.00,3.80,14.28,96.22,2504,6
2026-05-18 00:04:36,11.9,12.06,11.77,12.05,2058587,102626,5.0,0,0,0.0,69,51,79,0.00,3.66,13.95,103.16,2508,4
2026-05-18 00:05:37,2.9,11.92,11.82,12.05,2058587,102638,5.0,0,0,0.0,69,51,79,0.00,3.50,12.83,94.86,2500,4
2026-05-18 00:06:37,1.6,13.17,12.38,12.24,2058587,102611,5.0,0,0,0.0,69,51,79,0.00,3.93,13.01,95.22,2504,4
2026-05-18 00:07:37,3.4,12.58,12.34,12.23,2058587,102660,5.0,0,0,0.0,69,51,79,0.00,15.68,14.20,96.21,2499,5
2026-05-18 00:08:38,3.5,18.13,14.00,12.81,2058587,102644,5.0,0,0,0.0,69,51,79,0.00,4.08,14.53,96.97,2499,6
2026-05-18 00:09:38,2.6,13.59,13.56,12.74,2058587,102648,5.0,0,0,0.0,69,51,79,0.00,3.56,14.62,96.63,2497,3
2026-05-18 00:10:39,11.9,12.25,13.23,12.68,2058587,102677,5.0,0,0,0.0,69,51,79,0.00,3.86,12.96,94.92,2502,7
2026-05-18 00:11:39,3.3,12.37,13.08,12.66,2058587,102649,5.0,0,0,0.0,69,51,79,0.00,4.23,14.68,97.08,2498,5
2026-05-18 00:12:39,8.4,12.35,12.99,12.66,2058587,102668,5.0,0,0,0.0,69,51,79,0.00,3.80,14.56,96.86,2499,3
2026-05-18 00:13:40,2.0,11.34,12.60,12.54,2058587,102663,5.0,0,0,0.0,69,51,79,0.00,3.75,13.03,94.95,2493,5
2026-05-18 00:14:40,3.1,12.85,12.83,12.63,2058587,102652,5.0,0,0,0.0,69,51,79,0.00,3.79,14.68,97.14,2499,4
2026-05-18 00:15:40,3.3,12.40,12.73,12.61,2058587,102674,5.0,0,0,0.0,69,51,79,0.00,3.84,14.32,96.67,2505,13
2026-05-18 00:16:41,2.3,11.24,12.35,12.49,2058587,102650,5.0,0,0,0.0,69,51,79,0.00,4.07,11.67,93.33,2499,4
2026-05-18 00:17:41,3.2,11.17,12.12,12.40,2058587,102617,5.0,0,0,0.0,69,51,79,0.00,6.33,14.58,96.71,2504,7
2026-05-18 00:18:42,3.7,16.40,13.45,12.83,2058587,102672,5.0,0,0,0.0,69,51,79,0.00,3.65,14.73,103.91,2502,10
2026-05-18 00:19:42,1.7,13.73,13.25,12.80,2058587,102656,5.0,0,0,0.0,69,51,79,0.00,3.59,13.53,96.23,2496,6
2026-05-18 00:20:42,3.3,12.10,12.85,12.69,2058587,102675,5.0,0,0,0.0,69,51,79,0.00,4.03,13.04,95.25,2490,15
2026-05-18 00:21:43,3.2,11.80,12.61,12.62,2058587,102684,5.0,0,0,0.0,69,51,79,0.00,4.12,14.53,97.16,2491,8
2026-05-18 00:22:43,2.1,12.03,12.53,12.59,2058587,102643,5.0,0,0,0.0,69,51,79,0.00,3.79,14.50,96.68,2497,26
2026-05-18 00:23:43,2.2,11.30,12.20,12.47,2058587,102640,5.0,0,0,0.0,69,51,79,0.00,3.42,11.46,93.10,2503,4
2026-05-18 00:24:44,3.6,28.00,16.82,14.04,2058587,102641,5.0,0,0,0.0,69,51,79,0.00,3.57,12.76,94.94,2502,5
2026-05-18 00:25:44,2.2,27.06,18.96,14.96,2058587,102633,5.0,0,0,0.0,69,51,79,0.00,3.68,11.98,94.12,2495,2
2026-05-18 00:26:44,2.8,17.01,17.52,14.72,2058587,102621,5.0,0,0,0.0,69,51,79,0.00,4.06,11.84,93.71,2496,5
2026-05-18 00:27:45,1.7,13.86,16.55,14.56,2058587,102620,5.0,0,0,0.0,69,51,79,0.00,3.57,12.95,95.57,2484,56
2026-05-18 00:28:45,2.2,12.09,15.54,14.34,2058587,102637,5.0,0,0,0.0,69,51,79,0.00,3.76,13.36,95.35,2481,4
2026-05-18 00:29:46,1.8,12.35,15.03,14.23,2058587,102628,5.0,0,0,0.0,69,51,79,0.00,3.82,14.53,96.70,2489,7
2026-05-18 00:30:46,1.9,11.48,14.30,14.03,2058587,102617,5.0,0,0,0.0,69,51,79,0.00,3.65,10.22,91.90,2508,3
2026-05-18 00:31:46,3.1,11.52,13.79,13.87,2058587,102659,5.0,0,0,0.0,69,51,79,0.00,3.82,11.49,100.07,2506,6
2026-05-18 00:32:47,2.1,10.84,13.15,13.64,2058587,102669,5.0,0,0,0.0,69,51,79,0.00,3.87,14.31,96.46,2506,5
2026-05-18 00:33:47,1.7,13.40,13.65,13.79,2058587,102657,5.0,0,0,0.0,69,51,79,0.00,3.90,14.13,96.40,2500,4
2026-05-18 00:34:47,1.9,12.78,13.50,13.74,2058587,102659,5.0,0,0,0.0,69,51,79,0.00,3.38,12.32,94.13,2482,4
2026-05-18 00:35:48,3.3,12.98,13.40,13.68,2058587,102672,5.0,0,0,0.0,69,51,79,0.00,3.74,14.33,96.78,2471,7
2026-05-18 00:36:48,3.0,17.38,14.75,14.14,2058587,102655,5.0,0,0,0.0,69,51,79,0.00,3.86,14.77,97.07,2480,7
2026-05-18 00:37:48,10.8,13.55,14.09,13.95,2058587,102639,5.0,0,0,0.0,69,51,79,0.00,3.60,13.71,95.95,2482,23
2026-05-18 00:38:49,3.2,14.18,14.06,13.94,2058587,102652,5.0,0,0,0.0,69,51,79,0.00,3.50,14.29,96.60,2480,4
2026-05-18 00:39:49,2.8,12.68,13.75,13.84,2058587,102651,5.0,0,0,0.0,69,51,79,0.00,3.63,12.56,94.53,2484,4
2026-05-18 00:40:50,3.7,14.35,14.05,13.94,2058587,102657,5.0,0,0,0.0,69,51,79,0.00,3.90,12.94,94.95,2491,8
2026-05-18 00:41:50,2.0,13.37,13.86,13.88,2058587,102662,5.0,0,0,0.0,69,51,79,0.00,3.95,14.62,96.92,2486,4
2026-05-18 00:42:50,3.2,12.63,13.53,13.76,2058587,102669,5.0,0,0,0.0,69,51,79,0.00,3.80,14.57,96.69,2484,10
2026-05-18 00:43:51,3.2,11.84,13.13,13.61,2058587,102652,5.0,0,0,0.0,69,51,79,0.00,3.87,14.02,96.31,2492,6
2026-05-18 00:44:51,2.4,11.34,12.77,13.45,2058587,102637,5.0,0,0,0.0,69,51,79,0.00,3.66,13.38,95.41,2495,4
2026-05-18 00:45:51,12.9,12.73,12.90,13.45,2058587,102639,5.0,0,0,0.0,69,51,79,0.00,3.44,13.89,102.87,2485,6
2026-05-18 00:46:52,2.4,11.55,12.55,13.30,2058587,102667,5.0,0,0,0.0,69,51,79,0.00,3.76,10.49,92.62,2483,4
2026-05-18 00:47:52,1.7,12.28,12.65,13.29,2058587,102652,5.0,0,0,0.0,69,51,79,0.00,3.70,14.97,90.46,2492,4
2026-05-18 00:48:52,3.2,12.85,12.73,13.27,2058587,102602,5.0,0,0,0.0,69,51,79,0.00,3.88,14.79,15.57,2497,5
2026-05-18 00:49:53,3.2,12.51,12.67,13.22,2058587,102590,5.0,0,0,0.0,69,51,79,0.00,3.43,15.71,16.68,2496,6
2026-05-18 00:50:53,2.5,11.53,12.34,13.07,2058587,102570,5.0,0,0,0.0,69,51,79,0.00,3.76,15.15,15.60,2503,5
2026-05-18 00:51:54,1.7,10.50,11.88,12.86,2058587,102566,5.0,0,0,0.0,69,51,79,0.00,4.18,12.14,12.39,2496,4
2026-05-18 00:52:54,2.0,11.94,12.09,12.88,2058587,102668,5.0,0,0,0.0,69,51,79,0.00,3.90,13.03,74.70,2502,2
2026-05-18 00:53:54,1.8,11.70,11.98,12.79,2058587,102668,5.0,0,0,0.0,69,51,79,0.00,3.46,14.89,97.03,2496,5
2026-05-18 00:54:55,3.0,11.31,11.78,12.66,2058587,102665,5.0,0,0,0.0,69,51,79,0.00,3.82,12.15,94.11,2494,9
2026-05-18 00:55:55,3.3,11.91,11.87,12.64,2058587,102684,5.0,0,0,0.0,69,51,79,0.00,3.72,14.46,96.78,2488,10
2026-05-18 00:56:55,2.1,11.93,11.91,12.61,2058587,102652,5.0,0,0,0.0,69,51,79,0.00,3.69,14.15,96.58,2491,6
2026-05-18 00:57:56,2.1,15.44,12.92,12.91,2058587,102650,5.0,0,0,0.0,69,51,79,0.00,3.81,14.08,96.03,2485,2
2026-05-18 00:58:56,3.3,12.60,12.56,12.78,2058587,102688,5.0,0,0,0.0,69,51,79,0.00,3.64,13.64,96.13,2489,7
2026-05-18 00:59:56,10.0,12.02,12.38,12.71,2058587,102681,5.0,0,0,0.0,69,51,79,0.00,3.60,13.20,102.23,2489,6
2026-05-18 01:00:57,3.3,12.01,12.30,12.66,2058587,102690,5.0,0,0,0.0,69,51,79,0.00,3.59,14.10,96.15,2487,6
2026-05-18 01:01:57,3.5,11.81,12.22,12.61,2058587,102688,5.0,0,0,0.0,69,51,79,0.00,4.24,14.39,96.73,2483,5
2026-05-18 01:02:58,1.9,11.07,11.97,12.50,2058587,102575,5.0,0,0,0.0,69,51,79,0.00,3.74,15.59,43.36,2494,4
2026-05-18 01:03:58,1.9,10.97,11.80,12.41,2058587,102578,5.0,0,0,0.0,69,51,79,0.00,3.81,12.12,12.46,2495,7
2026-05-18 01:04:58,3.1,11.74,11.85,12.38,2058587,102678,5.0,0,0,0.0,69,51,79,0.00,3.50,14.95,90.25,2505,18
2026-05-18 01:05:59,3.3,14.21,12.53,12.58,2058587,102654,5.0,0,0,0.0,69,51,79,0.00,3.91,10.69,92.55,2516,21
2026-05-18 01:06:59,1.9,16.14,13.50,12.91,2058587,102664,5.0,0,0,0.0,69,51,79,0.00,3.68,12.85,94.86,2519,3
2026-05-18 01:07:59,1.5,15.85,14.02,13.13,2058587,102633,5.0,0,0,0.0,69,51,79,0.00,3.66,12.97,94.84,2511,4
2026-05-18 01:09:00,3.1,16.79,14.66,13.41,2058587,102651,5.0,0,0,0.0,69,51,79,0.00,3.56,14.43,96.78,2505,5
2026-05-18 01:10:00,1.8,14.47,14.47,13.43,2058587,102660,5.0,0,0,0.0,69,51,79,0.00,3.47,9.61,91.29,2498,5
2026-05-18 01:11:01,1.5,13.33,14.25,13.42,2058587,102664,5.0,0,0,0.0,69,51,79,0.00,3.93,11.58,93.44,2489,5
2026-05-18 01:12:01,3.0,14.22,14.46,13.55,2058587,102644,5.0,0,0,0.0,69,51,79,0.00,4.14,14.09,96.42,2493,6
2026-05-18 01:13:01,9.6,15.49,14.89,13.77,2058587,102668,5.0,0,0,0.0,69,51,79,0.00,3.70,14.58,103.24,2484,7
2026-05-18 01:14:02,1.9,17.09,15.28,13.96,2058587,102696,5.0,0,0,0.0,69,51,79,0.00,3.61,14.60,96.55,2486,2
2026-05-18 01:15:02,2.1,14.58,15.04,13.97,2058587,102675,5.0,0,0,0.0,69,51,79,0.00,3.70,14.55,96.64,2487,5
2026-05-18 01:16:02,2.8,14.39,15.01,14.03,2058587,102705,5.0,0,0,0.0,69,51,79,0.00,4.16,13.16,95.27,2486,6
2026-05-18 01:17:03,2.5,12.09,14.21,13.81,2058587,102686,5.0,0,0,0.0,69,51,79,0.00,3.44,11.80,93.71,2480,4
2026-05-18 01:18:03,2.3,12.23,13.84,13.71,2058587,102656,5.0,0,0,0.0,69,51,79,0.00,3.57,12.33,94.17,2483,22
2026-05-18 01:19:04,2.0,13.43,13.98,13.77,2058587,102677,5.0,0,0,0.0,69,51,79,0.00,3.68,14.69,96.91,2482,5
2026-05-18 01:20:04,3.3,14.36,14.16,13.85,2058587,102677,5.0,0,0,0.0,69,51,79,0.00,3.53,14.68,97.14,2495,5
2026-05-18 01:21:04,1.7,14.97,14.50,13.99,2058587,102657,5.0,0,0,0.0,69,51,79,0.00,3.95,13.98,96.22,2501,3
2026-05-18 01:22:05,2.0,11.84,13.68,13.74,2058587,102634,5.0,0,0,0.0,69,51,79,0.00,4.08,10.95,92.74,2508,2
2026-05-18 01:23:05,1.1,12.99,13.65,13.72,2058587,102651,5.0,0,0,0.0,69,51,79,0.00,3.79,14.59,96.91,2515,2
2026-05-18 01:24:05,1.9,11.24,12.99,13.49,2058587,102678,5.0,0,0,0.0,69,51,79,0.00,3.49,11.13,92.93,2520,5
2026-05-18 01:25:06,3.0,11.37,12.68,13.35,2058587,102685,5.0,0,0,0.0,69,51,79,0.00,3.79,12.33,94.10,2507,7
2026-05-18 01:26:06,3.3,13.32,12.98,13.41,2058587,102720,5.0,0,0,0.0,69,51,79,0.00,3.79,14.81,97.32,2495,19
2026-05-18 01:27:06,4.1,12.31,12.73,13.29,2058587,102691,5.0,0,0,0.0,69,51,79,0.00,3.95,14.55,100.46,2488,10
2026-05-18 01:28:07,1.4,13.01,12.83,13.29,2058587,102685,5.0,0,0,0.0,69,51,79,0.00,3.57,12.60,98.05,2492,2
2026-05-18 01:29:07,3.1,11.85,12.53,13.15,2058587,102675,5.0,0,0,0.0,69,51,79,0.00,3.61,14.56,96.53,2489,2
2026-05-18 01:30:08,3.2,11.82,12.34,13.04,2058587,102691,5.0,0,0,0.0,69,51,79,0.00,3.61,13.40,95.15,2499,7
2026-05-18 01:31:08,2.0,11.35,12.14,12.93,2058587,102679,5.0,0,0,0.0,69,51,79,0.00,3.97,10.99,92.79,2509,6
2026-05-18 01:32:08,3.2,12.12,12.21,12.91,2058587,102681,5.0,0,0,0.0,69,51,79,0.00,4.08,14.73,97.59,2506,8
2026-05-18 01:33:09,2.0,14.61,12.85,13.08,2058587,102690,5.0,0,0,0.0,69,51,79,0.00,3.73,14.69,96.87,2509,3
2026-05-18 01:34:09,2.0,11.79,12.34,12.89,2058587,102657,5.0,0,0,0.0,69,51,79,0.00,3.50,9.99,91.71,2501,12
2026-05-18 01:35:09,12.7,13.10,12.77,13.01,2058587,102663,5.0,0,0,0.0,69,51,79,0.00,3.71,14.68,97.09,2504,6
2026-05-18 01:36:10,3.4,13.03,12.80,13.00,2058587,102680,5.0,0,0,0.0,69,51,79,0.00,3.88,14.44,96.90,2491,4
2026-05-18 01:37:10,3.0,13.32,12.88,13.01,2058587,102668,5.0,0,0,0.0,69,51,79,0.00,3.63,14.58,96.88,2498,8
2026-05-18 01:38:10,2.1,11.81,12.63,12.92,2058587,102666,5.0,0,0,0.0,69,51,79,0.00,3.52,11.42,93.26,2504,5
2026-05-18 01:39:11,2.5,11.73,12.48,12.85,2058587,102683,5.0,0,0,0.0,69,51,79,0.00,3.86,14.68,96.78,2504,4
2026-05-18 01:40:11,3.4,11.72,12.35,12.79,2058587,102696,5.0,0,0,0.0,69,51,79,0.00,3.73,13.80,96.01,2495,139
2026-05-18 01:41:12,2.6,11.88,12.29,12.74,2058587,102694,5.0,0,0,0.0,69,51,79,0.00,4.09,14.37,103.56,2496,4
2026-05-18 01:42:12,3.4,11.71,12.14,12.65,2058587,102684,5.0,0,0,0.0,69,51,79,0.00,3.74,14.09,96.18,2484,4
2026-05-18 01:43:12,1.6,11.58,12.06,12.60,2058587,102694,5.0,0,0,0.0,69,51,79,0.00,3.94,13.43,95.83,2479,15
2026-05-18 01:44:13,3.3,11.06,11.82,12.48,2058587,102674,5.0,0,0,0.0,69,51,79,0.00,3.61,14.09,96.09,2481,7
2026-05-18 01:45:13,1.4,11.42,11.79,12.43,2058587,102671,5.0,0,0,0.0,69,51,79,0.00,3.54,12.32,94.31,2484,19
2026-05-18 01:46:13,9.3,11.73,11.77,12.37,2058587,102690,5.0,0,0,0.0,69,51,79,0.00,3.86,14.18,96.42,2496,5
2026-05-18 01:47:14,2.1,11.62,11.69,12.31,2058587,102701,5.0,0,0,0.0,69,51,79,0.00,3.68,13.75,95.93,2498,6
2026-05-18 01:48:14,1.9,11.37,11.61,12.24,2058587,102680,5.0,0,0,0.0,69,51,79,0.00,3.67,13.59,95.65,2493,5
2026-05-18 01:49:15,3.3,10.93,11.46,12.15,2058587,102700,5.0,0,0,0.0,69,51,79,0.00,3.90,13.11,94.90,2490,7
2026-05-18 01:50:15,1.8,11.42,11.52,12.12,2058587,102676,5.0,0,0,0.0,69,51,79,0.00,3.50,11.10,93.36,2498,6
2026-05-18 01:51:15,3.2,11.28,11.47,12.06,2058587,102694,5.0,0,0,0.0,69,51,79,0.00,3.95,13.59,95.94,2485,5
2026-05-18 01:52:16,1.8,10.75,11.30,11.97,2058587,102683,5.0,0,0,0.0,69,51,79,0.00,3.89,13.97,95.79,2502,6
2026-05-18 01:53:16,3.4,11.77,11.54,12.01,2058587,102696,5.0,0,0,0.0,69,51,79,0.00,3.75,14.57,97.08,2509,5
2026-05-18 01:54:16,1.3,11.37,11.48,11.96,2058587,102668,5.0,0,0,0.0,69,51,79,0.00,3.21,13.25,95.37,2515,5
2026-05-18 01:55:17,1.4,10.55,11.24,11.84,2058587,102591,5.0,0,0,0.0,69,51,79,0.00,3.54,10.95,11.22,2507,4
2026-05-18 01:56:17,2.1,10.98,11.21,11.80,2058587,102594,5.0,0,0,0.0,69,51,79,0.00,3.88,14.63,14.92,2498,3
2026-05-18 01:57:18,2.8,11.78,11.39,11.82,2058587,102602,5.0,0,0,0.0,69,51,79,0.00,3.54,14.96,15.41,2504,19
2026-05-18 01:58:18,2.0,13.70,12.09,12.04,2058587,102589,5.0,0,0,0.0,69,51,79,0.00,3.46,15.37,16.21,2505,5
2026-05-18 01:59:18,3.3,12.56,12.05,12.03,2058587,102709,5.0,0,0,0.0,69,51,79,0.00,3.81,14.48,76.17,2507,4
2026-05-18 02:00:19,1.7,12.11,12.03,12.02,2058587,102687,5.0,0,0,0.0,69,51,79,0.00,3.64,14.28,96.65,2512,2
2026-05-18 02:01:19,2.7,11.46,11.94,12.00,2058587,102649,5.0,0,0,0.0,69,51,79,0.00,4.09,12.75,94.64,2510,5
2026-05-18 02:02:19,6.7,10.70,11.62,11.88,2058587,102681,5.0,0,0,0.0,69,51,79,0.00,3.69,11.26,93.01,2498,3
2026-05-18 02:03:20,2.2,11.14,11.60,11.86,2058587,102687,5.0,0,0,0.0,69,51,79,0.00,3.77,13.20,95.33,2499,3
2026-05-18 02:04:20,3.1,11.15,11.47,11.79,2058587,102702,5.0,0,0,0.0,69,51,79,0.00,3.90,12.30,94.21,2492,16
2026-05-18 02:05:21,1.8,11.78,11.55,11.80,2058587,102682,5.0,0,0,0.0,69,51,79,0.00,3.38,14.61,96.92,2489,10
2026-05-18 02:06:21,1.9,11.28,11.45,11.75,2058587,102673,5.0,0,0,0.0,69,51,79,0.00,4.05,10.93,92.66,2499,3
2026-05-18 02:07:21,3.1,12.17,11.60,11.78,2058587,102690,5.0,0,0,0.0,69,51,79,0.00,3.73,14.16,96.73,2499,9
2026-05-18 02:08:22,1.6,11.77,11.62,11.77,2058587,102699,5.0,0,0,0.0,69,51,79,0.00,3.65,12.19,101.37,2494,5
2026-05-18 02:09:22,3.0,15.55,13.21,12.34,2058587,102630,5.0,0,0,0.0,69,51,79,0.00,3.55,12.16,39.72,2502,9
2026-05-18 02:10:22,3.3,13.25,12.94,12.30,2058587,102619,5.0,0,0,0.0,69,51,79,0.00,3.84,15.64,16.33,2505,7
2026-05-18 02:11:23,3.6,12.95,12.80,12.29,2058587,102703,5.0,0,0,0.0,69,51,79,0.00,4.30,14.85,90.15,2495,4
2026-05-18 02:12:23,3.5,12.42,12.66,12.27,2058587,102691,5.0,0,0,0.0,69,51,79,0.00,3.89,14.57,96.76,2486,5
2026-05-18 02:13:23,11.4,14.58,13.14,12.45,2058587,102694,5.0,0,0,0.0,69,51,79,0.00,3.59,14.08,96.45,2498,24
2026-05-18 02:14:24,6.8,11.83,12.61,12.31,2058587,102683,5.0,0,0,0.0,69,51,79,0.00,3.68,13.66,95.67,2496,7
2026-05-18 02:15:24,2.0,12.26,12.61,12.33,2058587,102696,5.0,0,0,0.0,69,51,79,0.00,3.68,14.77,96.92,2487,5
2026-05-18 02:16:25,3.2,11.60,12.35,12.26,2058587,102691,5.0,0,0,0.0,69,51,79,0.00,3.68,14.78,96.69,2496,9
2026-05-18 02:17:25,1.2,10.90,12.05,12.16,2058587,102704,5.0,0,0,0.0,69,51,79,0.00,3.75,12.36,94.35,2499,2
2026-05-18 02:18:25,1.8,10.37,11.69,12.03,2058587,102725,5.0,0,0,0.0,69,51,79,0.00,3.69,12.14,93.92,2505,3
2026-05-18 02:19:26,3.5,10.64,11.53,11.95,2058587,102718,5.0,0,0,0.0,69,51,79,0.00,4.48,13.84,95.68,2509,5
2026-05-18 02:20:26,3.2,10.97,11.50,11.92,2058587,102728,5.0,0,0,0.0,69,51,79,0.00,3.70,14.51,96.77,2507,5
2026-05-18 02:21:26,2.9,11.48,11.55,11.91,2058587,102696,5.0,0,0,0.0,69,51,79,0.00,4.19,14.67,103.48,2498,3
2026-05-18 02:22:27,3.6,11.29,11.45,11.85,2058587,102716,5.0,0,0,0.0,69,51,79,0.00,3.89,13.49,95.50,2498,7
2026-05-18 02:23:27,3.8,12.79,11.93,12.00,2058587,102698,5.0,0,0,0.0,69,51,79,0.00,3.54,14.77,97.11,2491,5
2026-05-18 02:24:28,3.2,11.87,11.82,11.95,2058587,102698,5.0,0,0,0.0,69,51,79,0.00,3.71,13.96,95.99,2487,7
2026-05-18 02:25:28,1.6,10.80,11.56,11.86,2058587,102689,5.0,0,0,0.0,69,51,79,0.00,3.94,10.14,92.47,2497,3
2026-05-18 02:26:28,2.4,11.41,11.57,11.84,2058587,102680,5.0,0,0,0.0,69,51,79,0.00,3.96,13.02,95.12,2499,4
2026-05-18 02:27:29,9.2,11.03,11.42,11.77,2058587,102693,5.0,0,0,0.0,69,51,79,0.00,3.68,13.11,95.03,2496,14
2026-05-18 02:28:29,1.7,11.82,11.68,11.84,2058587,102687,5.0,0,0,0.0,69,51,79,0.00,3.66,12.91,95.04,2497,4
2026-05-18 02:29:29,2.5,16.47,12.69,12.16,2058587,102713,5.0,0,0,0.0,69,51,79,0.00,3.60,13.95,95.91,2490,4
2026-05-18 02:30:30,1.8,13.03,12.38,12.09,2058587,102695,5.0,0,0,0.0,69,51,79,0.00,3.82,13.81,95.76,2483,4
2026-05-18 02:31:30,3.6,12.54,12.34,12.09,2058587,102729,5.0,0,0,0.0,69,51,79,0.00,4.02,14.60,96.92,2480,5
2026-05-18 02:32:30,1.6,12.84,12.45,12.15,2058587,102722,5.0,0,0,0.0,69,51,79,0.00,3.87,14.76,97.10,2487,5
2026-05-18 02:33:31,4.9,12.89,12.59,12.21,2058587,102700,5.0,0,0,0.0,69,51,79,0.00,3.87,14.06,96.42,2488,4
2026-05-18 02:34:31,2.2,12.57,12.55,12.22,2058587,102681,5.0,0,0,0.0,69,51,79,0.00,3.54,13.03,95.02,2485,9
2026-05-18 02:35:32,2.6,11.41,12.22,12.13,2058587,102714,5.0,0,0,0.0,69,51,79,0.00,3.73,13.15,101.91,2497,5
2026-05-18 02:36:32,2.4,10.73,11.88,12.01,2058587,102710,5.0,0,0,0.0,69,51,79,0.00,3.86,12.00,93.69,2492,7
2026-05-18 02:37:32,3.3,12.39,12.19,12.12,2058587,102727,5.0,0,0,0.0,69,51,79,0.00,3.76,14.62,96.89,2489,8
2026-05-18 02:38:33,2.2,12.70,12.31,12.16,2058587,102709,5.0,0,0,0.0,69,51,79,0.00,3.52,14.35,96.47,2505,8
2026-05-18 02:39:33,3.2,12.39,12.27,12.16,2058587,102693,5.0,0,0,0.0,69,51,79,0.00,3.75,13.86,95.98,2503,5
2026-05-18 02:40:33,1.6,11.83,12.15,12.12,2058587,102701,5.0,0,0,0.0,69,51,79,0.00,3.70,13.72,96.10,2500,2
2026-05-18 02:41:34,3.2,11.05,11.85,12.02,2058587,102713,5.0,0,0,0.0,69,51,79,0.00,4.30,13.20,95.03,2503,5
2026-05-18 02:42:34,3.4,13.76,12.48,12.22,2058587,102705,5.0,0,0,0.0,69,51,79,0.00,3.70,14.46,96.84,2504,6
2026-05-18 02:43:35,3.4,12.60,12.34,12.19,2058587,102714,5.0,0,0,0.0,69,51,79,0.00,3.78,13.93,96.09,2496,9
2026-05-18 02:44:35,2.0,11.52,12.13,12.13,2058587,102734,5.0,0,0,0.0,69,51,79,0.00,3.63,12.77,94.74,2501,2
2026-05-18 02:45:35,3.4,11.34,11.95,12.07,2058587,102710,5.0,0,0,0.0,69,51,79,0.00,3.75,12.76,94.88,2496,5
2026-05-18 02:46:36,3.2,11.82,12.01,12.08,2058587,102716,5.0,0,0,0.0,69,51,79,0.00,3.82,13.99,96.31,2501,10
2026-05-18 02:47:36,2.2,12.06,12.03,12.08,2058587,102699,5.0,0,0,0.0,69,51,79,0.00,3.58,12.85,94.81,2506,3
2026-05-18 02:48:36,4.0,18.66,14.07,12.79,2058587,102733,5.0,0,0,0.0,69,51,79,0.00,3.67,14.52,104.17,2507,5
2026-05-18 02:49:37,4.3,15.31,13.92,12.82,2058587,102700,5.0,0,0,0.0,69,51,79,0.00,3.39,14.49,96.84,2497,5
2026-05-18 02:50:37,3.7,14.55,13.98,12.90,2058587,102710,5.0,0,0,0.0,69,51,79,0.00,3.74,14.13,96.26,2504,6
2026-05-18 02:51:38,2.2,15.89,14.50,13.16,2058587,102732,5.0,0,0,0.0,69,51,79,0.00,4.17,14.52,96.87,2505,4
2026-05-18 02:52:38,3.1,18.35,15.33,13.52,2058587,102709,5.0,0,0,0.0,69,51,79,0.00,4.00,14.42,96.99,2497,6
2026-05-18 02:53:38,3.2,18.63,15.84,13.80,2058587,102731,5.0,0,0,0.0,69,51,79,0.00,3.72,14.75,97.50,2496,26
2026-05-18 02:54:39,1.4,17.10,16.16,14.06,2058587,102703,5.0,0,0,0.0,69,51,79,0.00,3.57,13.97,96.15,2506,1
2026-05-18 02:55:39,3.4,17.96,16.58,14.34,2058587,102715,5.0,0,0,0.0,69,51,79,0.00,3.71,13.63,95.50,2498,9
2026-05-18 02:56:39,1.3,15.31,16.12,14.32,2058587,102723,5.0,0,0,0.0,69,51,79,0.00,3.71,13.98,96.26,2503,2
2026-05-18 02:57:40,2.0,11.91,14.99,14.04,2058587,102694,5.0,0,0,0.0,69,51,79,0.00,3.67,9.16,90.80,2505,2
2026-05-18 02:58:40,2.0,14.08,15.08,14.13,2058587,102685,5.0,0,0,0.0,69,51,79,0.00,3.68,12.27,94.47,2501,2
2026-05-18 02:59:40,2.1,13.99,14.84,14.11,2058587,102705,5.0,0,0,0.0,69,51,79,0.00,3.69,13.26,95.52,2490,2
2026-05-18 03:00:41,1.7,13.92,14.77,14.14,2058587,102714,5.0,0,0,0.0,69,51,79,0.00,3.85,13.82,89.14,2508,5
2026-05-18 03:01:41,1.8,13.23,14.44,14.06,2058587,102648,5.0,0,0,0.0,69,51,79,0.00,4.03,15.09,15.87,2491,2
2026-05-18 03:02:42,1.8,15.00,14.74,14.19,2058587,102612,5.0,0,0,0.0,69,51,79,0.00,3.79,14.33,14.97,2488,4
2026-05-18 03:03:42,3.2,12.69,14.13,14.01,2058587,102640,5.0,0,0,0.0,69,51,79,0.00,3.71,14.55,15.10,2497,8
2026-05-18 03:04:42,3.0,12.29,13.83,13.92,2058587,102638,5.0,0,0,0.0,69,51,79,0.00,3.66,15.77,16.49,2493,7
2026-05-18 03:05:43,3.5,13.02,13.67,13.85,2058587,102715,5.0,0,0,0.0,69,51,79,0.00,3.55,15.11,77.30,2472,5
2026-05-18 03:06:43,1.6,12.11,13.26,13.70,2058587,102686,5.0,0,0,0.0,69,51,79,0.00,3.89,12.85,94.94,2476,2
2026-05-18 03:07:43,1.8,12.28,13.12,13.62,2058587,102716,5.0,0,0,0.0,69,51,79,0.00,3.63,12.06,93.84,2484,3
2026-05-18 03:08:44,1.3,12.16,12.94,13.53,2058587,102717,5.0,0,0,0.0,69,51,79,0.00,3.41,12.72,94.67,2479,4
2026-05-18 03:09:44,1.8,11.42,12.58,13.36,2058587,102703,5.0,0,0,0.0,69,51,79,0.00,3.61,12.10,94.10,2500,2
2026-05-18 03:10:45,1.6,10.62,12.11,13.15,2058587,102697,5.0,0,0,0.0,69,51,79,0.00,4.06,8.86,90.53,2509,4
2026-05-18 03:11:45,1.5,11.95,12.16,13.09,2058587,102692,5.0,0,0,0.0,69,51,79,0.00,4.12,9.65,91.24,2509,2
2026-05-18 03:12:45,3.3,11.95,12.09,13.01,2058587,102716,5.0,0,0,0.0,69,51,79,0.00,3.69,11.88,93.79,2500,5
2026-05-18 03:13:46,2.1,11.16,11.82,12.85,2058587,102707,5.0,0,0,0.0,69,51,79,0.00,3.69,10.92,92.80,2498,5
2026-05-18 03:14:46,3.0,11.93,11.97,12.84,2058587,102720,5.0,0,0,0.0,69,51,79,0.00,3.54,12.70,94.60,2491,5
2026-05-18 03:15:46,1.3,11.37,11.86,12.75,2058587,102666,5.0,0,0,0.0,69,51,79,0.00,3.45,15.25,49.98,2485,2
2026-05-18 03:16:47,1.9,10.76,11.58,12.60,2058587,102635,5.0,0,0,0.0,69,51,79,0.00,3.82,14.57,14.99,2507,6
2026-05-18 03:17:47,2.1,10.57,11.37,12.46,2058587,102716,5.0,0,0,0.0,69,51,79,0.00,3.74,14.18,88.99,2500,5
2026-05-18 03:18:47,2.4,10.33,11.15,12.31,2058587,102705,5.0,0,0,0.0,69,51,79,0.00,3.71,12.73,94.44,2496,6
2026-05-18 03:19:48,1.6,11.37,11.33,12.30,2058587,102691,5.0,0,0,0.0,69,51,79,0.00,3.48,11.40,93.48,2499,5
2026-05-18 03:20:48,3.0,12.34,11.59,12.33,2058587,102714,5.0,0,0,0.0,69,51,79,0.00,3.80,12.77,94.87,2492,6
2026-05-18 03:21:49,3.4,12.37,11.78,12.35,2058587,102726,5.0,0,0,0.0,69,51,79,0.00,4.14,14.82,97.06,2487,4
2026-05-18 03:22:49,1.7,11.43,11.62,12.25,2058587,102706,5.0,0,0,0.0,69,51,79,0.00,3.91,11.72,93.41,2488,4
2026-05-18 03:23:49,1.6,11.31,11.55,12.19,2058587,102688,5.0,0,0,0.0,69,51,79,0.00,3.45,12.73,94.91,2497,5
2026-05-18 03:24:50,2.9,11.17,11.47,12.12,2058587,102706,5.0,0,0,0.0,69,51,79,0.00,3.79,12.32,94.12,2488,7
2026-05-18 03:25:50,1.8,12.80,11.86,12.21,2058587,102692,5.0,0,0,0.0,69,51,79,0.00,3.57,14.31,96.93,2493,4
2026-05-18 03:26:50,1.9,12.40,11.96,12.22,2058587,102694,5.0,0,0,0.0,69,51,79,0.00,3.55,13.93,95.96,2495,3
2026-05-18 03:27:51,3.0,11.99,11.90,12.18,2058587,102691,5.0,0,0,0.0,69,51,79,0.00,4.22,13.89,96.09,2497,13
2026-05-18 03:28:51,2.1,12.99,12.23,12.28,2058587,102681,5.0,0,0,0.0,69,51,79,0.00,3.60,14.61,96.83,2496,7
2026-05-18 03:29:51,3.8,11.84,12.04,12.21,2058587,102703,5.0,0,0,0.0,69,51,79,0.00,3.67,14.40,103.19,2495,6
2026-05-18 03:30:52,3.0,12.20,12.10,12.22,2058587,102714,5.0,0,0,0.0,69,51,79,0.00,3.66,14.80,97.30,2504,8
2026-05-18 03:31:52,3.4,11.67,11.96,12.16,2058587,102722,5.0,0,0,0.0,69,51,79,0.00,4.07,14.53,96.87,2497,5
2026-05-18 03:32:52,2.3,12.00,11.97,12.15,2058587,102715,5.0,0,0,0.0,69,51,79,0.00,4.14,13.71,95.81,2512,8
2026-05-18 03:33:53,2.3,11.08,11.69,12.04,2058587,102706,5.0,0,0,0.0,69,51,79,0.00,3.60,12.47,94.24,2507,5
2026-05-18 03:34:53,4.5,12.22,11.91,12.09,2058587,102703,5.0,0,0,0.0,69,51,79,0.00,3.60,14.69,97.12,2511,7
2026-05-18 03:35:54,1.7,11.88,11.90,12.08,2058587,102714,5.0,0,0,0.0,69,51,79,0.00,3.71,14.49,96.42,2505,3
2026-05-18 03:36:54,1.5,12.08,11.96,12.09,2058587,102702,5.0,0,0,0.0,69,51,79,0.00,3.91,14.06,96.28,2491,6
2026-05-18 03:37:54,3.3,11.93,11.90,12.06,2058587,102721,5.0,0,0,0.0,69,51,79,0.00,3.46,12.76,95.00,2486,7
2026-05-18 03:38:55,3.3,10.99,11.66,11.96,2058587,102689,5.0,0,0,0.0,69,51,79,0.00,6.00,11.19,92.99,2490,8
2026-05-18 03:39:55,1.9,10.98,11.55,11.91,2058587,102695,5.0,0,0,0.0,69,51,79,0.00,3.72,10.37,92.04,2496,3
2026-05-18 03:40:55,3.4,11.97,11.69,11.93,2058587,102735,5.0,0,0,0.0,69,51,79,0.00,3.59,13.61,95.62,2503,7
2026-05-18 03:41:56,2.2,11.40,11.59,11.88,2058587,102693,5.0,0,0,0.0,69,51,79,0.00,4.12,12.11,94.02,2514,7
2026-05-18 03:42:56,3.4,12.65,11.78,11.92,2058587,102727,5.0,0,0,0.0,69,51,79,0.00,3.91,12.17,94.13,2506,8
2026-05-18 03:43:57,3.0,12.37,11.86,11.94,2058587,102738,5.0,0,0,0.0,69,51,79,0.00,3.66,14.30,103.79,2503,5
2026-05-18 03:44:57,3.3,12.03,11.83,11.92,2058587,102728,5.0,0,0,0.0,69,51,79,0.00,3.46,14.93,97.53,2496,9
2026-05-18 03:45:57,4.4,10.95,11.53,11.81,2058587,102701,5.0,0,0,0.0,69,51,79,0.00,5.39,11.44,93.19,2490,6
2026-05-18 03:46:58,2.0,10.89,11.41,11.75,2058587,102708,5.0,0,0,0.0,69,51,79,0.00,4.08,13.72,95.98,2490,12
2026-05-18 03:47:58,3.1,11.23,11.39,11.72,2058587,102708,5.0,0,0,0.0,69,51,79,0.00,3.82,13.19,95.22,2493,4
2026-05-18 03:48:58,3.1,11.19,11.34,11.68,2058587,102695,5.0,0,0,0.0,69,51,79,0.00,3.62,14.80,97.10,2496,4
2026-05-18 03:49:59,11.8,11.51,11.42,11.69,2058587,102712,5.0,0,0,0.0,69,51,79,0.00,3.73,13.95,96.15,2502,6
2026-05-18 03:50:59,2.1,13.63,11.97,11.86,2058587,102712,5.0,0,0,0.0,69,51,79,0.00,11.66,14.72,97.09,2500,6
2026-05-18 03:51:59,3.2,12.42,11.89,11.84,2058587,102705,5.0,0,0,0.0,69,51,79,0.00,3.95,13.07,95.12,2499,5
2026-05-18 03:53:00,3.2,17.82,13.45,12.37,2058587,102729,5.0,0,0,0.0,69,51,79,0.00,3.92,14.21,96.81,2496,5
2026-05-18 03:54:00,1.8,26.69,15.80,13.19,2058587,102762,5.0,0,0,0.0,69,51,79,0.00,3.73,12.34,94.24,2499,6
2026-05-18 03:55:01,3.2,18.16,15.38,13.22,2058587,102737,5.0,0,0,0.0,69,51,79,0.00,3.89,14.01,96.23,2505,9
2026-05-18 03:56:01,1.8,13.76,14.69,13.11,2058587,102677,5.0,0,0,0.0,69,51,79,0.00,4.04,12.23,94.02,2493,5
2026-05-18 03:57:01,10.1,12.58,14.26,13.07,2058587,102726,5.0,0,0,0.0,69,51,79,0.00,3.47,14.16,103.06,2494,6
2026-05-18 03:58:02,3.4,11.98,13.75,12.97,2058587,102738,5.0,0,0,0.0,69,51,79,0.00,3.80,14.19,96.44,2498,7
2026-05-18 03:59:02,3.3,11.54,13.31,12.87,2058587,102722,5.0,0,0,0.0,69,51,79,0.00,3.69,13.59,95.60,2493,22
2026-05-18 04:00:02,3.4,10.99,12.84,12.74,2058587,102716,5.0,0,0,0.0,69,51,79,0.00,3.79,13.21,95.61,2488,5
2026-05-18 04:01:03,1.4,11.74,12.78,12.73,2058587,102680,5.0,0,0,0.0,69,51,79,0.00,4.00,12.90,95.19,2496,2
2026-05-18 04:02:03,3.3,11.97,12.66,12.68,2058587,102742,5.0,0,0,0.0,69,51,79,0.00,3.99,12.26,93.92,2488,5
2026-05-18 04:03:04,2.0,12.96,12.76,12.72,2058587,102729,5.0,0,0,0.0,69,51,79,0.00,4.10,14.51,96.81,2485,4
2026-05-18 04:04:04,6.7,11.60,12.43,12.61,2058587,102702,5.0,0,0,0.0,69,51,79,0.00,3.53,12.28,94.10,2485,9
2026-05-18 04:05:04,2.1,13.50,12.91,12.76,2058587,102729,5.0,0,0,0.0,69,51,79,0.00,3.76,14.85,97.27,2494,4
2026-05-18 04:06:05,2.3,12.67,12.78,12.72,2058587,102716,5.0,0,0,0.0,69,51,79,0.00,4.21,14.09,96.40,2502,6
2026-05-18 04:07:05,1.9,11.88,12.51,12.64,2058587,102717,5.0,0,0,0.0,69,51,79,0.00,3.83,13.13,94.98,2490,6
2026-05-18 04:08:05,3.4,11.30,12.23,12.53,2058587,102638,5.0,0,0,0.0,69,51,79,0.00,3.46,13.75,14.21,2488,22
2026-05-18 04:09:06,3.3,12.22,12.40,12.58,2058587,102651,5.0,0,0,0.0,69,51,79,0.00,3.82,15.81,16.57,2488,5
2026-05-18 04:10:06,3.2,11.61,12.18,12.49,2058587,102663,5.0,0,0,0.0,69,51,79,0.00,3.87,15.72,16.47,2483,4
2026-05-18 04:11:07,2.1,11.75,12.08,12.43,2058587,102647,5.0,0,0,0.0,69,51,79,0.00,4.20,16.13,16.51,2479,6
2026-05-18 04:12:07,3.5,11.20,11.91,12.35,2058587,102744,5.0,0,0,0.0,69,51,79,0.00,3.76,12.24,71.99,2484,6
2026-05-18 04:13:07,2.9,10.50,11.60,12.22,2058587,102724,5.0,0,0,0.0,69,51,79,0.00,3.85,12.19,95.64,2483,5
2026-05-18 04:14:08,2.0,10.73,11.47,12.13,2058587,102707,5.0,0,0,0.0,69,51,79,0.00,4.09,14.01,95.99,2484,6
2026-05-18 04:15:08,3.1,12.92,11.94,12.25,2058587,102749,5.0,0,0,0.0,69,51,79,0.00,3.43,14.51,96.65,2481,20
2026-05-18 04:16:08,8.8,12.60,12.00,12.25,2058587,102722,5.0,0,0,0.0,69,51,79,0.00,4.09,14.74,97.17,2484,23
2026-05-18 04:17:09,3.2,12.71,12.14,12.28,2058587,102725,5.0,0,0,0.0,69,51,79,0.00,3.78,14.76,97.18,2487,5
2026-05-18 04:18:09,2.2,11.67,12.02,12.23,2058587,102705,5.0,0,0,0.0,69,51,79,0.00,3.79,12.73,94.80,2487,9
2026-05-18 04:19:10,3.2,11.99,11.98,12.20,2058587,102722,5.0,0,0,0.0,69,51,79,0.00,3.61,13.40,95.37,2482,7
2026-05-18 04:20:10,3.3,12.49,12.11,12.23,2058587,102743,5.0,0,0,0.0,69,51,79,0.00,3.74,14.70,96.91,2477,5
2026-05-18 04:21:10,1.8,12.36,12.23,12.27,2058587,102717,5.0,0,0,0.0,69,51,79,0.00,4.19,14.47,96.99,2474,3
2026-05-18 04:22:11,3.2,11.90,12.14,12.24,2058587,102704,5.0,0,0,0.0,69,51,79,0.00,4.14,15.25,49.95,2472,7
2026-05-18 04:23:11,3.5,11.55,12.02,12.19,2058587,102670,5.0,0,0,0.0,69,51,79,0.00,3.59,15.49,16.15,2476,6
2026-05-18 04:24:11,9.3,11.96,12.03,12.18,2058587,102716,5.0,0,0,0.0,69,51,79,0.00,3.74,12.91,88.07,2473,5
2026-05-18 04:25:12,3.2,11.92,12.01,12.17,2058587,102732,5.0,0,0,0.0,69,51,79,0.00,3.77,14.61,96.92,2475,9
2026-05-18 04:26:12,2.2,14.21,12.54,12.33,2058587,102715,5.0,0,0,0.0,69,51,79,0.00,3.93,13.43,95.76,2475,6
2026-05-18 04:27:12,2.2,12.37,12.33,12.27,2058587,102720,5.0,0,0,0.0,69,51,79,0.00,4.24,11.02,92.72,2482,5
2026-05-18 04:28:13,3.3,11.69,12.11,12.20,2058587,102736,5.0,0,0,0.0,69,51,79,0.00,5.26,13.02,94.86,2478,10
2026-05-18 04:29:13,2.2,12.43,12.18,12.21,2058587,102716,5.0,0,0,0.0,69,51,79,0.00,4.64,14.32,96.63,2478,6
2026-05-18 04:30:14,1.9,11.32,11.89,12.10,2058587,102717,5.0,0,0,0.0,69,51,79,0.00,3.76,13.68,95.61,2484,5
2026-05-18 04:31:14,2.0,10.84,11.64,12.00,2058587,102735,5.0,0,0,0.0,69,51,79,0.00,4.19,10.11,91.79,2479,3
2026-05-18 04:32:14,1.6,11.85,11.79,12.03,2058587,102721,5.0,0,0,0.0,69,51,79,0.00,4.74,13.26,95.38,2478,4
2026-05-18 04:33:15,2.9,12.65,11.99,12.08,2058587,102742,5.0,0,0,0.0,69,51,79,0.00,4.23,14.04,96.06,2482,5
2026-05-18 04:34:15,3.5,11.72,11.82,12.01,2058587,102708,5.0,0,0,0.0,69,51,79,0.00,3.84,14.01,96.11,2484,6
2026-05-18 04:35:15,3.6,12.01,11.91,12.03,2058587,102722,5.0,0,0,0.0,69,51,79,0.00,3.79,14.65,96.97,2477,6
2026-05-18 04:36:16,1.5,12.09,12.06,12.08,2058587,102711,5.0,0,0,0.0,69,51,79,0.00,3.88,13.40,95.56,2480,5
2026-05-18 04:37:16,3.0,19.56,14.34,12.87,2058587,102723,5.0,0,0,0.0,69,51,79,0.00,3.64,14.12,96.16,2481,7
2026-05-18 04:38:16,3.1,18.52,14.98,13.18,2058587,102747,5.0,0,0,0.0,69,51,79,0.00,3.61,13.81,102.91,2477,2
2026-05-18 04:39:17,3.5,16.94,15.05,13.31,2058587,102729,5.0,0,0,0.0,69,51,79,0.00,3.87,12.10,93.92,2488,8
2026-05-18 04:40:17,4.3,19.37,16.07,13.77,2058587,102742,5.0,0,0,0.0,69,51,79,0.00,3.61,13.32,95.44,2485,5
2026-05-18 04:41:18,3.3,18.53,16.31,13.99,2058587,102750,5.0,0,0,0.0,69,51,79,0.00,4.29,12.87,94.82,2484,7
2026-05-18 04:42:18,3.2,18.49,16.66,14.25,2058587,102747,5.0,0,0,0.0,69,51,79,0.00,4.48,14.68,97.06,2476,14
2026-05-18 04:43:18,1.3,16.45,16.42,14.32,2058587,102713,5.0,0,0,0.0,69,51,79,0.00,3.89,12.01,94.16,2486,4
2026-05-18 04:44:19,1.8,13.97,15.61,14.17,2058587,102750,5.0,0,0,0.0,69,51,79,0.00,3.85,10.78,92.51,2477,7
2026-05-18 04:45:19,3.5,16.92,16.08,14.42,2058587,102764,5.0,0,0,0.0,69,51,79,0.00,3.54,14.54,96.53,2483,6
2026-05-18 04:46:19,1.5,14.86,15.75,14.42,2058587,102746,5.0,0,0,0.0,69,51,79,0.00,3.97,12.64,94.88,2488,1
2026-05-18 04:47:20,3.2,18.80,16.82,14.88,2058587,102743,5.0,0,0,0.0,69,51,79,0.00,3.62,13.42,95.52,2490,7
2026-05-18 04:48:20,2.0,14.72,16.03,14.72,2058587,102733,5.0,0,0,0.0,69,51,79,0.00,4.05,14.68,96.78,2490,5
2026-05-18 04:49:20,1.7,12.24,15.12,14.49,2058587,102725,5.0,0,0,0.0,69,51,79,0.00,3.56,11.79,94.05,2486,4
2026-05-18 04:50:21,3.5,11.92,14.58,14.35,2058587,102742,5.0,0,0,0.0,69,51,79,0.00,3.84,11.49,93.32,2483,5
2026-05-18 04:51:21,3.3,14.24,14.78,14.43,2058587,102744,5.0,0,0,0.0,69,51,79,0.00,4.11,14.51,100.77,2483,9
2026-05-18 04:52:22,1.4,12.58,14.26,14.28,2058587,102733,5.0,0,0,0.0,69,51,79,0.00,3.76,13.29,98.57,2493,5
2026-05-18 04:53:22,3.4,11.79,13.69,14.08,2058587,102728,5.0,0,0,0.0,69,51,79,0.00,3.86,9.28,90.99,2500,6
2026-05-18 04:54:22,2.1,11.14,13.17,13.88,2058587,102755,5.0,0,0,0.0,69,51,79,0.00,3.96,9.31,91.17,2505,4
2026-05-18 04:55:23,1.5,10.79,12.69,13.66,2058587,102727,5.0,0,0,0.0,69,51,79,0.00,3.74,8.47,90.06,2506,4
2026-05-18 04:56:23,2.1,11.99,12.65,13.59,2058587,102740,5.0,0,0,0.0,69,51,79,0.00,3.75,14.54,96.52,2505,5
2026-05-18 04:57:23,7.0,12.11,12.58,13.50,2058587,102735,5.0,0,0,0.0,69,51,79,0.00,3.78,14.28,96.45,2497,20
2026-05-18 04:58:24,2.1,12.08,12.54,13.43,2058587,102743,5.0,0,0,0.0,69,51,79,0.00,3.77,12.48,94.62,2493,7
2026-05-18 04:59:24,1.4,11.60,12.31,13.29,2058587,102722,5.0,0,0,0.0,69,51,79,0.00,3.84,12.94,94.96,2494,2
2026-05-18 05:00:25,3.2,10.99,11.99,13.12,2058587,102747,5.0,0,0,0.0,69,51,79,0.00,3.59,12.06,93.88,2501,4
2026-05-18 05:01:25,1.9,11.53,11.99,13.04,2058587,102755,5.0,0,0,0.0,69,51,79,0.00,4.20,14.03,96.32,2495,7
2026-05-18 05:02:25,3.3,11.41,11.87,12.93,2058587,102759,5.0,0,0,0.0,69,51,79,0.00,3.91,14.04,96.13,2495,24
2026-05-18 05:03:26,1.9,11.59,11.86,12.86,2058587,102713,5.0,0,0,0.0,69,51,79,0.00,3.74,14.66,96.89,2494,3
2026-05-18 05:04:26,2.6,13.10,12.13,12.89,2058587,102726,5.0,0,0,0.0,69,51,79,0.00,3.86,14.34,96.51,2483,3
2026-05-18 05:05:26,2.6,12.33,12.08,12.82,2058587,102780,5.0,0,0,0.0,69,51,79,0.00,3.84,14.58,103.75,2493,3
2026-05-18 05:06:27,3.2,11.76,11.94,12.72,2058587,102747,5.0,0,0,0.0,69,51,79,0.00,3.88,14.62,96.66,2489,8
2026-05-18 05:07:27,2.0,12.18,12.01,12.70,2058587,102748,5.0,0,0,0.0,69,51,79,0.00,3.61,14.55,96.72,2487,7
2026-05-18 05:08:27,2.3,11.85,11.91,12.62,2058587,102751,5.0,0,0,0.0,69,51,79,0.00,3.76,13.52,95.43,2493,4
2026-05-18 05:09:28,1.6,12.63,12.17,12.66,2058587,102735,5.0,0,0,0.0,69,51,79,0.00,3.94,14.00,96.38,2494,6
2026-05-18 05:10:28,1.9,12.29,12.12,12.61,2058587,102758,5.0,0,0,0.0,69,51,79,0.00,3.77,12.78,94.79,2478,5
2026-05-18 05:11:29,3.1,11.35,11.86,12.49,2058587,102746,5.0,0,0,0.0,69,51,79,0.00,3.94,13.56,96.01,2484,5
2026-05-18 05:12:29,3.3,12.91,12.14,12.54,2058587,102753,5.0,0,0,0.0,69,51,79,0.00,4.02,14.81,97.30,2482,5
2026-05-18 05:13:29,3.7,12.79,12.23,12.55,2058587,102749,5.0,0,0,0.0,69,51,79,0.00,3.75,14.85,97.33,2484,4
2026-05-18 05:14:30,3.0,13.12,12.58,12.66,2058587,102680,5.0,0,0,0.0,69,51,79,0.00,3.65,15.90,16.90,2487,5
2026-05-18 05:15:30,3.5,12.36,12.46,12.61,2058587,102678,5.0,0,0,0.0,69,51,79,0.00,3.68,16.00,16.80,2492,5
2026-05-18 05:16:30,3.3,13.23,12.86,12.75,2058587,102667,5.0,0,0,0.0,69,51,79,0.00,3.92,15.57,16.40,2487,9
2026-05-18 05:17:31,2.0,11.64,12.49,12.63,2058587,102660,5.0,0,0,0.0,69,51,79,0.00,3.93,14.21,14.73,2496,9
2026-05-18 05:18:31,3.2,17.06,14.14,13.20,2058587,102736,5.0,0,0,0.0,69,51,79,0.00,3.60,15.33,70.22,2482,6
2026-05-18 05:19:32,2.8,16.60,14.65,13.44,2058587,102770,5.0,0,0,0.0,69,51,79,0.00,3.73,14.11,103.15,2488,3
2026-05-18 05:20:32,6.1,13.89,14.19,13.35,2058587,102769,5.0,0,0,0.0,69,51,79,0.00,3.71,14.24,96.48,2486,6
2026-05-18 05:21:32,2.3,11.39,13.47,13.16,2058587,102751,5.0,0,0,0.0,69,51,79,0.00,4.16,10.31,92.08,2489,14
2026-05-18 05:22:33,3.4,11.39,13.07,13.04,2058587,102754,5.0,0,0,0.0,69,51,79,0.00,3.86,11.58,93.61,2485,9
2026-05-18 05:23:33,3.6,11.32,12.71,12.91,2058587,102763,5.0,0,0,0.0,69,51,79,0.00,3.84,12.33,94.33,2491,6
2026-05-18 05:24:33,4.0,12.06,12.66,12.88,2058587,102782,5.0,0,0,0.0,69,51,79,0.00,3.73,14.49,96.94,2487,30
2026-05-18 05:25:34,1.8,12.75,12.79,12.92,2058587,102764,5.0,0,0,0.0,69,51,79,0.00,3.55,14.60,97.03,2476,23
2026-05-18 05:26:34,1.4,11.53,12.43,12.79,2058587,102746,5.0,0,0,0.0,69,51,79,0.00,5.12,12.55,94.47,2482,4
2026-05-18 05:27:34,1.9,10.77,12.06,12.63,2058587,102730,5.0,0,0,0.0,69,51,79,0.00,4.05,11.90,93.87,2490,3
2026-05-18 05:28:35,2.2,11.23,11.99,12.58,2058587,102737,5.0,0,0,0.0,69,51,79,0.00,3.71,14.24,48.87,2494,5
2026-05-18 05:29:35,3.5,11.42,11.90,12.51,2058587,102680,5.0,0,0,0.0,69,51,79,0.00,3.46,15.69,16.63,2488,7
2026-05-18 05:30:36,3.2,14.02,12.50,12.67,2058587,102792,5.0,0,0,0.0,69,51,79,0.00,3.88,14.48,83.36,2492,4
2026-05-18 05:31:36,1.5,17.82,13.54,13.00,2058587,102754,5.0,0,0,0.0,69,51,79,0.00,4.20,13.23,95.26,2498,6
2026-05-18 05:32:36,3.7,13.33,13.04,12.86,2058587,102770,5.0,0,0,0.0,69,51,79,0.00,4.02,13.88,102.86,2490,8
2026-05-18 05:33:37,3.3,12.25,12.79,12.79,2058587,102789,5.0,0,0,0.0,69,51,79,0.00,3.54,14.75,97.37,2489,7
2026-05-18 05:34:37,3.7,13.81,13.15,12.91,2058587,102767,5.0,0,0,0.0,69,51,79,0.00,3.65,14.42,96.80,2490,7
2026-05-18 05:35:37,2.4,11.64,12.62,12.74,2058587,102755,5.0,0,0,0.0,69,51,79,0.00,3.90,9.81,91.55,2496,6
2026-05-18 05:36:38,2.0,28.47,16.58,14.05,2058587,102759,5.0,0,0,0.0,69,51,79,0.00,3.81,11.87,93.74,2490,5
2026-05-18 05:37:38,2.0,20.09,16.31,14.12,2058587,102751,5.0,0,0,0.0,69,51,79,0.00,3.84,14.64,97.02,2485,4
2026-05-18 05:38:38,1.9,31.69,20.04,15.51,2058587,102781,5.0,0,0,0.0,69,51,79,0.00,3.73,12.61,94.40,2490,3
2026-05-18 05:39:39,2.0,18.21,18.29,15.19,2058587,102760,5.0,0,0,0.0,69,51,79,0.00,3.69,10.82,92.53,2489,5
2026-05-18 05:40:39,3.1,16.17,17.53,15.11,2058587,102788,5.0,0,0,0.0,69,51,79,0.00,3.60,13.18,95.36,2483,6
2026-05-18 05:41:40,3.3,13.58,16.55,14.92,2058587,102772,5.0,0,0,0.0,69,51,79,0.00,4.12,14.28,96.46,2482,8
2026-05-18 05:42:40,3.3,13.29,16.00,14.84,2058587,102790,5.0,0,0,0.0,69,51,79,0.00,4.00,14.24,96.29,2480,5
2026-05-18 05:43:40,1.8,13.94,15.71,14.81,2058587,102788,5.0,0,0,0.0,69,51,79,0.00,3.75,14.34,96.59,2476,8
2026-05-18 05:44:41,1.7,12.58,15.00,14.62,2058587,102780,5.0,0,0,0.0,69,51,79,0.00,3.60,14.45,96.98,2487,3
2026-05-18 05:45:41,0.3,10.52,14.03,14.32,2058587,29578,1.4,0,0,0.0,69,51,79,0.00,33.99,-4867.14,-10402.55,2489,3
2026-05-18 05:46:41,1.1,8.92,12.93,13.92,2058587,29447,1.4,0,0,0.0,69,51,79,0.00,4.53,0.38,88.16,2485,1
2026-05-18 05:47:42,0.4,9.66,12.48,13.70,2058587,29459,1.4,0,0,0.0,69,51,79,0.00,2.34,0.32,81.40,2478,3
2026-05-18 05:48:42,0.7,8.74,11.67,13.34,2058587,29391,1.4,0,0,0.0,69,51,79,0.00,2.21,0.38,81.44,2467,2
2026-05-18 05:49:42,0.5,8.66,11.12,13.05,2058587,29428,1.4,0,0,0.0,69,51,79,0.00,2.35,0.34,81.39,2451,3
2026-05-18 05:50:43,0.3,8.42,10.60,12.74,2058587,29399,1.4,0,0,0.0,69,51,79,0.00,2.61,0.32,81.41,2258,2
2026-05-18 05:51:43,0.5,8.52,10.23,12.48,2058587,29390,1.4,0,0,0.0,69,51,79,0.00,2.56,0.36,81.42,2272,1
2026-05-18 05:52:43,0.2,8.22,9.83,12.20,2058587,29381,1.4,0,0,0.0,69,51,79,0.00,2.12,0.34,81.43,2287,1
2026-05-18 05:53:44,0.2,8.36,9.57,11.96,2058587,29378,1.4,0,0,0.0,69,51,79,0.00,2.31,0.36,81.39,2303,1
2026-05-18 05:54:44,0.3,8.16,9.30,11.72,2058587,29376,1.4,0,0,0.0,69,51,79,0.00,2.33,0.35,81.42,2310,1
2026-05-18 05:55:44,0.3,8.45,9.18,11.52,2058587,29381,1.4,0,0,0.0,69,51,79,0.00,2.25,0.32,81.57,2316,1
2026-05-18 05:56:45,0.2,8.16,8.96,11.30,2058587,29386,1.4,0,0,0.0,69,51,79,0.00,2.54,0.40,81.39,2308,1
2026-05-18 05:57:45,0.3,8.40,8.88,11.12,2058587,29376,1.4,0,0,0.0,69,51,79,0.00,2.24,0.32,81.39,2303,1
2026-05-18 05:58:46,0.4,8.37,8.81,10.96,2058587,29374,1.4,0,0,0.0,69,51,79,0.00,2.26,0.33,81.44,2296,1
2026-05-18 05:59:46,0.3,8.30,8.71,10.79,2058587,29362,1.4,0,0,0.0,69,51,79,0.00,2.14,0.37,81.42,2300,2
2026-05-18 06:00:46,0.2,8.88,8.80,10.68,2058587,29396,1.4,0,0,0.0,69,51,79,0.00,2.54,0.34,81.41,2289,2
2026-05-18 06:01:47,0.3,8.91,8.82,10.57,2058587,29385,1.4,0,0,0.0,69,51,79,0.00,2.62,0.38,88.16,2291,1
2026-05-18 06:02:47,0.3,8.66,8.77,10.44,2058587,29395,1.4,0,0,0.0,69,51,79,0.00,2.26,0.32,81.39,2294,1
2026-05-18 06:03:47,0.6,8.44,8.68,10.30,2058587,29391,1.4,0,0,0.0,69,51,79,0.00,2.14,0.31,81.41,2293,2
2026-05-18 06:04:48,0.3,8.24,8.58,10.17,2058587,29398,1.4,0,0,0.0,69,51,79,0.00,2.35,0.38,81.42,2290,1
2026-05-18 06:05:48,0.5,8.25,8.51,10.03,2058587,29370,1.4,0,0,0.0,69,51,79,0.00,2.47,0.35,81.43,2293,1
2026-05-18 06:06:48,0.2,8.14,8.43,9.91,2058587,29402,1.4,0,0,0.0,69,51,79,0.00,3.37,0.36,81.46,2293,1
2026-05-18 06:07:49,0.2,8.39,8.46,9.82,2058587,29508,1.4,0,0,0.0,69,51,79,29.44,8.12,0.64,83.73,2291,2
2026-05-18 06:08:49,0.3,8.34,8.43,9.73,2058587,29537,1.4,0,0,0.0,69,51,79,0.00,2.55,0.33,81.41,2291,1
2026-05-18 06:09:49,0.4,8.42,8.42,9.64,2058587,29510,1.4,0,0,0.0,69,51,79,0.00,2.31,0.37,81.39,2288,2
2026-05-18 06:10:50,0.3,8.36,8.41,9.56,2058587,29498,1.4,0,0,0.0,69,51,79,0.00,2.46,0.29,81.41,2284,1
2026-05-18 06:11:50,0.2,8.18,8.35,9.46,2058587,29490,1.4,0,0,0.0,69,51,79,0.00,2.39,0.43,81.41,2284,1
2026-05-18 06:12:50,0.2,8.27,8.36,9.40,2058587,29492,1.4,0,0,0.0,69,51,79,0.00,2.36,0.36,81.45,2291,1
