timestamp,cpu_percent,load_1m,load_5m,load_15m,mem_total_mb,mem_used_mb,mem_percent,swap_total_mb,swap_used_mb,swap_percent,disk_total_gb,disk_used_gb,disk_percent,disk_read_mb,disk_write_mb,net_rx_mb,net_tx_mb,procs_total,procs_running
2026-05-16 04:31:46,3.5,12.18,12.45,12.94,1545545,90251,5.8,0,0,0.0,1007,471,49,1.61,4.13,1.06,8.15,2447,2
2026-05-16 04:32:46,0.5,12.11,12.55,12.96,1545545,18612,1.2,0,0,0.0,1007,471,49,2.88,11.44,2.15,3.35,2330,1
2026-05-16 04:33:47,1.6,10.85,12.10,12.77,1545545,23332,1.5,0,0,0.0,1007,471,49,2.60,9.83,1.77,2.84,2337,3
2026-05-16 04:34:47,4.0,10.51,11.79,12.62,1545545,30279,2.0,0,0,0.0,1007,471,49,1.77,5.23,0.89,2.52,2330,3
2026-05-16 04:35:47,5.1,11.01,11.63,12.51,1545545,39859,2.6,0,0,0.0,1007,471,49,1.76,3.56,1.17,2.99,2339,10
2026-05-16 04:36:48,5.6,15.06,12.69,12.82,1545545,40163,2.6,0,0,0.0,1007,471,49,5.96,3.64,0.88,2.52,2339,11
2026-05-16 04:37:48,2.1,36.13,17.88,14.53,1545545,86479,5.6,0,0,0.0,1007,471,49,1.78,95.90,0.96,2.71,2440,4
2026-05-16 04:38:48,5.4,23.95,17.68,14.67,1545545,90453,5.9,0,0,0.0,1007,471,49,1.70,68.48,1.00,2.63,2463,12
2026-05-16 04:39:49,1.6,16.88,16.98,14.64,1545545,90205,5.8,0,0,0.0,1007,471,49,1.41,189.41,1.39,4.72,2476,3
2026-05-16 04:40:49,1.9,13.49,15.99,14.45,1545545,90197,5.8,0,0,0.0,1007,471,49,1.60,2.75,1.01,7.38,2470,4
2026-05-16 04:41:49,1.9,12.58,15.32,14.32,1545545,90223,5.8,0,0,0.0,1007,471,49,2.57,2.57,1.04,7.40,2479,5
2026-05-16 04:42:50,1.4,11.50,14.56,14.12,1545545,19762,1.3,0,0,0.0,1007,471,49,7.02,20.09,4.60,5.25,2369,3
2026-05-16 04:43:50,1.1,10.26,13.62,13.82,1545545,25016,1.6,0,0,0.0,1007,471,49,1.23,6.20,0.48,1.64,2339,2
2026-05-16 04:44:50,1.4,11.93,13.52,13.77,1545545,32276,2.1,0,0,0.0,1007,471,49,2.13,4.82,0.45,1.56,2309,2
2026-05-16 04:45:51,4.8,13.70,13.64,13.79,1545545,38489,2.5,0,0,0.0,1007,471,49,3749.87,4.00,0.90,1.86,2342,1
2026-05-16 04:46:51,6.0,15.74,14.26,14.00,1545545,38616,2.5,0,0,0.0,1007,471,49,9021.71,3.76,0.39,1.54,2335,9
2026-05-16 04:47:51,4.9,16.64,14.77,14.19,1545545,38674,2.5,0,0,0.0,1007,471,49,9121.23,3.14,0.51,1.74,2306,3
2026-05-16 04:48:52,5.0,16.95,15.19,14.37,1545545,38672,2.5,0,0,0.0,1007,471,49,8996.57,3.52,0.47,1.56,2325,3
2026-05-16 04:49:52,5.1,17.15,15.57,14.56,1545545,38721,2.5,0,0,0.0,1007,471,49,8996.54,3.54,0.57,1.59,2343,3
2026-05-16 04:50:52,5.0,17.09,15.87,14.73,1545545,38763,2.5,0,0,0.0,1007,471,49,9147.16,2.32,0.46,1.53,2318,4
2026-05-16 04:51:53,4.4,18.37,16.40,14.98,1545545,44537,2.9,0,0,0.0,1007,471,49,8975.11,25.27,0.44,1.57,2344,8
2026-05-16 04:52:53,4.2,17.76,16.54,15.12,1545545,50253,3.3,0,0,0.0,1007,471,49,8980.84,19.29,0.50,1.67,2362,1
2026-05-16 04:53:53,2.3,19.12,17.02,15.36,1545545,68999,4.5,0,0,0.0,1007,471,49,7536.52,4.00,0.45,1.62,2419,5
2026-05-16 04:54:54,1.8,19.16,17.45,15.62,1545545,84830,5.5,0,0,0.0,1007,471,49,2.24,3.87,0.49,1.58,2466,5
2026-05-16 04:55:54,1.9,17.94,17.47,15.74,1545545,87857,5.7,0,0,0.0,1007,471,49,5.04,149.00,0.58,1.67,2476,3
2026-05-16 04:56:54,2.0,13.97,16.41,15.48,1545545,87923,5.7,0,0,0.0,1007,471,49,2.78,5.06,1.28,2.27,2476,5
2026-05-16 04:57:55,3.2,12.79,15.57,15.26,1545545,87888,5.7,0,0,0.0,1007,471,49,2.69,3.00,3.69,4.58,2475,5
2026-05-16 04:58:55,3.8,12.31,14.87,15.03,1545545,87905,5.7,0,0,0.0,1007,471,49,2.49,3.11,7.76,8.95,2467,3
2026-05-16 04:59:55,10.4,12.23,14.43,14.87,1545545,87879,5.7,0,0,0.0,1007,471,49,2.48,2.61,9.12,10.13,2480,14
2026-05-16 05:00:56,2.4,11.70,13.86,14.64,1545545,87857,5.7,0,0,0.0,1007,471,49,3.35,2.68,6.04,6.65,2483,5
2026-05-16 05:01:56,2.7,11.73,13.47,14.45,1545545,87894,5.7,0,0,0.0,1007,471,49,5.03,41.34,0.47,1.54,2478,5
2026-05-16 05:02:56,2.1,11.02,12.94,14.21,1545545,87941,5.7,0,0,0.0,1007,471,49,5.06,2.96,0.57,1.65,2476,2
2026-05-16 05:03:57,1.9,12.34,13.06,14.18,1545545,87902,5.7,0,0,0.0,1007,471,49,2.78,2.73,5.03,6.23,2475,4
2026-05-16 05:04:57,3.6,11.79,12.76,14.00,1545545,87916,5.7,0,0,0.0,1007,471,49,2.12,2.94,1.91,2.94,2470,3
2026-05-16 05:05:57,2.0,11.72,12.57,13.86,1545545,87885,5.7,0,0,0.0,1007,471,49,4.87,2.82,6.03,7.21,2463,3
2026-05-16 05:06:58,2.0,11.52,12.32,13.69,1545545,87928,5.7,0,0,0.0,1007,471,49,4.91,2.85,0.42,1.54,2464,6
2026-05-16 05:07:58,1.8,12.61,12.41,13.62,1545545,87949,5.7,0,0,0.0,1007,471,49,2.70,2.88,1.64,2.67,2460,3
2026-05-16 05:08:58,1.8,12.05,12.26,13.49,1545545,87959,5.7,0,0,0.0,1007,471,49,3.74,3.05,0.52,1.78,2468,1
2026-05-16 05:09:59,1.6,11.52,12.04,13.34,1545545,87914,5.7,0,0,0.0,1007,471,49,3.39,2.86,0.46,1.54,2468,7
2026-05-16 05:10:59,1.8,11.79,11.99,13.24,1545545,87911,5.7,0,0,0.0,1007,471,49,3.71,2.72,0.43,1.57,2478,1
2026-05-16 05:11:59,1.9,11.54,11.87,13.11,1545545,87939,5.7,0,0,0.0,1007,471,49,4.34,3.01,0.50,1.56,2470,8
2026-05-16 05:13:00,1.6,11.00,11.65,12.96,1545545,87959,5.7,0,0,0.0,1007,471,49,3.40,2.89,0.47,1.55,2458,2
2026-05-16 05:14:00,1.9,10.71,11.44,12.80,1545545,87942,5.7,0,0,0.0,1007,471,49,2.27,2.81,0.51,1.81,2461,4
2026-05-16 05:15:01,3.7,11.79,11.60,12.76,1545545,87965,5.7,0,0,0.0,1007,471,49,4.12,2.91,3.96,4.81,2472,5
2026-05-16 05:16:01,1.6,10.50,11.27,12.58,1545545,87925,5.7,0,0,0.0,1007,471,49,4.85,3.04,3.70,4.53,2469,6
2026-05-16 05:17:01,3.6,14.78,12.09,12.76,1545545,88000,5.7,0,0,0.0,1007,471,49,3.08,3.11,7.79,8.76,2484,5
2026-05-16 05:18:02,1.7,13.55,12.29,12.79,1545545,87994,5.7,0,0,0.0,1007,471,49,3.90,2.69,6.81,8.46,2478,1
2026-05-16 05:19:02,1.5,11.61,11.98,12.65,1545545,87977,5.7,0,0,0.0,1007,471,49,4.16,2.94,1.35,2.45,2470,2
2026-05-16 05:20:02,1.4,11.28,11.83,12.56,1545545,87980,5.7,0,0,0.0,1007,471,49,3.68,2.62,1.66,2.67,2480,4
2026-05-16 05:21:03,1.4,15.35,13.16,12.98,1545545,87984,5.7,0,0,0.0,1007,471,49,5.32,2.71,4.61,5.89,2485,5
2026-05-16 05:22:03,6.9,13.42,12.99,12.94,1545545,87990,5.7,0,0,0.0,1007,471,49,3.20,2.95,6.41,7.16,2473,6
2026-05-16 05:23:03,1.6,12.12,12.71,12.85,1545545,88025,5.7,0,0,0.0,1007,471,49,4.02,2.96,3.61,4.43,2478,1
2026-05-16 05:24:04,1.4,10.87,12.22,12.67,1545545,87988,5.7,0,0,0.0,1007,471,49,4.05,2.98,0.52,1.74,2488,4
2026-05-16 05:25:04,1.7,10.83,11.94,12.54,1545545,88005,5.7,0,0,0.0,1007,471,49,2.67,2.77,3.26,4.13,2487,10
2026-05-16 05:26:04,2.2,11.25,11.84,12.46,1545545,88014,5.7,0,0,0.0,1007,471,49,3.56,2.79,6.05,6.63,2475,3
2026-05-16 05:27:05,1.7,11.80,11.87,12.43,1545545,88039,5.7,0,0,0.0,1007,471,49,4.52,3.57,7.50,8.46,2485,2
2026-05-16 05:28:05,1.7,12.06,11.89,12.40,1545545,88028,5.7,0,0,0.0,1007,471,49,3.56,2.89,3.64,4.45,2473,1
2026-05-16 05:29:05,2.9,13.15,12.27,12.50,1545545,88010,5.7,0,0,0.0,1007,471,49,2.18,3.29,8.52,9.14,2474,3
2026-05-16 05:30:06,2.3,12.81,12.34,12.51,1545545,88032,5.7,0,0,0.0,1007,471,49,1.84,2.87,3.72,4.53,2479,3
2026-05-16 05:31:06,1.7,13.14,12.51,12.56,1545545,88010,5.7,0,0,0.0,1007,471,49,1.98,3.02,8.29,9.82,2475,2
2026-05-16 05:32:06,3.2,12.40,12.37,12.51,1545545,88056,5.7,0,0,0.0,1007,471,49,1.83,2.77,7.86,8.65,2466,5
2026-05-16 05:33:07,1.7,13.51,12.74,12.62,1545545,88058,5.7,0,0,0.0,1007,471,49,1.56,2.82,4.42,5.29,2474,4
2026-05-16 05:34:07,3.1,11.55,12.32,12.48,1545545,88032,5.7,0,0,0.0,1007,471,49,1.69,2.72,3.34,4.30,2478,3
2026-05-16 05:35:07,1.6,11.31,12.09,12.40,1545545,88031,5.7,0,0,0.0,1007,471,49,2.18,2.88,1.65,2.64,2479,7
2026-05-16 05:36:08,6.6,12.10,12.23,12.43,1545545,87940,5.7,0,0,0.0,1007,471,49,2.62,2.70,9.43,9.87,2491,16
2026-05-16 05:37:08,11.2,12.50,12.36,12.46,1545545,87955,5.7,0,0,0.0,1007,471,49,2.38,2.95,10.70,12.10,2480,26
2026-05-16 05:38:08,2.8,12.40,12.41,12.48,1545545,87945,5.7,0,0,0.0,1007,471,49,1.60,2.73,8.29,9.65,2474,3
2026-05-16 05:39:09,1.9,11.66,12.14,12.37,1545545,87931,5.7,0,0,0.0,1007,471,49,2.52,2.85,6.29,7.17,2486,7
2026-05-16 05:40:09,1.6,11.08,11.87,12.26,1545545,87937,5.7,0,0,0.0,1007,471,49,3.23,2.82,6.19,7.03,2486,5
2026-05-16 05:41:09,3.3,10.90,11.65,12.16,1545545,87953,5.7,0,0,0.0,1007,471,49,3.30,2.98,7.29,7.75,2480,1
2026-05-16 05:42:10,3.2,12.23,11.78,12.17,1545545,88003,5.7,0,0,0.0,1007,471,49,3.09,2.88,4.61,5.61,2481,3
2026-05-16 05:43:10,2.3,10.85,11.49,12.04,1545545,88015,5.7,0,0,0.0,1007,471,49,2.66,2.69,6.88,7.59,2490,2
2026-05-16 05:44:10,2.1,11.23,11.47,12.00,1545545,87976,5.7,0,0,0.0,1007,471,49,1.85,2.95,6.94,7.49,2481,2
2026-05-16 05:45:11,1.7,10.85,11.33,11.92,1545545,87979,5.7,0,0,0.0,1007,471,49,2.96,3.02,2.90,3.85,2477,1
2026-05-16 05:46:11,2.4,10.98,11.27,11.86,1545545,87982,5.7,0,0,0.0,1007,471,49,1.95,2.88,0.43,1.55,2495,6
2026-05-16 05:47:11,4.6,12.18,11.56,11.92,1545545,88030,5.7,0,0,0.0,1007,471,49,1.90,2.84,8.62,9.87,2485,9
2026-05-16 05:48:12,2.2,11.14,11.40,11.85,1545545,88033,5.7,0,0,0.0,1007,471,49,3.02,2.92,4.09,4.93,2471,5
2026-05-16 05:49:12,1.6,11.58,11.52,11.86,1545545,88008,5.7,0,0,0.0,1007,471,49,2.42,2.97,2.72,3.71,2484,4
2026-05-16 05:50:13,1.8,11.37,11.44,11.81,1545545,87990,5.7,0,0,0.0,1007,471,49,2.89,2.69,0.49,1.64,2471,3
2026-05-16 05:51:13,9.9,10.89,11.31,11.74,1545545,87993,5.7,0,0,0.0,1007,471,49,5.02,2.75,7.64,8.16,2479,6
2026-05-16 05:52:13,1.5,10.89,11.23,11.69,1545545,88037,5.7,0,0,0.0,1007,471,49,2.32,2.89,7.20,7.71,2498,5
2026-05-16 05:53:14,1.6,11.23,11.28,11.68,1545545,88032,5.7,0,0,0.0,1007,471,49,2.98,2.70,6.44,7.05,2490,1
2026-05-16 05:54:14,2.8,11.80,11.38,11.68,1545545,88023,5.7,0,0,0.0,1007,471,49,3.43,2.94,8.16,8.84,2486,3
2026-05-16 05:55:14,1.5,11.42,11.33,11.64,1545545,88010,5.7,0,0,0.0,1007,471,49,2.57,3.02,1.50,2.70,2495,4
2026-05-16 05:56:15,2.1,11.59,11.33,11.62,1545545,88041,5.7,0,0,0.0,1007,471,49,2.16,2.84,3.00,3.82,2472,2
2026-05-16 05:57:15,1.2,10.72,11.13,11.54,1545545,88033,5.7,0,0,0.0,1007,471,49,2.85,2.77,2.72,3.67,2455,5
2026-05-16 05:58:15,2.0,11.41,11.23,11.55,1545545,88049,5.7,0,0,0.0,1007,471,49,2.27,2.92,4.94,5.89,2473,2
2026-05-16 05:59:16,2.3,10.71,11.04,11.46,1545545,88059,5.7,0,0,0.0,1007,471,49,1.79,2.96,1.23,2.29,2465,6
2026-05-16 06:00:16,2.0,10.42,10.88,11.37,1545545,88059,5.7,0,0,0.0,1007,471,49,1.90,3.00,5.89,6.64,2466,5
2026-05-16 06:01:16,1.9,10.62,10.86,11.33,1545545,88059,5.7,0,0,0.0,1007,471,49,1.66,37.11,7.19,7.86,2477,2
2026-05-16 06:02:17,2.0,11.04,10.93,11.33,1545545,88075,5.7,0,0,0.0,1007,471,49,1.66,2.68,5.44,6.45,2466,5
2026-05-16 06:03:17,1.9,13.73,11.71,11.57,1545545,88090,5.7,0,0,0.0,1007,471,49,1.44,2.91,9.65,10.21,2460,3
2026-05-16 06:04:17,1.2,13.11,11.92,11.65,1545545,88078,5.7,0,0,0.0,1007,471,49,1.59,2.75,4.92,5.66,2461,1
2026-05-16 06:05:18,1.4,12.72,12.25,11.80,1545545,88083,5.7,0,0,0.0,1007,471,49,1.41,2.91,2.07,3.19,2459,2
2026-05-16 06:06:18,9.1,17.26,13.45,12.23,1545545,88112,5.7,0,0,0.0,1007,471,49,2.18,2.86,6.77,7.28,2464,3
2026-05-16 06:07:18,2.1,15.95,13.56,12.33,1545545,88118,5.7,0,0,0.0,1007,471,49,3.27,2.88,0.99,2.12,2471,4
2026-05-16 06:08:19,1.3,12.86,13.11,12.25,1545545,88114,5.7,0,0,0.0,1007,471,49,2.54,2.76,0.76,1.83,2475,4
2026-05-16 06:09:19,1.9,11.62,12.68,12.16,1545545,88110,5.7,0,0,0.0,1007,471,49,2.90,2.87,0.70,1.76,2472,2
2026-05-16 06:10:19,1.2,11.70,12.51,12.13,1545545,88097,5.7,0,0,0.0,1007,471,49,1.96,3.06,4.68,5.53,2481,6
2026-05-16 06:11:20,1.6,10.84,12.11,12.02,1545545,88114,5.7,0,0,0.0,1007,471,49,1.90,2.73,3.32,4.13,2497,2
2026-05-16 06:12:20,2.2,10.32,11.70,11.88,1545545,88144,5.7,0,0,0.0,1007,471,49,2.89,2.94,5.95,6.56,2493,3
2026-05-16 06:13:20,2.0,10.02,11.37,11.75,1545545,88157,5.7,0,0,0.0,1007,471,49,2.23,2.76,5.03,5.81,2486,9
2026-05-16 06:14:21,1.8,10.32,11.19,11.66,1545545,88168,5.7,0,0,0.0,1007,471,49,1.56,2.96,5.32,6.04,2495,3
2026-05-16 06:15:21,3.2,12.73,11.66,11.79,1545545,88143,5.7,0,0,0.0,1007,471,49,2.94,2.90,4.94,6.23,2497,1
2026-05-16 06:16:21,1.3,11.26,11.43,11.70,1545545,88145,5.7,0,0,0.0,1007,471,49,2.73,3.07,2.05,3.01,2482,6
2026-05-16 06:17:22,3.3,13.16,11.82,11.81,1545545,88182,5.7,0,0,0.0,1007,471,49,1.73,2.86,6.34,7.03,2487,7
2026-05-16 06:18:22,3.1,11.51,11.57,11.72,1545545,88193,5.7,0,0,0.0,1007,471,49,1.73,2.81,3.24,4.27,2489,9
2026-05-16 06:19:22,1.2,11.51,11.53,11.70,1545545,88174,5.7,0,0,0.0,1007,471,49,3.34,2.66,6.89,7.38,2489,1
2026-05-16 06:20:23,1.2,10.62,11.25,11.59,1545545,88173,5.7,0,0,0.0,1007,471,49,2.44,2.93,0.91,2.08,2480,3
2026-05-16 06:21:23,3.9,9.89,10.92,11.45,1545545,88161,5.7,0,0,0.0,1007,471,49,3.18,3.04,0.51,1.59,2484,4
2026-05-16 06:22:23,1.2,9.89,10.76,11.37,1545545,88190,5.7,0,0,0.0,1007,471,49,2.19,2.62,0.78,1.88,2486,2
2026-05-16 06:23:24,2.7,10.78,10.80,11.34,1545545,88086,5.7,0,0,0.0,1007,471,49,3.18,2.86,7.27,8.16,2486,5
2026-05-16 06:24:24,1.4,10.70,10.81,11.31,1545545,88057,5.7,0,0,0.0,1007,471,49,3.85,2.95,2.54,3.78,2474,5
2026-05-16 06:25:24,1.2,10.11,10.61,11.21,1545545,88057,5.7,0,0,0.0,1007,471,49,2.38,2.69,0.46,1.72,2470,3
2026-05-16 06:26:25,3.2,11.73,10.92,11.27,1545545,88075,5.7,0,0,0.0,1007,471,49,2.93,2.93,7.31,8.45,2464,5
2026-05-16 06:27:25,2.1,10.88,10.82,11.21,1545545,88113,5.7,0,0,0.0,1007,471,49,3.02,2.85,5.28,6.10,2464,3
2026-05-16 06:28:25,1.5,11.11,10.90,11.21,1545545,88117,5.7,0,0,0.0,1007,471,49,3.40,2.98,8.21,9.29,2464,2
2026-05-16 06:29:26,2.0,10.51,10.79,11.15,1545545,88103,5.7,0,0,0.0,1007,471,49,2.90,2.98,4.29,5.03,2480,27
2026-05-16 06:30:26,2.0,11.37,11.00,11.21,1545545,88104,5.7,0,0,0.0,1007,471,49,3.23,2.93,10.03,10.44,2485,5
2026-05-16 06:31:26,1.2,11.59,11.23,11.28,1545545,88090,5.7,0,0,0.0,1007,471,49,3.11,2.85,5.87,6.60,2481,5
2026-05-16 06:32:27,2.3,11.87,11.38,11.33,1545545,88152,5.7,0,0,0.0,1007,471,49,3.23,2.93,4.48,5.22,2476,3
2026-05-16 06:33:27,1.2,11.06,11.26,11.29,1545545,88147,5.7,0,0,0.0,1007,471,49,3.60,2.83,2.99,4.41,2468,1
2026-05-16 06:34:28,1.9,10.52,11.06,11.22,1545545,88139,5.7,0,0,0.0,1007,471,49,2.74,2.78,3.62,4.52,2471,4
2026-05-16 06:35:28,1.2,10.37,10.97,11.18,1545545,88144,5.7,0,0,0.0,1007,471,49,2.97,2.93,3.23,4.19,2471,5
2026-05-16 06:36:28,3.1,11.18,11.01,11.17,1545545,88177,5.7,0,0,0.0,1007,471,49,2.91,3.05,5.42,6.73,2482,8
2026-05-16 06:37:29,1.7,11.16,11.06,11.18,1545545,88174,5.7,0,0,0.0,1007,471,49,2.77,2.74,8.39,8.92,2480,3
2026-05-16 06:38:29,2.0,11.38,11.19,11.22,1545545,88191,5.7,0,0,0.0,1007,471,49,2.66,2.71,6.04,7.32,2486,3
2026-05-16 06:39:29,1.2,11.38,11.21,11.22,1545545,88177,5.7,0,0,0.0,1007,471,49,3.51,2.50,1.43,2.45,2478,3
2026-05-16 06:40:30,1.7,12.12,11.47,11.31,1545545,88175,5.7,0,0,0.0,1007,471,49,2.88,3.05,6.44,8.02,2495,3
2026-05-16 06:41:30,1.4,11.33,11.34,11.27,1545545,88206,5.7,0,0,0.0,1007,471,49,2.57,2.90,4.15,4.90,2478,4
2026-05-16 06:42:30,1.3,11.88,11.54,11.35,1545545,88228,5.7,0,0,0.0,1007,471,49,2.84,2.91,4.82,5.67,2478,4
2026-05-16 06:43:31,1.4,11.45,11.47,11.34,1545545,88238,5.7,0,0,0.0,1007,471,49,3.39,2.83,4.84,5.55,2482,2
2026-05-16 06:44:31,1.8,11.70,11.54,11.37,1545545,88238,5.7,0,0,0.0,1007,471,49,2.25,2.98,5.22,5.92,2490,6
2026-05-16 06:45:31,1.4,10.45,11.24,11.27,1545545,88224,5.7,0,0,0.0,1007,471,49,3.03,2.86,2.42,3.37,2469,3
2026-05-16 06:46:32,1.2,10.76,11.15,11.24,1545545,88226,5.7,0,0,0.0,1007,471,49,2.53,3.02,2.07,3.15,2480,3
2026-05-16 06:47:32,1.3,10.01,10.90,11.15,1545545,88242,5.7,0,0,0.0,1007,471,49,2.50,2.88,1.64,2.65,2470,1
2026-05-16 06:48:32,3.2,10.75,10.95,11.15,1545545,88265,5.7,0,0,0.0,1007,471,49,4.13,2.86,7.21,7.99,2460,5
2026-05-16 06:49:33,1.9,11.04,11.02,11.16,1545545,88247,5.7,0,0,0.0,1007,471,49,3.12,2.72,6.19,7.51,2474,3
2026-05-16 06:50:33,1.7,12.49,11.32,11.25,1545545,88276,5.7,0,0,0.0,1007,471,49,2.69,2.86,12.29,12.65,2492,6
2026-05-16 06:51:33,1.3,11.57,11.24,11.22,1545545,88269,5.7,0,0,0.0,1007,471,49,3.00,3.00,3.64,4.61,2490,5
2026-05-16 06:52:34,1.8,11.06,11.20,11.21,1545545,88289,5.7,0,0,0.0,1007,471,49,2.18,2.84,2.64,3.51,2499,3
2026-05-16 06:53:34,1.5,12.10,11.54,11.33,1545545,88283,5.7,0,0,0.0,1007,471,49,2.67,2.68,6.25,6.86,2507,5
2026-05-16 06:54:34,2.2,10.77,11.27,11.25,1545545,88278,5.7,0,0,0.0,1007,471,49,2.37,2.93,1.11,2.20,2485,2
2026-05-16 06:55:35,1.8,13.82,12.07,11.53,1545545,88281,5.7,0,0,0.0,1007,471,49,1.94,2.88,5.98,6.64,2478,4
2026-05-16 06:56:35,1.3,11.91,11.83,11.48,1545545,88303,5.7,0,0,0.0,1007,471,49,2.30,2.92,4.30,5.14,2480,7
2026-05-16 06:57:35,1.2,10.92,11.58,11.42,1545545,88332,5.7,0,0,0.0,1007,471,49,1.85,2.77,3.88,5.08,2489,3
2026-05-16 06:58:36,1.3,11.13,11.51,11.40,1545545,88315,5.7,0,0,0.0,1007,471,49,1.39,2.63,6.80,7.45,2481,4
2026-05-16 06:59:36,1.8,11.07,11.42,11.37,1545545,88294,5.7,0,0,0.0,1007,471,49,2.56,2.99,3.23,4.10,2492,7
2026-05-16 07:00:36,3.1,14.37,12.05,11.58,1545545,88321,5.7,0,0,0.0,1007,471,49,2.55,2.97,6.84,8.55,2474,5
2026-05-16 07:01:37,1.3,12.18,11.82,11.53,1545545,88319,5.7,0,0,0.0,1007,471,49,3.95,39.33,1.19,2.42,2473,2
2026-05-16 07:02:37,2.0,11.57,11.73,11.52,1545545,88349,5.7,0,0,0.0,1007,471,49,3.73,2.87,8.95,9.28,2470,2
2026-05-16 07:03:37,1.4,11.23,11.67,11.52,1545545,88340,5.7,0,0,0.0,1007,471,49,3.57,2.83,10.11,11.04,2477,6
2026-05-16 07:04:38,1.4,10.49,11.38,11.42,1545545,88313,5.7,0,0,0.0,1007,471,49,2.76,2.75,2.01,3.01,2481,2
2026-05-16 07:05:38,3.1,12.23,11.70,11.53,1545545,88327,5.7,0,0,0.0,1007,471,49,4.16,2.86,9.35,10.45,2488,4
2026-05-16 07:06:38,1.9,11.63,11.73,11.56,1545545,88331,5.7,0,0,0.0,1007,471,49,2.78,3.12,4.84,6.18,2478,5
2026-05-16 07:07:39,1.9,11.30,11.68,11.55,1545545,88363,5.7,0,0,0.0,1007,471,49,3.99,2.77,5.59,6.49,2480,3
2026-05-16 07:08:39,2.2,10.81,11.49,11.50,1545545,88381,5.7,0,0,0.0,1007,471,49,5.92,2.76,4.10,4.94,2482,4
2026-05-16 07:09:39,3.7,12.12,11.72,11.57,1545545,88252,5.7,0,0,0.0,1007,471,49,3.84,2.80,5.30,6.12,2469,4
2026-05-16 07:10:40,1.2,10.97,11.55,11.53,1545545,88230,5.7,0,0,0.0,1007,471,49,4.51,2.88,2.82,3.90,2466,5
2026-05-16 07:11:40,1.5,10.72,11.33,11.45,1545545,88279,5.7,0,0,0.0,1007,471,49,3.34,3.04,6.56,7.27,2476,2
2026-05-16 07:12:41,1.7,12.49,11.74,11.59,1545545,88249,5.7,0,0,0.0,1007,471,49,2.69,2.73,3.27,4.11,2476,1
2026-05-16 07:13:41,1.7,13.13,12.10,11.72,1545545,88277,5.7,0,0,0.0,1007,471,49,3.57,2.80,0.44,1.54,2467,3
2026-05-16 07:14:41,4.0,12.66,12.11,11.75,1545545,88288,5.7,0,0,0.0,1007,471,49,3.46,3.01,9.30,10.19,2479,6
2026-05-16 07:15:42,1.3,12.59,12.25,11.83,1545545,88257,5.7,0,0,0.0,1007,471,49,3.45,2.74,9.47,11.45,2479,6
2026-05-16 07:16:42,1.3,11.51,12.01,11.77,1545545,88278,5.7,0,0,0.0,1007,471,49,3.01,2.99,5.70,6.50,2471,5
2026-05-16 07:17:42,1.5,10.33,11.58,11.64,1545545,88277,5.7,0,0,0.0,1007,471,49,6.57,2.83,0.45,1.57,2481,1
2026-05-16 07:18:43,1.3,11.47,11.71,11.68,1545545,88296,5.7,0,0,0.0,1007,471,49,4.95,2.90,4.08,4.84,2493,2
2026-05-16 07:19:43,1.3,10.31,11.36,11.56,1545545,88266,5.7,0,0,0.0,1007,471,49,2.76,2.63,0.77,1.90,2477,4
2026-05-16 07:20:43,1.7,9.80,11.03,11.43,1545545,88272,5.7,0,0,0.0,1007,471,49,3.59,2.91,0.91,1.99,2482,2
2026-05-16 07:21:44,1.4,10.30,11.01,11.40,1545545,88313,5.7,0,0,0.0,1007,471,49,2.25,2.73,5.56,6.35,2473,3
2026-05-16 07:22:44,1.5,10.30,10.89,11.34,1545545,88305,5.7,0,0,0.0,1007,471,49,1.69,2.77,2.12,3.08,2467,2
2026-05-16 07:23:44,1.3,10.49,10.84,11.29,1545545,88314,5.7,0,0,0.0,1007,471,49,2.55,2.80,9.65,9.96,2461,2
2026-05-16 07:24:45,1.3,10.75,10.84,11.26,1545545,88294,5.7,0,0,0.0,1007,471,49,3.07,2.91,5.64,6.27,2469,6
2026-05-16 07:25:45,1.1,10.41,10.75,11.21,1545545,88322,5.7,0,0,0.0,1007,471,49,2.95,2.90,4.04,4.87,2463,5
2026-05-16 07:26:45,1.4,10.18,10.63,11.14,1545545,88347,5.7,0,0,0.0,1007,471,49,3.64,2.86,0.89,2.07,2468,4
2026-05-16 07:27:46,1.2,10.11,10.55,11.08,1545545,88355,5.7,0,0,0.0,1007,471,49,3.46,2.84,1.32,2.38,2457,2
2026-05-16 07:28:46,3.6,11.48,10.82,11.13,1545545,88379,5.7,0,0,0.0,1007,471,49,2.84,3.20,7.71,8.86,2465,4
2026-05-16 07:29:46,2.0,11.32,10.94,11.16,1545545,88376,5.7,0,0,0.0,1007,471,49,4.60,2.86,4.93,5.89,2457,11
2026-05-16 07:30:47,1.5,10.43,10.79,11.09,1545545,88348,5.7,0,0,0.0,1007,471,49,3.05,2.72,4.23,5.06,2461,1
2026-05-16 07:31:47,1.4,10.94,10.90,11.11,1545545,88308,5.7,0,0,0.0,1007,471,49,2.23,2.95,6.69,7.57,2463,6
2026-05-16 07:32:47,3.2,12.82,11.40,11.27,1545545,88321,5.7,0,0,0.0,1007,471,49,2.48,2.95,10.45,11.04,2465,7
2026-05-16 07:33:48,1.5,11.82,11.43,11.29,1545545,88325,5.7,0,0,0.0,1007,471,49,3.09,2.62,3.98,4.96,2470,6
2026-05-16 07:34:48,2.7,12.01,11.49,11.32,1545545,88319,5.7,0,0,0.0,1007,471,49,2.33,2.92,6.39,7.10,2479,2
2026-05-16 07:35:48,6.4,11.87,11.54,11.34,1545545,88333,5.7,0,0,0.0,1007,471,49,4.05,2.57,4.90,5.82,2495,7
2026-05-16 07:36:49,3.1,11.07,11.41,11.31,1545545,88259,5.7,0,0,0.0,1007,471,49,5.19,2.96,5.25,6.32,2494,10
2026-05-16 07:37:49,3.5,11.59,11.50,11.35,1545545,88262,5.7,0,0,0.0,1007,471,49,4.13,2.76,11.01,11.97,2494,7
2026-05-16 07:38:49,1.7,11.50,11.58,11.39,1545545,88278,5.7,0,0,0.0,1007,471,49,3.25,2.98,4.14,5.16,2476,3
2026-05-16 07:39:50,1.0,10.43,11.27,11.30,1545545,88242,5.7,0,0,0.0,1007,471,49,3.12,2.76,3.24,4.11,2476,1
2026-05-16 07:40:50,1.6,9.77,10.94,11.18,1545545,88257,5.7,0,0,0.0,1007,471,49,3.05,2.80,0.45,1.61,2457,2
2026-05-16 07:41:50,2.3,9.67,10.69,11.08,1545545,88288,5.7,0,0,0.0,1007,471,49,4.90,2.98,2.95,3.89,2455,5
2026-05-16 07:42:51,1.5,10.40,10.74,11.07,1545545,88291,5.7,0,0,0.0,1007,471,49,4.55,2.90,6.45,7.08,2454,1
2026-05-16 07:43:51,2.1,9.63,10.47,10.96,1545545,88266,5.7,0,0,0.0,1007,471,49,3.15,2.90,2.43,3.39,2461,2
2026-05-16 07:44:51,1.9,11.27,10.72,11.01,1545545,88279,5.7,0,0,0.0,1007,471,49,4.47,2.92,4.81,5.52,2461,12
2026-05-16 07:45:52,1.4,10.59,10.65,10.97,1545545,88265,5.7,0,0,0.0,1007,471,49,5.23,2.69,0.49,1.61,2468,1
2026-05-16 07:46:52,1.5,10.47,10.64,10.95,1545545,88289,5.7,0,0,0.0,1007,471,49,3.55,3.05,1.23,2.31,2466,3
2026-05-16 07:47:53,1.1,10.28,10.56,10.90,1545545,88292,5.7,0,0,0.0,1007,471,49,3.77,2.84,0.51,1.73,2466,6
2026-05-16 07:48:53,9.9,11.52,10.76,10.94,1545545,88273,5.7,0,0,0.0,1007,471,49,4.03,2.91,3.33,4.17,2459,10
2026-05-16 07:49:53,1.2,11.16,10.87,10.97,1545545,88274,5.7,0,0,0.0,1007,471,49,2.91,2.36,2.38,3.36,2463,1
2026-05-16 07:50:54,1.9,12.53,11.24,11.09,1545545,88294,5.7,0,0,0.0,1007,471,49,7.72,2.87,2.03,3.02,2463,2
2026-05-16 07:51:54,3.1,14.20,11.87,11.31,1545545,88318,5.7,0,0,0.0,1007,471,49,3.35,2.95,9.42,10.13,2465,5
2026-05-16 07:52:54,1.2,14.41,12.44,11.54,1545545,88300,5.7,0,0,0.0,1007,471,49,3.29,2.70,9.67,11.40,2469,4
2026-05-16 07:53:55,1.3,11.84,12.07,11.47,1545545,88298,5.7,0,0,0.0,1007,471,49,5.08,2.86,0.45,1.55,2482,1
2026-05-16 07:54:55,1.2,11.69,12.03,11.50,1545545,88288,5.7,0,0,0.0,1007,471,49,4.46,2.87,7.27,7.77,2478,1
2026-05-16 07:55:55,2.2,11.56,11.88,11.48,1545545,88184,5.7,0,0,0.0,1007,471,49,3.22,2.87,4.07,4.91,2477,6
2026-05-16 07:56:56,2.4,12.75,12.26,11.64,1545545,88236,5.7,0,0,0.0,1007,471,49,4.72,2.90,5.24,6.46,2484,10
2026-05-16 07:57:56,3.9,12.44,12.17,11.64,1545545,88257,5.7,0,0,0.0,1007,471,49,4.17,2.88,6.75,7.85,2487,9
2026-05-16 07:58:56,1.6,16.68,13.69,12.21,1545545,88232,5.7,0,0,0.0,1007,471,49,2.07,3.03,9.41,9.89,2481,2
2026-05-16 07:59:57,3.3,14.11,13.41,12.20,1545545,88252,5.7,0,0,0.0,1007,471,49,5.37,2.63,4.31,5.39,2483,6
2026-05-16 08:00:57,1.6,11.56,12.82,12.07,1545545,88247,5.7,0,0,0.0,1007,471,49,3.30,2.88,1.94,3.17,2488,3
2026-05-16 08:01:57,1.7,11.14,12.46,11.99,1545545,88242,5.7,0,0,0.0,1007,471,49,3.08,37.23,6.87,7.55,2483,4
2026-05-16 08:02:58,1.4,10.05,11.94,11.84,1545545,88252,5.7,0,0,0.0,1007,471,49,3.03,2.91,1.69,2.86,2480,17
2026-05-16 08:03:58,1.3,10.84,11.86,11.82,1545545,88224,5.7,0,0,0.0,1007,471,49,3.05,2.68,5.61,6.24,2474,11
2026-05-16 08:04:58,1.8,10.30,11.50,11.70,1545545,88252,5.7,0,0,0.0,1007,471,49,2.11,2.91,3.70,4.62,2475,2
2026-05-16 08:05:59,2.1,11.84,11.75,11.77,1545545,88260,5.7,0,0,0.0,1007,471,49,2.66,2.79,8.28,9.27,2485,2
2026-05-16 08:06:59,1.2,11.12,11.54,11.70,1545545,88285,5.7,0,0,0.0,1007,471,49,4.35,3.08,7.89,8.41,2489,1
2026-05-16 08:07:59,1.4,14.05,12.22,11.92,1545545,88300,5.7,0,0,0.0,1007,471,49,2.90,2.83,5.61,6.68,2485,4
2026-05-16 08:09:00,1.4,11.85,11.93,11.84,1545545,88269,5.7,0,0,0.0,1007,471,49,3.67,2.93,3.89,5.13,2493,1
2026-05-16 08:10:00,2.1,10.68,11.58,11.72,1545545,88312,5.7,0,0,0.0,1007,471,49,3.36,2.82,1.27,2.32,2484,5
2026-05-16 08:11:00,1.4,10.46,11.38,11.64,1545545,88297,5.7,0,0,0.0,1007,471,49,2.59,2.87,6.38,7.12,2478,1
2026-05-16 08:12:01,1.5,10.12,11.11,11.53,1545545,88315,5.7,0,0,0.0,1007,471,49,4.37,2.78,0.50,1.55,2471,5
2026-05-16 08:13:01,2.2,12.93,11.61,11.67,1545545,88332,5.7,0,0,0.0,1007,471,49,3.71,3.21,6.35,7.49,2483,2
2026-05-16 08:14:01,1.4,11.73,11.46,11.61,1545545,88273,5.7,0,0,0.0,1007,471,49,2.46,2.89,4.43,5.20,2487,3
2026-05-16 08:15:02,2.1,11.13,11.34,11.56,1545545,88306,5.7,0,0,0.0,1007,471,49,4.32,2.71,2.32,3.24,2494,2
2026-05-16 08:16:02,1.9,10.71,11.19,11.49,1545545,88278,5.7,0,0,0.0,1007,471,49,3.27,2.94,2.62,3.62,2489,6
2026-05-16 08:17:02,2.0,9.89,10.87,11.37,1545545,88279,5.7,0,0,0.0,1007,471,49,4.02,2.92,2.11,3.06,2495,9
2026-05-16 08:18:03,1.9,11.34,11.06,11.40,1545545,88335,5.7,0,0,0.0,1007,471,49,3.74,2.68,10.14,11.37,2482,5
2026-05-16 08:19:03,1.1,10.51,10.87,11.31,1545545,88253,5.7,0,0,0.0,1007,471,49,4.26,2.70,1.53,2.50,2466,5
2026-05-16 08:20:04,1.3,11.53,11.07,11.35,1545545,88285,5.7,0,0,0.0,1007,471,49,1.81,2.82,6.42,8.07,2480,6
2026-05-16 08:21:04,1.7,11.44,11.09,11.34,1545545,88302,5.7,0,0,0.0,1007,471,49,3.36,2.88,6.65,7.49,2483,4
2026-05-16 08:22:04,1.8,10.94,11.00,11.29,1545545,88297,5.7,0,0,0.0,1007,471,49,3.74,2.93,4.79,5.49,2477,2
2026-05-16 08:23:05,1.4,11.28,11.08,11.29,1545545,88247,5.7,0,0,0.0,1007,471,49,3.71,2.84,7.37,8.19,2484,3
2026-05-16 08:24:05,1.2,11.30,11.18,11.32,1545545,88334,5.7,0,0,0.0,1007,471,49,5.78,2.85,2.04,3.05,2493,3
2026-05-16 08:25:05,2.5,13.45,11.74,11.50,1545545,88381,5.7,0,0,0.0,1007,471,49,3.77,2.90,7.13,8.34,2502,8
2026-05-16 08:26:06,1.4,12.38,11.86,11.56,1545545,88326,5.7,0,0,0.0,1007,471,49,2.24,2.68,4.29,5.22,2495,3
2026-05-16 08:27:06,1.3,11.59,11.72,11.53,1545545,88348,5.7,0,0,0.0,1007,471,49,3.45,2.89,5.44,6.61,2481,2
2026-05-16 08:28:06,1.6,11.36,11.62,11.51,1545545,88311,5.7,0,0,0.0,1007,471,49,3.35,3.03,1.71,2.82,2489,3
2026-05-16 08:29:07,1.9,11.27,11.57,11.50,1545545,88324,5.7,0,0,0.0,1007,471,49,2.28,3.05,3.07,3.95,2485,6
2026-05-16 08:30:07,1.2,10.42,11.28,11.40,1545545,88359,5.7,0,0,0.0,1007,471,49,5.77,2.67,1.45,2.43,2473,5
2026-05-16 08:31:07,2.1,11.69,11.38,11.42,1545545,88371,5.7,0,0,0.0,1007,471,49,3.45,2.77,5.57,6.39,2491,5
2026-05-16 08:32:08,1.2,10.43,11.08,11.32,1545545,88350,5.7,0,0,0.0,1007,471,49,3.16,2.88,2.85,3.74,2489,23
2026-05-16 08:33:08,1.2,11.48,11.28,11.37,1545545,88384,5.7,0,0,0.0,1007,471,49,3.39,2.92,8.21,9.41,2478,3
2026-05-16 08:34:08,1.9,11.23,11.23,11.35,1545545,88361,5.7,0,0,0.0,1007,471,49,3.80,2.80,4.49,5.28,2493,3
2026-05-16 08:35:09,1.0,11.14,11.17,11.31,1545545,88245,5.7,0,0,0.0,1007,471,49,3.91,2.96,2.39,3.32,2476,2
2026-05-16 08:36:09,1.3,11.81,11.35,11.37,1545545,88308,5.7,0,0,0.0,1007,471,49,4.64,2.55,7.58,8.22,2465,9
2026-05-16 08:37:09,1.3,13.98,11.89,11.54,1545545,88415,5.7,0,0,0.0,1007,471,49,3.69,2.86,7.79,8.92,2486,4
2026-05-16 08:38:10,2.1,11.74,11.59,11.46,1545545,88423,5.7,0,0,0.0,1007,471,49,2.79,3.00,1.81,2.92,2478,4
2026-05-16 08:39:10,1.4,11.24,11.51,11.44,1545545,88385,5.7,0,0,0.0,1007,471,49,5.32,2.83,5.19,5.94,2472,6
2026-05-16 08:40:10,1.5,11.03,11.44,11.42,1545545,88362,5.7,0,0,0.0,1007,471,49,3.34,2.70,0.85,1.99,2487,1
2026-05-16 08:41:11,2.0,11.80,11.59,11.47,1545545,88329,5.7,0,0,0.0,1007,471,49,3.56,2.79,7.51,8.80,2482,2
2026-05-16 08:42:11,3.0,11.65,11.60,11.48,1545545,88320,5.7,0,0,0.0,1007,471,49,2.69,3.07,9.89,11.13,2472,7
2026-05-16 08:43:11,1.2,11.74,11.67,11.52,1545545,88303,5.7,0,0,0.0,1007,471,49,2.23,2.88,5.99,6.93,2486,2
2026-05-16 08:44:12,1.3,10.92,11.48,11.46,1545545,88293,5.7,0,0,0.0,1007,471,49,4.11,2.80,0.47,1.60,2483,4
2026-05-16 08:45:12,2.9,11.91,11.60,11.50,1545545,88326,5.7,0,0,0.0,1007,471,49,3.31,2.83,6.49,7.44,2479,11
2026-05-16 08:46:12,1.7,11.33,11.53,11.49,1545545,88332,5.7,0,0,0.0,1007,471,49,3.69,2.80,1.91,3.05,2494,2
2026-05-16 08:47:13,2.7,13.22,11.89,11.60,1545545,88370,5.7,0,0,0.0,1007,471,49,2.60,2.82,7.92,8.57,2482,3
2026-05-16 08:48:13,1.1,11.69,11.66,11.54,1545545,88354,5.7,0,0,0.0,1007,471,49,3.89,2.84,6.01,6.68,2478,9
2026-05-16 08:49:13,1.1,11.11,11.52,11.50,1545545,88301,5.7,0,0,0.0,1007,471,49,2.77,2.96,3.64,4.58,2467,5
2026-05-16 08:50:14,1.9,10.26,11.21,11.39,1545545,88316,5.7,0,0,0.0,1007,471,49,3.72,2.84,4.22,4.95,2459,3
2026-05-16 08:51:14,1.3,10.90,11.25,11.40,1545545,88332,5.7,0,0,0.0,1007,471,49,4.18,2.42,7.89,8.34,2459,6
2026-05-16 08:52:14,1.9,10.34,11.04,11.31,1545545,88329,5.7,0,0,0.0,1007,471,49,2.46,2.84,0.77,1.89,2443,2
2026-05-16 08:53:15,2.0,11.33,11.18,11.35,1545545,88358,5.7,0,0,0.0,1007,471,49,1.89,2.96,12.41,13.16,2453,4
2026-05-16 08:54:15,1.3,11.35,11.24,11.36,1545545,88192,5.7,0,0,0.0,1007,471,49,2.52,2.82,7.20,7.85,2453,7
2026-05-16 08:55:15,1.8,12.44,11.56,11.46,1545545,88267,5.7,0,0,0.0,1007,471,49,2.71,2.75,7.25,8.81,2461,2
2026-05-16 08:56:16,1.4,12.29,11.68,11.51,1545545,88333,5.7,0,0,0.0,1007,471,49,1.47,2.78,8.04,9.44,2468,2
2026-05-16 08:57:16,1.6,15.44,12.54,11.81,1545545,88334,5.7,0,0,0.0,1007,471,49,3.88,3.14,5.50,6.54,2469,7
2026-05-16 08:58:16,1.1,13.64,12.58,11.87,1545545,88353,5.7,0,0,0.0,1007,471,49,4.45,2.85,6.83,8.37,2458,3
2026-05-16 08:59:17,2.1,12.43,12.39,11.85,1545545,88320,5.7,0,0,0.0,1007,471,49,3.74,2.99,5.00,5.94,2463,2
2026-05-16 09:00:17,2.8,10.89,11.95,11.73,1545545,88229,5.7,0,0,0.0,1007,471,49,4.52,2.82,4.73,5.48,2461,4
2026-05-16 09:01:17,1.1,10.77,11.70,11.65,1545545,88224,5.7,0,0,0.0,1007,471,49,6.05,39.27,1.63,2.68,2457,5
2026-05-16 09:02:18,1.9,13.82,12.21,11.82,1545545,88383,5.7,0,0,0.0,1007,471,49,3.01,2.73,8.72,9.58,2473,2
2026-05-16 09:03:18,1.7,10.97,11.69,11.67,1545545,88360,5.7,0,0,0.0,1007,471,49,4.52,2.87,1.60,2.65,2467,2
2026-05-16 09:04:18,2.5,11.09,11.60,11.64,1545545,88305,5.7,0,0,0.0,1007,471,49,2.33,3.01,7.73,8.50,2453,5
2026-05-16 09:05:19,1.3,10.18,11.24,11.51,1545545,88350,5.7,0,0,0.0,1007,471,49,2.05,2.40,3.98,4.75,2453,3
2026-05-16 09:06:19,1.4,11.99,11.45,11.56,1545545,88379,5.7,0,0,0.0,1007,471,49,3.05,2.82,4.59,5.92,2438,6
2026-05-16 09:07:20,1.6,10.51,11.14,11.44,1545545,88378,5.7,0,0,0.0,1007,471,49,4.62,3.13,2.42,3.37,2440,3
2026-05-16 09:08:20,1.2,12.55,11.50,11.54,1545545,88359,5.7,0,0,0.0,1007,471,49,3.64,2.91,8.27,9.22,2448,6
2026-05-16 09:09:20,1.2,11.36,11.34,11.48,1545545,88297,5.7,0,0,0.0,1007,471,49,3.32,2.77,0.53,1.79,2460,3
2026-05-16 09:10:21,1.5,10.86,11.20,11.42,1545545,88305,5.7,0,0,0.0,1007,471,49,3.43,2.93,1.64,2.67,2463,14
2026-05-16 09:11:21,1.4,12.26,11.50,11.51,1545545,88442,5.7,0,0,0.0,1007,471,49,2.61,3.01,6.01,6.81,2485,6
2026-05-16 09:12:21,2.4,11.98,11.54,11.52,1545545,88346,5.7,0,0,0.0,1007,471,49,4.91,3.02,3.37,4.22,2473,4
2026-05-16 09:13:22,1.7,11.69,11.48,11.50,1545545,88424,5.7,0,0,0.0,1007,471,49,3.57,2.71,11.26,12.20,2466,3
2026-05-16 09:14:22,1.2,10.78,11.25,11.42,1545545,88450,5.7,0,0,0.0,1007,471,49,3.03,2.90,0.50,1.71,2481,2
2026-05-16 09:15:22,2.0,10.53,11.11,11.36,1545545,88385,5.7,0,0,0.0,1007,471,49,4.61,2.91,6.84,7.40,2487,7
2026-05-16 09:16:23,1.6,10.93,11.10,11.34,1545545,88435,5.7,0,0,0.0,1007,471,49,4.42,2.98,8.07,8.55,2463,2
2026-05-16 09:17:23,2.2,11.97,11.34,11.41,1545545,88486,5.7,0,0,0.0,1007,471,49,2.58,2.58,8.64,9.23,2480,4
2026-05-16 09:18:23,1.4,10.94,11.19,11.35,1545545,88375,5.7,0,0,0.0,1007,471,49,3.85,2.88,6.92,7.64,2476,4
2026-05-16 09:19:24,2.0,10.09,10.91,11.24,1545545,88454,5.7,0,0,0.0,1007,471,49,3.68,2.94,1.83,2.96,2466,2
2026-05-16 09:20:24,1.3,11.07,10.98,11.24,1545545,88451,5.7,0,0,0.0,1007,471,49,3.27,2.70,1.11,2.18,2465,4
2026-05-16 09:21:24,1.5,11.80,11.17,11.29,1545545,88461,5.7,0,0,0.0,1007,471,49,2.18,2.94,6.51,7.92,2473,4
2026-05-16 09:22:25,1.8,11.44,11.19,11.28,1545545,88506,5.7,0,0,0.0,1007,471,49,1.89,2.77,8.05,9.10,2471,4
2026-05-16 09:23:25,1.4,10.68,11.06,11.24,1545545,88519,5.7,0,0,0.0,1007,471,49,1.57,2.77,0.97,2.07,2477,4
2026-05-16 09:24:25,3.3,11.27,11.16,11.26,1545545,88516,5.7,0,0,0.0,1007,471,49,2.60,2.74,8.19,9.88,2476,5
2026-05-16 09:25:26,1.4,11.60,11.34,11.32,1545545,88486,5.7,0,0,0.0,1007,471,49,2.73,2.92,5.71,6.96,2470,3
2026-05-16 09:26:26,2.8,10.87,11.17,11.26,1545545,88517,5.7,0,0,0.0,1007,471,49,2.37,3.04,2.11,3.01,2474,3
2026-05-16 09:27:26,1.6,11.51,11.28,11.29,1545545,88389,5.7,0,0,0.0,1007,471,49,2.83,2.90,5.25,5.93,2485,8
2026-05-16 09:28:27,2.1,11.00,11.20,11.26,1545545,88436,5.7,0,0,0.0,1007,471,49,2.98,2.65,6.44,7.03,2486,6
2026-05-16 09:29:27,1.3,10.61,11.04,11.20,1545545,88392,5.7,0,0,0.0,1007,471,49,3.04,2.97,2.05,3.04,2487,1
2026-05-16 09:30:27,1.8,10.42,10.89,11.14,1545545,88345,5.7,0,0,0.0,1007,471,49,3.35,2.85,0.53,1.74,2498,4
2026-05-16 09:31:28,2.1,10.91,10.84,11.10,1545545,88384,5.7,0,0,0.0,1007,471,49,3.33,2.95,4.18,5.20,2491,3
2026-05-16 09:32:28,1.6,10.73,10.80,11.07,1545545,88402,5.7,0,0,0.0,1007,471,49,2.69,2.66,4.20,5.05,2472,1
2026-05-16 09:33:28,1.1,10.23,10.62,10.99,1545545,88408,5.7,0,0,0.0,1007,471,49,2.71,2.54,0.44,1.54,2472,6
2026-05-16 09:34:29,1.4,12.39,11.27,11.19,1545545,88395,5.7,0,0,0.0,1007,471,49,3.17,2.95,2.01,3.02,2479,2
2026-05-16 09:35:29,1.6,16.81,12.65,11.66,1545545,88398,5.7,0,0,0.0,1007,471,49,3.00,2.89,7.54,8.94,2466,2
2026-05-16 09:36:29,1.6,16.77,13.55,12.04,1545545,88398,5.7,0,0,0.0,1007,471,49,5.58,3.04,8.06,9.31,2462,1
2026-05-16 09:37:30,1.1,13.41,13.21,12.02,1545545,88425,5.7,0,0,0.0,1007,471,49,4.24,2.61,3.24,4.12,2459,6
2026-05-16 09:38:30,1.5,11.35,12.65,11.90,1545545,88452,5.7,0,0,0.0,1007,471,49,2.63,2.83,0.52,1.70,2465,4
2026-05-16 09:39:30,1.2,13.47,13.16,12.13,1545545,88450,5.7,0,0,0.0,1007,471,49,4.99,2.88,2.80,3.77,2461,4
2026-05-16 09:40:31,2.1,16.42,14.28,12.60,1545545,88455,5.7,0,0,0.0,1007,471,49,3.48,3.02,8.83,9.59,2468,3
2026-05-16 09:41:31,1.9,12.47,13.56,12.45,1545545,88450,5.7,0,0,0.0,1007,471,49,2.76,3.02,2.52,3.37,2474,6
2026-05-16 09:42:32,1.3,12.79,13.61,12.55,1545545,88469,5.7,0,0,0.0,1007,471,49,4.13,2.80,6.98,8.22,2483,2
2026-05-16 09:43:32,1.3,11.86,13.22,12.48,1545545,88479,5.7,0,0,0.0,1007,471,49,2.84,2.86,3.21,4.14,2478,2
2026-05-16 09:44:32,3.4,13.90,13.46,12.60,1545545,88476,5.7,0,0,0.0,1007,471,49,4.52,2.71,4.29,5.43,2482,8
2026-05-16 09:45:33,1.4,11.83,12.96,12.48,1545545,88468,5.7,0,0,0.0,1007,471,49,3.78,2.99,1.32,2.45,2487,2
2026-05-16 09:46:33,8.9,11.71,12.70,12.42,1545545,88444,5.7,0,0,0.0,1007,471,49,2.71,3.01,5.14,5.98,2491,20
2026-05-16 09:47:33,1.4,11.49,12.57,12.40,1545545,88438,5.7,0,0,0.0,1007,471,49,4.52,2.65,3.83,5.31,2484,4
2026-05-16 09:48:34,1.3,14.98,13.65,12.80,1545545,88486,5.7,0,0,0.0,1007,471,49,5.77,2.91,4.10,4.90,2493,2
2026-05-16 09:49:34,1.2,11.86,13.00,12.63,1545545,88475,5.7,0,0,0.0,1007,471,49,4.26,2.79,3.22,4.11,2492,2
2026-05-16 09:50:34,1.3,10.86,12.50,12.48,1545545,88460,5.7,0,0,0.0,1007,471,49,4.28,2.88,2.11,3.18,2485,6
2026-05-16 09:51:35,1.4,10.92,12.23,12.38,1545545,88477,5.7,0,0,0.0,1007,471,49,3.16,2.69,4.04,4.87,2477,3
2026-05-16 09:52:35,2.1,12.67,12.53,12.48,1545545,88509,5.7,0,0,0.0,1007,471,49,2.41,2.76,7.07,8.04,2464,3
2026-05-16 09:53:35,2.3,12.89,12.58,12.50,1545545,88522,5.7,0,0,0.0,1007,471,49,3.01,2.80,9.72,10.73,2453,7
2026-05-16 09:54:36,1.3,12.03,12.37,12.43,1545545,88516,5.7,0,0,0.0,1007,471,49,2.77,2.87,3.72,4.57,2455,12
2026-05-16 09:55:36,2.2,11.25,12.06,12.31,1545545,88525,5.7,0,0,0.0,1007,471,49,3.45,2.83,5.12,6.03,2462,2
2026-05-16 09:56:36,3.2,14.06,12.55,12.45,1545545,88551,5.7,0,0,0.0,1007,471,49,3.91,2.92,8.28,9.59,2469,5
2026-05-16 09:57:37,2.0,12.37,12.34,12.39,1545545,88493,5.7,0,0,0.0,1007,471,49,2.32,2.77,11.86,12.51,2473,1
2026-05-16 09:58:37,2.0,12.66,12.38,12.39,1545545,88497,5.7,0,0,0.0,1007,471,49,2.73,2.88,4.71,5.47,2476,8
2026-05-16 09:59:37,1.9,11.49,12.13,12.31,1545545,88539,5.7,0,0,0.0,1007,471,49,5.46,2.66,8.24,8.93,2482,7
2026-05-16 10:00:38,1.4,10.54,11.77,12.17,1545545,88537,5.7,0,0,0.0,1007,471,49,3.34,2.96,1.55,2.68,2483,24
2026-05-16 10:01:38,1.2,13.72,12.41,12.36,1545545,88548,5.7,0,0,0.0,1007,471,49,3.07,37.05,10.07,11.32,2470,5
2026-05-16 10:02:38,1.2,12.16,12.24,12.31,1545545,88564,5.7,0,0,0.0,1007,471,49,7.25,2.73,7.65,8.16,2473,6
2026-05-16 10:03:39,1.3,11.94,12.11,12.26,1545545,88561,5.7,0,0,0.0,1007,471,49,4.01,2.75,0.45,1.55,2460,2
2026-05-16 10:04:39,1.2,12.75,12.22,12.28,1545545,88545,5.7,0,0,0.0,1007,471,49,2.86,2.83,6.93,8.27,2451,2
2026-05-16 10:05:39,1.1,10.84,11.80,12.13,1545545,88560,5.7,0,0,0.0,1007,471,49,4.25,2.86,3.60,4.63,2454,3
2026-05-16 10:06:40,2.7,10.88,11.62,12.05,1545545,88598,5.7,0,0,0.0,1007,471,49,5.15,2.93,6.54,7.19,2464,5
2026-05-16 10:07:40,1.9,10.69,11.43,11.95,1545545,88618,5.7,0,0,0.0,1007,471,49,2.91,2.84,4.92,5.76,2469,2
2026-05-16 10:08:40,3.1,10.66,11.29,11.87,1545545,88616,5.7,0,0,0.0,1007,471,49,3.00,2.85,4.40,5.17,2474,2
2026-05-16 10:09:41,1.3,11.06,11.26,11.82,1545545,88589,5.7,0,0,0.0,1007,471,49,2.62,2.73,6.78,7.35,2477,5
2026-05-16 10:10:41,1.6,10.56,11.04,11.71,1545545,88586,5.7,0,0,0.0,1007,471,49,2.88,2.82,3.28,4.19,2477,2
2026-05-16 10:11:41,1.0,9.72,10.71,11.55,1545545,88595,5.7,0,0,0.0,1007,471,49,3.42,2.97,2.94,3.83,2467,2
2026-05-16 10:12:42,2.2,11.76,11.14,11.65,1545545,88496,5.7,0,0,0.0,1007,471,49,2.75,2.90,10.15,11.45,2476,5
2026-05-16 10:13:42,1.4,11.27,11.08,11.59,1545545,88499,5.7,0,0,0.0,1007,471,49,1.91,2.67,7.84,8.56,2471,6
2026-05-16 10:14:42,1.3,10.71,10.96,11.52,1545545,88464,5.7,0,0,0.0,1007,471,49,4.45,2.88,4.80,5.65,2499,1
2026-05-16 10:15:43,4.0,11.41,11.10,11.53,1545545,88475,5.7,0,0,0.0,1007,471,49,3.07,2.67,6.80,7.40,2493,20
2026-05-16 10:16:43,1.1,9.74,10.70,11.37,1545545,88498,5.7,0,0,0.0,1007,471,49,3.67,2.95,3.73,4.64,2490,6
2026-05-16 10:17:44,1.4,9.80,10.55,11.27,1545545,88498,5.7,0,0,0.0,1007,471,49,3.61,2.64,3.23,4.11,2471,6
2026-05-16 10:18:44,3.3,11.86,10.89,11.34,1545545,88537,5.7,0,0,0.0,1007,471,49,5.45,2.90,6.48,8.05,2479,5
2026-05-16 10:19:44,1.1,10.67,10.74,11.26,1545545,88493,5.7,0,0,0.0,1007,471,49,2.38,2.76,0.80,1.96,2448,4
2026-05-16 10:20:45,1.0,12.63,11.27,11.40,1545545,88494,5.7,0,0,0.0,1007,471,49,2.62,2.79,8.91,10.12,2447,6
2026-05-16 10:21:45,3.2,11.37,11.17,11.36,1545545,88547,5.7,0,0,0.0,1007,471,49,4.28,2.96,5.09,5.89,2461,6
2026-05-16 10:22:45,1.7,10.10,10.89,11.25,1545545,88526,5.7,0,0,0.0,1007,471,49,2.94,2.88,3.33,4.76,2473,4
2026-05-16 10:23:46,1.8,12.01,11.21,11.34,1545545,88552,5.7,0,0,0.0,1007,471,49,3.41,2.83,3.36,4.21,2466,3
2026-05-16 10:24:46,1.0,10.33,10.88,11.21,1545545,88499,5.7,0,0,0.0,1007,471,49,3.17,2.66,1.52,2.53,2473,7
2026-05-16 10:25:46,2.0,10.37,10.78,11.16,1545545,88539,5.7,0,0,0.0,1007,471,49,3.41,2.90,6.06,6.72,2477,3
2026-05-16 10:26:47,2.4,13.48,11.51,11.38,1545545,88575,5.7,0,0,0.0,1007,471,49,5.90,3.07,11.79,12.58,2474,6
2026-05-16 10:27:47,1.2,11.58,11.36,11.34,1545545,88563,5.7,0,0,0.0,1007,471,49,4.44,2.73,5.80,6.42,2473,5
2026-05-16 10:28:47,1.2,10.61,11.13,11.26,1545545,88585,5.7,0,0,0.0,1007,471,49,2.41,2.85,0.44,1.57,2468,2
2026-05-16 10:29:48,1.9,14.26,11.80,11.46,1545545,88591,5.7,0,0,0.0,1007,471,49,5.45,2.62,3.26,4.13,2464,5
2026-05-16 10:30:48,1.1,11.54,11.55,11.40,1545545,88548,5.7,0,0,0.0,1007,471,49,4.98,2.85,7.72,8.89,2475,2
2026-05-16 10:31:48,1.3,10.36,11.20,11.29,1545545,88583,5.7,0,0,0.0,1007,471,49,2.78,3.04,1.33,2.46,2472,2
2026-05-16 10:32:49,2.0,9.45,10.80,11.14,1545545,88581,5.7,0,0,0.0,1007,471,49,4.49,2.64,0.59,1.65,2460,7
2026-05-16 10:33:49,2.0,9.66,10.65,11.07,1545545,88620,5.7,0,0,0.0,1007,471,49,3.48,2.80,3.19,4.08,2461,7
2026-05-16 10:34:49,1.3,11.49,10.98,11.16,1545545,88580,5.7,0,0,0.0,1007,471,49,2.05,2.82,10.06,11.16,2466,4
2026-05-16 10:35:50,1.1,10.51,10.77,11.07,1545545,88556,5.7,0,0,0.0,1007,471,49,3.56,2.79,2.82,3.76,2466,2
2026-05-16 10:36:50,1.5,10.95,10.92,11.11,1545545,88577,5.7,0,0,0.0,1007,471,49,4.79,3.02,3.57,4.87,2471,3
2026-05-16 10:37:50,2.9,10.56,10.78,11.05,1545545,88590,5.7,0,0,0.0,1007,471,49,3.77,2.78,6.84,8.01,2475,6
2026-05-16 10:38:51,1.1,10.39,10.71,11.01,1545545,88602,5.7,0,0,0.0,1007,471,49,3.03,2.73,4.67,5.54,2477,3
2026-05-16 10:39:51,4.1,10.00,10.55,10.93,1545545,88626,5.7,0,0,0.0,1007,471,49,2.02,2.85,3.82,4.65,2473,3
2026-05-16 10:40:51,1.1,12.20,11.05,11.08,1545545,88608,5.7,0,0,0.0,1007,471,49,2.52,2.85,8.05,8.94,2459,2
2026-05-16 10:41:52,2.9,16.93,12.93,11.74,1545545,88638,5.7,0,0,0.0,1007,471,49,2.77,3.02,12.46,13.05,2451,7
2026-05-16 10:42:52,1.1,14.30,12.98,11.84,1545545,88628,5.7,0,0,0.0,1007,471,49,1.69,2.66,11.76,12.52,2448,2
2026-05-16 10:43:52,1.3,11.96,12.52,11.75,1545545,88633,5.7,0,0,0.0,1007,471,49,2.74,2.56,0.46,1.58,2455,3
2026-05-16 10:44:53,1.1,10.75,12.05,11.63,1545545,88614,5.7,0,0,0.0,1007,471,49,5.76,2.86,3.20,4.14,2466,2
2026-05-16 10:45:53,1.0,10.38,11.74,11.55,1545545,88618,5.7,0,0,0.0,1007,471,49,2.12,2.80,3.53,4.62,2465,2
2026-05-16 10:46:53,1.0,9.97,11.36,11.43,1545545,88643,5.7,0,0,0.0,1007,471,49,2.93,2.95,0.50,1.71,2473,7
2026-05-16 10:47:54,1.1,9.88,11.10,11.34,1545545,88641,5.7,0,0,0.0,1007,471,49,3.51,2.84,3.22,4.13,2465,4
2026-05-16 10:48:54,3.2,10.00,10.89,11.25,1545545,88677,5.7,0,0,0.0,1007,471,49,3.57,2.97,3.04,3.95,2460,4
2026-05-16 10:49:54,1.1,9.97,10.75,11.18,1545545,88640,5.7,0,0,0.0,1007,471,49,3.94,2.70,4.27,5.07,2460,7
2026-05-16 10:50:55,2.6,9.56,10.47,11.05,1545545,88623,5.7,0,0,0.0,1007,471,49,5.68,2.84,0.42,1.56,2455,2
2026-05-16 10:51:55,2.8,9.77,10.35,10.98,1545545,88675,5.7,0,0,0.0,1007,471,49,6.56,3.02,3.57,4.63,2459,4
2026-05-16 10:52:55,1.8,9.62,10.22,10.89,1545545,88667,5.7,0,0,0.0,1007,471,49,5.59,2.67,0.95,2.08,2474,4
2026-05-16 10:53:56,1.5,11.05,10.42,10.91,1545545,88689,5.7,0,0,0.0,1007,471,49,5.59,2.87,2.87,3.72,2477,6
2026-05-16 10:54:56,1.6,10.38,10.33,10.85,1545545,88670,5.7,0,0,0.0,1007,471,49,3.88,2.72,5.25,5.96,2470,1
2026-05-16 10:55:56,1.8,10.01,10.26,10.79,1545545,88670,5.7,0,0,0.0,1007,471,49,4.27,2.65,1.64,2.67,2477,4
2026-05-16 10:56:57,1.3,9.79,10.15,10.71,1545545,88699,5.7,0,0,0.0,1007,471,49,4.26,2.97,5.36,6.02,2484,8
2026-05-16 10:57:57,1.5,10.01,10.15,10.68,1545545,88689,5.7,0,0,0.0,1007,471,49,3.59,2.84,3.66,4.74,2475,4
2026-05-16 10:58:58,1.5,10.47,10.22,10.67,1545545,88568,5.7,0,0,0.0,1007,471,49,3.89,3.02,6.86,7.47,2474,3
2026-05-16 10:59:58,2.0,10.62,10.25,10.65,1545545,88564,5.7,0,0,0.0,1007,471,49,4.38,2.65,3.29,4.01,2485,24
2026-05-16 11:00:58,6.3,10.82,10.40,10.67,1545545,88572,5.7,0,0,0.0,1007,471,49,4.98,2.81,6.96,8.23,2483,2
2026-05-16 11:01:59,6.1,12.62,10.87,10.81,1545545,88599,5.7,0,0,0.0,1007,471,49,2.55,37.33,9.82,10.25,2484,5
2026-05-16 11:02:59,1.3,12.31,11.05,10.87,1545545,88627,5.7,0,0,0.0,1007,471,49,5.18,2.94,7.33,8.50,2482,3
2026-05-16 11:03:59,1.1,10.59,10.76,10.79,1545545,88578,5.7,0,0,0.0,1007,471,49,4.15,2.79,7.63,8.18,2476,2
2026-05-16 11:05:00,1.5,9.97,10.56,10.71,1545545,88538,5.7,0,0,0.0,1007,471,49,2.46,2.82,0.84,1.91,2463,1
2026-05-16 11:06:00,1.2,10.06,10.50,10.68,1545545,88547,5.7,0,0,0.0,1007,471,49,4.08,2.92,2.02,3.05,2462,3
2026-05-16 11:07:00,1.7,10.61,10.59,10.71,1545545,88580,5.7,0,0,0.0,1007,471,49,4.21,2.72,7.39,8.71,2468,4
2026-05-16 11:08:01,1.2,10.03,10.37,10.62,1545545,88603,5.7,0,0,0.0,1007,471,49,3.43,2.71,0.48,1.65,2470,4
2026-05-16 11:09:01,1.7,9.83,10.22,10.55,1545545,88620,5.7,0,0,0.0,1007,471,49,5.80,3.11,0.85,1.90,2477,3
2026-05-16 11:10:01,3.2,9.67,10.11,10.49,1545545,88622,5.7,0,0,0.0,1007,471,49,3.38,2.75,8.30,8.86,2498,9
2026-05-16 11:11:02,3.1,12.88,10.89,10.73,1545545,88609,5.7,0,0,0.0,1007,471,49,2.62,2.77,9.70,10.45,2490,8
2026-05-16 11:12:02,2.0,12.42,11.23,10.87,1545545,88606,5.7,0,0,0.0,1007,471,49,6.33,2.81,4.95,6.07,2487,3
2026-05-16 11:13:02,1.8,11.10,11.06,10.83,1545545,88601,5.7,0,0,0.0,1007,471,49,4.69,2.93,7.12,7.69,2492,2
2026-05-16 11:14:03,1.3,10.60,10.95,10.81,1545545,88569,5.7,0,0,0.0,1007,471,49,4.13,2.81,8.29,8.85,2494,3
2026-05-16 11:15:03,9.8,10.43,10.81,10.77,1545545,88558,5.7,0,0,0.0,1007,471,49,7.43,2.84,2.35,3.46,2488,21
2026-05-16 11:16:03,2.2,10.83,10.87,10.79,1545545,88610,5.7,0,0,0.0,1007,471,49,4.66,2.82,6.37,7.63,2487,3
2026-05-16 11:17:04,0.9,10.92,10.92,10.82,1545545,88592,5.7,0,0,0.0,1007,471,49,4.07,2.96,7.85,8.38,2469,3
2026-05-16 11:18:04,0.9,10.13,10.72,10.76,1545545,88599,5.7,0,0,0.0,1007,471,49,3.10,2.82,4.15,5.03,2451,6
2026-05-16 11:19:04,3.2,10.32,10.59,10.70,1545545,88602,5.7,0,0,0.0,1007,471,49,2.94,2.72,6.70,7.53,2450,5
2026-05-16 11:20:05,3.0,16.23,12.22,11.26,1545545,88629,5.7,0,0,0.0,1007,471,49,5.14,2.87,10.78,11.37,2465,6
2026-05-16 11:21:05,1.3,14.90,12.74,11.51,1545545,88607,5.7,0,0,0.0,1007,471,49,8.19,2.57,5.87,6.86,2462,4
2026-05-16 11:22:05,1.9,16.26,13.48,11.84,1545545,88620,5.7,0,0,0.0,1007,471,49,4.96,2.95,2.49,3.55,2481,5
2026-05-16 11:23:06,1.2,12.71,13.02,11.78,1545545,88544,5.7,0,0,0.0,1007,471,49,3.16,2.80,3.20,4.19,2482,1
2026-05-16 11:24:06,1.4,10.35,12.30,11.61,1545545,88518,5.7,0,0,0.0,1007,471,49,4.73,2.95,0.48,1.56,2480,3
2026-05-16 11:25:06,1.5,11.69,12.29,11.65,1545545,88641,5.7,0,0,0.0,1007,471,49,6.66,2.86,1.65,2.63,2470,3
2026-05-16 11:26:07,1.3,12.38,12.52,11.77,1545545,88668,5.7,0,0,0.0,1007,471,49,5.92,2.80,6.09,6.69,2464,3
2026-05-16 11:27:07,1.2,12.00,12.41,11.79,1545545,88684,5.7,0,0,0.0,1007,471,49,4.49,2.91,3.23,4.05,2457,6
2026-05-16 11:28:07,1.5,11.94,12.34,11.80,1545545,88711,5.7,0,0,0.0,1007,471,49,4.64,2.91,6.91,8.63,2466,3
2026-05-16 11:29:08,1.9,11.47,12.12,11.76,1545545,88625,5.7,0,0,0.0,1007,471,49,4.92,2.91,2.93,3.78,2463,5
2026-05-16 11:30:08,10.0,11.49,12.00,11.73,1545545,88579,5.7,0,0,0.0,1007,471,49,6.16,2.77,3.13,4.22,2470,3
2026-05-16 11:31:08,1.1,10.52,11.64,11.63,1545545,88682,5.7,0,0,0.0,1007,471,49,7.47,2.88,3.60,4.43,2474,7
2026-05-16 11:32:09,1.0,10.65,11.54,11.60,1545545,88732,5.7,0,0,0.0,1007,471,49,3.39,2.87,5.76,7.13,2475,1
2026-05-16 11:33:09,1.7,11.22,11.52,11.58,1545545,88741,5.7,0,0,0.0,1007,471,49,4.38,2.96,7.45,8.25,2470,2
2026-05-16 11:34:09,2.4,11.03,11.40,11.54,1545545,88698,5.7,0,0,0.0,1007,471,49,4.36,2.88,4.93,5.79,2456,6
2026-05-16 11:35:10,1.0,15.03,12.81,12.04,1545545,88654,5.7,0,0,0.0,1007,471,49,2.34,2.79,4.88,5.67,2459,5
2026-05-16 11:36:10,2.1,13.87,12.74,12.06,1545545,88650,5.7,0,0,0.0,1007,471,49,5.06,2.82,4.05,4.91,2461,2
2026-05-16 11:37:11,1.9,12.58,12.54,12.03,1545545,88732,5.7,0,0,0.0,1007,471,49,3.45,3.01,9.70,10.04,2458,7
2026-05-16 11:38:11,1.1,11.36,12.23,11.95,1545545,88732,5.7,0,0,0.0,1007,471,49,2.92,2.86,6.35,7.24,2487,3
2026-05-16 11:39:11,1.7,10.54,11.86,11.85,1545545,88712,5.7,0,0,0.0,1007,471,49,4.53,2.86,2.91,3.85,2487,4
2026-05-16 11:40:12,1.2,10.22,11.55,11.74,1545545,88707,5.7,0,0,0.0,1007,471,49,6.89,2.49,2.45,3.39,2486,1
2026-05-16 11:41:12,1.3,10.72,11.40,11.67,1545545,88683,5.7,0,0,0.0,1007,471,49,3.09,2.75,5.70,6.31,2496,2
2026-05-16 11:42:12,2.0,11.33,11.38,11.64,1545545,88670,5.7,0,0,0.0,1007,471,49,5.84,2.83,6.21,7.24,2483,3
2026-05-16 11:43:13,1.2,13.16,11.84,11.78,1545545,88626,5.7,0,0,0.0,1007,471,49,5.73,2.92,6.25,7.78,2467,8
2026-05-16 11:44:13,3.9,10.70,11.38,11.62,1545545,88621,5.7,0,0,0.0,1007,471,49,4.77,2.87,1.63,2.67,2478,21
2026-05-16 11:45:13,2.8,13.35,11.91,11.79,1545545,88621,5.7,0,0,0.0,1007,471,49,6.70,2.80,10.23,11.51,2469,6
2026-05-16 11:46:14,2.6,13.90,12.32,11.93,1545545,88615,5.7,0,0,0.0,1007,471,49,5.40,2.77,6.39,7.67,2475,6
2026-05-16 11:47:14,1.3,12.43,12.15,11.90,1545545,88617,5.7,0,0,0.0,1007,471,49,5.08,2.93,7.84,8.81,2483,2
2026-05-16 11:48:14,1.1,11.47,12.00,11.87,1545545,88569,5.7,0,0,0.0,1007,471,49,4.77,2.91,4.93,5.88,2473,14
2026-05-16 11:49:15,3.4,11.23,11.84,11.82,1545545,88551,5.7,0,0,0.0,1007,471,49,2.98,2.72,3.18,4.07,2465,12
2026-05-16 11:50:15,1.1,10.96,11.69,11.77,1545545,88608,5.7,0,0,0.0,1007,471,49,2.60,2.78,6.59,7.96,2469,4
2026-05-16 11:51:15,1.5,11.46,11.64,11.75,1545545,88611,5.7,0,0,0.0,1007,471,49,3.63,2.84,5.15,6.19,2460,4
2026-05-16 11:52:16,1.8,12.19,11.85,11.81,1545545,88650,5.7,0,0,0.0,1007,471,49,6.11,2.84,5.37,6.01,2459,8
2026-05-16 11:53:16,1.3,12.75,12.14,11.92,1545545,88647,5.7,0,0,0.0,1007,471,49,2.50,2.79,7.03,8.10,2467,2
2026-05-16 11:54:16,1.3,11.49,11.90,11.85,1545545,88555,5.7,0,0,0.0,1007,471,49,3.83,2.93,1.65,2.72,2480,1
2026-05-16 11:55:17,1.3,10.60,11.54,11.72,1545545,88558,5.7,0,0,0.0,1007,471,49,4.36,2.88,1.99,3.04,2481,1
2026-05-16 11:56:17,2.9,11.98,11.84,11.82,1545545,88691,5.7,0,0,0.0,1007,471,49,4.75,2.72,8.32,9.62,2476,4
2026-05-16 11:57:17,1.0,11.85,11.81,11.81,1545545,88679,5.7,0,0,0.0,1007,471,49,3.65,2.86,6.61,7.36,2473,2
2026-05-16 11:58:18,0.9,10.23,11.33,11.64,1545545,88647,5.7,0,0,0.0,1007,471,49,5.46,3.01,2.46,3.45,2478,2
2026-05-16 11:59:18,1.2,10.53,11.28,11.61,1545545,88640,5.7,0,0,0.0,1007,471,49,3.89,2.90,7.32,7.86,2464,7
2026-05-16 12:00:18,1.3,10.59,11.19,11.56,1545545,88608,5.7,0,0,0.0,1007,471,49,4.46,2.72,9.99,10.44,2473,1
2026-05-16 12:01:19,3.5,10.25,10.99,11.46,1545545,88641,5.7,0,0,0.0,1007,471,49,5.45,37.14,1.43,2.45,2471,6
2026-05-16 12:02:19,1.2,10.84,11.08,11.47,1545545,88682,5.7,0,0,0.0,1007,471,49,3.72,2.88,7.41,9.01,2470,1
2026-05-16 12:03:19,1.4,10.12,10.86,11.37,1545545,88683,5.7,0,0,0.0,1007,471,49,6.18,2.84,0.47,1.54,2475,4
2026-05-16 12:04:20,1.5,10.83,10.91,11.35,1545545,88648,5.7,0,0,0.0,1007,471,49,4.70,2.76,7.28,8.05,2459,2
2026-05-16 12:05:20,2.3,10.46,10.79,11.28,1545545,88680,5.7,0,0,0.0,1007,471,49,4.95,2.91,4.66,5.42,2455,8
2026-05-16 12:06:20,1.0,9.97,10.61,11.19,1545545,88608,5.7,0,0,0.0,1007,471,49,4.31,2.76,4.97,5.84,2461,2
2026-05-16 12:07:21,1.2,10.07,10.50,11.11,1545545,88576,5.7,0,0,0.0,1007,471,49,2.83,2.80,2.02,3.04,2454,5
2026-05-16 12:08:21,3.8,10.69,10.56,11.09,1545545,88638,5.7,0,0,0.0,1007,471,49,2.73,2.64,3.03,4.12,2461,8
2026-05-16 12:09:21,1.2,12.32,11.09,11.24,1545545,88691,5.7,0,0,0.0,1007,471,49,5.44,2.78,10.15,11.86,2471,2
2026-05-16 12:10:22,1.9,12.02,11.16,11.25,1545545,88710,5.7,0,0,0.0,1007,471,49,5.67,2.82,7.95,9.17,2465,3
2026-05-16 12:11:22,1.3,11.62,11.18,11.25,1545545,88725,5.7,0,0,0.0,1007,471,49,6.30,2.85,7.50,7.95,2469,3
2026-05-16 12:12:22,1.0,10.22,10.89,11.15,1545545,88675,5.7,0,0,0.0,1007,471,49,8.77,2.70,2.83,3.75,2481,1
2026-05-16 12:13:23,1.2,11.68,11.25,11.26,1545545,88652,5.7,0,0,0.0,1007,471,49,7.02,2.81,8.23,9.23,2471,1
2026-05-16 12:14:23,1.9,10.91,11.11,11.21,1545545,88673,5.7,0,0,0.0,1007,471,49,3.93,2.90,4.28,5.12,2478,3
2026-05-16 12:15:23,1.0,11.82,11.42,11.32,1545545,88701,5.7,0,0,0.0,1007,471,49,5.44,2.89,4.59,5.63,2476,4
2026-05-16 12:16:24,1.9,11.45,11.31,11.28,1545545,88727,5.7,0,0,0.0,1007,471,49,4.03,2.74,5.37,6.07,2468,10
2026-05-16 12:17:24,1.7,11.10,11.25,11.26,1545545,88741,5.7,0,0,0.0,1007,471,49,2.79,2.78,1.28,2.35,2472,14
2026-05-16 12:18:24,1.8,10.56,11.08,11.20,1545545,88712,5.7,0,0,0.0,1007,471,49,4.96,2.70,4.86,5.72,2471,8
2026-05-16 12:19:25,1.2,11.45,11.23,11.25,1545545,88664,5.7,0,0,0.0,1007,471,49,4.55,3.07,9.97,11.10,2463,2
2026-05-16 12:20:25,1.5,10.31,10.96,11.15,1545545,88640,5.7,0,0,0.0,1007,471,49,3.79,2.77,6.05,6.79,2462,2
2026-05-16 12:21:25,1.3,10.30,10.82,11.09,1545545,88742,5.7,0,0,0.0,1007,471,49,5.19,3.00,4.46,5.20,2463,1
2026-05-16 12:22:26,1.1,13.82,11.70,11.37,1545545,88736,5.7,0,0,0.0,1007,471,49,5.07,2.73,5.79,7.07,2466,5
2026-05-16 12:23:26,2.5,12.73,11.78,11.42,1545545,88797,5.7,0,0,0.0,1007,471,49,3.99,2.76,6.35,6.94,2469,2
2026-05-16 12:24:26,1.6,10.97,11.44,11.32,1545545,88662,5.7,0,0,0.0,1007,471,49,5.12,2.95,3.32,4.31,2470,2
2026-05-16 12:25:27,1.8,12.25,11.71,11.43,1545545,88662,5.7,0,0,0.0,1007,471,49,3.70,2.81,6.19,7.24,2477,2
2026-05-16 12:26:27,3.8,12.87,11.99,11.54,1545545,88765,5.7,0,0,0.0,1007,471,49,2.48,2.98,7.80,8.35,2473,5
2026-05-16 12:27:28,2.3,11.36,11.77,11.50,1545545,88796,5.7,0,0,0.0,1007,471,49,4.44,2.70,5.20,6.31,2469,5
2026-05-16 12:28:28,1.2,10.74,11.57,11.45,1545545,88802,5.7,0,0,0.0,1007,471,49,3.13,2.83,5.39,6.36,2464,4
2026-05-16 12:29:28,1.0,10.47,11.36,11.38,1545545,88712,5.7,0,0,0.0,1007,471,49,4.98,3.12,5.31,6.18,2475,1
2026-05-16 12:30:29,7.0,10.34,11.12,11.29,1545545,88606,5.7,0,0,0.0,1007,471,49,5.64,2.85,5.36,6.14,2482,4
2026-05-16 12:31:29,1.0,11.07,11.22,11.32,1545545,88634,5.7,0,0,0.0,1007,471,49,5.63,2.73,6.74,8.22,2474,6
2026-05-16 12:32:29,1.9,11.16,11.21,11.31,1545545,88664,5.7,0,0,0.0,1007,471,49,3.45,2.82,8.00,9.03,2487,3
2026-05-16 12:33:30,2.3,10.17,10.93,11.21,1545545,88602,5.7,0,0,0.0,1007,471,49,4.11,2.92,1.44,2.49,2503,1
2026-05-16 12:34:30,1.3,10.74,10.92,11.18,1545545,88607,5.7,0,0,0.0,1007,471,49,4.02,2.86,5.77,7.36,2492,3
2026-05-16 12:35:30,1.3,11.21,11.03,11.20,1545545,88551,5.7,0,0,0.0,1007,471,49,3.74,2.89,5.64,6.42,2484,2
2026-05-16 12:36:31,3.2,10.53,10.86,11.13,1545545,88541,5.7,0,0,0.0,1007,471,49,8.06,2.65,0.47,1.53,2495,2
2026-05-16 12:37:31,2.3,10.11,10.71,11.06,1545545,88679,5.7,0,0,0.0,1007,471,49,4.99,3.07,6.64,7.23,2471,5
2026-05-16 12:38:31,2.4,10.25,10.62,11.01,1545545,88693,5.7,0,0,0.0,1007,471,49,3.50,2.71,3.19,4.14,2468,2
2026-05-16 12:39:32,1.2,10.29,10.57,10.97,1545545,88651,5.7,0,0,0.0,1007,471,49,5.03,2.86,2.79,3.76,2462,4
2026-05-16 12:40:32,1.9,10.03,10.41,10.88,1545545,88637,5.7,0,0,0.0,1007,471,49,3.28,2.90,3.60,4.61,2454,2
2026-05-16 12:41:32,3.2,11.05,10.62,10.93,1545545,88641,5.7,0,0,0.0,1007,471,49,4.78,2.79,8.39,9.38,2468,8
2026-05-16 12:42:33,1.3,11.16,10.82,10.98,1545545,88604,5.7,0,0,0.0,1007,471,49,5.50,2.88,5.85,6.78,2470,3
2026-05-16 12:43:33,1.3,11.01,10.83,10.97,1545545,88718,5.7,0,0,0.0,1007,471,49,4.58,2.79,6.87,7.41,2476,2
2026-05-16 12:44:33,1.3,10.28,10.65,10.90,1545545,88670,5.7,0,0,0.0,1007,471,49,5.33,2.89,0.51,1.71,2474,5
2026-05-16 12:45:34,2.0,11.10,10.76,10.92,1545545,88682,5.7,0,0,0.0,1007,471,49,4.92,2.80,4.16,4.97,2461,3
2026-05-16 12:46:34,1.2,10.29,10.60,10.85,1545545,88651,5.7,0,0,0.0,1007,471,49,2.69,2.93,5.56,6.21,2456,3
2026-05-16 12:47:34,1.0,10.05,10.47,10.79,1545545,88640,5.7,0,0,0.0,1007,471,49,5.50,2.83,0.85,1.90,2457,2
2026-05-16 12:48:35,2.1,10.25,10.42,10.75,1545545,88748,5.7,0,0,0.0,1007,471,49,3.39,2.71,8.96,9.30,2459,7
2026-05-16 12:49:35,3.1,11.55,10.75,10.84,1545545,88711,5.7,0,0,0.0,1007,471,49,1.69,2.90,11.66,12.19,2456,4
2026-05-16 12:50:35,1.3,11.13,10.75,10.84,1545545,88664,5.7,0,0,0.0,1007,471,49,5.25,2.88,0.72,1.97,2463,8
2026-05-16 12:51:36,1.4,13.06,11.74,11.19,1545545,88651,5.7,0,0,0.0,1007,471,49,4.87,2.90,0.43,1.54,2466,5
2026-05-16 12:52:36,3.4,11.47,11.53,11.15,1545545,88685,5.7,0,0,0.0,1007,471,49,3.82,2.78,5.54,6.28,2479,6
2026-05-16 12:53:36,1.1,11.14,11.44,11.15,1545545,88602,5.7,0,0,0.0,1007,471,49,3.72,2.77,4.96,5.69,2472,2
2026-05-16 12:54:37,1.3,10.65,11.23,11.09,1545545,88576,5.7,0,0,0.0,1007,471,49,6.21,2.78,0.45,1.61,2474,2
2026-05-16 12:55:37,1.1,9.83,10.89,10.98,1545545,88699,5.7,0,0,0.0,1007,471,49,2.97,2.80,0.51,1.65,2465,2
2026-05-16 12:56:37,1.8,10.53,10.86,10.96,1545545,88734,5.7,0,0,0.0,1007,471,49,5.53,2.93,8.52,9.39,2466,2
2026-05-16 12:57:38,3.4,11.89,11.24,11.09,1545545,88760,5.7,0,0,0.0,1007,471,49,5.13,2.74,8.28,9.50,2459,7
2026-05-16 12:58:38,9.8,13.85,11.90,11.33,1545545,88751,5.7,0,0,0.0,1007,471,49,4.25,2.96,8.97,10.49,2465,27
2026-05-16 12:59:38,1.7,12.70,11.96,11.39,1545545,88683,5.7,0,0,0.0,1007,471,49,4.04,2.70,9.34,10.41,2469,9
2026-05-16 13:00:39,1.7,11.86,11.84,11.38,1545545,88668,5.7,0,0,0.0,1007,471,49,3.43,2.96,6.91,7.59,2472,5
2026-05-16 13:01:39,1.9,11.04,11.61,11.33,1545545,88745,5.7,0,0,0.0,1007,471,49,3.56,39.55,8.17,8.66,2463,3
2026-05-16 13:02:40,1.7,10.41,11.31,11.24,1545545,88750,5.7,0,0,0.0,1007,471,49,3.13,2.92,6.56,7.19,2465,1
2026-05-16 13:03:40,2.2,10.58,11.23,11.22,1545545,88783,5.7,0,0,0.0,1007,471,49,3.97,2.77,7.22,7.74,2466,3
2026-05-16 13:04:40,1.5,11.77,11.40,11.27,1545545,88710,5.7,0,0,0.0,1007,471,49,3.11,2.77,6.48,7.17,2456,1
2026-05-16 13:05:41,3.3,12.99,11.72,11.38,1545545,88744,5.7,0,0,0.0,1007,471,49,3.34,2.92,8.40,9.25,2456,5
2026-05-16 13:06:41,2.0,13.42,12.01,11.50,1545545,88730,5.7,0,0,0.0,1007,471,49,3.00,2.90,6.90,8.07,2478,19
2026-05-16 13:07:41,2.3,14.35,12.52,11.71,1545545,88806,5.7,0,0,0.0,1007,471,49,3.27,2.71,6.78,7.36,2475,4
2026-05-16 13:08:42,1.1,15.18,13.39,12.08,1545545,88771,5.7,0,0,0.0,1007,471,49,6.00,2.90,4.79,6.05,2470,1
2026-05-16 13:09:42,1.1,14.35,13.47,12.19,1545545,88765,5.7,0,0,0.0,1007,471,49,4.21,2.82,6.04,6.71,2471,2
2026-05-16 13:10:42,1.5,13.61,13.43,12.25,1545545,88737,5.7,0,0,0.0,1007,471,49,3.22,2.92,2.95,3.95,2475,1
2026-05-16 13:11:43,1.2,15.32,14.17,12.59,1545545,88715,5.7,0,0,0.0,1007,471,49,4.89,2.70,5.69,6.30,2458,3
2026-05-16 13:12:43,2.1,12.34,13.56,12.48,1545545,88740,5.7,0,0,0.0,1007,471,49,3.51,2.84,7.21,7.71,2478,4
2026-05-16 13:13:43,11.7,15.62,14.18,12.76,1545545,88742,5.7,0,0,0.0,1007,471,49,3.40,2.81,6.91,8.02,2473,21
2026-05-16 13:14:44,1.7,12.22,13.47,12.61,1545545,88659,5.7,0,0,0.0,1007,471,49,4.87,2.73,4.56,5.39,2483,4
2026-05-16 13:15:44,1.4,11.34,13.04,12.52,1545545,88663,5.7,0,0,0.0,1007,471,49,3.52,3.06,3.73,4.68,2480,2
2026-05-16 13:16:44,1.2,12.14,13.06,12.56,1545545,88681,5.7,0,0,0.0,1007,471,49,3.64,2.98,5.23,5.96,2483,3
2026-05-16 13:17:45,3.1,15.13,13.73,12.82,1545545,88732,5.7,0,0,0.0,1007,471,49,3.81,2.74,9.72,11.08,2457,8
2026-05-16 13:18:45,1.3,12.37,13.20,12.69,1545545,88731,5.7,0,0,0.0,1007,471,49,5.37,2.44,7.42,8.29,2462,7
2026-05-16 13:19:45,1.8,12.17,12.90,12.61,1545545,88700,5.7,0,0,0.0,1007,471,49,2.96,2.77,7.97,8.75,2470,8
2026-05-16 13:20:46,2.9,13.50,13.21,12.74,1545545,88660,5.7,0,0,0.0,1007,471,49,3.86,3.08,8.29,9.57,2461,6
2026-05-16 13:21:46,1.4,11.54,12.74,12.61,1545545,88597,5.7,0,0,0.0,1007,471,49,3.44,3.04,5.77,6.93,2467,3
2026-05-16 13:22:46,1.3,10.70,12.30,12.47,1545545,88577,5.7,0,0,0.0,1007,471,49,2.84,2.61,0.45,1.56,2490,1
2026-05-16 13:23:47,1.2,15.72,13.55,12.89,1545545,88605,5.7,0,0,0.0,1007,471,49,4.77,2.80,2.79,3.77,2491,7
2026-05-16 13:24:47,1.7,13.81,13.27,12.82,1545545,88716,5.7,0,0,0.0,1007,471,49,3.77,2.94,5.23,6.17,2472,6
2026-05-16 13:25:47,2.3,11.92,12.83,12.70,1545545,88708,5.7,0,0,0.0,1007,471,49,4.86,2.75,6.70,8.26,2482,2
2026-05-16 13:26:48,2.0,10.72,12.34,12.54,1545545,88706,5.7,0,0,0.0,1007,471,49,3.27,3.05,5.09,5.74,2474,3
2026-05-16 13:27:48,2.0,10.81,12.07,12.44,1545545,88710,5.7,0,0,0.0,1007,471,49,4.93,2.77,6.38,6.99,2464,2
2026-05-16 13:28:48,1.7,10.55,11.77,12.31,1545545,88677,5.7,0,0,0.0,1007,471,49,5.52,2.73,3.61,4.46,2466,2
2026-05-16 13:29:49,1.1,10.28,11.52,12.19,1545545,88590,5.7,0,0,0.0,1007,471,49,5.25,2.78,1.30,2.37,2478,3
2026-05-16 13:30:49,1.2,9.95,11.18,12.02,1545545,88708,5.7,0,0,0.0,1007,471,49,3.80,3.04,3.15,4.51,2471,2
2026-05-16 13:31:49,1.3,11.32,11.33,12.02,1545545,88712,5.7,0,0,0.0,1007,471,49,3.19,3.03,2.06,2.99,2485,4
2026-05-16 13:32:50,0.9,10.51,11.09,11.89,1545545,88698,5.7,0,0,0.0,1007,471,49,3.48,2.44,2.82,3.85,2476,2
2026-05-16 13:33:50,1.9,11.05,11.05,11.82,1545545,88716,5.7,0,0,0.0,1007,471,49,3.59,2.74,2.81,3.83,2469,7
2026-05-16 13:34:51,2.6,10.37,10.87,11.71,1545545,88629,5.7,0,0,0.0,1007,471,49,1.96,2.96,4.02,4.87,2460,5
2026-05-16 13:35:51,2.0,10.91,10.92,11.68,1545545,88650,5.7,0,0,0.0,1007,471,49,3.15,2.91,4.62,5.52,2472,6
2026-05-16 13:36:51,3.5,11.90,11.15,11.70,1545545,88765,5.7,0,0,0.0,1007,471,49,3.42,3.00,7.37,7.92,2465,4
2026-05-16 13:37:52,1.1,12.36,11.41,11.76,1545545,88728,5.7,0,0,0.0,1007,471,49,2.00,2.87,7.15,8.24,2475,5
2026-05-16 13:38:52,1.1,10.46,11.04,11.61,1545545,88711,5.7,0,0,0.0,1007,471,49,3.82,2.89,0.51,1.61,2472,9
2026-05-16 13:39:52,1.9,11.20,11.10,11.58,1545545,88718,5.7,0,0,0.0,1007,471,49,2.12,2.62,3.94,4.77,2480,6
2026-05-16 13:40:53,3.0,10.97,11.05,11.54,1545545,88706,5.7,0,0,0.0,1007,471,49,1.79,2.93,8.99,9.67,2470,7
2026-05-16 13:41:53,1.3,11.71,11.30,11.59,1545545,88643,5.7,0,0,0.0,1007,471,49,2.50,3.02,6.82,8.29,2467,6
2026-05-16 13:42:53,1.0,10.43,11.00,11.47,1545545,88650,5.7,0,0,0.0,1007,471,49,2.34,2.82,2.04,3.01,2463,2
2026-05-16 13:43:54,0.9,10.76,10.95,11.42,1545545,88774,5.7,0,0,0.0,1007,471,49,2.37,2.71,0.86,1.91,2464,1
2026-05-16 13:44:54,1.3,10.90,10.98,11.40,1545545,88749,5.7,0,0,0.0,1007,471,49,3.44,2.92,2.82,3.76,2474,1
2026-05-16 13:45:54,1.4,10.27,10.75,11.29,1545545,88740,5.7,0,0,0.0,1007,471,49,3.55,2.95,1.22,2.28,2482,7
2026-05-16 13:46:55,1.3,10.10,10.60,11.20,1545545,88713,5.7,0,0,0.0,1007,471,49,2.72,2.89,0.88,2.09,2473,2
2026-05-16 13:47:55,1.5,11.44,10.87,11.25,1545545,88721,5.7,0,0,0.0,1007,471,49,3.63,2.76,6.51,7.91,2472,3
2026-05-16 13:48:55,1.4,10.91,10.81,11.20,1545545,88723,5.7,0,0,0.0,1007,471,49,3.57,2.86,0.50,1.71,2470,3
2026-05-16 13:49:56,2.7,10.34,10.63,11.12,1545545,88773,5.7,0,0,0.0,1007,471,49,5.37,2.72,0.84,1.90,2463,3
2026-05-16 13:50:56,1.1,11.47,11.12,11.27,1545545,88774,5.7,0,0,0.0,1007,471,49,3.50,2.87,2.01,3.02,2457,3
2026-05-16 13:51:56,1.4,10.70,10.93,11.19,1545545,88770,5.7,0,0,0.0,1007,471,49,5.25,3.01,0.52,1.77,2461,5
2026-05-16 13:52:57,1.2,10.66,10.87,11.15,1545545,88769,5.7,0,0,0.0,1007,471,49,5.84,2.84,2.44,3.40,2469,4
2026-05-16 13:53:57,2.2,13.70,11.66,11.40,1545545,88793,5.7,0,0,0.0,1007,471,49,4.28,2.81,11.71,12.96,2472,5
2026-05-16 13:54:57,1.5,13.51,12.00,11.54,1545545,88734,5.7,0,0,0.0,1007,471,49,4.03,2.81,8.55,9.74,2472,4
2026-05-16 13:55:58,1.9,16.94,13.30,12.01,1545545,88811,5.7,0,0,0.0,1007,471,49,3.03,3.00,1.37,2.41,2464,3
2026-05-16 13:56:58,2.1,13.73,13.19,12.06,1545545,88838,5.7,0,0,0.0,1007,471,49,3.04,3.32,6.64,7.29,2463,6
2026-05-16 13:57:58,1.4,11.65,12.66,11.95,1545545,88824,5.7,0,0,0.0,1007,471,49,5.64,2.74,5.81,6.51,2456,1
2026-05-16 13:58:59,1.8,10.99,12.32,11.88,1545545,88807,5.7,0,0,0.0,1007,471,49,5.80,2.92,8.53,9.07,2453,2
2026-05-16 13:59:59,1.8,10.68,11.93,11.77,1545545,88800,5.7,0,0,0.0,1007,471,49,4.18,2.85,4.11,4.84,2457,4
2026-05-16 14:00:59,2.7,10.43,11.60,11.66,1545545,88840,5.7,0,0,0.0,1007,471,49,5.44,2.67,1.91,2.93,2457,7
2026-05-16 14:02:00,1.2,10.88,11.42,11.59,1545545,88721,5.7,0,0,0.0,1007,471,49,4.44,37.36,6.87,7.60,2462,4
2026-05-16 14:03:00,1.2,10.80,11.31,11.54,1545545,88719,5.7,0,0,0.0,1007,471,49,6.80,2.84,1.65,2.70,2478,9
2026-05-16 14:04:00,1.6,11.54,11.36,11.54,1545545,88745,5.7,0,0,0.0,1007,471,49,6.16,2.89,11.85,12.77,2496,4
2026-05-16 14:05:01,1.8,12.25,11.49,11.57,1545545,88672,5.7,0,0,0.0,1007,471,49,4.38,2.70,7.56,8.06,2483,4
2026-05-16 14:06:01,2.5,11.20,11.27,11.48,1545545,88679,5.7,0,0,0.0,1007,471,49,6.12,3.18,1.75,2.72,2492,3
2026-05-16 14:07:01,1.4,11.97,11.56,11.57,1545545,88659,5.7,0,0,0.0,1007,471,49,6.05,3.09,6.01,7.75,2495,3
2026-05-16 14:08:02,1.3,12.04,11.67,11.61,1545545,88750,5.7,0,0,0.0,1007,471,49,3.45,2.81,7.70,9.00,2483,4
2026-05-16 14:09:02,1.1,13.42,12.04,11.74,1545545,88719,5.7,0,0,0.0,1007,471,49,4.18,2.62,4.33,5.39,2474,8
2026-05-16 14:10:02,1.3,12.56,12.05,11.76,1545545,88685,5.7,0,0,0.0,1007,471,49,4.56,2.88,3.64,4.54,2482,2
2026-05-16 14:11:03,2.5,13.49,12.38,11.89,1545545,88731,5.7,0,0,0.0,1007,471,49,3.02,2.84,9.72,10.38,2473,7
2026-05-16 14:12:03,1.5,11.38,11.99,11.79,1545545,88760,5.7,0,0,0.0,1007,471,49,6.83,3.05,2.76,3.79,2467,1
2026-05-16 14:13:03,1.2,10.68,11.71,11.70,1545545,88722,5.7,0,0,0.0,1007,471,49,2.70,2.65,4.83,5.60,2468,1
2026-05-16 14:14:04,2.0,11.43,11.67,11.69,1545545,88731,5.7,0,0,0.0,1007,471,49,4.03,2.92,3.60,4.56,2466,3
2026-05-16 14:15:04,2.9,11.47,11.57,11.65,1545545,88751,5.7,0,0,0.0,1007,471,49,5.16,2.84,7.35,8.40,2481,3
2026-05-16 14:16:04,1.9,11.44,11.63,11.67,1545545,88715,5.7,0,0,0.0,1007,471,49,3.93,2.77,9.32,9.96,2503,3
2026-05-16 14:17:05,1.2,10.69,11.40,11.59,1545545,88767,5.7,0,0,0.0,1007,471,49,2.69,2.99,2.79,3.80,2485,7
2026-05-16 14:18:05,1.3,10.23,11.17,11.50,1545545,88772,5.7,0,0,0.0,1007,471,49,3.44,2.87,4.62,5.98,2492,5
2026-05-16 14:19:05,1.2,10.97,11.24,11.50,1545545,88775,5.7,0,0,0.0,1007,471,49,2.78,2.85,1.65,2.66,2479,2
2026-05-16 14:20:06,1.9,9.84,10.86,11.35,1545545,88652,5.7,0,0,0.0,1007,471,49,2.68,2.82,3.50,4.39,2488,4
2026-05-16 14:21:06,2.2,13.50,11.55,11.55,1545545,88755,5.7,0,0,0.0,1007,471,49,3.05,2.86,10.23,11.55,2483,3
2026-05-16 14:22:07,2.0,12.83,11.79,11.64,1545545,88763,5.7,0,0,0.0,1007,471,49,3.48,3.05,6.09,7.19,2469,3
2026-05-16 14:23:07,3.0,11.85,11.73,11.63,1545545,88781,5.7,0,0,0.0,1007,471,49,3.14,2.91,10.33,11.19,2479,5
2026-05-16 14:24:07,2.9,12.67,11.91,11.69,1545545,88814,5.7,0,0,0.0,1007,471,49,3.39,2.40,9.74,11.17,2477,9
2026-05-16 14:25:08,1.3,10.99,11.54,11.57,1545545,88714,5.7,0,0,0.0,1007,471,49,2.09,2.91,1.97,3.11,2456,2
2026-05-16 14:26:08,0.9,11.99,11.82,11.67,1545545,88656,5.7,0,0,0.0,1007,471,49,4.12,2.88,7.74,9.13,2468,21
2026-05-16 14:27:08,1.2,9.95,11.29,11.50,1545545,88669,5.7,0,0,0.0,1007,471,49,5.39,3.03,0.89,2.08,2471,5
2026-05-16 14:28:09,1.1,10.18,11.12,11.43,1545545,88758,5.7,0,0,0.0,1007,471,49,3.75,2.93,5.53,6.55,2459,1
2026-05-16 14:29:09,1.1,11.20,11.25,11.45,1545545,88817,5.7,0,0,0.0,1007,471,49,3.84,2.96,6.41,7.08,2464,2
2026-05-16 14:30:09,2.0,10.84,11.09,11.38,1545545,88854,5.7,0,0,0.0,1007,471,49,4.10,2.82,3.06,3.96,2470,21
2026-05-16 14:31:10,1.3,10.17,10.90,11.30,1545545,88833,5.7,0,0,0.0,1007,471,49,3.67,2.89,3.75,4.69,2457,2
2026-05-16 14:32:10,1.9,10.70,10.84,11.25,1545545,88873,5.8,0,0,0.0,1007,471,49,2.14,2.96,5.74,6.67,2461,3
2026-05-16 14:33:10,1.3,10.52,10.75,11.19,1545545,88864,5.7,0,0,0.0,1007,471,49,2.90,2.89,3.55,4.43,2460,4
2026-05-16 14:34:11,3.4,11.47,10.94,11.22,1545545,88866,5.7,0,0,0.0,1007,471,49,3.27,2.93,4.86,5.94,2459,5
2026-05-16 14:35:11,2.5,10.66,10.77,11.14,1545545,88884,5.8,0,0,0.0,1007,471,49,3.56,2.93,2.90,3.82,2467,4
2026-05-16 14:36:11,1.0,10.79,10.85,11.15,1545545,88857,5.7,0,0,0.0,1007,471,49,4.94,2.77,5.04,5.74,2469,4
2026-05-16 14:37:12,1.0,10.70,10.80,11.11,1545545,88877,5.8,0,0,0.0,1007,471,49,5.00,3.01,8.46,8.97,2463,7
2026-05-16 14:38:12,1.4,10.50,10.73,11.07,1545545,88887,5.8,0,0,0.0,1007,471,49,3.95,2.86,2.17,3.18,2471,3
2026-05-16 14:39:12,1.2,10.20,10.61,11.00,1545545,88869,5.8,0,0,0.0,1007,471,49,5.82,2.75,4.49,5.23,2474,3
2026-05-16 14:40:13,1.6,11.64,10.97,11.10,1545545,88876,5.8,0,0,0.0,1007,471,49,3.85,2.79,7.66,8.16,2472,6
2026-05-16 14:41:13,2.2,10.77,10.81,11.03,1545545,88896,5.8,0,0,0.0,1007,471,49,2.59,2.80,5.10,5.79,2463,4
2026-05-16 14:42:13,11.3,11.24,10.98,11.08,1545545,88912,5.8,0,0,0.0,1007,471,49,3.66,3.09,6.49,7.17,2483,9
2026-05-16 14:43:14,1.1,11.34,11.15,11.14,1545545,88898,5.8,0,0,0.0,1007,471,49,2.69,2.70,5.19,6.63,2471,1
2026-05-16 14:44:14,3.1,11.15,11.06,11.10,1545545,88904,5.8,0,0,0.0,1007,471,49,4.32,2.80,10.14,11.50,2465,6
2026-05-16 14:45:14,3.0,10.28,10.82,11.02,1545545,88918,5.8,0,0,0.0,1007,471,49,4.48,2.84,2.17,3.29,2477,7
2026-05-16 14:46:15,2.0,12.26,11.28,11.16,1545545,88906,5.8,0,0,0.0,1007,471,49,2.54,2.91,8.28,9.33,2470,4
2026-05-16 14:47:15,1.9,12.64,11.62,11.29,1545545,88926,5.8,0,0,0.0,1007,471,49,2.42,2.57,12.00,12.83,2470,2
2026-05-16 14:48:15,1.2,11.59,11.52,11.28,1545545,88800,5.7,0,0,0.0,1007,471,49,4.84,2.98,4.84,5.67,2470,3
2026-05-16 14:49:16,1.2,10.81,11.31,11.22,1545545,88722,5.7,0,0,0.0,1007,471,49,3.58,2.85,0.46,1.56,2468,2
2026-05-16 14:50:16,1.4,11.05,11.27,11.21,1545545,88774,5.7,0,0,0.0,1007,471,49,3.30,2.84,10.80,11.12,2459,5
2026-05-16 14:51:16,1.2,12.29,11.46,11.27,1545545,88804,5.7,0,0,0.0,1007,471,49,3.78,2.73,4.86,5.58,2471,4
2026-05-16 14:52:17,1.1,11.99,11.61,11.34,1545545,88840,5.7,0,0,0.0,1007,471,49,2.89,3.04,3.22,4.11,2463,6
2026-05-16 14:53:17,1.2,16.97,13.23,11.92,1545545,88714,5.7,0,0,0.0,1007,471,49,2.95,2.93,6.88,7.66,2480,5
2026-05-16 14:54:18,1.2,15.72,13.59,12.12,1545545,88789,5.7,0,0,0.0,1007,471,49,4.77,2.82,3.63,4.49,2491,6
2026-05-16 14:55:18,1.1,14.51,13.68,12.25,1545545,88775,5.7,0,0,0.0,1007,471,49,5.10,2.74,2.81,3.77,2490,3
2026-05-16 14:56:18,9.3,15.07,14.01,12.46,1545545,88787,5.7,0,0,0.0,1007,471,49,4.01,2.80,4.92,5.65,2481,22
2026-05-16 14:57:19,1.1,15.10,14.44,12.72,1545545,88810,5.7,0,0,0.0,1007,471,49,4.75,3.01,10.02,11.33,2478,2
2026-05-16 14:58:19,1.0,12.84,14.03,12.69,1545545,88827,5.7,0,0,0.0,1007,471,49,2.99,2.88,3.72,4.65,2462,5
2026-05-16 14:59:19,0.9,10.61,13.17,12.48,1545545,88734,5.7,0,0,0.0,1007,471,49,8.30,2.93,1.65,2.64,2468,3
2026-05-16 15:00:20,2.1,11.06,12.83,12.40,1545545,88844,5.7,0,0,0.0,1007,471,49,8.50,2.90,5.84,6.66,2473,2
2026-05-16 15:01:20,3.7,12.46,12.79,12.41,1545545,88838,5.7,0,0,0.0,1007,471,49,7.82,37.06,6.72,7.28,2478,7
2026-05-16 15:02:20,1.1,11.85,12.68,12.40,1545545,88827,5.7,0,0,0.0,1007,471,49,5.46,3.02,3.39,4.66,2478,1
2026-05-16 15:03:21,1.7,10.95,12.22,12.26,1545545,88857,5.7,0,0,0.0,1007,471,49,5.39,2.98,5.28,6.03,2472,2
2026-05-16 15:04:21,1.9,18.42,13.74,12.75,1545545,88811,5.7,0,0,0.0,1007,471,49,6.03,2.89,4.03,4.97,2462,7
2026-05-16 15:05:21,1.7,13.14,13.08,12.59,1545545,88780,5.7,0,0,0.0,1007,471,49,5.75,2.75,5.08,5.80,2460,4
2026-05-16 15:06:22,1.1,12.11,12.73,12.49,1545545,88749,5.7,0,0,0.0,1007,471,49,5.88,2.98,8.14,8.77,2457,3
2026-05-16 15:07:22,1.4,10.82,12.26,12.34,1545545,88726,5.7,0,0,0.0,1007,471,49,7.26,2.77,1.20,2.26,2458,2
2026-05-16 15:08:22,1.2,9.82,11.69,12.14,1545545,88831,5.7,0,0,0.0,1007,471,49,5.56,2.95,0.57,1.77,2462,11
2026-05-16 15:09:23,1.3,10.03,11.38,12.00,1545545,88810,5.7,0,0,0.0,1007,471,49,6.26,2.77,1.23,2.30,2468,3
2026-05-16 15:10:23,1.0,9.21,10.91,11.80,1545545,88787,5.7,0,0,0.0,1007,471,49,4.48,2.78,0.44,1.56,2464,2
2026-05-16 15:11:23,1.8,10.00,10.78,11.70,1545545,88776,5.7,0,0,0.0,1007,471,49,5.74,2.62,6.84,7.48,2467,2
2026-05-16 15:12:24,1.7,11.10,10.97,11.70,1545545,88792,5.7,0,0,0.0,1007,471,49,5.59,2.68,6.68,7.19,2460,6
2026-05-16 15:13:24,2.0,11.06,10.90,11.63,1545545,88883,5.8,0,0,0.0,1007,471,49,5.60,2.96,3.69,4.60,2467,2
2026-05-16 15:14:24,1.1,10.51,10.79,11.54,1545545,88831,5.7,0,0,0.0,1007,471,49,4.09,2.78,5.06,5.79,2464,2
2026-05-16 15:15:25,1.8,10.29,10.73,11.47,1545545,88850,5.7,0,0,0.0,1007,471,49,7.98,2.83,1.63,2.63,2474,1
2026-05-16 15:16:25,1.2,10.66,10.74,11.43,1545545,88825,5.7,0,0,0.0,1007,471,49,8.98,2.96,4.26,5.50,2473,7
2026-05-16 15:17:25,3.4,11.79,11.07,11.50,1545545,88848,5.7,0,0,0.0,1007,471,49,3.58,2.86,7.66,8.59,2466,7
2026-05-16 15:18:26,2.1,11.02,10.98,11.44,1545545,88846,5.7,0,0,0.0,1007,471,49,6.03,2.93,8.68,9.89,2463,4
2026-05-16 15:19:26,1.7,10.97,10.98,11.41,1545545,88883,5.8,0,0,0.0,1007,471,49,8.15,2.95,5.03,5.78,2459,3
2026-05-16 15:20:26,1.8,10.72,10.86,11.34,1545545,88881,5.8,0,0,0.0,1007,471,49,3.82,2.65,4.28,5.12,2455,7
2026-05-16 15:21:27,1.9,12.41,11.28,11.45,1545545,88898,5.8,0,0,0.0,1007,471,49,8.44,2.86,10.74,11.44,2460,2
2026-05-16 15:22:27,1.3,11.87,11.29,11.45,1545545,88882,5.8,0,0,0.0,1007,471,49,7.45,2.85,5.31,5.98,2467,5
2026-05-16 15:23:27,2.2,11.16,11.23,11.42,1545545,88860,5.7,0,0,0.0,1007,471,49,5.75,3.01,5.81,6.51,2467,4
2026-05-16 15:24:28,1.7,10.77,11.08,11.35,1545545,88805,5.7,0,0,0.0,1007,471,49,6.02,2.68,3.72,4.62,2473,3
2026-05-16 15:25:28,1.8,10.97,11.05,11.32,1545545,88811,5.7,0,0,0.0,1007,471,49,5.14,2.74,5.22,5.89,2467,3
2026-05-16 15:26:28,3.6,11.33,11.14,11.34,1545545,88904,5.8,0,0,0.0,1007,471,49,2.77,3.09,12.32,13.89,2464,4
2026-05-16 15:27:29,1.1,11.59,11.38,11.41,1545545,88886,5.8,0,0,0.0,1007,471,49,4.20,2.69,5.15,6.77,2462,4
2026-05-16 15:28:29,2.9,11.05,11.23,11.36,1545545,88906,5.8,0,0,0.0,1007,471,49,3.98,2.95,3.25,4.14,2463,7
2026-05-16 15:29:29,1.4,10.39,11.03,11.28,1545545,88831,5.7,0,0,0.0,1007,471,49,5.62,3.04,3.59,4.82,2455,6
2026-05-16 15:30:30,1.0,10.25,10.88,11.21,1545545,88803,5.7,0,0,0.0,1007,471,49,6.91,2.86,4.70,5.86,2456,6
2026-05-16 15:31:30,1.4,10.45,10.77,11.15,1545545,88803,5.7,0,0,0.0,1007,471,49,5.56,2.78,2.79,3.84,2453,3
2026-05-16 15:32:31,1.9,12.31,11.22,11.28,1545545,88931,5.8,0,0,0.0,1007,471,49,5.58,2.83,11.37,13.50,2454,2
2026-05-16 15:33:31,2.7,11.03,11.07,11.23,1545545,88957,5.8,0,0,0.0,1007,471,49,7.08,3.03,4.48,5.27,2463,6
2026-05-16 15:34:31,2.4,11.13,11.11,11.23,1545545,88813,5.7,0,0,0.0,1007,471,49,5.07,2.48,8.77,9.23,2484,3
2026-05-16 15:35:32,1.3,11.04,11.06,11.20,1545545,88766,5.7,0,0,0.0,1007,471,49,5.41,2.88,5.68,6.36,2483,1
2026-05-16 15:36:32,1.9,19.92,13.08,11.86,1545545,88748,5.7,0,0,0.0,1007,471,49,7.67,2.94,8.40,8.89,2491,8
2026-05-16 15:37:32,1.1,14.40,12.90,11.88,1545545,88747,5.7,0,0,0.0,1007,471,49,4.41,2.75,5.16,6.17,2490,2
2026-05-16 15:38:33,1.3,14.15,12.97,11.96,1545545,88832,5.7,0,0,0.0,1007,471,49,5.77,2.84,5.89,7.09,2463,2
2026-05-16 15:39:33,2.0,12.47,12.67,11.92,1545545,88835,5.7,0,0,0.0,1007,471,49,7.36,2.88,5.11,5.89,2473,4
2026-05-16 15:40:33,1.1,10.77,12.15,11.79,1545545,88792,5.7,0,0,0.0,1007,471,49,6.51,2.88,1.10,2.16,2478,1
2026-05-16 15:41:34,1.3,10.38,11.80,11.69,1545545,88776,5.7,0,0,0.0,1007,471,49,6.42,2.70,5.19,6.14,2475,1
2026-05-16 15:42:34,2.9,14.84,12.45,11.90,1545545,88757,5.7,0,0,0.0,1007,471,49,5.95,2.91,0.43,1.55,2478,6
2026-05-16 15:43:34,1.2,11.57,11.94,11.76,1545545,88711,5.7,0,0,0.0,1007,471,49,7.74,2.84,0.43,1.56,2480,6
2026-05-16 15:44:35,1.9,10.74,11.61,11.65,1545545,88686,5.7,0,0,0.0,1007,471,49,6.70,2.92,6.95,7.59,2455,3
2026-05-16 15:45:35,1.6,11.53,11.72,11.69,1545545,88808,5.7,0,0,0.0,1007,471,49,7.25,2.45,7.78,9.00,2462,3
2026-05-16 15:46:35,1.1,10.10,11.30,11.55,1545545,88808,5.7,0,0,0.0,1007,471,49,5.26,2.99,0.41,1.60,2470,4
2026-05-16 15:47:36,1.0,9.59,10.91,11.39,1545545,88825,5.7,0,0,0.0,1007,471,49,7.15,2.80,4.85,5.62,2471,2
2026-05-16 15:48:36,1.5,11.71,11.25,11.47,1545545,88811,5.7,0,0,0.0,1007,471,49,6.56,2.96,5.35,6.83,2462,7
2026-05-16 15:49:36,1.5,10.41,10.96,11.36,1545545,88728,5.7,0,0,0.0,1007,471,49,6.89,2.73,2.10,3.21,2479,4
2026-05-16 15:50:37,1.1,10.20,10.80,11.27,1545545,88711,5.7,0,0,0.0,1007,471,49,7.73,2.87,1.24,2.28,2462,1
2026-05-16 15:51:37,1.0,9.54,10.54,11.16,1545545,88819,5.7,0,0,0.0,1007,471,49,7.96,2.82,0.42,1.53,2464,5
2026-05-16 15:52:37,1.0,9.06,10.23,11.01,1545545,88840,5.7,0,0,0.0,1007,471,49,7.03,2.84,1.63,2.65,2451,6
2026-05-16 15:53:38,3.2,12.21,10.85,11.17,1545545,88861,5.7,0,0,0.0,1007,471,49,6.30,2.71,7.20,8.36,2472,6
2026-05-16 15:54:38,1.6,12.50,11.20,11.28,1545545,88815,5.7,0,0,0.0,1007,471,49,5.59,2.96,10.10,10.63,2471,3
2026-05-16 15:55:38,6.2,12.94,11.58,11.40,1545545,88768,5.7,0,0,0.0,1007,471,49,4.72,2.80,7.00,8.59,2468,6
2026-05-16 15:56:39,2.0,11.44,11.41,11.35,1545545,88800,5.7,0,0,0.0,1007,471,49,6.41,2.96,8.68,9.02,2469,8
2026-05-16 15:57:39,1.0,10.68,11.19,11.28,1545545,88871,5.8,0,0,0.0,1007,471,49,5.78,2.60,5.02,5.72,2471,4
2026-05-16 15:58:39,1.5,11.26,11.22,11.28,1545545,88782,5.7,0,0,0.0,1007,471,49,5.21,3.00,6.05,6.65,2455,2
2026-05-16 15:59:40,1.0,10.74,11.07,11.22,1545545,88738,5.7,0,0,0.0,1007,471,49,7.39,2.89,2.10,3.20,2451,2
2026-05-16 16:00:40,1.1,10.29,10.90,11.16,1545545,88841,5.7,0,0,0.0,1007,471,49,5.44,2.77,0.82,1.99,2456,3
2026-05-16 16:01:40,1.1,11.04,11.01,11.18,1545545,88847,5.7,0,0,0.0,1007,471,49,4.35,39.13,3.23,4.13,2454,3
2026-05-16 16:02:41,1.4,10.74,10.93,11.14,1545545,88920,5.8,0,0,0.0,1007,471,49,6.05,2.81,8.00,8.54,2469,3
2026-05-16 16:03:41,3.7,10.55,10.85,11.10,1545545,88957,5.8,0,0,0.0,1007,471,49,3.96,2.96,5.89,6.61,2473,3
2026-05-16 16:04:42,1.3,10.64,10.92,11.11,1545545,88902,5.8,0,0,0.0,1007,471,49,3.91,2.82,3.81,4.96,2478,2
2026-05-16 16:05:42,1.2,9.92,10.64,11.00,1545545,88894,5.8,0,0,0.0,1007,471,49,7.37,2.83,0.43,1.51,2475,6
2026-05-16 16:06:42,1.3,14.42,11.53,11.27,1545545,88894,5.8,0,0,0.0,1007,471,49,4.48,2.99,0.42,1.59,2464,3
2026-05-16 16:07:43,1.0,11.07,11.07,11.12,1545545,88926,5.8,0,0,0.0,1007,471,49,7.49,2.42,1.63,2.67,2473,1
2026-05-16 16:08:43,1.9,14.24,12.17,11.51,1545545,88918,5.8,0,0,0.0,1007,471,49,8.76,2.84,1.40,2.43,2483,4
2026-05-16 16:09:43,1.1,12.20,12.09,11.53,1545545,88869,5.8,0,0,0.0,1007,471,49,4.44,2.83,4.79,5.61,2476,5
2026-05-16 16:10:44,1.2,10.51,11.59,11.39,1545545,88851,5.7,0,0,0.0,1007,471,49,5.77,2.96,2.40,3.41,2472,3
2026-05-16 16:11:44,1.3,10.13,11.29,11.30,1545545,88838,5.7,0,0,0.0,1007,471,49,5.53,2.76,7.69,8.16,2469,2
2026-05-16 16:12:44,1.8,9.91,11.05,11.21,1545545,88808,5.7,0,0,0.0,1007,471,49,5.48,2.76,0.62,1.72,2468,7
2026-05-16 16:13:45,1.3,10.20,10.96,11.17,1545545,88926,5.8,0,0,0.0,1007,471,49,5.89,2.81,9.10,9.43,2448,5
2026-05-16 16:14:45,1.2,10.33,10.86,11.12,1545545,88911,5.8,0,0,0.0,1007,471,49,7.31,3.04,1.73,2.84,2459,2
2026-05-16 16:15:45,1.0,9.94,10.64,11.03,1545545,88861,5.7,0,0,0.0,1007,471,49,8.20,2.77,0.46,1.62,2467,2
2026-05-16 16:16:46,1.4,10.68,10.71,11.03,1545545,88931,5.8,0,0,0.0,1007,471,49,6.96,2.95,4.83,5.58,2474,5
2026-05-16 16:17:46,1.3,10.43,10.62,10.97,1545545,88948,5.8,0,0,0.0,1007,471,49,5.78,2.85,8.46,8.86,2475,1
2026-05-16 16:18:46,1.4,10.13,10.53,10.92,1545545,88889,5.8,0,0,0.0,1007,471,49,4.63,2.79,0.44,1.57,2480,4
2026-05-16 16:19:47,1.5,9.87,10.37,10.84,1545545,88820,5.7,0,0,0.0,1007,471,49,2.63,2.90,0.52,1.74,2468,2
2026-05-16 16:20:47,1.8,11.30,10.81,10.97,1545545,88826,5.7,0,0,0.0,1007,471,49,4.86,2.89,8.36,9.29,2474,8
2026-05-16 16:21:47,1.1,10.35,10.63,10.89,1545545,88672,5.7,0,0,0.0,1007,471,49,5.36,2.62,1.53,2.56,2468,1
2026-05-16 16:22:48,1.9,10.82,10.71,10.91,1545545,88826,5.7,0,0,0.0,1007,471,49,5.18,2.70,9.15,9.71,2461,6
2026-05-16 16:23:48,1.8,10.78,10.71,10.89,1545545,88814,5.7,0,0,0.0,1007,471,49,6.74,2.86,6.55,7.14,2464,4
2026-05-16 16:24:48,13.3,13.17,11.40,11.12,1545545,88756,5.7,0,0,0.0,1007,471,49,4.65,3.01,11.60,13.15,2460,19
2026-05-16 16:25:49,2.5,12.22,11.46,11.16,1545545,88719,5.7,0,0,0.0,1007,471,49,4.98,2.91,9.07,9.77,2455,4
2026-05-16 16:26:49,2.5,10.60,11.12,11.06,1545545,88792,5.7,0,0,0.0,1007,471,49,6.49,2.80,0.68,1.70,2462,3
2026-05-16 16:27:49,1.2,10.06,10.92,11.00,1545545,88830,5.7,0,0,0.0,1007,471,49,6.67,2.84,1.04,2.15,2465,1
2026-05-16 16:28:50,1.1,10.12,10.78,10.95,1545545,88850,5.7,0,0,0.0,1007,471,49,5.62,3.18,4.88,5.59,2461,1
2026-05-16 16:29:50,1.3,10.55,10.80,10.94,1545545,88784,5.7,0,0,0.0,1007,471,49,5.19,2.88,3.86,5.15,2453,1
2026-05-16 16:30:50,1.1,9.71,10.53,10.84,1545545,88755,5.7,0,0,0.0,1007,471,49,6.58,2.76,0.49,1.71,2457,5
2026-05-16 16:31:51,3.0,10.64,10.62,10.85,1545545,88785,5.7,0,0,0.0,1007,471,49,4.22,2.96,11.25,12.61,2456,6
2026-05-16 16:32:51,3.4,11.42,10.85,10.91,1545545,88834,5.7,0,0,0.0,1007,471,49,7.80,2.92,8.78,9.39,2457,8
2026-05-16 16:33:51,3.3,12.38,11.27,11.06,1545545,88836,5.7,0,0,0.0,1007,471,49,7.56,2.64,12.04,13.79,2460,9
2026-05-16 16:34:52,3.0,13.34,11.67,11.21,1545545,88850,5.7,0,0,0.0,1007,471,49,3.96,2.84,8.53,10.24,2466,4
2026-05-16 16:35:52,1.2,12.00,11.64,11.23,1545545,88827,5.7,0,0,0.0,1007,471,49,5.88,2.90,7.21,8.76,2475,2
2026-05-16 16:36:52,1.6,11.12,11.42,11.18,1545545,88859,5.7,0,0,0.0,1007,471,49,5.26,2.88,6.74,7.62,2486,2
2026-05-16 16:37:53,1.2,12.59,11.79,11.32,1545545,88843,5.7,0,0,0.0,1007,471,49,3.63,2.58,6.45,7.01,2481,6
2026-05-16 16:38:53,6.6,15.40,12.55,11.60,1545545,88863,5.7,0,0,0.0,1007,471,49,5.94,2.87,6.12,6.77,2491,26
2026-05-16 16:39:53,1.3,15.23,13.12,11.86,1545545,88828,5.7,0,0,0.0,1007,471,49,4.68,2.58,8.49,9.70,2484,4
2026-05-16 16:40:54,3.6,17.00,13.79,12.15,1545545,88885,5.8,0,0,0.0,1007,471,49,6.12,2.94,3.39,4.52,2483,6
2026-05-16 16:41:54,1.8,17.13,14.24,12.40,1545545,88925,5.8,0,0,0.0,1007,471,49,6.97,2.87,7.65,8.28,2473,2
2026-05-16 16:42:55,1.4,14.13,13.93,12.41,1545545,88912,5.8,0,0,0.0,1007,471,49,5.53,2.84,3.04,3.93,2473,6
2026-05-16 16:43:55,1.7,14.65,14.07,12.55,1545545,88909,5.8,0,0,0.0,1007,471,49,3.87,2.88,4.25,5.01,2473,8
2026-05-16 16:44:55,2.7,15.02,14.33,12.74,1545545,88909,5.8,0,0,0.0,1007,471,49,6.44,2.72,10.41,11.37,2479,3
2026-05-16 16:45:56,2.3,12.62,13.81,12.66,1545545,88909,5.8,0,0,0.0,1007,471,49,6.57,2.98,8.52,9.06,2485,5
2026-05-16 16:46:56,2.1,10.92,13.06,12.47,1545545,88958,5.8,0,0,0.0,1007,471,49,7.25,3.12,3.42,4.29,2483,2
2026-05-16 16:47:56,1.2,10.68,12.71,12.39,1545545,88976,5.8,0,0,0.0,1007,471,49,5.36,2.62,1.85,2.91,2476,2
2026-05-16 16:48:57,1.1,10.47,12.33,12.28,1545545,88981,5.8,0,0,0.0,1007,471,49,6.18,2.81,2.89,3.83,2476,3
2026-05-16 16:49:57,1.3,10.77,12.16,12.23,1545545,88959,5.8,0,0,0.0,1007,471,49,4.54,2.77,7.52,8.25,2477,3
2026-05-16 16:50:57,1.6,9.88,11.65,12.05,1545545,88966,5.8,0,0,0.0,1007,471,49,4.64,2.98,0.54,1.87,2476,3
2026-05-16 16:51:58,2.3,10.15,11.36,11.92,1545545,89011,5.8,0,0,0.0,1007,471,49,4.35,2.84,5.31,5.97,2478,2
2026-05-16 16:52:58,1.9,11.46,11.54,11.94,1545545,88989,5.8,0,0,0.0,1007,471,49,5.23,2.79,6.33,6.95,2482,1
2026-05-16 16:53:58,1.2,11.45,11.53,11.91,1545545,89008,5.8,0,0,0.0,1007,471,49,7.54,2.85,6.03,6.77,2472,1
2026-05-16 16:54:59,4.0,11.32,11.49,11.88,1545545,88915,5.8,0,0,0.0,1007,471,49,6.72,2.75,5.27,5.98,2470,3
2026-05-16 16:55:59,1.2,11.25,11.50,11.85,1545545,88885,5.8,0,0,0.0,1007,471,49,4.69,2.95,5.67,6.56,2469,6
2026-05-16 16:56:59,1.2,10.08,11.11,11.70,1545545,88916,5.8,0,0,0.0,1007,471,49,7.01,2.95,0.51,1.54,2475,4
2026-05-16 16:58:00,1.9,12.76,11.71,11.87,1545545,89019,5.8,0,0,0.0,1007,471,49,5.99,2.84,8.39,9.32,2474,3
2026-05-16 16:59:00,1.2,10.63,11.29,11.71,1545545,88996,5.8,0,0,0.0,1007,471,49,5.10,2.91,4.29,5.13,2482,5
2026-05-16 17:00:00,1.9,10.57,11.15,11.64,1545545,88979,5.8,0,0,0.0,1007,471,49,5.27,2.84,2.87,3.77,2481,3
2026-05-16 17:01:01,1.5,9.54,10.75,11.47,1545545,88899,5.8,0,0,0.0,1007,471,49,6.46,19.93,1.75,2.82,2502,2
2026-05-16 17:02:01,1.8,10.08,10.71,11.41,1545545,88994,5.8,0,0,0.0,1007,471,49,5.25,22.71,6.17,7.39,2488,1
2026-05-16 17:03:01,3.4,10.18,10.64,11.34,1545545,89002,5.8,0,0,0.0,1007,471,49,6.39,2.75,2.97,3.97,2491,7
2026-05-16 17:04:02,1.2,11.00,10.82,11.36,1545545,88986,5.8,0,0,0.0,1007,471,49,4.95,2.71,4.42,5.79,2486,4
2026-05-16 17:05:02,3.3,12.23,11.26,11.48,1545545,88980,5.8,0,0,0.0,1007,471,49,4.49,2.86,9.76,11.11,2485,8
2026-05-16 17:06:03,1.3,15.38,12.81,12.03,1545545,88945,5.8,0,0,0.0,1007,471,49,7.11,2.96,7.97,8.57,2484,2
2026-05-16 17:07:03,3.4,16.31,13.76,12.42,1545545,88955,5.8,0,0,0.0,1007,471,49,8.25,2.96,4.22,5.36,2480,4
2026-05-16 17:08:03,8.4,16.33,14.60,12.81,1545545,88788,5.7,0,0,0.0,1007,471,49,4.81,2.65,7.61,8.46,2487,19
2026-05-16 17:09:04,4.0,13.64,14.14,12.77,1545545,88904,5.8,0,0,0.0,1007,471,49,5.85,2.89,5.63,6.37,2493,7
2026-05-16 17:10:04,2.3,12.37,13.74,12.71,1545545,88864,5.7,0,0,0.0,1007,471,49,6.43,2.80,2.38,3.37,2485,2
2026-05-16 17:11:04,3.0,12.18,13.45,12.68,1545545,88871,5.8,0,0,0.0,1007,471,49,4.52,3.08,6.65,7.99,2478,5
2026-05-16 17:12:05,3.2,14.68,14.30,13.04,1545545,88876,5.8,0,0,0.0,1007,471,49,7.10,2.85,9.86,10.79,2480,5
2026-05-16 17:13:05,1.3,11.64,13.51,12.86,1545545,88815,5.7,0,0,0.0,1007,471,49,5.31,2.47,6.73,7.51,2465,3
2026-05-16 17:14:05,1.3,10.73,12.90,12.69,1545545,88900,5.8,0,0,0.0,1007,471,49,4.99,2.83,4.81,5.66,2463,7
2026-05-16 17:15:06,1.0,10.68,12.50,12.56,1545545,88880,5.8,0,0,0.0,1007,471,49,6.40,2.87,2.05,3.01,2468,1
2026-05-16 17:16:06,2.1,12.60,12.73,12.63,1545545,88901,5.8,0,0,0.0,1007,471,49,6.16,2.77,6.85,8.15,2468,4
2026-05-16 17:17:06,1.2,12.25,12.54,12.57,1545545,88903,5.8,0,0,0.0,1007,471,49,4.06,3.10,5.49,6.12,2480,3
2026-05-16 17:18:07,1.4,12.83,12.64,12.60,1545545,88906,5.8,0,0,0.0,1007,471,49,6.27,2.85,7.26,7.80,2493,3
2026-05-16 17:19:07,1.4,11.07,12.14,12.43,1545545,88798,5.7,0,0,0.0,1007,471,49,5.40,2.78,2.00,3.02,2485,3
2026-05-16 17:20:07,2.0,10.60,11.79,12.29,1545545,88907,5.8,0,0,0.0,1007,471,49,5.72,2.68,6.60,7.14,2478,2
2026-05-16 17:21:08,1.1,11.24,11.79,12.26,1545545,88880,5.8,0,0,0.0,1007,471,49,5.81,2.95,8.72,9.21,2475,4
2026-05-16 17:22:08,2.9,12.40,11.93,12.27,1545545,88914,5.8,0,0,0.0,1007,471,49,5.69,2.97,9.25,10.81,2457,4
2026-05-16 17:23:08,2.9,11.25,11.68,12.16,1545545,88926,5.8,0,0,0.0,1007,471,49,5.19,2.69,2.64,3.61,2455,7
2026-05-16 17:24:09,1.1,11.15,11.59,12.10,1545545,88958,5.8,0,0,0.0,1007,471,49,6.54,2.79,6.55,7.22,2476,4
2026-05-16 17:25:09,1.0,11.28,11.53,12.04,1545545,88889,5.8,0,0,0.0,1007,471,49,5.07,2.89,4.43,5.24,2488,4
2026-05-16 17:26:09,1.0,10.70,11.27,11.92,1545545,88891,5.8,0,0,0.0,1007,471,49,4.17,3.00,1.63,2.67,2486,5
2026-05-16 17:27:10,1.1,16.05,12.51,12.29,1545545,88805,5.7,0,0,0.0,1007,471,49,5.12,2.86,2.91,3.93,2502,1
2026-05-16 17:28:10,1.5,12.27,12.08,12.15,1545545,88816,5.7,0,0,0.0,1007,471,49,5.49,2.79,5.06,6.26,2496,3
2026-05-16 17:29:10,1.4,11.12,11.75,12.03,1545545,88936,5.8,0,0,0.0,1007,471,49,6.02,4.45,6.30,7.36,2478,4
2026-05-16 17:30:11,1.9,15.76,13.08,12.48,1545545,88901,5.8,0,0,0.0,1007,471,49,6.31,2.83,1.73,2.74,2476,6
2026-05-16 17:31:11,1.7,13.55,13.01,12.50,1545545,88853,5.7,0,0,0.0,1007,471,49,5.37,2.80,10.84,11.87,2474,3
2026-05-16 17:32:11,2.1,12.15,12.67,12.41,1545545,88975,5.8,0,0,0.0,1007,471,49,4.44,2.72,6.37,7.06,2477,3
2026-05-16 17:33:12,1.0,11.17,12.28,12.29,1545545,88946,5.8,0,0,0.0,1007,471,49,5.40,2.75,6.72,8.04,2500,4
2026-05-16 17:34:12,1.2,10.26,11.84,12.14,1545545,88870,5.8,0,0,0.0,1007,471,49,4.86,2.84,6.02,6.70,2487,2
2026-05-16 17:35:12,1.0,10.80,11.68,12.06,1545545,88961,5.8,0,0,0.0,1007,471,49,3.25,2.88,10.47,11.68,2493,2
2026-05-16 17:36:13,1.0,11.25,11.61,12.01,1545545,88950,5.8,0,0,0.0,1007,471,49,6.69,2.95,1.22,2.28,2495,7
2026-05-16 17:37:13,1.1,12.55,11.97,12.11,1545545,88916,5.8,0,0,0.0,1007,471,49,5.29,2.96,6.91,8.55,2488,2
2026-05-16 17:38:13,1.2,12.29,11.97,12.10,1545545,88847,5.7,0,0,0.0,1007,471,49,5.30,2.67,7.30,7.81,2480,3
2026-05-16 17:39:14,1.8,13.39,12.33,12.21,1545545,88993,5.8,0,0,0.0,1007,471,49,5.68,2.82,7.68,8.36,2486,5
2026-05-16 17:40:14,1.2,11.09,11.91,12.08,1545545,88968,5.8,0,0,0.0,1007,471,49,5.26,2.76,2.70,3.75,2490,3
2026-05-16 17:41:14,1.0,10.01,11.45,11.91,1545545,88957,5.8,0,0,0.0,1007,471,49,6.57,2.80,0.88,1.96,2498,1
2026-05-16 17:42:15,1.0,9.51,11.03,11.73,1545545,88960,5.8,0,0,0.0,1007,471,49,8.25,2.91,0.92,2.10,2479,5
2026-05-16 17:43:15,1.2,9.60,10.76,11.59,1545545,88892,5.8,0,0,0.0,1007,471,49,7.25,2.93,0.84,2.01,2487,4
2026-05-16 17:44:16,1.9,10.06,10.67,11.51,1545545,88934,5.8,0,0,0.0,1007,471,49,4.13,2.78,10.32,10.92,2487,2
2026-05-16 17:45:16,2.0,14.43,11.72,11.80,1545545,88999,5.8,0,0,0.0,1007,471,49,7.64,2.98,3.48,4.31,2471,3
2026-05-16 17:46:16,2.6,13.08,11.85,11.85,1545545,88960,5.8,0,0,0.0,1007,471,49,5.20,2.84,9.13,10.66,2463,10
2026-05-16 17:47:17,1.4,10.94,11.45,11.70,1545545,88882,5.8,0,0,0.0,1007,471,49,4.79,3.19,2.29,3.34,2460,5
2026-05-16 17:48:17,1.4,10.70,11.30,11.64,1545545,89033,5.8,0,0,0.0,1007,471,49,7.78,2.68,7.44,8.57,2465,2
2026-05-16 17:49:17,1.1,9.90,11.00,11.52,1545545,88993,5.8,0,0,0.0,1007,471,49,5.39,2.88,0.43,1.54,2473,2
2026-05-16 17:50:18,2.9,11.21,11.16,11.54,1545545,89012,5.8,0,0,0.0,1007,471,49,4.83,2.48,7.07,8.02,2470,3
2026-05-16 17:51:18,2.6,10.51,10.97,11.45,1545545,89008,5.8,0,0,0.0,1007,471,49,8.22,2.77,3.72,4.83,2453,4
2026-05-16 17:52:18,1.4,10.46,10.88,11.39,1545545,88833,5.7,0,0,0.0,1007,471,49,4.71,3.11,1.15,2.31,2472,6
2026-05-16 17:53:19,3.3,12.50,11.24,11.47,1545545,88837,5.7,0,0,0.0,1007,471,49,2.71,2.66,6.29,7.25,2452,6
2026-05-16 17:54:19,1.5,12.54,11.53,11.56,1545545,88803,5.7,0,0,0.0,1007,471,49,5.85,2.83,8.63,9.59,2446,6
2026-05-16 17:55:19,3.1,11.26,11.33,11.49,1545545,88939,5.8,0,0,0.0,1007,471,49,5.57,2.89,2.00,3.02,2465,17
2026-05-16 17:56:20,1.2,12.42,11.72,11.62,1545545,88904,5.8,0,0,0.0,1007,471,49,5.39,2.90,6.49,8.15,2483,3
2026-05-16 17:57:20,1.1,10.75,11.34,11.49,1545545,88908,5.8,0,0,0.0,1007,471,49,8.88,2.99,0.91,2.09,2477,2
2026-05-16 17:58:20,1.1,10.20,11.05,11.38,1545545,88943,5.8,0,0,0.0,1007,471,49,5.67,2.93,0.45,1.62,2484,2
2026-05-16 17:59:21,1.3,10.32,10.96,11.32,1545545,88907,5.8,0,0,0.0,1007,471,49,5.12,2.84,4.37,5.31,2486,1
2026-05-16 18:00:21,2.5,10.15,10.79,11.24,1545545,88919,5.8,0,0,0.0,1007,471,49,4.70,2.75,6.16,6.96,2474,2
2026-05-16 18:01:21,3.3,11.30,10.99,11.28,1545545,88958,5.8,0,0,0.0,1007,471,49,5.63,37.49,11.78,12.74,2476,6
2026-05-16 18:02:22,3.1,11.66,11.22,11.35,1545545,88877,5.8,0,0,0.0,1007,471,49,5.50,3.11,7.17,8.38,2497,7
2026-05-16 18:03:22,2.0,11.99,11.46,11.43,1545545,88897,5.8,0,0,0.0,1007,471,49,6.01,2.84,9.69,10.53,2496,3
2026-05-16 18:04:22,2.9,11.28,11.38,11.40,1545545,88966,5.8,0,0,0.0,1007,471,49,4.49,2.67,3.35,4.46,2492,14
2026-05-16 18:05:23,2.0,11.57,11.47,11.43,1545545,88946,5.8,0,0,0.0,1007,471,49,5.30,2.88,6.30,7.46,2496,2
2026-05-16 18:06:23,1.6,12.16,11.63,11.49,1545545,88911,5.8,0,0,0.0,1007,471,49,5.15,2.95,4.36,5.28,2485,3
2026-05-16 18:07:23,1.1,10.71,11.32,11.39,1545545,88894,5.8,0,0,0.0,1007,471,49,4.84,2.70,2.97,3.97,2473,2
2026-05-16 18:08:24,1.2,10.53,11.16,11.33,1545545,88864,5.7,0,0,0.0,1007,471,49,6.93,2.83,4.82,5.59,2466,1
2026-05-16 18:09:24,1.6,10.75,11.21,11.35,1545545,88896,5.8,0,0,0.0,1007,471,49,8.32,2.61,6.06,6.68,2468,4
2026-05-16 18:10:24,1.6,11.11,11.15,11.31,1545545,88945,5.8,0,0,0.0,1007,471,49,8.61,2.76,4.84,5.55,2462,12
2026-05-16 18:11:25,0.9,10.44,10.98,11.24,1545545,88928,5.8,0,0,0.0,1007,471,49,3.57,2.90,1.26,2.30,2465,8
2026-05-16 18:12:25,1.5,10.46,10.89,11.19,1545545,88940,5.8,0,0,0.0,1007,471,49,5.76,2.90,3.31,4.38,2465,2
2026-05-16 18:13:26,1.3,10.33,10.75,11.12,1545545,88937,5.8,0,0,0.0,1007,471,49,7.21,2.84,4.89,5.58,2463,2
2026-05-16 18:14:26,1.0,11.50,11.10,11.23,1545545,88851,5.7,0,0,0.0,1007,471,49,4.73,2.66,4.41,5.24,2444,1
2026-05-16 18:15:26,1.4,10.02,10.76,11.10,1545545,88821,5.7,0,0,0.0,1007,471,49,7.54,3.07,0.40,1.55,2463,5
2026-05-16 18:16:27,1.0,9.61,10.49,10.98,1545545,88945,5.8,0,0,0.0,1007,471,49,6.67,2.94,0.45,1.52,2471,49
2026-05-16 18:17:27,1.1,10.23,10.49,10.95,1545545,89002,5.8,0,0,0.0,1007,471,49,5.29,3.07,4.12,5.08,2481,2
2026-05-16 18:18:27,1.9,10.00,10.35,10.87,1545545,89009,5.8,0,0,0.0,1007,471,49,6.78,2.65,3.18,4.15,2483,8
2026-05-16 18:19:28,1.5,13.15,11.06,11.08,1545545,88990,5.8,0,0,0.0,1007,471,49,3.80,2.90,7.04,8.36,2485,2
2026-05-16 18:20:28,1.0,11.55,10.94,11.03,1545545,88929,5.8,0,0,0.0,1007,471,49,2.92,2.88,6.43,7.06,2468,1
2026-05-16 18:21:28,1.8,11.45,11.09,11.08,1545545,88929,5.8,0,0,0.0,1007,471,49,5.18,2.87,8.21,9.47,2458,3
2026-05-16 18:22:29,1.3,11.86,11.26,11.14,1545545,88970,5.8,0,0,0.0,1007,471,49,7.12,2.82,11.60,12.78,2457,1
2026-05-16 18:23:29,1.4,13.41,11.77,11.31,1545545,89043,5.8,0,0,0.0,1007,471,49,5.35,2.85,2.91,3.87,2452,4
2026-05-16 18:24:29,1.1,13.38,12.01,11.42,1545545,89012,5.8,0,0,0.0,1007,471,49,4.87,2.75,3.26,4.10,2469,8
2026-05-16 18:25:30,1.4,13.95,12.29,11.54,1545545,88978,5.8,0,0,0.0,1007,471,49,4.69,3.00,1.59,2.65,2473,2
2026-05-16 18:26:30,2.4,13.28,12.29,11.59,1545545,88995,5.8,0,0,0.0,1007,471,49,5.62,2.89,4.03,4.75,2472,3
2026-05-16 18:27:30,2.2,12.40,12.11,11.56,1545545,88973,5.8,0,0,0.0,1007,471,49,8.30,2.82,2.98,4.00,2465,8
2026-05-16 18:28:31,1.3,14.09,12.60,11.76,1545545,88968,5.8,0,0,0.0,1007,471,49,7.82,2.53,3.21,4.33,2458,7
2026-05-16 18:29:31,2.1,13.60,12.84,11.90,1545545,89019,5.8,0,0,0.0,1007,471,49,5.89,3.16,2.81,3.78,2459,3
2026-05-16 18:30:31,1.5,11.57,12.42,11.82,1545545,89021,5.8,0,0,0.0,1007,471,49,11.13,2.77,3.25,4.11,2466,2
2026-05-16 18:31:32,2.0,13.09,12.59,11.90,1545545,89047,5.8,0,0,0.0,1007,471,49,8.10,2.85,4.89,5.76,2464,6
2026-05-16 18:32:32,1.3,13.11,12.69,11.98,1545545,89026,5.8,0,0,0.0,1007,471,49,5.84,2.83,9.93,10.31,2478,3
2026-05-16 18:33:32,1.9,11.64,12.32,11.90,1545545,89031,5.8,0,0,0.0,1007,471,49,8.02,2.86,1.38,2.54,2476,7
2026-05-16 18:34:33,1.6,12.54,12.55,12.01,1545545,88902,5.8,0,0,0.0,1007,471,49,3.78,2.80,8.04,9.46,2479,3
2026-05-16 18:35:33,1.1,11.10,12.22,11.93,1545545,89041,5.8,0,0,0.0,1007,471,49,5.05,2.88,3.58,4.56,2463,18
2026-05-16 18:36:33,1.1,10.07,11.73,11.78,1545545,88906,5.8,0,0,0.0,1007,471,49,8.12,2.98,1.21,2.29,2474,4
2026-05-16 18:37:34,1.1,12.52,12.11,11.91,1545545,88932,5.8,0,0,0.0,1007,471,49,6.13,2.61,3.26,4.13,2464,4
2026-05-16 18:38:34,2.0,11.14,11.79,11.81,1545545,88936,5.8,0,0,0.0,1007,471,49,7.23,2.91,2.85,3.87,2472,3
2026-05-16 18:39:34,1.1,10.36,11.47,11.70,1545545,88857,5.7,0,0,0.0,1007,471,49,5.07,2.74,1.36,2.40,2461,6
2026-05-16 18:40:35,1.2,10.27,11.28,11.62,1545545,88822,5.7,0,0,0.0,1007,471,49,3.55,2.72,3.20,4.12,2472,4
2026-05-16 18:41:35,1.5,10.26,11.07,11.52,1545545,88826,5.7,0,0,0.0,1007,471,49,6.41,2.91,5.69,6.38,2472,2
2026-05-16 18:42:35,1.1,10.60,11.01,11.47,1545545,88947,5.8,0,0,0.0,1007,471,49,4.46,2.78,6.71,7.61,2469,1
2026-05-16 18:43:36,1.1,10.70,10.94,11.42,1545545,88976,5.8,0,0,0.0,1007,471,49,6.68,2.86,6.56,7.21,2466,4
2026-05-16 18:44:36,1.3,9.97,10.68,11.29,1545545,88906,5.8,0,0,0.0,1007,471,49,10.45,2.96,0.44,1.53,2468,6
2026-05-16 18:45:36,2.2,11.39,10.84,11.30,1545545,88935,5.8,0,0,0.0,1007,471,49,6.69,2.68,5.06,5.82,2476,6
2026-05-16 18:46:37,1.1,11.23,10.93,11.31,1545545,88869,5.8,0,0,0.0,1007,471,49,4.79,2.91,8.62,8.99,2480,7
2026-05-16 18:47:37,1.1,10.42,10.73,11.21,1545545,88874,5.8,0,0,0.0,1007,471,49,6.29,2.73,0.45,1.53,2479,7
2026-05-16 18:48:38,1.1,9.84,10.48,11.09,1545545,88974,5.8,0,0,0.0,1007,471,49,4.47,2.79,0.55,1.78,2475,7
2026-05-16 18:49:38,1.0,10.81,10.65,11.11,1545545,88944,5.8,0,0,0.0,1007,471,49,5.68,2.74,4.05,4.86,2474,4
2026-05-16 18:50:38,1.2,11.12,10.78,11.13,1545545,88929,5.8,0,0,0.0,1007,471,49,5.05,2.87,4.83,5.56,2468,5
2026-05-16 18:51:39,1.6,10.83,10.80,11.11,1545545,88937,5.8,0,0,0.0,1007,471,49,5.48,2.91,1.94,2.92,2454,2
2026-05-16 18:52:39,1.1,10.31,10.65,11.04,1545545,88914,5.8,0,0,0.0,1007,471,49,4.45,2.65,7.77,8.22,2464,2
2026-05-16 18:53:39,1.6,10.42,10.61,11.00,1545545,88867,5.7,0,0,0.0,1007,471,49,5.12,2.88,6.12,6.84,2456,3
2026-05-16 18:54:40,3.4,10.72,10.64,10.99,1545545,88988,5.8,0,0,0.0,1007,471,49,4.14,3.04,2.64,3.72,2457,4
2026-05-16 18:55:40,1.5,10.40,10.66,10.98,1545545,88958,5.8,0,0,0.0,1007,471,49,3.52,2.80,2.80,4.08,2485,3
2026-05-16 18:56:40,1.8,10.42,10.61,10.94,1545545,88956,5.8,0,0,0.0,1007,471,49,4.34,2.59,6.85,7.51,2473,2
2026-05-16 18:57:41,2.5,10.21,10.50,10.88,1545545,88945,5.8,0,0,0.0,1007,471,49,5.15,2.84,2.43,3.40,2466,2
2026-05-16 18:58:41,1.6,9.58,10.28,10.78,1545545,88971,5.8,0,0,0.0,1007,471,49,4.10,3.20,0.58,1.73,2464,3
2026-05-16 18:59:41,1.1,9.46,10.13,10.70,1545545,88870,5.8,0,0,0.0,1007,471,49,6.77,2.66,0.44,1.56,2463,1
2026-05-16 19:00:42,3.2,11.42,10.44,10.76,1545545,88916,5.8,0,0,0.0,1007,471,49,6.86,2.89,7.85,8.59,2451,6
2026-05-16 19:01:42,1.1,11.47,10.62,10.80,1545545,88976,5.8,0,0,0.0,1007,471,49,5.75,37.30,8.45,8.96,2464,3
2026-05-16 19:02:42,1.7,10.81,10.64,10.80,1545545,88996,5.8,0,0,0.0,1007,471,49,5.85,2.81,5.20,6.00,2470,1
2026-05-16 19:03:43,1.7,11.03,10.74,10.82,1545545,89014,5.8,0,0,0.0,1007,471,49,8.94,2.75,4.17,5.01,2467,2
2026-05-16 19:04:43,1.4,10.34,10.58,10.76,1545545,88982,5.8,0,0,0.0,1007,471,49,6.65,2.91,3.61,4.49,2475,3
2026-05-16 19:05:43,1.0,10.75,10.70,10.80,1545545,88922,5.8,0,0,0.0,1007,471,49,6.28,2.87,5.21,6.00,2477,5
2026-05-16 19:06:44,11.3,11.11,10.84,10.84,1545545,88947,5.8,0,0,0.0,1007,471,49,7.93,2.83,6.26,6.85,2468,5
2026-05-16 19:07:44,1.3,11.78,11.16,10.95,1545545,89027,5.8,0,0,0.0,1007,471,49,3.78,2.76,10.11,11.60,2464,6
2026-05-16 19:08:44,1.8,11.48,11.19,10.98,1545545,89044,5.8,0,0,0.0,1007,471,49,6.50,2.94,9.59,10.01,2464,7
2026-05-16 19:09:45,2.4,10.36,10.93,10.90,1545545,88996,5.8,0,0,0.0,1007,471,49,5.67,2.64,5.40,6.10,2480,3
2026-05-16 19:10:45,2.3,12.93,11.56,11.12,1545545,88989,5.8,0,0,0.0,1007,471,49,6.91,2.68,7.57,9.15,2480,4
2026-05-16 19:11:45,2.2,11.79,11.52,11.14,1545545,88958,5.8,0,0,0.0,1007,471,49,7.07,2.91,3.75,4.59,2489,5
2026-05-16 19:12:46,4.0,12.16,11.73,11.24,1545545,88966,5.8,0,0,0.0,1007,471,49,7.55,2.82,8.03,8.73,2488,17
2026-05-16 19:13:46,1.5,12.05,11.84,11.31,1545545,89052,5.8,0,0,0.0,1007,471,49,5.89,2.84,7.36,8.62,2492,3
2026-05-16 19:14:46,3.0,12.38,11.91,11.37,1545545,89041,5.8,0,0,0.0,1007,471,49,8.06,2.86,8.46,9.81,2471,4
2026-05-16 19:15:47,3.2,11.80,11.87,11.39,1545545,89024,5.8,0,0,0.0,1007,471,49,7.25,2.80,5.93,7.07,2473,6
2026-05-16 19:16:47,1.3,11.47,11.82,11.40,1545545,88989,5.8,0,0,0.0,1007,471,49,5.39,2.99,4.86,6.23,2464,3
2026-05-16 19:17:48,1.6,11.90,11.93,11.47,1545545,88991,5.8,0,0,0.0,1007,471,49,5.39,2.55,5.18,6.00,2473,1
2026-05-16 19:18:48,1.4,11.21,11.76,11.44,1545545,88968,5.8,0,0,0.0,1007,471,49,4.80,2.94,6.05,7.01,2467,1
2026-05-16 19:19:48,2.2,10.92,11.54,11.38,1545545,89074,5.8,0,0,0.0,1007,471,49,4.13,2.80,1.83,2.82,2460,2
2026-05-16 19:20:49,3.2,10.65,11.31,11.31,1545545,89041,5.8,0,0,0.0,1007,471,49,5.68,2.69,5.16,6.13,2458,4
2026-05-16 19:21:49,2.8,12.00,11.54,11.38,1545545,89038,5.8,0,0,0.0,1007,471,49,6.95,2.96,7.67,8.34,2466,5
2026-05-16 19:22:49,1.3,12.57,11.85,11.50,1545545,88898,5.8,0,0,0.0,1007,471,49,5.15,2.86,6.84,8.54,2463,2
2026-05-16 19:23:50,1.8,14.65,12.64,11.80,1545545,88862,5.7,0,0,0.0,1007,471,49,8.41,2.90,0.49,1.64,2471,2
2026-05-16 19:24:50,1.3,12.23,12.31,11.74,1545545,88821,5.7,0,0,0.0,1007,471,49,6.85,2.76,3.67,4.59,2487,2
2026-05-16 19:25:50,1.4,10.38,11.79,11.60,1545545,88827,5.7,0,0,0.0,1007,471,49,5.05,2.79,0.84,1.96,2478,2
2026-05-16 19:26:51,1.9,9.46,11.28,11.43,1545545,88962,5.8,0,0,0.0,1007,471,49,6.59,2.99,0.95,1.99,2475,4
2026-05-16 19:27:51,1.6,11.05,11.39,11.46,1545545,88968,5.8,0,0,0.0,1007,471,49,5.79,2.78,8.28,9.00,2475,3
2026-05-16 19:28:51,1.6,11.02,11.32,11.43,1545545,88952,5.8,0,0,0.0,1007,471,49,5.28,2.59,5.68,6.35,2466,7
2026-05-16 19:29:52,1.5,11.26,11.35,11.44,1545545,88875,5.8,0,0,0.0,1007,471,49,6.37,2.93,2.49,3.54,2465,2
2026-05-16 19:30:52,1.1,9.91,10.97,11.30,1545545,88851,5.7,0,0,0.0,1007,471,49,5.28,2.84,0.45,1.56,2467,2
2026-05-16 19:31:52,2.2,10.42,10.93,11.27,1545545,88881,5.8,0,0,0.0,1007,471,49,3.02,2.71,4.81,5.68,2468,3
2026-05-16 19:32:53,2.1,10.39,10.80,11.20,1545545,88993,5.8,0,0,0.0,1007,471,49,4.64,2.82,5.99,6.61,2471,9
2026-05-16 19:33:53,3.2,11.14,10.99,11.24,1545545,88969,5.8,0,0,0.0,1007,471,49,7.85,2.87,6.37,7.36,2478,5
2026-05-16 19:34:53,7.5,10.73,10.95,11.21,1545545,88942,5.8,0,0,0.0,1007,471,49,5.04,2.93,6.93,7.77,2470,16
2026-05-16 19:35:54,1.0,10.70,11.00,11.22,1545545,88926,5.8,0,0,0.0,1007,471,49,7.17,2.64,4.89,6.25,2470,2
2026-05-16 19:36:54,1.8,10.09,10.78,11.13,1545545,88902,5.8,0,0,0.0,1007,471,49,4.85,2.97,4.05,4.99,2467,4
2026-05-16 19:37:54,1.7,10.11,10.70,11.08,1545545,88907,5.8,0,0,0.0,1007,471,49,2.70,2.75,3.60,4.45,2462,7
2026-05-16 19:38:55,1.2,12.35,11.18,11.22,1545545,88978,5.8,0,0,0.0,1007,471,49,6.77,2.73,7.99,8.56,2453,1
2026-05-16 19:39:55,2.0,10.81,10.95,11.14,1545545,88964,5.8,0,0,0.0,1007,471,49,7.64,2.88,1.35,2.57,2457,7
2026-05-16 19:40:55,1.9,10.01,10.70,11.04,1545545,88921,5.8,0,0,0.0,1007,471,49,5.20,2.87,0.41,1.58,2464,4
2026-05-16 19:41:56,1.8,10.71,10.79,11.05,1545545,88937,5.8,0,0,0.0,1007,471,49,5.34,2.85,7.22,7.89,2459,3
2026-05-16 19:42:56,1.7,9.88,10.54,10.95,1545545,89003,5.8,0,0,0.0,1007,471,49,4.65,2.79,0.47,1.55,2464,1
2026-05-16 19:43:56,3.3,11.51,10.85,11.03,1545545,89024,5.8,0,0,0.0,1007,471,49,2.74,2.83,8.37,9.68,2475,4
2026-05-16 19:44:57,2.0,11.54,11.05,11.09,1545545,88974,5.8,0,0,0.0,1007,471,49,6.20,2.98,5.51,7.11,2492,7
2026-05-16 19:45:57,1.7,11.08,11.04,11.08,1545545,88945,5.8,0,0,0.0,1007,471,49,3.71,2.78,1.23,2.44,2473,4
2026-05-16 19:46:58,1.1,9.93,10.72,10.97,1545545,88947,5.8,0,0,0.0,1007,471,49,7.47,3.36,5.60,6.33,2472,5
2026-05-16 19:47:58,2.0,10.26,10.65,10.93,1545545,88982,5.8,0,0,0.0,1007,471,49,6.62,2.61,2.54,3.52,2472,6
2026-05-16 19:48:58,3.7,11.53,10.92,11.00,1545545,89041,5.8,0,0,0.0,1007,471,49,4.13,2.84,5.88,6.57,2471,3
2026-05-16 19:49:59,1.4,12.58,11.21,11.09,1545545,89021,5.8,0,0,0.0,1007,471,49,2.96,2.91,6.95,7.70,2458,3
2026-05-16 19:50:59,2.0,12.30,11.33,11.14,1545545,89029,5.8,0,0,0.0,1007,471,49,6.79,2.68,3.71,4.51,2458,10
2026-05-16 19:51:59,1.1,11.56,11.30,11.14,1545545,89002,5.8,0,0,0.0,1007,471,49,4.65,2.99,6.22,7.11,2461,3
2026-05-16 19:53:00,2.2,10.58,11.07,11.07,1545545,89005,5.8,0,0,0.0,1007,471,49,4.37,2.56,2.01,3.01,2458,3
2026-05-16 19:54:00,1.1,9.85,10.78,10.97,1545545,89000,5.8,0,0,0.0,1007,471,49,4.57,2.80,2.84,3.79,2463,3
2026-05-16 19:55:00,1.3,9.66,10.58,10.89,1545545,89040,5.8,0,0,0.0,1007,471,49,6.08,2.81,0.52,1.69,2476,8
2026-05-16 19:56:01,2.9,11.86,10.96,10.99,1545545,89055,5.8,0,0,0.0,1007,471,49,4.85,2.90,4.88,5.70,2490,2
2026-05-16 19:57:01,3.3,11.38,11.00,11.01,1545545,89111,5.8,0,0,0.0,1007,471,49,6.70,3.17,7.00,7.85,2485,6
2026-05-16 19:58:01,1.4,11.79,11.29,11.11,1545545,89095,5.8,0,0,0.0,1007,471,49,3.40,2.70,9.05,10.19,2491,3
2026-05-16 19:59:02,1.2,10.85,11.11,11.06,1545545,89097,5.8,0,0,0.0,1007,471,49,5.67,2.98,6.60,7.77,2477,3
2026-05-16 20:00:02,1.3,11.27,11.14,11.07,1545545,89090,5.8,0,0,0.0,1007,471,49,4.76,2.86,5.29,6.04,2476,6
2026-05-16 20:01:02,3.1,11.56,11.16,11.07,1545545,89117,5.8,0,0,0.0,1007,471,49,3.77,37.32,6.83,7.96,2462,6
2026-05-16 20:02:03,1.6,12.57,11.62,11.25,1545545,89043,5.8,0,0,0.0,1007,471,49,4.16,2.71,9.05,10.42,2466,1
2026-05-16 20:03:03,2.0,11.76,11.54,11.24,1545545,89096,5.8,0,0,0.0,1007,471,49,4.26,2.80,5.47,6.19,2479,6
2026-05-16 20:04:03,1.7,10.94,11.40,11.21,1545545,89065,5.8,0,0,0.0,1007,471,49,5.11,2.78,2.79,4.13,2497,3
2026-05-16 20:05:04,1.6,10.30,11.12,11.13,1545545,89086,5.8,0,0,0.0,1007,471,49,3.48,2.92,2.55,3.50,2474,4
2026-05-16 20:06:04,1.5,12.15,11.56,11.28,1545545,89064,5.8,0,0,0.0,1007,471,49,6.18,2.85,9.93,10.53,2479,2
2026-05-16 20:07:04,1.4,12.18,11.70,11.35,1545545,89084,5.8,0,0,0.0,1007,471,49,4.94,2.87,7.82,8.81,2478,3
2026-05-16 20:08:05,1.8,11.95,11.70,11.37,1545545,89086,5.8,0,0,0.0,1007,471,49,3.82,2.78,5.35,6.71,2458,3
2026-05-16 20:09:05,1.8,12.84,11.93,11.47,1545545,88944,5.8,0,0,0.0,1007,471,49,3.83,2.71,2.44,3.47,2475,2
2026-05-16 20:10:05,1.4,16.11,13.09,11.90,1545545,88915,5.8,0,0,0.0,1007,471,49,2.76,2.88,7.78,9.13,2469,3
2026-05-16 20:11:06,1.1,13.30,12.89,11.91,1545545,88944,5.8,0,0,0.0,1007,471,49,3.39,2.86,3.70,4.58,2458,4
2026-05-16 20:12:06,1.6,11.17,12.36,11.79,1545545,88960,5.8,0,0,0.0,1007,471,49,5.36,3.07,0.49,1.51,2469,4
2026-05-16 20:13:06,1.1,13.09,12.50,11.86,1545545,88999,5.8,0,0,0.0,1007,471,49,5.88,2.59,2.37,3.44,2486,2
2026-05-16 20:14:07,2.3,14.63,13.01,12.07,1545545,89032,5.8,0,0,0.0,1007,471,49,2.89,2.79,7.41,7.89,2476,4
2026-05-16 20:15:07,1.4,11.60,12.47,11.95,1545545,88934,5.8,0,0,0.0,1007,471,49,5.68,2.91,2.71,3.71,2478,2
2026-05-16 20:16:07,1.5,11.37,12.25,11.90,1545545,88845,5.7,0,0,0.0,1007,471,49,7.09,2.65,2.09,3.09,2482,2
2026-05-16 20:17:08,3.4,12.56,12.27,11.92,1545545,89012,5.8,0,0,0.0,1007,471,49,5.32,2.80,10.09,10.53,2472,7
2026-05-16 20:18:08,1.3,12.60,12.51,12.04,1545545,89008,5.8,0,0,0.0,1007,471,49,8.99,2.82,3.45,4.51,2482,2
2026-05-16 20:19:09,1.0,10.38,11.89,11.85,1545545,88990,5.8,0,0,0.0,1007,471,49,4.88,2.86,1.23,2.28,2486,5
2026-05-16 20:20:09,1.3,10.05,11.51,11.72,1545545,88963,5.8,0,0,0.0,1007,471,49,4.88,2.93,0.45,1.55,2475,3
2026-05-16 20:21:09,1.1,10.56,11.44,11.68,1545545,88897,5.8,0,0,0.0,1007,471,49,6.90,2.73,3.72,4.66,2483,4
2026-05-16 20:22:10,1.6,9.97,11.09,11.54,1545545,88931,5.8,0,0,0.0,1007,471,49,5.11,2.98,0.84,1.92,2482,5
2026-05-16 20:23:10,1.1,16.02,12.42,11.96,1545545,89008,5.8,0,0,0.0,1007,471,49,3.03,2.86,2.44,3.41,2469,5
2026-05-16 20:24:10,1.3,14.63,12.74,12.10,1545545,89017,5.8,0,0,0.0,1007,471,49,4.59,2.79,8.48,9.92,2451,1
2026-05-16 20:25:11,2.6,11.86,12.33,12.00,1545545,88976,5.8,0,0,0.0,1007,471,49,7.93,2.77,4.48,5.19,2474,4
2026-05-16 20:26:11,1.5,11.59,12.10,11.94,1545545,88999,5.8,0,0,0.0,1007,471,49,5.45,3.11,6.96,8.52,2478,6
2026-05-16 20:27:11,1.4,10.91,11.79,11.84,1545545,88908,5.8,0,0,0.0,1007,471,49,4.27,3.02,5.64,6.37,2464,2
2026-05-16 20:28:12,1.4,10.51,11.52,11.74,1545545,89040,5.8,0,0,0.0,1007,471,49,3.34,2.69,4.75,5.62,2484,2
2026-05-16 20:29:12,1.4,10.28,11.28,11.65,1545545,89029,5.8,0,0,0.0,1007,471,49,3.52,2.89,1.63,2.66,2484,2
2026-05-16 20:30:12,1.5,11.73,11.51,11.70,1545545,89005,5.8,0,0,0.0,1007,471,49,5.28,2.48,6.81,7.46,2472,5
2026-05-16 20:31:13,1.0,10.90,11.33,11.63,1545545,88964,5.8,0,0,0.0,1007,471,49,3.16,2.94,1.30,2.46,2477,5
2026-05-16 20:32:13,1.0,10.64,11.13,11.54,1545545,88991,5.8,0,0,0.0,1007,471,49,3.78,2.87,4.01,4.88,2467,2
2026-05-16 20:33:13,1.2,11.13,11.13,11.51,1545545,88944,5.8,0,0,0.0,1007,471,49,6.69,2.75,5.64,6.28,2460,3
2026-05-16 20:34:14,1.9,11.35,11.16,11.49,1545545,88977,5.8,0,0,0.0,1007,471,49,8.16,2.82,1.44,2.47,2475,3
2026-05-16 20:35:14,1.9,13.56,11.74,11.67,1545545,89033,5.8,0,0,0.0,1007,471,49,6.09,2.71,8.87,9.45,2463,6
2026-05-16 20:36:14,2.1,12.48,11.86,11.72,1545545,89008,5.8,0,0,0.0,1007,471,49,6.86,2.90,5.43,6.65,2461,4
2026-05-16 20:37:15,1.2,11.07,11.61,11.64,1545545,89051,5.8,0,0,0.0,1007,471,49,5.91,2.98,7.04,7.67,2481,3
2026-05-16 20:38:15,2.0,14.82,12.70,12.02,1545545,89056,5.8,0,0,0.0,1007,471,49,6.39,2.84,0.50,1.59,2487,2
2026-05-16 20:39:15,1.1,13.37,12.65,12.04,1545545,89019,5.8,0,0,0.0,1007,471,49,6.16,2.68,6.43,7.21,2476,2
2026-05-16 20:40:16,1.2,11.28,12.18,11.92,1545545,88974,5.8,0,0,0.0,1007,471,49,6.34,2.82,1.25,2.28,2490,6
2026-05-16 20:41:16,2.1,11.45,11.98,11.86,1545545,89084,5.8,0,0,0.0,1007,471,49,6.18,2.99,6.19,6.92,2491,2
2026-05-16 20:42:16,1.2,10.81,11.71,11.77,1545545,89053,5.8,0,0,0.0,1007,471,49,5.58,2.76,0.78,1.88,2470,3
2026-05-16 20:43:17,1.0,10.74,11.55,11.71,1545545,89013,5.8,0,0,0.0,1007,471,49,5.03,2.80,1.63,2.63,2482,1
2026-05-16 20:44:17,1.1,9.79,11.16,11.57,1545545,88971,5.8,0,0,0.0,1007,471,49,3.39,2.87,3.63,4.47,2471,7
2026-05-16 20:45:17,1.7,9.99,10.93,11.46,1545545,88967,5.8,0,0,0.0,1007,471,49,4.92,2.78,2.33,3.28,2463,4
2026-05-16 20:46:18,1.4,11.29,11.10,11.48,1545545,89074,5.8,0,0,0.0,1007,471,49,7.96,2.80,7.72,8.59,2454,5
2026-05-16 20:47:18,1.2,12.04,11.37,11.55,1545545,89149,5.8,0,0,0.0,1007,471,49,4.90,2.94,9.45,10.26,2475,2
2026-05-16 20:48:18,7.3,11.71,11.36,11.54,1545545,89135,5.8,0,0,0.0,1007,471,49,6.71,2.96,6.23,7.93,2476,18
2026-05-16 20:49:19,1.9,11.68,11.44,11.55,1545545,89035,5.8,0,0,0.0,1007,471,49,5.27,2.62,8.23,8.90,2489,8
2026-05-16 20:50:19,1.8,11.47,11.42,11.54,1545545,89004,5.8,0,0,0.0,1007,471,49,5.85,2.71,10.20,10.95,2488,4
2026-05-16 20:51:19,2.3,11.06,11.28,11.48,1545545,89116,5.8,0,0,0.0,1007,471,49,7.57,2.91,4.93,6.15,2480,2
2026-05-16 20:52:20,1.8,11.26,11.34,11.49,1545545,89086,5.8,0,0,0.0,1007,471,49,6.26,2.96,8.73,9.57,2473,3
2026-05-16 20:53:20,1.1,10.65,11.18,11.43,1545545,89108,5.8,0,0,0.0,1007,471,49,4.42,2.32,6.23,6.99,2476,2
2026-05-16 20:54:20,2.6,11.56,11.29,11.44,1545545,88979,5.8,0,0,0.0,1007,471,49,4.18,2.80,3.98,4.88,2484,9
2026-05-16 20:55:21,3.1,11.89,11.36,11.45,1545545,88923,5.8,0,0,0.0,1007,471,49,4.85,2.90,5.34,6.11,2490,3
2026-05-16 20:56:21,3.2,11.40,11.34,11.44,1545545,88929,5.8,0,0,0.0,1007,471,49,4.76,3.00,3.03,3.83,2492,2
2026-05-16 20:57:21,1.4,10.58,11.15,11.38,1545545,89008,5.8,0,0,0.0,1007,471,49,5.28,2.89,5.55,6.23,2495,4
2026-05-16 20:58:22,1.6,11.04,11.17,11.37,1545545,89032,5.8,0,0,0.0,1007,471,49,3.68,2.80,5.98,6.67,2480,6
2026-05-16 20:59:22,1.2,10.31,10.95,11.28,1545545,88977,5.8,0,0,0.0,1007,471,49,3.46,3.04,6.05,6.69,2474,5
2026-05-16 21:00:23,1.3,9.91,10.71,11.17,1545545,88883,5.8,0,0,0.0,1007,471,49,5.80,2.70,0.42,1.57,2463,1
2026-05-16 21:01:23,2.1,11.60,10.94,11.21,1545545,88908,5.8,0,0,0.0,1007,471,49,3.61,39.58,4.95,5.59,2450,3
2026-05-16 21:02:23,0.9,11.41,11.08,11.25,1545545,88912,5.8,0,0,0.0,1007,471,49,2.00,2.82,9.15,9.98,2441,2
2026-05-16 21:03:24,1.8,11.60,11.16,11.27,1545545,88922,5.8,0,0,0.0,1007,471,49,2.99,2.89,6.47,7.24,2456,6
2026-05-16 21:04:24,6.4,10.91,11.03,11.21,1545545,89019,5.8,0,0,0.0,1007,471,49,3.85,2.66,3.67,4.54,2470,8
2026-05-16 21:05:24,1.6,13.19,11.81,11.48,1545545,88917,5.8,0,0,0.0,1007,471,49,5.77,2.84,7.01,8.68,2479,6
2026-05-16 21:06:25,1.2,12.58,11.89,11.53,1545545,88925,5.8,0,0,0.0,1007,471,49,6.01,2.99,3.52,4.70,2494,6
2026-05-16 21:07:25,1.8,13.21,12.10,11.62,1545545,89044,5.8,0,0,0.0,1007,471,49,5.10,2.80,4.43,5.30,2499,7
2026-05-16 21:08:25,3.2,12.35,12.17,11.68,1545545,89065,5.8,0,0,0.0,1007,471,49,4.42,2.63,6.38,7.16,2486,7
2026-05-16 21:09:26,1.5,11.73,12.01,11.65,1545545,89065,5.8,0,0,0.0,1007,471,49,6.75,2.82,6.51,7.27,2475,2
2026-05-16 21:10:26,1.2,11.57,11.86,11.62,1545545,89039,5.8,0,0,0.0,1007,471,49,6.42,2.46,10.75,11.23,2468,2
2026-05-16 21:11:26,1.2,10.54,11.51,11.52,1545545,89042,5.8,0,0,0.0,1007,471,49,5.10,3.09,0.90,1.90,2460,3
2026-05-16 21:12:27,3.3,10.00,11.17,11.40,1545545,89081,5.8,0,0,0.0,1007,471,49,6.14,2.69,2.52,3.66,2464,5
2026-05-16 21:13:27,2.0,10.11,10.99,11.32,1545545,89092,5.8,0,0,0.0,1007,471,49,4.61,2.89,6.99,8.00,2461,3
2026-05-16 21:14:27,1.5,11.13,11.19,11.37,1545545,89055,5.8,0,0,0.0,1007,471,49,4.36,2.86,5.46,6.73,2447,4
2026-05-16 21:15:28,1.3,10.39,10.96,11.28,1545545,89056,5.8,0,0,0.0,1007,471,49,5.35,2.79,0.41,1.52,2445,3
2026-05-16 21:16:28,1.9,11.09,11.02,11.28,1545545,89081,5.8,0,0,0.0,1007,471,49,5.35,3.07,11.20,12.31,2460,3
2026-05-16 21:17:28,1.4,10.51,10.87,11.21,1545545,89071,5.8,0,0,0.0,1007,471,49,2.42,3.09,6.21,6.95,2463,1
2026-05-16 21:18:29,11.9,11.40,11.05,11.25,1545545,89111,5.8,0,0,0.0,1007,471,49,5.59,2.86,7.17,7.91,2470,18
2026-05-16 21:19:29,1.2,11.33,11.10,11.25,1545545,89068,5.8,0,0,0.0,1007,471,49,7.09,2.80,10.34,10.98,2495,2
2026-05-16 21:20:29,1.5,11.05,11.07,11.23,1545545,89108,5.8,0,0,0.0,1007,471,49,3.95,3.02,0.43,1.56,2478,5
2026-05-16 21:21:30,1.9,11.04,11.02,11.20,1545545,89118,5.8,0,0,0.0,1007,471,49,5.82,2.79,6.82,7.43,2470,4
2026-05-16 21:22:30,1.1,10.63,10.91,11.15,1545545,89120,5.8,0,0,0.0,1007,471,49,4.30,3.04,1.36,2.52,2474,2
2026-05-16 21:23:30,1.3,9.93,10.68,11.06,1545545,89130,5.8,0,0,0.0,1007,471,49,2.64,2.79,0.86,1.96,2467,1
2026-05-16 21:24:31,1.3,12.54,11.39,11.29,1545545,89123,5.8,0,0,0.0,1007,471,49,5.95,2.90,7.37,8.58,2462,5
2026-05-16 21:25:31,3.0,10.22,10.98,11.15,1545545,89113,5.8,0,0,0.0,1007,471,49,6.13,3.02,0.81,1.90,2466,2
2026-05-16 21:26:31,1.1,10.43,10.94,11.13,1545545,89109,5.8,0,0,0.0,1007,471,49,3.74,2.77,2.87,3.75,2464,3
2026-05-16 21:27:32,1.0,10.43,10.85,11.08,1545545,89147,5.8,0,0,0.0,1007,471,49,9.67,3.01,2.55,3.56,2446,2
2026-05-16 21:28:32,2.6,11.39,10.97,11.10,1545545,89160,5.8,0,0,0.0,1007,471,49,6.01,2.95,8.26,8.84,2461,4
2026-05-16 21:29:32,1.9,10.79,10.93,11.08,1545545,89161,5.8,0,0,0.0,1007,471,49,3.26,2.91,2.65,3.61,2464,7
2026-05-16 21:30:33,1.1,10.00,10.66,10.98,1545545,89127,5.8,0,0,0.0,1007,471,49,4.24,2.85,0.78,1.90,2460,3
2026-05-16 21:31:33,1.1,9.95,10.52,10.91,1545545,89141,5.8,0,0,0.0,1007,471,49,3.25,2.52,2.40,3.40,2466,4
2026-05-16 21:32:34,2.0,10.81,10.64,10.93,1545545,89181,5.8,0,0,0.0,1007,471,49,4.08,3.04,4.69,5.53,2468,6
2026-05-16 21:33:34,1.3,10.44,10.61,10.90,1545545,89173,5.8,0,0,0.0,1007,471,49,8.22,2.74,2.30,3.26,2455,5
2026-05-16 21:34:34,1.1,9.98,10.46,10.83,1545545,89137,5.8,0,0,0.0,1007,471,49,8.28,2.72,0.44,1.54,2458,4
2026-05-16 21:35:35,1.4,10.96,10.65,10.87,1545545,89155,5.8,0,0,0.0,1007,471,49,9.12,2.76,9.52,10.13,2459,2
2026-05-16 21:36:35,3.2,10.75,10.64,10.85,1545545,89161,5.8,0,0,0.0,1007,471,49,8.03,3.01,1.49,2.54,2463,4
2026-05-16 21:37:35,1.4,10.53,10.64,10.84,1545545,89158,5.8,0,0,0.0,1007,471,49,4.27,2.77,8.26,8.90,2472,3
2026-05-16 21:38:36,1.0,10.12,10.45,10.76,1545545,89177,5.8,0,0,0.0,1007,471,49,6.52,2.98,2.12,3.07,2474,2
2026-05-16 21:39:36,1.1,10.04,10.36,10.71,1545545,89152,5.8,0,0,0.0,1007,471,49,6.55,2.80,2.39,3.40,2469,8
2026-05-16 21:40:36,1.3,10.67,10.49,10.73,1545545,89041,5.8,0,0,0.0,1007,471,49,5.49,2.91,9.16,9.73,2467,2
2026-05-16 21:41:37,1.1,10.05,10.33,10.66,1545545,89023,5.8,0,0,0.0,1007,471,49,7.44,2.73,1.68,2.65,2465,3
2026-05-16 21:42:37,1.1,9.90,10.25,10.61,1545545,89053,5.8,0,0,0.0,1007,471,49,5.16,3.00,6.11,6.77,2464,4
2026-05-16 21:43:37,1.2,11.37,10.49,10.66,1545545,89077,5.8,0,0,0.0,1007,471,49,3.69,2.83,3.99,5.12,2469,1
2026-05-16 21:44:38,1.8,10.43,10.38,10.61,1545545,89067,5.8,0,0,0.0,1007,471,49,5.62,2.85,5.16,6.18,2485,5
2026-05-16 21:45:38,1.1,10.69,10.55,10.66,1545545,89041,5.8,0,0,0.0,1007,471,49,8.12,2.79,3.59,4.46,2472,1
2026-05-16 21:46:38,1.9,9.90,10.32,10.57,1545545,89078,5.8,0,0,0.0,1007,471,49,5.44,2.93,2.21,3.24,2479,7
2026-05-16 21:47:39,2.0,10.11,10.30,10.55,1545545,89079,5.8,0,0,0.0,1007,471,49,6.73,2.84,2.28,3.31,2475,9
2026-05-16 21:48:39,1.1,11.38,10.72,10.68,1545545,89077,5.8,0,0,0.0,1007,471,49,4.03,2.95,6.72,7.84,2470,2
2026-05-16 21:49:39,3.2,12.38,10.96,10.76,1545545,89088,5.8,0,0,0.0,1007,471,49,3.13,2.39,4.51,5.46,2458,26
2026-05-16 21:50:40,1.4,10.62,10.74,10.70,1545545,89073,5.8,0,0,0.0,1007,471,49,5.53,2.79,2.94,4.18,2455,5
2026-05-16 21:51:40,1.1,9.92,10.53,10.62,1545545,89074,5.8,0,0,0.0,1007,471,49,5.67,2.95,6.77,7.44,2443,4
2026-05-16 21:52:40,1.0,9.85,10.40,10.57,1545545,89053,5.8,0,0,0.0,1007,471,49,4.83,2.83,3.24,4.30,2454,3
2026-05-16 21:53:41,4.2,11.15,10.65,10.65,1545545,89060,5.8,0,0,0.0,1007,471,49,7.40,2.86,10.45,11.33,2465,5
2026-05-16 21:54:41,2.3,11.49,10.79,10.69,1545545,89020,5.8,0,0,0.0,1007,471,49,2.71,2.91,3.71,4.88,2465,5
2026-05-16 21:55:41,2.1,12.92,11.35,10.89,1545545,88987,5.8,0,0,0.0,1007,471,49,4.44,2.84,6.38,7.02,2469,3
2026-05-16 21:56:42,1.1,13.89,12.03,11.16,1545545,89056,5.8,0,0,0.0,1007,471,49,5.46,2.83,4.10,4.99,2474,1
2026-05-16 21:57:42,2.2,13.50,12.22,11.28,1545545,89052,5.8,0,0,0.0,1007,471,49,3.62,2.79,3.05,3.93,2457,6
2026-05-16 21:58:42,2.0,14.90,12.70,11.49,1545545,89031,5.8,0,0,0.0,1007,471,49,3.03,3.10,5.43,6.36,2449,3
2026-05-16 21:59:43,1.2,12.97,12.54,11.51,1545545,88984,5.8,0,0,0.0,1007,471,49,3.62,2.73,6.93,7.49,2465,3
2026-05-16 22:00:43,1.8,11.45,12.12,11.43,1545545,89073,5.8,0,0,0.0,1007,471,49,4.34,2.86,3.51,4.35,2453,2
2026-05-16 22:01:43,1.9,12.21,12.08,11.45,1545545,89054,5.8,0,0,0.0,1007,471,49,3.78,37.39,3.14,4.03,2456,7
2026-05-16 22:02:44,1.2,11.57,12.01,11.47,1545545,89054,5.8,0,0,0.0,1007,471,49,3.85,2.95,5.79,6.64,2455,2
2026-05-16 22:03:44,3.1,10.39,11.59,11.36,1545545,89036,5.8,0,0,0.0,1007,471,49,4.27,2.74,1.87,2.94,2450,6
2026-05-16 22:04:44,1.7,11.38,11.54,11.35,1545545,89046,5.8,0,0,0.0,1007,471,49,3.80,2.95,2.74,3.72,2435,3
2026-05-16 22:05:45,1.1,10.35,11.20,11.25,1545545,89043,5.8,0,0,0.0,1007,471,49,4.64,2.87,1.57,2.59,2443,3
2026-05-16 22:06:45,1.6,10.70,11.13,11.22,1545545,89048,5.8,0,0,0.0,1007,471,49,7.43,2.75,3.61,4.54,2441,1
2026-05-16 22:07:45,1.1,10.32,10.95,11.15,1545545,89058,5.8,0,0,0.0,1007,471,49,3.01,2.55,8.05,8.56,2447,1
2026-05-16 22:08:46,1.2,10.19,10.80,11.08,1545545,89038,5.8,0,0,0.0,1007,471,49,3.75,2.96,1.34,2.52,2441,7
2026-05-16 22:09:46,3.0,10.87,10.86,11.08,1545545,89009,5.8,0,0,0.0,1007,471,49,3.45,2.89,5.94,6.66,2452,5
2026-05-16 22:10:46,2.2,11.57,11.03,11.12,1545545,89040,5.8,0,0,0.0,1007,471,49,4.07,2.74,6.70,7.34,2455,5
2026-05-16 22:11:47,1.2,10.59,10.85,11.06,1545545,89103,5.8,0,0,0.0,1007,471,49,5.80,2.82,3.45,4.32,2464,1
2026-05-16 22:12:47,1.1,10.07,10.69,10.99,1545545,89141,5.8,0,0,0.0,1007,471,49,6.11,2.73,3.62,4.50,2463,3
2026-05-16 22:13:47,2.9,12.12,11.27,11.17,1545545,89174,5.8,0,0,0.0,1007,471,49,5.03,2.91,7.35,8.55,2468,7
2026-05-16 22:14:48,1.3,11.12,11.15,11.14,1545545,89134,5.8,0,0,0.0,1007,471,49,3.99,2.79,5.43,6.22,2469,2
2026-05-16 22:15:48,1.0,10.89,11.08,11.12,1545545,89143,5.8,0,0,0.0,1007,471,49,5.55,2.74,1.19,2.26,2476,9
2026-05-16 22:16:48,1.1,10.60,10.97,11.07,1545545,89135,5.8,0,0,0.0,1007,471,49,5.91,2.95,0.81,1.94,2472,4
2026-05-16 22:17:49,2.0,11.00,10.98,11.07,1545545,89179,5.8,0,0,0.0,1007,471,49,5.89,2.79,9.03,9.65,2473,9
2026-05-16 22:18:49,1.0,11.27,11.16,11.13,1545545,89196,5.8,0,0,0.0,1007,471,49,6.97,2.82,6.96,7.93,2478,3
2026-05-16 22:19:49,2.7,10.84,11.04,11.09,1545545,89183,5.8,0,0,0.0,1007,471,49,6.14,2.93,3.45,4.30,2483,3
2026-05-16 22:20:50,2.4,13.05,11.63,11.29,1545545,89193,5.8,0,0,0.0,1007,471,49,7.16,2.86,9.07,10.06,2483,5
2026-05-16 22:21:50,1.4,10.67,11.21,11.16,1545545,89171,5.8,0,0,0.0,1007,471,49,6.59,2.80,1.36,2.49,2480,3
2026-05-16 22:22:50,1.3,10.26,11.01,11.10,1545545,89197,5.8,0,0,0.0,1007,471,49,4.15,2.64,1.21,2.28,2473,4
2026-05-16 22:23:51,0.9,10.44,10.94,11.07,1545545,89192,5.8,0,0,0.0,1007,471,49,8.78,2.99,3.24,4.50,2461,2
2026-05-16 22:24:51,1.9,11.03,11.08,11.11,1545545,89177,5.8,0,0,0.0,1007,471,49,5.65,2.98,3.98,4.99,2465,6
2026-05-16 22:25:51,2.0,10.14,10.79,11.01,1545545,89206,5.8,0,0,0.0,1007,471,49,7.98,2.70,2.12,3.06,2451,5
2026-05-16 22:26:52,1.2,11.11,11.04,11.08,1545545,89072,5.8,0,0,0.0,1007,471,49,6.96,2.94,6.62,7.63,2465,4
2026-05-16 22:27:52,3.2,12.35,11.38,11.20,1545545,89098,5.8,0,0,0.0,1007,471,49,5.23,2.54,9.68,11.42,2465,5
2026-05-16 22:28:53,3.0,10.87,11.17,11.14,1545545,89113,5.8,0,0,0.0,1007,471,49,3.98,3.11,2.95,4.48,2466,4
2026-05-16 22:29:53,0.9,10.98,11.20,11.16,1545545,89074,5.8,0,0,0.0,1007,471,49,3.86,2.67,5.66,6.32,2464,4
2026-05-16 22:30:53,0.9,10.55,11.07,11.11,1545545,89097,5.8,0,0,0.0,1007,471,49,3.46,2.86,3.62,4.50,2469,2
2026-05-16 22:31:54,9.0,12.24,11.35,11.20,1545545,89058,5.8,0,0,0.0,1007,471,49,4.19,2.82,3.55,4.50,2469,19
2026-05-16 22:32:54,2.2,14.27,11.97,11.42,1545545,89087,5.8,0,0,0.0,1007,471,49,4.25,2.73,9.06,10.07,2469,1
2026-05-16 22:33:54,2.8,12.52,11.90,11.43,1545545,89125,5.8,0,0,0.0,1007,471,49,4.00,2.90,11.84,12.06,2478,11
2026-05-16 22:34:55,1.9,14.45,12.60,11.70,1545545,89105,5.8,0,0,0.0,1007,471,49,5.93,2.88,11.65,13.52,2477,3
2026-05-16 22:35:55,1.3,12.67,12.50,11.73,1545545,89091,5.8,0,0,0.0,1007,471,49,5.46,2.86,5.99,6.95,2474,3
2026-05-16 22:36:55,2.8,11.84,12.19,11.66,1545545,89139,5.8,0,0,0.0,1007,471,49,6.02,2.76,4.01,4.93,2476,3
2026-05-16 22:37:56,2.1,11.15,11.96,11.62,1545545,89148,5.8,0,0,0.0,1007,471,49,6.93,2.78,8.03,9.72,2479,7
2026-05-16 22:38:56,2.6,10.57,11.61,11.52,1545545,89171,5.8,0,0,0.0,1007,471,49,7.30,3.06,3.36,4.33,2470,5
2026-05-16 22:39:56,2.2,12.27,11.77,11.57,1545545,89159,5.8,0,0,0.0,1007,471,49,8.12,2.78,7.31,7.99,2460,8
2026-05-16 22:40:57,1.4,11.92,11.78,11.59,1545545,89137,5.8,0,0,0.0,1007,471,49,4.71,2.86,6.38,6.99,2472,2
2026-05-16 22:41:57,2.0,11.91,11.73,11.58,1545545,89153,5.8,0,0,0.0,1007,471,49,5.75,2.76,7.99,8.45,2459,8
2026-05-16 22:42:57,3.5,13.83,12.30,11.78,1545545,89189,5.8,0,0,0.0,1007,471,49,4.92,2.86,12.28,14.39,2455,7
2026-05-16 22:43:58,1.7,12.60,12.23,11.79,1545545,89172,5.8,0,0,0.0,1007,471,49,4.17,2.79,6.49,7.27,2460,1
2026-05-16 22:44:58,1.6,12.03,12.16,11.80,1545545,89151,5.8,0,0,0.0,1007,471,49,6.31,2.85,7.84,8.88,2460,2
2026-05-16 22:45:58,6.0,11.43,11.95,11.75,1545545,89170,5.8,0,0,0.0,1007,471,49,5.80,2.82,2.41,3.39,2462,24
2026-05-16 22:46:59,1.2,10.64,11.64,11.65,1545545,89165,5.8,0,0,0.0,1007,471,49,3.12,2.89,5.96,6.81,2467,2
2026-05-16 22:47:59,1.4,10.30,11.37,11.56,1545545,89187,5.8,0,0,0.0,1007,471,49,5.79,2.71,0.82,1.95,2467,6
2026-05-16 22:48:59,3.5,11.09,11.39,11.55,1545545,89211,5.8,0,0,0.0,1007,471,49,4.59,2.91,6.57,7.98,2475,5
2026-05-16 22:50:00,1.3,11.70,11.60,11.62,1545545,89155,5.8,0,0,0.0,1007,471,49,2.84,2.91,5.16,6.39,2474,1
2026-05-16 22:51:00,3.2,12.06,11.73,11.66,1545545,89182,5.8,0,0,0.0,1007,471,49,3.75,2.75,4.88,5.76,2465,8
2026-05-16 22:52:00,2.9,14.97,12.66,11.99,1545545,89188,5.8,0,0,0.0,1007,471,49,3.04,2.92,9.85,11.30,2461,5
2026-05-16 22:53:01,2.0,12.85,12.49,11.98,1545545,89217,5.8,0,0,0.0,1007,471,49,1.94,2.86,10.13,10.74,2464,4
2026-05-16 22:54:01,1.7,11.68,12.24,11.93,1545545,89194,5.8,0,0,0.0,1007,471,49,6.61,3.09,6.55,7.99,2461,1
2026-05-16 22:55:01,3.1,10.63,11.84,11.81,1545545,89168,5.8,0,0,0.0,1007,471,49,6.49,2.83,2.38,3.39,2466,5
2026-05-16 22:56:02,1.2,11.63,12.02,11.88,1545545,89083,5.8,0,0,0.0,1007,471,49,3.79,2.46,6.33,7.27,2461,2
2026-05-16 22:57:02,1.9,11.50,11.93,11.86,1545545,89115,5.8,0,0,0.0,1007,471,49,4.56,3.00,7.08,7.98,2476,5
2026-05-16 22:58:03,2.6,11.54,11.91,11.86,1545545,89209,5.8,0,0,0.0,1007,471,49,5.52,2.83,8.37,9.13,2465,5
2026-05-16 22:59:03,1.6,10.09,11.43,11.70,1545545,89222,5.8,0,0,0.0,1007,471,49,5.18,3.16,0.58,1.76,2475,6
2026-05-16 23:00:03,1.2,10.84,11.40,11.67,1545545,89187,5.8,0,0,0.0,1007,471,49,6.25,2.72,5.65,6.33,2469,3
2026-05-16 23:01:04,2.0,11.31,11.39,11.65,1545545,89191,5.8,0,0,0.0,1007,471,49,5.51,37.35,3.71,4.59,2473,6
2026-05-16 23:02:04,1.3,10.83,11.23,11.57,1545545,89128,5.8,0,0,0.0,1007,471,49,7.06,2.81,5.10,5.86,2466,1
2026-05-16 23:03:04,1.1,10.92,11.19,11.54,1545545,89205,5.8,0,0,0.0,1007,471,49,6.73,2.76,7.07,8.06,2477,2
2026-05-16 23:04:05,1.5,9.86,10.83,11.39,1545545,89233,5.8,0,0,0.0,1007,471,49,5.22,2.89,0.50,1.68,2472,6
2026-05-16 23:05:05,2.9,10.55,10.79,11.33,1545545,89236,5.8,0,0,0.0,1007,471,49,5.35,2.79,5.13,6.07,2463,5
2026-05-16 23:06:05,2.0,10.49,10.76,11.29,1545545,89244,5.8,0,0,0.0,1007,471,49,9.63,2.85,3.19,4.38,2488,5
2026-05-16 23:07:06,1.0,11.51,11.14,11.40,1545545,89247,5.8,0,0,0.0,1007,471,49,6.02,2.82,8.48,8.92,2479,1
2026-05-16 23:08:06,1.1,10.43,10.88,11.29,1545545,89264,5.8,0,0,0.0,1007,471,49,8.14,2.82,5.18,6.05,2480,6
2026-05-16 23:09:06,1.2,11.68,11.15,11.35,1545545,89218,5.8,0,0,0.0,1007,471,49,5.98,2.92,6.60,7.95,2473,1
2026-05-16 23:10:07,1.9,13.00,11.50,11.45,1545545,89172,5.8,0,0,0.0,1007,471,49,4.96,2.82,7.91,8.95,2493,4
2026-05-16 23:11:07,1.4,12.27,11.61,11.50,1545545,89233,5.8,0,0,0.0,1007,471,49,5.59,2.71,9.26,9.70,2490,6
2026-05-16 23:12:07,1.0,11.04,11.39,11.43,1545545,89243,5.8,0,0,0.0,1007,471,49,5.94,2.82,2.81,3.83,2477,4
2026-05-16 23:13:08,1.9,11.59,11.45,11.45,1545545,89266,5.8,0,0,0.0,1007,471,49,4.88,2.56,7.74,8.43,2490,7
2026-05-16 23:14:08,1.6,10.69,11.22,11.36,1545545,89124,5.8,0,0,0.0,1007,471,49,4.14,2.82,4.66,5.44,2492,3
2026-05-16 23:15:08,2.0,11.88,11.57,11.48,1545545,89138,5.8,0,0,0.0,1007,471,49,3.47,2.95,9.03,9.51,2484,3
2026-05-16 23:16:09,8.8,11.29,11.46,11.45,1545545,89138,5.8,0,0,0.0,1007,471,49,5.02,2.77,9.54,10.23,2490,16
2026-05-16 23:17:09,1.9,11.38,11.49,11.46,1545545,89166,5.8,0,0,0.0,1007,471,49,4.61,2.97,3.01,4.10,2475,4
2026-05-16 23:18:09,1.9,10.41,11.20,11.36,1545545,89163,5.8,0,0,0.0,1007,471,49,7.21,2.67,1.39,2.51,2471,5
2026-05-16 23:19:10,2.1,10.28,11.03,11.30,1545545,89162,5.8,0,0,0.0,1007,471,49,5.95,3.17,3.57,4.83,2476,6
2026-05-16 23:20:10,1.2,11.16,11.15,11.32,1545545,89120,5.8,0,0,0.0,1007,471,49,4.27,2.95,3.05,4.26,2461,5
2026-05-16 23:21:10,3.0,16.21,12.87,11.91,1545545,89148,5.8,0,0,0.0,1007,471,49,5.67,2.77,5.73,6.86,2461,24
2026-05-16 23:22:11,1.1,12.86,12.63,11.90,1545545,89142,5.8,0,0,0.0,1007,471,49,5.50,2.71,4.08,5.25,2467,2
2026-05-16 23:23:11,2.1,10.77,12.07,11.75,1545545,89170,5.8,0,0,0.0,1007,471,49,6.12,2.77,0.41,1.53,2463,6
2026-05-16 23:24:11,3.1,9.90,11.57,11.60,1545545,89192,5.8,0,0,0.0,1007,471,49,7.46,2.85,2.34,3.37,2457,3
2026-05-16 23:25:12,1.3,10.81,11.58,11.60,1545545,89143,5.8,0,0,0.0,1007,471,49,5.23,2.93,7.64,8.71,2468,3
2026-05-16 23:26:12,1.5,10.21,11.26,11.49,1545545,89152,5.8,0,0,0.0,1007,471,49,5.37,2.82,1.65,2.69,2455,3
2026-05-16 23:27:12,1.3,10.29,11.10,11.42,1545545,89174,5.8,0,0,0.0,1007,471,49,6.49,2.91,8.75,9.42,2453,5
2026-05-16 23:28:13,1.3,10.85,11.16,11.42,1545545,89168,5.8,0,0,0.0,1007,471,49,5.21,2.73,2.85,3.77,2465,6
2026-05-16 23:29:13,1.0,10.64,11.04,11.36,1545545,89210,5.8,0,0,0.0,1007,471,49,4.05,3.04,2.83,3.83,2465,7
2026-05-16 23:30:13,2.7,10.60,10.97,11.32,1545545,89168,5.8,0,0,0.0,1007,471,49,4.18,2.91,4.07,5.15,2463,31
2026-05-16 23:31:14,1.2,9.44,10.57,11.16,1545545,89190,5.8,0,0,0.0,1007,471,49,4.82,2.79,2.02,3.03,2466,2
2026-05-16 23:32:14,1.6,10.51,10.62,11.13,1545545,89203,5.8,0,0,0.0,1007,471,49,5.71,2.86,1.63,2.65,2471,2
2026-05-16 23:33:14,1.4,10.14,10.49,11.05,1545545,89199,5.8,0,0,0.0,1007,471,49,7.90,2.48,4.42,5.22,2468,1
2026-05-16 23:34:15,1.1,9.62,10.30,10.95,1545545,89204,5.8,0,0,0.0,1007,471,49,7.18,2.75,4.85,5.67,2471,1
2026-05-16 23:35:15,3.1,9.87,10.17,10.86,1545545,89199,5.8,0,0,0.0,1007,471,49,4.82,3.02,2.22,3.37,2470,5
2026-05-16 23:36:15,3.1,11.07,10.45,10.91,1545545,89214,5.8,0,0,0.0,1007,471,49,5.83,2.68,8.65,10.02,2459,6
2026-05-16 23:37:16,1.1,11.12,10.58,10.93,1545545,89209,5.8,0,0,0.0,1007,471,49,4.75,2.91,5.32,6.11,2453,8
2026-05-16 23:38:16,2.4,9.94,10.33,10.82,1545545,89179,5.8,0,0,0.0,1007,471,49,6.48,2.79,7.85,8.41,2464,6
2026-05-16 23:39:16,2.4,10.82,10.59,10.88,1545545,89126,5.8,0,0,0.0,1007,471,49,5.74,2.77,5.87,6.63,2463,9
2026-05-16 23:40:17,2.0,10.57,10.54,10.85,1545545,89083,5.8,0,0,0.0,1007,471,49,7.18,2.83,1.20,2.36,2464,9
2026-05-16 23:41:17,3.3,11.74,10.81,10.92,1545545,89204,5.8,0,0,0.0,1007,471,49,6.78,2.73,5.30,6.47,2474,6
2026-05-16 23:42:17,1.9,15.59,12.09,11.35,1545545,89229,5.8,0,0,0.0,1007,471,49,6.96,2.98,9.49,11.02,2474,6
2026-05-16 23:43:18,1.1,14.36,12.57,11.57,1545545,89181,5.8,0,0,0.0,1007,471,49,6.30,2.76,3.85,5.11,2453,4
2026-05-16 23:44:18,2.0,14.80,12.89,11.74,1545545,89228,5.8,0,0,0.0,1007,471,49,6.35,2.75,5.55,6.24,2461,2
2026-05-16 23:45:18,7.8,15.38,13.42,12.00,1545545,89122,5.8,0,0,0.0,1007,471,49,9.81,2.89,5.85,6.57,2459,23
2026-05-16 23:46:19,1.3,14.78,13.78,12.22,1545545,89187,5.8,0,0,0.0,1007,471,49,6.79,2.84,9.49,10.26,2453,5
2026-05-16 23:47:19,1.8,14.01,13.69,12.28,1545545,89225,5.8,0,0,0.0,1007,471,49,5.11,2.89,3.73,4.59,2457,5
2026-05-16 23:48:20,1.7,12.03,13.14,12.18,1545545,89207,5.8,0,0,0.0,1007,471,49,8.78,2.84,5.16,5.88,2460,2
2026-05-16 23:49:20,2.0,12.81,13.12,12.23,1545545,89225,5.8,0,0,0.0,1007,471,49,8.31,2.70,7.82,8.89,2459,2
2026-05-16 23:50:20,1.9,10.91,12.53,12.08,1545545,89161,5.8,0,0,0.0,1007,471,49,3.30,2.84,2.09,3.22,2466,2
2026-05-16 23:51:21,2.0,11.03,12.18,11.98,1545545,89144,5.8,0,0,0.0,1007,471,49,8.96,2.79,2.92,3.83,2467,2
2026-05-16 23:52:21,1.9,11.92,12.19,11.99,1545545,89157,5.8,0,0,0.0,1007,471,49,7.72,2.76,5.57,6.21,2465,5
2026-05-16 23:53:21,1.7,11.99,12.27,12.04,1545545,89218,5.8,0,0,0.0,1007,471,49,4.06,2.94,4.63,6.08,2458,1
2026-05-16 23:54:22,3.3,11.02,11.91,11.93,1545545,89271,5.8,0,0,0.0,1007,471,49,6.58,2.81,9.17,9.72,2455,7
2026-05-16 23:55:22,1.1,11.91,11.99,11.95,1545545,89215,5.8,0,0,0.0,1007,471,49,4.87,3.00,10.31,11.29,2449,3
2026-05-16 23:56:22,1.4,10.35,11.52,11.79,1545545,89166,5.8,0,0,0.0,1007,471,49,4.66,2.49,0.88,1.92,2454,2
2026-05-16 23:57:23,1.5,10.88,11.45,11.75,1545545,89153,5.8,0,0,0.0,1007,471,49,3.73,2.78,6.00,6.73,2458,1
2026-05-16 23:58:23,1.1,10.03,11.08,11.60,1545545,89156,5.8,0,0,0.0,1007,471,49,3.48,2.72,0.43,1.56,2468,3
2026-05-16 23:59:23,1.6,10.60,11.01,11.54,1545545,89263,5.8,0,0,0.0,1007,471,49,4.19,2.86,5.91,6.56,2469,4
2026-05-17 00:00:24,1.1,14.43,12.07,11.87,1545545,89098,5.8,0,0,0.0,1007,471,49,7.80,2.91,1.88,2.95,2472,2
2026-05-17 00:01:24,2.1,12.59,11.97,11.85,1545545,89069,5.8,0,0,0.0,1007,471,49,5.45,37.50,0.81,1.94,2476,1
2026-05-17 00:02:24,1.7,11.37,11.72,11.77,1545545,89114,5.8,0,0,0.0,1007,471,49,4.94,2.76,3.77,4.58,2469,4
2026-05-17 00:03:25,1.0,10.90,11.51,11.69,1545545,89037,5.8,0,0,0.0,1007,471,49,8.26,2.82,1.53,2.56,2470,3
2026-05-17 00:04:25,3.1,18.05,13.04,12.18,1545545,89093,5.8,0,0,0.0,1007,471,49,5.30,2.67,7.47,8.87,2462,21
2026-05-17 00:05:25,1.0,12.57,12.40,12.02,1545545,89120,5.8,0,0,0.0,1007,471,49,4.30,2.88,2.59,4.02,2461,4
2026-05-17 00:06:26,1.9,11.87,12.26,11.99,1545545,89124,5.8,0,0,0.0,1007,471,49,7.15,3.03,8.35,9.51,2464,3
2026-05-17 00:07:26,2.0,10.33,11.75,11.83,1545545,89145,5.8,0,0,0.0,1007,471,49,8.55,2.68,3.46,4.33,2467,23
2026-05-17 00:08:26,2.0,10.28,11.44,11.72,1545545,89105,5.8,0,0,0.0,1007,471,49,6.03,2.85,5.96,6.65,2471,4
2026-05-17 00:09:27,1.9,11.54,11.60,11.76,1545545,89177,5.8,0,0,0.0,1007,471,49,6.41,2.84,9.84,11.50,2463,4
2026-05-17 00:10:27,3.1,11.55,11.55,11.73,1545545,89139,5.8,0,0,0.0,1007,471,49,7.77,2.82,9.82,10.55,2454,8
2026-05-17 00:11:27,2.0,11.38,11.48,11.69,1545545,89152,5.8,0,0,0.0,1007,471,49,7.56,2.89,3.80,4.83,2465,4
2026-05-17 00:12:28,1.1,11.20,11.42,11.66,1545545,89138,5.8,0,0,0.0,1007,471,49,7.78,2.78,9.69,10.49,2470,6
2026-05-17 00:13:28,1.2,10.84,11.28,11.59,1545545,89114,5.8,0,0,0.0,1007,471,49,7.06,2.77,0.45,1.55,2471,4
2026-05-17 00:14:28,1.2,11.02,11.21,11.55,1545545,89108,5.8,0,0,0.0,1007,471,49,4.10,2.75,1.62,2.66,2477,3
2026-05-17 00:15:29,2.2,11.85,11.34,11.57,1545545,89191,5.8,0,0,0.0,1007,471,49,7.35,2.51,3.07,4.01,2474,6
2026-05-17 00:16:29,1.3,11.43,11.37,11.56,1545545,89152,5.8,0,0,0.0,1007,471,49,7.06,3.04,5.78,6.80,2459,4
2026-05-17 00:17:29,3.1,12.43,11.67,11.65,1545545,89217,5.8,0,0,0.0,1007,471,49,5.73,2.86,2.82,3.77,2447,2
2026-05-17 00:18:30,1.2,12.23,11.77,11.69,1545545,89168,5.8,0,0,0.0,1007,471,49,10.46,2.80,3.68,4.50,2445,2
2026-05-17 00:19:30,2.1,11.10,11.54,11.61,1545545,89149,5.8,0,0,0.0,1007,471,49,8.85,2.66,2.19,3.25,2448,6
2026-05-17 00:20:30,2.0,11.51,11.62,11.64,1545545,89113,5.8,0,0,0.0,1007,471,49,3.91,2.91,6.40,7.30,2451,2
2026-05-17 00:21:31,1.3,10.79,11.41,11.56,1545545,89070,5.8,0,0,0.0,1007,471,49,4.99,3.09,1.09,2.23,2460,7
2026-05-17 00:22:31,4.0,11.63,11.53,11.60,1545545,89237,5.8,0,0,0.0,1007,471,49,3.53,2.89,6.08,6.90,2462,7
2026-05-17 00:23:31,1.4,11.06,11.39,11.54,1545545,89224,5.8,0,0,0.0,1007,471,49,2.54,2.80,3.09,4.12,2453,2
2026-05-17 00:24:32,2.0,11.29,11.38,11.53,1545545,89208,5.8,0,0,0.0,1007,471,49,5.35,2.79,8.43,9.05,2447,6
2026-05-17 00:25:32,1.5,10.96,11.26,11.48,1545545,89153,5.8,0,0,0.0,1007,471,49,3.14,2.77,2.38,3.31,2443,1
2026-05-17 00:26:32,1.1,19.01,12.83,11.97,1545545,89136,5.8,0,0,0.0,1007,471,49,2.60,3.09,1.37,2.50,2447,1
2026-05-17 00:27:33,3.4,13.81,12.46,11.89,1545545,89215,5.8,0,0,0.0,1007,471,49,6.36,2.79,6.63,7.37,2453,8
2026-05-17 00:28:33,1.7,11.98,12.24,11.86,1545545,89269,5.8,0,0,0.0,1007,471,49,4.08,2.79,9.67,10.33,2464,7
2026-05-17 00:29:33,1.5,11.02,11.89,11.76,1545545,89238,5.8,0,0,0.0,1007,471,49,2.94,2.79,4.85,5.59,2459,8
2026-05-17 00:30:34,4.9,10.61,11.63,11.68,1545545,89233,5.8,0,0,0.0,1007,471,49,7.30,2.92,3.69,4.54,2459,5
2026-05-17 00:31:34,1.4,10.31,11.34,11.58,1545545,89199,5.8,0,0,0.0,1007,471,49,5.56,3.00,3.31,4.28,2449,2
2026-05-17 00:32:34,1.3,10.25,11.12,11.48,1545545,89196,5.8,0,0,0.0,1007,471,49,7.55,2.82,0.44,1.54,2460,4
2026-05-17 00:33:35,2.0,10.38,10.98,11.41,1545545,89218,5.8,0,0,0.0,1007,471,49,9.12,2.67,5.26,6.54,2458,10
2026-05-17 00:34:35,1.4,11.54,11.15,11.44,1545545,89261,5.8,0,0,0.0,1007,471,49,3.63,2.80,2.17,3.23,2452,2
2026-05-17 00:35:36,1.3,11.93,11.30,11.47,1545545,89253,5.8,0,0,0.0,1007,471,49,7.20,2.85,4.85,5.62,2453,1
2026-05-17 00:36:36,1.4,12.23,11.49,11.53,1545545,89258,5.8,0,0,0.0,1007,471,49,4.61,3.00,5.32,6.12,2468,4
2026-05-17 00:37:36,2.0,12.32,11.61,11.56,1545545,89279,5.8,0,0,0.0,1007,471,49,5.48,2.93,9.23,9.64,2467,5
2026-05-17 00:38:37,1.9,10.96,11.34,11.47,1545545,89276,5.8,0,0,0.0,1007,471,49,6.16,3.11,4.72,5.57,2460,4
2026-05-17 00:39:37,1.8,11.73,11.51,11.52,1545545,89153,5.8,0,0,0.0,1007,471,49,4.08,2.42,10.81,12.48,2473,2
2026-05-17 00:40:37,1.8,12.66,11.70,11.58,1545545,89178,5.8,0,0,0.0,1007,471,49,6.24,2.83,3.19,4.08,2476,3
2026-05-17 00:41:38,1.1,10.63,11.32,11.45,1545545,89245,5.8,0,0,0.0,1007,471,49,5.65,3.03,1.05,2.14,2470,2
2026-05-17 00:42:38,2.0,10.69,11.22,11.41,1545545,89313,5.8,0,0,0.0,1007,471,49,5.30,2.94,2.14,3.10,2462,11
2026-05-17 00:43:38,1.8,11.67,11.30,11.42,1545545,89298,5.8,0,0,0.0,1007,471,49,3.86,2.63,4.61,5.41,2467,3
2026-05-17 00:44:39,3.1,12.68,11.67,11.54,1545545,89266,5.8,0,0,0.0,1007,471,49,4.43,2.92,8.27,9.75,2471,8
2026-05-17 00:45:39,1.0,11.01,11.37,11.44,1545545,89169,5.8,0,0,0.0,1007,471,49,4.78,2.84,0.66,1.81,2469,2
2026-05-17 00:46:39,1.1,10.15,11.07,11.34,1545545,89062,5.8,0,0,0.0,1007,471,49,5.42,3.10,1.39,2.46,2473,3
2026-05-17 00:47:40,1.3,11.45,11.18,11.35,1545545,89206,5.8,0,0,0.0,1007,471,49,6.96,2.81,5.50,6.57,2485,2
2026-05-17 00:48:40,1.9,11.67,11.25,11.36,1545545,89182,5.8,0,0,0.0,1007,471,49,4.60,2.82,5.01,5.73,2487,5
2026-05-17 00:49:40,1.3,11.42,11.24,11.35,1545545,89149,5.8,0,0,0.0,1007,471,49,4.85,2.66,1.84,2.96,2476,2
2026-05-17 00:50:41,1.5,10.86,11.11,11.30,1545545,89115,5.8,0,0,0.0,1007,471,49,4.93,2.82,6.01,6.69,2472,1
2026-05-17 00:51:41,3.7,10.62,11.01,11.25,1545545,89136,5.8,0,0,0.0,1007,471,49,8.18,3.04,5.63,6.35,2464,5
2026-05-17 00:52:41,1.1,10.84,11.06,11.26,1545545,89116,5.8,0,0,0.0,1007,471,49,5.37,2.76,6.86,7.81,2453,6
2026-05-17 00:53:42,1.5,10.98,11.02,11.23,1545545,89223,5.8,0,0,0.0,1007,471,49,5.97,2.43,4.00,4.89,2450,2
2026-05-17 00:54:42,1.1,9.87,10.68,11.10,1545545,89180,5.8,0,0,0.0,1007,471,49,6.28,2.88,0.43,1.53,2462,2
2026-05-17 00:55:42,1.6,10.33,10.64,11.05,1545545,89177,5.8,0,0,0.0,1007,471,49,4.53,2.75,3.95,4.95,2467,5
2026-05-17 00:56:43,1.1,10.44,10.62,11.02,1545545,89177,5.8,0,0,0.0,1007,471,49,5.89,3.18,4.96,5.71,2461,1
2026-05-17 00:57:43,1.6,10.52,10.60,10.99,1545545,89190,5.8,0,0,0.0,1007,471,49,6.19,2.77,6.94,8.42,2461,2
2026-05-17 00:58:43,1.7,10.44,10.58,10.96,1545545,89116,5.8,0,0,0.0,1007,471,49,4.40,2.87,0.84,1.95,2458,7
2026-05-17 00:59:44,0.9,10.35,10.56,10.93,1545545,89145,5.8,0,0,0.0,1007,471,49,5.53,2.88,0.42,1.54,2448,2
2026-05-17 01:00:44,1.0,9.90,10.38,10.84,1545545,89220,5.8,0,0,0.0,1007,471,49,6.46,2.96,5.56,6.37,2449,3
2026-05-17 01:01:44,1.5,10.46,10.51,10.86,1545545,89199,5.8,0,0,0.0,1007,471,49,3.89,41.68,4.09,4.88,2457,1
2026-05-17 01:02:45,1.1,9.99,10.41,10.81,1545545,89194,5.8,0,0,0.0,1007,471,49,6.01,2.81,0.51,1.73,2460,3
2026-05-17 01:03:45,1.3,9.85,10.30,10.75,1545545,89199,5.8,0,0,0.0,1007,471,49,4.72,2.69,0.46,1.60,2460,1
2026-05-17 01:04:45,1.8,11.12,10.58,10.81,1545545,89119,5.8,0,0,0.0,1007,471,49,3.95,2.89,9.17,9.77,2473,3
2026-05-17 01:05:46,1.1,12.10,10.96,10.93,1545545,89114,5.8,0,0,0.0,1007,471,49,6.76,2.68,4.41,5.23,2478,4
2026-05-17 01:06:46,2.3,11.77,11.00,10.94,1545545,89233,5.8,0,0,0.0,1007,471,49,3.23,3.03,7.95,8.93,2469,2
2026-05-17 01:07:46,1.7,11.36,11.03,10.96,1545545,89242,5.8,0,0,0.0,1007,471,49,3.02,2.89,11.06,12.30,2462,4
2026-05-17 01:08:47,1.2,11.95,11.28,11.05,1545545,89225,5.8,0,0,0.0,1007,471,49,6.28,2.41,8.33,9.66,2464,7
2026-05-17 01:09:47,2.8,11.24,11.17,11.02,1545545,89231,5.8,0,0,0.0,1007,471,49,5.92,2.82,4.70,5.90,2457,3
2026-05-17 01:10:47,2.1,14.04,11.95,11.30,1545545,89182,5.8,0,0,0.0,1007,471,49,4.69,2.85,11.15,13.04,2443,5
2026-05-17 01:11:48,1.1,11.78,11.73,11.27,1545545,89144,5.8,0,0,0.0,1007,471,49,7.66,2.93,0.63,1.67,2450,6
2026-05-17 01:12:48,1.9,10.62,11.40,11.18,1545545,89288,5.8,0,0,0.0,1007,471,49,5.78,2.84,7.85,8.54,2464,3
2026-05-17 01:13:49,1.2,10.65,11.32,11.17,1545545,89251,5.8,0,0,0.0,1007,471,49,4.89,2.77,6.01,7.33,2452,5
2026-05-17 01:14:49,1.1,9.48,10.89,11.03,1545545,89233,5.8,0,0,0.0,1007,471,49,6.40,2.96,1.65,2.66,2460,2
2026-05-17 01:15:49,1.1,9.51,10.61,10.93,1545545,89231,5.8,0,0,0.0,1007,471,49,6.94,2.84,1.62,2.65,2464,2
2026-05-17 01:16:50,1.6,9.91,10.57,10.89,1545545,89212,5.8,0,0,0.0,1007,471,49,5.28,2.93,2.05,3.02,2472,1
2026-05-17 01:17:50,1.9,10.37,10.56,10.87,1545545,89229,5.8,0,0,0.0,1007,471,49,8.35,2.89,1.66,2.86,2464,4
2026-05-17 01:18:50,2.6,9.80,10.38,10.78,1545545,89350,5.8,0,0,0.0,1007,471,49,6.92,2.94,1.18,2.31,2488,2
2026-05-17 01:19:51,2.0,9.77,10.26,10.72,1545545,89304,5.8,0,0,0.0,1007,471,49,4.60,2.69,5.01,5.77,2474,3
2026-05-17 01:20:51,1.1,10.07,10.29,10.70,1545545,89277,5.8,0,0,0.0,1007,471,49,5.65,2.78,3.90,4.73,2477,5
2026-05-17 01:21:51,1.1,9.60,10.10,10.61,1545545,89242,5.8,0,0,0.0,1007,471,49,6.96,2.97,0.45,1.55,2475,1
2026-05-17 01:22:52,1.1,13.80,11.08,10.90,1545545,89268,5.8,0,0,0.0,1007,471,49,6.63,2.89,3.71,4.69,2476,1
2026-05-17 01:23:52,1.0,11.93,11.05,10.90,1545545,89229,5.8,0,0,0.0,1007,471,49,7.63,2.77,4.80,5.64,2466,3
2026-05-17 01:24:52,3.2,11.68,11.03,10.90,1545545,89250,5.8,0,0,0.0,1007,471,49,8.13,2.83,4.02,5.17,2473,9
2026-05-17 01:25:53,1.9,10.79,10.94,10.88,1545545,89318,5.8,0,0,0.0,1007,471,49,8.32,2.85,8.02,9.04,2473,3
2026-05-17 01:26:53,1.4,11.91,11.16,10.96,1545545,89283,5.8,0,0,0.0,1007,471,49,8.78,2.98,4.57,5.33,2464,6
2026-05-17 01:27:53,1.9,13.24,11.65,11.14,1545545,89319,5.8,0,0,0.0,1007,471,49,5.95,2.80,4.03,4.94,2458,2
2026-05-17 01:28:54,9.8,16.64,12.92,11.61,1545545,89338,5.8,0,0,0.0,1007,471,49,5.46,2.97,10.68,11.39,2455,32
2026-05-17 01:29:54,1.5,15.52,13.44,11.88,1545545,89227,5.8,0,0,0.0,1007,471,49,4.25,2.88,7.35,8.83,2457,4
2026-05-17 01:30:54,1.1,12.67,13.02,11.83,1545545,89232,5.8,0,0,0.0,1007,471,49,4.26,2.73,0.42,1.55,2461,4
2026-05-17 01:31:55,1.7,13.73,13.19,11.97,1545545,89318,5.8,0,0,0.0,1007,471,49,3.13,2.85,6.27,6.88,2461,4
2026-05-17 01:32:55,2.6,12.50,12.92,11.95,1545545,89331,5.8,0,0,0.0,1007,471,49,4.37,2.75,10.36,10.73,2466,3
2026-05-17 01:33:55,1.8,10.91,12.43,11.84,1545545,89173,5.8,0,0,0.0,1007,471,49,3.16,2.84,3.65,4.52,2452,4
2026-05-17 01:34:56,2.4,10.00,11.86,11.68,1545545,89181,5.8,0,0,0.0,1007,471,49,4.11,2.82,2.41,3.40,2443,5
2026-05-17 01:35:56,1.7,11.11,12.02,11.76,1545545,89132,5.8,0,0,0.0,1007,471,49,8.62,2.76,4.55,5.98,2461,4
2026-05-17 01:36:56,1.2,11.39,12.02,11.78,1545545,89088,5.8,0,0,0.0,1007,471,49,3.97,3.05,4.88,5.58,2457,5
2026-05-17 01:37:57,1.6,10.57,11.70,11.68,1545545,89239,5.8,0,0,0.0,1007,471,49,5.68,2.93,0.55,1.73,2458,1
2026-05-17 01:38:57,2.3,11.58,11.76,11.70,1545545,89259,5.8,0,0,0.0,1007,471,49,7.30,2.95,7.25,8.21,2459,3
2026-05-17 01:39:57,1.4,10.94,11.55,11.63,1545545,89211,5.8,0,0,0.0,1007,471,49,2.66,2.62,3.51,4.40,2469,3
2026-05-17 01:40:58,1.4,10.41,11.28,11.53,1545545,89170,5.8,0,0,0.0,1007,471,49,6.34,2.91,0.45,1.65,2455,4
2026-05-17 01:41:58,3.1,10.29,11.04,11.43,1545545,89215,5.8,0,0,0.0,1007,471,49,5.50,2.89,2.33,3.45,2461,7
2026-05-17 01:42:58,1.4,11.76,11.49,11.57,1545545,89188,5.8,0,0,0.0,1007,471,49,4.61,2.73,7.61,8.74,2454,3
2026-05-17 01:43:59,2.0,11.41,11.43,11.54,1545545,89213,5.8,0,0,0.0,1007,471,49,4.17,2.96,4.24,5.07,2447,11
2026-05-17 01:44:59,3.2,12.12,11.59,11.59,1545545,89267,5.8,0,0,0.0,1007,471,49,5.98,2.84,11.22,12.28,2452,5
2026-05-17 01:45:59,1.6,12.53,11.94,11.72,1545545,89235,5.8,0,0,0.0,1007,471,49,6.60,2.87,8.93,9.84,2449,2
2026-05-17 01:47:00,1.2,12.33,11.99,11.75,1545545,89211,5.8,0,0,0.0,1007,471,49,5.40,2.89,6.46,8.03,2452,2
2026-05-17 01:48:00,1.2,11.67,11.87,11.72,1545545,89208,5.8,0,0,0.0,1007,471,49,9.64,2.95,4.10,4.91,2463,1
2026-05-17 01:49:00,1.1,10.51,11.47,11.59,1545545,89246,5.8,0,0,0.0,1007,471,49,5.82,2.54,4.58,5.40,2470,3
2026-05-17 01:50:01,1.2,10.37,11.28,11.52,1545545,89241,5.8,0,0,0.0,1007,471,49,4.74,2.79,2.42,3.40,2470,2
2026-05-17 01:51:01,1.7,9.93,11.01,11.41,1545545,89240,5.8,0,0,0.0,1007,471,49,4.37,2.92,2.02,3.02,2465,4
2026-05-17 01:52:01,1.1,9.73,10.73,11.29,1545545,89262,5.8,0,0,0.0,1007,471,49,4.32,2.82,1.62,2.66,2469,6
2026-05-17 01:53:02,1.1,10.17,10.68,11.23,1545545,89278,5.8,0,0,0.0,1007,471,49,3.66,2.95,1.28,2.27,2468,3
2026-05-17 01:54:02,1.4,9.86,10.49,11.13,1545545,89247,5.8,0,0,0.0,1007,471,49,5.30,2.80,4.94,5.80,2451,1
2026-05-17 01:55:02,1.3,12.05,10.98,11.26,1545545,89145,5.8,0,0,0.0,1007,471,49,5.30,2.88,6.59,7.80,2470,7
2026-05-17 01:56:03,1.2,10.65,10.75,11.16,1545545,89267,5.8,0,0,0.0,1007,471,49,4.66,2.75,1.21,2.27,2481,3
2026-05-17 01:57:03,1.2,10.36,10.62,11.09,1545545,89281,5.8,0,0,0.0,1007,471,49,6.74,2.96,0.85,1.90,2471,2
2026-05-17 01:58:04,1.3,10.35,10.54,11.03,1545545,89291,5.8,0,0,0.0,1007,471,49,9.69,2.78,0.49,1.53,2473,3
2026-05-17 01:59:04,2.0,12.17,10.96,11.14,1545545,89309,5.8,0,0,0.0,1007,471,49,5.44,3.05,4.40,5.42,2489,5
2026-05-17 02:00:04,4.0,11.20,10.88,11.09,1545545,89277,5.8,0,0,0.0,1007,471,49,6.14,2.81,6.66,7.17,2482,5
2026-05-17 02:01:05,1.2,16.70,12.35,11.57,1545545,89230,5.8,0,0,0.0,1007,471,49,6.95,37.20,7.23,8.48,2484,2
2026-05-17 02:02:05,1.0,19.40,13.41,11.96,1545545,89203,5.8,0,0,0.0,1007,471,49,5.12,3.01,0.41,1.56,2474,2
2026-05-17 02:03:05,1.6,12.80,12.64,11.79,1545545,89332,5.8,0,0,0.0,1007,471,49,4.57,2.45,4.10,4.92,2473,1
2026-05-17 02:04:06,3.1,12.22,12.40,11.75,1545545,89334,5.8,0,0,0.0,1007,471,49,6.17,2.91,4.86,6.26,2481,7
2026-05-17 02:05:06,0.9,10.60,11.92,11.63,1545545,89267,5.8,0,0,0.0,1007,471,49,5.65,2.72,3.86,4.80,2468,6
2026-05-17 02:06:06,1.9,12.26,12.02,11.67,1545545,89301,5.8,0,0,0.0,1007,471,49,6.01,2.85,4.12,5.01,2466,5
2026-05-17 02:07:07,1.3,13.29,12.29,11.78,1545545,89270,5.8,0,0,0.0,1007,471,49,4.66,3.00,11.07,12.27,2472,5
2026-05-17 02:08:07,1.0,11.18,11.87,11.67,1545545,89255,5.8,0,0,0.0,1007,471,49,6.37,2.71,0.48,1.58,2458,5
2026-05-17 02:09:07,1.1,10.43,11.51,11.56,1545545,89313,5.8,0,0,0.0,1007,471,49,7.66,2.93,0.52,1.69,2451,4
2026-05-17 02:10:08,1.9,10.52,11.33,11.49,1545545,89323,5.8,0,0,0.0,1007,471,49,7.27,2.71,4.03,4.97,2456,4
2026-05-17 02:11:08,1.3,11.49,11.43,11.51,1545545,89290,5.8,0,0,0.0,1007,471,49,7.31,2.77,7.60,8.06,2456,4
2026-05-17 02:12:08,0.9,12.00,11.62,11.57,1545545,89318,5.8,0,0,0.0,1007,471,49,6.10,2.81,11.19,12.61,2459,5
2026-05-17 02:13:09,1.5,10.91,11.37,11.49,1545545,89293,5.8,0,0,0.0,1007,471,49,5.90,2.82,6.07,6.67,2472,2
2026-05-17 02:14:09,1.2,12.24,11.68,11.59,1545545,89251,5.8,0,0,0.0,1007,471,49,6.13,2.84,6.74,7.83,2469,4
2026-05-17 02:15:09,1.5,11.34,11.50,11.53,1545545,89320,5.8,0,0,0.0,1007,471,49,6.73,2.84,4.03,4.91,2478,4
2026-05-17 02:16:10,2.0,10.67,11.26,11.44,1545545,89334,5.8,0,0,0.0,1007,471,49,6.02,2.79,7.79,8.38,2462,2
2026-05-17 02:17:10,1.8,11.15,11.38,11.48,1545545,89343,5.8,0,0,0.0,1007,471,49,5.52,2.90,7.31,8.49,2464,2
2026-05-17 02:18:10,2.6,10.47,11.13,11.39,1545545,89345,5.8,0,0,0.0,1007,471,49,6.84,2.83,4.65,5.49,2451,17
2026-05-17 02:19:11,1.3,12.24,11.62,11.54,1545545,89322,5.8,0,0,0.0,1007,471,49,6.09,2.92,7.86,9.30,2450,1
2026-05-17 02:20:11,2.3,12.76,11.86,11.63,1545545,89183,5.8,0,0,0.0,1007,471,49,5.64,2.78,8.25,8.70,2465,3
2026-05-17 02:21:11,3.0,13.00,12.13,11.74,1545545,89161,5.8,0,0,0.0,1007,471,49,7.75,2.82,5.26,6.45,2468,4
2026-05-17 02:22:12,1.2,13.22,12.44,11.88,1545545,89230,5.8,0,0,0.0,1007,471,49,8.07,2.90,10.96,12.83,2476,1
2026-05-17 02:23:12,1.2,11.64,12.12,11.80,1545545,89212,5.8,0,0,0.0,1007,471,49,5.43,2.85,0.84,1.91,2488,2
2026-05-17 02:24:12,2.0,11.10,11.83,11.72,1545545,89281,5.8,0,0,0.0,1007,471,49,6.75,2.82,5.14,6.00,2485,5
2026-05-17 02:25:13,2.0,11.39,11.80,11.72,1545545,89222,5.8,0,0,0.0,1007,471,49,7.60,2.90,12.62,12.99,2470,22
2026-05-17 02:26:13,3.3,11.77,11.86,11.75,1545545,89196,5.8,0,0,0.0,1007,471,49,6.08,2.58,12.31,12.63,2479,4
2026-05-17 02:27:13,1.9,13.71,12.58,12.01,1545545,89203,5.8,0,0,0.0,1007,471,49,8.07,2.93,11.72,12.77,2469,5
2026-05-17 02:28:14,1.5,13.19,12.63,12.06,1545545,89251,5.8,0,0,0.0,1007,471,49,7.85,2.71,10.47,11.66,2466,1
2026-05-17 02:29:14,8.6,11.55,12.23,11.96,1545545,89295,5.8,0,0,0.0,1007,471,49,4.62,2.98,6.73,7.43,2472,6
2026-05-17 02:30:14,7.3,11.84,12.25,11.99,1545545,89270,5.8,0,0,0.0,1007,471,49,8.18,2.82,6.18,7.64,2472,5
2026-05-17 02:31:15,3.1,12.17,12.20,11.98,1545545,89258,5.8,0,0,0.0,1007,471,49,8.90,2.74,6.03,7.24,2462,5
2026-05-17 02:32:15,2.3,11.25,11.98,11.92,1545545,89214,5.8,0,0,0.0,1007,471,49,4.67,2.92,10.67,11.57,2463,3
2026-05-17 02:33:15,4.9,13.16,12.45,12.09,1545545,89203,5.8,0,0,0.0,1007,471,49,7.77,2.88,9.25,10.30,2457,9
2026-05-17 02:34:16,1.1,11.53,12.12,12.00,1545545,89290,5.8,0,0,0.0,1007,471,49,6.55,2.88,2.82,4.01,2455,1
2026-05-17 02:35:16,1.3,10.57,11.73,11.87,1545545,89252,5.8,0,0,0.0,1007,471,49,4.19,3.04,0.43,1.57,2451,6
2026-05-17 02:36:16,1.1,10.33,11.43,11.76,1545545,89256,5.8,0,0,0.0,1007,471,49,6.64,2.64,3.21,4.11,2462,2
2026-05-17 02:37:17,4.1,9.99,11.16,11.64,1545545,89288,5.8,0,0,0.0,1007,471,49,7.45,2.89,3.61,4.55,2458,9
2026-05-17 02:38:17,1.6,10.19,11.00,11.55,1545545,89245,5.8,0,0,0.0,1007,471,49,6.75,2.84,7.52,8.43,2456,1
2026-05-17 02:39:17,1.1,12.12,11.35,11.64,1545545,89179,5.8,0,0,0.0,1007,471,49,7.44,2.81,5.18,6.33,2461,1
2026-05-17 02:40:18,2.0,10.88,11.13,11.54,1545545,89188,5.8,0,0,0.0,1007,471,49,4.48,2.86,3.55,4.50,2447,7
2026-05-17 02:41:18,1.9,10.56,10.98,11.46,1545545,89276,5.8,0,0,0.0,1007,471,49,5.71,2.94,7.20,7.67,2450,4
2026-05-17 02:42:18,1.1,10.18,10.83,11.38,1545545,89268,5.8,0,0,0.0,1007,471,49,7.80,2.83,2.98,3.88,2461,1
2026-05-17 02:43:19,1.2,10.08,10.72,11.31,1545545,89267,5.8,0,0,0.0,1007,471,49,7.64,2.79,6.76,7.60,2450,3
2026-05-17 02:44:19,1.1,12.66,11.35,11.49,1545545,89268,5.8,0,0,0.0,1007,471,49,7.47,2.88,7.77,9.05,2447,2
2026-05-17 02:45:19,2.2,11.66,11.23,11.43,1545545,89225,5.8,0,0,0.0,1007,471,49,7.57,2.87,4.91,5.74,2454,2
2026-05-17 02:46:20,3.6,12.15,11.43,11.49,1545545,89228,5.8,0,0,0.0,1007,471,49,6.06,2.88,12.20,12.75,2446,5
2026-05-17 02:47:20,1.1,11.61,11.50,11.51,1545545,89325,5.8,0,0,0.0,1007,471,49,6.61,2.94,6.52,8.10,2451,3
2026-05-17 02:48:21,2.1,10.82,11.29,11.44,1545545,89322,5.8,0,0,0.0,1007,471,49,6.20,2.57,0.49,1.57,2464,1
2026-05-17 02:49:21,1.7,10.56,11.14,11.38,1545545,89360,5.8,0,0,0.0,1007,471,49,6.05,2.92,3.53,4.44,2461,8
2026-05-17 02:50:21,1.8,10.96,11.16,11.37,1545545,89296,5.8,0,0,0.0,1007,471,49,5.40,2.87,7.83,8.42,2469,1
2026-05-17 02:51:22,1.3,10.80,11.06,11.32,1545545,89251,5.8,0,0,0.0,1007,471,49,6.16,2.98,1.19,2.29,2472,5
2026-05-17 02:52:22,1.7,10.48,10.90,11.24,1545545,89289,5.8,0,0,0.0,1007,471,49,4.93,2.68,8.79,9.26,2477,5
2026-05-17 02:53:22,1.3,10.38,10.81,11.19,1545545,89347,5.8,0,0,0.0,1007,471,49,4.96,2.89,3.26,4.12,2475,2
2026-05-17 02:54:23,2.1,10.02,10.60,11.09,1545545,89384,5.8,0,0,0.0,1007,471,49,5.89,2.70,1.27,2.33,2476,2
2026-05-17 02:55:23,3.1,11.56,10.87,11.14,1545545,89331,5.8,0,0,0.0,1007,471,49,5.37,2.97,8.85,10.01,2467,13
2026-05-17 02:56:23,1.2,10.00,10.54,11.01,1545545,89320,5.8,0,0,0.0,1007,471,49,4.10,2.91,4.21,5.17,2460,5
2026-05-17 02:57:24,0.9,10.61,10.62,11.01,1545545,89309,5.8,0,0,0.0,1007,471,49,3.59,2.87,3.61,4.47,2451,3
2026-05-17 02:58:24,1.7,10.22,10.53,10.95,1545545,89259,5.8,0,0,0.0,1007,471,49,7.48,2.72,1.21,2.28,2465,6
2026-05-17 02:59:24,1.8,11.22,10.77,11.01,1545545,89398,5.8,0,0,0.0,1007,471,49,3.61,2.99,8.55,9.72,2466,2
2026-05-17 03:00:25,1.8,10.29,10.58,10.93,1545545,89332,5.8,0,0,0.0,1007,471,49,5.21,2.95,2.21,3.33,2467,8
2026-05-17 03:01:25,2.0,10.12,10.51,10.88,1545545,89313,5.8,0,0,0.0,1007,471,49,7.18,37.05,4.85,5.58,2472,7
2026-05-17 03:02:25,1.3,9.70,10.34,10.80,1545545,89276,5.8,0,0,0.0,1007,471,49,4.47,2.52,3.46,4.47,2471,3
2026-05-17 03:03:26,1.1,10.66,10.47,10.82,1545545,89293,5.8,0,0,0.0,1007,471,49,7.75,2.80,7.46,8.46,2456,1
2026-05-17 03:04:26,1.1,9.83,10.29,10.73,1545545,89357,5.8,0,0,0.0,1007,471,49,6.07,2.79,1.26,2.30,2455,4
2026-05-17 03:05:26,1.3,10.61,10.44,10.76,1545545,89328,5.8,0,0,0.0,1007,471,49,4.34,3.03,4.11,5.01,2458,2
2026-05-17 03:06:27,2.5,11.58,10.68,10.82,1545545,89225,5.8,0,0,0.0,1007,471,49,8.84,2.88,5.80,7.27,2452,3
2026-05-17 03:07:27,1.5,11.02,10.69,10.81,1545545,89229,5.8,0,0,0.0,1007,471,49,4.51,2.89,9.61,10.36,2452,2
2026-05-17 03:08:27,1.9,10.83,10.70,10.81,1545545,89219,5.8,0,0,0.0,1007,471,49,3.75,2.67,9.25,9.93,2463,4
2026-05-17 03:09:28,1.4,10.71,10.67,10.79,1545545,89151,5.8,0,0,0.0,1007,471,49,5.71,2.86,4.15,4.92,2456,4
2026-05-17 03:10:28,2.2,10.67,10.65,10.77,1545545,89168,5.8,0,0,0.0,1007,471,49,6.20,3.09,8.37,9.55,2456,9
2026-05-17 03:11:28,1.0,17.84,12.27,11.30,1545545,89225,5.8,0,0,0.0,1007,471,49,4.25,2.93,3.18,4.02,2465,7
2026-05-17 03:12:29,10.0,13.97,12.10,11.30,1545545,89235,5.8,0,0,0.0,1007,471,49,6.81,2.69,0.43,1.56,2456,6
2026-05-17 03:13:29,2.3,14.17,12.54,11.50,1545545,89268,5.8,0,0,0.0,1007,471,49,3.14,2.80,8.06,8.56,2454,6
2026-05-17 03:14:29,2.1,14.57,12.93,11.70,1545545,89232,5.8,0,0,0.0,1007,471,49,5.82,2.96,6.57,7.15,2444,17
2026-05-17 03:15:30,1.3,11.81,12.43,11.60,1545545,89166,5.8,0,0,0.0,1007,471,49,6.93,2.89,1.99,3.09,2448,6
2026-05-17 03:16:30,1.6,13.25,12.58,11.70,1545545,89175,5.8,0,0,0.0,1007,471,49,4.73,2.99,2.38,3.55,2433,7
2026-05-17 03:17:30,2.9,14.06,12.86,11.84,1545545,89291,5.8,0,0,0.0,1007,471,49,5.18,2.44,2.42,3.39,2439,4
2026-05-17 03:18:31,1.9,14.43,13.36,12.09,1545545,89329,5.8,0,0,0.0,1007,471,49,9.29,3.02,8.26,9.19,2458,5
2026-05-17 03:19:31,3.7,15.27,13.58,12.23,1545545,89287,5.8,0,0,0.0,1007,471,49,7.03,2.77,5.72,6.56,2461,5
2026-05-17 03:20:31,1.3,12.40,13.09,12.15,1545545,89241,5.8,0,0,0.0,1007,471,49,4.94,2.96,5.56,6.39,2459,5
2026-05-17 03:21:32,1.1,13.35,13.39,12.32,1545545,89193,5.8,0,0,0.0,1007,471,49,8.43,2.93,8.80,10.21,2462,2
2026-05-17 03:22:32,1.3,12.55,13.14,12.30,1545545,89224,5.8,0,0,0.0,1007,471,49,6.44,2.62,4.40,5.28,2460,1
2026-05-17 03:23:32,1.3,10.95,12.59,12.16,1545545,89303,5.8,0,0,0.0,1007,471,49,6.47,2.83,0.84,1.95,2464,4
2026-05-17 03:24:33,1.9,10.35,12.10,12.02,1545545,89288,5.8,0,0,0.0,1007,471,49,8.52,2.89,2.82,3.78,2469,2
2026-05-17 03:25:33,0.9,9.73,11.61,11.85,1545545,89276,5.8,0,0,0.0,1007,471,49,5.16,2.82,2.87,3.93,2462,6
2026-05-17 03:26:34,1.1,10.36,11.43,11.77,1545545,89241,5.8,0,0,0.0,1007,471,49,4.66,2.97,0.86,1.89,2462,1
2026-05-17 03:27:34,1.0,10.70,11.40,11.75,1545545,89234,5.8,0,0,0.0,1007,471,49,4.52,2.75,6.21,7.43,2463,1
2026-05-17 03:28:34,1.2,10.91,11.35,11.71,1545545,89193,5.8,0,0,0.0,1007,471,49,9.03,2.82,2.83,3.78,2449,3
2026-05-17 03:29:35,3.1,13.73,11.95,11.88,1545545,89249,5.8,0,0,0.0,1007,471,49,4.57,3.04,8.42,9.94,2460,16
2026-05-17 03:30:35,3.0,12.34,11.91,11.88,1545545,89312,5.8,0,0,0.0,1007,471,49,7.10,2.86,7.97,8.94,2464,13
2026-05-17 03:31:35,1.2,12.69,12.19,11.98,1545545,89285,5.8,0,0,0.0,1007,471,49,7.01,2.70,5.65,7.45,2452,1
2026-05-17 03:32:36,1.3,11.90,12.13,11.98,1545545,89293,5.8,0,0,0.0,1007,471,49,4.03,2.77,3.64,4.47,2453,2
2026-05-17 03:33:36,1.0,11.02,11.85,11.89,1545545,89295,5.8,0,0,0.0,1007,471,49,7.70,2.80,2.81,3.78,2454,2
2026-05-17 03:34:36,3.1,10.92,11.64,11.81,1545545,89285,5.8,0,0,0.0,1007,471,49,6.14,3.02,6.56,7.11,2455,6
2026-05-17 03:35:37,3.0,11.45,11.73,11.84,1545545,89280,5.8,0,0,0.0,1007,471,49,4.01,2.93,11.13,12.19,2463,3
2026-05-17 03:36:37,1.1,11.25,11.72,11.83,1545545,89346,5.8,0,0,0.0,1007,471,49,5.49,3.04,7.50,8.94,2466,5
2026-05-17 03:37:37,1.1,10.54,11.45,11.73,1545545,89380,5.8,0,0,0.0,1007,471,49,3.69,2.70,4.41,5.26,2467,7
2026-05-17 03:38:38,1.1,10.27,11.17,11.62,1545545,89356,5.8,0,0,0.0,1007,471,49,6.23,2.85,2.91,3.83,2466,4
2026-05-17 03:39:38,1.4,11.61,11.38,11.66,1545545,89322,5.8,0,0,0.0,1007,471,49,8.53,2.86,4.06,4.87,2461,3
2026-05-17 03:40:38,1.3,12.50,11.69,11.74,1545545,89271,5.8,0,0,0.0,1007,471,49,5.17,2.92,7.34,8.98,2451,5
2026-05-17 03:41:39,1.1,10.92,11.34,11.62,1545545,89277,5.8,0,0,0.0,1007,471,49,5.39,2.76,1.25,2.29,2452,1
2026-05-17 03:42:39,1.9,10.61,11.16,11.54,1545545,89384,5.8,0,0,0.0,1007,471,49,4.84,2.84,2.62,3.54,2455,4
2026-05-17 03:43:39,2.5,10.73,11.13,11.51,1545545,89386,5.8,0,0,0.0,1007,471,49,5.69,5.69,4.24,5.05,2447,4
2026-05-17 03:44:40,3.4,10.71,10.99,11.43,1545545,89370,5.8,0,0,0.0,1007,471,49,5.36,2.78,2.69,3.61,2446,4
2026-05-17 03:45:40,1.9,11.19,11.04,11.42,1545545,89343,5.8,0,0,0.0,1007,471,49,7.18,2.87,8.51,9.22,2449,4
2026-05-17 03:46:40,1.3,10.66,10.96,11.37,1545545,89290,5.8,0,0,0.0,1007,471,49,4.59,3.03,5.37,6.17,2447,3
2026-05-17 03:47:41,1.0,11.22,11.14,11.41,1545545,89265,5.8,0,0,0.0,1007,471,49,4.51,2.77,4.60,5.92,2444,3
2026-05-17 03:48:41,1.6,9.90,10.82,11.28,1545545,89395,5.8,0,0,0.0,1007,471,49,5.50,2.88,3.66,4.53,2456,2
2026-05-17 03:49:41,1.0,10.47,10.85,11.26,1545545,89382,5.8,0,0,0.0,1007,471,49,3.83,2.76,5.64,6.36,2449,3
2026-05-17 03:50:42,1.7,10.38,10.79,11.22,1545545,89380,5.8,0,0,0.0,1007,471,49,6.03,2.68,6.33,7.01,2446,19
2026-05-17 03:51:42,1.8,10.40,10.72,11.16,1545545,89359,5.8,0,0,0.0,1007,471,49,4.87,2.96,5.66,6.36,2452,2
2026-05-17 03:52:42,2.4,17.31,12.55,11.76,1545545,89377,5.8,0,0,0.0,1007,471,49,4.64,2.66,8.71,9.61,2445,3
2026-05-17 03:53:43,1.6,13.20,12.26,11.71,1545545,89231,5.8,0,0,0.0,1007,471,49,5.26,2.74,5.68,6.45,2441,4
2026-05-17 03:54:43,3.2,11.78,12.08,11.69,1545545,89200,5.8,0,0,0.0,1007,471,49,6.72,2.88,3.14,4.17,2456,4
2026-05-17 03:55:43,3.0,13.28,12.40,11.82,1545545,89278,5.8,0,0,0.0,1007,471,49,4.42,2.84,8.97,10.26,2467,6
2026-05-17 03:56:44,1.1,11.84,12.18,11.78,1545545,89259,5.8,0,0,0.0,1007,471,49,5.53,2.98,7.55,8.74,2466,7
2026-05-17 03:57:44,1.1,10.46,11.76,11.66,1545545,89277,5.8,0,0,0.0,1007,471,49,6.18,2.73,3.58,4.57,2482,5
2026-05-17 03:58:45,2.4,11.18,11.77,11.67,1545545,89274,5.8,0,0,0.0,1007,471,49,7.12,2.91,8.99,10.34,2475,3
2026-05-17 03:59:45,1.3,10.53,11.49,11.58,1545545,89182,5.8,0,0,0.0,1007,471,49,8.64,2.78,2.68,3.62,2465,2
2026-05-17 04:00:45,1.8,10.93,11.42,11.55,1545545,89181,5.8,0,0,0.0,1007,471,49,6.96,2.93,5.14,6.21,2452,2
2026-05-17 04:01:46,1.0,10.45,11.21,11.47,1545545,89273,5.8,0,0,0.0,1007,471,49,7.16,37.32,0.51,1.71,2454,2
2026-05-17 04:02:46,1.4,11.69,11.41,11.52,1545545,89302,5.8,0,0,0.0,1007,471,49,7.11,2.88,7.80,8.95,2452,2
2026-05-17 04:03:46,1.4,11.81,11.56,11.57,1545545,89277,5.8,0,0,0.0,1007,471,49,4.98,2.72,5.96,6.82,2455,6
2026-05-17 04:04:47,1.1,12.68,11.87,11.68,1545545,89242,5.8,0,0,0.0,1007,471,49,2.38,2.81,0.84,1.93,2464,1
2026-05-17 04:05:47,1.2,11.30,11.63,11.60,1545545,89242,5.8,0,0,0.0,1007,471,49,5.64,2.89,4.88,5.61,2466,2
2026-05-17 04:06:47,1.6,10.89,11.45,11.54,1545545,89175,5.8,0,0,0.0,1007,471,49,4.79,2.91,6.52,7.27,2475,3
2026-05-17 04:07:48,1.2,10.45,11.26,11.47,1545545,89308,5.8,0,0,0.0,1007,471,49,5.08,2.82,3.60,4.46,2459,1
2026-05-17 04:08:48,1.5,9.79,10.91,11.34,1545545,89314,5.8,0,0,0.0,1007,471,49,4.56,2.89,1.64,2.66,2459,1
2026-05-17 04:09:48,1.0,9.67,10.68,11.23,1545545,89274,5.8,0,0,0.0,1007,471,49,7.88,2.76,2.85,3.75,2467,1
2026-05-17 04:10:49,3.0,9.54,10.51,11.14,1545545,89274,5.8,0,0,0.0,1007,471,49,7.21,2.69,0.87,1.98,2470,25
2026-05-17 04:11:49,2.1,11.53,10.83,11.20,1545545,89266,5.8,0,0,0.0,1007,471,49,4.75,2.68,12.04,13.23,2469,4
2026-05-17 04:12:49,2.2,10.49,10.67,11.13,1545545,89237,5.8,0,0,0.0,1007,471,49,3.92,2.95,2.20,3.24,2468,3
2026-05-17 04:13:50,2.3,11.95,11.03,11.22,1545545,89235,5.8,0,0,0.0,1007,471,49,3.64,2.90,6.16,7.36,2480,1
2026-05-17 04:14:50,1.1,10.84,10.89,11.16,1545545,89313,5.8,0,0,0.0,1007,471,49,5.88,2.77,7.23,7.80,2466,1
2026-05-17 04:15:50,1.1,10.89,10.91,11.15,1545545,89294,5.8,0,0,0.0,1007,471,49,10.69,2.80,2.45,3.46,2469,9
2026-05-17 04:16:51,1.0,10.32,10.75,11.08,1545545,89286,5.8,0,0,0.0,1007,471,49,7.30,3.18,3.30,4.29,2470,2
2026-05-17 04:17:51,2.4,10.98,10.91,11.11,1545545,89304,5.8,0,0,0.0,1007,471,49,6.91,2.86,8.54,9.23,2475,11
2026-05-17 04:18:51,1.9,11.21,11.03,11.14,1545545,89296,5.8,0,0,0.0,1007,471,49,5.73,2.89,8.11,9.20,2460,2
2026-05-17 04:19:52,1.5,10.36,10.84,11.07,1545545,89244,5.8,0,0,0.0,1007,471,49,3.36,2.69,1.52,2.56,2450,3
2026-05-17 04:20:52,1.9,10.88,10.87,11.06,1545545,89364,5.8,0,0,0.0,1007,471,49,4.51,2.93,2.33,3.27,2452,2
2026-05-17 04:21:52,1.1,10.09,10.67,10.98,1545545,89332,5.8,0,0,0.0,1007,471,49,4.09,2.94,5.03,5.86,2447,7
2026-05-17 04:22:53,1.2,9.65,10.43,10.88,1545545,89340,5.8,0,0,0.0,1007,471,49,4.32,2.85,0.41,1.57,2450,2
2026-05-17 04:23:53,1.2,9.30,10.18,10.77,1545545,89350,5.8,0,0,0.0,1007,471,49,6.77,2.67,0.44,1.55,2458,6
2026-05-17 04:24:53,1.1,9.72,10.16,10.72,1545545,89283,5.8,0,0,0.0,1007,471,49,6.41,2.94,8.33,9.02,2465,8
2026-05-17 04:25:54,1.3,9.56,10.04,10.64,1545545,89271,5.8,0,0,0.0,1007,471,49,4.50,2.80,0.86,1.92,2464,5
2026-05-17 04:26:54,1.1,9.60,9.95,10.58,1545545,89356,5.8,0,0,0.0,1007,471,49,6.92,2.94,3.71,4.59,2466,4
2026-05-17 04:27:54,2.1,10.18,10.13,10.60,1545545,89382,5.8,0,0,0.0,1007,471,49,7.32,2.69,5.76,6.58,2466,8
2026-05-17 04:28:55,1.1,10.05,10.14,10.58,1545545,89379,5.8,0,0,0.0,1007,471,49,4.16,2.95,2.26,3.33,2464,4
2026-05-17 04:29:55,2.0,9.98,10.12,10.54,1545545,89338,5.8,0,0,0.0,1007,471,49,7.29,2.87,2.02,3.12,2467,6
2026-05-17 04:30:55,3.5,11.44,10.40,10.61,1545545,89374,5.8,0,0,0.0,1007,471,49,8.10,2.74,5.95,6.79,2458,9
2026-05-17 04:31:56,2.7,11.76,10.76,10.72,1545545,89323,5.8,0,0,0.0,1007,471,49,8.46,2.95,9.27,9.94,2462,3
2026-05-17 04:32:56,1.4,11.52,10.89,10.77,1545545,89313,5.8,0,0,0.0,1007,471,49,5.73,3.07,8.17,9.38,2467,5
2026-05-17 04:33:56,1.2,10.74,10.76,10.73,1545545,89407,5.8,0,0,0.0,1007,471,49,5.68,2.68,0.82,1.96,2460,4
2026-05-17 04:34:57,3.3,10.15,10.57,10.67,1545545,89403,5.8,0,0,0.0,1007,471,49,4.20,2.92,7.45,8.07,2456,6
2026-05-17 04:35:57,1.2,11.43,10.96,10.80,1545545,89364,5.8,0,0,0.0,1007,471,49,8.67,2.86,5.19,6.43,2465,2
2026-05-17 04:36:57,1.2,10.41,10.75,10.74,1545545,89357,5.8,0,0,0.0,1007,471,49,6.22,3.18,5.32,6.21,2460,2
2026-05-17 04:37:58,1.3,10.71,10.80,10.76,1545545,89379,5.8,0,0,0.0,1007,471,49,5.24,2.68,2.47,3.47,2457,3
2026-05-17 04:38:58,1.4,10.30,10.71,10.73,1545545,89370,5.8,0,0,0.0,1007,471,49,5.62,2.84,4.06,4.91,2469,3
2026-05-17 04:39:58,1.2,9.72,10.49,10.66,1545545,89301,5.8,0,0,0.0,1007,471,49,6.00,2.79,1.20,2.31,2478,1
2026-05-17 04:40:59,1.0,9.78,10.37,10.60,1545545,89277,5.8,0,0,0.0,1007,471,49,5.15,2.90,1.66,2.74,2469,5
2026-05-17 04:41:59,1.3,9.82,10.25,10.54,1545545,89285,5.8,0,0,0.0,1007,471,49,5.77,2.56,1.37,2.38,2471,4
2026-05-17 04:43:00,1.7,9.79,10.17,10.50,1545545,89301,5.8,0,0,0.0,1007,471,49,6.34,3.00,5.12,6.25,2486,1
2026-05-17 04:44:00,1.7,10.07,10.18,10.48,1545545,89283,5.8,0,0,0.0,1007,471,49,5.50,3.03,5.14,6.10,2488,5
2026-05-17 04:45:00,3.3,10.86,10.34,10.52,1545545,89276,5.8,0,0,0.0,1007,471,49,7.04,2.80,10.22,11.05,2480,4
2026-05-17 04:46:01,2.5,10.10,10.28,10.49,1545545,89304,5.8,0,0,0.0,1007,471,49,4.32,2.86,4.69,5.99,2483,1
2026-05-17 04:47:01,2.1,10.43,10.30,10.48,1545545,89328,5.8,0,0,0.0,1007,471,49,6.44,3.10,3.96,4.75,2489,21
2026-05-17 04:48:01,1.1,10.48,10.41,10.51,1545545,89326,5.8,0,0,0.0,1007,471,49,6.33,2.87,6.64,7.28,2476,3
2026-05-17 04:49:02,1.2,9.71,10.20,10.43,1545545,89343,5.8,0,0,0.0,1007,471,49,4.36,2.92,3.25,4.21,2463,4
2026-05-17 04:50:02,1.1,10.10,10.22,10.42,1545545,89267,5.8,0,0,0.0,1007,471,49,5.55,2.85,1.62,2.67,2465,2
2026-05-17 04:51:02,1.3,9.63,10.06,10.35,1545545,89249,5.8,0,0,0.0,1007,471,49,7.30,2.87,3.91,4.99,2469,1
2026-05-17 04:52:03,2.3,9.32,9.89,10.28,1545545,89265,5.8,0,0,0.0,1007,471,49,11.04,3.11,5.62,6.34,2471,4
2026-05-17 04:53:03,1.2,9.46,9.86,10.24,1545545,89338,5.8,0,0,0.0,1007,471,49,5.51,2.79,5.33,6.14,2468,1
2026-05-17 04:54:03,1.0,10.21,9.97,10.25,1545545,89345,5.8,0,0,0.0,1007,471,49,6.96,2.86,6.02,6.69,2462,2
2026-05-17 04:55:04,1.5,10.35,10.01,10.24,1545545,89308,5.8,0,0,0.0,1007,471,49,6.65,2.81,3.86,5.16,2458,5
2026-05-17 04:56:04,1.9,9.50,9.81,10.16,1545545,89306,5.8,0,0,0.0,1007,471,49,7.07,2.74,0.44,1.57,2461,4
2026-05-17 04:57:04,1.3,9.57,9.77,10.12,1545545,89280,5.8,0,0,0.0,1007,471,49,14.64,2.95,0.51,1.55,2465,8
2026-05-17 04:58:05,2.0,9.77,9.78,10.10,1545545,89311,5.8,0,0,0.0,1007,471,49,8.91,2.89,0.68,1.85,2466,3
2026-05-17 04:59:05,1.4,11.56,10.35,10.27,1545545,89362,5.8,0,0,0.0,1007,471,49,6.21,3.05,6.68,7.39,2470,4
2026-05-17 05:00:05,1.1,14.13,11.35,10.63,1545545,89328,5.8,0,0,0.0,1007,471,49,6.69,2.75,4.42,5.30,2465,3
2026-05-17 05:01:06,1.3,15.30,12.31,11.01,1545545,89334,5.8,0,0,0.0,1007,471,49,4.75,39.61,6.04,6.73,2450,1
2026-05-17 05:02:06,1.4,16.23,13.21,11.40,1545545,89324,5.8,0,0,0.0,1007,471,49,4.82,2.71,7.40,8.49,2452,2
2026-05-17 05:03:06,1.4,14.07,13.12,11.48,1545545,89327,5.8,0,0,0.0,1007,471,49,8.36,3.05,5.30,6.19,2462,7
2026-05-17 05:04:07,2.8,13.35,13.21,11.62,1545545,89318,5.8,0,0,0.0,1007,471,49,6.10,2.73,8.45,8.86,2458,7
2026-05-17 05:05:07,1.2,11.97,12.81,11.58,1545545,89360,5.8,0,0,0.0,1007,471,49,4.37,2.92,2.44,3.39,2466,4
2026-05-17 05:06:07,1.2,13.18,12.92,11.69,1545545,89356,5.8,0,0,0.0,1007,471,49,8.94,2.84,5.20,6.01,2466,3
2026-05-17 05:07:08,1.1,11.16,12.43,11.60,1545545,89363,5.8,0,0,0.0,1007,471,49,5.57,2.86,5.66,6.29,2458,2
2026-05-17 05:08:08,1.1,10.74,12.05,11.52,1545545,89364,5.8,0,0,0.0,1007,471,49,3.78,2.94,3.31,4.32,2450,5
2026-05-17 05:09:08,1.5,10.71,11.80,11.47,1545545,89371,5.8,0,0,0.0,1007,471,49,5.80,2.93,5.67,6.37,2439,2
2026-05-17 05:10:09,1.1,11.79,11.94,11.54,1545545,89268,5.8,0,0,0.0,1007,471,49,5.21,2.82,4.31,5.47,2441,5
2026-05-17 05:11:09,1.7,11.47,11.86,11.54,1545545,89294,5.8,0,0,0.0,1007,471,49,5.41,2.65,5.73,6.59,2455,4
2026-05-17 05:12:09,1.6,18.49,13.52,12.11,1545545,89420,5.8,0,0,0.0,1007,471,49,5.38,3.01,9.99,10.22,2462,4
2026-05-17 05:13:10,1.1,13.31,12.92,11.99,1545545,89404,5.8,0,0,0.0,1007,471,49,6.87,2.92,1.69,2.81,2457,2
2026-05-17 05:14:10,1.9,12.90,12.84,12.02,1545545,89399,5.8,0,0,0.0,1007,471,49,7.09,2.79,7.34,8.65,2470,6
2026-05-17 05:15:10,1.7,14.71,13.44,12.27,1545545,89392,5.8,0,0,0.0,1007,471,49,8.83,2.48,2.68,3.77,2478,4
2026-05-17 05:16:11,1.2,14.35,13.60,12.41,1545545,89314,5.8,0,0,0.0,1007,471,49,8.67,2.91,3.91,5.29,2464,3
2026-05-17 05:17:11,2.7,12.25,13.14,12.32,1545545,89344,5.8,0,0,0.0,1007,471,49,7.59,3.00,4.54,5.29,2468,3
2026-05-17 05:18:11,1.8,10.93,12.61,12.19,1545545,89445,5.8,0,0,0.0,1007,471,49,7.17,2.80,3.27,4.28,2462,2
2026-05-17 05:19:12,1.1,10.25,12.10,12.04,1545545,89421,5.8,0,0,0.0,1007,471,49,8.79,2.80,3.22,4.06,2460,2
2026-05-17 05:20:12,1.3,9.42,11.54,11.85,1545545,89375,5.8,0,0,0.0,1007,471,49,5.28,2.85,0.44,1.56,2460,2
2026-05-17 05:21:12,1.2,13.53,12.44,12.14,1545545,89380,5.8,0,0,0.0,1007,471,49,7.26,2.91,5.08,6.16,2470,4
2026-05-17 05:22:13,1.1,13.08,12.58,12.21,1545545,89372,5.8,0,0,0.0,1007,471,49,8.03,2.76,6.82,7.56,2466,6
2026-05-17 05:23:13,2.0,10.71,11.99,12.03,1545545,89397,5.8,0,0,0.0,1007,471,49,8.69,2.95,6.44,7.11,2462,2
2026-05-17 05:24:13,2.0,10.48,11.69,11.92,1545545,89471,5.8,0,0,0.0,1007,471,49,8.28,2.84,7.33,8.45,2459,6
2026-05-17 05:25:14,1.3,9.94,11.35,11.79,1545545,89410,5.8,0,0,0.0,1007,471,49,10.16,2.77,3.01,3.96,2453,2
2026-05-17 05:26:14,1.0,9.86,11.05,11.66,1545545,89316,5.8,0,0,0.0,1007,471,49,5.25,2.80,1.27,2.29,2453,1
2026-05-17 05:27:14,9.1,10.11,10.90,11.57,1545545,89355,5.8,0,0,0.0,1007,471,49,6.86,2.97,1.51,2.57,2471,7
2026-05-17 05:28:15,1.3,10.95,11.03,11.57,1545545,89348,5.8,0,0,0.0,1007,471,49,4.21,2.89,9.01,9.65,2464,1
2026-05-17 05:29:15,1.2,10.04,10.74,11.43,1545545,89211,5.8,0,0,0.0,1007,471,49,6.48,2.89,0.47,1.73,2459,7
2026-05-17 05:30:15,3.1,12.07,11.20,11.55,1545545,89217,5.8,0,0,0.0,1007,471,49,6.16,2.90,9.28,10.87,2474,4
2026-05-17 05:31:16,2.1,12.17,11.45,11.62,1545545,89327,5.8,0,0,0.0,1007,471,49,7.81,2.60,8.96,9.71,2469,4
2026-05-17 05:32:16,3.3,12.74,11.61,11.66,1545545,89346,5.8,0,0,0.0,1007,471,49,5.60,2.85,6.67,7.38,2459,6
2026-05-17 05:33:17,1.3,11.86,11.61,11.65,1545545,89330,5.8,0,0,0.0,1007,471,49,9.69,2.89,8.07,9.01,2468,2
2026-05-17 05:34:17,3.2,12.15,11.68,11.67,1545545,89331,5.8,0,0,0.0,1007,471,49,4.82,2.78,9.01,9.90,2466,5
2026-05-17 05:35:17,1.8,12.50,11.87,11.74,1545545,89265,5.8,0,0,0.0,1007,471,49,6.41,2.90,8.68,9.58,2457,4
2026-05-17 05:36:18,3.2,11.23,11.62,11.66,1545545,89271,5.8,0,0,0.0,1007,471,49,10.64,2.73,6.89,7.60,2464,4
2026-05-17 05:37:18,1.1,10.21,11.28,11.54,1545545,89322,5.8,0,0,0.0,1007,471,49,7.14,3.00,1.19,2.34,2451,1
2026-05-17 05:38:18,1.3,9.84,10.97,11.42,1545545,89332,5.8,0,0,0.0,1007,471,49,5.00,2.82,0.96,2.04,2447,3
2026-05-17 05:39:19,3.0,11.23,11.08,11.42,1545545,89369,5.8,0,0,0.0,1007,471,49,6.22,2.84,5.28,6.48,2447,18
2026-05-17 05:40:19,2.8,11.54,11.17,11.43,1545545,89359,5.8,0,0,0.0,1007,471,49,4.87,2.73,6.05,7.20,2456,4
2026-05-17 05:41:19,1.1,10.79,11.03,11.37,1545545,89264,5.8,0,0,0.0,1007,471,49,7.67,2.89,2.05,3.11,2451,4
2026-05-17 05:42:20,2.6,11.37,11.11,11.37,1545545,89322,5.8,0,0,0.0,1007,471,49,9.55,2.96,8.89,9.46,2451,3
2026-05-17 05:43:20,1.9,11.89,11.38,11.45,1545545,89373,5.8,0,0,0.0,1007,471,49,5.31,2.86,10.60,11.78,2453,2
2026-05-17 05:44:20,3.3,13.85,11.95,11.64,1545545,89397,5.8,0,0,0.0,1007,471,49,4.70,2.85,9.92,11.06,2456,5
2026-05-17 05:45:21,4.4,14.07,12.26,11.76,1545545,89360,5.8,0,0,0.0,1007,471,49,4.65,2.93,4.97,6.10,2446,6
2026-05-17 05:46:21,1.7,13.35,12.43,11.85,1545545,89339,5.8,0,0,0.0,1007,471,49,4.97,2.88,10.26,11.69,2455,7
2026-05-17 05:47:21,1.9,12.41,12.30,11.84,1545545,89350,5.8,0,0,0.0,1007,471,49,5.78,2.84,1.65,2.67,2468,3
2026-05-17 05:48:22,2.1,12.63,12.39,11.90,1545545,89299,5.8,0,0,0.0,1007,471,49,6.34,2.89,3.06,3.95,2479,9
2026-05-17 05:49:22,1.8,12.40,12.46,11.96,1545545,89280,5.8,0,0,0.0,1007,471,49,4.94,2.88,11.17,12.07,2487,3
2026-05-17 05:50:22,1.0,11.13,12.07,11.86,1545545,89353,5.8,0,0,0.0,1007,471,49,3.36,2.66,4.55,5.36,2481,2
2026-05-17 05:51:23,1.2,10.92,11.82,11.79,1545545,89355,5.8,0,0,0.0,1007,471,49,7.45,2.98,4.80,5.60,2476,3
2026-05-17 05:52:23,1.1,11.94,11.85,11.79,1545545,89388,5.8,0,0,0.0,1007,471,49,5.07,2.53,0.83,1.92,2472,3
2026-05-17 05:53:23,1.1,10.28,11.37,11.63,1545545,89369,5.8,0,0,0.0,1007,471,49,8.52,2.82,0.86,1.92,2452,3
2026-05-17 05:54:24,1.6,10.65,11.28,11.58,1545545,89359,5.8,0,0,0.0,1007,471,49,5.62,2.75,5.32,6.16,2462,7
2026-05-17 05:55:24,4.4,10.61,11.21,11.54,1545545,89337,5.8,0,0,0.0,1007,471,49,6.80,2.89,5.80,7.15,2462,4
2026-05-17 05:56:24,2.1,12.14,11.50,11.62,1545545,89433,5.8,0,0,0.0,1007,471,49,5.34,3.07,11.01,12.42,2459,4
2026-05-17 05:57:25,1.1,11.89,11.70,11.69,1545545,89422,5.8,0,0,0.0,1007,471,49,4.87,2.75,4.38,5.59,2456,4
2026-05-17 05:58:25,1.1,10.26,11.28,11.54,1545545,89412,5.8,0,0,0.0,1007,471,49,6.00,2.78,0.46,1.63,2465,5
2026-05-17 05:59:25,2.1,10.60,11.16,11.49,1545545,89392,5.8,0,0,0.0,1007,471,49,5.04,3.10,7.21,7.87,2454,5
2026-05-17 06:00:26,1.8,10.38,11.02,11.42,1545545,89364,5.8,0,0,0.0,1007,471,49,5.70,2.81,6.95,7.54,2455,4
2026-05-17 06:01:26,1.4,10.44,10.90,11.35,1545545,89320,5.8,0,0,0.0,1007,471,49,8.23,37.32,2.36,3.42,2450,3
2026-05-17 06:02:26,1.3,22.51,13.73,12.26,1545545,89424,5.8,0,0,0.0,1007,471,49,4.72,2.64,3.20,4.16,2456,5
2026-05-17 06:03:27,1.6,17.81,14.26,12.56,1545545,89445,5.8,0,0,0.0,1007,471,49,5.68,2.88,10.39,10.64,2472,2
2026-05-17 06:04:27,1.0,12.26,13.32,12.34,1545545,89425,5.8,0,0,0.0,1007,471,49,6.09,3.00,1.01,2.18,2477,2
2026-05-17 06:05:27,1.7,12.17,13.14,12.34,1545545,89369,5.8,0,0,0.0,1007,471,49,4.80,2.85,4.84,5.67,2472,7
2026-05-17 06:06:28,1.2,10.98,12.65,12.22,1545545,89366,5.8,0,0,0.0,1007,471,49,8.22,2.75,7.24,7.76,2464,3
2026-05-17 06:07:28,1.1,10.68,12.26,12.11,1545545,89328,5.8,0,0,0.0,1007,471,49,7.61,2.96,1.22,2.32,2456,1
2026-05-17 06:08:28,3.1,10.85,12.02,12.04,1545545,89353,5.8,0,0,0.0,1007,471,49,3.59,2.83,3.61,4.85,2450,8
2026-05-17 06:09:29,1.3,10.73,11.83,11.97,1545545,89424,5.8,0,0,0.0,1007,471,49,7.07,2.88,7.32,8.67,2441,1
2026-05-17 06:10:29,1.5,10.21,11.47,11.84,1545545,89400,5.8,0,0,0.0,1007,471,49,5.11,2.84,0.83,1.92,2442,4
2026-05-17 06:11:30,2.2,10.40,11.33,11.77,1545545,89410,5.8,0,0,0.0,1007,471,49,4.62,2.98,1.65,2.64,2450,5
2026-05-17 06:12:30,1.8,10.34,11.15,11.68,1545545,89388,5.8,0,0,0.0,1007,471,49,8.04,2.80,2.22,3.19,2446,2
2026-05-17 06:13:30,1.9,10.30,11.00,11.59,1545545,89271,5.8,0,0,0.0,1007,471,49,7.15,2.69,8.41,8.96,2447,11
2026-05-17 06:14:31,1.2,10.44,10.97,11.55,1545545,89217,5.8,0,0,0.0,1007,471,49,3.60,2.91,3.56,4.54,2452,3
2026-05-17 06:15:31,1.2,10.43,10.87,11.48,1545545,89320,5.8,0,0,0.0,1007,471,49,8.94,2.96,2.79,3.78,2459,4
2026-05-17 06:16:31,2.2,10.05,10.63,11.35,1545545,89313,5.8,0,0,0.0,1007,471,49,8.87,2.60,3.91,4.99,2451,4
2026-05-17 06:17:32,1.3,9.93,10.47,11.25,1545545,89335,5.8,0,0,0.0,1007,471,49,3.90,2.90,3.66,4.54,2468,1
2026-05-17 06:18:32,1.1,9.94,10.37,11.16,1545545,89284,5.8,0,0,0.0,1007,471,49,7.46,2.84,0.47,1.56,2451,3
2026-05-17 06:19:32,1.6,12.94,11.06,11.34,1545545,89253,5.8,0,0,0.0,1007,471,49,7.44,2.90,7.65,8.39,2464,6
2026-05-17 06:20:33,1.2,18.02,12.81,11.92,1545545,89259,5.8,0,0,0.0,1007,471,49,8.81,2.75,6.45,7.96,2474,2
2026-05-17 06:21:33,2.0,12.89,12.26,11.78,1545545,89358,5.8,0,0,0.0,1007,471,49,10.30,2.93,2.71,3.68,2468,9
2026-05-17 06:22:33,3.0,12.12,12.12,11.77,1545545,89376,5.8,0,0,0.0,1007,471,49,5.97,2.91,8.60,10.27,2471,6
2026-05-17 06:23:34,1.1,11.60,12.01,11.75,1545545,89351,5.8,0,0,0.0,1007,471,49,4.86,2.72,9.90,11.24,2472,3
2026-05-17 06:24:34,1.6,11.00,11.74,11.68,1545545,89323,5.8,0,0,0.0,1007,471,49,9.44,2.86,6.10,6.91,2457,5
2026-05-17 06:25:34,1.2,10.24,11.41,11.56,1545545,89283,5.8,0,0,0.0,1007,471,49,6.48,2.78,2.01,3.00,2448,3
2026-05-17 06:26:35,1.3,11.31,11.51,11.59,1545545,89219,5.8,0,0,0.0,1007,471,49,4.34,3.09,4.25,5.57,2447,4
2026-05-17 06:27:35,1.6,11.53,11.52,11.58,1545545,89311,5.8,0,0,0.0,1007,471,49,6.81,2.88,7.88,8.78,2460,3
2026-05-17 06:28:35,1.2,10.54,11.24,11.48,1545545,89398,5.8,0,0,0.0,1007,471,49,6.41,2.74,3.28,4.22,2464,2
2026-05-17 06:29:36,1.1,10.47,11.10,11.42,1545545,89361,5.8,0,0,0.0,1007,471,49,6.35,2.96,1.67,2.76,2473,3
2026-05-17 06:30:36,1.9,11.57,11.31,11.47,1545545,89371,5.8,0,0,0.0,1007,471,49,11.34,3.07,5.46,6.23,2476,4
2026-05-17 06:31:36,1.1,10.46,11.04,11.37,1545545,89305,5.8,0,0,0.0,1007,471,49,8.68,2.81,2.58,3.57,2482,1
2026-05-17 06:32:37,1.0,9.95,10.80,11.26,1545545,89276,5.8,0,0,0.0,1007,471,49,6.02,2.86,1.59,2.65,2458,4
2026-05-17 06:33:37,1.2,9.64,10.56,11.15,1545545,89273,5.8,0,0,0.0,1007,471,49,6.19,2.81,2.44,3.39,2453,5
2026-05-17 06:34:37,1.8,10.01,10.49,11.09,1545545,89415,5.8,0,0,0.0,1007,471,49,5.94,2.80,8.15,8.44,2451,2
2026-05-17 06:35:38,1.0,9.73,10.32,10.99,1545545,89344,5.8,0,0,0.0,1007,471,49,5.56,2.93,0.49,1.74,2448,3
2026-05-17 06:36:38,1.1,10.54,10.48,11.00,1545545,89328,5.8,0,0,0.0,1007,471,49,5.06,3.13,4.85,5.60,2448,3
2026-05-17 06:37:38,1.1,10.77,10.54,10.99,1545545,89353,5.8,0,0,0.0,1007,471,49,8.39,2.80,6.58,7.77,2445,3
2026-05-17 06:38:39,2.1,9.95,10.36,10.90,1545545,89355,5.8,0,0,0.0,1007,471,49,8.27,2.67,2.69,3.65,2451,7
2026-05-17 06:39:39,1.0,10.40,10.44,10.89,1545545,89293,5.8,0,0,0.0,1007,471,49,9.16,2.85,7.55,8.85,2457,2
2026-05-17 06:40:39,2.0,10.47,10.43,10.86,1545545,89465,5.8,0,0,0.0,1007,471,49,7.33,3.04,3.61,4.75,2457,2
2026-05-17 06:41:40,1.9,11.34,10.66,10.91,1545545,89407,5.8,0,0,0.0,1007,471,49,7.64,2.80,3.46,4.30,2457,4
2026-05-17 06:42:40,1.2,10.09,10.43,10.81,1545545,89387,5.8,0,0,0.0,1007,471,49,6.46,2.91,1.01,2.20,2465,2
2026-05-17 06:43:40,1.3,10.58,10.52,10.82,1545545,89399,5.8,0,0,0.0,1007,471,49,4.84,2.75,6.42,7.08,2453,1
2026-05-17 06:44:41,1.4,15.58,11.78,11.23,1545545,89380,5.8,0,0,0.0,1007,471,49,4.72,2.54,6.94,8.29,2455,1
2026-05-17 06:45:41,2.5,17.32,12.91,11.65,1545545,89335,5.8,0,0,0.0,1007,471,49,5.30,2.90,8.74,10.26,2460,3
2026-05-17 06:46:41,1.2,16.39,13.49,11.93,1545545,89434,5.8,0,0,0.0,1007,471,49,6.18,3.01,7.81,8.24,2466,6
2026-05-17 06:47:42,3.3,15.55,13.60,12.05,1545545,89464,5.8,0,0,0.0,1007,471,49,8.72,2.76,3.99,4.99,2476,4
2026-05-17 06:48:42,3.1,19.57,15.09,12.66,1545545,89450,5.8,0,0,0.0,1007,471,49,9.55,2.91,11.12,12.35,2479,5
2026-05-17 06:49:42,1.7,15.19,14.57,12.63,1545545,89434,5.8,0,0,0.0,1007,471,49,7.25,2.69,5.40,6.08,2467,6
2026-05-17 06:50:43,0.9,12.89,14.05,12.57,1545545,89375,5.8,0,0,0.0,1007,471,49,8.21,2.98,6.06,6.80,2455,4
2026-05-17 06:51:43,1.7,12.38,13.69,12.54,1545545,89389,5.8,0,0,0.0,1007,471,49,13.31,2.86,4.52,5.28,2460,7
2026-05-17 06:52:43,1.1,11.85,13.39,12.51,1545545,89347,5.8,0,0,0.0,1007,471,49,6.33,2.84,7.04,7.79,2455,1
2026-05-17 06:53:44,3.5,12.72,13.26,12.52,1545545,89476,5.8,0,0,0.0,1007,471,49,8.98,2.87,8.92,10.10,2463,24
2026-05-17 06:54:44,1.0,12.14,13.11,12.52,1545545,89430,5.8,0,0,0.0,1007,471,49,6.89,2.66,4.80,5.73,2477,1
2026-05-17 06:55:44,1.9,12.28,12.88,12.47,1545545,89442,5.8,0,0,0.0,1007,471,49,6.33,2.96,4.70,5.55,2485,7
2026-05-17 06:56:45,1.0,11.35,12.54,12.38,1545545,89394,5.8,0,0,0.0,1007,471,49,7.20,3.05,7.48,8.04,2473,1
2026-05-17 06:57:45,1.0,10.45,12.05,12.22,1545545,89287,5.8,0,0,0.0,1007,471,49,8.76,2.83,2.79,3.83,2468,3
2026-05-17 06:58:46,1.1,10.94,11.87,12.15,1545545,89249,5.8,0,0,0.0,1007,471,49,5.55,2.72,2.04,3.01,2469,2
2026-05-17 06:59:46,1.2,12.98,12.29,12.27,1545545,89348,5.8,0,0,0.0,1007,471,49,9.20,2.93,6.62,7.81,2461,2
2026-05-17 07:00:46,1.5,11.86,12.11,12.21,1545545,89306,5.8,0,0,0.0,1007,471,49,6.43,3.10,5.31,6.15,2454,4
2026-05-17 07:01:47,1.0,10.74,11.83,12.11,1545545,89284,5.8,0,0,0.0,1007,471,49,6.50,37.05,4.84,5.58,2460,3
2026-05-17 07:02:47,0.9,10.33,11.56,12.00,1545545,89300,5.8,0,0,0.0,1007,471,49,8.08,2.93,4.40,5.17,2457,3
2026-05-17 07:03:47,1.8,11.36,11.55,11.97,1545545,89304,5.8,0,0,0.0,1007,471,49,9.01,2.84,1.92,2.94,2448,3
2026-05-17 07:04:48,1.3,10.67,11.36,11.88,1545545,89219,5.8,0,0,0.0,1007,471,49,3.30,2.76,6.16,6.79,2447,3
2026-05-17 07:05:48,1.1,10.44,11.13,11.77,1545545,89325,5.8,0,0,0.0,1007,471,49,5.35,2.92,3.27,4.33,2461,5
2026-05-17 07:06:48,0.9,9.69,10.81,11.62,1545545,89333,5.8,0,0,0.0,1007,471,49,7.91,3.10,2.04,3.02,2458,2
2026-05-17 07:07:49,1.6,10.80,10.89,11.59,1545545,89349,5.8,0,0,0.0,1007,471,49,5.76,2.82,2.43,3.41,2458,1
2026-05-17 07:08:49,1.1,10.22,10.71,11.48,1545545,89340,5.8,0,0,0.0,1007,471,49,7.34,2.67,0.86,1.93,2453,3
2026-05-17 07:09:49,1.0,9.87,10.58,11.39,1545545,89278,5.8,0,0,0.0,1007,471,49,6.29,2.75,2.03,3.02,2454,3
2026-05-17 07:10:50,1.7,9.80,10.40,11.28,1545545,89262,5.8,0,0,0.0,1007,471,49,5.82,3.11,0.54,1.75,2452,3
2026-05-17 07:11:50,2.8,11.35,10.80,11.36,1545545,89284,5.8,0,0,0.0,1007,471,49,7.53,2.47,9.35,9.90,2472,4
2026-05-17 07:12:50,1.2,11.12,10.85,11.34,1545545,89376,5.8,0,0,0.0,1007,471,49,5.65,2.83,7.76,8.49,2484,3
2026-05-17 07:13:51,1.4,10.94,10.85,11.31,1545545,89361,5.8,0,0,0.0,1007,471,49,7.12,2.87,2.86,3.74,2484,6
2026-05-17 07:14:51,1.0,12.83,11.31,11.43,1545545,89356,5.8,0,0,0.0,1007,471,49,8.50,2.99,1.62,2.65,2477,6
2026-05-17 07:15:51,1.4,12.86,11.51,11.48,1545545,89336,5.8,0,0,0.0,1007,471,49,8.62,2.78,7.49,8.58,2469,1
2026-05-17 07:16:52,3.1,12.25,11.56,11.50,1545545,89312,5.8,0,0,0.0,1007,471,49,5.94,3.02,7.53,8.50,2444,4
2026-05-17 07:17:52,1.5,11.35,11.47,11.48,1545545,89336,5.8,0,0,0.0,1007,471,49,8.11,2.84,3.61,4.60,2451,3
2026-05-17 07:18:52,0.9,12.14,11.60,11.52,1545545,89413,5.8,0,0,0.0,1007,471,49,8.80,2.84,4.90,6.29,2449,2
2026-05-17 07:19:53,4.0,10.03,11.08,11.34,1545545,89342,5.8,0,0,0.0,1007,471,49,7.18,2.81,0.44,1.57,2471,4
2026-05-17 07:20:53,2.6,16.58,12.22,11.69,1545545,89371,5.8,0,0,0.0,1007,471,49,6.18,2.82,1.28,2.33,2470,2
2026-05-17 07:21:53,1.2,12.78,11.93,11.62,1545545,89337,5.8,0,0,0.0,1007,471,49,8.87,3.02,4.87,5.70,2461,1
2026-05-17 07:22:54,1.9,10.96,11.55,11.51,1545545,89320,5.8,0,0,0.0,1007,471,49,8.75,2.84,2.02,3.01,2464,5
2026-05-17 07:23:54,1.3,10.43,11.27,11.41,1545545,89334,5.8,0,0,0.0,1007,471,49,10.02,2.76,0.41,1.53,2471,4
2026-05-17 07:24:54,1.2,10.87,11.30,11.42,1545545,89408,5.8,0,0,0.0,1007,471,49,9.22,2.75,4.07,4.86,2451,2
2026-05-17 07:25:55,1.1,10.81,11.20,11.37,1545545,89383,5.8,0,0,0.0,1007,471,49,5.50,2.94,6.02,6.87,2453,4
2026-05-17 07:26:55,2.3,10.91,11.10,11.32,1545545,89414,5.8,0,0,0.0,1007,471,49,10.59,2.98,6.68,7.93,2461,10
2026-05-17 07:27:55,2.5,10.16,10.87,11.23,1545545,89407,5.8,0,0,0.0,1007,471,49,8.46,2.69,4.42,5.30,2462,2
2026-05-17 07:28:56,1.6,10.37,10.81,11.18,1545545,89425,5.8,0,0,0.0,1007,471,49,5.10,2.93,5.21,5.98,2461,4
2026-05-17 07:29:56,1.6,10.67,10.80,11.16,1545545,89325,5.8,0,0,0.0,1007,471,49,5.73,3.11,1.65,2.67,2461,2
2026-05-17 07:30:56,1.2,10.21,10.67,11.09,1545545,89329,5.8,0,0,0.0,1007,471,49,6.46,2.73,2.09,2.99,2457,2
2026-05-17 07:31:57,1.7,11.38,10.93,11.15,1545545,89418,5.8,0,0,0.0,1007,471,49,4.83,2.95,2.07,3.19,2446,1
2026-05-17 07:32:57,1.3,12.23,11.25,11.25,1545545,89457,5.8,0,0,0.0,1007,471,49,5.32,2.70,4.76,5.68,2441,4
2026-05-17 07:33:57,2.5,11.21,11.13,11.21,1545545,89462,5.8,0,0,0.0,1007,471,49,5.80,2.84,7.52,8.16,2447,10
2026-05-17 07:34:58,2.1,12.31,11.49,11.33,1545545,89434,5.8,0,0,0.0,1007,471,49,5.78,2.75,10.79,11.57,2455,4
2026-05-17 07:35:58,3.2,13.26,11.83,11.45,1545545,89405,5.8,0,0,0.0,1007,471,49,6.14,2.86,6.00,7.04,2452,5
2026-05-17 07:36:58,1.4,12.53,12.04,11.56,1545545,89360,5.8,0,0,0.0,1007,471,49,10.00,3.14,4.66,5.80,2464,2
2026-05-17 07:37:59,1.2,12.05,12.04,11.59,1545545,89476,5.8,0,0,0.0,1007,471,49,7.85,2.86,5.38,6.73,2469,3
2026-05-17 07:38:59,3.4,11.80,11.93,11.58,1545545,89495,5.8,0,0,0.0,1007,471,49,5.15,2.82,6.21,7.03,2470,4
2026-05-17 07:40:00,2.4,11.09,11.79,11.55,1545545,89448,5.8,0,0,0.0,1007,471,49,6.85,2.86,6.63,7.52,2470,2
2026-05-17 07:41:00,3.3,12.93,12.09,11.67,1545545,89447,5.8,0,0,0.0,1007,471,49,6.35,2.84,8.75,9.95,2465,5
2026-05-17 07:42:00,1.4,12.72,12.23,11.75,1545545,89420,5.8,0,0,0.0,1007,471,49,8.85,3.07,10.56,12.09,2465,2
2026-05-17 07:43:01,2.2,10.77,11.79,11.62,1545545,89432,5.8,0,0,0.0,1007,471,49,4.82,2.68,1.23,2.28,2462,2
2026-05-17 07:44:01,1.5,10.86,11.60,11.57,1545545,89379,5.8,0,0,0.0,1007,471,49,5.37,2.96,5.41,6.64,2459,5
2026-05-17 07:45:01,1.8,10.80,11.46,11.52,1545545,89335,5.8,0,0,0.0,1007,471,49,6.98,2.95,5.15,6.05,2472,2
2026-05-17 07:46:02,2.0,9.99,11.14,11.41,1545545,89355,5.8,0,0,0.0,1007,471,49,4.68,2.86,2.74,3.62,2476,4
2026-05-17 07:47:02,1.5,10.31,11.03,11.35,1545545,89326,5.8,0,0,0.0,1007,471,49,5.98,2.95,1.02,2.19,2472,1
2026-05-17 07:48:02,1.2,10.39,10.89,11.28,1545545,89337,5.8,0,0,0.0,1007,471,49,8.79,2.87,0.46,1.57,2476,4
2026-05-17 07:49:03,1.4,9.90,10.67,11.18,1545545,89308,5.8,0,0,0.0,1007,471,49,7.08,2.90,0.44,1.60,2466,1
2026-05-17 07:50:03,1.2,10.39,10.60,11.12,1545545,89267,5.8,0,0,0.0,1007,471,49,7.78,2.34,2.04,3.00,2467,5
2026-05-17 07:51:03,1.4,10.43,10.54,11.06,1545545,89364,5.8,0,0,0.0,1007,471,49,7.92,2.84,7.25,7.78,2466,2
2026-05-17 07:52:04,1.2,10.40,10.57,11.04,1545545,89341,5.8,0,0,0.0,1007,471,49,4.59,3.04,2.48,3.58,2468,6
2026-05-17 07:53:04,1.3,11.25,10.80,11.09,1545545,89375,5.8,0,0,0.0,1007,471,49,4.87,2.84,6.19,7.53,2465,2
2026-05-17 07:54:04,1.1,10.25,10.58,10.99,1545545,89367,5.8,0,0,0.0,1007,471,49,3.50,2.75,4.81,5.60,2462,7
2026-05-17 07:55:05,3.1,10.35,10.51,10.94,1545545,89335,5.8,0,0,0.0,1007,471,49,7.36,2.79,4.30,5.09,2441,3
2026-05-17 07:56:05,1.3,10.76,10.59,10.94,1545545,89318,5.8,0,0,0.0,1007,471,49,7.33,2.82,0.97,2.05,2453,1
2026-05-17 07:57:05,1.2,10.75,10.61,10.92,1545545,89394,5.8,0,0,0.0,1007,471,49,8.00,3.07,2.54,3.55,2448,4
2026-05-17 07:58:06,1.7,12.24,11.00,11.03,1545545,89421,5.8,0,0,0.0,1007,471,49,8.28,2.87,8.82,10.31,2458,2
2026-05-17 07:59:06,1.3,11.02,10.87,10.98,1545545,89369,5.8,0,0,0.0,1007,471,49,6.35,2.90,1.67,2.67,2461,1
2026-05-17 08:00:06,1.9,10.86,10.85,10.97,1545545,89392,5.8,0,0,0.0,1007,471,49,4.33,2.98,0.96,2.04,2465,8
2026-05-17 08:01:07,2.6,12.97,11.48,11.18,1545545,89361,5.8,0,0,0.0,1007,471,49,8.41,37.07,8.44,9.64,2466,9
2026-05-17 08:02:07,1.1,11.65,11.42,11.18,1545545,89348,5.8,0,0,0.0,1007,471,49,9.78,3.04,2.44,3.42,2481,1
2026-05-17 08:03:07,1.3,10.45,11.14,11.10,1545545,89418,5.8,0,0,0.0,1007,471,49,7.56,2.92,3.27,4.27,2473,3
2026-05-17 08:04:08,1.7,10.91,11.13,11.10,1545545,89430,5.8,0,0,0.0,1007,471,49,8.96,2.64,2.45,3.38,2475,4
2026-05-17 08:05:08,1.3,11.18,11.13,11.10,1545545,89370,5.8,0,0,0.0,1007,471,49,8.17,2.86,0.47,1.56,2471,2
2026-05-17 08:06:08,1.1,12.67,11.67,11.29,1545545,89376,5.8,0,0,0.0,1007,471,49,7.71,2.84,9.58,11.10,2480,5
2026-05-17 08:07:09,1.3,10.85,11.30,11.18,1545545,89364,5.8,0,0,0.0,1007,471,49,8.50,3.03,1.25,2.27,2449,1
2026-05-17 08:08:09,1.3,10.03,10.99,11.08,1545545,89305,5.8,0,0,0.0,1007,471,49,3.87,2.78,0.51,1.72,2450,5
2026-05-17 08:09:09,1.4,9.87,10.79,11.01,1545545,89351,5.8,0,0,0.0,1007,471,49,4.67,2.97,6.42,7.03,2462,6
2026-05-17 08:10:10,3.4,12.24,11.32,11.18,1545545,89420,5.8,0,0,0.0,1007,471,49,6.21,2.90,11.75,12.44,2465,6
2026-05-17 08:11:10,1.1,11.87,11.41,11.22,1545545,89406,5.8,0,0,0.0,1007,471,49,5.03,2.62,5.45,6.80,2460,5
2026-05-17 08:12:10,1.2,10.80,11.24,11.17,1545545,89432,5.8,0,0,0.0,1007,471,49,7.61,2.93,4.46,5.36,2486,6
2026-05-17 08:13:11,1.2,10.43,11.03,11.10,1545545,89422,5.8,0,0,0.0,1007,471,49,3.89,2.71,0.50,1.72,2460,2
2026-05-17 08:14:11,1.7,9.90,10.78,11.01,1545545,89391,5.8,0,0,0.0,1007,471,49,3.71,2.92,3.63,4.49,2458,1
2026-05-17 08:15:11,1.0,9.33,10.45,10.88,1545545,89358,5.8,0,0,0.0,1007,471,49,6.86,2.84,1.26,2.28,2465,3
2026-05-17 08:16:12,1.3,10.61,10.54,10.88,1545545,89438,5.8,0,0,0.0,1007,471,49,7.70,2.69,5.66,6.29,2454,4
2026-05-17 08:17:12,1.3,9.96,10.35,10.79,1545545,89450,5.8,0,0,0.0,1007,471,49,6.43,3.12,2.46,3.38,2443,3
2026-05-17 08:18:12,1.2,10.01,10.31,10.76,1545545,89472,5.8,0,0,0.0,1007,471,49,8.73,2.95,1.26,2.48,2469,1
2026-05-17 08:19:13,3.1,9.59,10.15,10.67,1545545,89440,5.8,0,0,0.0,1007,471,49,7.72,2.75,0.82,1.95,2460,2
2026-05-17 08:20:13,2.2,9.57,10.03,10.60,1545545,89419,5.8,0,0,0.0,1007,471,49,7.57,2.69,2.38,3.33,2462,6
2026-05-17 08:21:13,1.1,9.52,9.97,10.54,1545545,89368,5.8,0,0,0.0,1007,471,49,9.09,2.88,2.07,3.25,2464,3
2026-05-17 08:22:14,3.2,10.38,10.08,10.54,1545545,89464,5.8,0,0,0.0,1007,471,49,8.89,2.89,3.27,4.44,2463,7
2026-05-17 08:23:14,1.2,10.06,10.11,10.52,1545545,89464,5.8,0,0,0.0,1007,471,49,4.47,2.81,3.29,4.92,2458,4
2026-05-17 08:24:14,1.3,10.22,10.15,10.51,1545545,89490,5.8,0,0,0.0,1007,471,49,7.70,2.85,6.29,7.33,2460,1
2026-05-17 08:25:15,1.9,10.76,10.28,10.53,1545545,89440,5.8,0,0,0.0,1007,471,49,6.40,2.84,1.81,2.80,2450,2
2026-05-17 08:26:15,1.1,10.58,10.28,10.51,1545545,89435,5.8,0,0,0.0,1007,471,49,6.48,2.86,2.32,3.33,2456,3
2026-05-17 08:27:15,1.6,10.26,10.24,10.49,1545545,89378,5.8,0,0,0.0,1007,471,49,7.78,2.54,4.08,4.88,2455,6
2026-05-17 08:28:16,1.7,10.44,10.30,10.49,1545545,89396,5.8,0,0,0.0,1007,471,49,7.24,2.91,7.69,8.38,2468,10
2026-05-17 08:29:16,1.6,9.93,10.16,10.43,1545545,89523,5.8,0,0,0.0,1007,471,49,5.66,3.02,3.62,4.45,2454,7
2026-05-17 08:30:17,2.2,11.72,10.55,10.54,1545545,89462,5.8,0,0,0.0,1007,471,49,11.75,2.84,7.76,8.31,2457,8
2026-05-17 08:31:17,1.2,12.15,10.96,10.69,1545545,89331,5.8,0,0,0.0,1007,471,49,9.27,2.73,5.10,5.78,2460,7
2026-05-17 08:32:17,1.4,15.20,12.01,11.06,1545545,89348,5.8,0,0,0.0,1007,471,49,5.64,2.84,6.70,7.73,2455,1
2026-05-17 08:33:18,1.4,13.69,12.31,11.24,1545545,89264,5.8,0,0,0.0,1007,471,49,7.75,3.13,2.91,3.90,2452,1
2026-05-17 08:34:18,1.3,14.47,12.65,11.41,1545545,89291,5.8,0,0,0.0,1007,471,49,6.37,2.62,3.57,4.60,2462,4
2026-05-17 08:35:18,1.7,16.53,13.55,11.79,1545545,89353,5.8,0,0,0.0,1007,471,49,4.25,2.89,6.61,7.74,2472,1
2026-05-17 08:36:19,1.4,12.77,12.99,11.71,1545545,89347,5.8,0,0,0.0,1007,471,49,6.09,2.85,1.62,2.66,2474,5
2026-05-17 08:37:19,1.5,11.16,12.50,11.62,1545545,89363,5.8,0,0,0.0,1007,471,49,5.62,2.79,2.88,3.78,2479,2
2026-05-17 08:38:19,1.2,12.57,12.63,11.72,1545545,89327,5.8,0,0,0.0,1007,471,49,5.24,2.96,5.70,6.73,2480,3
2026-05-17 08:39:20,2.7,11.37,12.26,11.65,1545545,89334,5.8,0,0,0.0,1007,471,49,7.18,3.01,2.54,3.49,2475,4
2026-05-17 08:40:20,1.3,10.69,11.92,11.57,1545545,89313,5.8,0,0,0.0,1007,471,49,4.84,2.80,4.66,5.50,2479,4
2026-05-17 08:41:20,3.3,14.90,12.88,11.92,1545545,89393,5.8,0,0,0.0,1007,471,49,6.34,2.46,5.69,7.03,2471,2
2026-05-17 08:42:21,1.4,13.06,12.68,11.91,1545545,89393,5.8,0,0,0.0,1007,471,49,6.85,3.23,5.44,6.04,2470,3
2026-05-17 08:43:21,2.0,12.12,12.47,11.89,1545545,89413,5.8,0,0,0.0,1007,471,49,6.00,2.94,1.70,2.84,2475,5
2026-05-17 08:44:21,3.6,12.88,12.50,11.93,1545545,89441,5.8,0,0,0.0,1007,471,49,8.79,2.84,6.03,7.19,2487,7
2026-05-17 08:45:22,3.2,13.71,12.82,12.07,1545545,89372,5.8,0,0,0.0,1007,471,49,8.64,2.76,10.04,11.89,2481,13
2026-05-17 08:46:22,3.1,12.35,12.57,12.03,1545545,89317,5.8,0,0,0.0,1007,471,49,8.89,3.05,8.84,10.53,2476,7
2026-05-17 08:47:22,1.6,11.97,12.56,12.07,1545545,89286,5.8,0,0,0.0,1007,471,49,5.78,2.82,2.97,4.22,2479,3
2026-05-17 08:48:23,1.5,13.72,13.48,12.45,1545545,89421,5.8,0,0,0.0,1007,471,49,7.72,2.87,6.15,6.89,2475,1
2026-05-17 08:49:23,1.2,11.25,12.83,12.29,1545545,89415,5.8,0,0,0.0,1007,471,49,9.14,2.89,0.47,1.59,2457,5
2026-05-17 08:50:23,2.2,9.89,12.16,12.09,1545545,89393,5.8,0,0,0.0,1007,471,49,4.27,2.80,2.26,3.25,2459,4
2026-05-17 08:51:24,1.3,9.70,11.70,11.94,1545545,89356,5.8,0,0,0.0,1007,471,49,8.99,2.86,1.76,2.75,2457,2
2026-05-17 08:52:24,1.3,10.02,11.38,11.81,1545545,89327,5.8,0,0,0.0,1007,471,49,12.57,2.68,1.21,2.30,2463,7
2026-05-17 08:53:24,9.0,12.53,11.80,11.93,1545545,89381,5.8,0,0,0.0,1007,471,49,5.83,2.94,7.56,8.54,2473,22
2026-05-17 08:54:25,1.1,11.84,11.82,11.93,1545545,89444,5.8,0,0,0.0,1007,471,49,6.85,2.83,5.46,6.66,2474,5
2026-05-17 08:55:25,2.0,11.03,11.59,11.84,1545545,89411,5.8,0,0,0.0,1007,471,49,5.34,2.75,4.76,5.52,2472,3
2026-05-17 08:56:25,1.3,11.52,11.68,11.86,1545545,89393,5.8,0,0,0.0,1007,471,49,2.52,2.93,4.18,4.99,2467,4
2026-05-17 08:57:26,1.3,10.95,11.50,11.79,1545545,89399,5.8,0,0,0.0,1007,471,49,4.08,2.87,3.63,4.48,2461,5
2026-05-17 08:58:26,1.8,10.74,11.34,11.71,1545545,89396,5.8,0,0,0.0,1007,471,49,5.15,2.68,1.32,2.46,2468,4
2026-05-17 08:59:26,1.2,10.99,11.29,11.67,1545545,89442,5.8,0,0,0.0,1007,471,49,6.44,3.03,4.85,5.58,2472,4
2026-05-17 09:00:27,1.4,11.10,11.31,11.65,1545545,89456,5.8,0,0,0.0,1007,471,49,6.42,2.62,5.27,5.92,2482,3
2026-05-17 09:01:27,1.4,11.74,11.44,11.68,1545545,89461,5.8,0,0,0.0,1007,471,49,4.97,39.59,6.05,6.68,2483,7
2026-05-17 09:02:27,1.8,10.97,11.37,11.64,1545545,89469,5.8,0,0,0.0,1007,471,49,3.68,2.80,3.18,4.14,2485,1
2026-05-17 09:03:28,1.2,10.31,11.12,11.54,1545545,89423,5.8,0,0,0.0,1007,471,49,7.36,2.77,1.31,2.47,2471,1
2026-05-17 09:04:28,1.6,10.26,10.91,11.44,1545545,89420,5.8,0,0,0.0,1007,471,49,6.77,2.69,2.42,3.38,2465,3
2026-05-17 09:05:28,1.6,11.55,11.16,11.49,1545545,89377,5.8,0,0,0.0,1007,471,49,7.38,2.86,9.24,10.63,2466,2
2026-05-17 09:06:29,1.6,12.44,11.51,11.59,1545545,89398,5.8,0,0,0.0,1007,471,49,7.34,3.00,11.17,12.11,2472,3
2026-05-17 09:07:29,1.2,11.27,11.32,11.52,1545545,89480,5.8,0,0,0.0,1007,471,49,9.93,2.72,7.44,7.95,2464,2
2026-05-17 09:08:29,2.6,11.47,11.36,11.52,1545545,89511,5.8,0,0,0.0,1007,471,49,7.69,3.04,2.71,3.67,2467,7
2026-05-17 09:09:30,1.4,11.05,11.26,11.48,1545545,89456,5.8,0,0,0.0,1007,471,49,6.01,2.85,0.64,1.81,2473,2
2026-05-17 09:10:30,1.2,10.79,11.14,11.42,1545545,89434,5.8,0,0,0.0,1007,471,49,5.64,2.78,2.43,3.49,2469,4
2026-05-17 09:11:31,1.2,10.26,10.92,11.32,1545545,89388,5.8,0,0,0.0,1007,471,49,4.93,2.94,0.51,1.55,2451,1
2026-05-17 09:12:31,1.9,10.18,10.74,11.23,1545545,89437,5.8,0,0,0.0,1007,471,49,6.53,2.96,4.70,5.48,2463,5
2026-05-17 09:13:31,1.4,10.41,10.67,11.18,1545545,89510,5.8,0,0,0.0,1007,471,49,7.00,2.94,1.82,2.86,2460,3
2026-05-17 09:14:32,1.8,12.13,11.07,11.28,1545545,89524,5.8,0,0,0.0,1007,471,49,5.50,2.41,8.97,9.92,2446,2
2026-05-17 09:15:32,1.4,11.99,11.20,11.31,1545545,89452,5.8,0,0,0.0,1007,471,49,6.18,2.91,7.16,8.26,2455,4
2026-05-17 09:16:32,1.8,12.64,11.54,11.42,1545545,89463,5.8,0,0,0.0,1007,471,49,8.44,3.09,4.17,5.00,2469,2
2026-05-17 09:17:33,3.8,12.60,11.74,11.50,1545545,89348,5.8,0,0,0.0,1007,471,49,4.63,2.83,4.28,5.08,2465,7
2026-05-17 09:18:33,1.6,11.36,11.59,11.46,1545545,89314,5.8,0,0,0.0,1007,471,49,6.58,2.75,0.50,1.60,2472,2
2026-05-17 09:19:33,1.4,11.45,11.59,11.47,1545545,89369,5.8,0,0,0.0,1007,471,49,3.83,2.96,8.91,9.51,2465,1
2026-05-17 09:20:34,3.4,10.80,11.37,11.40,1545545,89397,5.8,0,0,0.0,1007,471,49,3.27,2.82,4.58,5.36,2470,3
2026-05-17 09:21:34,8.2,10.48,11.23,11.35,1545545,89363,5.8,0,0,0.0,1007,471,49,8.77,2.96,3.92,4.76,2477,27
2026-05-17 09:22:34,1.1,9.83,10.94,11.24,1545545,89343,5.8,0,0,0.0,1007,471,49,6.73,2.70,6.41,7.03,2475,3
2026-05-17 09:23:35,1.2,10.31,10.86,11.20,1545545,89336,5.8,0,0,0.0,1007,471,49,5.44,2.80,1.26,2.30,2482,3
2026-05-17 09:24:35,1.3,9.71,10.58,11.08,1545545,89252,5.8,0,0,0.0,1007,471,49,9.74,2.97,1.70,2.83,2482,1
2026-05-17 09:25:35,1.3,11.08,10.81,11.12,1545545,89311,5.8,0,0,0.0,1007,471,49,4.91,2.67,7.60,8.29,2479,2
2026-05-17 09:26:36,1.6,10.85,10.80,11.10,1545545,89407,5.8,0,0,0.0,1007,471,49,4.72,3.01,0.47,1.55,2467,7
2026-05-17 09:27:36,1.4,9.94,10.55,10.99,1545545,89392,5.8,0,0,0.0,1007,471,49,9.44,2.88,1.24,2.27,2464,3
2026-05-17 09:28:36,2.9,12.68,11.19,11.18,1545545,89413,5.8,0,0,0.0,1007,471,49,4.86,2.94,11.77,12.70,2468,6
2026-05-17 09:29:37,1.3,12.59,11.56,11.32,1545545,89351,5.8,0,0,0.0,1007,471,49,4.99,2.99,4.30,5.85,2459,5
2026-05-17 09:30:37,1.3,11.59,11.48,11.30,1545545,89283,5.8,0,0,0.0,1007,471,49,7.02,2.81,6.31,7.22,2453,6
2026-05-17 09:31:37,3.3,10.89,11.25,11.23,1545545,89324,5.8,0,0,0.0,1007,471,49,5.24,2.77,4.12,5.27,2456,23
2026-05-17 09:32:38,1.0,11.17,11.34,11.27,1545545,89434,5.8,0,0,0.0,1007,471,49,4.56,2.62,4.32,5.85,2451,3
2026-05-17 09:33:38,1.2,10.83,11.21,11.23,1545545,89422,5.8,0,0,0.0,1007,471,49,4.34,2.75,3.22,4.15,2456,4
2026-05-17 09:34:38,1.4,12.42,11.58,11.35,1545545,89385,5.8,0,0,0.0,1007,471,49,4.73,2.92,8.29,9.54,2459,3
2026-05-17 09:35:39,1.3,11.60,11.46,11.33,1545545,89388,5.8,0,0,0.0,1007,471,49,9.22,2.88,4.65,5.84,2466,1
2026-05-17 09:36:39,1.0,10.63,11.21,11.25,1545545,89327,5.8,0,0,0.0,1007,471,49,8.11,3.05,0.80,1.90,2459,7
2026-05-17 09:37:39,1.4,9.83,10.87,11.12,1545545,89384,5.8,0,0,0.0,1007,471,49,6.29,2.75,2.02,3.03,2469,3
2026-05-17 09:38:40,2.0,9.64,10.63,11.02,1545545,89458,5.8,0,0,0.0,1007,471,49,5.43,2.82,7.52,8.07,2458,2
2026-05-17 09:39:40,1.3,9.73,10.50,10.95,1545545,89405,5.8,0,0,0.0,1007,471,49,5.93,2.94,2.33,3.46,2451,4
2026-05-17 09:40:40,2.1,10.11,10.51,10.93,1545545,89385,5.8,0,0,0.0,1007,471,49,3.39,3.07,0.43,1.55,2457,3
2026-05-17 09:41:41,1.0,11.08,10.71,10.98,1545545,89403,5.8,0,0,0.0,1007,471,49,7.49,2.69,7.74,9.03,2465,1
2026-05-17 09:42:41,2.7,10.62,10.62,10.92,1545545,89429,5.8,0,0,0.0,1007,471,49,4.78,2.96,5.13,5.83,2467,2
2026-05-17 09:43:41,1.6,10.85,10.73,10.94,1545545,89355,5.8,0,0,0.0,1007,471,49,2.84,2.82,8.12,8.70,2471,1
2026-05-17 09:44:42,1.6,10.39,10.65,10.90,1545545,89489,5.8,0,0,0.0,1007,471,49,6.57,3.00,1.05,2.14,2475,2
2026-05-17 09:45:42,2.0,10.53,10.62,10.88,1545545,89482,5.8,0,0,0.0,1007,471,49,7.57,2.77,9.65,10.02,2459,4
2026-05-17 09:46:43,1.2,10.48,10.61,10.86,1545545,89437,5.8,0,0,0.0,1007,471,49,6.37,3.12,2.27,3.32,2474,4
2026-05-17 09:47:43,1.1,9.69,10.38,10.76,1545545,89452,5.8,0,0,0.0,1007,471,49,8.68,2.84,5.61,6.41,2471,2
2026-05-17 09:48:43,1.2,10.55,10.54,10.80,1545545,89436,5.8,0,0,0.0,1007,471,49,5.14,2.72,6.10,6.74,2460,2
2026-05-17 09:49:44,2.4,10.53,10.46,10.75,1545545,89436,5.8,0,0,0.0,1007,471,49,5.60,2.86,5.51,6.20,2463,3
2026-05-17 09:50:44,1.7,10.24,10.40,10.71,1545545,89407,5.8,0,0,0.0,1007,471,49,7.68,2.89,2.76,3.78,2460,5
2026-05-17 09:51:44,1.0,11.76,10.74,10.80,1545545,89487,5.8,0,0,0.0,1007,471,49,6.19,2.61,7.49,8.07,2451,2
2026-05-17 09:52:45,2.9,11.28,10.71,10.79,1545545,89493,5.8,0,0,0.0,1007,471,49,5.38,2.70,4.45,5.86,2454,6
2026-05-17 09:53:45,1.8,16.66,12.15,11.26,1545545,89467,5.8,0,0,0.0,1007,471,49,7.04,2.82,6.91,8.10,2465,5
2026-05-17 09:54:45,1.0,13.33,12.00,11.27,1545545,89460,5.8,0,0,0.0,1007,471,49,5.31,2.91,9.21,10.30,2450,1
2026-05-17 09:55:46,3.0,14.98,12.64,11.53,1545545,89422,5.8,0,0,0.0,1007,471,49,5.00,2.96,10.97,11.99,2451,4
2026-05-17 09:56:46,1.1,12.20,12.26,11.47,1545545,89412,5.8,0,0,0.0,1007,471,49,6.48,2.92,1.37,2.49,2462,3
2026-05-17 09:57:46,2.3,11.84,12.18,11.49,1545545,89519,5.8,0,0,0.0,1007,471,49,6.95,2.91,7.19,8.52,2460,3
2026-05-17 09:58:47,2.7,11.07,11.87,11.43,1545545,89514,5.8,0,0,0.0,1007,471,49,5.61,2.82,7.91,8.92,2458,4
2026-05-17 09:59:47,1.0,11.18,11.82,11.44,1545545,89464,5.8,0,0,0.0,1007,471,49,4.00,2.88,8.22,9.43,2473,1
2026-05-17 10:00:47,1.8,9.99,11.34,11.30,1545545,89347,5.8,0,0,0.0,1007,471,49,6.77,2.84,2.65,3.69,2476,5
2026-05-17 10:01:48,1.0,9.45,10.92,11.15,1545545,89281,5.8,0,0,0.0,1007,471,49,5.50,39.36,1.09,2.15,2463,6
2026-05-17 10:02:48,1.1,9.18,10.58,11.02,1545545,89288,5.8,0,0,0.0,1007,471,49,5.13,2.80,0.46,1.55,2457,2
2026-05-17 10:03:48,1.9,10.53,10.72,11.04,1545545,89413,5.8,0,0,0.0,1007,471,49,5.46,2.69,4.51,5.31,2460,2
2026-05-17 10:04:49,1.5,10.16,10.61,10.98,1545545,89356,5.8,0,0,0.0,1007,471,49,3.43,2.84,1.97,2.96,2442,2
2026-05-17 10:05:49,1.1,11.30,10.78,11.01,1545545,89364,5.8,0,0,0.0,1007,471,49,5.79,3.01,2.47,3.60,2452,2
2026-05-17 10:06:49,1.3,10.60,10.70,10.97,1545545,89331,5.8,0,0,0.0,1007,471,49,9.80,2.96,4.42,5.25,2462,5
2026-05-17 10:07:50,1.5,10.17,10.58,10.91,1545545,89331,5.8,0,0,0.0,1007,471,49,5.35,2.79,2.48,3.39,2463,7
2026-05-17 10:08:50,1.2,10.17,10.47,10.85,1545545,89312,5.8,0,0,0.0,1007,471,49,6.83,2.85,4.01,4.89,2465,3
2026-05-17 10:09:50,1.5,11.67,10.85,10.95,1545545,89313,5.8,0,0,0.0,1007,471,49,10.71,2.79,9.83,10.95,2463,6
2026-05-17 10:10:51,1.3,11.12,10.81,10.93,1545545,89401,5.8,0,0,0.0,1007,471,49,6.51,2.80,7.07,8.32,2447,2
2026-05-17 10:11:51,1.4,14.43,11.93,11.31,1545545,89398,5.8,0,0,0.0,1007,471,49,7.46,2.84,0.49,1.54,2450,1
2026-05-17 10:12:51,1.0,11.47,11.55,11.22,1545545,89377,5.8,0,0,0.0,1007,471,49,7.16,2.87,6.06,6.72,2478,5
2026-05-17 10:13:52,1.2,9.70,11.03,11.06,1545545,89353,5.8,0,0,0.0,1007,471,49,5.28,2.75,0.46,1.56,2475,2
2026-05-17 10:14:52,1.1,9.54,10.76,10.96,1545545,89333,5.8,0,0,0.0,1007,471,49,6.66,2.75,0.46,1.54,2470,1
2026-05-17 10:15:52,1.1,10.58,10.86,10.98,1545545,89332,5.8,0,0,0.0,1007,471,49,9.73,3.00,3.23,4.22,2475,3
2026-05-17 10:16:53,2.0,12.76,11.37,11.15,1545545,89438,5.8,0,0,0.0,1007,471,49,6.73,3.01,1.61,2.73,2480,2
2026-05-17 10:17:53,1.8,15.63,12.47,11.54,1545545,89442,5.8,0,0,0.0,1007,471,49,9.46,2.81,9.02,9.48,2455,6
2026-05-17 10:18:53,1.2,15.83,13.06,11.80,1545545,89423,5.8,0,0,0.0,1007,471,49,11.03,2.68,12.37,13.32,2454,1
2026-05-17 10:19:54,1.9,14.81,13.06,11.87,1545545,89401,5.8,0,0,0.0,1007,471,49,7.97,2.91,1.81,2.82,2458,23
2026-05-17 10:20:54,11.7,16.33,13.93,12.25,1545545,89350,5.8,0,0,0.0,1007,471,49,11.85,2.93,9.05,9.67,2454,3
2026-05-17 10:21:54,1.0,13.09,13.64,12.27,1545545,89323,5.8,0,0,0.0,1007,471,49,11.05,2.87,4.84,5.69,2461,3
2026-05-17 10:22:55,1.6,12.16,13.24,12.22,1545545,89463,5.8,0,0,0.0,1007,471,49,7.59,2.70,4.81,5.56,2456,4
2026-05-17 10:23:55,1.5,13.46,13.36,12.32,1545545,89446,5.8,0,0,0.0,1007,471,49,7.93,2.60,5.68,6.34,2465,4
2026-05-17 10:24:55,1.9,12.39,13.13,12.31,1545545,89416,5.8,0,0,0.0,1007,471,49,6.79,2.88,6.81,7.69,2457,4
2026-05-17 10:25:56,2.6,14.01,13.34,12.43,1545545,89419,5.8,0,0,0.0,1007,471,49,6.44,2.63,7.03,8.12,2467,2
2026-05-17 10:26:56,3.0,16.22,13.87,12.65,1545545,89428,5.8,0,0,0.0,1007,471,49,9.52,3.14,6.93,8.10,2461,7
2026-05-17 10:27:56,1.8,13.71,13.66,12.66,1545545,89418,5.8,0,0,0.0,1007,471,49,9.27,2.72,7.61,8.67,2468,4
2026-05-17 10:28:57,4.0,13.13,13.47,12.65,1545545,89454,5.8,0,0,0.0,1007,471,49,6.54,2.90,6.74,7.60,2464,16
2026-05-17 10:29:57,1.3,12.64,13.42,12.70,1545545,89474,5.8,0,0,0.0,1007,471,49,8.52,2.82,6.33,7.48,2476,1
2026-05-17 10:30:57,1.5,10.59,12.69,12.49,1545545,89467,5.8,0,0,0.0,1007,471,49,7.25,2.92,0.83,2.05,2475,2
2026-05-17 10:31:58,1.1,10.96,12.37,12.39,1545545,89474,5.8,0,0,0.0,1007,471,49,7.18,2.96,3.89,5.38,2474,2
2026-05-17 10:32:58,2.1,10.17,11.88,12.22,1545545,89500,5.8,0,0,0.0,1007,471,49,8.84,2.85,1.17,2.24,2475,6
2026-05-17 10:33:58,1.3,10.06,11.57,12.09,1545545,89432,5.8,0,0,0.0,1007,471,49,7.78,2.61,1.69,2.75,2470,3
2026-05-17 10:34:59,1.2,10.42,11.38,11.99,1545545,89422,5.8,0,0,0.0,1007,471,49,7.23,2.80,3.66,4.54,2454,3
2026-05-17 10:35:59,1.4,9.88,11.05,11.84,1545545,89463,5.8,0,0,0.0,1007,471,49,5.82,2.84,0.87,1.90,2450,1
2026-05-17 10:36:59,1.4,9.80,10.84,11.71,1545545,89466,5.8,0,0,0.0,1007,471,49,8.87,3.10,5.69,6.55,2451,3
2026-05-17 10:38:00,1.8,9.46,10.57,11.57,1545545,89501,5.8,0,0,0.0,1007,471,49,5.93,2.88,3.33,4.28,2475,4
2026-05-17 10:39:00,1.1,9.84,10.47,11.46,1545545,89487,5.8,0,0,0.0,1007,471,49,5.96,2.85,2.31,3.44,2482,2
2026-05-17 10:40:00,2.1,10.30,10.46,11.39,1545545,89452,5.8,0,0,0.0,1007,471,49,4.40,2.75,2.01,3.02,2480,9
2026-05-17 10:41:01,1.5,9.82,10.28,11.27,1545545,89465,5.8,0,0,0.0,1007,471,49,4.27,2.98,2.03,3.01,2482,5
2026-05-17 10:42:01,2.4,12.00,10.75,11.37,1545545,89524,5.8,0,0,0.0,1007,471,49,10.81,3.13,6.09,6.85,2478,2
2026-05-17 10:43:01,3.2,13.58,11.30,11.51,1545545,89549,5.8,0,0,0.0,1007,471,49,8.34,2.83,5.38,6.26,2459,3
2026-05-17 10:44:02,1.0,11.16,11.03,11.40,1545545,89539,5.8,0,0,0.0,1007,471,49,4.21,2.69,9.80,10.26,2460,2
2026-05-17 10:45:02,1.1,10.17,10.76,11.28,1545545,89495,5.8,0,0,0.0,1007,471,49,6.07,2.89,1.26,2.31,2469,3
2026-05-17 10:46:03,1.9,10.17,10.61,11.19,1545545,89502,5.8,0,0,0.0,1007,471,49,9.53,2.84,3.18,4.12,2474,3
2026-05-17 10:47:03,2.0,11.74,10.83,11.22,1545545,89457,5.8,0,0,0.0,1007,471,49,6.75,3.09,4.54,5.43,2474,2
2026-05-17 10:48:03,1.4,11.28,10.86,11.21,1545545,89304,5.8,0,0,0.0,1007,471,49,5.99,2.50,7.95,8.77,2481,2
2026-05-17 10:49:04,1.9,10.59,10.74,11.14,1545545,89433,5.8,0,0,0.0,1007,471,49,5.56,2.85,5.81,6.48,2483,5
2026-05-17 10:50:04,1.9,10.46,10.66,11.09,1545545,89411,5.8,0,0,0.0,1007,471,49,4.67,2.85,2.88,3.84,2470,19
2026-05-17 10:51:04,1.1,10.19,10.54,11.02,1545545,89358,5.8,0,0,0.0,1007,471,49,6.18,2.74,2.22,3.18,2475,4
2026-05-17 10:52:05,1.0,10.22,10.45,10.96,1545545,89372,5.8,0,0,0.0,1007,471,49,9.44,3.00,1.28,2.46,2469,2
2026-05-17 10:53:05,1.8,9.99,10.35,10.89,1545545,89356,5.8,0,0,0.0,1007,471,49,7.75,2.75,1.64,2.67,2450,2
2026-05-17 10:54:05,1.7,10.21,10.32,10.84,1545545,89385,5.8,0,0,0.0,1007,471,49,9.79,2.79,3.07,4.07,2483,2
2026-05-17 10:55:06,1.2,11.04,10.51,10.87,1545545,89413,5.8,0,0,0.0,1007,471,49,7.29,2.76,6.87,7.79,2493,4
2026-05-17 10:56:06,1.4,10.56,10.44,10.82,1545545,89407,5.8,0,0,0.0,1007,471,49,6.71,2.86,3.66,4.51,2474,5
2026-05-17 10:57:06,1.2,11.23,10.67,10.88,1545545,89413,5.8,0,0,0.0,1007,471,49,7.80,3.27,4.19,5.02,2485,2
2026-05-17 10:58:07,1.3,11.29,10.76,10.89,1545545,89405,5.8,0,0,0.0,1007,471,49,7.56,2.70,2.43,3.39,2488,3
2026-05-17 10:59:07,1.3,10.15,10.54,10.81,1545545,89397,5.8,0,0,0.0,1007,471,49,7.05,2.91,2.46,3.41,2456,5
2026-05-17 11:00:07,3.2,11.56,10.83,10.89,1545545,89406,5.8,0,0,0.0,1007,471,49,8.41,2.92,6.00,7.20,2445,8
2026-05-17 11:01:08,1.0,11.81,11.05,10.96,1545545,89423,5.8,0,0,0.0,1007,471,49,5.66,37.10,3.67,4.95,2451,2
2026-05-17 11:02:08,1.1,11.93,11.24,11.04,1545545,89428,5.8,0,0,0.0,1007,471,49,5.46,2.88,2.90,3.95,2452,6
2026-05-17 11:03:08,1.8,11.05,11.12,11.00,1545545,89471,5.8,0,0,0.0,1007,471,49,7.74,2.86,3.19,4.23,2475,3
2026-05-17 11:04:09,1.7,10.08,10.82,10.91,1545545,89482,5.8,0,0,0.0,1007,471,49,12.59,2.76,4.24,5.01,2478,7
2026-05-17 11:05:09,8.7,10.27,10.76,10.88,1545545,89411,5.8,0,0,0.0,1007,471,49,7.06,2.90,3.70,4.96,2480,21
2026-05-17 11:06:09,1.5,10.33,10.71,10.86,1545545,89355,5.8,0,0,0.0,1007,471,49,6.39,2.48,0.83,1.89,2479,7
2026-05-17 11:07:10,3.1,11.16,10.86,10.90,1545545,89367,5.8,0,0,0.0,1007,471,49,4.90,3.00,8.49,10.06,2463,5
2026-05-17 11:08:10,2.1,11.19,10.93,10.92,1545545,89458,5.8,0,0,0.0,1007,471,49,4.79,2.88,6.30,7.77,2446,2
2026-05-17 11:09:10,1.2,10.05,10.69,10.84,1545545,89448,5.8,0,0,0.0,1007,471,49,5.45,2.76,1.15,2.16,2462,4
2026-05-17 11:10:11,2.3,9.74,10.45,10.75,1545545,89427,5.8,0,0,0.0,1007,471,49,5.29,2.82,1.62,2.67,2467,5
2026-05-17 11:11:11,1.7,10.05,10.40,10.71,1545545,89403,5.8,0,0,0.0,1007,471,49,5.92,2.97,2.38,3.47,2465,6
2026-05-17 11:12:11,2.1,10.08,10.33,10.66,1545545,89360,5.8,0,0,0.0,1007,471,49,5.52,3.06,1.31,2.44,2458,3
2026-05-17 11:13:12,1.6,14.21,11.15,10.91,1545545,89385,5.8,0,0,0.0,1007,471,49,6.87,2.80,0.47,1.58,2468,3
2026-05-17 11:14:12,2.0,11.69,11.01,10.88,1545545,89493,5.8,0,0,0.0,1007,471,49,5.53,2.78,5.48,6.17,2465,9
2026-05-17 11:15:12,1.2,11.87,11.16,10.94,1545545,89480,5.8,0,0,0.0,1007,471,49,6.84,2.89,5.71,6.67,2457,4
2026-05-17 11:16:13,1.3,11.76,11.36,11.03,1545545,89444,5.8,0,0,0.0,1007,471,49,7.06,2.72,4.47,5.26,2475,3
2026-05-17 11:17:13,1.2,11.08,11.24,11.00,1545545,89447,5.8,0,0,0.0,1007,471,49,6.73,3.00,2.06,3.11,2475,7
2026-05-17 11:18:13,1.3,10.52,11.04,10.95,1545545,89428,5.8,0,0,0.0,1007,471,49,7.80,2.86,0.46,1.64,2456,6
2026-05-17 11:19:14,3.0,12.15,11.35,11.06,1545545,89487,5.8,0,0,0.0,1007,471,49,7.60,2.97,7.30,8.36,2458,4
2026-05-17 11:20:14,1.2,13.54,12.07,11.34,1545545,89478,5.8,0,0,0.0,1007,471,49,3.43,2.47,5.86,7.34,2453,5
2026-05-17 11:21:14,1.7,11.64,11.76,11.27,1545545,89511,5.8,0,0,0.0,1007,471,49,4.91,2.84,6.32,6.84,2440,5
2026-05-17 11:22:15,1.3,11.73,11.76,11.30,1545545,89486,5.8,0,0,0.0,1007,471,49,5.27,2.99,10.65,11.82,2453,4
2026-05-17 11:23:15,1.4,10.49,11.39,11.20,1545545,89510,5.8,0,0,0.0,1007,471,49,4.96,2.95,1.28,2.53,2466,2
2026-05-17 11:24:16,2.9,10.29,11.16,11.13,1545545,89503,5.8,0,0,0.0,1007,471,49,5.94,2.73,1.79,2.81,2471,6
2026-05-17 11:25:16,1.7,9.90,10.91,11.05,1545545,89409,5.8,0,0,0.0,1007,471,49,6.71,2.77,1.86,2.85,2470,5
2026-05-17 11:26:16,1.3,10.34,10.85,11.02,1545545,89375,5.8,0,0,0.0,1007,471,49,3.93,2.97,2.17,3.05,2463,1
2026-05-17 11:27:17,1.2,10.17,10.71,10.96,1545545,89489,5.8,0,0,0.0,1007,471,49,5.53,2.91,3.16,4.18,2463,3
2026-05-17 11:28:17,1.1,10.51,10.79,10.97,1545545,89522,5.8,0,0,0.0,1007,471,49,6.71,2.94,4.48,5.47,2461,3
2026-05-17 11:29:17,1.0,10.37,10.65,10.91,1545545,89533,5.8,0,0,0.0,1007,471,49,3.46,2.96,3.24,4.12,2455,3
2026-05-17 11:30:18,1.0,10.27,10.55,10.86,1545545,89482,5.8,0,0,0.0,1007,471,49,5.11,2.73,3.22,4.12,2460,2
2026-05-17 11:31:18,1.1,9.92,10.41,10.79,1545545,89413,5.8,0,0,0.0,1007,471,49,3.60,2.87,1.26,2.30,2450,2
2026-05-17 11:32:18,1.9,10.68,10.61,10.84,1545545,89449,5.8,0,0,0.0,1007,471,49,6.69,2.75,4.93,5.65,2448,8
2026-05-17 11:33:19,1.3,12.73,11.26,11.05,1545545,89535,5.8,0,0,0.0,1007,471,49,11.93,2.74,7.81,9.04,2452,5
2026-05-17 11:34:19,1.0,10.66,10.92,10.95,1545545,89416,5.8,0,0,0.0,1007,471,49,7.31,2.68,0.79,1.90,2456,3
2026-05-17 11:35:19,1.2,12.05,11.28,11.06,1545545,89379,5.8,0,0,0.0,1007,471,49,3.62,2.89,7.69,9.16,2466,5
2026-05-17 11:36:20,3.2,10.77,11.06,11.00,1545545,89352,5.8,0,0,0.0,1007,471,49,9.82,2.91,0.45,1.53,2466,5
2026-05-17 11:37:20,2.8,9.98,10.80,10.92,1545545,89327,5.8,0,0,0.0,1007,471,49,9.41,3.04,1.32,2.34,2456,4
2026-05-17 11:38:20,1.8,10.12,10.68,10.87,1545545,89346,5.8,0,0,0.0,1007,471,49,6.81,2.89,6.78,7.57,2456,4
2026-05-17 11:39:21,1.2,10.08,10.57,10.82,1545545,89397,5.8,0,0,0.0,1007,471,49,7.55,2.66,2.14,3.18,2442,3
2026-05-17 11:40:21,2.4,10.20,10.51,10.79,1545545,89417,5.8,0,0,0.0,1007,471,49,6.32,2.95,2.11,3.09,2458,7
2026-05-17 11:41:21,1.2,9.57,10.27,10.68,1545545,89385,5.8,0,0,0.0,1007,471,49,4.03,3.07,1.59,2.58,2466,4
2026-05-17 11:42:22,2.1,10.51,10.40,10.70,1545545,89413,5.8,0,0,0.0,1007,471,49,5.32,2.65,2.57,3.52,2464,3
2026-05-17 11:43:22,1.3,10.59,10.47,10.71,1545545,89403,5.8,0,0,0.0,1007,471,49,6.01,2.97,10.35,10.82,2466,5
2026-05-17 11:44:22,3.0,9.97,10.29,10.63,1545545,89375,5.8,0,0,0.0,1007,471,49,7.81,2.55,2.17,3.14,2470,5
2026-05-17 11:45:23,1.5,10.99,10.60,10.72,1545545,89295,5.8,0,0,0.0,1007,471,49,7.05,2.90,8.01,9.27,2451,1
2026-05-17 11:46:23,3.0,12.11,10.98,10.84,1545545,89446,5.8,0,0,0.0,1007,471,49,4.16,2.82,8.51,9.27,2460,4
2026-05-17 11:47:23,1.2,12.72,11.62,11.09,1545545,89443,5.8,0,0,0.0,1007,471,49,6.47,2.82,7.05,8.69,2459,6
2026-05-17 11:48:24,3.0,10.78,11.26,11.00,1545545,89457,5.8,0,0,0.0,1007,471,49,5.96,3.00,5.53,6.31,2456,3
2026-05-17 11:49:24,1.8,10.38,11.06,10.95,1545545,89432,5.8,0,0,0.0,1007,471,49,6.66,2.79,4.83,5.57,2464,3
2026-05-17 11:50:24,1.3,10.85,11.09,10.97,1545545,89348,5.8,0,0,0.0,1007,471,49,5.41,2.71,6.44,7.71,2458,2
2026-05-17 11:51:25,1.8,10.66,10.95,10.92,1545545,89347,5.8,0,0,0.0,1007,471,49,8.75,2.97,3.37,4.24,2451,5
2026-05-17 11:52:25,1.3,10.14,10.76,10.86,1545545,89455,5.8,0,0,0.0,1007,471,49,7.50,2.83,1.86,2.98,2463,1
2026-05-17 11:53:25,1.9,10.25,10.64,10.81,1545545,89474,5.8,0,0,0.0,1007,471,49,4.19,2.74,3.67,4.65,2457,3
2026-05-17 11:54:26,1.3,10.90,10.74,10.83,1545545,89452,5.8,0,0,0.0,1007,471,49,6.00,2.86,2.86,3.77,2448,4
2026-05-17 11:55:26,3.8,10.50,10.60,10.77,1545545,89438,5.8,0,0,0.0,1007,471,49,5.66,2.99,3.01,4.10,2446,24
2026-05-17 11:56:27,2.0,10.52,10.61,10.77,1545545,89415,5.8,0,0,0.0,1007,471,49,4.57,2.96,8.09,8.97,2458,1
2026-05-17 11:57:27,1.8,10.43,10.55,10.74,1545545,89436,5.8,0,0,0.0,1007,471,49,9.41,2.83,4.18,4.99,2460,6
2026-05-17 11:58:27,1.8,9.36,10.24,10.62,1545545,89519,5.8,0,0,0.0,1007,471,49,9.21,2.64,4.72,5.65,2469,6
2026-05-17 11:59:28,2.3,11.39,10.68,10.75,1545545,89508,5.8,0,0,0.0,1007,471,49,6.55,2.75,7.81,8.45,2483,3
2026-05-17 12:00:28,1.6,10.58,10.60,10.71,1545545,89444,5.8,0,0,0.0,1007,471,49,8.42,2.98,3.07,3.96,2488,6
2026-05-17 12:01:28,1.1,10.30,10.47,10.66,1545545,89430,5.8,0,0,0.0,1007,471,49,8.15,36.96,2.42,3.37,2472,6
2026-05-17 12:02:29,1.7,13.41,11.25,10.91,1545545,89479,5.8,0,0,0.0,1007,471,49,7.01,2.78,6.73,7.33,2466,2
2026-05-17 12:03:29,4.3,11.36,11.05,10.86,1545545,89412,5.8,0,0,0.0,1007,471,49,8.53,2.95,2.60,3.60,2447,23
2026-05-17 12:04:29,1.5,13.36,11.87,11.17,1545545,89399,5.8,0,0,0.0,1007,471,49,6.44,2.81,3.62,4.59,2448,3
2026-05-17 12:05:30,1.3,12.20,11.92,11.24,1545545,89488,5.8,0,0,0.0,1007,471,49,3.85,2.88,0.84,1.93,2457,2
2026-05-17 12:06:30,1.8,15.95,13.04,11.66,1545545,89484,5.8,0,0,0.0,1007,471,49,5.54,2.95,6.60,8.08,2453,5
2026-05-17 12:07:30,2.0,16.24,13.70,11.98,1545545,89514,5.8,0,0,0.0,1007,471,49,4.87,2.90,8.23,9.10,2451,5
2026-05-17 12:08:31,1.1,12.68,13.19,11.92,1545545,89471,5.8,0,0,0.0,1007,471,49,4.83,2.83,5.26,6.08,2464,5
2026-05-17 12:09:31,2.0,14.22,13.50,12.10,1545545,89479,5.8,0,0,0.0,1007,471,49,7.44,3.10,6.83,8.60,2464,1
2026-05-17 12:10:31,1.1,11.43,12.86,11.97,1545545,89425,5.8,0,0,0.0,1007,471,49,5.03,2.83,0.44,1.54,2455,5
2026-05-17 12:11:32,1.2,11.31,12.52,11.91,1545545,89510,5.8,0,0,0.0,1007,471,49,4.66,2.92,0.90,1.93,2458,3
2026-05-17 12:12:32,1.7,12.42,12.52,11.94,1545545,89529,5.8,0,0,0.0,1007,471,49,8.28,2.72,1.06,2.11,2449,4
2026-05-17 12:13:32,2.1,11.59,12.31,11.90,1545545,89535,5.8,0,0,0.0,1007,471,49,7.85,2.88,3.35,4.28,2463,8
2026-05-17 12:14:33,1.3,10.79,11.97,11.81,1545545,89485,5.8,0,0,0.0,1007,471,49,6.59,2.98,2.59,3.61,2465,3
2026-05-17 12:15:33,1.6,10.18,11.56,11.68,1545545,89481,5.8,0,0,0.0,1007,471,49,8.01,2.77,2.39,3.40,2458,1
2026-05-17 12:16:33,2.3,9.48,11.13,11.52,1545545,89442,5.8,0,0,0.0,1007,471,49,6.15,2.61,0.43,1.55,2464,2
2026-05-17 12:17:34,1.1,10.79,11.16,11.51,1545545,89529,5.8,0,0,0.0,1007,471,49,4.78,2.94,5.55,6.57,2461,4
2026-05-17 12:18:34,1.1,10.10,10.90,11.39,1545545,89542,5.8,0,0,0.0,1007,471,49,6.03,2.91,1.28,2.37,2451,4
2026-05-17 12:19:34,1.1,9.63,10.60,11.26,1545545,89534,5.8,0,0,0.0,1007,471,49,5.50,2.89,2.05,3.10,2453,2
2026-05-17 12:20:35,2.1,9.84,10.48,11.17,1545545,89387,5.8,0,0,0.0,1007,471,49,6.77,2.75,9.72,10.08,2450,6
2026-05-17 12:21:35,1.3,12.14,10.98,11.29,1545545,89351,5.8,0,0,0.0,1007,471,49,8.53,2.88,10.30,11.84,2454,2
2026-05-17 12:22:35,1.2,12.84,11.41,11.42,1545545,89301,5.8,0,0,0.0,1007,471,49,5.72,2.86,6.15,7.60,2457,1
2026-05-17 12:23:36,1.7,12.02,11.41,11.42,1545545,89352,5.8,0,0,0.0,1007,471,49,3.88,2.73,2.05,3.03,2447,5
2026-05-17 12:24:36,2.2,11.90,11.48,11.44,1545545,89425,5.8,0,0,0.0,1007,471,49,6.22,3.04,5.29,6.24,2437,8
2026-05-17 12:25:36,3.0,10.99,11.28,11.38,1545545,89424,5.8,0,0,0.0,1007,471,49,4.44,2.83,5.21,6.19,2452,4
2026-05-17 12:26:37,1.2,10.53,11.09,11.30,1545545,89370,5.8,0,0,0.0,1007,471,49,5.01,2.99,1.94,2.91,2456,2
2026-05-17 12:27:37,1.1,10.35,10.92,11.23,1545545,89381,5.8,0,0,0.0,1007,471,49,8.05,2.80,2.02,3.04,2458,7
2026-05-17 12:28:38,1.2,9.92,10.69,11.13,1545545,89328,5.8,0,0,0.0,1007,471,49,7.78,2.86,2.05,3.05,2479,5
2026-05-17 12:29:38,1.3,10.34,10.69,11.10,1545545,89327,5.8,0,0,0.0,1007,471,49,4.50,3.04,0.92,2.10,2481,2
2026-05-17 12:30:38,1.0,10.39,10.64,11.06,1545545,89423,5.8,0,0,0.0,1007,471,49,6.51,2.68,5.21,5.96,2472,5
2026-05-17 12:31:39,1.2,9.91,10.46,10.97,1545545,89443,5.8,0,0,0.0,1007,471,49,4.27,2.91,2.02,3.02,2475,2
2026-05-17 12:32:39,1.9,12.21,11.12,11.17,1545545,89433,5.8,0,0,0.0,1007,471,49,7.27,2.80,10.65,11.00,2466,4
2026-05-17 12:33:39,1.8,17.22,12.55,11.64,1545545,89427,5.8,0,0,0.0,1007,471,49,8.66,2.79,9.16,9.55,2455,3
2026-05-17 12:34:40,1.5,12.85,12.11,11.55,1545545,89423,5.8,0,0,0.0,1007,471,49,6.24,2.89,7.23,7.87,2468,5
2026-05-17 12:35:40,1.8,11.38,11.78,11.46,1545545,89374,5.8,0,0,0.0,1007,471,49,5.77,2.56,1.99,3.04,2474,6
2026-05-17 12:36:40,1.0,10.62,11.47,11.38,1545545,89432,5.8,0,0,0.0,1007,471,49,5.62,3.00,0.43,1.60,2464,4
2026-05-17 12:37:41,2.3,10.23,11.21,11.29,1545545,89466,5.8,0,0,0.0,1007,471,49,5.37,2.78,3.26,4.14,2463,6
2026-05-17 12:38:41,2.2,10.48,11.11,11.25,1545545,89464,5.8,0,0,0.0,1007,471,49,6.72,2.96,4.84,5.63,2463,21
2026-05-17 12:39:41,1.1,10.65,11.08,11.23,1545545,89432,5.8,0,0,0.0,1007,471,49,7.29,2.76,3.68,4.87,2457,7
2026-05-17 12:40:42,1.1,11.45,11.30,11.31,1545545,89383,5.8,0,0,0.0,1007,471,49,6.52,2.86,6.35,7.23,2457,2
2026-05-17 12:41:42,2.0,10.44,11.04,11.22,1545545,89360,5.8,0,0,0.0,1007,471,49,7.32,2.98,1.35,2.36,2454,3
2026-05-17 12:42:42,2.9,11.48,11.22,11.27,1545545,89427,5.8,0,0,0.0,1007,471,49,6.40,2.66,10.44,11.36,2458,6
2026-05-17 12:43:43,1.2,11.70,11.43,11.34,1545545,89473,5.8,0,0,0.0,1007,471,49,4.82,2.78,3.57,4.86,2442,7
2026-05-17 12:44:43,1.8,12.51,11.71,11.44,1545545,89470,5.8,0,0,0.0,1007,471,49,7.52,2.95,7.62,8.21,2458,4
2026-05-17 12:45:43,2.0,14.49,12.33,11.67,1545545,89455,5.8,0,0,0.0,1007,471,49,5.75,2.91,7.81,8.96,2449,7
2026-05-17 12:46:44,3.1,13.62,12.53,11.78,1545545,89434,5.8,0,0,0.0,1007,471,49,6.48,2.77,5.88,6.68,2460,7
2026-05-17 12:47:44,1.1,11.63,12.23,11.73,1545545,89416,5.8,0,0,0.0,1007,471,49,8.37,2.80,6.15,7.09,2465,4
2026-05-17 12:48:44,1.8,10.83,11.90,11.65,1545545,89448,5.8,0,0,0.0,1007,471,49,8.37,2.83,4.79,5.52,2472,8
2026-05-17 12:49:45,1.5,11.27,11.92,11.68,1545545,89502,5.8,0,0,0.0,1007,471,49,5.06,2.93,3.38,4.41,2474,4
2026-05-17 12:50:45,1.1,12.48,12.10,11.75,1545545,89494,5.8,0,0,0.0,1007,471,49,7.42,2.66,2.84,3.75,2491,4
2026-05-17 12:51:45,2.8,11.60,11.94,11.72,1545545,89487,5.8,0,0,0.0,1007,471,49,9.91,2.98,10.06,10.38,2475,1
2026-05-17 12:52:46,4.5,10.83,11.66,11.64,1545545,89513,5.8,0,0,0.0,1007,471,49,5.45,2.84,3.84,4.70,2472,27
2026-05-17 12:53:46,2.5,10.34,11.41,11.55,1545545,89485,5.8,0,0,0.0,1007,471,49,6.71,2.86,4.95,5.94,2472,8
2026-05-17 12:54:46,1.2,10.81,11.38,11.54,1545545,89443,5.8,0,0,0.0,1007,471,49,5.97,2.91,5.70,6.53,2461,4
2026-05-17 12:55:47,1.2,10.38,11.11,11.43,1545545,89510,5.8,0,0,0.0,1007,471,49,7.09,2.77,3.22,4.15,2450,3
2026-05-17 12:56:47,2.0,10.12,10.89,11.33,1545545,89548,5.8,0,0,0.0,1007,471,49,7.00,2.98,1.13,2.11,2458,4
2026-05-17 12:57:47,1.1,19.03,12.97,12.00,1545545,89525,5.8,0,0,0.0,1007,471,49,7.20,2.80,6.30,7.75,2461,4
2026-05-17 12:58:48,1.7,13.81,12.57,11.92,1545545,89528,5.8,0,0,0.0,1007,471,49,6.96,2.46,9.57,9.94,2465,3
2026-05-17 12:59:48,1.1,10.92,11.98,11.76,1545545,89484,5.8,0,0,0.0,1007,471,49,9.79,3.06,3.35,4.40,2462,2
2026-05-17 13:00:48,1.0,10.41,11.64,11.65,1545545,89400,5.8,0,0,0.0,1007,471,49,5.88,2.89,0.40,1.53,2461,5
2026-05-17 13:01:49,1.1,10.64,11.51,11.61,1545545,89512,5.8,0,0,0.0,1007,471,49,6.31,39.66,6.08,6.74,2447,7
2026-05-17 13:02:49,1.9,9.90,11.14,11.47,1545545,89551,5.8,0,0,0.0,1007,471,49,6.22,2.87,2.34,3.32,2448,6
2026-05-17 13:03:49,1.8,11.27,11.30,11.51,1545545,89487,5.8,0,0,0.0,1007,471,49,8.09,2.86,2.89,3.92,2454,1
2026-05-17 13:04:50,1.2,10.51,11.05,11.40,1545545,89499,5.8,0,0,0.0,1007,471,49,5.57,2.96,2.09,3.20,2452,1
2026-05-17 13:05:50,1.6,10.96,11.06,11.38,1545545,89323,5.8,0,0,0.0,1007,471,49,7.29,2.70,0.44,1.61,2460,3
2026-05-17 13:06:50,1.3,10.89,11.03,11.35,1545545,89343,5.8,0,0,0.0,1007,471,49,7.07,2.98,5.62,6.34,2479,1
2026-05-17 13:07:51,1.9,10.67,10.97,11.31,1545545,89369,5.8,0,0,0.0,1007,471,49,7.32,2.73,8.15,8.61,2477,3
2026-05-17 13:08:51,1.6,10.33,10.81,11.24,1545545,89446,5.8,0,0,0.0,1007,471,49,9.75,2.60,6.41,7.00,2473,4
2026-05-17 13:09:51,1.0,9.80,10.59,11.13,1545545,89384,5.8,0,0,0.0,1007,471,49,6.47,2.92,0.89,2.08,2473,3
2026-05-17 13:10:52,3.2,10.46,10.64,11.11,1545545,89406,5.8,0,0,0.0,1007,471,49,4.33,2.92,4.26,5.36,2466,2
2026-05-17 13:11:52,2.8,14.51,11.61,11.41,1545545,89402,5.8,0,0,0.0,1007,471,49,5.65,2.96,11.94,13.64,2462,4
2026-05-17 13:12:53,1.6,13.65,11.95,11.54,1545545,89363,5.8,0,0,0.0,1007,471,49,7.53,2.67,9.91,11.58,2459,4
2026-05-17 13:13:53,1.3,13.03,12.06,11.60,1545545,89357,5.8,0,0,0.0,1007,471,49,6.88,2.78,8.61,9.72,2455,4
2026-05-17 13:14:53,1.7,12.42,12.01,11.61,1545545,89469,5.8,0,0,0.0,1007,471,49,5.82,2.89,5.63,6.48,2460,5
2026-05-17 13:15:54,1.2,11.30,11.79,11.56,1545545,89396,5.8,0,0,0.0,1007,471,49,6.30,2.98,0.48,1.56,2455,6
2026-05-17 13:16:54,1.0,9.99,11.34,11.42,1545545,89405,5.8,0,0,0.0,1007,471,49,6.21,2.85,1.22,2.31,2456,5
2026-05-17 13:17:54,1.1,10.61,11.36,11.43,1545545,89403,5.8,0,0,0.0,1007,471,49,9.09,2.88,4.86,5.57,2454,2
2026-05-17 13:18:55,2.1,14.08,12.31,11.75,1545545,89396,5.8,0,0,0.0,1007,471,49,8.51,2.91,1.77,2.75,2451,2
2026-05-17 13:19:55,1.2,15.11,12.89,11.98,1545545,89356,5.8,0,0,0.0,1007,471,49,4.35,2.82,10.61,12.59,2452,7
2026-05-17 13:20:55,2.0,12.22,12.51,11.91,1545545,89455,5.8,0,0,0.0,1007,471,49,6.48,2.94,1.24,2.41,2458,6
2026-05-17 13:21:56,4.6,11.04,12.10,11.81,1545545,89474,5.8,0,0,0.0,1007,471,49,9.53,2.86,3.24,4.16,2457,7
2026-05-17 13:22:56,1.6,10.54,11.79,11.72,1545545,89473,5.8,0,0,0.0,1007,471,49,7.14,2.68,1.98,3.01,2465,3
2026-05-17 13:23:56,2.1,11.67,11.86,11.75,1545545,89480,5.8,0,0,0.0,1007,471,49,7.67,2.77,11.53,12.67,2465,3
2026-05-17 13:24:57,1.2,12.44,11.97,11.79,1545545,89425,5.8,0,0,0.0,1007,471,49,7.67,2.94,9.02,9.70,2464,1
2026-05-17 13:25:57,1.8,11.54,11.79,11.74,1545545,89401,5.8,0,0,0.0,1007,471,49,5.92,2.88,6.65,7.29,2462,7
2026-05-17 13:26:57,1.6,10.71,11.54,11.65,1545545,89395,5.8,0,0,0.0,1007,471,49,6.66,2.95,5.49,6.33,2448,4
2026-05-17 13:27:58,1.6,10.31,11.26,11.55,1545545,89483,5.8,0,0,0.0,1007,471,49,6.67,2.75,1.64,2.65,2450,2
2026-05-17 13:28:58,2.0,9.77,10.93,11.42,1545545,89516,5.8,0,0,0.0,1007,471,49,5.93,2.84,6.86,7.48,2461,4
2026-05-17 13:29:58,2.8,11.04,11.08,11.43,1545545,89496,5.8,0,0,0.0,1007,471,49,12.91,3.04,8.27,8.96,2474,28
2026-05-17 13:30:59,1.9,12.33,11.53,11.57,1545545,89462,5.8,0,0,0.0,1007,471,49,8.44,2.99,9.53,11.21,2474,3
2026-05-17 13:31:59,1.5,11.79,11.68,11.63,1545545,89391,5.8,0,0,0.0,1007,471,49,6.85,2.79,7.20,8.48,2481,2
2026-05-17 13:32:59,3.2,11.60,11.58,11.60,1545545,89490,5.8,0,0,0.0,1007,471,49,6.33,2.94,6.47,7.40,2471,10
2026-05-17 13:34:00,1.6,11.06,11.52,11.58,1545545,89518,5.8,0,0,0.0,1007,471,49,5.10,2.82,1.54,2.73,2460,4
2026-05-17 13:35:00,3.6,10.74,11.34,11.51,1545545,89551,5.8,0,0,0.0,1007,471,49,3.91,2.74,5.95,6.78,2454,5
2026-05-17 13:36:00,3.3,10.35,11.10,11.42,1545545,89512,5.8,0,0,0.0,1007,471,49,7.43,2.92,8.64,9.08,2463,4
2026-05-17 13:37:01,1.9,10.61,11.04,11.38,1545545,89506,5.8,0,0,0.0,1007,471,49,4.82,3.04,7.71,8.24,2459,3
2026-05-17 13:38:01,2.6,10.21,10.91,11.31,1545545,89523,5.8,0,0,0.0,1007,471,49,6.29,3.00,10.25,10.58,2466,3
2026-05-17 13:39:01,2.0,10.81,10.98,11.31,1545545,89479,5.8,0,0,0.0,1007,471,49,7.30,2.69,8.73,9.17,2475,7
2026-05-17 13:40:02,2.2,10.74,10.96,11.29,1545545,89560,5.8,0,0,0.0,1007,471,49,9.48,2.86,3.72,4.54,2476,5
2026-05-17 13:41:02,1.2,10.08,10.78,11.21,1545545,89521,5.8,0,0,0.0,1007,471,49,7.43,2.97,3.88,4.74,2474,3
2026-05-17 13:42:03,1.1,10.50,10.80,11.19,1545545,89509,5.8,0,0,0.0,1007,471,49,8.94,2.84,4.09,4.84,2475,6
2026-05-17 13:43:03,1.2,9.85,10.55,11.07,1545545,89551,5.8,0,0,0.0,1007,471,49,7.21,2.82,4.44,5.25,2468,1
2026-05-17 13:44:03,2.3,9.94,10.46,11.01,1545545,89569,5.8,0,0,0.0,1007,471,49,5.18,2.79,6.24,7.47,2465,4
2026-05-17 13:45:04,1.2,9.98,10.40,10.96,1545545,89462,5.8,0,0,0.0,1007,471,49,7.14,2.82,1.17,2.23,2473,2
2026-05-17 13:46:04,1.2,10.21,10.33,10.89,1545545,89421,5.8,0,0,0.0,1007,471,49,6.66,2.67,0.91,2.10,2477,3
2026-05-17 13:47:04,2.0,10.90,10.46,10.90,1545545,89533,5.8,0,0,0.0,1007,471,49,4.50,2.95,5.13,5.86,2467,2
2026-05-17 13:48:05,1.2,10.37,10.48,10.88,1545545,89536,5.8,0,0,0.0,1007,471,49,7.71,2.91,3.77,4.62,2469,2
2026-05-17 13:49:05,2.1,15.70,11.91,11.34,1545545,89557,5.8,0,0,0.0,1007,471,49,6.05,2.86,6.98,7.64,2469,7
2026-05-17 13:50:05,1.6,15.51,12.49,11.57,1545545,89523,5.8,0,0,0.0,1007,471,49,4.64,2.70,4.68,5.53,2452,5
2026-05-17 13:51:06,1.1,11.37,11.85,11.41,1545545,89480,5.8,0,0,0.0,1007,471,49,8.50,2.85,0.51,1.73,2458,1
2026-05-17 13:52:06,1.3,11.32,11.75,11.41,1545545,89349,5.8,0,0,0.0,1007,471,49,9.07,2.91,0.86,1.91,2478,1
2026-05-17 13:53:06,3.2,14.73,12.54,11.69,1545545,89450,5.8,0,0,0.0,1007,471,49,5.79,2.79,7.94,8.54,2467,3
2026-05-17 13:54:07,1.8,12.15,12.33,11.68,1545545,89419,5.8,0,0,0.0,1007,471,49,8.64,2.94,3.27,4.26,2451,4
2026-05-17 13:55:07,1.9,11.25,12.06,11.63,1545545,89439,5.8,0,0,0.0,1007,471,49,5.89,2.72,2.60,3.56,2468,2
2026-05-17 13:56:07,1.0,11.80,12.02,11.63,1545545,89426,5.8,0,0,0.0,1007,471,49,6.03,2.79,5.06,6.03,2463,2
2026-05-17 13:57:08,1.7,11.63,12.01,11.66,1545545,89433,5.8,0,0,0.0,1007,471,49,7.31,3.00,6.93,7.51,2448,6
2026-05-17 13:58:08,3.3,13.89,12.63,11.90,1545545,89447,5.8,0,0,0.0,1007,471,49,5.34,2.84,5.81,7.05,2470,5
2026-05-17 13:59:08,1.2,16.17,13.74,12.34,1545545,89459,5.8,0,0,0.0,1007,471,49,5.49,2.79,7.41,8.53,2470,5
2026-05-17 14:00:09,1.2,13.07,13.35,12.30,1545545,89434,5.8,0,0,0.0,1007,471,49,7.58,2.92,4.74,5.78,2466,2
2026-05-17 14:01:09,1.5,11.24,12.76,12.16,1545545,89442,5.8,0,0,0.0,1007,471,49,6.13,37.32,7.69,8.40,2464,1
2026-05-17 14:02:09,2.2,11.16,12.46,12.09,1545545,89452,5.8,0,0,0.0,1007,471,49,3.69,3.08,9.27,9.62,2460,3
2026-05-17 14:03:10,1.2,10.08,11.94,11.94,1545545,89429,5.8,0,0,0.0,1007,471,49,5.21,2.82,2.82,3.73,2444,2
2026-05-17 14:04:10,1.9,10.51,11.70,11.85,1545545,89421,5.8,0,0,0.0,1007,471,49,6.69,2.75,4.83,5.89,2458,2
2026-05-17 14:05:10,2.4,10.97,11.61,11.81,1545545,89351,5.8,0,0,0.0,1007,471,49,6.46,2.81,5.17,5.92,2450,1
2026-05-17 14:06:11,1.6,10.97,11.49,11.76,1545545,89450,5.8,0,0,0.0,1007,471,49,6.52,2.57,5.54,6.48,2447,4
2026-05-17 14:07:11,2.9,11.43,11.45,11.72,1545545,89451,5.8,0,0,0.0,1007,471,49,7.87,3.09,8.95,9.30,2451,4
2026-05-17 14:08:11,1.1,11.86,11.55,11.74,1545545,89454,5.8,0,0,0.0,1007,471,49,6.72,2.82,2.81,3.79,2465,3
2026-05-17 14:09:12,1.3,11.83,11.58,11.74,1545545,89450,5.8,0,0,0.0,1007,471,49,6.44,2.80,2.08,3.02,2452,4
2026-05-17 14:10:12,1.3,11.44,11.51,11.70,1545545,89377,5.8,0,0,0.0,1007,471,49,5.24,2.61,2.84,3.72,2456,6
2026-05-17 14:11:12,3.1,11.37,11.44,11.66,1545545,89417,5.8,0,0,0.0,1007,471,49,8.90,3.04,3.61,4.74,2453,6
2026-05-17 14:12:13,1.1,11.76,11.58,11.70,1545545,89470,5.8,0,0,0.0,1007,471,49,8.46,2.87,9.06,10.18,2461,3
2026-05-17 14:13:13,2.0,11.23,11.37,11.61,1545545,89505,5.8,0,0,0.0,1007,471,49,5.74,2.85,2.22,3.21,2482,6
2026-05-17 14:14:14,2.3,10.92,11.29,11.58,1545545,89513,5.8,0,0,0.0,1007,471,49,6.60,2.70,8.84,10.14,2466,3
2026-05-17 14:15:14,1.4,13.91,12.03,11.81,1545545,89459,5.8,0,0,0.0,1007,471,49,7.77,2.87,10.73,12.02,2472,3
2026-05-17 14:16:14,1.9,11.32,11.63,11.68,1545545,89444,5.8,0,0,0.0,1007,471,49,5.15,2.91,1.83,2.98,2458,4
2026-05-17 14:17:15,1.3,10.80,11.39,11.60,1545545,89412,5.8,0,0,0.0,1007,471,49,4.00,3.04,2.28,3.26,2464,6
2026-05-17 14:18:15,1.3,14.36,12.58,12.01,1545545,89498,5.8,0,0,0.0,1007,471,49,8.79,2.68,7.61,8.19,2453,2
2026-05-17 14:19:15,3.9,12.72,12.35,11.96,1545545,89559,5.8,0,0,0.0,1007,471,49,8.32,2.52,8.73,9.89,2453,5
2026-05-17 14:20:16,1.9,12.03,12.25,11.95,1545545,89508,5.8,0,0,0.0,1007,471,49,5.93,2.89,11.83,12.83,2452,3
2026-05-17 14:21:16,3.0,11.94,12.23,11.97,1545545,89523,5.8,0,0,0.0,1007,471,49,7.28,2.93,7.17,8.20,2460,6
2026-05-17 14:22:16,1.3,11.36,12.00,11.90,1545545,89431,5.8,0,0,0.0,1007,471,49,8.96,2.96,1.75,3.07,2454,7
2026-05-17 14:23:17,1.5,11.78,11.95,11.89,1545545,89418,5.8,0,0,0.0,1007,471,49,6.09,2.80,3.23,4.12,2466,3
2026-05-17 14:24:17,1.4,11.02,11.71,11.81,1545545,89424,5.8,0,0,0.0,1007,471,49,6.79,2.80,5.96,6.84,2456,5
2026-05-17 14:25:17,2.2,11.15,11.57,11.75,1545545,89544,5.8,0,0,0.0,1007,471,49,6.09,2.66,6.56,7.13,2456,6
2026-05-17 14:26:18,1.9,10.58,11.33,11.66,1545545,89530,5.8,0,0,0.0,1007,471,49,6.41,2.85,4.75,5.43,2453,5
2026-05-17 14:27:18,1.3,10.58,11.20,11.59,1545545,89494,5.8,0,0,0.0,1007,471,49,5.14,3.05,5.75,6.56,2461,14
2026-05-17 14:28:18,2.0,11.44,11.38,11.63,1545545,89529,5.8,0,0,0.0,1007,471,49,5.02,2.79,4.79,5.54,2452,3
2026-05-17 14:29:19,1.3,12.99,11.69,11.72,1545545,89457,5.8,0,0,0.0,1007,471,49,5.01,2.83,3.29,4.20,2458,2
2026-05-17 14:30:19,2.0,14.36,12.31,11.93,1545545,89448,5.8,0,0,0.0,1007,471,49,6.48,2.90,7.70,8.23,2461,3
2026-05-17 14:31:19,1.3,12.37,12.24,11.93,1545545,89537,5.8,0,0,0.0,1007,471,49,6.54,2.91,4.75,5.56,2456,4
2026-05-17 14:32:20,1.4,11.35,11.97,11.86,1545545,89504,5.8,0,0,0.0,1007,471,49,3.96,2.94,0.49,1.71,2454,3
2026-05-17 14:33:20,1.5,11.52,11.95,11.86,1545545,89548,5.8,0,0,0.0,1007,471,49,6.21,2.71,2.79,3.83,2441,2
2026-05-17 14:34:20,1.0,10.15,11.48,11.70,1545545,89529,5.8,0,0,0.0,1007,471,49,7.52,2.90,1.19,2.36,2445,6
2026-05-17 14:35:21,1.4,9.90,11.15,11.57,1545545,89473,5.8,0,0,0.0,1007,471,49,4.80,2.81,1.62,2.69,2441,2
2026-05-17 14:36:21,2.4,10.23,11.01,11.50,1545545,89485,5.8,0,0,0.0,1007,471,49,5.35,2.97,4.55,5.33,2455,5
2026-05-17 14:37:21,2.3,11.11,11.09,11.49,1545545,89429,5.8,0,0,0.0,1007,471,49,3.69,2.50,10.54,11.41,2456,2
2026-05-17 14:38:22,1.2,11.61,11.27,11.53,1545545,89444,5.8,0,0,0.0,1007,471,49,6.02,2.76,6.12,6.98,2467,3
2026-05-17 14:39:22,1.2,10.62,11.05,11.44,1545545,89455,5.8,0,0,0.0,1007,471,49,7.98,2.78,6.06,6.68,2468,1
2026-05-17 14:40:22,1.7,9.85,10.74,11.30,1545545,89425,5.8,0,0,0.0,1007,471,49,7.91,2.64,1.49,2.51,2481,3
2026-05-17 14:41:23,3.3,9.64,10.51,11.19,1545545,89373,5.8,0,0,0.0,1007,471,49,4.61,3.04,1.42,2.43,2470,5
2026-05-17 14:42:23,1.0,9.74,10.39,11.10,1545545,89376,5.8,0,0,0.0,1007,471,49,7.84,2.86,6.52,7.27,2472,2
2026-05-17 14:43:23,1.1,10.33,10.39,11.05,1545545,89460,5.8,0,0,0.0,1007,471,49,5.66,2.88,0.84,1.94,2464,1
2026-05-17 14:44:24,1.0,9.98,10.26,10.96,1545545,89477,5.8,0,0,0.0,1007,471,49,2.53,2.62,0.42,1.54,2459,2
2026-05-17 14:45:24,7.5,10.02,10.23,10.91,1545545,89466,5.8,0,0,0.0,1007,471,49,4.39,2.75,6.05,6.73,2469,20
2026-05-17 14:46:24,1.1,9.89,10.15,10.84,1545545,89481,5.8,0,0,0.0,1007,471,49,7.68,2.93,6.44,7.07,2474,3
2026-05-17 14:47:25,1.8,11.24,10.46,10.90,1545545,89490,5.8,0,0,0.0,1007,471,49,3.80,2.82,9.76,10.72,2475,6
2026-05-17 14:48:25,4.3,11.43,10.61,10.92,1545545,89523,5.8,0,0,0.0,1007,471,49,5.92,2.87,7.29,7.87,2490,4
2026-05-17 14:49:26,3.2,11.96,10.89,11.00,1545545,89543,5.8,0,0,0.0,1007,471,49,5.58,2.84,10.21,11.18,2496,6
2026-05-17 14:50:26,1.9,12.11,11.14,11.08,1545545,89503,5.8,0,0,0.0,1007,471,49,5.14,2.88,11.45,12.47,2478,4
2026-05-17 14:51:26,2.1,11.49,11.09,11.06,1545545,89526,5.8,0,0,0.0,1007,471,49,7.65,2.79,5.59,6.34,2474,4
2026-05-17 14:52:27,2.0,10.89,11.00,11.03,1545545,89530,5.8,0,0,0.0,1007,471,49,7.06,2.95,7.74,8.38,2470,2
2026-05-17 14:53:27,3.1,10.89,10.98,11.02,1545545,89540,5.8,0,0,0.0,1007,471,49,9.10,2.79,7.45,8.18,2467,3
2026-05-17 14:54:27,1.1,10.14,10.74,10.93,1545545,89551,5.8,0,0,0.0,1007,471,49,9.41,2.91,1.02,2.14,2463,4
2026-05-17 14:55:28,1.6,10.24,10.68,10.90,1545545,89524,5.8,0,0,0.0,1007,471,49,7.50,2.78,2.46,3.42,2471,2
2026-05-17 14:56:28,1.5,12.44,11.17,11.05,1545545,89467,5.8,0,0,0.0,1007,471,49,4.61,2.46,10.22,11.19,2472,3
2026-05-17 14:57:28,2.2,11.44,11.16,11.06,1545545,89537,5.8,0,0,0.0,1007,471,49,7.97,2.94,9.72,11.28,2472,7
2026-05-17 14:58:29,1.3,11.23,11.18,11.07,1545545,89497,5.8,0,0,0.0,1007,471,49,6.85,2.92,5.55,6.34,2457,4
2026-05-17 14:59:29,1.2,10.66,11.01,11.02,1545545,89410,5.8,0,0,0.0,1007,471,49,5.70,2.91,0.44,1.53,2458,5
2026-05-17 15:00:29,1.2,10.08,10.78,10.94,1545545,89369,5.8,0,0,0.0,1007,471,49,8.91,2.94,4.43,5.25,2454,4
2026-05-17 15:01:30,1.4,9.58,10.52,10.84,1545545,89376,5.8,0,0,0.0,1007,471,49,8.66,37.29,2.02,3.03,2454,3
2026-05-17 15:02:30,1.0,9.61,10.38,10.77,1545545,89503,5.8,0,0,0.0,1007,471,49,7.35,2.98,1.68,2.86,2460,4
2026-05-17 15:03:30,2.0,9.75,10.25,10.70,1545545,89542,5.8,0,0,0.0,1007,471,49,9.91,2.76,3.56,4.48,2464,3
2026-05-17 15:04:31,3.0,9.99,10.20,10.65,1545545,89573,5.8,0,0,0.0,1007,471,49,7.77,2.79,4.05,4.98,2478,5
2026-05-17 15:05:31,2.4,10.75,10.37,10.68,1545545,89576,5.8,0,0,0.0,1007,471,49,6.07,3.00,2.04,3.00,2468,14
2026-05-17 15:06:31,1.4,10.52,10.38,10.66,1545545,89565,5.8,0,0,0.0,1007,471,49,5.66,2.90,6.06,6.72,2458,1
2026-05-17 15:07:32,1.2,10.24,10.31,10.62,1545545,89574,5.8,0,0,0.0,1007,471,49,4.63,3.00,1.31,2.47,2454,6
2026-05-17 15:08:32,1.8,10.16,10.28,10.59,1545545,89599,5.8,0,0,0.0,1007,471,49,4.35,2.92,3.54,4.43,2465,3
2026-05-17 15:09:32,1.8,10.34,10.30,10.57,1545545,89616,5.8,0,0,0.0,1007,471,49,6.23,2.79,7.55,8.26,2464,2
2026-05-17 15:10:33,1.8,11.56,10.65,10.68,1545545,89575,5.8,0,0,0.0,1007,471,49,7.50,2.66,8.19,8.69,2475,1
2026-05-17 15:11:33,1.1,10.94,10.61,10.66,1545545,89570,5.8,0,0,0.0,1007,471,49,4.02,2.91,2.86,3.79,2486,1
2026-05-17 15:12:33,1.1,10.01,10.42,10.59,1545545,89588,5.8,0,0,0.0,1007,471,49,5.37,2.95,3.67,4.59,2479,3
2026-05-17 15:13:34,1.9,10.66,10.55,10.63,1545545,89605,5.8,0,0,0.0,1007,471,49,6.62,2.83,10.60,11.90,2471,8
2026-05-17 15:14:34,1.0,11.43,10.70,10.67,1545545,89632,5.8,0,0,0.0,1007,471,49,4.48,2.78,7.48,8.02,2466,4
2026-05-17 15:15:34,6.7,10.75,10.67,10.66,1545545,89579,5.8,0,0,0.0,1007,471,49,8.42,2.83,3.24,4.16,2451,5
2026-05-17 15:16:35,1.1,10.87,10.75,10.69,1545545,89573,5.8,0,0,0.0,1007,471,49,8.74,2.91,7.05,8.10,2443,7
2026-05-17 15:17:35,1.3,10.18,10.60,10.65,1545545,89555,5.8,0,0,0.0,1007,471,49,4.13,2.78,3.29,4.27,2457,5
2026-05-17 15:18:35,2.9,9.62,10.36,10.56,1545545,89615,5.8,0,0,0.0,1007,471,49,4.90,2.93,1.70,2.80,2454,5
2026-05-17 15:19:36,1.3,9.82,10.31,10.53,1545545,89594,5.8,0,0,0.0,1007,471,49,4.01,2.78,5.58,6.28,2443,1
2026-05-17 15:20:36,1.2,9.79,10.21,10.48,1545545,89569,5.8,0,0,0.0,1007,471,49,4.30,2.91,3.21,4.19,2452,6
2026-05-17 15:21:36,1.1,9.79,10.15,10.44,1545545,89576,5.8,0,0,0.0,1007,471,49,8.20,2.77,0.47,1.54,2457,2
2026-05-17 15:22:37,1.2,10.96,10.45,10.53,1545545,89604,5.8,0,0,0.0,1007,471,49,4.70,2.82,6.70,7.82,2453,1
2026-05-17 15:23:37,1.6,10.89,10.47,10.53,1545545,89487,5.8,0,0,0.0,1007,471,49,5.19,2.82,6.05,6.85,2454,4
2026-05-17 15:24:37,1.8,10.26,10.33,10.47,1545545,89506,5.8,0,0,0.0,1007,471,49,5.82,2.48,0.42,1.53,2462,7
2026-05-17 15:25:38,1.7,10.33,10.32,10.46,1545545,89505,5.8,0,0,0.0,1007,471,49,3.65,2.84,3.76,4.87,2451,2
2026-05-17 15:26:38,1.1,10.87,10.56,10.54,1545545,89477,5.8,0,0,0.0,1007,471,49,4.85,3.02,6.27,6.85,2450,4
2026-05-17 15:27:38,0.8,9.97,10.33,10.45,1545545,89507,5.8,0,0,0.0,1007,471,49,7.96,3.01,0.86,1.91,2454,4
2026-05-17 15:28:39,1.0,9.78,10.19,10.40,1545545,89519,5.8,0,0,0.0,1007,471,49,4.57,2.69,2.12,3.22,2456,1
2026-05-17 15:29:39,1.5,10.22,10.24,10.40,1545545,89368,5.8,0,0,0.0,1007,471,49,5.93,3.04,3.61,4.53,2468,1
2026-05-17 15:30:39,1.7,9.86,10.14,10.35,1545545,89352,5.8,0,0,0.0,1007,471,49,10.89,2.91,3.59,4.56,2475,5
2026-05-17 15:31:40,1.2,10.68,10.29,10.39,1545545,89477,5.8,0,0,0.0,1007,471,49,6.49,2.91,9.29,10.66,2471,2
2026-05-17 15:32:40,1.3,10.56,10.34,10.40,1545545,89478,5.8,0,0,0.0,1007,471,49,8.19,2.65,3.18,4.26,2471,3
2026-05-17 15:33:40,2.6,9.56,10.10,10.32,1545545,89455,5.8,0,0,0.0,1007,471,49,10.41,2.93,1.35,2.48,2478,7
2026-05-17 15:34:41,1.2,11.30,10.64,10.50,1545545,89433,5.8,0,0,0.0,1007,471,49,6.19,2.82,7.62,8.17,2470,4
2026-05-17 15:35:41,1.6,13.41,11.39,10.76,1545545,89392,5.8,0,0,0.0,1007,471,49,6.21,2.84,4.83,5.58,2466,1
2026-05-17 15:36:42,2.0,12.91,11.52,10.84,1545545,89441,5.8,0,0,0.0,1007,471,49,4.91,2.89,4.90,5.66,2474,4
2026-05-17 15:37:42,1.8,14.34,12.09,11.07,1545545,89536,5.8,0,0,0.0,1007,471,49,7.14,2.77,10.92,11.18,2471,3
2026-05-17 15:38:42,1.3,13.50,12.30,11.21,1545545,89507,5.8,0,0,0.0,1007,471,49,9.39,3.00,2.84,3.96,2459,2
2026-05-17 15:39:43,1.9,13.22,12.44,11.33,1545545,89539,5.8,0,0,0.0,1007,471,49,6.04,2.74,1.50,2.51,2467,4
2026-05-17 15:40:43,1.1,12.63,12.34,11.36,1545545,89520,5.8,0,0,0.0,1007,471,49,4.94,2.77,6.94,7.59,2453,3
2026-05-17 15:41:43,1.7,11.22,11.98,11.30,1545545,89536,5.8,0,0,0.0,1007,471,49,6.97,2.88,1.29,2.28,2438,5
2026-05-17 15:42:44,1.2,13.61,12.46,11.50,1545545,89543,5.8,0,0,0.0,1007,471,49,7.07,2.92,5.92,6.88,2444,2
2026-05-17 15:43:44,1.1,12.45,12.39,11.54,1545545,89573,5.8,0,0,0.0,1007,471,49,3.60,2.80,7.71,8.38,2452,2
2026-05-17 15:44:44,9.4,12.99,12.54,11.64,1545545,89538,5.8,0,0,0.0,1007,471,49,7.22,2.88,7.13,8.10,2457,15
2026-05-17 15:45:45,1.2,11.40,12.25,11.60,1545545,89536,5.8,0,0,0.0,1007,471,49,5.96,2.88,2.03,3.01,2460,5
2026-05-17 15:46:45,1.2,11.25,12.01,11.56,1545545,89473,5.8,0,0,0.0,1007,471,49,5.69,2.92,5.89,6.90,2465,6
2026-05-17 15:47:45,1.3,10.94,11.77,11.50,1545545,89461,5.8,0,0,0.0,1007,471,49,8.77,2.38,5.22,6.05,2465,3
2026-05-17 15:48:46,1.9,10.27,11.45,11.41,1545545,89437,5.8,0,0,0.0,1007,471,49,5.94,2.91,5.47,6.26,2458,2
2026-05-17 15:49:46,1.9,10.84,11.39,11.39,1545545,89468,5.8,0,0,0.0,1007,471,49,6.15,2.87,9.15,10.26,2457,6
2026-05-17 15:50:46,1.9,11.22,11.34,11.37,1545545,89552,5.8,0,0,0.0,1007,471,49,6.85,2.73,9.29,9.74,2460,1
2026-05-17 15:51:47,3.0,13.10,11.75,11.50,1545545,89549,5.8,0,0,0.0,1007,471,49,5.26,2.91,12.11,12.30,2461,18
2026-05-17 15:52:47,1.9,13.19,12.09,11.64,1545545,89558,5.8,0,0,0.0,1007,471,49,5.95,2.84,10.03,10.92,2460,3
2026-05-17 15:53:47,1.1,11.67,11.92,11.61,1545545,89524,5.8,0,0,0.0,1007,471,49,5.53,2.81,1.42,2.55,2462,5
2026-05-17 15:54:48,1.7,10.86,11.65,11.54,1545545,89475,5.8,0,0,0.0,1007,471,49,7.58,2.84,1.52,2.55,2455,5
2026-05-17 15:55:48,2.9,12.62,12.09,11.70,1545545,89498,5.8,0,0,0.0,1007,471,49,8.00,2.76,9.78,11.29,2461,7
2026-05-17 15:56:48,1.1,11.17,11.80,11.63,1545545,89570,5.8,0,0,0.0,1007,471,49,7.09,2.93,1.53,2.66,2454,3
2026-05-17 15:57:49,3.0,10.78,11.59,11.57,1545545,89589,5.8,0,0,0.0,1007,471,49,9.95,2.70,7.95,8.60,2453,7
2026-05-17 15:58:49,1.8,10.71,11.46,11.52,1545545,89579,5.8,0,0,0.0,1007,471,49,5.62,2.89,3.76,4.68,2463,3
2026-05-17 15:59:49,1.5,10.96,11.36,11.49,1545545,89516,5.8,0,0,0.0,1007,471,49,4.52,3.01,4.36,5.32,2473,5
2026-05-17 16:00:50,2.0,11.76,11.52,11.53,1545545,89481,5.8,0,0,0.0,1007,471,49,7.04,3.01,4.82,5.61,2457,2
2026-05-17 16:01:50,1.3,11.16,11.39,11.48,1545545,89470,5.8,0,0,0.0,1007,471,49,6.10,37.05,3.24,4.14,2456,1
2026-05-17 16:02:50,3.0,11.29,11.39,11.48,1545545,89601,5.8,0,0,0.0,1007,471,49,5.18,2.80,4.35,5.35,2458,6
2026-05-17 16:03:51,1.3,10.19,11.09,11.37,1545545,89566,5.8,0,0,0.0,1007,471,49,5.66,2.82,3.12,4.54,2452,5
2026-05-17 16:04:51,1.7,9.73,10.81,11.25,1545545,89553,5.8,0,0,0.0,1007,471,49,3.28,2.95,1.68,2.74,2449,7
2026-05-17 16:05:51,1.9,12.02,11.27,11.39,1545545,89570,5.8,0,0,0.0,1007,471,49,5.59,2.66,8.76,10.23,2466,8
2026-05-17 16:06:52,2.1,11.03,11.14,11.33,1545545,89546,5.8,0,0,0.0,1007,471,49,6.40,2.96,2.22,3.18,2473,8
2026-05-17 16:07:52,3.0,12.40,11.40,11.40,1545545,89525,5.8,0,0,0.0,1007,471,49,5.30,2.80,9.90,10.86,2472,4
2026-05-17 16:08:52,1.4,11.25,11.36,11.39,1545545,89538,5.8,0,0,0.0,1007,471,49,6.28,2.79,4.91,6.21,2478,1
2026-05-17 16:09:53,2.6,11.39,11.36,11.39,1545545,89443,5.8,0,0,0.0,1007,471,49,6.34,2.75,3.25,4.22,2483,5
2026-05-17 16:10:53,1.7,12.39,11.61,11.47,1545545,89456,5.8,0,0,0.0,1007,471,49,3.63,2.87,9.04,9.49,2466,5
2026-05-17 16:11:53,1.2,11.30,11.45,11.42,1545545,89434,5.8,0,0,0.0,1007,471,49,9.46,2.64,6.62,7.21,2463,1
2026-05-17 16:12:54,2.8,13.46,11.99,11.61,1545545,89471,5.8,0,0,0.0,1007,471,49,5.41,2.61,12.07,12.79,2465,5
2026-05-17 16:13:54,2.0,13.93,12.44,11.80,1545545,89401,5.8,0,0,0.0,1007,471,49,6.35,2.77,8.35,9.49,2468,14
2026-05-17 16:14:54,8.5,12.29,12.27,11.78,1545545,89381,5.8,0,0,0.0,1007,471,49,6.92,2.95,5.71,6.53,2466,4
2026-05-17 16:15:55,1.8,11.81,12.15,11.77,1545545,89504,5.8,0,0,0.0,1007,471,49,7.46,2.85,8.70,9.13,2471,7
2026-05-17 16:16:55,3.0,10.63,11.75,11.66,1545545,89479,5.8,0,0,0.0,1007,471,49,7.75,2.85,2.69,3.75,2473,6
2026-05-17 16:17:55,2.6,10.68,11.56,11.59,1545545,89502,5.8,0,0,0.0,1007,471,49,6.90,2.85,5.74,6.41,2473,5
2026-05-17 16:18:56,1.5,11.15,11.62,11.62,1545545,89464,5.8,0,0,0.0,1007,471,49,5.88,2.86,0.99,2.06,2475,3
2026-05-17 16:19:56,1.4,10.78,11.44,11.56,1545545,89475,5.8,0,0,0.0,1007,471,49,4.69,2.94,5.74,6.55,2469,3
2026-05-17 16:20:57,4.6,11.16,11.39,11.53,1545545,89473,5.8,0,0,0.0,1007,471,49,6.34,2.64,6.83,8.04,2460,7
2026-05-17 16:21:57,1.4,11.71,11.58,11.59,1545545,89497,5.8,0,0,0.0,1007,471,49,4.36,2.94,10.66,11.63,2456,5
2026-05-17 16:22:57,1.2,10.11,11.16,11.45,1545545,89516,5.8,0,0,0.0,1007,471,49,6.03,2.75,2.04,3.01,2453,5
2026-05-17 16:23:58,3.0,11.88,11.39,11.50,1545545,89557,5.8,0,0,0.0,1007,471,49,8.12,2.88,9.97,11.12,2458,5
2026-05-17 16:24:58,1.5,10.70,11.13,11.40,1545545,89488,5.8,0,0,0.0,1007,471,49,7.43,2.83,2.29,3.52,2462,6
2026-05-17 16:25:58,3.2,10.89,11.10,11.38,1545545,89494,5.8,0,0,0.0,1007,471,49,7.80,2.57,4.34,5.50,2474,6
2026-05-17 16:26:59,2.3,11.20,11.18,11.39,1545545,89428,5.8,0,0,0.0,1007,471,49,6.05,2.91,11.24,12.27,2495,10
2026-05-17 16:27:59,1.4,10.51,11.01,11.32,1545545,89570,5.8,0,0,0.0,1007,471,49,4.71,2.68,0.49,1.58,2486,6
2026-05-17 16:28:59,10.8,9.89,10.76,11.21,1545545,89516,5.8,0,0,0.0,1007,471,49,5.10,2.87,2.48,3.42,2483,5
2026-05-17 16:30:00,10.9,10.29,10.75,11.18,1545545,89538,5.8,0,0,0.0,1007,471,49,7.02,3.25,7.66,8.29,2487,4
2026-05-17 16:31:00,2.2,10.90,10.88,11.20,1545545,89514,5.8,0,0,0.0,1007,471,49,7.94,2.76,6.98,7.93,2493,4
2026-05-17 16:32:00,3.1,11.33,11.02,11.23,1545545,89526,5.8,0,0,0.0,1007,471,49,6.87,2.81,10.15,10.81,2478,2
2026-05-17 16:33:01,1.2,11.12,11.02,11.21,1545545,89559,5.8,0,0,0.0,1007,471,49,7.21,2.81,5.18,6.73,2483,7
2026-05-17 16:34:01,2.1,12.86,11.43,11.34,1545545,89573,5.8,0,0,0.0,1007,471,49,7.61,2.99,7.36,8.55,2478,6
2026-05-17 16:35:01,2.8,12.44,11.57,11.39,1545545,89543,5.8,0,0,0.0,1007,471,49,6.88,2.85,10.26,11.45,2458,5
2026-05-17 16:36:02,1.9,13.12,11.82,11.48,1545545,89553,5.8,0,0,0.0,1007,471,49,7.19,2.92,10.42,11.19,2459,10
2026-05-17 16:37:02,1.7,12.06,11.78,11.49,1545545,89540,5.8,0,0,0.0,1007,471,49,9.49,2.88,4.15,5.03,2452,3
2026-05-17 16:38:02,1.0,10.22,11.30,11.34,1545545,89537,5.8,0,0,0.0,1007,471,49,8.32,2.81,1.23,2.27,2458,5
2026-05-17 16:39:03,1.2,9.96,11.02,11.24,1545545,89563,5.8,0,0,0.0,1007,471,49,10.74,2.73,6.48,7.23,2459,4
2026-05-17 16:40:03,2.0,9.27,10.64,11.10,1545545,89546,5.8,0,0,0.0,1007,471,49,8.79,2.95,1.31,2.47,2472,1
2026-05-17 16:41:03,1.2,10.01,10.60,11.05,1545545,89562,5.8,0,0,0.0,1007,471,49,4.79,2.88,8.84,9.27,2466,3
2026-05-17 16:42:04,1.4,10.11,10.55,11.00,1545545,89555,5.8,0,0,0.0,1007,471,49,6.05,2.75,5.98,6.89,2461,5
2026-05-17 16:43:04,1.3,12.15,11.04,11.15,1545545,89572,5.8,0,0,0.0,1007,471,49,4.65,2.84,5.80,7.10,2463,6
2026-05-17 16:44:05,1.2,11.43,11.11,11.16,1545545,89576,5.8,0,0,0.0,1007,471,49,5.97,2.88,6.08,6.71,2457,1
2026-05-17 16:45:05,1.0,11.04,11.01,11.12,1545545,89524,5.8,0,0,0.0,1007,471,49,9.43,2.87,2.89,3.92,2445,6
2026-05-17 16:46:05,1.4,10.50,10.83,11.05,1545545,89454,5.8,0,0,0.0,1007,471,49,10.90,2.74,8.05,8.53,2457,1
2026-05-17 16:47:06,1.1,12.90,11.64,11.33,1545545,89593,5.8,0,0,0.0,1007,471,49,3.93,2.96,8.09,9.44,2460,2
2026-05-17 16:48:06,1.7,11.13,11.34,11.24,1545545,89606,5.8,0,0,0.0,1007,471,49,6.24,2.83,4.05,4.90,2448,3
2026-05-17 16:49:06,1.1,10.45,11.11,11.17,1545545,89596,5.8,0,0,0.0,1007,471,49,5.30,2.78,2.81,3.76,2465,2
2026-05-17 16:50:07,2.0,10.58,11.02,11.13,1545545,89580,5.8,0,0,0.0,1007,471,49,6.16,2.91,2.05,3.12,2460,2
2026-05-17 16:51:07,1.1,10.03,10.78,11.04,1545545,89531,5.8,0,0,0.0,1007,471,49,7.09,2.90,2.88,3.79,2444,3
2026-05-17 16:52:07,1.0,14.09,11.81,11.38,1545545,89530,5.8,0,0,0.0,1007,471,49,5.87,2.85,6.09,6.69,2452,1
2026-05-17 16:53:08,1.0,11.65,11.55,11.31,1545545,89507,5.8,0,0,0.0,1007,471,49,5.15,2.83,0.42,1.54,2455,1
2026-05-17 16:54:08,0.9,11.65,11.55,11.33,1545545,89623,5.8,0,0,0.0,1007,471,49,6.03,2.34,6.28,7.36,2445,1
2026-05-17 16:55:08,1.8,11.52,11.52,11.33,1545545,89620,5.8,0,0,0.0,1007,471,49,5.49,2.91,1.73,2.86,2463,5
2026-05-17 16:56:09,1.1,10.98,11.40,11.30,1545545,89461,5.8,0,0,0.0,1007,471,49,5.30,2.89,6.21,7.42,2471,7
2026-05-17 16:57:09,1.9,10.44,11.15,11.22,1545545,89479,5.8,0,0,0.0,1007,471,49,7.66,2.93,3.40,4.38,2469,6
2026-05-17 16:58:09,9.4,10.95,11.19,11.23,1545545,89421,5.8,0,0,0.0,1007,471,49,4.68,2.76,7.05,7.60,2477,24
2026-05-17 16:59:10,1.5,10.37,10.96,11.15,1545545,89452,5.8,0,0,0.0,1007,471,49,5.16,2.81,1.62,2.66,2484,5
2026-05-17 17:00:10,2.1,10.81,11.03,11.16,1545545,89494,5.8,0,0,0.0,1007,471,49,6.76,3.14,7.01,7.69,2460,2
2026-05-17 17:01:10,2.1,10.68,11.00,11.14,1545545,89507,5.8,0,0,0.0,1007,471,49,4.07,39.72,8.91,9.40,2456,3
2026-05-17 17:02:11,1.9,10.08,10.79,11.07,1545545,89472,5.8,0,0,0.0,1007,471,49,4.32,2.80,3.30,4.18,2451,3
2026-05-17 17:03:11,1.7,10.40,10.78,11.05,1545545,89501,5.8,0,0,0.0,1007,471,49,5.51,2.85,5.78,6.48,2460,1
2026-05-17 17:04:11,1.4,11.18,10.93,11.08,1545545,89507,5.8,0,0,0.0,1007,471,49,5.93,2.88,6.86,7.42,2457,1
2026-05-17 17:05:12,1.3,10.67,10.88,11.06,1545545,89411,5.8,0,0,0.0,1007,471,49,5.68,2.69,5.77,7.21,2473,3
2026-05-17 17:06:12,1.0,9.86,10.63,10.96,1545545,89513,5.8,0,0,0.0,1007,471,49,7.48,2.83,3.25,4.23,2474,4
2026-05-17 17:07:12,1.1,9.85,10.48,10.89,1545545,89502,5.8,0,0,0.0,1007,471,49,8.84,2.89,2.39,3.40,2482,1
2026-05-17 17:08:13,1.3,10.39,10.48,10.86,1545545,89508,5.8,0,0,0.0,1007,471,49,4.63,2.89,7.22,7.82,2484,3
2026-05-17 17:09:13,1.1,9.67,10.25,10.75,1545545,89529,5.8,0,0,0.0,1007,471,49,7.86,2.66,2.48,3.41,2462,1
2026-05-17 17:10:13,1.3,10.27,10.38,10.77,1545545,89494,5.8,0,0,0.0,1007,471,49,9.05,2.93,8.23,9.29,2455,2
2026-05-17 17:11:14,1.4,9.51,10.15,10.66,1545545,89418,5.8,0,0,0.0,1007,471,49,5.24,2.89,4.87,5.74,2468,3
2026-05-17 17:12:14,1.2,9.55,10.04,10.59,1545545,89534,5.8,0,0,0.0,1007,471,49,5.60,2.59,3.20,4.21,2455,2
2026-05-17 17:13:14,1.2,9.77,10.04,10.56,1545545,89492,5.8,0,0,0.0,1007,471,49,4.32,2.70,6.43,7.08,2466,2
2026-05-17 17:14:15,2.2,10.32,10.16,10.56,1545545,89589,5.8,0,0,0.0,1007,471,49,4.98,2.84,2.01,2.94,2477,3
2026-05-17 17:15:15,8.7,10.15,10.15,10.54,1545545,89568,5.8,0,0,0.0,1007,471,49,6.00,2.85,8.98,9.38,2473,20
2026-05-17 17:16:15,1.8,11.29,10.59,10.67,1545545,89573,5.8,0,0,0.0,1007,471,49,9.12,2.82,11.06,12.43,2474,4
2026-05-17 17:17:16,2.0,10.69,10.59,10.67,1545545,89580,5.8,0,0,0.0,1007,471,49,6.23,2.86,2.09,3.07,2485,5
2026-05-17 17:18:16,1.2,10.05,10.41,10.60,1545545,89580,5.8,0,0,0.0,1007,471,49,6.75,2.78,6.16,6.87,2471,1
2026-05-17 17:19:16,1.3,10.38,10.42,10.59,1545545,89593,5.8,0,0,0.0,1007,471,49,4.87,2.79,5.03,6.32,2464,2
2026-05-17 17:20:17,3.3,12.37,11.05,10.80,1545545,89604,5.8,0,0,0.0,1007,471,49,4.99,2.75,5.59,6.28,2450,19
2026-05-17 17:21:17,1.2,12.53,11.36,10.92,1545545,89425,5.8,0,0,0.0,1007,471,49,6.66,2.92,3.78,4.71,2454,1
2026-05-17 17:22:17,1.0,13.41,11.89,11.14,1545545,89536,5.8,0,0,0.0,1007,471,49,5.06,2.91,5.99,6.73,2455,3
2026-05-17 17:23:18,2.0,14.24,12.32,11.33,1545545,89602,5.8,0,0,0.0,1007,471,49,6.35,2.70,6.33,6.96,2453,3
2026-05-17 17:24:18,3.1,17.75,13.54,11.80,1545545,89617,5.8,0,0,0.0,1007,471,49,6.78,2.69,8.91,9.94,2468,5
2026-05-17 17:25:18,1.0,15.17,13.56,11.92,1545545,89578,5.8,0,0,0.0,1007,471,49,7.34,2.84,8.06,9.03,2470,6
2026-05-17 17:26:19,2.4,13.94,13.43,11.97,1545545,89528,5.8,0,0,0.0,1007,471,49,5.89,2.89,3.76,4.68,2467,3
2026-05-17 17:27:19,1.7,13.69,13.41,12.06,1545545,89496,5.8,0,0,0.0,1007,471,49,6.84,2.78,6.83,7.47,2465,27
2026-05-17 17:28:19,12.6,15.04,13.74,12.25,1545545,89647,5.8,0,0,0.0,1007,471,49,11.08,2.54,8.54,9.35,2463,27
2026-05-17 17:29:20,1.7,13.60,13.67,12.33,1545545,89611,5.8,0,0,0.0,1007,471,49,4.15,3.66,5.97,7.23,2454,3
2026-05-17 17:30:20,3.0,14.86,14.00,12.53,1545545,89584,5.8,0,0,0.0,1007,471,49,6.30,3.64,10.16,10.72,2463,4
2026-05-17 17:31:20,3.2,13.57,13.90,12.59,1545545,89579,5.8,0,0,0.0,1007,471,49,6.26,2.69,9.80,10.44,2461,8
2026-05-17 17:32:21,1.1,11.22,13.14,12.41,1545545,89544,5.8,0,0,0.0,1007,471,49,6.82,2.96,3.69,4.54,2469,6
2026-05-17 17:33:21,2.8,10.93,12.71,12.31,1545545,89530,5.8,0,0,0.0,1007,471,49,8.77,2.88,7.17,7.80,2467,7
2026-05-17 17:34:22,1.1,10.50,12.27,12.18,1545545,89623,5.8,0,0,0.0,1007,471,49,7.69,2.80,4.34,5.41,2468,1
2026-05-17 17:35:22,1.9,10.27,11.85,12.04,1545545,89613,5.8,0,0,0.0,1007,471,49,5.64,2.67,2.43,3.37,2468,4
2026-05-17 17:36:22,3.0,12.68,12.18,12.14,1545545,89627,5.8,0,0,0.0,1007,471,49,6.28,3.00,10.94,12.22,2479,7
2026-05-17 17:37:23,1.4,12.70,12.33,12.19,1545545,89599,5.8,0,0,0.0,1007,471,49,4.01,2.78,9.52,10.25,2466,2
2026-05-17 17:38:23,1.9,12.68,12.43,12.24,1545545,89595,5.8,0,0,0.0,1007,471,49,5.17,2.82,8.30,8.81,2468,3
2026-05-17 17:39:23,3.1,11.35,12.07,12.12,1545545,89586,5.8,0,0,0.0,1007,471,49,4.68,2.71,7.20,7.86,2463,6
2026-05-17 17:40:24,1.3,10.95,11.85,12.04,1545545,89500,5.8,0,0,0.0,1007,471,49,6.44,2.90,7.20,8.44,2455,1
2026-05-17 17:41:24,1.5,10.94,11.70,11.98,1545545,89509,5.8,0,0,0.0,1007,471,49,7.03,2.91,4.94,5.77,2450,5
2026-05-17 17:42:24,1.4,10.41,11.43,11.87,1545545,89458,5.8,0,0,0.0,1007,471,49,9.06,2.64,0.79,1.90,2448,4
2026-05-17 17:43:25,2.0,10.74,11.34,11.81,1545545,89515,5.8,0,0,0.0,1007,471,49,7.79,2.79,10.44,11.03,2449,24
2026-05-17 17:44:25,1.8,10.35,11.15,11.72,1545545,89504,5.8,0,0,0.0,1007,471,49,4.57,2.83,6.50,7.08,2468,7
2026-05-17 17:45:25,1.4,11.68,11.44,11.79,1545545,89438,5.8,0,0,0.0,1007,471,49,6.00,2.39,9.95,11.07,2462,2
2026-05-17 17:46:26,1.9,10.47,11.14,11.66,1545545,89451,5.8,0,0,0.0,1007,471,49,3.89,3.20,5.17,5.96,2455,5
2026-05-17 17:47:26,1.6,10.00,10.88,11.53,1545545,89517,5.8,0,0,0.0,1007,471,49,4.64,2.73,2.33,3.33,2447,4
2026-05-17 17:48:26,1.1,10.41,10.88,11.49,1545545,89519,5.8,0,0,0.0,1007,471,49,5.57,2.98,3.49,4.36,2452,2
2026-05-17 17:49:27,0.9,9.52,10.55,11.34,1545545,89506,5.8,0,0,0.0,1007,471,49,5.68,2.55,0.82,1.92,2448,1
2026-05-17 17:50:27,0.9,10.47,10.68,11.34,1545545,89468,5.8,0,0,0.0,1007,471,49,2.77,2.88,5.82,7.08,2463,3
2026-05-17 17:51:27,1.9,10.40,10.57,11.25,1545545,89477,5.8,0,0,0.0,1007,471,49,4.35,2.96,5.13,6.00,2463,3
2026-05-17 17:52:28,2.2,10.13,10.45,11.17,1545545,89472,5.8,0,0,0.0,1007,471,49,5.78,2.89,6.73,7.30,2471,21
2026-05-17 17:53:28,1.8,11.66,10.71,11.20,1545545,89564,5.8,0,0,0.0,1007,471,49,3.95,2.70,5.06,5.82,2470,5
2026-05-17 17:54:28,1.4,11.78,10.91,11.24,1545545,89586,5.8,0,0,0.0,1007,471,49,6.26,2.76,8.89,10.31,2468,2
2026-05-17 17:55:29,1.0,10.31,10.68,11.14,1545545,89523,5.8,0,0,0.0,1007,471,49,7.40,2.79,1.67,2.64,2453,1
2026-05-17 17:56:29,1.2,13.28,11.39,11.35,1545545,89519,5.8,0,0,0.0,1007,471,49,3.67,3.07,7.04,8.49,2458,2
2026-05-17 17:57:29,1.0,12.94,11.59,11.42,1545545,89468,5.8,0,0,0.0,1007,471,49,7.91,2.75,2.01,2.97,2466,3
2026-05-17 17:58:30,1.3,12.72,11.84,11.52,1545545,89469,5.8,0,0,0.0,1007,471,49,5.29,2.89,4.43,5.24,2470,7
2026-05-17 17:59:30,4.5,12.71,12.04,11.61,1545545,89510,5.8,0,0,0.0,1007,471,49,5.65,2.47,10.44,11.52,2462,6
2026-05-17 18:00:30,1.0,12.33,12.07,11.65,1545545,89544,5.8,0,0,0.0,1007,471,49,10.54,3.01,5.81,6.47,2461,3
2026-05-17 18:01:31,1.9,11.46,11.88,11.61,1545545,89557,5.8,0,0,0.0,1007,471,49,8.31,37.20,4.22,5.09,2461,5
2026-05-17 18:02:31,1.4,10.41,11.50,11.50,1545545,89498,5.8,0,0,0.0,1007,471,49,10.60,3.34,3.09,4.00,2460,4
2026-05-17 18:03:31,1.6,10.02,11.18,11.38,1545545,89588,5.8,0,0,0.0,1007,471,49,8.92,2.78,0.42,1.52,2463,1
2026-05-17 18:04:32,1.1,10.42,11.10,11.34,1545545,89593,5.8,0,0,0.0,1007,471,49,5.87,3.11,3.62,4.52,2471,1
2026-05-17 18:05:32,2.9,10.63,11.02,11.30,1545545,89584,5.8,0,0,0.0,1007,471,49,6.62,2.61,11.07,11.28,2468,5
2026-05-17 18:06:32,1.1,11.26,11.17,11.33,1545545,89581,5.8,0,0,0.0,1007,471,49,7.48,3.08,9.88,11.46,2475,3
2026-05-17 18:07:33,1.0,9.84,10.78,11.18,1545545,89624,5.8,0,0,0.0,1007,471,49,4.57,2.91,0.81,1.93,2459,6
2026-05-17 18:08:33,1.4,11.18,11.08,11.27,1545545,89615,5.8,0,0,0.0,1007,471,49,4.46,2.68,6.42,8.12,2465,4
2026-05-17 18:09:33,3.2,11.42,11.11,11.26,1545545,89656,5.8,0,0,0.0,1007,471,49,5.69,2.88,4.39,5.57,2447,4
2026-05-17 18:10:34,3.0,11.05,11.04,11.23,1545545,89653,5.8,0,0,0.0,1007,471,49,6.49,2.80,9.64,10.03,2450,5
2026-05-17 18:11:34,3.2,11.29,11.10,11.24,1545545,89651,5.8,0,0,0.0,1007,471,49,4.28,3.09,6.59,7.91,2452,1
2026-05-17 18:12:34,9.4,11.24,11.12,11.23,1545545,89662,5.8,0,0,0.0,1007,471,49,4.80,2.75,7.66,8.19,2463,19
2026-05-17 18:13:35,1.0,10.27,10.89,11.15,1545545,89651,5.8,0,0,0.0,1007,471,49,3.83,2.79,4.39,5.20,2460,4
2026-05-17 18:14:35,3.2,10.68,10.86,11.12,1545545,89693,5.8,0,0,0.0,1007,471,49,3.40,2.82,5.37,6.13,2472,5
2026-05-17 18:15:35,1.1,10.63,10.89,11.12,1545545,89659,5.8,0,0,0.0,1007,471,49,7.15,2.67,3.67,5.05,2470,2
2026-05-17 18:16:36,2.4,11.24,10.98,11.13,1545545,89649,5.8,0,0,0.0,1007,471,49,5.36,2.77,6.87,7.65,2465,4
2026-05-17 18:17:36,2.9,10.69,10.86,11.08,1545545,89667,5.8,0,0,0.0,1007,471,49,3.77,3.09,3.68,4.57,2452,4
2026-05-17 18:18:36,2.3,10.38,10.76,11.03,1545545,89699,5.8,0,0,0.0,1007,471,49,6.64,2.89,1.82,2.80,2457,6
2026-05-17 18:19:37,2.4,10.51,10.73,11.00,1545545,89686,5.8,0,0,0.0,1007,471,49,4.04,2.72,5.85,6.52,2450,2
2026-05-17 18:20:37,1.2,10.62,10.73,10.99,1545545,89655,5.8,0,0,0.0,1007,471,49,4.65,2.84,8.70,9.47,2459,2
2026-05-17 18:21:37,1.2,10.12,10.58,10.92,1545545,89655,5.8,0,0,0.0,1007,471,49,6.52,2.97,0.49,1.55,2458,6
2026-05-17 18:22:38,0.9,9.27,10.25,10.78,1545545,89673,5.8,0,0,0.0,1007,471,49,5.10,2.76,2.54,3.55,2460,2
2026-05-17 18:23:38,1.1,10.18,10.39,10.80,1545545,89687,5.8,0,0,0.0,1007,471,49,3.27,2.91,7.07,8.06,2461,1
2026-05-17 18:24:38,1.4,10.46,10.40,10.77,1545545,89702,5.8,0,0,0.0,1007,471,49,4.68,2.79,6.35,7.15,2469,6
2026-05-17 18:25:39,2.0,11.29,10.63,10.83,1545545,89695,5.8,0,0,0.0,1007,471,49,2.68,2.89,10.00,10.73,2459,5
2026-05-17 18:26:39,1.9,10.92,10.67,10.83,1545545,89697,5.8,0,0,0.0,1007,471,49,4.43,2.88,5.72,6.39,2464,2
2026-05-17 18:27:39,1.5,10.70,10.64,10.81,1545545,89569,5.8,0,0,0.0,1007,471,49,6.64,3.02,1.90,3.02,2461,2
2026-05-17 18:28:40,1.5,10.77,10.65,10.80,1545545,89595,5.8,0,0,0.0,1007,471,49,4.40,2.85,7.88,8.54,2455,3
2026-05-17 18:29:40,1.3,11.35,10.83,10.85,1545545,89606,5.8,0,0,0.0,1007,471,49,4.66,2.96,8.44,9.17,2470,4
2026-05-17 18:30:40,2.2,11.58,10.94,10.89,1545545,89570,5.8,0,0,0.0,1007,471,49,5.30,2.69,1.21,2.27,2468,3
2026-05-17 18:31:41,1.0,11.07,10.90,10.88,1545545,89561,5.8,0,0,0.0,1007,471,49,4.54,2.67,2.47,3.38,2462,1
2026-05-17 18:32:41,1.6,10.44,10.76,10.83,1545545,89458,5.8,0,0,0.0,1007,471,49,4.45,3.11,6.91,7.58,2467,5
2026-05-17 18:33:41,1.8,11.28,10.96,10.90,1545545,89566,5.8,0,0,0.0,1007,471,49,4.25,2.66,10.84,12.18,2452,5
2026-05-17 18:34:42,1.1,10.09,10.69,10.81,1545545,89544,5.8,0,0,0.0,1007,471,49,5.21,2.77,1.18,2.26,2447,2
2026-05-17 18:35:42,1.2,10.49,10.70,10.80,1545545,89478,5.8,0,0,0.0,1007,471,49,5.53,2.80,0.43,1.53,2454,3
2026-05-17 18:36:42,1.0,9.93,10.49,10.73,1545545,89483,5.8,0,0,0.0,1007,471,49,7.31,3.00,0.47,1.53,2455,7
2026-05-17 18:37:43,1.3,10.03,10.43,10.69,1545545,89519,5.8,0,0,0.0,1007,471,49,4.38,2.80,4.92,5.80,2458,4
2026-05-17 18:38:43,1.0,10.02,10.35,10.64,1545545,89517,5.8,0,0,0.0,1007,471,49,7.30,2.86,0.50,1.63,2474,5
2026-05-17 18:39:43,1.1,9.63,10.16,10.56,1545545,89544,5.8,0,0,0.0,1007,471,49,5.65,2.82,2.02,3.05,2466,3
2026-05-17 18:40:44,1.2,10.10,10.19,10.54,1545545,89557,5.8,0,0,0.0,1007,471,49,5.95,2.91,1.21,2.27,2464,1
2026-05-17 18:41:44,1.2,10.78,10.36,10.58,1545545,89523,5.8,0,0,0.0,1007,471,49,7.23,2.72,8.13,8.49,2468,2
2026-05-17 18:42:44,1.7,13.37,11.16,10.83,1545545,89569,5.8,0,0,0.0,1007,471,49,8.70,2.95,8.49,9.51,2467,5
2026-05-17 18:43:45,1.8,12.32,11.29,10.90,1545545,89541,5.8,0,0,0.0,1007,471,49,6.66,2.86,12.37,13.02,2459,2
2026-05-17 18:44:45,3.2,12.26,11.52,11.01,1545545,89515,5.8,0,0,0.0,1007,471,49,6.94,2.68,11.67,12.99,2465,4
2026-05-17 18:45:46,2.6,13.17,11.91,11.18,1545545,89493,5.8,0,0,0.0,1007,471,49,4.59,2.80,11.82,12.60,2461,3
2026-05-17 18:46:46,1.9,13.85,12.34,11.37,1545545,89573,5.8,0,0,0.0,1007,471,49,6.39,3.02,11.89,12.71,2469,4
2026-05-17 18:47:46,3.1,14.98,12.87,11.61,1545545,89584,5.8,0,0,0.0,1007,471,49,7.29,3.14,12.15,12.65,2472,5
2026-05-17 18:48:47,1.7,13.50,12.87,11.69,1545545,89574,5.8,0,0,0.0,1007,471,49,4.57,2.81,11.64,12.51,2454,3
2026-05-17 18:49:47,1.7,11.73,12.48,11.63,1545545,89585,5.8,0,0,0.0,1007,471,49,5.42,2.75,11.99,12.51,2454,7
2026-05-17 18:50:47,2.9,13.61,12.87,11.82,1545545,89514,5.8,0,0,0.0,1007,471,49,7.60,2.82,11.36,12.84,2463,5
2026-05-17 18:51:48,1.9,12.87,12.92,11.91,1545545,89498,5.8,0,0,0.0,1007,471,49,6.35,2.71,11.93,12.54,2443,3
2026-05-17 18:52:48,3.1,13.31,13.00,12.00,1545545,89606,5.8,0,0,0.0,1007,471,49,6.93,2.99,11.91,12.85,2451,4
2026-05-17 18:53:48,3.0,12.76,12.90,12.03,1545545,89603,5.8,0,0,0.0,1007,471,49,8.63,2.86,11.37,12.79,2460,6
2026-05-17 18:54:49,3.0,12.03,12.64,11.99,1545545,89604,5.8,0,0,0.0,1007,471,49,6.99,2.78,11.59,12.43,2449,12
2026-05-17 18:55:49,2.0,11.72,12.47,11.98,1545545,89605,5.8,0,0,0.0,1007,471,49,5.46,2.73,12.04,12.61,2444,4
2026-05-17 18:56:49,3.3,12.29,12.53,12.03,1545545,89655,5.8,0,0,0.0,1007,471,49,7.19,3.04,12.23,12.37,2453,8
2026-05-17 18:57:50,3.4,11.73,12.33,11.99,1545545,89673,5.8,0,0,0.0,1007,471,49,5.55,3.11,11.66,12.62,2448,5
2026-05-17 18:58:50,3.3,11.61,12.19,11.97,1545545,89665,5.8,0,0,0.0,1007,471,49,5.19,2.71,11.72,12.69,2453,7
2026-05-17 18:59:50,2.7,11.60,12.11,11.95,1545545,89698,5.8,0,0,0.0,1007,471,49,6.47,2.70,11.83,12.35,2466,7
2026-05-17 19:00:51,2.7,11.50,12.00,11.93,1545545,89666,5.8,0,0,0.0,1007,471,49,7.29,2.95,11.35,12.41,2463,4
2026-05-17 19:01:51,3.6,12.47,12.20,12.00,1545545,89679,5.8,0,0,0.0,1007,471,49,9.37,39.57,11.73,12.38,2472,4
2026-05-17 19:02:51,2.3,13.32,12.53,12.13,1545545,89692,5.8,0,0,0.0,1007,471,49,6.48,2.98,11.71,12.79,2466,2
2026-05-17 19:03:52,3.1,13.57,12.60,12.17,1545545,89667,5.8,0,0,0.0,1007,471,49,6.72,2.57,11.65,12.24,2459,6
2026-05-17 19:04:52,3.0,12.43,12.45,12.14,1545545,89676,5.8,0,0,0.0,1007,471,49,6.37,2.76,11.55,12.64,2456,4
2026-05-17 19:05:52,3.2,14.09,12.83,12.29,1545545,89692,5.8,0,0,0.0,1007,471,49,7.56,2.83,11.82,12.37,2460,5
2026-05-17 19:06:53,3.1,13.19,12.76,12.30,1545545,89694,5.8,0,0,0.0,1007,471,49,6.18,2.79,11.99,12.37,2452,5
2026-05-17 19:07:53,1.9,14.83,13.52,12.60,1545545,89711,5.8,0,0,0.0,1007,471,49,6.41,2.88,11.61,12.62,2446,3
2026-05-17 19:08:53,2.9,14.82,13.62,12.68,1545545,89725,5.8,0,0,0.0,1007,471,49,7.09,2.84,12.09,12.25,2462,6
2026-05-17 19:09:54,2.0,15.86,14.13,12.92,1545545,89748,5.8,0,0,0.0,1007,471,49,6.23,2.88,11.61,12.41,2454,3
2026-05-17 19:10:54,1.7,14.15,14.14,13.01,1545545,89707,5.8,0,0,0.0,1007,471,49,4.44,2.64,11.81,12.22,2449,4
2026-05-17 19:11:54,1.8,14.11,14.08,13.06,1545545,89717,5.8,0,0,0.0,1007,471,49,5.45,2.93,11.99,12.46,2445,4
2026-05-17 19:12:55,1.9,14.60,14.30,13.20,1545545,89732,5.8,0,0,0.0,1007,471,49,5.42,2.96,11.83,12.09,2447,4
2026-05-17 19:13:55,2.5,14.91,14.55,13.36,1545545,89745,5.8,0,0,0.0,1007,471,49,5.79,2.76,11.59,12.46,2442,4
2026-05-17 19:14:56,3.7,15.66,14.86,13.55,1545545,89602,5.8,0,0,0.0,1007,471,49,6.82,2.79,11.68,12.45,2447,5
2026-05-17 19:15:56,3.3,16.26,15.30,13.79,1545545,89608,5.8,0,0,0.0,1007,471,49,6.61,2.80,11.50,12.47,2448,7
2026-05-17 19:16:56,3.4,15.23,15.16,13.83,1545545,89628,5.8,0,0,0.0,1007,471,49,5.01,3.04,11.82,12.33,2460,11
2026-05-17 19:17:57,2.9,14.92,15.11,13.90,1545545,89655,5.8,0,0,0.0,1007,471,49,3.76,3.04,11.46,12.85,2461,2
2026-05-17 19:18:57,1.9,16.57,15.45,14.08,1545545,89658,5.8,0,0,0.0,1007,471,49,4.78,2.73,12.20,12.19,2467,4
2026-05-17 19:19:57,1.9,13.16,14.68,13.90,1545545,89650,5.8,0,0,0.0,1007,471,49,4.01,2.82,12.19,12.16,2472,5
2026-05-17 19:20:58,3.3,14.73,14.91,14.03,1545545,89644,5.8,0,0,0.0,1007,471,49,6.01,2.80,11.64,12.68,2478,5
2026-05-17 19:21:58,2.1,14.34,14.72,14.02,1545545,89641,5.8,0,0,0.0,1007,471,49,7.68,2.77,11.78,12.20,2475,3
2026-05-17 19:22:58,1.9,15.25,14.76,14.07,1545545,89670,5.8,0,0,0.0,1007,471,49,5.75,2.95,12.08,12.19,2477,7
2026-05-17 19:23:59,2.9,14.67,14.62,14.06,1545545,89680,5.8,0,0,0.0,1007,471,49,8.21,2.70,11.44,12.65,2470,9
2026-05-17 19:24:59,1.9,16.33,15.04,14.23,1545545,89658,5.8,0,0,0.0,1007,471,49,7.21,2.66,11.15,12.52,2458,3
2026-05-17 19:25:59,6.8,15.43,14.97,14.26,1545545,89683,5.8,0,0,0.0,1007,471,49,4.14,2.96,11.53,12.50,2456,23
2026-05-17 19:27:00,1.8,13.65,14.60,14.17,1545545,89675,5.8,0,0,0.0,1007,471,49,8.51,2.94,11.80,12.59,2457,3
2026-05-17 19:28:00,3.2,13.66,14.46,14.16,1545545,89688,5.8,0,0,0.0,1007,471,49,8.98,2.78,11.45,12.22,2475,4
2026-05-17 19:29:00,2.9,13.24,14.17,14.08,1545545,89704,5.8,0,0,0.0,1007,471,49,5.69,2.95,11.89,12.58,2466,4
2026-05-17 19:30:01,4.4,12.79,13.86,13.97,1545545,89677,5.8,0,0,0.0,1007,471,49,7.10,3.33,11.42,12.23,2469,75
2026-05-17 19:31:01,2.1,12.23,13.50,13.84,1545545,89667,5.8,0,0,0.0,1007,471,49,6.02,3.02,11.53,12.48,2468,4
2026-05-17 19:32:01,2.9,14.27,13.72,13.89,1545545,89679,5.8,0,0,0.0,1007,471,49,4.37,2.84,11.68,12.74,2472,5
2026-05-17 19:33:02,3.0,14.48,13.92,13.95,1545545,89703,5.8,0,0,0.0,1007,471,49,4.73,2.74,11.44,12.22,2456,5
2026-05-17 19:34:02,3.1,13.63,13.78,13.90,1545545,89709,5.8,0,0,0.0,1007,471,49,6.68,2.99,11.12,12.68,2467,10
2026-05-17 19:35:02,3.1,13.06,13.52,13.79,1545545,89699,5.8,0,0,0.0,1007,471,49,5.71,2.79,11.58,12.34,2467,11
2026-05-17 19:36:03,2.1,14.60,14.01,13.95,1545545,89628,5.8,0,0,0.0,1007,471,49,8.57,2.79,11.89,12.60,2479,4
2026-05-17 19:37:03,1.7,14.13,14.01,13.96,1545545,89666,5.8,0,0,0.0,1007,471,49,6.03,2.79,11.68,12.16,2482,4
2026-05-17 19:38:03,1.9,14.36,14.18,14.02,1545545,89707,5.8,0,0,0.0,1007,471,49,7.09,2.97,11.64,12.30,2486,7
2026-05-17 19:39:04,1.7,13.03,13.89,13.93,1545545,89704,5.8,0,0,0.0,1007,471,49,6.48,2.84,11.92,12.63,2490,6
2026-05-17 19:40:04,1.9,11.79,13.38,13.76,1545545,89647,5.8,0,0,0.0,1007,471,49,3.62,2.84,11.63,12.04,2487,8
2026-05-17 19:41:05,1.9,13.32,13.60,13.81,1545545,89664,5.8,0,0,0.0,1007,471,49,6.16,2.82,11.49,12.29,2480,5
2026-05-17 19:42:05,8.6,12.19,13.20,13.66,1545545,89678,5.8,0,0,0.0,1007,471,49,6.21,2.83,12.00,11.97,2477,5
2026-05-17 19:43:05,2.1,13.34,13.31,13.67,1545545,89699,5.8,0,0,0.0,1007,471,49,8.44,2.90,11.91,12.27,2475,4
2026-05-17 19:44:06,3.3,14.09,13.59,13.74,1545545,89620,5.8,0,0,0.0,1007,471,49,8.73,2.77,11.50,12.61,2480,8
2026-05-17 19:45:06,1.9,13.14,13.59,13.74,1545545,89715,5.8,0,0,0.0,1007,471,49,4.96,2.89,11.66,12.27,2467,5
2026-05-17 19:46:06,2.0,13.49,13.57,13.72,1545545,89710,5.8,0,0,0.0,1007,471,49,8.28,2.86,11.47,12.11,2462,4
2026-05-17 19:47:07,2.9,12.03,13.12,13.56,1545545,89699,5.8,0,0,0.0,1007,471,49,6.38,3.06,11.99,12.04,2491,12
2026-05-17 19:48:07,1.6,12.83,13.17,13.55,1545545,89719,5.8,0,0,0.0,1007,471,49,7.74,2.72,11.49,12.38,2499,3
2026-05-17 19:49:07,2.9,21.90,15.52,14.32,1545545,89714,5.8,0,0,0.0,1007,471,49,7.25,3.08,11.81,12.47,2481,5
2026-05-17 19:50:08,2.0,16.49,15.23,14.30,1545545,89634,5.8,0,0,0.0,1007,471,49,8.23,2.88,11.21,12.24,2493,11
2026-05-17 19:51:08,3.2,13.62,14.61,14.14,1545545,89631,5.8,0,0,0.0,1007,471,49,8.97,2.49,11.38,12.13,2483,6
2026-05-17 19:52:08,1.8,12.51,14.18,14.02,1545545,89707,5.8,0,0,0.0,1007,471,49,9.62,2.83,11.84,12.42,2449,3
2026-05-17 19:53:09,1.8,13.36,14.14,14.02,1545545,89761,5.8,0,0,0.0,1007,471,49,5.29,2.83,11.88,12.02,2455,2
2026-05-17 19:54:09,3.1,13.10,13.94,13.96,1545545,89742,5.8,0,0,0.0,1007,471,49,8.84,2.95,11.25,12.42,2462,4
2026-05-17 19:55:09,4.6,12.65,13.79,13.91,1545545,89687,5.8,0,0,0.0,1007,471,49,6.66,2.86,11.54,12.17,2462,19
2026-05-17 19:56:10,3.0,12.50,13.61,13.85,1545545,89670,5.8,0,0,0.0,1007,471,49,3.44,2.74,11.61,12.20,2460,7
2026-05-17 19:57:10,1.8,12.99,13.54,13.81,1545545,89656,5.8,0,0,0.0,1007,471,49,5.58,2.95,11.68,12.21,2458,7
2026-05-17 19:58:10,2.1,12.86,13.36,13.72,1545545,89744,5.8,0,0,0.0,1007,471,49,4.54,2.92,11.46,12.11,2458,24
2026-05-17 19:59:11,1.7,11.73,12.89,13.54,1545545,89743,5.8,0,0,0.0,1007,471,49,4.23,2.85,12.11,12.29,2460,2
2026-05-17 20:00:11,2.5,12.12,12.77,13.45,1545545,89738,5.8,0,0,0.0,1007,471,49,8.35,2.99,11.59,11.94,2456,15
2026-05-17 20:01:11,1.8,11.40,12.43,13.29,1545545,89592,5.8,0,0,0.0,1007,471,49,6.77,36.98,11.91,12.07,2467,3
2026-05-17 20:02:12,2.2,11.59,12.29,13.19,1545545,89568,5.8,0,0,0.0,1007,471,49,6.05,2.97,11.53,12.20,2484,4
2026-05-17 20:03:12,2.9,11.16,11.99,13.02,1545545,89520,5.8,0,0,0.0,1007,471,49,8.85,2.64,11.81,12.05,2486,4
2026-05-17 20:04:12,2.0,11.12,11.77,12.87,1545545,89651,5.8,0,0,0.0,1007,471,49,6.77,2.95,11.86,12.02,2480,3
2026-05-17 20:05:13,2.0,16.59,13.27,13.32,1545545,89614,5.8,0,0,0.0,1007,471,49,5.01,2.80,11.73,12.24,2463,5
2026-05-17 20:06:13,2.8,15.24,13.49,13.39,1545545,89619,5.8,0,0,0.0,1007,471,49,8.17,2.39,11.26,12.14,2457,5
2026-05-17 20:07:13,3.0,13.91,13.58,13.44,1545545,89615,5.8,0,0,0.0,1007,471,49,9.88,2.82,11.47,12.28,2460,6
2026-05-17 20:08:14,2.9,12.61,13.25,13.33,1545545,89620,5.8,0,0,0.0,1007,471,49,8.23,2.89,11.46,12.34,2445,5
2026-05-17 20:09:14,1.6,11.95,12.90,13.20,1545545,89567,5.8,0,0,0.0,1007,471,49,9.36,2.89,11.99,12.28,2457,13
2026-05-17 20:10:14,1.7,10.94,12.44,13.02,1545545,89540,5.8,0,0,0.0,1007,471,49,6.37,2.68,11.73,11.88,2458,3
2026-05-17 20:11:15,3.0,12.27,12.56,13.02,1545545,89632,5.8,0,0,0.0,1007,471,49,6.06,2.66,11.26,12.05,2466,7
2026-05-17 20:12:15,2.0,11.42,12.27,12.90,1545545,89634,5.8,0,0,0.0,1007,471,49,7.86,2.98,11.87,12.21,2472,2
2026-05-17 20:13:16,1.5,11.08,12.00,12.76,1545545,89639,5.8,0,0,0.0,1007,471,49,4.97,2.84,11.47,12.09,2471,9
2026-05-17 20:14:16,1.9,11.37,11.92,12.68,1545545,89650,5.8,0,0,0.0,1007,471,49,6.82,2.91,11.77,12.28,2453,3
2026-05-17 20:15:16,1.8,11.60,11.88,12.62,1545545,89590,5.8,0,0,0.0,1007,471,49,5.53,2.73,11.94,11.99,2473,6
2026-05-17 20:16:17,2.0,14.84,12.83,12.91,1545545,89575,5.8,0,0,0.0,1007,471,49,7.28,2.88,11.21,12.27,2458,2
2026-05-17 20:17:17,1.8,13.24,12.76,12.88,1545545,89654,5.8,0,0,0.0,1007,471,49,6.75,2.85,11.73,12.18,2461,2
2026-05-17 20:18:17,1.9,12.15,12.52,12.79,1545545,89657,5.8,0,0,0.0,1007,471,49,6.80,2.86,11.36,12.14,2465,9
2026-05-17 20:19:18,5.2,11.97,12.41,12.73,1545545,89730,5.8,0,0,0.0,1007,471,49,7.88,2.80,11.44,12.11,2477,9
2026-05-17 20:20:18,1.8,16.81,13.75,13.17,1545545,89630,5.8,0,0,0.0,1007,471,49,6.90,2.93,11.71,12.27,2467,5
2026-05-17 20:21:18,2.0,15.28,13.80,13.22,1545545,89599,5.8,0,0,0.0,1007,471,49,6.00,2.74,11.93,11.96,2470,6
2026-05-17 20:22:19,1.7,14.94,14.01,13.33,1545545,89567,5.8,0,0,0.0,1007,471,49,6.73,2.95,11.77,11.92,2458,4
2026-05-17 20:23:19,1.7,12.51,13.49,13.19,1545545,89672,5.8,0,0,0.0,1007,471,49,5.82,2.61,11.97,12.04,2449,4
2026-05-17 20:24:19,2.3,11.94,13.14,13.09,1545545,89688,5.8,0,0,0.0,1007,471,49,8.19,2.89,12.05,12.21,2442,19
2026-05-17 20:25:20,2.1,10.81,12.61,12.91,1545545,89659,5.8,0,0,0.0,1007,471,49,7.19,2.79,11.66,11.87,2436,2
2026-05-17 20:26:20,8.9,12.46,12.77,12.94,1545545,89654,5.8,0,0,0.0,1007,471,49,9.14,2.76,11.04,12.15,2436,17
2026-05-17 20:27:20,1.7,13.45,12.99,13.00,1545545,89640,5.8,0,0,0.0,1007,471,49,10.43,2.96,11.09,12.11,2449,2
2026-05-17 20:28:21,1.9,11.35,12.48,12.83,1545545,89638,5.8,0,0,0.0,1007,471,49,9.76,2.79,11.88,11.93,2451,3
2026-05-17 20:29:21,3.3,13.80,12.87,12.93,1545545,89654,5.8,0,0,0.0,1007,471,49,4.64,2.81,11.31,12.72,2452,3
2026-05-17 20:30:21,2.9,12.98,12.76,12.89,1545545,89706,5.8,0,0,0.0,1007,471,49,6.34,2.77,11.38,12.02,2444,6
2026-05-17 20:31:22,1.8,12.31,12.63,12.84,1545545,89689,5.8,0,0,0.0,1007,471,49,9.76,2.85,11.60,12.17,2447,2
2026-05-17 20:32:22,1.9,12.95,12.64,12.82,1545545,89693,5.8,0,0,0.0,1007,471,49,3.44,2.76,11.92,11.95,2441,4
2026-05-17 20:33:22,1.8,13.28,12.85,12.88,1545545,89690,5.8,0,0,0.0,1007,471,49,6.96,2.77,11.54,12.39,2441,5
2026-05-17 20:34:23,1.8,11.65,12.45,12.74,1545545,89674,5.8,0,0,0.0,1007,471,49,9.34,2.88,11.54,12.44,2441,4
2026-05-17 20:35:23,1.7,12.52,12.54,12.75,1545545,89640,5.8,0,0,0.0,1007,471,49,3.08,2.76,11.49,12.06,2447,2
2026-05-17 20:36:23,1.8,11.36,12.16,12.61,1545545,89704,5.8,0,0,0.0,1007,471,49,6.55,3.03,11.78,11.94,2441,5
2026-05-17 20:37:24,3.1,13.25,12.47,12.68,1545545,89717,5.8,0,0,0.0,1007,471,49,9.86,2.59,11.45,12.18,2451,5
2026-05-17 20:38:24,1.6,13.57,12.71,12.75,1545545,89729,5.8,0,0,0.0,1007,471,49,12.33,2.82,11.63,12.17,2461,4
2026-05-17 20:39:24,1.6,11.45,12.26,12.59,1545545,89712,5.8,0,0,0.0,1007,471,49,12.62,2.84,11.89,12.09,2468,2
2026-05-17 20:40:25,2.0,11.02,11.97,12.47,1545545,89650,5.8,0,0,0.0,1007,471,49,6.77,2.83,11.89,11.93,2465,4
2026-05-17 20:41:25,3.8,10.70,11.69,12.34,1545545,89660,5.8,0,0,0.0,1007,471,49,10.74,2.86,11.90,11.99,2467,6
2026-05-17 20:42:25,1.9,10.53,11.46,12.21,1545545,89714,5.8,0,0,0.0,1007,471,49,10.94,2.71,8.07,8.47,2466,2
2026-05-17 20:43:26,1.0,10.98,11.43,12.16,1545545,89720,5.8,0,0,0.0,1007,471,49,5.15,2.76,3.46,4.28,2469,1
2026-05-17 20:44:26,1.2,10.77,11.34,12.08,1545545,89723,5.8,0,0,0.0,1007,471,49,7.12,2.96,5.76,6.52,2461,1
2026-05-17 20:45:26,1.2,10.55,11.16,11.97,1545545,89591,5.8,0,0,0.0,1007,471,49,7.55,2.74,5.95,6.78,2468,2
2026-05-17 20:46:27,1.0,10.23,10.96,11.85,1545545,89556,5.8,0,0,0.0,1007,471,49,4.80,2.92,0.41,1.54,2456,4
2026-05-17 20:47:27,1.0,9.71,10.72,11.71,1545545,89565,5.8,0,0,0.0,1007,471,49,6.06,2.82,4.41,5.22,2448,8
2026-05-17 20:48:27,1.9,9.54,10.48,11.56,1545545,89598,5.8,0,0,0.0,1007,471,49,9.08,2.63,4.77,5.47,2453,2
2026-05-17 20:49:28,1.0,9.73,10.38,11.46,1545545,89548,5.8,0,0,0.0,1007,471,49,5.28,2.90,4.58,5.62,2451,1
2026-05-17 20:50:28,1.0,10.92,10.60,11.47,1545545,89521,5.8,0,0,0.0,1007,471,49,5.60,2.90,10.47,10.80,2458,3
2026-05-17 20:51:29,1.0,11.57,10.83,11.49,1545545,89598,5.8,0,0,0.0,1007,471,49,5.37,2.43,1.99,3.03,2458,9
2026-05-17 20:52:29,1.0,14.11,11.70,11.75,1545545,89591,5.8,0,0,0.0,1007,471,49,6.26,2.78,6.30,7.31,2461,3
2026-05-17 20:53:29,1.9,13.14,11.78,11.77,1545545,89632,5.8,0,0,0.0,1007,471,49,6.05,2.87,3.59,4.36,2448,4
2026-05-17 20:54:30,1.5,14.28,12.33,11.95,1545545,89632,5.8,0,0,0.0,1007,471,49,6.34,3.09,6.22,6.81,2447,2
2026-05-17 20:55:30,1.6,16.02,13.06,12.22,1545545,89555,5.8,0,0,0.0,1007,471,49,9.43,2.77,2.16,3.26,2442,4
2026-05-17 20:56:30,3.5,17.13,14.02,12.61,1545545,89582,5.8,0,0,0.0,1007,471,49,5.05,2.83,11.50,12.02,2451,6
2026-05-17 20:57:31,1.8,14.88,13.96,12.67,1545545,89546,5.8,0,0,0.0,1007,471,49,4.51,2.78,5.70,6.77,2447,3
2026-05-17 20:58:31,2.0,14.95,14.26,12.86,1545545,89661,5.8,0,0,0.0,1007,471,49,5.56,2.88,9.75,11.09,2461,5
2026-05-17 20:59:31,1.5,14.74,14.46,13.03,1545545,89673,5.8,0,0,0.0,1007,471,49,4.37,3.01,9.70,10.31,2468,3
2026-05-17 21:00:32,1.6,13.17,14.00,12.95,1545545,89625,5.8,0,0,0.0,1007,471,49,7.38,2.98,3.58,4.58,2456,2
2026-05-17 21:01:32,1.7,11.15,13.28,12.77,1545545,89614,5.8,0,0,0.0,1007,471,49,6.26,39.66,1.00,2.11,2459,6
2026-05-17 21:02:32,1.1,11.87,13.14,12.76,1545545,89568,5.8,0,0,0.0,1007,471,49,6.21,2.65,6.31,7.01,2461,2
2026-05-17 21:03:33,2.9,10.85,12.62,12.60,1545545,89632,5.8,0,0,0.0,1007,471,49,9.16,2.84,8.04,8.53,2454,4
2026-05-17 21:04:33,4.0,12.60,12.98,12.74,1545545,89670,5.8,0,0,0.0,1007,471,49,8.81,2.90,7.71,9.19,2464,4
2026-05-17 21:05:33,1.8,13.31,13.18,12.82,1545545,89662,5.8,0,0,0.0,1007,471,49,5.38,2.85,10.94,11.98,2460,2
2026-05-17 21:06:34,1.4,13.58,13.43,12.94,1545545,89639,5.8,0,0,0.0,1007,471,49,12.27,2.47,8.17,9.69,2466,4
2026-05-17 21:07:34,1.5,11.91,13.03,12.84,1545545,89616,5.8,0,0,0.0,1007,471,49,12.30,2.86,4.04,4.84,2461,3
2026-05-17 21:08:34,3.1,14.91,13.42,12.97,1545545,89657,5.8,0,0,0.0,1007,471,49,5.86,2.87,9.36,10.70,2460,3
2026-05-17 21:09:35,1.9,13.95,13.42,13.00,1545545,89650,5.8,0,0,0.0,1007,471,49,6.80,2.77,10.20,11.42,2463,4
2026-05-17 21:10:35,1.1,11.43,12.77,12.80,1545545,89643,5.8,0,0,0.0,1007,471,49,4.26,2.89,4.82,5.55,2462,3
2026-05-17 21:11:35,1.9,10.94,12.36,12.65,1545545,89674,5.8,0,0,0.0,1007,471,49,2.02,2.90,1.64,2.73,2451,3
2026-05-17 21:12:36,1.2,10.71,12.03,12.52,1545545,89673,5.8,0,0,0.0,1007,471,49,3.70,2.64,4.02,4.87,2459,4
2026-05-17 21:13:36,2.6,10.76,11.80,12.40,1545545,89689,5.8,0,0,0.0,1007,471,49,3.89,2.82,6.86,7.45,2466,5
2026-05-17 21:14:36,1.3,10.28,11.47,12.25,1545545,89679,5.8,0,0,0.0,1007,471,49,4.78,2.88,1.66,2.66,2447,4
2026-05-17 21:15:37,1.2,10.31,11.27,12.13,1545545,89577,5.8,0,0,0.0,1007,471,49,8.19,2.93,3.32,4.30,2457,3
2026-05-17 21:16:37,3.1,11.37,11.29,12.08,1545545,89614,5.8,0,0,0.0,1007,471,49,4.44,2.88,4.43,5.23,2461,5
2026-05-17 21:17:37,1.1,11.27,11.27,12.02,1545545,89706,5.8,0,0,0.0,1007,471,49,5.30,3.04,5.59,6.44,2458,6
2026-05-17 21:18:38,1.3,15.98,12.83,12.52,1545545,89740,5.8,0,0,0.0,1007,471,49,7.77,2.81,0.81,1.94,2463,5
2026-05-17 21:19:38,2.1,12.71,12.44,12.40,1545545,89726,5.8,0,0,0.0,1007,471,49,6.79,2.82,8.34,8.74,2450,10
2026-05-17 21:20:38,1.7,11.34,12.10,12.29,1545545,89684,5.8,0,0,0.0,1007,471,49,5.51,2.88,7.93,8.44,2455,3
2026-05-17 21:21:39,1.3,11.10,11.92,12.21,1545545,89599,5.8,0,0,0.0,1007,471,49,7.60,2.93,4.47,5.21,2466,7
2026-05-17 21:22:39,1.8,11.47,11.82,12.16,1545545,89651,5.8,0,0,0.0,1007,471,49,7.16,2.73,9.37,9.69,2455,3
2026-05-17 21:23:39,1.0,12.78,12.12,12.24,1545545,89746,5.8,0,0,0.0,1007,471,49,5.36,2.82,9.13,9.53,2453,4
2026-05-17 21:24:40,1.6,10.75,11.65,12.07,1545545,89737,5.8,0,0,0.0,1007,471,49,9.55,2.71,0.83,1.93,2455,2
2026-05-17 21:25:40,6.9,19.45,13.39,12.60,1545545,89735,5.8,0,0,0.0,1007,471,49,8.09,2.90,6.01,6.83,2456,4
2026-05-17 21:26:40,1.9,17.52,13.87,12.81,1545545,89720,5.8,0,0,0.0,1007,471,49,6.05,3.02,11.79,12.82,2446,8
2026-05-17 21:27:41,3.0,15.03,13.86,12.88,1545545,89723,5.8,0,0,0.0,1007,471,49,8.22,2.78,10.52,11.40,2443,6
2026-05-17 21:28:41,3.3,13.73,13.80,12.93,1545545,89733,5.8,0,0,0.0,1007,471,49,6.60,2.92,11.10,11.88,2451,4
2026-05-17 21:29:41,1.4,11.83,13.34,12.83,1545545,89664,5.8,0,0,0.0,1007,471,49,5.66,2.93,3.00,3.94,2458,4
2026-05-17 21:30:42,1.1,11.39,12.89,12.71,1545545,89645,5.8,0,0,0.0,1007,471,49,7.63,2.61,6.17,6.86,2449,3
2026-05-17 21:31:42,1.1,10.69,12.45,12.57,1545545,89714,5.8,0,0,0.0,1007,471,49,6.19,3.02,0.80,1.90,2462,2
2026-05-17 21:32:42,1.5,10.26,11.99,12.40,1545545,89623,5.8,0,0,0.0,1007,471,49,4.64,2.81,0.79,1.93,2455,2
2026-05-17 21:33:43,2.0,11.09,11.90,12.34,1545545,89639,5.8,0,0,0.0,1007,471,49,6.02,2.83,7.84,8.26,2459,6
2026-05-17 21:34:43,1.2,12.02,12.03,12.36,1545545,89628,5.8,0,0,0.0,1007,471,49,4.77,2.66,11.63,13.58,2458,3
2026-05-17 21:35:43,2.8,13.01,12.37,12.46,1545545,89579,5.8,0,0,0.0,1007,471,49,4.46,2.91,11.15,11.92,2452,21
2026-05-17 21:36:44,1.0,12.20,12.27,12.42,1545545,89526,5.8,0,0,0.0,1007,471,49,4.18,3.02,9.51,10.19,2440,4
2026-05-17 21:37:44,1.9,11.06,11.89,12.27,1545545,89662,5.8,0,0,0.0,1007,471,49,6.13,2.82,2.32,3.29,2453,5
2026-05-17 21:38:44,7.7,10.48,11.57,12.14,1545545,89636,5.8,0,0,0.0,1007,471,49,8.68,2.68,3.05,3.93,2456,25
2026-05-17 21:39:45,1.0,10.51,11.45,12.06,1545545,89643,5.8,0,0,0.0,1007,471,49,9.69,2.75,7.99,8.64,2461,2
2026-05-17 21:40:45,1.2,11.94,11.63,12.08,1545545,89607,5.8,0,0,0.0,1007,471,49,5.47,2.95,9.18,10.12,2477,4
2026-05-17 21:41:45,3.1,10.94,11.39,11.97,1545545,89574,5.8,0,0,0.0,1007,471,49,7.16,2.98,2.08,3.01,2485,5
2026-05-17 21:42:46,1.3,11.12,11.34,11.91,1545545,89568,5.8,0,0,0.0,1007,471,49,5.72,2.66,7.04,8.09,2478,1
2026-05-17 21:43:46,2.1,10.86,11.18,11.82,1545545,89584,5.8,0,0,0.0,1007,471,49,4.23,2.89,2.90,4.02,2479,4
2026-05-17 21:44:47,1.2,10.03,10.90,11.68,1545545,89653,5.8,0,0,0.0,1007,471,49,5.90,2.53,1.09,2.13,2470,2
2026-05-17 21:45:47,0.9,10.15,10.79,11.60,1545545,89633,5.8,0,0,0.0,1007,471,49,4.47,2.93,7.33,7.98,2460,1
2026-05-17 21:46:47,0.9,10.31,10.75,11.53,1545545,89606,5.8,0,0,0.0,1007,471,49,4.92,2.81,4.87,5.58,2464,2
2026-05-17 21:47:48,1.8,10.97,10.80,11.49,1545545,89639,5.8,0,0,0.0,1007,471,49,7.47,2.85,6.85,7.93,2464,2
2026-05-17 21:48:48,3.2,10.51,10.68,11.40,1545545,89623,5.8,0,0,0.0,1007,471,49,5.00,2.88,5.40,6.19,2452,4
2026-05-17 21:49:48,1.0,10.20,10.59,11.33,1545545,89579,5.8,0,0,0.0,1007,471,49,5.35,2.62,7.28,7.88,2456,2
2026-05-17 21:50:49,3.6,10.74,10.64,11.30,1545545,89673,5.8,0,0,0.0,1007,471,49,5.97,2.86,3.52,4.56,2449,5
2026-05-17 21:51:49,1.2,11.44,10.92,11.35,1545545,89651,5.8,0,0,0.0,1007,471,49,4.79,3.01,11.02,12.28,2464,4
2026-05-17 21:52:49,1.1,10.61,10.80,11.28,1545545,89647,5.8,0,0,0.0,1007,471,49,4.82,2.80,5.59,6.29,2471,7
2026-05-17 21:53:50,1.6,10.07,10.62,11.19,1545545,89678,5.8,0,0,0.0,1007,471,49,6.27,2.71,1.61,2.67,2476,5
2026-05-17 21:54:50,1.5,10.33,10.55,11.13,1545545,89610,5.8,0,0,0.0,1007,471,49,7.91,2.82,1.21,2.28,2475,1
2026-05-17 21:55:50,1.2,10.39,10.50,11.07,1545545,89569,5.8,0,0,0.0,1007,471,49,5.53,2.93,2.57,3.63,2474,4
2026-05-17 21:56:51,1.8,10.24,10.41,11.00,1545545,89706,5.8,0,0,0.0,1007,471,49,6.45,2.97,4.08,4.82,2461,4
2026-05-17 21:57:51,3.5,10.43,10.38,10.95,1545545,89703,5.8,0,0,0.0,1007,471,49,5.21,2.74,6.17,7.15,2449,11
2026-05-17 21:58:51,1.2,10.30,10.37,10.91,1545545,89678,5.8,0,0,0.0,1007,471,49,4.41,2.81,1.30,2.49,2454,1
2026-05-17 21:59:52,1.5,10.05,10.28,10.85,1545545,89700,5.8,0,0,0.0,1007,471,49,6.83,2.89,1.22,2.30,2468,4
2026-05-17 22:00:52,1.5,11.09,10.51,10.89,1545545,89724,5.8,0,0,0.0,1007,471,49,3.89,2.81,3.31,4.21,2461,2
2026-05-17 22:01:52,1.3,10.27,10.40,10.83,1545545,89624,5.8,0,0,0.0,1007,471,49,6.33,37.43,2.11,3.11,2463,3
2026-05-17 22:02:53,1.3,9.98,10.28,10.76,1545545,89628,5.8,0,0,0.0,1007,471,49,7.13,2.77,5.21,5.94,2465,5
2026-05-17 22:03:53,1.1,10.29,10.33,10.74,1545545,89735,5.8,0,0,0.0,1007,471,49,8.08,2.79,6.45,7.08,2457,5
2026-05-17 22:04:53,1.6,10.47,10.33,10.71,1545545,89645,5.8,0,0,0.0,1007,471,49,7.20,2.68,4.30,5.07,2449,4
2026-05-17 22:05:54,1.1,10.98,10.60,10.79,1545545,89711,5.8,0,0,0.0,1007,471,49,5.86,2.85,9.24,10.04,2459,3
2026-05-17 22:06:54,1.3,10.44,10.47,10.73,1545545,89731,5.8,0,0,0.0,1007,471,49,4.43,2.83,6.59,7.22,2469,6
2026-05-17 22:07:54,1.4,11.62,10.80,10.82,1545545,89717,5.8,0,0,0.0,1007,471,49,4.64,2.79,7.59,8.17,2470,3
2026-05-17 22:08:55,1.1,10.13,10.55,10.74,1545545,89716,5.8,0,0,0.0,1007,471,49,8.63,2.71,3.22,4.15,2459,2
2026-05-17 22:09:55,1.8,15.24,12.15,11.29,1545545,89725,5.8,0,0,0.0,1007,471,49,4.91,2.86,1.59,2.82,2469,9
2026-05-17 22:10:55,2.2,12.34,11.88,11.25,1545545,89680,5.8,0,0,0.0,1007,471,49,5.71,2.92,5.70,6.38,2474,7
2026-05-17 22:11:56,1.6,12.50,12.03,11.34,1545545,89634,5.8,0,0,0.0,1007,471,49,10.07,2.91,10.69,11.61,2460,3
2026-05-17 22:12:56,2.2,12.05,11.93,11.34,1545545,89756,5.8,0,0,0.0,1007,471,49,8.95,2.77,4.39,5.32,2448,8
2026-05-17 22:13:56,1.1,10.93,11.65,11.28,1545545,89746,5.8,0,0,0.0,1007,471,49,5.45,2.83,5.99,6.77,2455,6
2026-05-17 22:14:57,2.2,11.14,11.56,11.27,1545545,89767,5.8,0,0,0.0,1007,471,49,5.99,2.81,10.57,10.76,2450,4
2026-05-17 22:15:57,1.5,10.45,11.30,11.20,1545545,89681,5.8,0,0,0.0,1007,471,49,6.04,2.95,4.82,5.55,2444,1
2026-05-17 22:16:57,1.0,10.61,11.23,11.19,1545545,89549,5.8,0,0,0.0,1007,471,49,5.17,2.89,6.14,6.98,2457,3
2026-05-17 22:17:58,2.0,10.70,11.12,11.15,1545545,89611,5.8,0,0,0.0,1007,471,49,6.80,2.91,7.77,8.27,2458,11
2026-05-17 22:18:58,1.0,10.23,10.94,11.08,1545545,89658,5.8,0,0,0.0,1007,471,49,9.52,2.76,4.67,5.46,2464,7
2026-05-17 22:19:59,2.0,9.94,10.77,11.02,1545545,89691,5.8,0,0,0.0,1007,471,49,7.83,2.68,1.25,2.23,2473,5
2026-05-17 22:20:59,1.2,11.30,11.06,11.10,1545545,89633,5.8,0,0,0.0,1007,471,49,9.99,2.93,10.58,11.61,2480,4
2026-05-17 22:21:59,1.8,12.04,11.26,11.17,1545545,89625,5.8,0,0,0.0,1007,471,49,8.23,2.95,2.61,3.61,2473,5
2026-05-17 22:23:00,1.9,11.67,11.43,11.24,1545545,89611,5.8,0,0,0.0,1007,471,49,6.86,2.82,4.97,6.22,2477,3
2026-05-17 22:24:00,3.0,12.20,11.56,11.29,1545545,89582,5.8,0,0,0.0,1007,471,49,8.21,2.75,7.67,8.78,2478,3
2026-05-17 22:25:00,1.9,11.61,11.49,11.29,1545545,89682,5.8,0,0,0.0,1007,471,49,5.91,2.82,6.89,8.42,2475,3
2026-05-17 22:26:01,3.3,10.93,11.33,11.24,1545545,89669,5.8,0,0,0.0,1007,471,49,5.77,2.84,9.00,9.34,2466,7
2026-05-17 22:27:01,2.8,10.74,11.20,11.20,1545545,89686,5.8,0,0,0.0,1007,471,49,5.07,3.34,9.69,10.17,2461,3
2026-05-17 22:28:01,1.9,11.38,11.29,11.23,1545545,89676,5.8,0,0,0.0,1007,471,49,6.23,2.70,7.52,8.13,2465,5
2026-05-17 22:29:02,1.2,10.91,11.16,11.19,1545545,89642,5.8,0,0,0.0,1007,471,49,5.28,2.89,2.22,3.17,2456,3
2026-05-17 22:30:02,1.9,10.47,11.02,11.14,1545545,89657,5.8,0,0,0.0,1007,471,49,7.56,3.00,6.95,7.61,2454,2
2026-05-17 22:31:02,1.1,11.32,11.25,11.21,1545545,89613,5.8,0,0,0.0,1007,471,49,6.08,2.48,9.55,9.90,2449,2
2026-05-17 22:32:03,1.6,10.17,10.92,11.10,1545545,89676,5.8,0,0,0.0,1007,471,49,7.43,2.97,6.67,7.31,2463,2
2026-05-17 22:33:03,1.2,12.71,11.34,11.22,1545545,89682,5.8,0,0,0.0,1007,471,49,5.26,2.78,6.08,7.32,2466,4
2026-05-17 22:34:03,2.2,12.54,11.50,11.28,1545545,89675,5.8,0,0,0.0,1007,471,49,5.84,2.84,11.36,11.53,2462,2
2026-05-17 22:35:04,1.2,11.29,11.34,11.24,1545545,89660,5.8,0,0,0.0,1007,471,49,6.54,2.69,7.14,7.72,2460,5
2026-05-17 22:36:04,1.3,11.86,11.49,11.30,1545545,89674,5.8,0,0,0.0,1007,471,49,9.87,2.85,5.28,5.96,2464,2
2026-05-17 22:37:04,1.3,11.39,11.43,11.29,1545545,89612,5.8,0,0,0.0,1007,471,49,7.65,3.02,2.54,3.55,2469,5
2026-05-17 22:38:05,1.1,13.64,12.28,11.60,1545545,89701,5.8,0,0,0.0,1007,471,49,7.64,2.83,1.60,2.66,2475,4
2026-05-17 22:39:05,1.7,13.17,12.26,11.63,1545545,89745,5.8,0,0,0.0,1007,471,49,8.82,2.70,1.63,2.69,2485,4
2026-05-17 22:40:05,1.4,14.16,12.66,11.80,1545545,89736,5.8,0,0,0.0,1007,471,49,7.74,2.76,7.10,8.28,2490,5
2026-05-17 22:41:06,1.8,14.11,12.79,11.90,1545545,89723,5.8,0,0,0.0,1007,471,49,5.60,2.86,3.07,3.93,2497,2
2026-05-17 22:42:06,1.5,14.94,13.45,12.19,1545545,89712,5.8,0,0,0.0,1007,471,49,8.82,2.95,9.62,10.92,2497,7
2026-05-17 22:43:06,1.0,11.67,12.88,12.08,1545545,89736,5.8,0,0,0.0,1007,471,49,8.61,2.82,0.82,1.90,2461,1
2026-05-17 22:44:07,1.4,11.60,12.68,12.06,1545545,89746,5.8,0,0,0.0,1007,471,49,3.91,2.77,6.85,7.46,2457,4
2026-05-17 22:45:07,1.0,10.74,12.25,11.95,1545545,89778,5.8,0,0,0.0,1007,471,49,7.25,2.86,4.44,5.19,2455,3
2026-05-17 22:46:07,1.2,11.00,12.04,11.89,1545545,89767,5.8,0,0,0.0,1007,471,49,6.88,2.74,6.50,7.07,2447,2
2026-05-17 22:47:08,1.4,12.87,12.42,12.04,1545545,89763,5.8,0,0,0.0,1007,471,49,5.59,3.05,8.29,9.47,2458,2
2026-05-17 22:48:08,1.9,13.38,12.71,12.16,1545545,89743,5.8,0,0,0.0,1007,471,49,7.89,2.90,9.99,10.24,2460,2
2026-05-17 22:49:08,2.0,12.10,12.42,12.09,1545545,89750,5.8,0,0,0.0,1007,471,49,11.29,2.89,4.39,5.21,2463,5
2026-05-17 22:50:09,3.0,12.16,12.30,12.07,1545545,89711,5.8,0,0,0.0,1007,471,49,6.71,2.60,8.39,9.17,2455,23
2026-05-17 22:51:09,1.3,10.96,11.98,11.98,1545545,89604,5.8,0,0,0.0,1007,471,49,8.03,2.80,4.09,5.72,2461,4
2026-05-17 22:52:09,1.9,10.71,11.69,11.87,1545545,89656,5.8,0,0,0.0,1007,471,49,8.93,3.11,5.61,6.79,2451,3
2026-05-17 22:53:10,5.5,10.73,11.47,11.78,1545545,89736,5.8,0,0,0.0,1007,471,49,3.86,2.96,3.65,4.48,2450,2
2026-05-17 22:54:10,1.2,11.23,11.45,11.75,1545545,89745,5.8,0,0,0.0,1007,471,49,7.26,2.43,3.60,4.58,2465,3
2026-05-17 22:55:10,3.0,11.50,11.55,11.77,1545545,89725,5.8,0,0,0.0,1007,471,49,4.75,2.75,5.65,6.28,2461,6
2026-05-17 22:56:11,1.9,11.22,11.41,11.70,1545545,89738,5.8,0,0,0.0,1007,471,49,7.21,2.82,4.53,5.47,2453,3
2026-05-17 22:57:11,1.7,11.65,11.52,11.72,1545545,89653,5.8,0,0,0.0,1007,471,49,9.51,3.14,2.84,3.69,2456,4
2026-05-17 22:58:12,1.1,10.89,11.29,11.63,1545545,89670,5.8,0,0,0.0,1007,471,49,5.18,2.75,2.91,3.79,2457,7
2026-05-17 22:59:12,1.3,16.11,12.45,11.99,1545545,89781,5.8,0,0,0.0,1007,471,49,6.16,2.84,3.20,4.19,2443,8
2026-05-17 23:00:12,1.1,12.79,12.14,11.91,1545545,89770,5.8,0,0,0.0,1007,471,49,6.57,3.03,1.57,2.66,2455,6
2026-05-17 23:01:13,1.2,10.45,11.57,11.72,1545545,89734,5.8,0,0,0.0,1007,471,49,5.84,37.12,2.41,3.36,2455,1
2026-05-17 23:02:13,4.6,11.07,11.51,11.69,1545545,89727,5.8,0,0,0.0,1007,471,49,7.90,3.07,5.35,6.10,2464,9
2026-05-17 23:03:13,2.0,11.64,11.68,11.74,1545545,89742,5.8,0,0,0.0,1007,471,49,10.85,2.81,8.08,8.51,2483,4
2026-05-17 23:04:14,1.1,10.96,11.49,11.67,1545545,89583,5.8,0,0,0.0,1007,471,49,8.67,2.72,9.19,9.78,2479,2
2026-05-17 23:05:14,1.9,10.88,11.36,11.61,1545545,89636,5.8,0,0,0.0,1007,471,49,6.78,2.79,4.98,5.82,2465,5
2026-05-17 23:06:14,1.7,12.14,11.64,11.70,1545545,89644,5.8,0,0,0.0,1007,471,49,7.05,2.80,11.06,12.39,2471,7
2026-05-17 23:07:15,9.5,11.21,11.45,11.63,1545545,89620,5.8,0,0,0.0,1007,471,49,7.00,3.04,8.15,8.72,2459,18
2026-05-17 23:08:15,1.7,10.20,11.12,11.50,1545545,89666,5.8,0,0,0.0,1007,471,49,6.28,2.38,1.98,2.94,2452,2
2026-05-17 23:09:15,1.2,10.62,11.16,11.50,1545545,89598,5.8,0,0,0.0,1007,471,49,7.58,2.82,5.54,6.78,2455,1
2026-05-17 23:10:16,1.2,12.33,11.52,11.60,1545545,89518,5.8,0,0,0.0,1007,471,49,11.43,2.78,8.31,9.06,2458,6
2026-05-17 23:11:16,3.0,13.94,12.02,11.76,1545545,89659,5.8,0,0,0.0,1007,471,49,5.46,2.86,6.51,7.40,2469,6
2026-05-17 23:12:16,1.1,13.74,12.52,11.96,1545545,89675,5.8,0,0,0.0,1007,471,49,7.97,2.89,7.98,9.33,2458,2
2026-05-17 23:13:17,1.0,11.07,11.97,11.81,1545545,89658,5.8,0,0,0.0,1007,471,49,6.78,2.79,3.72,4.56,2455,4
2026-05-17 23:14:17,1.7,10.00,11.47,11.64,1545545,89692,5.8,0,0,0.0,1007,471,49,8.87,2.87,2.97,3.81,2449,2
2026-05-17 23:15:17,0.9,10.85,11.42,11.61,1545545,89624,5.8,0,0,0.0,1007,471,49,10.77,2.66,4.73,5.50,2440,3
2026-05-17 23:16:18,1.1,10.36,11.20,11.52,1545545,89557,5.8,0,0,0.0,1007,471,49,7.82,2.82,2.02,3.02,2445,7
2026-05-17 23:17:18,1.5,10.26,11.00,11.43,1545545,89543,5.8,0,0,0.0,1007,471,49,4.16,3.09,4.90,5.65,2448,8
2026-05-17 23:18:18,1.0,9.70,10.68,11.29,1545545,89668,5.8,0,0,0.0,1007,471,49,8.91,2.88,0.51,1.60,2450,4
2026-05-17 23:19:19,1.2,9.59,10.46,11.18,1545545,89684,5.8,0,0,0.0,1007,471,49,9.01,2.68,0.85,1.94,2466,7
2026-05-17 23:20:19,1.7,9.78,10.36,11.10,1545545,89673,5.8,0,0,0.0,1007,471,49,4.75,2.75,2.94,3.91,2470,2
2026-05-17 23:21:19,2.1,9.97,10.29,11.02,1545545,89657,5.8,0,0,0.0,1007,471,49,7.66,2.96,3.70,4.51,2458,16
2026-05-17 23:22:20,1.5,9.97,10.20,10.94,1545545,89571,5.8,0,0,0.0,1007,471,49,5.81,2.86,2.29,3.35,2455,1
2026-05-17 23:23:20,2.1,11.11,10.47,10.99,1545545,89625,5.8,0,0,0.0,1007,471,49,5.80,2.88,11.83,11.89,2455,6
2026-05-17 23:24:20,3.0,11.96,10.76,11.05,1545545,89732,5.8,0,0,0.0,1007,471,49,9.93,2.83,9.39,10.00,2451,8
2026-05-17 23:25:21,2.8,11.24,10.78,11.04,1545545,89686,5.8,0,0,0.0,1007,471,49,6.85,2.84,6.10,7.19,2445,9
2026-05-17 23:26:21,2.4,11.29,10.90,11.06,1545545,89688,5.8,0,0,0.0,1007,471,49,3.33,2.74,6.77,7.80,2443,4
2026-05-17 23:27:21,2.0,11.16,10.94,11.07,1545545,89684,5.8,0,0,0.0,1007,471,49,7.04,3.06,7.76,8.32,2450,2
2026-05-17 23:28:22,1.3,10.92,10.87,11.03,1545545,89702,5.8,0,0,0.0,1007,471,49,6.96,2.92,5.50,6.25,2479,3
2026-05-17 23:29:22,1.3,10.95,10.85,11.01,1545545,89701,5.8,0,0,0.0,1007,471,49,6.07,2.88,2.03,3.03,2474,4
2026-05-17 23:30:22,2.0,11.65,11.00,11.05,1545545,89659,5.8,0,0,0.0,1007,471,49,7.21,2.69,4.73,5.51,2482,2
2026-05-17 23:31:23,3.0,11.53,11.03,11.05,1545545,89679,5.8,0,0,0.0,1007,471,49,4.75,2.95,6.95,8.21,2488,5
2026-05-17 23:32:23,1.3,10.42,10.84,10.98,1545545,89742,5.8,0,0,0.0,1007,471,49,6.54,2.62,3.34,4.48,2475,4
2026-05-17 23:33:23,1.0,9.93,10.63,10.90,1545545,89713,5.8,0,0,0.0,1007,471,49,7.28,2.67,0.90,2.01,2458,4
2026-05-17 23:34:24,1.9,11.22,10.92,10.99,1545545,89750,5.8,0,0,0.0,1007,471,49,5.18,2.83,4.92,5.64,2455,5
2026-05-17 23:35:24,1.0,10.82,10.97,11.01,1545545,89696,5.8,0,0,0.0,1007,471,49,5.97,2.82,3.07,4.09,2450,1
2026-05-17 23:36:24,1.6,10.94,10.92,10.99,1545545,89672,5.8,0,0,0.0,1007,471,49,7.77,2.96,2.47,3.39,2460,1
2026-05-17 23:37:25,7.4,10.84,10.87,10.96,1545545,89606,5.8,0,0,0.0,1007,471,49,6.58,2.71,2.88,3.77,2468,4
2026-05-17 23:38:25,2.0,10.28,10.72,10.91,1545545,89650,5.8,0,0,0.0,1007,471,49,7.73,2.97,7.29,7.95,2456,2
2026-05-17 23:39:25,1.0,10.08,10.56,10.84,1545545,89756,5.8,0,0,0.0,1007,471,49,6.60,2.83,2.60,3.55,2461,2
2026-05-17 23:40:26,3.6,10.42,10.54,10.81,1545545,89747,5.8,0,0,0.0,1007,471,49,8.96,2.79,3.03,3.98,2470,5
2026-05-17 23:41:26,1.5,10.99,10.78,10.88,1545545,89741,5.8,0,0,0.0,1007,471,49,9.00,2.74,6.25,6.85,2462,6
2026-05-17 23:42:26,1.2,11.07,10.81,10.89,1545545,89670,5.8,0,0,0.0,1007,471,49,8.92,2.96,0.86,1.91,2453,7
2026-05-17 23:43:27,2.0,12.29,11.14,10.99,1545545,89676,5.8,0,0,0.0,1007,471,49,8.53,2.82,8.24,8.75,2458,3
2026-05-17 23:44:27,1.2,11.27,11.11,10.99,1545545,89653,5.8,0,0,0.0,1007,471,49,6.54,2.88,3.55,4.44,2462,1
2026-05-17 23:45:28,1.9,10.54,10.96,10.95,1545545,89744,5.8,0,0,0.0,1007,471,49,6.57,2.72,4.11,4.95,2448,5
2026-05-17 23:46:28,1.8,12.47,11.40,11.10,1545545,89766,5.8,0,0,0.0,1007,471,49,8.03,2.75,9.82,10.15,2448,3
2026-05-17 23:47:28,1.2,10.85,11.13,11.03,1545545,89739,5.8,0,0,0.0,1007,471,49,7.11,2.98,1.38,2.39,2457,5
2026-05-17 23:48:29,1.1,9.87,10.79,10.91,1545545,89737,5.8,0,0,0.0,1007,471,49,8.57,3.00,1.42,2.50,2462,2
2026-05-17 23:49:29,1.0,10.12,10.69,10.87,1545545,89714,5.8,0,0,0.0,1007,471,49,9.25,2.78,7.66,8.15,2455,1
2026-05-17 23:50:29,1.1,9.88,10.55,10.82,1545545,89526,5.8,0,0,0.0,1007,471,49,5.66,2.30,1.19,2.29,2460,2
2026-05-17 23:51:30,2.5,10.07,10.47,10.77,1545545,89626,5.8,0,0,0.0,1007,471,49,9.28,3.02,3.23,4.12,2460,3
2026-05-17 23:52:30,1.3,10.82,10.60,10.80,1545545,89626,5.8,0,0,0.0,1007,471,49,10.06,2.82,7.52,8.34,2445,2
2026-05-17 23:53:30,2.1,10.43,10.48,10.74,1545545,89669,5.8,0,0,0.0,1007,471,49,5.55,2.86,4.22,5.09,2452,4
2026-05-17 23:54:31,1.2,12.06,11.03,10.92,1545545,89647,5.8,0,0,0.0,1007,471,49,6.87,2.79,7.87,8.82,2462,5
2026-05-17 23:55:31,1.8,11.12,10.94,10.89,1545545,89606,5.8,0,0,0.0,1007,471,49,7.31,3.07,3.60,4.48,2456,4
2026-05-17 23:56:31,1.9,10.30,10.72,10.82,1545545,89583,5.8,0,0,0.0,1007,471,49,7.68,2.94,2.97,3.81,2454,7
2026-05-17 23:57:32,1.1,10.68,10.79,10.84,1545545,89582,5.8,0,0,0.0,1007,471,49,8.28,2.73,5.13,5.86,2457,1
2026-05-17 23:58:32,1.1,9.71,10.51,10.74,1545545,89664,5.8,0,0,0.0,1007,471,49,8.22,2.95,1.76,2.87,2443,7
2026-05-17 23:59:32,1.4,10.12,10.50,10.72,1545545,89690,5.8,0,0,0.0,1007,471,49,4.78,2.77,5.27,5.96,2440,2
2026-05-18 00:00:33,3.6,12.12,10.92,10.84,1545545,89653,5.8,0,0,0.0,1007,471,49,6.77,3.02,7.60,8.83,2446,9
2026-05-18 00:01:33,4.2,11.32,11.02,10.89,1545545,89638,5.8,0,0,0.0,1007,471,49,5.74,37.27,7.42,8.30,2447,9
2026-05-18 00:02:33,1.2,10.47,10.82,10.83,1545545,89669,5.8,0,0,0.0,1007,471,49,6.26,2.79,7.81,8.46,2458,2
2026-05-18 00:03:34,0.9,9.75,10.56,10.74,1545545,89640,5.8,0,0,0.0,1007,471,49,7.19,3.01,0.56,1.73,2463,1
2026-05-18 00:04:34,2.7,10.22,10.53,10.72,1545545,89571,5.8,0,0,0.0,1007,471,49,5.58,2.45,2.48,3.41,2461,4
2026-05-18 00:05:34,1.9,10.51,10.53,10.70,1545545,89576,5.8,0,0,0.0,1007,471,49,9.12,2.77,3.94,4.75,2465,13
2026-05-18 00:06:35,1.0,10.68,10.62,10.73,1545545,89671,5.8,0,0,0.0,1007,471,49,6.57,2.93,6.92,7.48,2457,1
2026-05-18 00:07:35,1.3,9.98,10.39,10.64,1545545,89692,5.8,0,0,0.0,1007,471,49,7.69,2.86,4.40,5.31,2462,2
2026-05-18 00:08:35,1.7,10.33,10.41,10.63,1545545,89678,5.8,0,0,0.0,1007,471,49,5.94,2.79,6.32,7.67,2475,3
2026-05-18 00:09:36,1.8,10.32,10.39,10.61,1545545,89691,5.8,0,0,0.0,1007,471,49,6.56,2.81,3.84,4.69,2461,2
2026-05-18 00:10:36,3.4,10.87,10.48,10.62,1545545,89639,5.8,0,0,0.0,1007,471,49,7.55,2.90,5.82,6.82,2460,4
2026-05-18 00:11:36,1.2,11.36,10.80,10.73,1545545,89592,5.8,0,0,0.0,1007,471,49,5.56,2.99,3.88,4.89,2472,2
2026-05-18 00:12:37,1.3,12.43,11.15,10.85,1545545,89695,5.8,0,0,0.0,1007,471,49,4.77,2.65,10.65,12.44,2464,2
2026-05-18 00:13:37,1.3,11.09,11.01,10.82,1545545,89700,5.8,0,0,0.0,1007,471,49,3.43,2.92,2.53,3.56,2459,4
2026-05-18 00:14:37,1.8,12.05,11.27,10.92,1545545,89717,5.8,0,0,0.0,1007,471,49,3.77,2.77,11.13,11.94,2475,6
2026-05-18 00:15:38,1.3,11.34,11.23,10.93,1545545,89640,5.8,0,0,0.0,1007,471,49,8.64,2.70,2.00,2.96,2479,8
2026-05-18 00:16:38,1.1,10.25,10.95,10.85,1545545,89631,5.8,0,0,0.0,1007,471,49,9.53,2.83,6.45,7.09,2487,5
2026-05-18 00:17:38,1.7,10.13,10.76,10.79,1545545,89691,5.8,0,0,0.0,1007,471,49,8.68,2.85,4.71,5.50,2480,12
2026-05-18 00:18:39,1.1,10.24,10.71,10.77,1545545,89751,5.8,0,0,0.0,1007,471,49,8.28,2.95,6.12,7.27,2481,4
2026-05-18 00:19:39,1.0,10.26,10.64,10.74,1545545,89743,5.8,0,0,0.0,1007,471,49,6.78,2.68,0.45,1.54,2472,2
2026-05-18 00:20:40,7.0,10.86,10.71,10.76,1545545,89711,5.8,0,0,0.0,1007,471,49,6.84,2.90,9.94,10.61,2462,17
2026-05-18 00:21:40,1.1,11.80,11.00,10.86,1545545,89715,5.8,0,0,0.0,1007,471,49,8.18,2.81,3.62,4.49,2466,2
2026-05-18 00:22:40,2.5,14.11,11.73,11.11,1545545,89702,5.8,0,0,0.0,1007,471,49,5.88,2.83,4.87,5.85,2471,5
2026-05-18 00:23:41,1.5,15.22,12.38,11.37,1545545,89687,5.8,0,0,0.0,1007,471,49,4.71,2.75,10.11,10.55,2463,5
2026-05-18 00:24:41,2.4,17.70,13.41,11.77,1545545,89682,5.8,0,0,0.0,1007,471,49,8.07,2.88,4.64,5.35,2467,4
2026-05-18 00:25:41,1.3,17.42,14.22,12.16,1545545,89736,5.8,0,0,0.0,1007,471,49,6.59,2.52,10.56,10.88,2473,2
2026-05-18 00:26:42,1.1,13.81,13.77,12.13,1545545,89711,5.8,0,0,0.0,1007,471,49,11.77,2.77,0.88,1.91,2454,5
2026-05-18 00:27:42,1.1,12.73,13.61,12.18,1545545,89729,5.8,0,0,0.0,1007,471,49,8.84,2.89,5.67,6.26,2449,5
2026-05-18 00:28:42,1.0,10.83,12.93,12.04,1545545,89722,5.8,0,0,0.0,1007,471,49,6.05,2.92,0.49,1.65,2455,1
2026-05-18 00:29:43,4.3,12.20,12.81,12.05,1545545,89721,5.8,0,0,0.0,1007,471,49,4.98,3.00,5.70,6.46,2458,6
2026-05-18 00:30:43,4.5,12.22,12.61,12.02,1545545,89685,5.8,0,0,0.0,1007,471,49,7.94,2.74,5.70,7.00,2471,5
2026-05-18 00:31:43,3.5,16.16,13.65,12.41,1545545,89761,5.8,0,0,0.0,1007,471,49,6.27,2.83,12.16,14.17,2479,6
2026-05-18 00:32:44,1.4,13.25,13.35,12.39,1545545,89791,5.8,0,0,0.0,1007,471,49,7.15,2.88,7.23,7.82,2475,6
2026-05-18 00:33:44,1.2,12.13,13.02,12.34,1545545,89744,5.8,0,0,0.0,1007,471,49,5.58,2.82,5.21,6.17,2484,3
2026-05-18 00:34:44,1.9,12.62,13.10,12.41,1545545,89768,5.8,0,0,0.0,1007,471,49,6.21,2.82,9.99,10.89,2465,2
2026-05-18 00:35:45,10.6,11.81,12.86,12.38,1545545,89679,5.8,0,0,0.0,1007,471,49,6.06,2.82,4.35,5.22,2451,5
2026-05-18 00:36:45,1.0,11.01,12.45,12.26,1545545,89585,5.8,0,0,0.0,1007,471,49,4.41,3.01,6.82,7.39,2463,4
2026-05-18 00:37:45,3.0,13.04,12.58,12.31,1545545,89670,5.8,0,0,0.0,1007,471,49,6.07,2.70,2.49,3.52,2464,5
2026-05-18 00:38:46,1.8,12.53,12.45,12.28,1545545,89664,5.8,0,0,0.0,1007,471,49,8.84,3.07,6.47,7.36,2451,3
2026-05-18 00:39:46,1.7,12.73,12.52,12.31,1545545,89663,5.8,0,0,0.0,1007,471,49,7.46,3.06,12.37,12.89,2459,2
2026-05-18 00:40:46,0.9,11.36,12.17,12.20,1545545,89610,5.8,0,0,0.0,1007,471,49,3.47,2.74,4.42,5.20,2453,17
2026-05-18 00:41:47,1.2,10.79,11.91,12.11,1545545,89565,5.8,0,0,0.0,1007,471,49,6.74,2.90,5.66,6.30,2445,1
2026-05-18 00:42:47,1.1,9.98,11.52,11.97,1545545,89546,5.8,0,0,0.0,1007,471,49,7.89,2.61,2.82,3.75,2453,4
2026-05-18 00:43:47,2.4,11.22,11.58,11.96,1545545,89573,5.8,0,0,0.0,1007,471,49,6.84,2.73,8.16,8.61,2450,7
2026-05-18 00:44:48,2.0,10.54,11.32,11.84,1545545,89691,5.8,0,0,0.0,1007,471,49,7.58,2.88,5.83,6.50,2449,5
2026-05-18 00:45:48,3.2,10.61,11.19,11.76,1545545,89669,5.8,0,0,0.0,1007,471,49,6.64,2.84,8.84,9.84,2453,6
2026-05-18 00:46:48,1.0,11.94,11.58,11.87,1545545,89637,5.8,0,0,0.0,1007,471,49,5.41,2.73,7.44,8.67,2450,1
2026-05-18 00:47:49,1.2,11.21,11.48,11.82,1545545,89640,5.8,0,0,0.0,1007,471,49,10.61,2.89,10.81,11.14,2450,1
2026-05-18 00:48:49,1.3,10.12,11.11,11.67,1545545,89577,5.8,0,0,0.0,1007,471,49,7.84,2.97,0.83,2.00,2462,1
2026-05-18 00:49:49,1.5,9.48,10.78,11.52,1545545,89597,5.8,0,0,0.0,1007,471,49,5.28,2.99,0.58,1.71,2470,1
2026-05-18 00:50:50,1.0,9.24,10.47,11.36,1545545,89683,5.8,0,0,0.0,1007,471,49,6.61,2.68,1.65,2.67,2472,2
2026-05-18 00:51:50,9.3,9.67,10.32,11.25,1545545,89685,5.8,0,0,0.0,1007,471,49,4.99,2.82,3.62,4.55,2473,8
2026-05-18 00:52:50,1.8,11.76,10.87,11.39,1545545,89684,5.8,0,0,0.0,1007,471,49,4.03,2.75,7.91,9.18,2459,3
2026-05-18 00:53:51,1.0,11.67,10.99,11.39,1545545,89642,5.8,0,0,0.0,1007,471,49,8.27,2.85,6.25,6.92,2459,1
2026-05-18 00:54:51,1.8,11.86,11.16,11.42,1545545,89628,5.8,0,0,0.0,1007,471,49,7.86,3.04,1.35,2.46,2464,3
2026-05-18 00:55:51,1.3,12.67,11.50,11.52,1545545,89601,5.8,0,0,0.0,1007,471,49,4.96,2.64,6.48,7.10,2460,2
2026-05-18 00:56:52,1.7,12.24,11.63,11.57,1545545,89716,5.8,0,0,0.0,1007,471,49,8.89,2.95,8.40,9.13,2478,2
2026-05-18 00:57:52,1.1,11.17,11.44,11.50,1545545,89697,5.8,0,0,0.0,1007,471,49,7.50,2.86,4.39,5.21,2481,5
2026-05-18 00:58:53,1.0,10.16,11.16,11.41,1545545,89683,5.8,0,0,0.0,1007,471,49,5.53,2.74,1.62,2.65,2461,1
2026-05-18 00:59:53,2.8,9.93,10.92,11.31,1545545,89691,5.8,0,0,0.0,1007,471,49,6.43,2.93,3.33,4.33,2456,5
2026-05-18 01:00:53,1.0,9.25,10.56,11.16,1545545,89628,5.8,0,0,0.0,1007,471,49,7.09,2.91,0.50,1.55,2459,2
2026-05-18 01:01:54,1.6,10.14,10.59,11.14,1545545,89606,5.8,0,0,0.0,1007,471,49,5.34,39.45,6.81,7.45,2443,5
2026-05-18 01:02:54,1.6,10.84,10.73,11.15,1545545,89655,5.8,0,0,0.0,1007,471,49,7.37,2.69,6.11,6.72,2442,4
2026-05-18 01:03:54,1.2,10.41,10.67,11.10,1545545,89706,5.8,0,0,0.0,1007,471,49,5.16,2.82,1.54,2.61,2451,4
2026-05-18 01:04:55,1.9,10.00,10.49,11.01,1545545,89748,5.8,0,0,0.0,1007,471,49,4.53,2.96,3.58,4.52,2445,3
2026-05-18 01:05:55,1.9,11.03,10.60,11.01,1545545,89716,5.8,0,0,0.0,1007,471,49,7.02,2.66,10.53,10.76,2444,9
2026-05-18 01:06:55,2.1,10.59,10.58,10.98,1545545,89706,5.8,0,0,0.0,1007,471,49,5.91,2.96,12.25,12.44,2443,7
2026-05-18 01:07:56,3.4,10.83,10.63,10.97,1545545,89803,5.8,0,0,0.0,1007,471,49,6.57,2.86,8.83,10.04,2446,20
2026-05-18 01:08:56,1.3,10.43,10.53,10.91,1545545,89792,5.8,0,0,0.0,1007,471,49,6.65,2.62,3.31,4.26,2443,5
2026-05-18 01:09:56,1.2,10.03,10.43,10.85,1545545,89816,5.8,0,0,0.0,1007,471,49,10.53,3.14,8.42,9.31,2467,4
2026-05-18 01:10:57,1.2,9.55,10.21,10.75,1545545,89788,5.8,0,0,0.0,1007,471,49,6.08,2.68,0.46,1.52,2464,4
2026-05-18 01:11:57,1.2,9.87,10.21,10.71,1545545,89787,5.8,0,0,0.0,1007,471,49,5.81,2.93,2.91,3.77,2470,6
2026-05-18 01:12:57,2.8,11.36,10.67,10.85,1545545,89843,5.8,0,0,0.0,1007,471,49,7.07,2.76,7.77,9.19,2471,3
2026-05-18 01:13:58,1.4,10.15,10.43,10.75,1545545,89820,5.8,0,0,0.0,1007,471,49,6.69,2.80,2.41,3.36,2474,3
2026-05-18 01:14:58,2.0,10.52,10.43,10.73,1545545,89827,5.8,0,0,0.0,1007,471,49,8.15,2.78,7.35,8.06,2462,3
2026-05-18 01:15:58,1.4,11.40,10.66,10.79,1545545,89790,5.8,0,0,0.0,1007,471,49,8.42,2.85,10.05,10.39,2463,4
2026-05-18 01:16:59,1.2,10.83,10.63,10.77,1545545,89794,5.8,0,0,0.0,1007,471,49,7.31,2.92,2.01,2.99,2467,1
2026-05-18 01:17:59,1.3,11.30,10.82,10.83,1545545,89781,5.8,0,0,0.0,1007,471,49,7.50,2.75,7.67,8.19,2476,3
2026-05-18 01:18:59,1.5,11.73,11.04,10.90,1545545,89809,5.8,0,0,0.0,1007,471,49,9.81,3.03,8.13,9.40,2492,24
2026-05-18 01:20:00,1.1,10.27,10.77,10.82,1545545,89768,5.8,0,0,0.0,1007,471,49,8.67,2.81,1.71,2.83,2491,1
2026-05-18 01:21:00,1.9,10.11,10.61,10.76,1545545,89749,5.8,0,0,0.0,1007,471,49,7.25,2.91,4.54,5.38,2488,3
2026-05-18 01:22:00,1.4,9.44,10.34,10.65,1545545,89658,5.8,0,0,0.0,1007,471,49,7.94,2.83,2.73,3.65,2484,4
2026-05-18 01:23:01,1.1,13.20,11.21,10.93,1545545,89803,5.8,0,0,0.0,1007,471,49,4.96,2.77,8.60,9.69,2476,6
2026-05-18 01:24:01,2.4,11.96,11.20,10.94,1545545,89706,5.8,0,0,0.0,1007,471,49,3.50,3.02,6.21,6.81,2470,2
2026-05-18 01:25:01,2.0,11.58,11.23,10.97,1545545,89681,5.8,0,0,0.0,1007,471,49,6.84,2.83,11.95,12.27,2478,6
2026-05-18 01:26:02,1.0,11.62,11.25,10.99,1545545,89666,5.8,0,0,0.0,1007,471,49,9.65,2.88,7.42,8.69,2480,2
2026-05-18 01:27:02,1.6,10.76,11.08,10.95,1545545,89648,5.8,0,0,0.0,1007,471,49,7.98,2.88,2.48,3.37,2480,4
2026-05-18 01:28:02,1.5,9.51,10.67,10.81,1545545,89654,5.8,0,0,0.0,1007,471,49,6.22,2.85,3.58,4.53,2484,5
2026-05-18 01:29:03,3.0,10.83,10.73,10.82,1545545,89673,5.8,0,0,0.0,1007,471,49,5.37,2.53,3.13,4.04,2489,10
2026-05-18 01:30:03,1.2,10.56,10.71,10.81,1545545,89722,5.8,0,0,0.0,1007,471,49,8.80,3.08,3.72,5.00,2488,7
2026-05-18 01:31:03,1.2,10.15,10.60,10.77,1545545,89664,5.8,0,0,0.0,1007,471,49,7.74,2.82,4.75,5.89,2484,1
2026-05-18 01:32:04,1.7,11.13,10.75,10.81,1545545,89684,5.8,0,0,0.0,1007,471,49,4.04,2.93,9.55,9.90,2488,2
2026-05-18 01:33:04,1.7,10.52,10.65,10.77,1545545,89716,5.8,0,0,0.0,1007,471,49,6.60,2.77,4.37,5.21,2473,2
2026-05-18 01:34:04,1.0,10.83,10.70,10.77,1545545,89654,5.8,0,0,0.0,1007,471,49,7.05,2.82,7.70,8.42,2469,2
2026-05-18 01:35:05,1.0,10.25,10.57,10.72,1545545,89646,5.8,0,0,0.0,1007,471,49,6.39,2.88,0.52,1.63,2463,8
2026-05-18 01:36:05,1.6,9.91,10.45,10.68,1545545,89709,5.8,0,0,0.0,1007,471,49,11.68,2.83,4.89,5.77,2490,1
2026-05-18 01:37:05,1.2,9.48,10.26,10.59,1545545,89696,5.8,0,0,0.0,1007,471,49,8.20,2.88,1.20,2.32,2486,1
2026-05-18 01:38:06,1.1,10.01,10.26,10.57,1545545,89693,5.8,0,0,0.0,1007,471,49,5.30,2.79,3.60,4.48,2469,2
2026-05-18 01:39:06,2.0,9.04,9.93,10.44,1545545,89721,5.8,0,0,0.0,1007,471,49,7.89,2.96,0.77,1.89,2489,8
2026-05-18 01:40:07,1.1,9.38,9.86,10.38,1545545,89664,5.8,0,0,0.0,1007,471,49,7.78,2.88,1.80,2.85,2479,3
2026-05-18 01:41:07,1.2,9.20,9.70,10.29,1545545,89654,5.8,0,0,0.0,1007,471,49,5.61,2.81,1.29,2.38,2455,2
2026-05-18 01:42:07,1.1,15.02,11.09,10.71,1545545,89693,5.8,0,0,0.0,1007,471,49,7.08,2.87,0.48,1.55,2466,8
2026-05-18 01:43:08,2.0,13.33,11.56,10.91,1545545,89718,5.8,0,0,0.0,1007,471,49,5.05,2.75,1.02,2.11,2469,4
2026-05-18 01:44:08,1.3,10.61,11.10,10.80,1545545,89722,5.8,0,0,0.0,1007,471,49,5.48,2.88,2.63,3.57,2446,5
2026-05-18 01:45:08,1.5,12.29,11.46,10.94,1545545,89718,5.8,0,0,0.0,1007,471,49,6.41,2.71,8.39,8.98,2476,3
2026-05-18 01:46:09,1.2,12.41,11.71,11.06,1545545,89667,5.8,0,0,0.0,1007,471,49,6.05,2.87,8.51,9.26,2462,3
2026-05-18 01:47:09,1.8,11.20,11.51,11.03,1545545,89633,5.8,0,0,0.0,1007,471,49,6.39,3.04,6.94,7.53,2454,8
2026-05-18 01:48:09,1.2,10.40,11.24,10.97,1545545,89626,5.8,0,0,0.0,1007,471,49,9.15,2.40,6.69,7.45,2472,5
2026-05-18 01:49:10,8.8,10.28,11.02,10.91,1545545,89745,5.8,0,0,0.0,1007,471,49,6.95,2.97,5.28,5.98,2461,19
2026-05-18 01:50:10,1.1,11.40,11.20,10.98,1545545,89735,5.8,0,0,0.0,1007,471,49,7.46,2.93,11.46,12.10,2457,2
2026-05-18 01:51:10,1.4,11.32,11.21,11.00,1545545,89748,5.8,0,0,0.0,1007,471,49,6.69,2.91,5.39,6.21,2478,2
2026-05-18 01:52:11,1.1,10.25,10.94,10.92,1545545,89735,5.8,0,0,0.0,1007,471,49,6.27,2.78,6.48,7.05,2485,1
2026-05-18 01:53:11,1.7,10.43,10.84,10.88,1545545,89705,5.8,0,0,0.0,1007,471,49,6.02,2.87,3.23,4.14,2478,2
2026-05-18 01:54:11,1.1,9.94,10.61,10.80,1545545,89710,5.8,0,0,0.0,1007,471,49,7.32,2.87,3.62,4.51,2466,6
2026-05-18 01:55:12,3.1,11.44,10.81,10.85,1545545,89784,5.8,0,0,0.0,1007,471,49,8.31,2.87,6.81,7.65,2479,5
2026-05-18 01:56:12,1.2,12.36,11.33,11.03,1545545,89770,5.8,0,0,0.0,1007,471,49,2.92,2.72,6.65,7.95,2461,2
2026-05-18 01:57:12,0.9,10.79,11.10,10.97,1545545,89759,5.8,0,0,0.0,1007,471,49,6.93,2.98,0.54,1.54,2453,6
2026-05-18 01:58:13,1.7,10.09,10.83,10.88,1545545,89818,5.8,0,0,0.0,1007,471,49,6.80,2.83,0.95,2.03,2477,6
2026-05-18 01:59:13,1.1,10.04,10.71,10.84,1545545,89750,5.8,0,0,0.0,1007,471,49,5.16,2.77,4.72,5.50,2483,10
2026-05-18 02:00:13,1.5,10.91,10.81,10.86,1545545,89759,5.8,0,0,0.0,1007,471,49,5.64,3.00,8.39,8.92,2464,5
2026-05-18 02:01:14,1.0,10.12,10.60,10.79,1545545,89780,5.8,0,0,0.0,1007,471,49,6.03,37.18,1.72,2.84,2473,1
2026-05-18 02:02:14,2.0,9.99,10.46,10.73,1545545,89804,5.8,0,0,0.0,1007,471,49,4.80,2.96,8.74,9.46,2476,9
2026-05-18 02:03:14,1.0,9.83,10.35,10.67,1545545,89778,5.8,0,0,0.0,1007,471,49,6.30,2.63,4.90,5.66,2459,1
2026-05-18 02:04:15,9.7,11.14,10.66,10.76,1545545,89784,5.8,0,0,0.0,1007,471,49,5.64,2.88,9.97,10.96,2464,18
2026-05-18 02:05:15,2.0,12.45,11.07,10.89,1545545,89729,5.8,0,0,0.0,1007,471,49,5.48,2.77,10.09,11.38,2465,2
2026-05-18 02:06:15,2.1,11.23,11.00,10.88,1545545,89680,5.8,0,0,0.0,1007,471,49,11.59,2.97,5.66,6.47,2465,3
2026-05-18 02:07:16,1.8,10.87,10.93,10.86,1545545,89797,5.8,0,0,0.0,1007,471,49,7.07,2.57,4.11,4.93,2473,2
2026-05-18 02:08:16,1.3,11.21,10.98,10.88,1545545,89789,5.8,0,0,0.0,1007,471,49,7.78,2.95,6.27,6.87,2465,2
2026-05-18 02:09:17,1.0,10.22,10.76,10.82,1545545,89791,5.8,0,0,0.0,1007,471,49,8.57,2.92,2.84,3.74,2450,4
2026-05-18 02:10:17,1.5,12.25,11.25,10.98,1545545,89641,5.8,0,0,0.0,1007,471,49,6.30,2.68,4.00,4.86,2454,2
2026-05-18 02:11:17,1.7,13.84,11.69,11.14,1545545,89623,5.8,0,0,0.0,1007,471,49,6.55,2.93,1.88,2.95,2464,8
2026-05-18 02:12:18,1.8,15.80,12.58,11.47,1545545,89620,5.8,0,0,0.0,1007,471,49,12.99,2.91,11.96,12.19,2457,5
2026-05-18 02:13:18,1.1,15.89,13.12,11.73,1545545,89705,5.8,0,0,0.0,1007,471,49,7.07,2.69,6.58,7.70,2471,4
2026-05-18 02:14:18,1.3,12.87,12.76,11.69,1545545,89716,5.8,0,0,0.0,1007,471,49,7.55,2.88,3.25,4.12,2478,3
2026-05-18 02:15:19,1.0,12.91,12.88,11.80,1545545,89702,5.8,0,0,0.0,1007,471,49,7.04,2.79,6.71,7.59,2472,6
2026-05-18 02:16:19,1.3,13.79,13.07,11.93,1545545,89700,5.8,0,0,0.0,1007,471,49,7.32,3.02,8.43,10.19,2458,1
2026-05-18 02:17:19,1.1,11.16,12.45,11.79,1545545,89611,5.8,0,0,0.0,1007,471,49,5.34,2.93,2.48,3.39,2474,3
2026-05-18 02:18:20,3.2,15.42,13.20,12.07,1545545,89684,5.8,0,0,0.0,1007,471,49,7.11,2.94,12.01,12.52,2463,3
2026-05-18 02:19:20,1.2,12.95,12.91,12.05,1545545,89714,5.8,0,0,0.0,1007,471,49,9.02,2.81,3.89,4.92,2466,6
2026-05-18 02:20:20,3.0,12.92,12.74,12.04,1545545,89726,5.8,0,0,0.0,1007,471,49,8.35,2.79,6.61,7.87,2483,8
2026-05-18 02:21:21,3.1,12.09,12.49,11.99,1545545,89724,5.8,0,0,0.0,1007,471,49,8.98,2.48,9.05,10.11,2483,5
2026-05-18 02:22:21,2.2,11.36,12.27,11.95,1545545,89746,5.8,0,0,0.0,1007,471,49,9.54,3.06,10.33,11.39,2471,4
2026-05-18 02:23:21,1.6,12.70,12.45,12.03,1545545,89702,5.8,0,0,0.0,1007,471,49,7.19,2.80,8.10,8.59,2486,2
2026-05-18 02:24:22,1.1,11.11,12.04,11.91,1545545,89634,5.8,0,0,0.0,1007,471,49,6.45,2.93,5.88,6.50,2481,1
2026-05-18 02:25:22,2.0,12.24,12.22,11.99,1545545,89647,5.8,0,0,0.0,1007,471,49,5.55,2.73,8.09,8.63,2470,5
2026-05-18 02:26:22,1.1,12.14,12.30,12.04,1545545,89702,5.8,0,0,0.0,1007,471,49,4.40,3.11,5.64,6.57,2474,2
2026-05-18 02:27:23,1.0,10.99,11.92,11.92,1545545,89729,5.8,0,0,0.0,1007,471,49,6.88,2.81,4.88,5.57,2471,1
2026-05-18 02:28:23,2.0,10.90,11.73,11.85,1545545,89758,5.8,0,0,0.0,1007,471,49,6.41,2.89,1.91,2.92,2463,6
2026-05-18 02:29:23,2.1,10.79,11.54,11.78,1545545,89747,5.8,0,0,0.0,1007,471,49,5.72,2.83,11.86,11.97,2470,3
2026-05-18 02:30:24,2.8,11.79,11.73,11.83,1545545,89629,5.8,0,0,0.0,1007,471,49,7.11,2.98,5.55,6.29,2465,2
2026-05-18 02:31:24,1.2,10.62,11.41,11.71,1545545,89627,5.8,0,0,0.0,1007,471,49,4.92,3.07,1.31,2.48,2482,1
2026-05-18 02:32:24,0.8,9.93,11.05,11.57,1545545,89734,5.8,0,0,0.0,1007,471,49,4.95,2.77,0.45,1.55,2481,6
2026-05-18 02:33:25,10.3,11.15,11.16,11.57,1545545,89756,5.8,0,0,0.0,1007,471,49,9.17,2.74,9.07,9.69,2477,25
2026-05-18 02:34:25,3.3,12.63,11.78,11.77,1545545,89754,5.8,0,0,0.0,1007,471,49,9.14,2.83,7.23,9.24,2470,5
2026-05-18 02:35:25,2.1,12.80,11.89,11.80,1545545,89702,5.8,0,0,0.0,1007,471,49,5.34,2.53,7.61,8.70,2471,3
2026-05-18 02:36:26,1.8,11.60,11.72,11.75,1545545,89645,5.8,0,0,0.0,1007,471,49,7.52,2.96,6.54,7.18,2464,3
2026-05-18 02:37:26,1.7,12.20,11.93,11.82,1545545,89657,5.8,0,0,0.0,1007,471,49,5.71,3.00,6.28,6.88,2461,4
2026-05-18 02:38:26,1.2,11.30,11.70,11.75,1545545,89784,5.8,0,0,0.0,1007,471,49,5.27,2.96,0.49,1.62,2465,2
2026-05-18 02:39:27,1.3,12.62,12.00,11.85,1545545,89796,5.8,0,0,0.0,1007,471,49,8.27,2.60,3.53,4.61,2470,1
2026-05-18 02:40:27,3.0,13.51,12.38,11.99,1545545,89776,5.8,0,0,0.0,1007,471,49,8.64,2.84,6.79,7.84,2476,5
2026-05-18 02:41:28,2.4,12.72,12.40,12.02,1545545,89749,5.8,0,0,0.0,1007,471,49,7.09,3.05,3.71,4.96,2486,2
2026-05-18 02:42:28,1.8,11.26,12.01,11.91,1545545,89724,5.8,0,0,0.0,1007,471,49,10.41,2.89,4.99,5.67,2478,4
2026-05-18 02:43:28,1.2,11.97,12.23,12.00,1545545,89687,5.8,0,0,0.0,1007,471,49,5.39,2.81,1.78,2.78,2465,3
2026-05-18 02:44:29,1.2,11.35,12.00,11.94,1545545,89693,5.8,0,0,0.0,1007,471,49,6.30,2.76,7.75,8.93,2455,4
2026-05-18 02:45:29,1.2,10.44,11.65,11.82,1545545,89773,5.8,0,0,0.0,1007,471,49,7.50,2.89,6.02,6.73,2456,4
2026-05-18 02:46:29,1.3,10.31,11.35,11.70,1545545,89771,5.8,0,0,0.0,1007,471,49,8.64,2.73,2.48,3.56,2454,8
2026-05-18 02:47:30,1.6,10.33,11.16,11.62,1545545,89780,5.8,0,0,0.0,1007,471,49,4.75,3.03,8.52,8.93,2459,2
2026-05-18 02:48:30,1.3,10.38,11.00,11.53,1545545,89752,5.8,0,0,0.0,1007,471,49,5.10,2.72,7.61,8.40,2468,2
2026-05-18 02:49:30,1.2,13.82,12.19,11.92,1545545,89752,5.8,0,0,0.0,1007,471,49,8.13,2.88,3.63,4.58,2465,2
2026-05-18 02:50:31,1.8,11.61,11.85,11.82,1545545,89698,5.8,0,0,0.0,1007,471,49,7.37,2.83,3.39,4.27,2454,3
2026-05-18 02:51:31,3.7,11.88,12.02,11.89,1545545,89773,5.8,0,0,0.0,1007,471,49,5.93,3.10,8.63,9.82,2443,4
2026-05-18 02:52:31,2.0,12.66,12.13,11.93,1545545,89786,5.8,0,0,0.0,1007,471,49,5.57,2.94,4.60,5.42,2447,7
2026-05-18 02:53:32,1.6,11.33,11.83,11.84,1545545,89782,5.8,0,0,0.0,1007,471,49,4.52,2.80,2.52,3.47,2440,5
2026-05-18 02:54:32,1.3,10.91,11.61,11.76,1545545,89748,5.8,0,0,0.0,1007,471,49,6.90,2.80,3.62,4.53,2445,2
2026-05-18 02:55:32,1.3,10.10,11.24,11.62,1545545,89704,5.8,0,0,0.0,1007,471,49,7.30,2.69,1.61,2.64,2446,1
2026-05-18 02:56:33,1.2,10.43,11.10,11.54,1545545,89645,5.8,0,0,0.0,1007,471,49,6.36,3.05,5.29,6.07,2460,2
2026-05-18 02:57:33,1.2,10.98,11.13,11.52,1545545,89662,5.8,0,0,0.0,1007,471,49,6.29,2.99,4.31,5.57,2457,3
2026-05-18 02:58:33,1.2,10.40,10.92,11.43,1545545,89691,5.8,0,0,0.0,1007,471,49,6.86,2.75,1.27,2.29,2464,3
2026-05-18 02:59:34,1.2,10.66,10.89,11.38,1545545,89711,5.8,0,0,0.0,1007,471,49,6.52,2.83,6.10,6.69,2453,4
2026-05-18 03:00:34,1.4,10.55,10.82,11.32,1545545,89660,5.8,0,0,0.0,1007,471,49,9.50,3.08,9.86,10.70,2454,2
2026-05-18 03:01:34,1.3,10.55,10.78,11.28,1545545,89625,5.8,0,0,0.0,1007,471,49,7.32,37.46,1.21,2.27,2464,4
2026-05-18 03:02:35,6.8,10.53,10.73,11.23,1545545,89594,5.8,0,0,0.0,1007,471,49,3.41,2.73,2.12,3.23,2459,18
2026-05-18 03:03:35,1.8,12.35,11.24,11.37,1545545,89612,5.8,0,0,0.0,1007,471,49,9.24,2.80,10.57,11.11,2448,5
2026-05-18 03:04:35,2.2,10.94,11.04,11.30,1545545,89701,5.8,0,0,0.0,1007,471,49,9.23,2.79,2.83,3.72,2460,5
2026-05-18 03:05:36,1.1,11.65,11.28,11.36,1545545,89680,5.8,0,0,0.0,1007,471,49,6.07,2.84,6.69,7.33,2460,3
2026-05-18 03:06:36,1.8,10.31,10.94,11.24,1545545,89688,5.8,0,0,0.0,1007,471,49,6.87,2.89,2.53,3.53,2444,5
2026-05-18 03:07:36,1.1,10.73,10.90,11.20,1545545,89678,5.8,0,0,0.0,1007,471,49,6.59,2.62,5.21,6.01,2457,3
2026-05-18 03:08:37,1.8,10.89,10.91,11.18,1545545,89659,5.8,0,0,0.0,1007,471,49,4.47,2.85,4.62,5.35,2456,6
2026-05-18 03:09:37,1.0,10.69,10.93,11.18,1545545,89619,5.8,0,0,0.0,1007,471,49,8.66,2.68,6.73,8.22,2450,4
2026-05-18 03:10:37,1.1,9.91,10.68,11.08,1545545,89683,5.8,0,0,0.0,1007,471,49,5.68,2.75,4.43,5.28,2456,3
2026-05-18 03:11:38,1.9,9.84,10.50,10.99,1545545,89697,5.8,0,0,0.0,1007,471,49,5.44,2.95,3.37,4.20,2447,5
2026-05-18 03:12:38,1.7,10.85,10.79,11.06,1545545,89726,5.8,0,0,0.0,1007,471,49,9.45,2.79,8.37,8.89,2441,2
2026-05-18 03:13:38,1.3,10.42,10.68,11.00,1545545,89759,5.8,0,0,0.0,1007,471,49,5.33,2.89,6.16,6.81,2453,6
2026-05-18 03:14:39,1.7,10.52,10.64,10.97,1545545,89789,5.8,0,0,0.0,1007,471,49,4.75,2.81,8.43,9.36,2453,4
2026-05-18 03:15:39,1.1,10.37,10.59,10.93,1545545,89738,5.8,0,0,0.0,1007,471,49,9.02,2.87,5.80,6.63,2457,2
2026-05-18 03:16:40,4.1,10.58,10.61,10.91,1545545,89747,5.8,0,0,0.0,1007,471,49,6.55,2.84,7.42,8.00,2460,3
2026-05-18 03:17:40,1.2,10.41,10.56,10.88,1545545,89744,5.8,0,0,0.0,1007,471,49,7.89,2.89,7.94,8.53,2463,1
2026-05-18 03:18:40,1.0,9.69,10.33,10.78,1545545,89795,5.8,0,0,0.0,1007,471,49,10.26,2.91,2.90,3.84,2456,3
2026-05-18 03:19:41,1.9,10.92,10.57,10.83,1545545,89804,5.8,0,0,0.0,1007,471,49,4.49,2.89,4.82,5.60,2467,3
2026-05-18 03:20:41,1.9,10.88,10.64,10.84,1545545,89785,5.8,0,0,0.0,1007,471,49,4.31,2.70,3.69,4.55,2453,5
2026-05-18 03:21:41,1.2,11.89,10.91,10.91,1545545,89762,5.8,0,0,0.0,1007,471,49,6.58,2.97,9.44,10.07,2461,3
2026-05-18 03:22:42,1.8,10.66,10.72,10.85,1545545,89784,5.8,0,0,0.0,1007,471,49,2.96,2.95,7.77,8.43,2465,3
2026-05-18 03:23:42,3.4,11.19,10.87,10.89,1545545,89840,5.8,0,0,0.0,1007,471,49,4.70,2.70,11.10,12.83,2457,8
2026-05-18 03:24:42,1.1,11.93,11.21,11.01,1545545,89829,5.8,0,0,0.0,1007,471,49,8.73,2.79,8.35,9.82,2444,4
2026-05-18 03:25:43,2.9,11.43,11.15,11.00,1545545,89830,5.8,0,0,0.0,1007,471,49,7.22,2.87,4.96,5.89,2457,7
2026-05-18 03:26:43,2.0,12.30,11.52,11.14,1545545,89824,5.8,0,0,0.0,1007,471,49,10.03,2.89,9.82,10.98,2455,5
2026-05-18 03:27:43,1.4,11.64,11.52,11.17,1545545,89813,5.8,0,0,0.0,1007,471,49,8.32,3.01,10.44,11.49,2457,2
2026-05-18 03:28:44,1.9,10.43,11.21,11.08,1545545,89872,5.8,0,0,0.0,1007,471,49,7.78,2.86,1.29,2.30,2465,7
2026-05-18 03:29:44,1.2,10.89,11.21,11.09,1545545,89861,5.8,0,0,0.0,1007,471,49,8.00,2.97,3.62,4.50,2473,6
2026-05-18 03:30:44,1.0,10.27,11.01,11.03,1545545,89826,5.8,0,0,0.0,1007,471,49,6.38,2.81,2.02,3.03,2465,3
2026-05-18 03:31:45,1.1,9.33,10.61,10.89,1545545,89824,5.8,0,0,0.0,1007,471,49,5.42,2.80,3.21,4.12,2467,2
2026-05-18 03:32:45,1.3,9.60,10.44,10.81,1545545,89876,5.8,0,0,0.0,1007,471,49,5.57,2.75,1.31,2.46,2455,4
2026-05-18 03:33:45,2.8,9.72,10.33,10.75,1545545,89855,5.8,0,0,0.0,1007,471,49,5.24,2.95,3.23,4.25,2455,5
2026-05-18 03:34:46,1.2,10.15,10.33,10.72,1545545,89863,5.8,0,0,0.0,1007,471,49,5.68,2.71,0.81,1.93,2463,3
2026-05-18 03:35:46,1.4,10.50,10.38,10.72,1545545,89843,5.8,0,0,0.0,1007,471,49,7.44,5.30,2.43,3.39,2469,2
2026-05-18 03:36:46,2.7,12.63,10.86,10.85,1545545,89885,5.8,0,0,0.0,1007,471,49,5.68,2.93,8.25,8.70,2459,19
2026-05-18 03:37:47,1.7,12.41,11.13,10.95,1545545,89891,5.8,0,0,0.0,1007,471,49,6.74,2.94,11.76,14.26,2472,2
2026-05-18 03:38:47,1.2,10.79,10.91,10.88,1545545,89883,5.8,0,0,0.0,1007,471,49,6.73,2.70,4.61,5.28,2466,2
2026-05-18 03:39:47,1.6,12.98,11.48,11.08,1545545,89904,5.8,0,0,0.0,1007,471,49,4.39,2.79,11.33,12.56,2448,6
2026-05-18 03:40:48,1.3,11.85,11.44,11.09,1545545,89855,5.8,0,0,0.0,1007,471,49,4.82,2.88,6.59,7.58,2446,3
2026-05-18 03:41:48,1.3,16.52,12.87,11.60,1545545,89860,5.8,0,0,0.0,1007,471,49,3.97,2.73,8.91,9.21,2448,4
2026-05-18 03:42:48,1.3,12.56,12.39,11.52,1545545,89792,5.8,0,0,0.0,1007,471,49,5.43,2.81,7.27,7.91,2456,5
2026-05-18 03:43:49,0.9,10.69,11.88,11.39,1545545,89768,5.8,0,0,0.0,1007,471,49,6.36,2.90,1.32,2.30,2452,1
2026-05-18 03:44:49,2.5,10.11,11.48,11.28,1545545,89802,5.8,0,0,0.0,1007,471,49,6.79,2.83,3.74,4.59,2463,3
2026-05-18 03:45:49,3.6,12.93,11.90,11.44,1545545,89776,5.8,0,0,0.0,1007,471,49,5.90,2.54,11.33,12.42,2456,5
2026-05-18 03:46:50,2.0,10.73,11.46,11.31,1545545,89772,5.8,0,0,0.0,1007,471,49,4.89,2.96,4.95,5.72,2451,3
2026-05-18 03:47:50,1.4,10.85,11.35,11.28,1545545,89788,5.8,0,0,0.0,1007,471,49,6.13,3.01,9.32,10.09,2466,2
2026-05-18 03:48:50,2.3,11.73,11.46,11.32,1545545,89806,5.8,0,0,0.0,1007,471,49,7.76,2.89,5.10,5.83,2466,7
2026-05-18 03:49:51,1.3,11.34,11.40,11.31,1545545,89791,5.8,0,0,0.0,1007,471,49,6.84,2.64,1.95,2.88,2479,1
2026-05-18 03:50:51,2.4,11.68,11.51,11.35,1545545,89708,5.8,0,0,0.0,1007,471,49,6.16,2.96,5.12,5.84,2486,5
2026-05-18 03:51:51,1.8,10.77,11.31,11.29,1545545,89710,5.8,0,0,0.0,1007,471,49,5.72,2.99,8.47,8.97,2478,3
2026-05-18 03:52:52,2.5,11.18,11.31,11.29,1545545,89782,5.8,0,0,0.0,1007,471,49,7.32,2.86,5.27,6.01,2456,5
2026-05-18 03:53:52,1.9,11.33,11.29,11.28,1545545,89772,5.8,0,0,0.0,1007,471,49,7.50,2.69,3.79,4.74,2471,3
2026-05-18 03:54:52,2.7,14.26,12.04,11.54,1545545,89749,5.8,0,0,0.0,1007,471,49,6.30,2.86,10.13,11.22,2461,2
2026-05-18 03:55:53,1.1,12.44,11.94,11.53,1545545,89751,5.8,0,0,0.0,1007,471,49,4.43,2.83,12.74,13.04,2462,7
2026-05-18 03:56:53,2.0,14.36,12.59,11.79,1545545,89749,5.8,0,0,0.0,1007,471,49,5.96,2.75,7.98,8.39,2463,3
2026-05-18 03:57:53,1.9,15.34,13.12,12.01,1545545,89769,5.8,0,0,0.0,1007,471,49,5.88,2.91,5.32,6.05,2481,3
2026-05-18 03:58:54,1.3,13.11,12.88,12.00,1545545,89672,5.8,0,0,0.0,1007,471,49,5.11,2.98,5.39,6.16,2469,3
2026-05-18 03:59:54,1.0,14.98,13.32,12.20,1545545,89705,5.8,0,0,0.0,1007,471,49,7.10,2.76,5.26,5.99,2476,5
2026-05-18 04:00:54,1.6,14.27,13.38,12.28,1545545,89765,5.8,0,0,0.0,1007,471,49,5.30,2.76,6.75,8.07,2463,4
2026-05-18 04:01:55,1.1,12.48,12.99,12.22,1545545,89744,5.8,0,0,0.0,1007,471,49,5.78,39.49,7.44,7.99,2459,3
2026-05-18 04:02:55,2.6,12.02,12.71,12.17,1545545,89762,5.8,0,0,0.0,1007,471,49,6.77,2.79,6.09,6.83,2438,6
2026-05-18 04:03:56,2.0,12.04,12.59,12.16,1545545,89765,5.8,0,0,0.0,1007,471,49,9.05,2.54,9.13,9.63,2450,4
2026-05-18 04:04:56,1.4,15.22,13.69,12.58,1545545,89746,5.8,0,0,0.0,1007,471,49,7.40,2.82,10.15,11.58,2459,9
2026-05-18 04:05:56,1.3,13.26,13.54,12.61,1545545,89703,5.8,0,0,0.0,1007,471,49,8.44,2.92,6.01,6.78,2468,7
2026-05-18 04:06:57,1.1,13.38,13.53,12.66,1545545,89778,5.8,0,0,0.0,1007,471,49,9.85,2.93,5.08,6.32,2475,5
2026-05-18 04:07:57,1.4,12.38,13.22,12.61,1545545,89802,5.8,0,0,0.0,1007,471,49,4.57,2.79,5.20,6.01,2486,2
2026-05-18 04:08:57,2.5,12.87,13.09,12.60,1545545,89836,5.8,0,0,0.0,1007,471,49,8.76,2.86,12.14,12.43,2465,2
2026-05-18 04:09:58,1.4,10.95,12.52,12.43,1545545,89799,5.8,0,0,0.0,1007,471,49,7.18,2.83,1.31,2.38,2467,3
2026-05-18 04:10:58,3.5,12.20,12.44,12.40,1545545,89793,5.8,0,0,0.0,1007,471,49,5.53,2.76,4.04,4.88,2477,6
2026-05-18 04:11:58,1.2,11.49,12.21,12.32,1545545,89759,5.8,0,0,0.0,1007,471,49,9.51,2.88,4.28,5.50,2481,2
2026-05-18 04:12:59,1.3,10.91,11.89,12.20,1545545,89840,5.8,0,0,0.0,1007,471,49,6.98,2.71,0.42,1.60,2474,1
2026-05-18 04:13:59,1.4,19.76,13.48,12.69,1545545,89836,5.8,0,0,0.0,1007,471,49,8.33,2.94,0.52,1.71,2475,5
2026-05-18 04:14:59,1.3,14.38,13.06,12.59,1545545,89845,5.8,0,0,0.0,1007,471,49,6.83,2.79,8.34,9.16,2468,5
2026-05-18 04:16:00,1.9,14.80,13.78,12.89,1545545,89830,5.8,0,0,0.0,1007,471,49,6.78,2.88,6.04,6.64,2464,2
2026-05-18 04:17:00,2.0,11.91,13.11,12.72,1545545,89866,5.8,0,0,0.0,1007,471,49,7.94,2.95,3.69,4.48,2464,5
2026-05-18 04:18:00,1.5,11.25,12.69,12.59,1545545,89866,5.8,0,0,0.0,1007,471,49,6.97,2.83,7.23,7.82,2470,2
2026-05-18 04:19:01,3.2,10.25,12.13,12.41,1545545,89895,5.8,0,0,0.0,1007,471,49,4.73,3.02,6.30,7.03,2463,6
2026-05-18 04:20:01,2.4,10.26,11.74,12.25,1545545,89903,5.8,0,0,0.0,1007,471,49,5.07,2.89,2.56,3.47,2473,5
2026-05-18 04:21:01,1.4,10.62,11.56,12.15,1545545,89876,5.8,0,0,0.0,1007,471,49,8.16,2.86,1.73,2.82,2473,1
2026-05-18 04:22:02,1.3,10.60,11.42,12.07,1545545,89867,5.8,0,0,0.0,1007,471,49,8.64,2.91,2.01,3.05,2472,1
2026-05-18 04:23:02,3.0,12.37,11.68,12.11,1545545,89924,5.8,0,0,0.0,1007,471,49,5.88,2.70,3.90,4.96,2477,3
2026-05-18 04:24:02,1.3,12.06,11.71,12.09,1545545,89899,5.8,0,0,0.0,1007,471,49,5.57,2.96,2.42,3.78,2470,1
2026-05-18 04:25:03,1.9,11.63,11.67,12.06,1545545,89933,5.8,0,0,0.0,1007,471,49,5.54,2.84,6.39,6.97,2477,23
2026-05-18 04:26:03,1.4,11.29,11.58,12.00,1545545,89887,5.8,0,0,0.0,1007,471,49,6.62,2.84,7.68,8.21,2477,5
2026-05-18 04:27:03,2.0,11.49,11.57,11.97,1545545,89911,5.8,0,0,0.0,1007,471,49,6.75,2.82,8.35,8.76,2481,3
2026-05-18 04:28:04,1.1,12.21,11.67,11.97,1545545,89936,5.8,0,0,0.0,1007,471,49,7.56,2.62,3.74,4.64,2479,4
2026-05-18 04:29:04,1.1,10.96,11.44,11.88,1545545,89860,5.8,0,0,0.0,1007,471,49,6.84,2.92,9.39,9.76,2479,7
2026-05-18 04:30:04,1.9,10.86,11.28,11.79,1545545,89744,5.8,0,0,0.0,1007,471,49,8.53,3.00,2.25,3.18,2469,2
2026-05-18 04:31:05,5.4,10.44,11.08,11.69,1545545,89749,5.8,0,0,0.0,1007,471,49,9.23,2.82,5.04,5.83,2479,21
2026-05-18 04:32:05,1.4,10.75,11.05,11.64,1545545,89746,5.8,0,0,0.0,1007,471,49,8.15,2.88,9.78,10.78,2475,2
2026-05-18 04:33:05,5.9,9.95,10.74,11.49,1545545,89772,5.8,0,0,0.0,1007,471,49,7.02,2.82,2.42,3.47,2475,6
2026-05-18 04:34:06,1.0,10.08,10.65,11.41,1545545,89739,5.8,0,0,0.0,1007,471,49,7.41,2.94,3.25,4.20,2465,1
2026-05-18 04:35:06,1.1,9.57,10.39,11.27,1545545,89722,5.8,0,0,0.0,1007,471,49,5.21,3.16,1.73,2.77,2455,3
2026-05-18 04:36:06,1.1,10.13,10.40,11.22,1545545,89640,5.8,0,0,0.0,1007,471,49,6.94,2.85,6.79,7.45,2454,1
2026-05-18 04:37:07,1.9,10.18,10.33,11.14,1545545,89674,5.8,0,0,0.0,1007,471,49,6.86,2.97,0.83,1.93,2460,4
2026-05-18 04:38:07,0.9,9.75,10.19,11.04,1545545,89766,5.8,0,0,0.0,1007,471,49,4.68,2.70,3.23,4.12,2453,6
2026-05-18 04:39:07,1.8,9.69,10.08,10.94,1545545,89803,5.8,0,0,0.0,1007,471,49,7.31,3.00,4.13,5.02,2466,3
2026-05-18 04:40:08,1.0,10.11,10.10,10.90,1545545,89752,5.8,0,0,0.0,1007,471,49,5.57,2.79,2.57,3.47,2473,2
2026-05-18 04:41:08,1.1,10.15,10.15,10.87,1545545,89732,5.8,0,0,0.0,1007,471,49,6.44,2.84,8.82,9.25,2466,5
2026-05-18 04:42:08,2.0,10.72,10.27,10.86,1545545,89725,5.8,0,0,0.0,1007,471,49,9.72,2.56,7.46,8.41,2441,3
2026-05-18 04:43:09,1.6,11.12,10.44,10.88,1545545,89738,5.8,0,0,0.0,1007,471,49,8.16,2.93,8.51,8.92,2453,3
2026-05-18 04:44:09,1.2,11.35,10.68,10.94,1545545,89807,5.8,0,0,0.0,1007,471,49,4.16,3.11,8.37,10.04,2455,2
2026-05-18 04:45:09,1.5,10.13,10.46,10.85,1545545,89815,5.8,0,0,0.0,1007,471,49,6.55,2.97,4.13,4.93,2456,4
2026-05-18 04:46:10,0.9,9.88,10.31,10.77,1545545,89764,5.8,0,0,0.0,1007,471,49,6.33,2.78,4.07,4.86,2470,1
2026-05-18 04:47:10,1.9,11.63,10.72,10.88,1545545,89776,5.8,0,0,0.0,1007,471,49,6.93,2.97,7.31,7.91,2476,9
2026-05-18 04:48:11,2.1,11.02,10.70,10.86,1545545,89778,5.8,0,0,0.0,1007,471,49,9.66,2.78,12.67,13.02,2462,6
2026-05-18 04:49:11,1.9,10.74,10.70,10.85,1545545,89785,5.8,0,0,0.0,1007,471,49,6.29,3.00,7.11,7.75,2466,5
2026-05-18 04:50:11,1.4,10.25,10.59,10.80,1545545,89792,5.8,0,0,0.0,1007,471,49,7.41,2.84,7.53,8.01,2446,1
2026-05-18 04:51:12,1.1,9.68,10.36,10.71,1545545,89782,5.8,0,0,0.0,1007,471,49,9.07,2.79,1.26,2.30,2441,4
2026-05-18 04:52:12,0.9,9.82,10.30,10.67,1545545,89777,5.8,0,0,0.0,1007,471,49,7.83,3.00,3.64,4.46,2455,6
2026-05-18 04:53:12,3.1,10.37,10.30,10.64,1545545,89823,5.8,0,0,0.0,1007,471,49,10.63,2.76,3.92,4.85,2447,11
2026-05-18 04:54:13,1.7,12.99,11.26,10.96,1545545,89819,5.8,0,0,0.0,1007,471,49,10.36,2.94,9.16,10.25,2451,2
2026-05-18 04:55:13,2.0,11.89,11.22,10.96,1545545,89741,5.8,0,0,0.0,1007,471,49,7.13,2.93,9.08,9.79,2472,6
2026-05-18 04:56:13,0.8,14.21,12.00,11.25,1545545,89700,5.8,0,0,0.0,1007,471,49,6.42,2.46,8.48,8.92,2467,2
2026-05-18 04:57:14,1.2,17.90,13.62,11.85,1545545,89845,5.8,0,0,0.0,1007,471,49,11.29,2.95,0.91,1.93,2468,6
2026-05-18 04:58:14,1.1,13.74,13.22,11.83,1545545,89863,5.8,0,0,0.0,1007,471,49,6.74,2.85,7.19,7.87,2484,2
2026-05-18 04:59:14,3.1,12.08,12.77,11.76,1545545,89895,5.8,0,0,0.0,1007,471,49,7.45,2.91,4.30,5.39,2484,6
2026-05-18 05:00:15,3.5,11.68,12.45,11.70,1545545,89863,5.8,0,0,0.0,1007,471,49,9.89,2.88,3.54,4.64,2476,3
2026-05-18 05:01:15,1.3,10.54,11.96,11.58,1545545,89767,5.8,0,0,0.0,1007,471,49,10.29,39.53,1.78,2.81,2480,5
2026-05-18 05:02:15,1.5,11.19,11.84,11.56,1545545,89769,5.8,0,0,0.0,1007,471,49,12.03,2.81,7.30,8.72,2489,2
2026-05-18 05:03:16,1.6,11.91,12.00,11.63,1545545,89876,5.8,0,0,0.0,1007,471,49,7.58,2.71,7.45,7.92,2480,3
2026-05-18 05:04:16,1.1,10.64,11.60,11.52,1545545,89850,5.8,0,0,0.0,1007,471,49,5.46,2.73,4.24,5.11,2448,4
2026-05-18 05:05:16,2.0,11.85,11.77,11.58,1545545,89852,5.8,0,0,0.0,1007,471,49,6.39,2.95,9.49,9.99,2456,6
2026-05-18 05:06:17,1.2,11.79,11.85,11.63,1545545,89827,5.8,0,0,0.0,1007,471,49,7.42,2.85,11.07,11.38,2456,4
2026-05-18 05:07:17,1.0,10.11,11.36,11.47,1545545,89787,5.8,0,0,0.0,1007,471,49,9.50,2.82,4.40,5.28,2445,1
2026-05-18 05:08:17,0.9,9.68,11.00,11.34,1545545,89807,5.8,0,0,0.0,1007,471,49,7.37,2.79,1.27,2.29,2449,3
2026-05-18 05:09:18,1.0,11.24,11.23,11.39,1545545,89893,5.8,0,0,0.0,1007,471,49,10.25,2.75,9.14,9.81,2465,2
2026-05-18 05:10:18,2.0,10.68,11.05,11.32,1545545,89856,5.8,0,0,0.0,1007,471,49,7.04,2.87,9.79,10.71,2454,6
2026-05-18 05:11:18,1.1,10.83,11.01,11.29,1545545,89839,5.8,0,0,0.0,1007,471,49,5.31,2.73,10.46,11.22,2450,4
2026-05-18 05:12:19,1.2,9.78,10.70,11.16,1545545,89788,5.8,0,0,0.0,1007,471,49,7.23,2.91,1.18,2.31,2452,3
2026-05-18 05:13:19,1.2,9.90,10.59,11.10,1545545,89798,5.8,0,0,0.0,1007,471,49,6.34,2.83,2.02,3.05,2449,4
2026-05-18 05:14:19,1.7,9.87,10.47,11.02,1545545,89814,5.8,0,0,0.0,1007,471,49,6.96,2.69,3.62,4.50,2454,4
2026-05-18 05:15:20,2.8,14.14,11.55,11.36,1545545,89885,5.8,0,0,0.0,1007,471,49,7.83,2.86,10.43,11.98,2455,12
2026-05-18 05:16:20,2.0,11.63,11.35,11.30,1545545,89748,5.8,0,0,0.0,1007,471,49,6.44,2.73,5.32,6.05,2456,1
2026-05-18 05:17:20,2.6,11.28,11.29,11.28,1545545,89731,5.8,0,0,0.0,1007,471,49,5.37,3.08,7.62,8.16,2455,4
2026-05-18 05:18:21,1.5,11.30,11.29,11.28,1545545,89788,5.8,0,0,0.0,1007,471,49,4.62,2.68,7.27,7.77,2464,5
2026-05-18 05:19:21,2.2,9.97,10.92,11.15,1545545,89808,5.8,0,0,0.0,1007,471,49,10.39,2.97,0.71,1.78,2473,3
2026-05-18 05:20:21,2.5,12.26,11.48,11.34,1545545,89810,5.8,0,0,0.0,1007,471,49,4.76,2.94,10.30,11.82,2474,3
2026-05-18 05:21:22,1.3,10.85,11.21,11.25,1545545,89794,5.8,0,0,0.0,1007,471,49,7.23,3.02,2.77,3.63,2467,1
2026-05-18 05:22:22,1.8,11.14,11.23,11.26,1545545,89819,5.8,0,0,0.0,1007,471,49,5.56,2.60,8.18,9.40,2464,2
2026-05-18 05:23:22,1.0,10.56,11.07,11.20,1545545,89816,5.8,0,0,0.0,1007,471,49,7.35,2.84,10.71,11.17,2455,3
2026-05-18 05:24:23,1.2,10.15,10.86,11.12,1545545,89686,5.8,0,0,0.0,1007,471,49,13.45,2.52,7.63,8.12,2450,5
2026-05-18 05:25:23,2.6,10.81,10.88,11.11,1545545,89662,5.8,0,0,0.0,1007,471,49,8.85,2.84,0.94,2.13,2452,6
2026-05-18 05:26:24,1.9,10.91,10.86,11.08,1545545,89807,5.8,0,0,0.0,1007,471,49,6.27,2.92,2.36,3.22,2473,4
2026-05-18 05:27:24,1.6,12.04,11.29,11.22,1545545,89792,5.8,0,0,0.0,1007,471,49,6.05,3.00,12.37,12.45,2475,3
2026-05-18 05:28:24,1.3,11.36,11.26,11.21,1545545,89815,5.8,0,0,0.0,1007,471,49,6.46,2.71,8.59,9.30,2478,3
2026-05-18 05:29:25,1.7,11.52,11.38,11.26,1545545,89880,5.8,0,0,0.0,1007,471,49,6.57,2.71,5.39,6.13,2474,9
2026-05-18 05:30:25,1.9,14.58,12.28,11.58,1545545,89853,5.8,0,0,0.0,1007,471,49,8.61,3.04,11.19,12.75,2473,5
2026-05-18 05:31:25,1.6,11.45,11.80,11.46,1545545,89686,5.8,0,0,0.0,1007,471,49,5.40,3.00,0.71,1.83,2461,3
2026-05-18 05:32:26,1.1,10.19,11.37,11.33,1545545,89791,5.8,0,0,0.0,1007,471,49,7.35,2.78,0.41,1.54,2454,1
2026-05-18 05:33:26,2.8,10.05,11.12,11.24,1545545,89850,5.8,0,0,0.0,1007,471,49,6.45,2.58,1.61,2.69,2453,3
2026-05-18 05:34:26,1.0,10.91,11.17,11.25,1545545,89839,5.8,0,0,0.0,1007,471,49,4.84,2.90,4.01,4.89,2448,3
2026-05-18 05:35:27,1.1,10.43,11.02,11.20,1545545,89818,5.8,0,0,0.0,1007,471,49,4.71,2.92,0.45,1.62,2444,2
2026-05-18 05:36:27,1.1,10.59,10.98,11.17,1545545,89831,5.8,0,0,0.0,1007,471,49,6.84,3.07,4.57,5.32,2444,2
2026-05-18 05:37:27,2.1,10.80,10.96,11.15,1545545,89825,5.8,0,0,0.0,1007,471,49,5.36,2.70,8.53,9.37,2456,3
2026-05-18 05:38:28,1.2,10.20,10.77,11.07,1545545,89846,5.8,0,0,0.0,1007,471,49,7.05,2.58,2.25,3.20,2454,1
2026-05-18 05:39:28,1.9,10.15,10.62,11.00,1545545,89892,5.8,0,0,0.0,1007,471,49,6.60,2.89,8.83,9.23,2460,5
2026-05-18 05:40:28,1.4,9.97,10.49,10.93,1545545,89856,5.8,0,0,0.0,1007,471,49,7.85,2.83,1.23,2.31,2460,1
2026-05-18 05:41:29,1.8,13.51,11.23,11.15,1545545,89870,5.8,0,0,0.0,1007,471,49,6.26,2.83,5.53,6.31,2463,3
2026-05-18 05:42:29,1.9,14.08,11.83,11.36,1545545,89837,5.8,0,0,0.0,1007,471,49,5.83,2.89,3.18,4.03,2452,6
2026-05-18 05:43:29,1.8,13.42,12.23,11.54,1545545,89832,5.8,0,0,0.0,1007,471,49,7.29,2.94,4.70,5.61,2455,5
2026-05-18 05:44:30,1.8,14.78,12.85,11.80,1545545,89831,5.8,0,0,0.0,1007,471,49,4.27,2.75,7.56,8.09,2462,3
2026-05-18 05:45:30,1.3,12.50,12.67,11.82,1545545,89856,5.8,0,0,0.0,1007,471,49,4.57,2.83,6.11,6.81,2466,1
2026-05-18 05:46:30,1.1,14.05,13.08,12.01,1545545,89846,5.8,0,0,0.0,1007,471,49,9.62,2.91,4.12,5.03,2462,4
2026-05-18 05:47:31,1.0,12.30,12.80,11.98,1545545,89844,5.8,0,0,0.0,1007,471,49,6.62,2.61,0.88,1.93,2462,3
2026-05-18 05:48:31,3.8,15.99,13.83,12.39,1545545,89904,5.8,0,0,0.0,1007,471,49,8.05,2.88,10.21,12.09,2458,8
2026-05-18 05:49:31,2.0,13.27,13.41,12.33,1545545,89918,5.8,0,0,0.0,1007,471,49,8.22,2.85,5.37,6.55,2460,2
2026-05-18 05:50:32,3.1,14.71,13.88,12.57,1545545,89895,5.8,0,0,0.0,1007,471,49,3.35,2.82,6.95,7.70,2461,5
2026-05-18 05:51:32,2.0,13.68,13.88,12.66,1545545,89884,5.8,0,0,0.0,1007,471,49,5.89,2.97,9.68,10.71,2465,5
2026-05-18 05:52:32,1.1,12.22,13.40,12.57,1545545,89887,5.8,0,0,0.0,1007,471,49,4.03,2.64,4.12,4.94,2469,2
2026-05-18 05:53:33,1.8,11.08,12.87,12.44,1545545,89940,5.8,0,0,0.0,1007,471,49,2.27,2.71,8.54,9.01,2473,3
2026-05-18 05:54:33,3.3,10.15,12.28,12.26,1545545,89941,5.8,0,0,0.0,1007,471,49,5.14,2.81,3.72,4.57,2473,4
2026-05-18 05:55:33,2.0,12.44,12.49,12.33,1545545,89931,5.8,0,0,0.0,1007,471,49,3.72,2.72,10.83,11.29,2462,6
2026-05-18 05:56:34,2.0,17.43,13.97,12.85,1545545,89930,5.8,0,0,0.0,1007,471,49,3.37,2.92,7.76,8.42,2469,13
2026-05-18 05:57:34,1.2,13.45,13.41,12.72,1545545,89894,5.8,0,0,0.0,1007,471,49,5.66,2.98,7.39,7.86,2461,3
2026-05-18 05:58:34,1.2,11.40,12.87,12.58,1545545,89924,5.8,0,0,0.0,1007,471,49,8.31,2.90,4.71,5.84,2455,7
2026-05-18 05:59:35,8.6,10.20,12.27,12.39,1545545,89933,5.8,0,0,0.0,1007,471,49,3.51,2.69,1.67,2.64,2442,18
2026-05-18 06:00:35,0.5,11.05,12.14,12.34,1545545,18583,1.2,0,0,0.0,1007,471,49,10.36,9.70,2.33,2.60,2335,1
2026-05-18 06:01:35,0.4,9.30,11.44,12.09,1545545,18410,1.2,0,0,0.0,1007,471,49,4.46,37.75,0.56,1.47,2317,1
2026-05-18 06:02:36,0.4,8.52,10.79,11.82,1545545,18262,1.2,0,0,0.0,1007,471,49,4.29,2.48,0.46,1.31,2315,1
2026-05-18 06:03:36,0.7,8.38,10.33,11.59,1545545,18268,1.2,0,0,0.0,1007,471,49,6.68,2.44,0.44,1.33,2314,1
2026-05-18 06:04:36,0.5,8.18,9.92,11.37,1545545,18276,1.2,0,0,0.0,1007,471,49,5.90,2.49,0.48,1.32,2316,1
2026-05-18 06:05:37,0.4,8.24,9.62,11.18,1545545,18248,1.2,0,0,0.0,1007,471,49,4.16,2.46,0.38,1.32,2243,2
2026-05-18 06:06:37,0.4,8.59,9.45,11.02,1545545,18243,1.2,0,0,0.0,1007,471,49,6.65,2.50,0.51,1.47,2259,1
2026-05-18 06:07:37,0.4,9.12,9.45,10.92,1545545,18250,1.2,0,0,0.0,1007,471,49,8.68,2.47,0.47,1.32,2261,1
2026-05-18 06:08:38,0.4,9.90,9.67,10.90,1545545,18268,1.2,0,0,0.0,1007,471,49,7.90,2.30,0.45,1.32,2269,1
2026-05-18 06:09:38,0.4,8.97,9.45,10.75,1545545,18265,1.2,0,0,0.0,1007,471,49,8.46,2.54,0.44,1.32,2273,1
2026-05-18 06:10:38,0.4,8.61,9.27,10.61,1545545,18255,1.2,0,0,0.0,1007,471,49,4.09,2.54,0.45,1.34,2281,1
2026-05-18 06:11:39,1.9,8.49,9.14,10.48,1545545,18399,1.2,0,0,0.0,1007,471,49,4.89,5.18,0.85,3.71,2291,3
2026-05-18 06:12:39,0.4,8.28,8.96,10.33,1545545,18421,1.2,0,0,0.0,1007,471,49,6.91,2.64,0.49,1.69,2287,1
2026-05-18 06:13:39,0.6,8.17,8.80,10.18,1545545,18444,1.2,0,0,0.0,1007,471,49,5.77,2.34,0.40,1.34,2281,2
2026-05-18 06:14:40,0.8,8.06,8.65,10.05,1545545,18450,1.2,0,0,0.0,1007,471,49,6.97,2.62,0.43,1.32,2278,1
2026-05-18 06:15:40,0.4,8.02,8.53,9.91,1545545,18432,1.2,0,0,0.0,1007,471,49,7.90,2.48,0.46,1.33,2272,1
2026-05-18 06:16:40,0.4,8.01,8.43,9.79,1545545,18419,1.2,0,0,0.0,1007,471,49,8.15,2.80,0.51,1.52,2271,1
2026-05-18 06:17:41,0.4,8.09,8.38,9.69,1545545,18414,1.2,0,0,0.0,1007,471,49,3.05,2.41,0.48,1.43,2288,1
2026-05-18 06:18:41,0.4,8.10,8.32,9.58,1545545,18426,1.2,0,0,0.0,1007,471,49,4.37,2.49,0.45,1.34,2288,3
2026-05-18 06:19:41,0.8,8.30,8.34,9.51,1545545,18443,1.2,0,0,0.0,1007,471,49,3.72,2.57,0.43,1.34,2295,1
2026-05-18 06:20:42,0.4,8.20,8.31,9.42,1545545,18432,1.2,0,0,0.0,1007,471,49,3.24,2.41,0.42,1.33,2299,1
2026-05-18 06:21:42,0.4,8.17,8.27,9.33,1545545,18444,1.2,0,0,0.0,1007,471,49,4.48,2.69,0.55,1.48,2288,1
2026-05-18 06:22:42,0.4,8.29,8.31,9.28,1545545,18445,1.2,0,0,0.0,1007,471,49,2.19,2.49,0.47,1.33,2281,1
2026-05-18 06:23:42,0.4,8.22,8.29,9.21,1545545,18458,1.2,0,0,0.0,1007,471,49,2.78,2.30,0.40,1.33,2286,2
2026-05-18 06:24:43,0.4,8.12,8.25,9.14,1545545,18452,1.2,0,0,0.0,1007,471,49,3.22,2.38,0.43,1.32,2287,1
2026-05-18 06:25:43,0.5,8.04,8.20,9.06,1545545,18429,1.2,0,0,0.0,1007,471,49,3.26,2.42,0.43,1.35,2286,1
2026-05-18 06:26:43,0.4,8.26,8.26,9.03,1545545,18426,1.2,0,0,0.0,1007,471,49,4.48,2.74,0.54,1.40,2279,1
2026-05-18 06:27:44,0.5,8.42,8.32,9.00,1545545,18436,1.2,0,0,0.0,1007,471,49,3.37,2.53,0.55,1.39,2284,1
2026-05-18 06:28:44,0.5,8.19,8.27,8.94,1545545,18623,1.2,0,0,0.0,1007,471,49,2.84,5.73,0.94,4.97,2291,1
2026-05-18 06:29:44,0.4,8.32,8.30,8.91,1545545,18651,1.2,0,0,0.0,1007,471,49,3.46,2.84,0.60,3.70,2276,2
2026-05-18 06:30:45,0.4,8.27,8.29,8.87,1545545,18637,1.2,0,0,0.0,1007,471,49,3.56,2.86,0.48,1.37,2282,1
2026-05-18 06:31:45,0.5,8.17,8.26,8.82,1545545,18625,1.2,0,0,0.0,1007,471,49,2.93,2.55,0.47,1.49,2281,1
2026-05-18 06:32:45,0.5,8.24,8.26,8.78,1545545,18623,1.2,0,0,0.0,1007,471,49,4.04,2.54,0.56,1.41,2282,1
2026-05-18 06:33:46,0.4,8.08,8.21,8.73,1545545,18632,1.2,0,0,0.0,1007,471,49,5.87,2.54,0.57,1.56,2283,1
2026-05-18 06:34:46,0.9,8.21,8.22,8.70,1545545,18646,1.2,0,0,0.0,1007,471,49,4.00,2.54,0.41,1.33,2289,1
2026-05-18 06:35:46,0.4,8.08,8.17,8.65,1545545,18628,1.2,0,0,0.0,1007,471,49,5.49,2.38,0.44,1.37,2290,1
2026-05-18 06:36:47,0.4,8.27,8.22,8.63,1545545,18625,1.2,0,0,0.0,1007,471,49,9.54,2.67,0.48,1.41,2285,1
2026-05-18 06:37:47,0.4,8.20,8.20,8.60,1545545,18622,1.2,0,0,0.0,1007,471,49,7.67,2.61,0.53,1.42,2283,1
2026-05-18 06:38:47,1.2,8.07,8.16,8.56,1545545,18646,1.2,0,0,0.0,1007,471,49,6.27,2.10,0.57,1.39,2276,1
